check,status,detail,source,observed_at
dns,pass,Public DNS resolved,,2026-09-09T00:06:15.679353+05:30
domain_registration,error,Domain is absent from RDAP,,2026-09-09T00:06:15.679375+05:30
tls,pass,TLS certificate valid,,2026-09-09T00:06:15.851763+05:30
http,pass,Probe 1: HTTP 200 at https://labourmin.gov.lk/,https://www.labourmin.gov.lk/,2026-09-09T00:06:42.711426+05:30
http,pass,Probe 2: HTTP 200 at https://labourmin.gov.lk/,http://www.labourmin.gov.lk/,2026-09-09T00:06:42.711454+05:30
http,pass,Probe 3: HTTP 200 at https://labourmin.gov.lk/,https://www.labourmin.gov.lk/,2026-09-09T00:06:42.711458+05:30
http,pass,Probe 4: HTTP 200 at https://labourmin.gov.lk/,http://www.labourmin.gov.lk/,2026-09-09T00:06:42.711460+05:30
http,pass,Probe 5: HTTP 200 at https://labourmin.gov.lk/divisions/,https://labourmin.gov.lk/divisions/,2026-09-09T00:06:42.711463+05:30
http,pass,Probe 6: HTTP 200 at https://labourmin.gov.lk/contact/,https://labourmin.gov.lk/contact/,2026-09-09T00:06:42.711465+05:30
http,pass,Probe 7: HTTP 200 at https://labourmin.gov.lk/office-of-the-commissioner-for-workmens-compensation/,https://labourmin.gov.lk/office-of-the-commissioner-for-workmens-compensation/,2026-09-09T00:06:42.711468+05:30
http,pass,Probe 8: HTTP 200 at https://labourmin.gov.lk/ministry-information/,https://labourmin.gov.lk/ministry-information/,2026-09-09T00:06:42.711470+05:30
http,pass,Probe 9: HTTP 200 at https://labourmin.gov.lk/officials/,https://labourmin.gov.lk/officials/,2026-09-09T00:06:42.711473+05:30
http,pass,Probe 10: HTTP 200 at https://labourmin.gov.lk/organizational-chart/,https://labourmin.gov.lk/organizational-chart/,2026-09-09T00:06:42.711475+05:30
http,pass,Probe 11: HTTP 200 at https://labourmin.gov.lk/institutions/,https://labourmin.gov.lk/institutions/,2026-09-09T00:06:42.711478+05:30
http,pass,Probe 12: HTTP 200 at https://labourmin.gov.lk/wp-content/uploads/2025/11/%E0%B6%B4%E0%B7%94%E0%B6%BB%E0%B7%80%E0%B7%90%E0%B7%83%E0%B7%92-%E0%B7%83%E0%B7%9A%E0%B7%80%E0%B7%8F%E0%B6%BD%E0%B6%B7%E0%B7%93-%E0%B6%B4%E0%B7%8A_%E0%B6%BB%E0%B6%A5%E0%B6%B4%E0%B7%8A%E0%B6%AD%E0%B7%92%E0%B6%BA-%E0%B6%B6%E0%B7%8F%E0%B7%84%E0%B7%92%E0%B6%BB-%E0%B7%83%E0%B7%9A%E0%B7%80%E0%B7%8F%E0%B6%BD%E0%B7%8F%E0%B6%B7%E0%B7%93%E0%B6%B1%E0%B7%8A.pdf,https://labourmin.gov.lk/wp-content/uploads/2025/11/පුරවැසි-සේවාලභී-ප්_රඥප්තිය-බාහිර-සේවාලාභීන්.pdf,2026-09-09T00:06:42.711481+05:30
http,pass,Probe 13: HTTP 200 at https://labourmin.gov.lk/policy/,https://labourmin.gov.lk/policy/,2026-09-09T00:06:42.711483+05:30
http,pass,Probe 14: HTTP 200 at https://labourmin.gov.lk/acts/,https://labourmin.gov.lk/acts/,2026-09-09T00:06:42.711486+05:30
phone,pass,Published phone: 0912866999,https://labourmin.gov.lk/,
phone,pass,Published phone: +94) 11 2581991 ( ,https://labourmin.gov.lk/,
phone,pass,Published phone: +94) 11 2368165 ,https://labourmin.gov.lk/,
phone,pass,Published phone: 0000000000,https://labourmin.gov.lk/,
phone,pass,Published phone: 0539140313,https://labourmin.gov.lk/,
phone,pass,Published phone: 0954586231,https://labourmin.gov.lk/,
phone,pass,Published phone: 0212707519,https://labourmin.gov.lk/,
phone,pass,Published phone: 0904559600,https://labourmin.gov.lk/,
phone,pass,Published phone: 0852956771,https://labourmin.gov.lk/,
phone,pass,Published phone: 0.104370117,https://labourmin.gov.lk/,
phone,pass,Published phone: 0000008180,https://labourmin.gov.lk/,
email,pass,Published email: info@labourmin.gov.lk,https://labourmin.gov.lk/,
postal_address,pass,"Published postal address: Symposium NLAC Contact us 6th floor,Mehewara Piyasa, Narahenpita, Colombo 05, Sri Lanka",https://labourmin.gov.lk/,
named_responsibility,pass,Published named responsibility: division,https://labourmin.gov.lk/,
legal_basis,pass,Published legal basis: gazette,https://labourmin.gov.lk/,
downloadable_form,pass,Published downloadable form: https://labourmin.gov.lk/wp-content/uploads/2026/06/web_notice_17.06.2026.pdf,https://labourmin.gov.lk/,
phone,pass,Published phone: 0912866999,https://labourmin.gov.lk/,
phone,pass,Published phone: +94) 11 2581991 ( ,https://labourmin.gov.lk/,
phone,pass,Published phone: +94) 11 2368165 ,https://labourmin.gov.lk/,
phone,pass,Published phone: 0000000000,https://labourmin.gov.lk/,
phone,pass,Published phone: 0539140313,https://labourmin.gov.lk/,
phone,pass,Published phone: 0954586231,https://labourmin.gov.lk/,
phone,pass,Published phone: 0212707519,https://labourmin.gov.lk/,
phone,pass,Published phone: 0904559600,https://labourmin.gov.lk/,
phone,pass,Published phone: 0852956771,https://labourmin.gov.lk/,
phone,pass,Published phone: 0.104370117,https://labourmin.gov.lk/,
phone,pass,Published phone: 0000008180,https://labourmin.gov.lk/,
email,pass,Published email: info@labourmin.gov.lk,https://labourmin.gov.lk/,
postal_address,pass,"Published postal address: Symposium NLAC Contact us 6th floor,Mehewara Piyasa, Narahenpita, Colombo 05, Sri Lanka",https://labourmin.gov.lk/,
named_responsibility,pass,Published named responsibility: division,https://labourmin.gov.lk/,
legal_basis,pass,Published legal basis: gazette,https://labourmin.gov.lk/,
downloadable_form,pass,Published downloadable form: https://labourmin.gov.lk/wp-content/uploads/2026/06/web_notice_17.06.2026.pdf,https://labourmin.gov.lk/,
phone,pass,Published phone: 0912866999,https://labourmin.gov.lk/,
phone,pass,Published phone: +94) 11 2581991 ( ,https://labourmin.gov.lk/,
phone,pass,Published phone: +94) 11 2368165 ,https://labourmin.gov.lk/,
phone,pass,Published phone: 0000000000,https://labourmin.gov.lk/,
phone,pass,Published phone: 0539140313,https://labourmin.gov.lk/,
phone,pass,Published phone: 0954586231,https://labourmin.gov.lk/,
phone,pass,Published phone: 0212707519,https://labourmin.gov.lk/,
phone,pass,Published phone: 0904559600,https://labourmin.gov.lk/,
phone,pass,Published phone: 0852956771,https://labourmin.gov.lk/,
phone,pass,Published phone: 0.104370117,https://labourmin.gov.lk/,
phone,pass,Published phone: 0000008180,https://labourmin.gov.lk/,
email,pass,Published email: info@labourmin.gov.lk,https://labourmin.gov.lk/,
postal_address,pass,"Published postal address: Symposium NLAC Contact us 6th floor,Mehewara Piyasa, Narahenpita, Colombo 05, Sri Lanka",https://labourmin.gov.lk/,
named_responsibility,pass,Published named responsibility: division,https://labourmin.gov.lk/,
legal_basis,pass,Published legal basis: gazette,https://labourmin.gov.lk/,
downloadable_form,pass,Published downloadable form: https://labourmin.gov.lk/wp-content/uploads/2026/06/web_notice_17.06.2026.pdf,https://labourmin.gov.lk/,
phone,pass,Published phone: 0912866999,https://labourmin.gov.lk/,
phone,pass,Published phone: +94) 11 2581991 ( ,https://labourmin.gov.lk/,
phone,pass,Published phone: +94) 11 2368165 ,https://labourmin.gov.lk/,
phone,pass,Published phone: 0000000000,https://labourmin.gov.lk/,
phone,pass,Published phone: 0539140313,https://labourmin.gov.lk/,
phone,pass,Published phone: 0954586231,https://labourmin.gov.lk/,
phone,pass,Published phone: 0212707519,https://labourmin.gov.lk/,
phone,pass,Published phone: 0904559600,https://labourmin.gov.lk/,
phone,pass,Published phone: 0852956771,https://labourmin.gov.lk/,
phone,pass,Published phone: 0.104370117,https://labourmin.gov.lk/,
phone,pass,Published phone: 0000008180,https://labourmin.gov.lk/,
email,pass,Published email: info@labourmin.gov.lk,https://labourmin.gov.lk/,
postal_address,pass,"Published postal address: Symposium NLAC Contact us 6th floor,Mehewara Piyasa, Narahenpita, Colombo 05, Sri Lanka",https://labourmin.gov.lk/,
named_responsibility,pass,Published named responsibility: division,https://labourmin.gov.lk/,
legal_basis,pass,Published legal basis: gazette,https://labourmin.gov.lk/,
downloadable_form,pass,Published downloadable form: https://labourmin.gov.lk/wp-content/uploads/2026/06/web_notice_17.06.2026.pdf,https://labourmin.gov.lk/,
phone,pass,Published phone: +94 (0)112 36816,https://labourmin.gov.lk/divisions/,
phone,pass,Published phone: +94) 11 2581991 ( ,https://labourmin.gov.lk/divisions/,
phone,pass,Published phone: +94 (0)112 36893,https://labourmin.gov.lk/divisions/,
phone,pass,Published phone: +94 11-2586337 ,https://labourmin.gov.lk/divisions/,
phone,pass,Published phone: +94 (0)112 58926,https://labourmin.gov.lk/divisions/,
phone,pass,Published phone: +94 11-2369422 ,https://labourmin.gov.lk/divisions/,
phone,pass,Published phone: +94) 11 2368165 ,https://labourmin.gov.lk/divisions/,
phone,pass,Published phone: +94 (0)112 58633,https://labourmin.gov.lk/divisions/,
phone,pass,Published phone: 0000000000,https://labourmin.gov.lk/divisions/,
phone,pass,Published phone: 0539140313,https://labourmin.gov.lk/divisions/,
phone,pass,Published phone: 0954586231,https://labourmin.gov.lk/divisions/,
phone,pass,Published phone: 0212707519,https://labourmin.gov.lk/divisions/,
phone,pass,Published phone: +94 11 2505161 ,https://labourmin.gov.lk/divisions/,
phone,pass,Published phone: +94(0)11258926,https://labourmin.gov.lk/divisions/,
phone,pass,Published phone: 0000008180,https://labourmin.gov.lk/divisions/,
email,pass,Published email: ca@labourmin.gov.lk,https://labourmin.gov.lk/divisions/,
email,pass,Published email: adsec.admin@labourmin.gov.lk,https://labourmin.gov.lk/divisions/,
email,pass,Published email: adsec.dev@labourmin.gov.lk,https://labourmin.gov.lk/divisions/,
email,pass,Published email: info@labourmin.gov.lk,https://labourmin.gov.lk/divisions/,
postal_address,pass,"Published postal address: Symposium NLAC Contact us 6th floor,Mehewara Piyasa, Narahenpita, Colombo 05, Sri Lanka",https://labourmin.gov.lk/divisions/,
named_responsibility,pass,Published named responsibility: director,https://labourmin.gov.lk/divisions/,
legal_basis,pass,Published legal basis: regulations,https://labourmin.gov.lk/divisions/,
fees_and_payment,pass,"Published fees and payment: rs,",https://labourmin.gov.lk/divisions/,
phone,pass,Published phone: +94 (0)112 58926,https://labourmin.gov.lk/contact/,
phone,pass,Published phone: +94 (0)112 36813,https://labourmin.gov.lk/contact/,
phone,pass,Published phone: 0000000000,https://labourmin.gov.lk/contact/,
phone,pass,Published phone: 0212707519,https://labourmin.gov.lk/contact/,
phone,pass,Published phone: 0112368526 ,https://labourmin.gov.lk/contact/,
phone,pass,Published phone: 0112369340 ,https://labourmin.gov.lk/contact/,
phone,pass,Published phone: +94 (0)112 58293,https://labourmin.gov.lk/contact/,
phone,pass,Published phone: +94 (0)112 36893,https://labourmin.gov.lk/contact/,
phone,pass,Published phone: +94 (0) 1125 8217,https://labourmin.gov.lk/contact/,
phone,pass,Published phone: +94) 11 2368165 ,https://labourmin.gov.lk/contact/,
phone,pass,Published phone: +94 (0)112 58633,https://labourmin.gov.lk/contact/,
phone,pass,Published phone: 0112368175 ,https://labourmin.gov.lk/contact/,
phone,pass,Published phone: +94 (0)112 36820,https://labourmin.gov.lk/contact/,
phone,pass,Published phone: +94 (0)112 36860,https://labourmin.gov.lk/contact/,
phone,pass,Published phone: +94 (0)112 36942,https://labourmin.gov.lk/contact/,
phone,pass,Published phone: +94) 11 2581991 ( ,https://labourmin.gov.lk/contact/,
phone,pass,Published phone: +94 (0) 112 36826,https://labourmin.gov.lk/contact/,
phone,pass,Published phone: +94 (0)112 50516,https://labourmin.gov.lk/contact/,
phone,pass,Published phone: +94 (0)112 36830,https://labourmin.gov.lk/contact/,
phone,pass,Published phone: +94 (0)112 36859,https://labourmin.gov.lk/contact/,
phone,pass,Published phone: +94 (0)112 36816,https://labourmin.gov.lk/contact/,
phone,pass,Published phone: 0000008180,https://labourmin.gov.lk/contact/,
phone,pass,Published phone: +94 (0)112 50447,https://labourmin.gov.lk/contact/,
phone,pass,Published phone: +94 (0)11 250280,https://labourmin.gov.lk/contact/,
phone,pass,Published phone: 0539140313,https://labourmin.gov.lk/contact/,
phone,pass,Published phone: 0954586231,https://labourmin.gov.lk/contact/,
phone,pass,Published phone: +94 (0)112 58204,https://labourmin.gov.lk/contact/,
email,pass,Published email: slmol@slt.lk,https://labourmin.gov.lk/contact/,
email,pass,Published email: as.est@labourmin.gov.lk,https://labourmin.gov.lk/contact/,
email,pass,Published email: dir.dev@labourmin.gov.lk,https://labourmin.gov.lk/contact/,
email,pass,Published email: cia@labourmin.gov.lk,https://labourmin.gov.lk/contact/,
email,pass,Published email: ca@labourmin.gov.lk,https://labourmin.gov.lk/contact/,
email,pass,Published email: adsec.admin@labourmin.gov.lk,https://labourmin.gov.lk/contact/,
email,pass,Published email: sas.fr@labourmin.gov.lk,https://labourmin.gov.lk/contact/,
email,pass,Published email: as.fr@labourmin.gov.lk,https://labourmin.gov.lk/contact/,
email,pass,Published email: majayasinghe@gmail.com,https://labourmin.gov.lk/contact/,
email,pass,Published email: anil@sjp.ac.lk,https://labourmin.gov.lk/contact/,
email,pass,Published email: sas.admin@labourmin.gov.lk,https://labourmin.gov.lk/contact/,
email,pass,Published email: info@labourmin.gov.lk,https://labourmin.gov.lk/contact/,
email,pass,Published email: labourminlegal@gmail.com,https://labourmin.gov.lk/contact/,
email,pass,Published email: adsec.dev@labourmin.gov.lk,https://labourmin.gov.lk/contact/,
postal_address,pass,"Published postal address: for future reference. 6th floor, Mehewara Piyesa, Narahenpita, Colombo 05, Sri Lanka",https://labourmin.gov.lk/contact/,
named_responsibility,pass,Published named responsibility: director,https://labourmin.gov.lk/contact/,
legal_basis,pass,Published legal basis: gazette,https://labourmin.gov.lk/contact/,
phone,pass,Published phone: +94) 11 2581991 ( ,https://labourmin.gov.lk/office-of-the-commissioner-for-workmens-compensation/,
phone,pass,Published phone: +94) 11 2368165 ,https://labourmin.gov.lk/office-of-the-commissioner-for-workmens-compensation/,
phone,pass,Published phone: 0000000000,https://labourmin.gov.lk/office-of-the-commissioner-for-workmens-compensation/,
phone,pass,Published phone: 0539140313,https://labourmin.gov.lk/office-of-the-commissioner-for-workmens-compensation/,
phone,pass,Published phone: 0954586231,https://labourmin.gov.lk/office-of-the-commissioner-for-workmens-compensation/,
phone,pass,Published phone: 0212707519,https://labourmin.gov.lk/office-of-the-commissioner-for-workmens-compensation/,
phone,pass,Published phone: 0000008180,https://labourmin.gov.lk/office-of-the-commissioner-for-workmens-compensation/,
email,pass,Published email: info@labourmin.gov.lk,https://labourmin.gov.lk/office-of-the-commissioner-for-workmens-compensation/,
postal_address,pass,"Published postal address: Symposium NLAC Contact us 6th floor,Mehewara Piyasa, Narahenpita, Colombo 05, Sri Lanka",https://labourmin.gov.lk/office-of-the-commissioner-for-workmens-compensation/,
named_responsibility,pass,Published named responsibility: division,https://labourmin.gov.lk/office-of-the-commissioner-for-workmens-compensation/,
legal_basis,pass,Published legal basis: gazette,https://labourmin.gov.lk/office-of-the-commissioner-for-workmens-compensation/,
phone,pass,Published phone: +94) 11 2581991 ( ,https://labourmin.gov.lk/ministry-information/,
phone,pass,Published phone: +94) 11 2368165 ,https://labourmin.gov.lk/ministry-information/,
phone,pass,Published phone: 0000000000,https://labourmin.gov.lk/ministry-information/,
phone,pass,Published phone: 0539140313,https://labourmin.gov.lk/ministry-information/,
phone,pass,Published phone: 0954586231,https://labourmin.gov.lk/ministry-information/,
phone,pass,Published phone: 0212707519,https://labourmin.gov.lk/ministry-information/,
phone,pass,Published phone: 0000008180,https://labourmin.gov.lk/ministry-information/,
email,pass,Published email: info@labourmin.gov.lk,https://labourmin.gov.lk/ministry-information/,
postal_address,pass,"Published postal address: Symposium NLAC Contact us 6th floor,Mehewara Piyasa, Narahenpita, Colombo 05, Sri Lanka",https://labourmin.gov.lk/ministry-information/,
named_responsibility,pass,Published named responsibility: division,https://labourmin.gov.lk/ministry-information/,
legal_basis,pass,Published legal basis: regulations,https://labourmin.gov.lk/ministry-information/,
fees_and_payment,pass,"Published fees and payment: rs,",https://labourmin.gov.lk/ministry-information/,
published_update_date,pass,Published published update date: 31 Dec 2099,https://labourmin.gov.lk/ministry-information/,
phone,pass,Published phone: +94 (0)112 58926,https://labourmin.gov.lk/officials/,
phone,pass,Published phone: +94 (0)112 36813,https://labourmin.gov.lk/officials/,
phone,pass,Published phone: 0000000000,https://labourmin.gov.lk/officials/,
phone,pass,Published phone: 0212707519,https://labourmin.gov.lk/officials/,
phone,pass,Published phone: 0112368526 ,https://labourmin.gov.lk/officials/,
phone,pass,Published phone: 0112369340 ,https://labourmin.gov.lk/officials/,
phone,pass,Published phone: +94 (0)112 58293,https://labourmin.gov.lk/officials/,
phone,pass,Published phone: +94 (0)112 36893,https://labourmin.gov.lk/officials/,
phone,pass,Published phone: +94 (0) 1125 8217,https://labourmin.gov.lk/officials/,
phone,pass,Published phone: +94) 11 2368165 ,https://labourmin.gov.lk/officials/,
phone,pass,Published phone: +94 (0)112 58633,https://labourmin.gov.lk/officials/,
phone,pass,Published phone: 0112368175 ,https://labourmin.gov.lk/officials/,
phone,pass,Published phone: +94 (0)112 36820,https://labourmin.gov.lk/officials/,
phone,pass,Published phone: +94 (0)112 36860,https://labourmin.gov.lk/officials/,
phone,pass,Published phone: +94 (0)112 36942,https://labourmin.gov.lk/officials/,
phone,pass,Published phone: +94) 11 2581991 ( ,https://labourmin.gov.lk/officials/,
phone,pass,Published phone: +94 (0) 112 36826,https://labourmin.gov.lk/officials/,
phone,pass,Published phone: +94 (0)112 50516,https://labourmin.gov.lk/officials/,
phone,pass,Published phone: +94 (0)112 36830,https://labourmin.gov.lk/officials/,
phone,pass,Published phone: +94 (0)112 36859,https://labourmin.gov.lk/officials/,
phone,pass,Published phone: +94 (0)112 36816,https://labourmin.gov.lk/officials/,
phone,pass,Published phone: 0000008180,https://labourmin.gov.lk/officials/,
phone,pass,Published phone: +94 (0)112 50447,https://labourmin.gov.lk/officials/,
phone,pass,Published phone: +94 (0)11 250280,https://labourmin.gov.lk/officials/,
phone,pass,Published phone: 0539140313,https://labourmin.gov.lk/officials/,
phone,pass,Published phone: 0954586231,https://labourmin.gov.lk/officials/,
phone,pass,Published phone: +94 (0)112 58204,https://labourmin.gov.lk/officials/,
email,pass,Published email: slmol@slt.lk,https://labourmin.gov.lk/officials/,
email,pass,Published email: as.est@labourmin.gov.lk,https://labourmin.gov.lk/officials/,
email,pass,Published email: dir.dev@labourmin.gov.lk,https://labourmin.gov.lk/officials/,
email,pass,Published email: cia@labourmin.gov.lk,https://labourmin.gov.lk/officials/,
email,pass,Published email: ca@labourmin.gov.lk,https://labourmin.gov.lk/officials/,
email,pass,Published email: adsec.admin@labourmin.gov.lk,https://labourmin.gov.lk/officials/,
email,pass,Published email: sas.fr@labourmin.gov.lk,https://labourmin.gov.lk/officials/,
email,pass,Published email: minister@labourmin.gov.lk,https://labourmin.gov.lk/officials/,
email,pass,Published email: as.fr@labourmin.gov.lk,https://labourmin.gov.lk/officials/,
email,pass,Published email: sas.admin@labourmin.gov.lk,https://labourmin.gov.lk/officials/,
email,pass,Published email: deputyminister@labourmin.gov.lk,https://labourmin.gov.lk/officials/,
email,pass,Published email: labourminlegal@gmail.com,https://labourmin.gov.lk/officials/,
email,pass,Published email: info@labourmin.gov.lk,https://labourmin.gov.lk/officials/,
email,pass,Published email: adsec.dev@labourmin.gov.lk,https://labourmin.gov.lk/officials/,
postal_address,pass,"Published postal address: Symposium NLAC Contact us 6th floor,Mehewara Piyasa, Narahenpita, Colombo 05, Sri Lanka",https://labourmin.gov.lk/officials/,
named_responsibility,pass,Published named responsibility: director,https://labourmin.gov.lk/officials/,
legal_basis,pass,Published legal basis: gazette,https://labourmin.gov.lk/officials/,
phone,pass,Published phone: +94) 11 2581991 ( ,https://labourmin.gov.lk/organizational-chart/,
phone,pass,Published phone: +94) 11 2368165 ,https://labourmin.gov.lk/organizational-chart/,
phone,pass,Published phone: 0000000000,https://labourmin.gov.lk/organizational-chart/,
phone,pass,Published phone: 0539140313,https://labourmin.gov.lk/organizational-chart/,
phone,pass,Published phone: 0954586231,https://labourmin.gov.lk/organizational-chart/,
phone,pass,Published phone: 0212707519,https://labourmin.gov.lk/organizational-chart/,
phone,pass,Published phone: 0000008180,https://labourmin.gov.lk/organizational-chart/,
email,pass,Published email: info@labourmin.gov.lk,https://labourmin.gov.lk/organizational-chart/,
postal_address,pass,"Published postal address: Symposium NLAC Contact us 6th floor,Mehewara Piyasa, Narahenpita, Colombo 05, Sri Lanka",https://labourmin.gov.lk/organizational-chart/,
named_responsibility,pass,Published named responsibility: division,https://labourmin.gov.lk/organizational-chart/,
legal_basis,pass,Published legal basis: gazette,https://labourmin.gov.lk/organizational-chart/,
phone,pass,Published phone: +94) 11 2581991 ( ,https://labourmin.gov.lk/institutions/,
phone,pass,Published phone: 0112786551 ,https://labourmin.gov.lk/institutions/,
phone,pass,Published phone: 0112786541 ,https://labourmin.gov.lk/institutions/,
phone,pass,Published phone: 011-2055267 ,https://labourmin.gov.lk/institutions/,
phone,pass,Published phone: +94 112 588 936 ,https://labourmin.gov.lk/institutions/,
phone,pass,Published phone: +94 112 588 937 ,https://labourmin.gov.lk/institutions/,
phone,pass,Published phone: +94) 11 2368165 ,https://labourmin.gov.lk/institutions/,
phone,pass,Published phone: 0000000000,https://labourmin.gov.lk/institutions/,
phone,pass,Published phone: 0539140313,https://labourmin.gov.lk/institutions/,
phone,pass,Published phone: 0954586231,https://labourmin.gov.lk/institutions/,
phone,pass,Published phone: 011-2599662 ,https://labourmin.gov.lk/institutions/,
phone,pass,Published phone: 0212707519,https://labourmin.gov.lk/institutions/,
phone,pass,Published phone: +94113094117 ,https://labourmin.gov.lk/institutions/,
phone,pass,Published phone: 0000008180,https://labourmin.gov.lk/institutions/,
email,pass,Published email: info@labourmin.gov.lk,https://labourmin.gov.lk/institutions/,
email,pass,Published email: info@nils.lk,https://labourmin.gov.lk/institutions/,
postal_address,pass,"Published postal address: – Second Floor, Labour Secretariat, Narahenpita, Colombo 05 For more Information – National Institute of Labour Studies ",https://labourmin.gov.lk/institutions/,
named_responsibility,pass,Published named responsibility: director,https://labourmin.gov.lk/institutions/,
legal_basis,pass,Published legal basis: gazette,https://labourmin.gov.lk/institutions/,
fees_and_payment,pass,"Published fees and payment: rs,",https://labourmin.gov.lk/institutions/,
phone,pass,Published phone: 0000000066 ,https://labourmin.gov.lk/wp-content/uploads/2025/11/%E0%B6%B4%E0%B7%94%E0%B6%BB%E0%B7%80%E0%B7%90%E0%B7%83%E0%B7%92-%E0%B7%83%E0%B7%9A%E0%B7%80%E0%B7%8F%E0%B6%BD%E0%B6%B7%E0%B7%93-%E0%B6%B4%E0%B7%8A_%E0%B6%BB%E0%B6%A5%E0%B6%B4%E0%B7%8A%E0%B6%AD%E0%B7%92%E0%B6%BA-%E0%B6%B6%E0%B7%8F%E0%B7%84%E0%B7%92%E0%B6%BB-%E0%B7%83%E0%B7%9A%E0%B7%80%E0%B7%8F%E0%B6%BD%E0%B7%8F%E0%B6%B7%E0%B7%93%E0%B6%B1%E0%B7%8A.pdf,
phone,pass,Published phone: 0000000101 ,https://labourmin.gov.lk/wp-content/uploads/2025/11/%E0%B6%B4%E0%B7%94%E0%B6%BB%E0%B7%80%E0%B7%90%E0%B7%83%E0%B7%92-%E0%B7%83%E0%B7%9A%E0%B7%80%E0%B7%8F%E0%B6%BD%E0%B6%B7%E0%B7%93-%E0%B6%B4%E0%B7%8A_%E0%B6%BB%E0%B6%A5%E0%B6%B4%E0%B7%8A%E0%B6%AD%E0%B7%92%E0%B6%BA-%E0%B6%B6%E0%B7%8F%E0%B7%84%E0%B7%92%E0%B6%BB-%E0%B7%83%E0%B7%9A%E0%B7%80%E0%B7%8F%E0%B6%BD%E0%B7%8F%E0%B6%B7%E0%B7%93%E0%B6%B1%E0%B7%8A.pdf,
phone,pass,Published phone: 0000000183 ,https://labourmin.gov.lk/wp-content/uploads/2025/11/%E0%B6%B4%E0%B7%94%E0%B6%BB%E0%B7%80%E0%B7%90%E0%B7%83%E0%B7%92-%E0%B7%83%E0%B7%9A%E0%B7%80%E0%B7%8F%E0%B6%BD%E0%B6%B7%E0%B7%93-%E0%B6%B4%E0%B7%8A_%E0%B6%BB%E0%B6%A5%E0%B6%B4%E0%B7%8A%E0%B6%AD%E0%B7%92%E0%B6%BA-%E0%B6%B6%E0%B7%8F%E0%B7%84%E0%B7%92%E0%B6%BB-%E0%B7%83%E0%B7%9A%E0%B7%80%E0%B7%8F%E0%B6%BD%E0%B7%8F%E0%B6%B7%E0%B7%93%E0%B6%B1%E0%B7%8A.pdf,
phone,pass,Published phone: 0000000398 ,https://labourmin.gov.lk/wp-content/uploads/2025/11/%E0%B6%B4%E0%B7%94%E0%B6%BB%E0%B7%80%E0%B7%90%E0%B7%83%E0%B7%92-%E0%B7%83%E0%B7%9A%E0%B7%80%E0%B7%8F%E0%B6%BD%E0%B6%B7%E0%B7%93-%E0%B6%B4%E0%B7%8A_%E0%B6%BB%E0%B6%A5%E0%B6%B4%E0%B7%8A%E0%B6%AD%E0%B7%92%E0%B6%BA-%E0%B6%B6%E0%B7%8F%E0%B7%84%E0%B7%92%E0%B6%BB-%E0%B7%83%E0%B7%9A%E0%B7%80%E0%B7%8F%E0%B6%BD%E0%B7%8F%E0%B6%B7%E0%B7%93%E0%B6%B1%E0%B7%8A.pdf,
phone,pass,Published phone: 0000000491 ,https://labourmin.gov.lk/wp-content/uploads/2025/11/%E0%B6%B4%E0%B7%94%E0%B6%BB%E0%B7%80%E0%B7%90%E0%B7%83%E0%B7%92-%E0%B7%83%E0%B7%9A%E0%B7%80%E0%B7%8F%E0%B6%BD%E0%B6%B7%E0%B7%93-%E0%B6%B4%E0%B7%8A_%E0%B6%BB%E0%B6%A5%E0%B6%B4%E0%B7%8A%E0%B6%AD%E0%B7%92%E0%B6%BA-%E0%B6%B6%E0%B7%8F%E0%B7%84%E0%B7%92%E0%B6%BB-%E0%B7%83%E0%B7%9A%E0%B7%80%E0%B7%8F%E0%B6%BD%E0%B7%8F%E0%B6%B7%E0%B7%93%E0%B6%B1%E0%B7%8A.pdf,
phone,pass,Published phone: 0000000293 ,https://labourmin.gov.lk/wp-content/uploads/2025/11/%E0%B6%B4%E0%B7%94%E0%B6%BB%E0%B7%80%E0%B7%90%E0%B7%83%E0%B7%92-%E0%B7%83%E0%B7%9A%E0%B7%80%E0%B7%8F%E0%B6%BD%E0%B6%B7%E0%B7%93-%E0%B6%B4%E0%B7%8A_%E0%B6%BB%E0%B6%A5%E0%B6%B4%E0%B7%8A%E0%B6%AD%E0%B7%92%E0%B6%BA-%E0%B6%B6%E0%B7%8F%E0%B7%84%E0%B7%92%E0%B6%BB-%E0%B7%83%E0%B7%9A%E0%B7%80%E0%B7%8F%E0%B6%BD%E0%B7%8F%E0%B6%B7%E0%B7%93%E0%B6%B1%E0%B7%8A.pdf,
phone,pass,Published phone: 0000000378 ,https://labourmin.gov.lk/wp-content/uploads/2025/11/%E0%B6%B4%E0%B7%94%E0%B6%BB%E0%B7%80%E0%B7%90%E0%B7%83%E0%B7%92-%E0%B7%83%E0%B7%9A%E0%B7%80%E0%B7%8F%E0%B6%BD%E0%B6%B7%E0%B7%93-%E0%B6%B4%E0%B7%8A_%E0%B6%BB%E0%B6%A5%E0%B6%B4%E0%B7%8A%E0%B6%AD%E0%B7%92%E0%B6%BA-%E0%B6%B6%E0%B7%8F%E0%B7%84%E0%B7%92%E0%B6%BB-%E0%B7%83%E0%B7%9A%E0%B7%80%E0%B7%8F%E0%B6%BD%E0%B7%8F%E0%B6%B7%E0%B7%93%E0%B6%B1%E0%B7%8A.pdf,
phone,pass,Published phone: 0000000434 ,https://labourmin.gov.lk/wp-content/uploads/2025/11/%E0%B6%B4%E0%B7%94%E0%B6%BB%E0%B7%80%E0%B7%90%E0%B7%83%E0%B7%92-%E0%B7%83%E0%B7%9A%E0%B7%80%E0%B7%8F%E0%B6%BD%E0%B6%B7%E0%B7%93-%E0%B6%B4%E0%B7%8A_%E0%B6%BB%E0%B6%A5%E0%B6%B4%E0%B7%8A%E0%B6%AD%E0%B7%92%E0%B6%BA-%E0%B6%B6%E0%B7%8F%E0%B7%84%E0%B7%92%E0%B6%BB-%E0%B7%83%E0%B7%9A%E0%B7%80%E0%B7%8F%E0%B6%BD%E0%B7%8F%E0%B6%B7%E0%B7%93%E0%B6%B1%E0%B7%8A.pdf,
phone,pass,Published phone: 0000000598 ,https://labourmin.gov.lk/wp-content/uploads/2025/11/%E0%B6%B4%E0%B7%94%E0%B6%BB%E0%B7%80%E0%B7%90%E0%B7%83%E0%B7%92-%E0%B7%83%E0%B7%9A%E0%B7%80%E0%B7%8F%E0%B6%BD%E0%B6%B7%E0%B7%93-%E0%B6%B4%E0%B7%8A_%E0%B6%BB%E0%B6%A5%E0%B6%B4%E0%B7%8A%E0%B6%AD%E0%B7%92%E0%B6%BA-%E0%B6%B6%E0%B7%8F%E0%B7%84%E0%B7%92%E0%B6%BB-%E0%B7%83%E0%B7%9A%E0%B7%80%E0%B7%8F%E0%B6%BD%E0%B7%8F%E0%B6%B7%E0%B7%93%E0%B6%B1%E0%B7%8A.pdf,
phone,pass,Published phone: 0000000291 ,https://labourmin.gov.lk/wp-content/uploads/2025/11/%E0%B6%B4%E0%B7%94%E0%B6%BB%E0%B7%80%E0%B7%90%E0%B7%83%E0%B7%92-%E0%B7%83%E0%B7%9A%E0%B7%80%E0%B7%8F%E0%B6%BD%E0%B6%B7%E0%B7%93-%E0%B6%B4%E0%B7%8A_%E0%B6%BB%E0%B6%A5%E0%B6%B4%E0%B7%8A%E0%B6%AD%E0%B7%92%E0%B6%BA-%E0%B6%B6%E0%B7%8F%E0%B7%84%E0%B7%92%E0%B6%BB-%E0%B7%83%E0%B7%9A%E0%B7%80%E0%B7%8F%E0%B6%BD%E0%B7%8F%E0%B6%B7%E0%B7%93%E0%B6%B1%E0%B7%8A.pdf,
phone,pass,Published phone: 0000000180 ,https://labourmin.gov.lk/wp-content/uploads/2025/11/%E0%B6%B4%E0%B7%94%E0%B6%BB%E0%B7%80%E0%B7%90%E0%B7%83%E0%B7%92-%E0%B7%83%E0%B7%9A%E0%B7%80%E0%B7%8F%E0%B6%BD%E0%B6%B7%E0%B7%93-%E0%B6%B4%E0%B7%8A_%E0%B6%BB%E0%B6%A5%E0%B6%B4%E0%B7%8A%E0%B6%AD%E0%B7%92%E0%B6%BA-%E0%B6%B6%E0%B7%8F%E0%B7%84%E0%B7%92%E0%B6%BB-%E0%B7%83%E0%B7%9A%E0%B7%80%E0%B7%8F%E0%B6%BD%E0%B7%8F%E0%B6%B7%E0%B7%93%E0%B6%B1%E0%B7%8A.pdf,
phone,pass,Published phone: 0000076338 ,https://labourmin.gov.lk/wp-content/uploads/2025/11/%E0%B6%B4%E0%B7%94%E0%B6%BB%E0%B7%80%E0%B7%90%E0%B7%83%E0%B7%92-%E0%B7%83%E0%B7%9A%E0%B7%80%E0%B7%8F%E0%B6%BD%E0%B6%B7%E0%B7%93-%E0%B6%B4%E0%B7%8A_%E0%B6%BB%E0%B6%A5%E0%B6%B4%E0%B7%8A%E0%B6%AD%E0%B7%92%E0%B6%BA-%E0%B6%B6%E0%B7%8F%E0%B7%84%E0%B7%92%E0%B6%BB-%E0%B7%83%E0%B7%9A%E0%B7%80%E0%B7%8F%E0%B6%BD%E0%B7%8F%E0%B6%B7%E0%B7%93%E0%B6%B1%E0%B7%8A.pdf,
phone,pass,Published phone: 0000015215 ,https://labourmin.gov.lk/wp-content/uploads/2025/11/%E0%B6%B4%E0%B7%94%E0%B6%BB%E0%B7%80%E0%B7%90%E0%B7%83%E0%B7%92-%E0%B7%83%E0%B7%9A%E0%B7%80%E0%B7%8F%E0%B6%BD%E0%B6%B7%E0%B7%93-%E0%B6%B4%E0%B7%8A_%E0%B6%BB%E0%B6%A5%E0%B6%B4%E0%B7%8A%E0%B6%AD%E0%B7%92%E0%B6%BA-%E0%B6%B6%E0%B7%8F%E0%B7%84%E0%B7%92%E0%B6%BB-%E0%B7%83%E0%B7%9A%E0%B7%80%E0%B7%8F%E0%B6%BD%E0%B7%8F%E0%B6%B7%E0%B7%93%E0%B6%B1%E0%B7%8A.pdf,
phone,pass,Published phone: 0000000071 ,https://labourmin.gov.lk/wp-content/uploads/2025/11/%E0%B6%B4%E0%B7%94%E0%B6%BB%E0%B7%80%E0%B7%90%E0%B7%83%E0%B7%92-%E0%B7%83%E0%B7%9A%E0%B7%80%E0%B7%8F%E0%B6%BD%E0%B6%B7%E0%B7%93-%E0%B6%B4%E0%B7%8A_%E0%B6%BB%E0%B6%A5%E0%B6%B4%E0%B7%8A%E0%B6%AD%E0%B7%92%E0%B6%BA-%E0%B6%B6%E0%B7%8F%E0%B7%84%E0%B7%92%E0%B6%BB-%E0%B7%83%E0%B7%9A%E0%B7%80%E0%B7%8F%E0%B6%BD%E0%B7%8F%E0%B6%B7%E0%B7%93%E0%B6%B1%E0%B7%8A.pdf,
phone,pass,Published phone: 0000000088 ,https://labourmin.gov.lk/wp-content/uploads/2025/11/%E0%B6%B4%E0%B7%94%E0%B6%BB%E0%B7%80%E0%B7%90%E0%B7%83%E0%B7%92-%E0%B7%83%E0%B7%9A%E0%B7%80%E0%B7%8F%E0%B6%BD%E0%B6%B7%E0%B7%93-%E0%B6%B4%E0%B7%8A_%E0%B6%BB%E0%B6%A5%E0%B6%B4%E0%B7%8A%E0%B6%AD%E0%B7%92%E0%B6%BA-%E0%B6%B6%E0%B7%8F%E0%B7%84%E0%B7%92%E0%B6%BB-%E0%B7%83%E0%B7%9A%E0%B7%80%E0%B7%8F%E0%B6%BD%E0%B7%8F%E0%B6%B7%E0%B7%93%E0%B6%B1%E0%B7%8A.pdf,
phone,pass,Published phone: 0000000126 ,https://labourmin.gov.lk/wp-content/uploads/2025/11/%E0%B6%B4%E0%B7%94%E0%B6%BB%E0%B7%80%E0%B7%90%E0%B7%83%E0%B7%92-%E0%B7%83%E0%B7%9A%E0%B7%80%E0%B7%8F%E0%B6%BD%E0%B6%B7%E0%B7%93-%E0%B6%B4%E0%B7%8A_%E0%B6%BB%E0%B6%A5%E0%B6%B4%E0%B7%8A%E0%B6%AD%E0%B7%92%E0%B6%BA-%E0%B6%B6%E0%B7%8F%E0%B7%84%E0%B7%92%E0%B6%BB-%E0%B7%83%E0%B7%9A%E0%B7%80%E0%B7%8F%E0%B6%BD%E0%B7%8F%E0%B6%B7%E0%B7%93%E0%B6%B1%E0%B7%8A.pdf,
phone,pass,Published phone: 0000000017 ,https://labourmin.gov.lk/wp-content/uploads/2025/11/%E0%B6%B4%E0%B7%94%E0%B6%BB%E0%B7%80%E0%B7%90%E0%B7%83%E0%B7%92-%E0%B7%83%E0%B7%9A%E0%B7%80%E0%B7%8F%E0%B6%BD%E0%B6%B7%E0%B7%93-%E0%B6%B4%E0%B7%8A_%E0%B6%BB%E0%B6%A5%E0%B6%B4%E0%B7%8A%E0%B6%AD%E0%B7%92%E0%B6%BA-%E0%B6%B6%E0%B7%8F%E0%B7%84%E0%B7%92%E0%B6%BB-%E0%B7%83%E0%B7%9A%E0%B7%80%E0%B7%8F%E0%B6%BD%E0%B7%8F%E0%B6%B7%E0%B7%93%E0%B6%B1%E0%B7%8A.pdf,
phone,pass,Published phone: 0000000428 ,https://labourmin.gov.lk/wp-content/uploads/2025/11/%E0%B6%B4%E0%B7%94%E0%B6%BB%E0%B7%80%E0%B7%90%E0%B7%83%E0%B7%92-%E0%B7%83%E0%B7%9A%E0%B7%80%E0%B7%8F%E0%B6%BD%E0%B6%B7%E0%B7%93-%E0%B6%B4%E0%B7%8A_%E0%B6%BB%E0%B6%A5%E0%B6%B4%E0%B7%8A%E0%B6%AD%E0%B7%92%E0%B6%BA-%E0%B6%B6%E0%B7%8F%E0%B7%84%E0%B7%92%E0%B6%BB-%E0%B7%83%E0%B7%9A%E0%B7%80%E0%B7%8F%E0%B6%BD%E0%B7%8F%E0%B6%B7%E0%B7%93%E0%B6%B1%E0%B7%8A.pdf,
phone,pass,Published phone: 0000000463 ,https://labourmin.gov.lk/wp-content/uploads/2025/11/%E0%B6%B4%E0%B7%94%E0%B6%BB%E0%B7%80%E0%B7%90%E0%B7%83%E0%B7%92-%E0%B7%83%E0%B7%9A%E0%B7%80%E0%B7%8F%E0%B6%BD%E0%B6%B7%E0%B7%93-%E0%B6%B4%E0%B7%8A_%E0%B6%BB%E0%B6%A5%E0%B6%B4%E0%B7%8A%E0%B6%AD%E0%B7%92%E0%B6%BA-%E0%B6%B6%E0%B7%8F%E0%B7%84%E0%B7%92%E0%B6%BB-%E0%B7%83%E0%B7%9A%E0%B7%80%E0%B7%8F%E0%B6%BD%E0%B7%8F%E0%B6%B7%E0%B7%93%E0%B6%B1%E0%B7%8A.pdf,
phone,pass,Published phone: 0000057692 ,https://labourmin.gov.lk/wp-content/uploads/2025/11/%E0%B6%B4%E0%B7%94%E0%B6%BB%E0%B7%80%E0%B7%90%E0%B7%83%E0%B7%92-%E0%B7%83%E0%B7%9A%E0%B7%80%E0%B7%8F%E0%B6%BD%E0%B6%B7%E0%B7%93-%E0%B6%B4%E0%B7%8A_%E0%B6%BB%E0%B6%A5%E0%B6%B4%E0%B7%8A%E0%B6%AD%E0%B7%92%E0%B6%BA-%E0%B6%B6%E0%B7%8F%E0%B7%84%E0%B7%92%E0%B6%BB-%E0%B7%83%E0%B7%9A%E0%B7%80%E0%B7%8F%E0%B6%BD%E0%B7%8F%E0%B6%B7%E0%B7%93%E0%B6%B1%E0%B7%8A.pdf,
phone,pass,Published phone: 0000012638 ,https://labourmin.gov.lk/wp-content/uploads/2025/11/%E0%B6%B4%E0%B7%94%E0%B6%BB%E0%B7%80%E0%B7%90%E0%B7%83%E0%B7%92-%E0%B7%83%E0%B7%9A%E0%B7%80%E0%B7%8F%E0%B6%BD%E0%B6%B7%E0%B7%93-%E0%B6%B4%E0%B7%8A_%E0%B6%BB%E0%B6%A5%E0%B6%B4%E0%B7%8A%E0%B6%AD%E0%B7%92%E0%B6%BA-%E0%B6%B6%E0%B7%8F%E0%B7%84%E0%B7%92%E0%B6%BB-%E0%B7%83%E0%B7%9A%E0%B7%80%E0%B7%8F%E0%B6%BD%E0%B7%8F%E0%B6%B7%E0%B7%93%E0%B6%B1%E0%B7%8A.pdf,
phone,pass,Published phone: 0000000569 ,https://labourmin.gov.lk/wp-content/uploads/2025/11/%E0%B6%B4%E0%B7%94%E0%B6%BB%E0%B7%80%E0%B7%90%E0%B7%83%E0%B7%92-%E0%B7%83%E0%B7%9A%E0%B7%80%E0%B7%8F%E0%B6%BD%E0%B6%B7%E0%B7%93-%E0%B6%B4%E0%B7%8A_%E0%B6%BB%E0%B6%A5%E0%B6%B4%E0%B7%8A%E0%B6%AD%E0%B7%92%E0%B6%BA-%E0%B6%B6%E0%B7%8F%E0%B7%84%E0%B7%92%E0%B6%BB-%E0%B7%83%E0%B7%9A%E0%B7%80%E0%B7%8F%E0%B6%BD%E0%B7%8F%E0%B6%B7%E0%B7%93%E0%B6%B1%E0%B7%8A.pdf,
phone,pass,Published phone: 0000000287 ,https://labourmin.gov.lk/wp-content/uploads/2025/11/%E0%B6%B4%E0%B7%94%E0%B6%BB%E0%B7%80%E0%B7%90%E0%B7%83%E0%B7%92-%E0%B7%83%E0%B7%9A%E0%B7%80%E0%B7%8F%E0%B6%BD%E0%B6%B7%E0%B7%93-%E0%B6%B4%E0%B7%8A_%E0%B6%BB%E0%B6%A5%E0%B6%B4%E0%B7%8A%E0%B6%AD%E0%B7%92%E0%B6%BA-%E0%B6%B6%E0%B7%8F%E0%B7%84%E0%B7%92%E0%B6%BB-%E0%B7%83%E0%B7%9A%E0%B7%80%E0%B7%8F%E0%B6%BD%E0%B7%8F%E0%B6%B7%E0%B7%93%E0%B6%B1%E0%B7%8A.pdf,
phone,pass,Published phone: 0000000358 ,https://labourmin.gov.lk/wp-content/uploads/2025/11/%E0%B6%B4%E0%B7%94%E0%B6%BB%E0%B7%80%E0%B7%90%E0%B7%83%E0%B7%92-%E0%B7%83%E0%B7%9A%E0%B7%80%E0%B7%8F%E0%B6%BD%E0%B6%B7%E0%B7%93-%E0%B6%B4%E0%B7%8A_%E0%B6%BB%E0%B6%A5%E0%B6%B4%E0%B7%8A%E0%B6%AD%E0%B7%92%E0%B6%BA-%E0%B6%B6%E0%B7%8F%E0%B7%84%E0%B7%92%E0%B6%BB-%E0%B7%83%E0%B7%9A%E0%B7%80%E0%B7%8F%E0%B6%BD%E0%B7%8F%E0%B6%B7%E0%B7%93%E0%B6%B1%E0%B7%8A.pdf,
phone,pass,Published phone: 0000000492 ,https://labourmin.gov.lk/wp-content/uploads/2025/11/%E0%B6%B4%E0%B7%94%E0%B6%BB%E0%B7%80%E0%B7%90%E0%B7%83%E0%B7%92-%E0%B7%83%E0%B7%9A%E0%B7%80%E0%B7%8F%E0%B6%BD%E0%B6%B7%E0%B7%93-%E0%B6%B4%E0%B7%8A_%E0%B6%BB%E0%B6%A5%E0%B6%B4%E0%B7%8A%E0%B6%AD%E0%B7%92%E0%B6%BA-%E0%B6%B6%E0%B7%8F%E0%B7%84%E0%B7%92%E0%B6%BB-%E0%B7%83%E0%B7%9A%E0%B7%80%E0%B7%8F%E0%B6%BD%E0%B7%8F%E0%B6%B7%E0%B7%93%E0%B6%B1%E0%B7%8A.pdf,
phone,pass,Published phone: 0000000282 ,https://labourmin.gov.lk/wp-content/uploads/2025/11/%E0%B6%B4%E0%B7%94%E0%B6%BB%E0%B7%80%E0%B7%90%E0%B7%83%E0%B7%92-%E0%B7%83%E0%B7%9A%E0%B7%80%E0%B7%8F%E0%B6%BD%E0%B6%B7%E0%B7%93-%E0%B6%B4%E0%B7%8A_%E0%B6%BB%E0%B6%A5%E0%B6%B4%E0%B7%8A%E0%B6%AD%E0%B7%92%E0%B6%BA-%E0%B6%B6%E0%B7%8F%E0%B7%84%E0%B7%92%E0%B6%BB-%E0%B7%83%E0%B7%9A%E0%B7%80%E0%B7%8F%E0%B6%BD%E0%B7%8F%E0%B6%B7%E0%B7%93%E0%B6%B1%E0%B7%8A.pdf,
phone,pass,Published phone: 0000000397 ,https://labourmin.gov.lk/wp-content/uploads/2025/11/%E0%B6%B4%E0%B7%94%E0%B6%BB%E0%B7%80%E0%B7%90%E0%B7%83%E0%B7%92-%E0%B7%83%E0%B7%9A%E0%B7%80%E0%B7%8F%E0%B6%BD%E0%B6%B7%E0%B7%93-%E0%B6%B4%E0%B7%8A_%E0%B6%BB%E0%B6%A5%E0%B6%B4%E0%B7%8A%E0%B6%AD%E0%B7%92%E0%B6%BA-%E0%B6%B6%E0%B7%8F%E0%B7%84%E0%B7%92%E0%B6%BB-%E0%B7%83%E0%B7%9A%E0%B7%80%E0%B7%8F%E0%B6%BD%E0%B7%8F%E0%B6%B7%E0%B7%93%E0%B6%B1%E0%B7%8A.pdf,
phone,pass,Published phone: 0000000055 ,https://labourmin.gov.lk/wp-content/uploads/2025/11/%E0%B6%B4%E0%B7%94%E0%B6%BB%E0%B7%80%E0%B7%90%E0%B7%83%E0%B7%92-%E0%B7%83%E0%B7%9A%E0%B7%80%E0%B7%8F%E0%B6%BD%E0%B6%B7%E0%B7%93-%E0%B6%B4%E0%B7%8A_%E0%B6%BB%E0%B6%A5%E0%B6%B4%E0%B7%8A%E0%B6%AD%E0%B7%92%E0%B6%BA-%E0%B6%B6%E0%B7%8F%E0%B7%84%E0%B7%92%E0%B6%BB-%E0%B7%83%E0%B7%9A%E0%B7%80%E0%B7%8F%E0%B6%BD%E0%B7%8F%E0%B6%B7%E0%B7%93%E0%B6%B1%E0%B7%8A.pdf,
phone,pass,Published phone: 0000000195 ,https://labourmin.gov.lk/wp-content/uploads/2025/11/%E0%B6%B4%E0%B7%94%E0%B6%BB%E0%B7%80%E0%B7%90%E0%B7%83%E0%B7%92-%E0%B7%83%E0%B7%9A%E0%B7%80%E0%B7%8F%E0%B6%BD%E0%B6%B7%E0%B7%93-%E0%B6%B4%E0%B7%8A_%E0%B6%BB%E0%B6%A5%E0%B6%B4%E0%B7%8A%E0%B6%AD%E0%B7%92%E0%B6%BA-%E0%B6%B6%E0%B7%8F%E0%B7%84%E0%B7%92%E0%B6%BB-%E0%B7%83%E0%B7%9A%E0%B7%80%E0%B7%8F%E0%B6%BD%E0%B7%8F%E0%B6%B7%E0%B7%93%E0%B6%B1%E0%B7%8A.pdf,
phone,pass,Published phone: 0000012393 ,https://labourmin.gov.lk/wp-content/uploads/2025/11/%E0%B6%B4%E0%B7%94%E0%B6%BB%E0%B7%80%E0%B7%90%E0%B7%83%E0%B7%92-%E0%B7%83%E0%B7%9A%E0%B7%80%E0%B7%8F%E0%B6%BD%E0%B6%B7%E0%B7%93-%E0%B6%B4%E0%B7%8A_%E0%B6%BB%E0%B6%A5%E0%B6%B4%E0%B7%8A%E0%B6%AD%E0%B7%92%E0%B6%BA-%E0%B6%B6%E0%B7%8F%E0%B7%84%E0%B7%92%E0%B6%BB-%E0%B7%83%E0%B7%9A%E0%B7%80%E0%B7%8F%E0%B6%BD%E0%B7%8F%E0%B6%B7%E0%B7%93%E0%B6%B1%E0%B7%8A.pdf,
phone,pass,Published phone: 0000000349 ,https://labourmin.gov.lk/wp-content/uploads/2025/11/%E0%B6%B4%E0%B7%94%E0%B6%BB%E0%B7%80%E0%B7%90%E0%B7%83%E0%B7%92-%E0%B7%83%E0%B7%9A%E0%B7%80%E0%B7%8F%E0%B6%BD%E0%B6%B7%E0%B7%93-%E0%B6%B4%E0%B7%8A_%E0%B6%BB%E0%B6%A5%E0%B6%B4%E0%B7%8A%E0%B6%AD%E0%B7%92%E0%B6%BA-%E0%B6%B6%E0%B7%8F%E0%B7%84%E0%B7%92%E0%B6%BB-%E0%B7%83%E0%B7%9A%E0%B7%80%E0%B7%8F%E0%B6%BD%E0%B7%8F%E0%B6%B7%E0%B7%93%E0%B6%B1%E0%B7%8A.pdf,
phone,pass,Published phone: 0000000380 ,https://labourmin.gov.lk/wp-content/uploads/2025/11/%E0%B6%B4%E0%B7%94%E0%B6%BB%E0%B7%80%E0%B7%90%E0%B7%83%E0%B7%92-%E0%B7%83%E0%B7%9A%E0%B7%80%E0%B7%8F%E0%B6%BD%E0%B6%B7%E0%B7%93-%E0%B6%B4%E0%B7%8A_%E0%B6%BB%E0%B6%A5%E0%B6%B4%E0%B7%8A%E0%B6%AD%E0%B7%92%E0%B6%BA-%E0%B6%B6%E0%B7%8F%E0%B7%84%E0%B7%92%E0%B6%BB-%E0%B7%83%E0%B7%9A%E0%B7%80%E0%B7%8F%E0%B6%BD%E0%B7%8F%E0%B6%B7%E0%B7%93%E0%B6%B1%E0%B7%8A.pdf,
phone,pass,Published phone: 0000000222 ,https://labourmin.gov.lk/wp-content/uploads/2025/11/%E0%B6%B4%E0%B7%94%E0%B6%BB%E0%B7%80%E0%B7%90%E0%B7%83%E0%B7%92-%E0%B7%83%E0%B7%9A%E0%B7%80%E0%B7%8F%E0%B6%BD%E0%B6%B7%E0%B7%93-%E0%B6%B4%E0%B7%8A_%E0%B6%BB%E0%B6%A5%E0%B6%B4%E0%B7%8A%E0%B6%AD%E0%B7%92%E0%B6%BA-%E0%B6%B6%E0%B7%8F%E0%B7%84%E0%B7%92%E0%B6%BB-%E0%B7%83%E0%B7%9A%E0%B7%80%E0%B7%8F%E0%B6%BD%E0%B7%8F%E0%B6%B7%E0%B7%93%E0%B6%B1%E0%B7%8A.pdf,
phone,pass,Published phone: 0000000116 ,https://labourmin.gov.lk/wp-content/uploads/2025/11/%E0%B6%B4%E0%B7%94%E0%B6%BB%E0%B7%80%E0%B7%90%E0%B7%83%E0%B7%92-%E0%B7%83%E0%B7%9A%E0%B7%80%E0%B7%8F%E0%B6%BD%E0%B6%B7%E0%B7%93-%E0%B6%B4%E0%B7%8A_%E0%B6%BB%E0%B6%A5%E0%B6%B4%E0%B7%8A%E0%B6%AD%E0%B7%92%E0%B6%BA-%E0%B6%B6%E0%B7%8F%E0%B7%84%E0%B7%92%E0%B6%BB-%E0%B7%83%E0%B7%9A%E0%B7%80%E0%B7%8F%E0%B6%BD%E0%B7%8F%E0%B6%B7%E0%B7%93%E0%B6%B1%E0%B7%8A.pdf,
phone,pass,Published phone: 0000000295 ,https://labourmin.gov.lk/wp-content/uploads/2025/11/%E0%B6%B4%E0%B7%94%E0%B6%BB%E0%B7%80%E0%B7%90%E0%B7%83%E0%B7%92-%E0%B7%83%E0%B7%9A%E0%B7%80%E0%B7%8F%E0%B6%BD%E0%B6%B7%E0%B7%93-%E0%B6%B4%E0%B7%8A_%E0%B6%BB%E0%B6%A5%E0%B6%B4%E0%B7%8A%E0%B6%AD%E0%B7%92%E0%B6%BA-%E0%B6%B6%E0%B7%8F%E0%B7%84%E0%B7%92%E0%B6%BB-%E0%B7%83%E0%B7%9A%E0%B7%80%E0%B7%8F%E0%B6%BD%E0%B7%8F%E0%B6%B7%E0%B7%93%E0%B6%B1%E0%B7%8A.pdf,
phone,pass,Published phone: 0000000518 ,https://labourmin.gov.lk/wp-content/uploads/2025/11/%E0%B6%B4%E0%B7%94%E0%B6%BB%E0%B7%80%E0%B7%90%E0%B7%83%E0%B7%92-%E0%B7%83%E0%B7%9A%E0%B7%80%E0%B7%8F%E0%B6%BD%E0%B6%B7%E0%B7%93-%E0%B6%B4%E0%B7%8A_%E0%B6%BB%E0%B6%A5%E0%B6%B4%E0%B7%8A%E0%B6%AD%E0%B7%92%E0%B6%BA-%E0%B6%B6%E0%B7%8F%E0%B7%84%E0%B7%92%E0%B6%BB-%E0%B7%83%E0%B7%9A%E0%B7%80%E0%B7%8F%E0%B6%BD%E0%B7%8F%E0%B6%B7%E0%B7%93%E0%B6%B1%E0%B7%8A.pdf,
phone,pass,Published phone: 0000000557 ,https://labourmin.gov.lk/wp-content/uploads/2025/11/%E0%B6%B4%E0%B7%94%E0%B6%BB%E0%B7%80%E0%B7%90%E0%B7%83%E0%B7%92-%E0%B7%83%E0%B7%9A%E0%B7%80%E0%B7%8F%E0%B6%BD%E0%B6%B7%E0%B7%93-%E0%B6%B4%E0%B7%8A_%E0%B6%BB%E0%B6%A5%E0%B6%B4%E0%B7%8A%E0%B6%AD%E0%B7%92%E0%B6%BA-%E0%B6%B6%E0%B7%8F%E0%B7%84%E0%B7%92%E0%B6%BB-%E0%B7%83%E0%B7%9A%E0%B7%80%E0%B7%8F%E0%B6%BD%E0%B7%8F%E0%B6%B7%E0%B7%93%E0%B6%B1%E0%B7%8A.pdf,
phone,pass,Published phone: 0000000109 ,https://labourmin.gov.lk/wp-content/uploads/2025/11/%E0%B6%B4%E0%B7%94%E0%B6%BB%E0%B7%80%E0%B7%90%E0%B7%83%E0%B7%92-%E0%B7%83%E0%B7%9A%E0%B7%80%E0%B7%8F%E0%B6%BD%E0%B6%B7%E0%B7%93-%E0%B6%B4%E0%B7%8A_%E0%B6%BB%E0%B6%A5%E0%B6%B4%E0%B7%8A%E0%B6%AD%E0%B7%92%E0%B6%BA-%E0%B6%B6%E0%B7%8F%E0%B7%84%E0%B7%92%E0%B6%BB-%E0%B7%83%E0%B7%9A%E0%B7%80%E0%B7%8F%E0%B6%BD%E0%B7%8F%E0%B6%B7%E0%B7%93%E0%B6%B1%E0%B7%8A.pdf,
phone,pass,Published phone: 0000000578 ,https://labourmin.gov.lk/wp-content/uploads/2025/11/%E0%B6%B4%E0%B7%94%E0%B6%BB%E0%B7%80%E0%B7%90%E0%B7%83%E0%B7%92-%E0%B7%83%E0%B7%9A%E0%B7%80%E0%B7%8F%E0%B6%BD%E0%B6%B7%E0%B7%93-%E0%B6%B4%E0%B7%8A_%E0%B6%BB%E0%B6%A5%E0%B6%B4%E0%B7%8A%E0%B6%AD%E0%B7%92%E0%B6%BA-%E0%B6%B6%E0%B7%8F%E0%B7%84%E0%B7%92%E0%B6%BB-%E0%B7%83%E0%B7%9A%E0%B7%80%E0%B7%8F%E0%B6%BD%E0%B7%8F%E0%B6%B7%E0%B7%93%E0%B6%B1%E0%B7%8A.pdf,
phone,pass,Published phone: 0 628 000000,https://labourmin.gov.lk/wp-content/uploads/2025/11/%E0%B6%B4%E0%B7%94%E0%B6%BB%E0%B7%80%E0%B7%90%E0%B7%83%E0%B7%92-%E0%B7%83%E0%B7%9A%E0%B7%80%E0%B7%8F%E0%B6%BD%E0%B6%B7%E0%B7%93-%E0%B6%B4%E0%B7%8A_%E0%B6%BB%E0%B6%A5%E0%B6%B4%E0%B7%8A%E0%B6%AD%E0%B7%92%E0%B6%BA-%E0%B6%B6%E0%B7%8F%E0%B7%84%E0%B7%92%E0%B6%BB-%E0%B7%83%E0%B7%9A%E0%B7%80%E0%B7%8F%E0%B6%BD%E0%B7%8F%E0%B6%B7%E0%B7%93%E0%B6%B1%E0%B7%8A.pdf,
phone,pass,Published phone: 0000000107 ,https://labourmin.gov.lk/wp-content/uploads/2025/11/%E0%B6%B4%E0%B7%94%E0%B6%BB%E0%B7%80%E0%B7%90%E0%B7%83%E0%B7%92-%E0%B7%83%E0%B7%9A%E0%B7%80%E0%B7%8F%E0%B6%BD%E0%B6%B7%E0%B7%93-%E0%B6%B4%E0%B7%8A_%E0%B6%BB%E0%B6%A5%E0%B6%B4%E0%B7%8A%E0%B6%AD%E0%B7%92%E0%B6%BA-%E0%B6%B6%E0%B7%8F%E0%B7%84%E0%B7%92%E0%B6%BB-%E0%B7%83%E0%B7%9A%E0%B7%80%E0%B7%8F%E0%B6%BD%E0%B7%8F%E0%B6%B7%E0%B7%93%E0%B6%B1%E0%B7%8A.pdf,
phone,pass,Published phone: 0000000218 ,https://labourmin.gov.lk/wp-content/uploads/2025/11/%E0%B6%B4%E0%B7%94%E0%B6%BB%E0%B7%80%E0%B7%90%E0%B7%83%E0%B7%92-%E0%B7%83%E0%B7%9A%E0%B7%80%E0%B7%8F%E0%B6%BD%E0%B6%B7%E0%B7%93-%E0%B6%B4%E0%B7%8A_%E0%B6%BB%E0%B6%A5%E0%B6%B4%E0%B7%8A%E0%B6%AD%E0%B7%92%E0%B6%BA-%E0%B6%B6%E0%B7%8F%E0%B7%84%E0%B7%92%E0%B6%BB-%E0%B7%83%E0%B7%9A%E0%B7%80%E0%B7%8F%E0%B6%BD%E0%B7%8F%E0%B6%B7%E0%B7%93%E0%B6%B1%E0%B7%8A.pdf,
phone,pass,Published phone: 0000000212 ,https://labourmin.gov.lk/wp-content/uploads/2025/11/%E0%B6%B4%E0%B7%94%E0%B6%BB%E0%B7%80%E0%B7%90%E0%B7%83%E0%B7%92-%E0%B7%83%E0%B7%9A%E0%B7%80%E0%B7%8F%E0%B6%BD%E0%B6%B7%E0%B7%93-%E0%B6%B4%E0%B7%8A_%E0%B6%BB%E0%B6%A5%E0%B6%B4%E0%B7%8A%E0%B6%AD%E0%B7%92%E0%B6%BA-%E0%B6%B6%E0%B7%8F%E0%B7%84%E0%B7%92%E0%B6%BB-%E0%B7%83%E0%B7%9A%E0%B7%80%E0%B7%8F%E0%B6%BD%E0%B7%8F%E0%B6%B7%E0%B7%93%E0%B6%B1%E0%B7%8A.pdf,
phone,pass,Published phone: 0000000560 ,https://labourmin.gov.lk/wp-content/uploads/2025/11/%E0%B6%B4%E0%B7%94%E0%B6%BB%E0%B7%80%E0%B7%90%E0%B7%83%E0%B7%92-%E0%B7%83%E0%B7%9A%E0%B7%80%E0%B7%8F%E0%B6%BD%E0%B6%B7%E0%B7%93-%E0%B6%B4%E0%B7%8A_%E0%B6%BB%E0%B6%A5%E0%B6%B4%E0%B7%8A%E0%B6%AD%E0%B7%92%E0%B6%BA-%E0%B6%B6%E0%B7%8F%E0%B7%84%E0%B7%92%E0%B6%BB-%E0%B7%83%E0%B7%9A%E0%B7%80%E0%B7%8F%E0%B6%BD%E0%B7%8F%E0%B6%B7%E0%B7%93%E0%B6%B1%E0%B7%8A.pdf,
phone,pass,Published phone: 0000000230 ,https://labourmin.gov.lk/wp-content/uploads/2025/11/%E0%B6%B4%E0%B7%94%E0%B6%BB%E0%B7%80%E0%B7%90%E0%B7%83%E0%B7%92-%E0%B7%83%E0%B7%9A%E0%B7%80%E0%B7%8F%E0%B6%BD%E0%B6%B7%E0%B7%93-%E0%B6%B4%E0%B7%8A_%E0%B6%BB%E0%B6%A5%E0%B6%B4%E0%B7%8A%E0%B6%AD%E0%B7%92%E0%B6%BA-%E0%B6%B6%E0%B7%8F%E0%B7%84%E0%B7%92%E0%B6%BB-%E0%B7%83%E0%B7%9A%E0%B7%80%E0%B7%8F%E0%B6%BD%E0%B7%8F%E0%B6%B7%E0%B7%93%E0%B6%B1%E0%B7%8A.pdf,
phone,pass,Published phone: 0000000383 ,https://labourmin.gov.lk/wp-content/uploads/2025/11/%E0%B6%B4%E0%B7%94%E0%B6%BB%E0%B7%80%E0%B7%90%E0%B7%83%E0%B7%92-%E0%B7%83%E0%B7%9A%E0%B7%80%E0%B7%8F%E0%B6%BD%E0%B6%B7%E0%B7%93-%E0%B6%B4%E0%B7%8A_%E0%B6%BB%E0%B6%A5%E0%B6%B4%E0%B7%8A%E0%B6%AD%E0%B7%92%E0%B6%BA-%E0%B6%B6%E0%B7%8F%E0%B7%84%E0%B7%92%E0%B6%BB-%E0%B7%83%E0%B7%9A%E0%B7%80%E0%B7%8F%E0%B6%BD%E0%B7%8F%E0%B6%B7%E0%B7%93%E0%B6%B1%E0%B7%8A.pdf,
phone,pass,Published phone: 0000000381 ,https://labourmin.gov.lk/wp-content/uploads/2025/11/%E0%B6%B4%E0%B7%94%E0%B6%BB%E0%B7%80%E0%B7%90%E0%B7%83%E0%B7%92-%E0%B7%83%E0%B7%9A%E0%B7%80%E0%B7%8F%E0%B6%BD%E0%B6%B7%E0%B7%93-%E0%B6%B4%E0%B7%8A_%E0%B6%BB%E0%B6%A5%E0%B6%B4%E0%B7%8A%E0%B6%AD%E0%B7%92%E0%B6%BA-%E0%B6%B6%E0%B7%8F%E0%B7%84%E0%B7%92%E0%B6%BB-%E0%B7%83%E0%B7%9A%E0%B7%80%E0%B7%8F%E0%B6%BD%E0%B7%8F%E0%B6%B7%E0%B7%93%E0%B6%B1%E0%B7%8A.pdf,
phone,pass,Published phone: 0000000367 ,https://labourmin.gov.lk/wp-content/uploads/2025/11/%E0%B6%B4%E0%B7%94%E0%B6%BB%E0%B7%80%E0%B7%90%E0%B7%83%E0%B7%92-%E0%B7%83%E0%B7%9A%E0%B7%80%E0%B7%8F%E0%B6%BD%E0%B6%B7%E0%B7%93-%E0%B6%B4%E0%B7%8A_%E0%B6%BB%E0%B6%A5%E0%B6%B4%E0%B7%8A%E0%B6%AD%E0%B7%92%E0%B6%BA-%E0%B6%B6%E0%B7%8F%E0%B7%84%E0%B7%92%E0%B6%BB-%E0%B7%83%E0%B7%9A%E0%B7%80%E0%B7%8F%E0%B6%BD%E0%B7%8F%E0%B6%B7%E0%B7%93%E0%B6%B1%E0%B7%8A.pdf,
phone,pass,Published phone: 0000000099 ,https://labourmin.gov.lk/wp-content/uploads/2025/11/%E0%B6%B4%E0%B7%94%E0%B6%BB%E0%B7%80%E0%B7%90%E0%B7%83%E0%B7%92-%E0%B7%83%E0%B7%9A%E0%B7%80%E0%B7%8F%E0%B6%BD%E0%B6%B7%E0%B7%93-%E0%B6%B4%E0%B7%8A_%E0%B6%BB%E0%B6%A5%E0%B6%B4%E0%B7%8A%E0%B6%AD%E0%B7%92%E0%B6%BA-%E0%B6%B6%E0%B7%8F%E0%B7%84%E0%B7%92%E0%B6%BB-%E0%B7%83%E0%B7%9A%E0%B7%80%E0%B7%8F%E0%B6%BD%E0%B7%8F%E0%B6%B7%E0%B7%93%E0%B6%B1%E0%B7%8A.pdf,
phone,pass,Published phone: 0000000577 ,https://labourmin.gov.lk/wp-content/uploads/2025/11/%E0%B6%B4%E0%B7%94%E0%B6%BB%E0%B7%80%E0%B7%90%E0%B7%83%E0%B7%92-%E0%B7%83%E0%B7%9A%E0%B7%80%E0%B7%8F%E0%B6%BD%E0%B6%B7%E0%B7%93-%E0%B6%B4%E0%B7%8A_%E0%B6%BB%E0%B6%A5%E0%B6%B4%E0%B7%8A%E0%B6%AD%E0%B7%92%E0%B6%BA-%E0%B6%B6%E0%B7%8F%E0%B7%84%E0%B7%92%E0%B6%BB-%E0%B7%83%E0%B7%9A%E0%B7%80%E0%B7%8F%E0%B6%BD%E0%B7%8F%E0%B6%B7%E0%B7%93%E0%B6%B1%E0%B7%8A.pdf,
phone,pass,Published phone: 0000000279 ,https://labourmin.gov.lk/wp-content/uploads/2025/11/%E0%B6%B4%E0%B7%94%E0%B6%BB%E0%B7%80%E0%B7%90%E0%B7%83%E0%B7%92-%E0%B7%83%E0%B7%9A%E0%B7%80%E0%B7%8F%E0%B6%BD%E0%B6%B7%E0%B7%93-%E0%B6%B4%E0%B7%8A_%E0%B6%BB%E0%B6%A5%E0%B6%B4%E0%B7%8A%E0%B6%AD%E0%B7%92%E0%B6%BA-%E0%B6%B6%E0%B7%8F%E0%B7%84%E0%B7%92%E0%B6%BB-%E0%B7%83%E0%B7%9A%E0%B7%80%E0%B7%8F%E0%B6%BD%E0%B7%8F%E0%B6%B7%E0%B7%93%E0%B6%B1%E0%B7%8A.pdf,
phone,pass,Published phone: 0000000483 ,https://labourmin.gov.lk/wp-content/uploads/2025/11/%E0%B6%B4%E0%B7%94%E0%B6%BB%E0%B7%80%E0%B7%90%E0%B7%83%E0%B7%92-%E0%B7%83%E0%B7%9A%E0%B7%80%E0%B7%8F%E0%B6%BD%E0%B6%B7%E0%B7%93-%E0%B6%B4%E0%B7%8A_%E0%B6%BB%E0%B6%A5%E0%B6%B4%E0%B7%8A%E0%B6%AD%E0%B7%92%E0%B6%BA-%E0%B6%B6%E0%B7%8F%E0%B7%84%E0%B7%92%E0%B6%BB-%E0%B7%83%E0%B7%9A%E0%B7%80%E0%B7%8F%E0%B6%BD%E0%B7%8F%E0%B6%B7%E0%B7%93%E0%B6%B1%E0%B7%8A.pdf,
phone,pass,Published phone: 0000000548 ,https://labourmin.gov.lk/wp-content/uploads/2025/11/%E0%B6%B4%E0%B7%94%E0%B6%BB%E0%B7%80%E0%B7%90%E0%B7%83%E0%B7%92-%E0%B7%83%E0%B7%9A%E0%B7%80%E0%B7%8F%E0%B6%BD%E0%B6%B7%E0%B7%93-%E0%B6%B4%E0%B7%8A_%E0%B6%BB%E0%B6%A5%E0%B6%B4%E0%B7%8A%E0%B6%AD%E0%B7%92%E0%B6%BA-%E0%B6%B6%E0%B7%8F%E0%B7%84%E0%B7%92%E0%B6%BB-%E0%B7%83%E0%B7%9A%E0%B7%80%E0%B7%8F%E0%B6%BD%E0%B7%8F%E0%B6%B7%E0%B7%93%E0%B6%B1%E0%B7%8A.pdf,
phone,pass,Published phone: 0000071715 ,https://labourmin.gov.lk/wp-content/uploads/2025/11/%E0%B6%B4%E0%B7%94%E0%B6%BB%E0%B7%80%E0%B7%90%E0%B7%83%E0%B7%92-%E0%B7%83%E0%B7%9A%E0%B7%80%E0%B7%8F%E0%B6%BD%E0%B6%B7%E0%B7%93-%E0%B6%B4%E0%B7%8A_%E0%B6%BB%E0%B6%A5%E0%B6%B4%E0%B7%8A%E0%B6%AD%E0%B7%92%E0%B6%BA-%E0%B6%B6%E0%B7%8F%E0%B7%84%E0%B7%92%E0%B6%BB-%E0%B7%83%E0%B7%9A%E0%B7%80%E0%B7%8F%E0%B6%BD%E0%B7%8F%E0%B6%B7%E0%B7%93%E0%B6%B1%E0%B7%8A.pdf,
phone,pass,Published phone: 0000000322 ,https://labourmin.gov.lk/wp-content/uploads/2025/11/%E0%B6%B4%E0%B7%94%E0%B6%BB%E0%B7%80%E0%B7%90%E0%B7%83%E0%B7%92-%E0%B7%83%E0%B7%9A%E0%B7%80%E0%B7%8F%E0%B6%BD%E0%B6%B7%E0%B7%93-%E0%B6%B4%E0%B7%8A_%E0%B6%BB%E0%B6%A5%E0%B6%B4%E0%B7%8A%E0%B6%AD%E0%B7%92%E0%B6%BA-%E0%B6%B6%E0%B7%8F%E0%B7%84%E0%B7%92%E0%B6%BB-%E0%B7%83%E0%B7%9A%E0%B7%80%E0%B7%8F%E0%B6%BD%E0%B7%8F%E0%B6%B7%E0%B7%93%E0%B6%B1%E0%B7%8A.pdf,
phone,pass,Published phone: 04 604 604 60,https://labourmin.gov.lk/wp-content/uploads/2025/11/%E0%B6%B4%E0%B7%94%E0%B6%BB%E0%B7%80%E0%B7%90%E0%B7%83%E0%B7%92-%E0%B7%83%E0%B7%9A%E0%B7%80%E0%B7%8F%E0%B6%BD%E0%B6%B7%E0%B7%93-%E0%B6%B4%E0%B7%8A_%E0%B6%BB%E0%B6%A5%E0%B6%B4%E0%B7%8A%E0%B6%AD%E0%B7%92%E0%B6%BA-%E0%B6%B6%E0%B7%8F%E0%B7%84%E0%B7%92%E0%B6%BB-%E0%B7%83%E0%B7%9A%E0%B7%80%E0%B7%8F%E0%B6%BD%E0%B7%8F%E0%B6%B7%E0%B7%93%E0%B6%B1%E0%B7%8A.pdf,
phone,pass,Published phone: 0000184284 ,https://labourmin.gov.lk/wp-content/uploads/2025/11/%E0%B6%B4%E0%B7%94%E0%B6%BB%E0%B7%80%E0%B7%90%E0%B7%83%E0%B7%92-%E0%B7%83%E0%B7%9A%E0%B7%80%E0%B7%8F%E0%B6%BD%E0%B6%B7%E0%B7%93-%E0%B6%B4%E0%B7%8A_%E0%B6%BB%E0%B6%A5%E0%B6%B4%E0%B7%8A%E0%B6%AD%E0%B7%92%E0%B6%BA-%E0%B6%B6%E0%B7%8F%E0%B7%84%E0%B7%92%E0%B6%BB-%E0%B7%83%E0%B7%9A%E0%B7%80%E0%B7%8F%E0%B6%BD%E0%B7%8F%E0%B6%B7%E0%B7%93%E0%B6%B1%E0%B7%8A.pdf,
phone,pass,Published phone: 0000000438 ,https://labourmin.gov.lk/wp-content/uploads/2025/11/%E0%B6%B4%E0%B7%94%E0%B6%BB%E0%B7%80%E0%B7%90%E0%B7%83%E0%B7%92-%E0%B7%83%E0%B7%9A%E0%B7%80%E0%B7%8F%E0%B6%BD%E0%B6%B7%E0%B7%93-%E0%B6%B4%E0%B7%8A_%E0%B6%BB%E0%B6%A5%E0%B6%B4%E0%B7%8A%E0%B6%AD%E0%B7%92%E0%B6%BA-%E0%B6%B6%E0%B7%8F%E0%B7%84%E0%B7%92%E0%B6%BB-%E0%B7%83%E0%B7%9A%E0%B7%80%E0%B7%8F%E0%B6%BD%E0%B7%8F%E0%B6%B7%E0%B7%93%E0%B6%B1%E0%B7%8A.pdf,
phone,pass,Published phone: 0000000586 ,https://labourmin.gov.lk/wp-content/uploads/2025/11/%E0%B6%B4%E0%B7%94%E0%B6%BB%E0%B7%80%E0%B7%90%E0%B7%83%E0%B7%92-%E0%B7%83%E0%B7%9A%E0%B7%80%E0%B7%8F%E0%B6%BD%E0%B6%B7%E0%B7%93-%E0%B6%B4%E0%B7%8A_%E0%B6%BB%E0%B6%A5%E0%B6%B4%E0%B7%8A%E0%B6%AD%E0%B7%92%E0%B6%BA-%E0%B6%B6%E0%B7%8F%E0%B7%84%E0%B7%92%E0%B6%BB-%E0%B7%83%E0%B7%9A%E0%B7%80%E0%B7%8F%E0%B6%BD%E0%B7%8F%E0%B6%B7%E0%B7%93%E0%B6%B1%E0%B7%8A.pdf,
phone,pass,Published phone: 0000000469 ,https://labourmin.gov.lk/wp-content/uploads/2025/11/%E0%B6%B4%E0%B7%94%E0%B6%BB%E0%B7%80%E0%B7%90%E0%B7%83%E0%B7%92-%E0%B7%83%E0%B7%9A%E0%B7%80%E0%B7%8F%E0%B6%BD%E0%B6%B7%E0%B7%93-%E0%B6%B4%E0%B7%8A_%E0%B6%BB%E0%B6%A5%E0%B6%B4%E0%B7%8A%E0%B6%AD%E0%B7%92%E0%B6%BA-%E0%B6%B6%E0%B7%8F%E0%B7%84%E0%B7%92%E0%B6%BB-%E0%B7%83%E0%B7%9A%E0%B7%80%E0%B7%8F%E0%B6%BD%E0%B7%8F%E0%B6%B7%E0%B7%93%E0%B6%B1%E0%B7%8A.pdf,
phone,pass,Published phone: 0000000214 ,https://labourmin.gov.lk/wp-content/uploads/2025/11/%E0%B6%B4%E0%B7%94%E0%B6%BB%E0%B7%80%E0%B7%90%E0%B7%83%E0%B7%92-%E0%B7%83%E0%B7%9A%E0%B7%80%E0%B7%8F%E0%B6%BD%E0%B6%B7%E0%B7%93-%E0%B6%B4%E0%B7%8A_%E0%B6%BB%E0%B6%A5%E0%B6%B4%E0%B7%8A%E0%B6%AD%E0%B7%92%E0%B6%BA-%E0%B6%B6%E0%B7%8F%E0%B7%84%E0%B7%92%E0%B6%BB-%E0%B7%83%E0%B7%9A%E0%B7%80%E0%B7%8F%E0%B6%BD%E0%B7%8F%E0%B6%B7%E0%B7%93%E0%B6%B1%E0%B7%8A.pdf,
phone,pass,Published phone: 0000000217 ,https://labourmin.gov.lk/wp-content/uploads/2025/11/%E0%B6%B4%E0%B7%94%E0%B6%BB%E0%B7%80%E0%B7%90%E0%B7%83%E0%B7%92-%E0%B7%83%E0%B7%9A%E0%B7%80%E0%B7%8F%E0%B6%BD%E0%B6%B7%E0%B7%93-%E0%B6%B4%E0%B7%8A_%E0%B6%BB%E0%B6%A5%E0%B6%B4%E0%B7%8A%E0%B6%AD%E0%B7%92%E0%B6%BA-%E0%B6%B6%E0%B7%8F%E0%B7%84%E0%B7%92%E0%B6%BB-%E0%B7%83%E0%B7%9A%E0%B7%80%E0%B7%8F%E0%B6%BD%E0%B7%8F%E0%B6%B7%E0%B7%93%E0%B6%B1%E0%B7%8A.pdf,
phone,pass,Published phone: 0000000423 ,https://labourmin.gov.lk/wp-content/uploads/2025/11/%E0%B6%B4%E0%B7%94%E0%B6%BB%E0%B7%80%E0%B7%90%E0%B7%83%E0%B7%92-%E0%B7%83%E0%B7%9A%E0%B7%80%E0%B7%8F%E0%B6%BD%E0%B6%B7%E0%B7%93-%E0%B6%B4%E0%B7%8A_%E0%B6%BB%E0%B6%A5%E0%B6%B4%E0%B7%8A%E0%B6%AD%E0%B7%92%E0%B6%BA-%E0%B6%B6%E0%B7%8F%E0%B7%84%E0%B7%92%E0%B6%BB-%E0%B7%83%E0%B7%9A%E0%B7%80%E0%B7%8F%E0%B6%BD%E0%B7%8F%E0%B6%B7%E0%B7%93%E0%B6%B1%E0%B7%8A.pdf,
phone,pass,Published phone: 0000000399 ,https://labourmin.gov.lk/wp-content/uploads/2025/11/%E0%B6%B4%E0%B7%94%E0%B6%BB%E0%B7%80%E0%B7%90%E0%B7%83%E0%B7%92-%E0%B7%83%E0%B7%9A%E0%B7%80%E0%B7%8F%E0%B6%BD%E0%B6%B7%E0%B7%93-%E0%B6%B4%E0%B7%8A_%E0%B6%BB%E0%B6%A5%E0%B6%B4%E0%B7%8A%E0%B6%AD%E0%B7%92%E0%B6%BA-%E0%B6%B6%E0%B7%8F%E0%B7%84%E0%B7%92%E0%B6%BB-%E0%B7%83%E0%B7%9A%E0%B7%80%E0%B7%8F%E0%B6%BD%E0%B7%8F%E0%B6%B7%E0%B7%93%E0%B6%B1%E0%B7%8A.pdf,
phone,pass,Published phone: 0000000484 ,https://labourmin.gov.lk/wp-content/uploads/2025/11/%E0%B6%B4%E0%B7%94%E0%B6%BB%E0%B7%80%E0%B7%90%E0%B7%83%E0%B7%92-%E0%B7%83%E0%B7%9A%E0%B7%80%E0%B7%8F%E0%B6%BD%E0%B6%B7%E0%B7%93-%E0%B6%B4%E0%B7%8A_%E0%B6%BB%E0%B6%A5%E0%B6%B4%E0%B7%8A%E0%B6%AD%E0%B7%92%E0%B6%BA-%E0%B6%B6%E0%B7%8F%E0%B7%84%E0%B7%92%E0%B6%BB-%E0%B7%83%E0%B7%9A%E0%B7%80%E0%B7%8F%E0%B6%BD%E0%B7%8F%E0%B6%B7%E0%B7%93%E0%B6%B1%E0%B7%8A.pdf,
phone,pass,Published phone: 0000000155 ,https://labourmin.gov.lk/wp-content/uploads/2025/11/%E0%B6%B4%E0%B7%94%E0%B6%BB%E0%B7%80%E0%B7%90%E0%B7%83%E0%B7%92-%E0%B7%83%E0%B7%9A%E0%B7%80%E0%B7%8F%E0%B6%BD%E0%B6%B7%E0%B7%93-%E0%B6%B4%E0%B7%8A_%E0%B6%BB%E0%B6%A5%E0%B6%B4%E0%B7%8A%E0%B6%AD%E0%B7%92%E0%B6%BA-%E0%B6%B6%E0%B7%8F%E0%B7%84%E0%B7%92%E0%B6%BB-%E0%B7%83%E0%B7%9A%E0%B7%80%E0%B7%8F%E0%B6%BD%E0%B7%8F%E0%B6%B7%E0%B7%93%E0%B6%B1%E0%B7%8A.pdf,
phone,pass,Published phone: 0000000081 ,https://labourmin.gov.lk/wp-content/uploads/2025/11/%E0%B6%B4%E0%B7%94%E0%B6%BB%E0%B7%80%E0%B7%90%E0%B7%83%E0%B7%92-%E0%B7%83%E0%B7%9A%E0%B7%80%E0%B7%8F%E0%B6%BD%E0%B6%B7%E0%B7%93-%E0%B6%B4%E0%B7%8A_%E0%B6%BB%E0%B6%A5%E0%B6%B4%E0%B7%8A%E0%B6%AD%E0%B7%92%E0%B6%BA-%E0%B6%B6%E0%B7%8F%E0%B7%84%E0%B7%92%E0%B6%BB-%E0%B7%83%E0%B7%9A%E0%B7%80%E0%B7%8F%E0%B6%BD%E0%B7%8F%E0%B6%B7%E0%B7%93%E0%B6%B1%E0%B7%8A.pdf,
phone,pass,Published phone: 0000000373 ,https://labourmin.gov.lk/wp-content/uploads/2025/11/%E0%B6%B4%E0%B7%94%E0%B6%BB%E0%B7%80%E0%B7%90%E0%B7%83%E0%B7%92-%E0%B7%83%E0%B7%9A%E0%B7%80%E0%B7%8F%E0%B6%BD%E0%B6%B7%E0%B7%93-%E0%B6%B4%E0%B7%8A_%E0%B6%BB%E0%B6%A5%E0%B6%B4%E0%B7%8A%E0%B6%AD%E0%B7%92%E0%B6%BA-%E0%B6%B6%E0%B7%8F%E0%B7%84%E0%B7%92%E0%B6%BB-%E0%B7%83%E0%B7%9A%E0%B7%80%E0%B7%8F%E0%B6%BD%E0%B7%8F%E0%B6%B7%E0%B7%93%E0%B6%B1%E0%B7%8A.pdf,
phone,pass,Published phone: 0000000277 ,https://labourmin.gov.lk/wp-content/uploads/2025/11/%E0%B6%B4%E0%B7%94%E0%B6%BB%E0%B7%80%E0%B7%90%E0%B7%83%E0%B7%92-%E0%B7%83%E0%B7%9A%E0%B7%80%E0%B7%8F%E0%B6%BD%E0%B6%B7%E0%B7%93-%E0%B6%B4%E0%B7%8A_%E0%B6%BB%E0%B6%A5%E0%B6%B4%E0%B7%8A%E0%B6%AD%E0%B7%92%E0%B6%BA-%E0%B6%B6%E0%B7%8F%E0%B7%84%E0%B7%92%E0%B6%BB-%E0%B7%83%E0%B7%9A%E0%B7%80%E0%B7%8F%E0%B6%BD%E0%B7%8F%E0%B6%B7%E0%B7%93%E0%B6%B1%E0%B7%8A.pdf,
phone,pass,Published phone: 0000000478 ,https://labourmin.gov.lk/wp-content/uploads/2025/11/%E0%B6%B4%E0%B7%94%E0%B6%BB%E0%B7%80%E0%B7%90%E0%B7%83%E0%B7%92-%E0%B7%83%E0%B7%9A%E0%B7%80%E0%B7%8F%E0%B6%BD%E0%B6%B7%E0%B7%93-%E0%B6%B4%E0%B7%8A_%E0%B6%BB%E0%B6%A5%E0%B6%B4%E0%B7%8A%E0%B6%AD%E0%B7%92%E0%B6%BA-%E0%B6%B6%E0%B7%8F%E0%B7%84%E0%B7%92%E0%B6%BB-%E0%B7%83%E0%B7%9A%E0%B7%80%E0%B7%8F%E0%B6%BD%E0%B7%8F%E0%B6%B7%E0%B7%93%E0%B6%B1%E0%B7%8A.pdf,
phone,pass,Published phone: 0000000333 ,https://labourmin.gov.lk/wp-content/uploads/2025/11/%E0%B6%B4%E0%B7%94%E0%B6%BB%E0%B7%80%E0%B7%90%E0%B7%83%E0%B7%92-%E0%B7%83%E0%B7%9A%E0%B7%80%E0%B7%8F%E0%B6%BD%E0%B6%B7%E0%B7%93-%E0%B6%B4%E0%B7%8A_%E0%B6%BB%E0%B6%A5%E0%B6%B4%E0%B7%8A%E0%B6%AD%E0%B7%92%E0%B6%BA-%E0%B6%B6%E0%B7%8F%E0%B7%84%E0%B7%92%E0%B6%BB-%E0%B7%83%E0%B7%9A%E0%B7%80%E0%B7%8F%E0%B6%BD%E0%B7%8F%E0%B6%B7%E0%B7%93%E0%B6%B1%E0%B7%8A.pdf,
phone,pass,Published phone: 0000064740 ,https://labourmin.gov.lk/wp-content/uploads/2025/11/%E0%B6%B4%E0%B7%94%E0%B6%BB%E0%B7%80%E0%B7%90%E0%B7%83%E0%B7%92-%E0%B7%83%E0%B7%9A%E0%B7%80%E0%B7%8F%E0%B6%BD%E0%B6%B7%E0%B7%93-%E0%B6%B4%E0%B7%8A_%E0%B6%BB%E0%B6%A5%E0%B6%B4%E0%B7%8A%E0%B6%AD%E0%B7%92%E0%B6%BA-%E0%B6%B6%E0%B7%8F%E0%B7%84%E0%B7%92%E0%B6%BB-%E0%B7%83%E0%B7%9A%E0%B7%80%E0%B7%8F%E0%B6%BD%E0%B7%8F%E0%B6%B7%E0%B7%93%E0%B6%B1%E0%B7%8A.pdf,
phone,pass,Published phone: 0000000269 ,https://labourmin.gov.lk/wp-content/uploads/2025/11/%E0%B6%B4%E0%B7%94%E0%B6%BB%E0%B7%80%E0%B7%90%E0%B7%83%E0%B7%92-%E0%B7%83%E0%B7%9A%E0%B7%80%E0%B7%8F%E0%B6%BD%E0%B6%B7%E0%B7%93-%E0%B6%B4%E0%B7%8A_%E0%B6%BB%E0%B6%A5%E0%B6%B4%E0%B7%8A%E0%B6%AD%E0%B7%92%E0%B6%BA-%E0%B6%B6%E0%B7%8F%E0%B7%84%E0%B7%92%E0%B6%BB-%E0%B7%83%E0%B7%9A%E0%B7%80%E0%B7%8F%E0%B6%BD%E0%B7%8F%E0%B6%B7%E0%B7%93%E0%B6%B1%E0%B7%8A.pdf,
phone,pass,Published phone: 0000000115 ,https://labourmin.gov.lk/wp-content/uploads/2025/11/%E0%B6%B4%E0%B7%94%E0%B6%BB%E0%B7%80%E0%B7%90%E0%B7%83%E0%B7%92-%E0%B7%83%E0%B7%9A%E0%B7%80%E0%B7%8F%E0%B6%BD%E0%B6%B7%E0%B7%93-%E0%B6%B4%E0%B7%8A_%E0%B6%BB%E0%B6%A5%E0%B6%B4%E0%B7%8A%E0%B6%AD%E0%B7%92%E0%B6%BA-%E0%B6%B6%E0%B7%8F%E0%B7%84%E0%B7%92%E0%B6%BB-%E0%B7%83%E0%B7%9A%E0%B7%80%E0%B7%8F%E0%B6%BD%E0%B7%8F%E0%B6%B7%E0%B7%93%E0%B6%B1%E0%B7%8A.pdf,
phone,pass,Published phone: 0000000575 ,https://labourmin.gov.lk/wp-content/uploads/2025/11/%E0%B6%B4%E0%B7%94%E0%B6%BB%E0%B7%80%E0%B7%90%E0%B7%83%E0%B7%92-%E0%B7%83%E0%B7%9A%E0%B7%80%E0%B7%8F%E0%B6%BD%E0%B6%B7%E0%B7%93-%E0%B6%B4%E0%B7%8A_%E0%B6%BB%E0%B6%A5%E0%B6%B4%E0%B7%8A%E0%B6%AD%E0%B7%92%E0%B6%BA-%E0%B6%B6%E0%B7%8F%E0%B7%84%E0%B7%92%E0%B6%BB-%E0%B7%83%E0%B7%9A%E0%B7%80%E0%B7%8F%E0%B6%BD%E0%B7%8F%E0%B6%B7%E0%B7%93%E0%B6%B1%E0%B7%8A.pdf,
phone,pass,Published phone: 0000000058 ,https://labourmin.gov.lk/wp-content/uploads/2025/11/%E0%B6%B4%E0%B7%94%E0%B6%BB%E0%B7%80%E0%B7%90%E0%B7%83%E0%B7%92-%E0%B7%83%E0%B7%9A%E0%B7%80%E0%B7%8F%E0%B6%BD%E0%B6%B7%E0%B7%93-%E0%B6%B4%E0%B7%8A_%E0%B6%BB%E0%B6%A5%E0%B6%B4%E0%B7%8A%E0%B6%AD%E0%B7%92%E0%B6%BA-%E0%B6%B6%E0%B7%8F%E0%B7%84%E0%B7%92%E0%B6%BB-%E0%B7%83%E0%B7%9A%E0%B7%80%E0%B7%8F%E0%B6%BD%E0%B7%8F%E0%B6%B7%E0%B7%93%E0%B6%B1%E0%B7%8A.pdf,
phone,pass,Published phone: 0000000234 ,https://labourmin.gov.lk/wp-content/uploads/2025/11/%E0%B6%B4%E0%B7%94%E0%B6%BB%E0%B7%80%E0%B7%90%E0%B7%83%E0%B7%92-%E0%B7%83%E0%B7%9A%E0%B7%80%E0%B7%8F%E0%B6%BD%E0%B6%B7%E0%B7%93-%E0%B6%B4%E0%B7%8A_%E0%B6%BB%E0%B6%A5%E0%B6%B4%E0%B7%8A%E0%B6%AD%E0%B7%92%E0%B6%BA-%E0%B6%B6%E0%B7%8F%E0%B7%84%E0%B7%92%E0%B6%BB-%E0%B7%83%E0%B7%9A%E0%B7%80%E0%B7%8F%E0%B6%BD%E0%B7%8F%E0%B6%B7%E0%B7%93%E0%B6%B1%E0%B7%8A.pdf,
phone,pass,Published phone: 0000000565 ,https://labourmin.gov.lk/wp-content/uploads/2025/11/%E0%B6%B4%E0%B7%94%E0%B6%BB%E0%B7%80%E0%B7%90%E0%B7%83%E0%B7%92-%E0%B7%83%E0%B7%9A%E0%B7%80%E0%B7%8F%E0%B6%BD%E0%B6%B7%E0%B7%93-%E0%B6%B4%E0%B7%8A_%E0%B6%BB%E0%B6%A5%E0%B6%B4%E0%B7%8A%E0%B6%AD%E0%B7%92%E0%B6%BA-%E0%B6%B6%E0%B7%8F%E0%B7%84%E0%B7%92%E0%B6%BB-%E0%B7%83%E0%B7%9A%E0%B7%80%E0%B7%8F%E0%B6%BD%E0%B7%8F%E0%B6%B7%E0%B7%93%E0%B6%B1%E0%B7%8A.pdf,
phone,pass,Published phone: 0000000144 ,https://labourmin.gov.lk/wp-content/uploads/2025/11/%E0%B6%B4%E0%B7%94%E0%B6%BB%E0%B7%80%E0%B7%90%E0%B7%83%E0%B7%92-%E0%B7%83%E0%B7%9A%E0%B7%80%E0%B7%8F%E0%B6%BD%E0%B6%B7%E0%B7%93-%E0%B6%B4%E0%B7%8A_%E0%B6%BB%E0%B6%A5%E0%B6%B4%E0%B7%8A%E0%B6%AD%E0%B7%92%E0%B6%BA-%E0%B6%B6%E0%B7%8F%E0%B7%84%E0%B7%92%E0%B6%BB-%E0%B7%83%E0%B7%9A%E0%B7%80%E0%B7%8F%E0%B6%BD%E0%B7%8F%E0%B6%B7%E0%B7%93%E0%B6%B1%E0%B7%8A.pdf,
phone,pass,Published phone: 0000000457 ,https://labourmin.gov.lk/wp-content/uploads/2025/11/%E0%B6%B4%E0%B7%94%E0%B6%BB%E0%B7%80%E0%B7%90%E0%B7%83%E0%B7%92-%E0%B7%83%E0%B7%9A%E0%B7%80%E0%B7%8F%E0%B6%BD%E0%B6%B7%E0%B7%93-%E0%B6%B4%E0%B7%8A_%E0%B6%BB%E0%B6%A5%E0%B6%B4%E0%B7%8A%E0%B6%AD%E0%B7%92%E0%B6%BA-%E0%B6%B6%E0%B7%8F%E0%B7%84%E0%B7%92%E0%B6%BB-%E0%B7%83%E0%B7%9A%E0%B7%80%E0%B7%8F%E0%B6%BD%E0%B7%8F%E0%B6%B7%E0%B7%93%E0%B6%B1%E0%B7%8A.pdf,
phone,pass,Published phone: 0000000461 ,https://labourmin.gov.lk/wp-content/uploads/2025/11/%E0%B6%B4%E0%B7%94%E0%B6%BB%E0%B7%80%E0%B7%90%E0%B7%83%E0%B7%92-%E0%B7%83%E0%B7%9A%E0%B7%80%E0%B7%8F%E0%B6%BD%E0%B6%B7%E0%B7%93-%E0%B6%B4%E0%B7%8A_%E0%B6%BB%E0%B6%A5%E0%B6%B4%E0%B7%8A%E0%B6%AD%E0%B7%92%E0%B6%BA-%E0%B6%B6%E0%B7%8F%E0%B7%84%E0%B7%92%E0%B6%BB-%E0%B7%83%E0%B7%9A%E0%B7%80%E0%B7%8F%E0%B6%BD%E0%B7%8F%E0%B6%B7%E0%B7%93%E0%B6%B1%E0%B7%8A.pdf,
phone,pass,Published phone: 0000000521 ,https://labourmin.gov.lk/wp-content/uploads/2025/11/%E0%B6%B4%E0%B7%94%E0%B6%BB%E0%B7%80%E0%B7%90%E0%B7%83%E0%B7%92-%E0%B7%83%E0%B7%9A%E0%B7%80%E0%B7%8F%E0%B6%BD%E0%B6%B7%E0%B7%93-%E0%B6%B4%E0%B7%8A_%E0%B6%BB%E0%B6%A5%E0%B6%B4%E0%B7%8A%E0%B6%AD%E0%B7%92%E0%B6%BA-%E0%B6%B6%E0%B7%8F%E0%B7%84%E0%B7%92%E0%B6%BB-%E0%B7%83%E0%B7%9A%E0%B7%80%E0%B7%8F%E0%B6%BD%E0%B7%8F%E0%B6%B7%E0%B7%93%E0%B6%B1%E0%B7%8A.pdf,
phone,pass,Published phone: 0000000410 ,https://labourmin.gov.lk/wp-content/uploads/2025/11/%E0%B6%B4%E0%B7%94%E0%B6%BB%E0%B7%80%E0%B7%90%E0%B7%83%E0%B7%92-%E0%B7%83%E0%B7%9A%E0%B7%80%E0%B7%8F%E0%B6%BD%E0%B6%B7%E0%B7%93-%E0%B6%B4%E0%B7%8A_%E0%B6%BB%E0%B6%A5%E0%B6%B4%E0%B7%8A%E0%B6%AD%E0%B7%92%E0%B6%BA-%E0%B6%B6%E0%B7%8F%E0%B7%84%E0%B7%92%E0%B6%BB-%E0%B7%83%E0%B7%9A%E0%B7%80%E0%B7%8F%E0%B6%BD%E0%B7%8F%E0%B6%B7%E0%B7%93%E0%B6%B1%E0%B7%8A.pdf,
phone,pass,Published phone: 0000000393 ,https://labourmin.gov.lk/wp-content/uploads/2025/11/%E0%B6%B4%E0%B7%94%E0%B6%BB%E0%B7%80%E0%B7%90%E0%B7%83%E0%B7%92-%E0%B7%83%E0%B7%9A%E0%B7%80%E0%B7%8F%E0%B6%BD%E0%B6%B7%E0%B7%93-%E0%B6%B4%E0%B7%8A_%E0%B6%BB%E0%B6%A5%E0%B6%B4%E0%B7%8A%E0%B6%AD%E0%B7%92%E0%B6%BA-%E0%B6%B6%E0%B7%8F%E0%B7%84%E0%B7%92%E0%B6%BB-%E0%B7%83%E0%B7%9A%E0%B7%80%E0%B7%8F%E0%B6%BD%E0%B7%8F%E0%B6%B7%E0%B7%93%E0%B6%B1%E0%B7%8A.pdf,
phone,pass,Published phone: 0000000408 ,https://labourmin.gov.lk/wp-content/uploads/2025/11/%E0%B6%B4%E0%B7%94%E0%B6%BB%E0%B7%80%E0%B7%90%E0%B7%83%E0%B7%92-%E0%B7%83%E0%B7%9A%E0%B7%80%E0%B7%8F%E0%B6%BD%E0%B6%B7%E0%B7%93-%E0%B6%B4%E0%B7%8A_%E0%B6%BB%E0%B6%A5%E0%B6%B4%E0%B7%8A%E0%B6%AD%E0%B7%92%E0%B6%BA-%E0%B6%B6%E0%B7%8F%E0%B7%84%E0%B7%92%E0%B6%BB-%E0%B7%83%E0%B7%9A%E0%B7%80%E0%B7%8F%E0%B6%BD%E0%B7%8F%E0%B6%B7%E0%B7%93%E0%B6%B1%E0%B7%8A.pdf,
phone,pass,Published phone: 0000000255 ,https://labourmin.gov.lk/wp-content/uploads/2025/11/%E0%B6%B4%E0%B7%94%E0%B6%BB%E0%B7%80%E0%B7%90%E0%B7%83%E0%B7%92-%E0%B7%83%E0%B7%9A%E0%B7%80%E0%B7%8F%E0%B6%BD%E0%B6%B7%E0%B7%93-%E0%B6%B4%E0%B7%8A_%E0%B6%BB%E0%B6%A5%E0%B6%B4%E0%B7%8A%E0%B6%AD%E0%B7%92%E0%B6%BA-%E0%B6%B6%E0%B7%8F%E0%B7%84%E0%B7%92%E0%B6%BB-%E0%B7%83%E0%B7%9A%E0%B7%80%E0%B7%8F%E0%B6%BD%E0%B7%8F%E0%B6%B7%E0%B7%93%E0%B6%B1%E0%B7%8A.pdf,
phone,pass,Published phone: 0000000050 ,https://labourmin.gov.lk/wp-content/uploads/2025/11/%E0%B6%B4%E0%B7%94%E0%B6%BB%E0%B7%80%E0%B7%90%E0%B7%83%E0%B7%92-%E0%B7%83%E0%B7%9A%E0%B7%80%E0%B7%8F%E0%B6%BD%E0%B6%B7%E0%B7%93-%E0%B6%B4%E0%B7%8A_%E0%B6%BB%E0%B6%A5%E0%B6%B4%E0%B7%8A%E0%B6%AD%E0%B7%92%E0%B6%BA-%E0%B6%B6%E0%B7%8F%E0%B7%84%E0%B7%92%E0%B6%BB-%E0%B7%83%E0%B7%9A%E0%B7%80%E0%B7%8F%E0%B6%BD%E0%B7%8F%E0%B6%B7%E0%B7%93%E0%B6%B1%E0%B7%8A.pdf,
phone,pass,Published phone: 0000000532 ,https://labourmin.gov.lk/wp-content/uploads/2025/11/%E0%B6%B4%E0%B7%94%E0%B6%BB%E0%B7%80%E0%B7%90%E0%B7%83%E0%B7%92-%E0%B7%83%E0%B7%9A%E0%B7%80%E0%B7%8F%E0%B6%BD%E0%B6%B7%E0%B7%93-%E0%B6%B4%E0%B7%8A_%E0%B6%BB%E0%B6%A5%E0%B6%B4%E0%B7%8A%E0%B6%AD%E0%B7%92%E0%B6%BA-%E0%B6%B6%E0%B7%8F%E0%B7%84%E0%B7%92%E0%B6%BB-%E0%B7%83%E0%B7%9A%E0%B7%80%E0%B7%8F%E0%B6%BD%E0%B7%8F%E0%B6%B7%E0%B7%93%E0%B6%B1%E0%B7%8A.pdf,
phone,pass,Published phone: 0000162700 ,https://labourmin.gov.lk/wp-content/uploads/2025/11/%E0%B6%B4%E0%B7%94%E0%B6%BB%E0%B7%80%E0%B7%90%E0%B7%83%E0%B7%92-%E0%B7%83%E0%B7%9A%E0%B7%80%E0%B7%8F%E0%B6%BD%E0%B6%B7%E0%B7%93-%E0%B6%B4%E0%B7%8A_%E0%B6%BB%E0%B6%A5%E0%B6%B4%E0%B7%8A%E0%B6%AD%E0%B7%92%E0%B6%BA-%E0%B6%B6%E0%B7%8F%E0%B7%84%E0%B7%92%E0%B6%BB-%E0%B7%83%E0%B7%9A%E0%B7%80%E0%B7%8F%E0%B6%BD%E0%B7%8F%E0%B6%B7%E0%B7%93%E0%B6%B1%E0%B7%8A.pdf,
phone,pass,Published phone: 0000000458 ,https://labourmin.gov.lk/wp-content/uploads/2025/11/%E0%B6%B4%E0%B7%94%E0%B6%BB%E0%B7%80%E0%B7%90%E0%B7%83%E0%B7%92-%E0%B7%83%E0%B7%9A%E0%B7%80%E0%B7%8F%E0%B6%BD%E0%B6%B7%E0%B7%93-%E0%B6%B4%E0%B7%8A_%E0%B6%BB%E0%B6%A5%E0%B6%B4%E0%B7%8A%E0%B6%AD%E0%B7%92%E0%B6%BA-%E0%B6%B6%E0%B7%8F%E0%B7%84%E0%B7%92%E0%B6%BB-%E0%B7%83%E0%B7%9A%E0%B7%80%E0%B7%8F%E0%B6%BD%E0%B7%8F%E0%B6%B7%E0%B7%93%E0%B6%B1%E0%B7%8A.pdf,
phone,pass,Published phone: 0000000573 ,https://labourmin.gov.lk/wp-content/uploads/2025/11/%E0%B6%B4%E0%B7%94%E0%B6%BB%E0%B7%80%E0%B7%90%E0%B7%83%E0%B7%92-%E0%B7%83%E0%B7%9A%E0%B7%80%E0%B7%8F%E0%B6%BD%E0%B6%B7%E0%B7%93-%E0%B6%B4%E0%B7%8A_%E0%B6%BB%E0%B6%A5%E0%B6%B4%E0%B7%8A%E0%B6%AD%E0%B7%92%E0%B6%BA-%E0%B6%B6%E0%B7%8F%E0%B7%84%E0%B7%92%E0%B6%BB-%E0%B7%83%E0%B7%9A%E0%B7%80%E0%B7%8F%E0%B6%BD%E0%B7%8F%E0%B6%B7%E0%B7%93%E0%B6%B1%E0%B7%8A.pdf,
phone,pass,Published phone: 0000000165 ,https://labourmin.gov.lk/wp-content/uploads/2025/11/%E0%B6%B4%E0%B7%94%E0%B6%BB%E0%B7%80%E0%B7%90%E0%B7%83%E0%B7%92-%E0%B7%83%E0%B7%9A%E0%B7%80%E0%B7%8F%E0%B6%BD%E0%B6%B7%E0%B7%93-%E0%B6%B4%E0%B7%8A_%E0%B6%BB%E0%B6%A5%E0%B6%B4%E0%B7%8A%E0%B6%AD%E0%B7%92%E0%B6%BA-%E0%B6%B6%E0%B7%8F%E0%B7%84%E0%B7%92%E0%B6%BB-%E0%B7%83%E0%B7%9A%E0%B7%80%E0%B7%8F%E0%B6%BD%E0%B7%8F%E0%B6%B7%E0%B7%93%E0%B6%B1%E0%B7%8A.pdf,
phone,pass,Published phone: 08 604 656 60,https://labourmin.gov.lk/wp-content/uploads/2025/11/%E0%B6%B4%E0%B7%94%E0%B6%BB%E0%B7%80%E0%B7%90%E0%B7%83%E0%B7%92-%E0%B7%83%E0%B7%9A%E0%B7%80%E0%B7%8F%E0%B6%BD%E0%B6%B7%E0%B7%93-%E0%B6%B4%E0%B7%8A_%E0%B6%BB%E0%B6%A5%E0%B6%B4%E0%B7%8A%E0%B6%AD%E0%B7%92%E0%B6%BA-%E0%B6%B6%E0%B7%8F%E0%B7%84%E0%B7%92%E0%B6%BB-%E0%B7%83%E0%B7%9A%E0%B7%80%E0%B7%8F%E0%B6%BD%E0%B7%8F%E0%B6%B7%E0%B7%93%E0%B6%B1%E0%B7%8A.pdf,
phone,pass,Published phone: 0000000171 ,https://labourmin.gov.lk/wp-content/uploads/2025/11/%E0%B6%B4%E0%B7%94%E0%B6%BB%E0%B7%80%E0%B7%90%E0%B7%83%E0%B7%92-%E0%B7%83%E0%B7%9A%E0%B7%80%E0%B7%8F%E0%B6%BD%E0%B6%B7%E0%B7%93-%E0%B6%B4%E0%B7%8A_%E0%B6%BB%E0%B6%A5%E0%B6%B4%E0%B7%8A%E0%B6%AD%E0%B7%92%E0%B6%BA-%E0%B6%B6%E0%B7%8F%E0%B7%84%E0%B7%92%E0%B6%BB-%E0%B7%83%E0%B7%9A%E0%B7%80%E0%B7%8F%E0%B6%BD%E0%B7%8F%E0%B6%B7%E0%B7%93%E0%B6%B1%E0%B7%8A.pdf,
phone,pass,Published phone: 0000000466 ,https://labourmin.gov.lk/wp-content/uploads/2025/11/%E0%B6%B4%E0%B7%94%E0%B6%BB%E0%B7%80%E0%B7%90%E0%B7%83%E0%B7%92-%E0%B7%83%E0%B7%9A%E0%B7%80%E0%B7%8F%E0%B6%BD%E0%B6%B7%E0%B7%93-%E0%B6%B4%E0%B7%8A_%E0%B6%BB%E0%B6%A5%E0%B6%B4%E0%B7%8A%E0%B6%AD%E0%B7%92%E0%B6%BA-%E0%B6%B6%E0%B7%8F%E0%B7%84%E0%B7%92%E0%B6%BB-%E0%B7%83%E0%B7%9A%E0%B7%80%E0%B7%8F%E0%B6%BD%E0%B7%8F%E0%B6%B7%E0%B7%93%E0%B6%B1%E0%B7%8A.pdf,
phone,pass,Published phone: 0000000549 ,https://labourmin.gov.lk/wp-content/uploads/2025/11/%E0%B6%B4%E0%B7%94%E0%B6%BB%E0%B7%80%E0%B7%90%E0%B7%83%E0%B7%92-%E0%B7%83%E0%B7%9A%E0%B7%80%E0%B7%8F%E0%B6%BD%E0%B6%B7%E0%B7%93-%E0%B6%B4%E0%B7%8A_%E0%B6%BB%E0%B6%A5%E0%B6%B4%E0%B7%8A%E0%B6%AD%E0%B7%92%E0%B6%BA-%E0%B6%B6%E0%B7%8F%E0%B7%84%E0%B7%92%E0%B6%BB-%E0%B7%83%E0%B7%9A%E0%B7%80%E0%B7%8F%E0%B6%BD%E0%B7%8F%E0%B6%B7%E0%B7%93%E0%B6%B1%E0%B7%8A.pdf,
phone,pass,Published phone: 0000000435 ,https://labourmin.gov.lk/wp-content/uploads/2025/11/%E0%B6%B4%E0%B7%94%E0%B6%BB%E0%B7%80%E0%B7%90%E0%B7%83%E0%B7%92-%E0%B7%83%E0%B7%9A%E0%B7%80%E0%B7%8F%E0%B6%BD%E0%B6%B7%E0%B7%93-%E0%B6%B4%E0%B7%8A_%E0%B6%BB%E0%B6%A5%E0%B6%B4%E0%B7%8A%E0%B6%AD%E0%B7%92%E0%B6%BA-%E0%B6%B6%E0%B7%8F%E0%B7%84%E0%B7%92%E0%B6%BB-%E0%B7%83%E0%B7%9A%E0%B7%80%E0%B7%8F%E0%B6%BD%E0%B7%8F%E0%B6%B7%E0%B7%93%E0%B6%B1%E0%B7%8A.pdf,
phone,pass,Published phone: 0000000329 ,https://labourmin.gov.lk/wp-content/uploads/2025/11/%E0%B6%B4%E0%B7%94%E0%B6%BB%E0%B7%80%E0%B7%90%E0%B7%83%E0%B7%92-%E0%B7%83%E0%B7%9A%E0%B7%80%E0%B7%8F%E0%B6%BD%E0%B6%B7%E0%B7%93-%E0%B6%B4%E0%B7%8A_%E0%B6%BB%E0%B6%A5%E0%B6%B4%E0%B7%8A%E0%B6%AD%E0%B7%92%E0%B6%BA-%E0%B6%B6%E0%B7%8F%E0%B7%84%E0%B7%92%E0%B6%BB-%E0%B7%83%E0%B7%9A%E0%B7%80%E0%B7%8F%E0%B6%BD%E0%B7%8F%E0%B6%B7%E0%B7%93%E0%B6%B1%E0%B7%8A.pdf,
phone,pass,Published phone: 0000000130 ,https://labourmin.gov.lk/wp-content/uploads/2025/11/%E0%B6%B4%E0%B7%94%E0%B6%BB%E0%B7%80%E0%B7%90%E0%B7%83%E0%B7%92-%E0%B7%83%E0%B7%9A%E0%B7%80%E0%B7%8F%E0%B6%BD%E0%B6%B7%E0%B7%93-%E0%B6%B4%E0%B7%8A_%E0%B6%BB%E0%B6%A5%E0%B6%B4%E0%B7%8A%E0%B6%AD%E0%B7%92%E0%B6%BA-%E0%B6%B6%E0%B7%8F%E0%B7%84%E0%B7%92%E0%B6%BB-%E0%B7%83%E0%B7%9A%E0%B7%80%E0%B7%8F%E0%B6%BD%E0%B7%8F%E0%B6%B7%E0%B7%93%E0%B6%B1%E0%B7%8A.pdf,
phone,pass,Published phone: 0000000140 ,https://labourmin.gov.lk/wp-content/uploads/2025/11/%E0%B6%B4%E0%B7%94%E0%B6%BB%E0%B7%80%E0%B7%90%E0%B7%83%E0%B7%92-%E0%B7%83%E0%B7%9A%E0%B7%80%E0%B7%8F%E0%B6%BD%E0%B6%B7%E0%B7%93-%E0%B6%B4%E0%B7%8A_%E0%B6%BB%E0%B6%A5%E0%B6%B4%E0%B7%8A%E0%B6%AD%E0%B7%92%E0%B6%BA-%E0%B6%B6%E0%B7%8F%E0%B7%84%E0%B7%92%E0%B6%BB-%E0%B7%83%E0%B7%9A%E0%B7%80%E0%B7%8F%E0%B6%BD%E0%B7%8F%E0%B6%B7%E0%B7%93%E0%B6%B1%E0%B7%8A.pdf,
phone,pass,Published phone: 0000000094 ,https://labourmin.gov.lk/wp-content/uploads/2025/11/%E0%B6%B4%E0%B7%94%E0%B6%BB%E0%B7%80%E0%B7%90%E0%B7%83%E0%B7%92-%E0%B7%83%E0%B7%9A%E0%B7%80%E0%B7%8F%E0%B6%BD%E0%B6%B7%E0%B7%93-%E0%B6%B4%E0%B7%8A_%E0%B6%BB%E0%B6%A5%E0%B6%B4%E0%B7%8A%E0%B6%AD%E0%B7%92%E0%B6%BA-%E0%B6%B6%E0%B7%8F%E0%B7%84%E0%B7%92%E0%B6%BB-%E0%B7%83%E0%B7%9A%E0%B7%80%E0%B7%8F%E0%B6%BD%E0%B7%8F%E0%B6%B7%E0%B7%93%E0%B6%B1%E0%B7%8A.pdf,
phone,pass,Published phone: 0000128050 ,https://labourmin.gov.lk/wp-content/uploads/2025/11/%E0%B6%B4%E0%B7%94%E0%B6%BB%E0%B7%80%E0%B7%90%E0%B7%83%E0%B7%92-%E0%B7%83%E0%B7%9A%E0%B7%80%E0%B7%8F%E0%B6%BD%E0%B6%B7%E0%B7%93-%E0%B6%B4%E0%B7%8A_%E0%B6%BB%E0%B6%A5%E0%B6%B4%E0%B7%8A%E0%B6%AD%E0%B7%92%E0%B6%BA-%E0%B6%B6%E0%B7%8F%E0%B7%84%E0%B7%92%E0%B6%BB-%E0%B7%83%E0%B7%9A%E0%B7%80%E0%B7%8F%E0%B6%BD%E0%B7%8F%E0%B6%B7%E0%B7%93%E0%B6%B1%E0%B7%8A.pdf,
phone,pass,Published phone: 0000000401 ,https://labourmin.gov.lk/wp-content/uploads/2025/11/%E0%B6%B4%E0%B7%94%E0%B6%BB%E0%B7%80%E0%B7%90%E0%B7%83%E0%B7%92-%E0%B7%83%E0%B7%9A%E0%B7%80%E0%B7%8F%E0%B6%BD%E0%B6%B7%E0%B7%93-%E0%B6%B4%E0%B7%8A_%E0%B6%BB%E0%B6%A5%E0%B6%B4%E0%B7%8A%E0%B6%AD%E0%B7%92%E0%B6%BA-%E0%B6%B6%E0%B7%8F%E0%B7%84%E0%B7%92%E0%B6%BB-%E0%B7%83%E0%B7%9A%E0%B7%80%E0%B7%8F%E0%B6%BD%E0%B7%8F%E0%B6%B7%E0%B7%93%E0%B6%B1%E0%B7%8A.pdf,
phone,pass,Published phone: 0000000309 ,https://labourmin.gov.lk/wp-content/uploads/2025/11/%E0%B6%B4%E0%B7%94%E0%B6%BB%E0%B7%80%E0%B7%90%E0%B7%83%E0%B7%92-%E0%B7%83%E0%B7%9A%E0%B7%80%E0%B7%8F%E0%B6%BD%E0%B6%B7%E0%B7%93-%E0%B6%B4%E0%B7%8A_%E0%B6%BB%E0%B6%A5%E0%B6%B4%E0%B7%8A%E0%B6%AD%E0%B7%92%E0%B6%BA-%E0%B6%B6%E0%B7%8F%E0%B7%84%E0%B7%92%E0%B6%BB-%E0%B7%83%E0%B7%9A%E0%B7%80%E0%B7%8F%E0%B6%BD%E0%B7%8F%E0%B6%B7%E0%B7%93%E0%B6%B1%E0%B7%8A.pdf,
phone,pass,Published phone: 0000000000 ,https://labourmin.gov.lk/wp-content/uploads/2025/11/%E0%B6%B4%E0%B7%94%E0%B6%BB%E0%B7%80%E0%B7%90%E0%B7%83%E0%B7%92-%E0%B7%83%E0%B7%9A%E0%B7%80%E0%B7%8F%E0%B6%BD%E0%B6%B7%E0%B7%93-%E0%B6%B4%E0%B7%8A_%E0%B6%BB%E0%B6%A5%E0%B6%B4%E0%B7%8A%E0%B6%AD%E0%B7%92%E0%B6%BA-%E0%B6%B6%E0%B7%8F%E0%B7%84%E0%B7%92%E0%B6%BB-%E0%B7%83%E0%B7%9A%E0%B7%80%E0%B7%8F%E0%B6%BD%E0%B7%8F%E0%B6%B7%E0%B7%93%E0%B6%B1%E0%B7%8A.pdf,
phone,pass,Published phone: 0000000208 ,https://labourmin.gov.lk/wp-content/uploads/2025/11/%E0%B6%B4%E0%B7%94%E0%B6%BB%E0%B7%80%E0%B7%90%E0%B7%83%E0%B7%92-%E0%B7%83%E0%B7%9A%E0%B7%80%E0%B7%8F%E0%B6%BD%E0%B6%B7%E0%B7%93-%E0%B6%B4%E0%B7%8A_%E0%B6%BB%E0%B6%A5%E0%B6%B4%E0%B7%8A%E0%B6%AD%E0%B7%92%E0%B6%BA-%E0%B6%B6%E0%B7%8F%E0%B7%84%E0%B7%92%E0%B6%BB-%E0%B7%83%E0%B7%9A%E0%B7%80%E0%B7%8F%E0%B6%BD%E0%B7%8F%E0%B6%B7%E0%B7%93%E0%B6%B1%E0%B7%8A.pdf,
phone,pass,Published phone: 0000000406 ,https://labourmin.gov.lk/wp-content/uploads/2025/11/%E0%B6%B4%E0%B7%94%E0%B6%BB%E0%B7%80%E0%B7%90%E0%B7%83%E0%B7%92-%E0%B7%83%E0%B7%9A%E0%B7%80%E0%B7%8F%E0%B6%BD%E0%B6%B7%E0%B7%93-%E0%B6%B4%E0%B7%8A_%E0%B6%BB%E0%B6%A5%E0%B6%B4%E0%B7%8A%E0%B6%AD%E0%B7%92%E0%B6%BA-%E0%B6%B6%E0%B7%8F%E0%B7%84%E0%B7%92%E0%B6%BB-%E0%B7%83%E0%B7%9A%E0%B7%80%E0%B7%8F%E0%B6%BD%E0%B7%8F%E0%B6%B7%E0%B7%93%E0%B6%B1%E0%B7%8A.pdf,
phone,pass,Published phone: 0000000544 ,https://labourmin.gov.lk/wp-content/uploads/2025/11/%E0%B6%B4%E0%B7%94%E0%B6%BB%E0%B7%80%E0%B7%90%E0%B7%83%E0%B7%92-%E0%B7%83%E0%B7%9A%E0%B7%80%E0%B7%8F%E0%B6%BD%E0%B6%B7%E0%B7%93-%E0%B6%B4%E0%B7%8A_%E0%B6%BB%E0%B6%A5%E0%B6%B4%E0%B7%8A%E0%B6%AD%E0%B7%92%E0%B6%BA-%E0%B6%B6%E0%B7%8F%E0%B7%84%E0%B7%92%E0%B6%BB-%E0%B7%83%E0%B7%9A%E0%B7%80%E0%B7%8F%E0%B6%BD%E0%B7%8F%E0%B6%B7%E0%B7%93%E0%B6%B1%E0%B7%8A.pdf,
phone,pass,Published phone: 0000000345 ,https://labourmin.gov.lk/wp-content/uploads/2025/11/%E0%B6%B4%E0%B7%94%E0%B6%BB%E0%B7%80%E0%B7%90%E0%B7%83%E0%B7%92-%E0%B7%83%E0%B7%9A%E0%B7%80%E0%B7%8F%E0%B6%BD%E0%B6%B7%E0%B7%93-%E0%B6%B4%E0%B7%8A_%E0%B6%BB%E0%B6%A5%E0%B6%B4%E0%B7%8A%E0%B6%AD%E0%B7%92%E0%B6%BA-%E0%B6%B6%E0%B7%8F%E0%B7%84%E0%B7%92%E0%B6%BB-%E0%B7%83%E0%B7%9A%E0%B7%80%E0%B7%8F%E0%B6%BD%E0%B7%8F%E0%B6%B7%E0%B7%93%E0%B6%B1%E0%B7%8A.pdf,
phone,pass,Published phone: 0000000261 ,https://labourmin.gov.lk/wp-content/uploads/2025/11/%E0%B6%B4%E0%B7%94%E0%B6%BB%E0%B7%80%E0%B7%90%E0%B7%83%E0%B7%92-%E0%B7%83%E0%B7%9A%E0%B7%80%E0%B7%8F%E0%B6%BD%E0%B6%B7%E0%B7%93-%E0%B6%B4%E0%B7%8A_%E0%B6%BB%E0%B6%A5%E0%B6%B4%E0%B7%8A%E0%B6%AD%E0%B7%92%E0%B6%BA-%E0%B6%B6%E0%B7%8F%E0%B7%84%E0%B7%92%E0%B6%BB-%E0%B7%83%E0%B7%9A%E0%B7%80%E0%B7%8F%E0%B6%BD%E0%B7%8F%E0%B6%B7%E0%B7%93%E0%B6%B1%E0%B7%8A.pdf,
phone,pass,Published phone: 0000000182 ,https://labourmin.gov.lk/wp-content/uploads/2025/11/%E0%B6%B4%E0%B7%94%E0%B6%BB%E0%B7%80%E0%B7%90%E0%B7%83%E0%B7%92-%E0%B7%83%E0%B7%9A%E0%B7%80%E0%B7%8F%E0%B6%BD%E0%B6%B7%E0%B7%93-%E0%B6%B4%E0%B7%8A_%E0%B6%BB%E0%B6%A5%E0%B6%B4%E0%B7%8A%E0%B6%AD%E0%B7%92%E0%B6%BA-%E0%B6%B6%E0%B7%8F%E0%B7%84%E0%B7%92%E0%B6%BB-%E0%B7%83%E0%B7%9A%E0%B7%80%E0%B7%8F%E0%B6%BD%E0%B7%8F%E0%B6%B7%E0%B7%93%E0%B6%B1%E0%B7%8A.pdf,
phone,pass,Published phone: 0000000583 ,https://labourmin.gov.lk/wp-content/uploads/2025/11/%E0%B6%B4%E0%B7%94%E0%B6%BB%E0%B7%80%E0%B7%90%E0%B7%83%E0%B7%92-%E0%B7%83%E0%B7%9A%E0%B7%80%E0%B7%8F%E0%B6%BD%E0%B6%B7%E0%B7%93-%E0%B6%B4%E0%B7%8A_%E0%B6%BB%E0%B6%A5%E0%B6%B4%E0%B7%8A%E0%B6%AD%E0%B7%92%E0%B6%BA-%E0%B6%B6%E0%B7%8F%E0%B7%84%E0%B7%92%E0%B6%BB-%E0%B7%83%E0%B7%9A%E0%B7%80%E0%B7%8F%E0%B6%BD%E0%B7%8F%E0%B6%B7%E0%B7%93%E0%B6%B1%E0%B7%8A.pdf,
phone,pass,Published phone: 0000000306 ,https://labourmin.gov.lk/wp-content/uploads/2025/11/%E0%B6%B4%E0%B7%94%E0%B6%BB%E0%B7%80%E0%B7%90%E0%B7%83%E0%B7%92-%E0%B7%83%E0%B7%9A%E0%B7%80%E0%B7%8F%E0%B6%BD%E0%B6%B7%E0%B7%93-%E0%B6%B4%E0%B7%8A_%E0%B6%BB%E0%B6%A5%E0%B6%B4%E0%B7%8A%E0%B6%AD%E0%B7%92%E0%B6%BA-%E0%B6%B6%E0%B7%8F%E0%B7%84%E0%B7%92%E0%B6%BB-%E0%B7%83%E0%B7%9A%E0%B7%80%E0%B7%8F%E0%B6%BD%E0%B7%8F%E0%B6%B7%E0%B7%93%E0%B6%B1%E0%B7%8A.pdf,
phone,pass,Published phone: 0000000430 ,https://labourmin.gov.lk/wp-content/uploads/2025/11/%E0%B6%B4%E0%B7%94%E0%B6%BB%E0%B7%80%E0%B7%90%E0%B7%83%E0%B7%92-%E0%B7%83%E0%B7%9A%E0%B7%80%E0%B7%8F%E0%B6%BD%E0%B6%B7%E0%B7%93-%E0%B6%B4%E0%B7%8A_%E0%B6%BB%E0%B6%A5%E0%B6%B4%E0%B7%8A%E0%B6%AD%E0%B7%92%E0%B6%BA-%E0%B6%B6%E0%B7%8F%E0%B7%84%E0%B7%92%E0%B6%BB-%E0%B7%83%E0%B7%9A%E0%B7%80%E0%B7%8F%E0%B6%BD%E0%B7%8F%E0%B6%B7%E0%B7%93%E0%B6%B1%E0%B7%8A.pdf,
phone,pass,Published phone: 0000000297 ,https://labourmin.gov.lk/wp-content/uploads/2025/11/%E0%B6%B4%E0%B7%94%E0%B6%BB%E0%B7%80%E0%B7%90%E0%B7%83%E0%B7%92-%E0%B7%83%E0%B7%9A%E0%B7%80%E0%B7%8F%E0%B6%BD%E0%B6%B7%E0%B7%93-%E0%B6%B4%E0%B7%8A_%E0%B6%BB%E0%B6%A5%E0%B6%B4%E0%B7%8A%E0%B6%AD%E0%B7%92%E0%B6%BA-%E0%B6%B6%E0%B7%8F%E0%B7%84%E0%B7%92%E0%B6%BB-%E0%B7%83%E0%B7%9A%E0%B7%80%E0%B7%8F%E0%B6%BD%E0%B7%8F%E0%B6%B7%E0%B7%93%E0%B6%B1%E0%B7%8A.pdf,
phone,pass,Published phone: 00 500 500 50,https://labourmin.gov.lk/wp-content/uploads/2025/11/%E0%B6%B4%E0%B7%94%E0%B6%BB%E0%B7%80%E0%B7%90%E0%B7%83%E0%B7%92-%E0%B7%83%E0%B7%9A%E0%B7%80%E0%B7%8F%E0%B6%BD%E0%B6%B7%E0%B7%93-%E0%B6%B4%E0%B7%8A_%E0%B6%BB%E0%B6%A5%E0%B6%B4%E0%B7%8A%E0%B6%AD%E0%B7%92%E0%B6%BA-%E0%B6%B6%E0%B7%8F%E0%B7%84%E0%B7%92%E0%B6%BB-%E0%B7%83%E0%B7%9A%E0%B7%80%E0%B7%8F%E0%B6%BD%E0%B7%8F%E0%B6%B7%E0%B7%93%E0%B6%B1%E0%B7%8A.pdf,
phone,pass,Published phone: 0000000499 ,https://labourmin.gov.lk/wp-content/uploads/2025/11/%E0%B6%B4%E0%B7%94%E0%B6%BB%E0%B7%80%E0%B7%90%E0%B7%83%E0%B7%92-%E0%B7%83%E0%B7%9A%E0%B7%80%E0%B7%8F%E0%B6%BD%E0%B6%B7%E0%B7%93-%E0%B6%B4%E0%B7%8A_%E0%B6%BB%E0%B6%A5%E0%B6%B4%E0%B7%8A%E0%B6%AD%E0%B7%92%E0%B6%BA-%E0%B6%B6%E0%B7%8F%E0%B7%84%E0%B7%92%E0%B6%BB-%E0%B7%83%E0%B7%9A%E0%B7%80%E0%B7%8F%E0%B6%BD%E0%B7%8F%E0%B6%B7%E0%B7%93%E0%B6%B1%E0%B7%8A.pdf,
phone,pass,Published phone: 0000000567 ,https://labourmin.gov.lk/wp-content/uploads/2025/11/%E0%B6%B4%E0%B7%94%E0%B6%BB%E0%B7%80%E0%B7%90%E0%B7%83%E0%B7%92-%E0%B7%83%E0%B7%9A%E0%B7%80%E0%B7%8F%E0%B6%BD%E0%B6%B7%E0%B7%93-%E0%B6%B4%E0%B7%8A_%E0%B6%BB%E0%B6%A5%E0%B6%B4%E0%B7%8A%E0%B6%AD%E0%B7%92%E0%B6%BA-%E0%B6%B6%E0%B7%8F%E0%B7%84%E0%B7%92%E0%B6%BB-%E0%B7%83%E0%B7%9A%E0%B7%80%E0%B7%8F%E0%B6%BD%E0%B7%8F%E0%B6%B7%E0%B7%93%E0%B6%B1%E0%B7%8A.pdf,
phone,pass,Published phone: 0000000364 ,https://labourmin.gov.lk/wp-content/uploads/2025/11/%E0%B6%B4%E0%B7%94%E0%B6%BB%E0%B7%80%E0%B7%90%E0%B7%83%E0%B7%92-%E0%B7%83%E0%B7%9A%E0%B7%80%E0%B7%8F%E0%B6%BD%E0%B6%B7%E0%B7%93-%E0%B6%B4%E0%B7%8A_%E0%B6%BB%E0%B6%A5%E0%B6%B4%E0%B7%8A%E0%B6%AD%E0%B7%92%E0%B6%BA-%E0%B6%B6%E0%B7%8F%E0%B7%84%E0%B7%92%E0%B6%BB-%E0%B7%83%E0%B7%9A%E0%B7%80%E0%B7%8F%E0%B6%BD%E0%B7%8F%E0%B6%B7%E0%B7%93%E0%B6%B1%E0%B7%8A.pdf,
phone,pass,Published phone: 0000011652 ,https://labourmin.gov.lk/wp-content/uploads/2025/11/%E0%B6%B4%E0%B7%94%E0%B6%BB%E0%B7%80%E0%B7%90%E0%B7%83%E0%B7%92-%E0%B7%83%E0%B7%9A%E0%B7%80%E0%B7%8F%E0%B6%BD%E0%B6%B7%E0%B7%93-%E0%B6%B4%E0%B7%8A_%E0%B6%BB%E0%B6%A5%E0%B6%B4%E0%B7%8A%E0%B6%AD%E0%B7%92%E0%B6%BA-%E0%B6%B6%E0%B7%8F%E0%B7%84%E0%B7%92%E0%B6%BB-%E0%B7%83%E0%B7%9A%E0%B7%80%E0%B7%8F%E0%B6%BD%E0%B7%8F%E0%B6%B7%E0%B7%93%E0%B6%B1%E0%B7%8A.pdf,
phone,pass,Published phone: 0000000127 ,https://labourmin.gov.lk/wp-content/uploads/2025/11/%E0%B6%B4%E0%B7%94%E0%B6%BB%E0%B7%80%E0%B7%90%E0%B7%83%E0%B7%92-%E0%B7%83%E0%B7%9A%E0%B7%80%E0%B7%8F%E0%B6%BD%E0%B6%B7%E0%B7%93-%E0%B6%B4%E0%B7%8A_%E0%B6%BB%E0%B6%A5%E0%B6%B4%E0%B7%8A%E0%B6%AD%E0%B7%92%E0%B6%BA-%E0%B6%B6%E0%B7%8F%E0%B7%84%E0%B7%92%E0%B6%BB-%E0%B7%83%E0%B7%9A%E0%B7%80%E0%B7%8F%E0%B6%BD%E0%B7%8F%E0%B6%B7%E0%B7%93%E0%B6%B1%E0%B7%8A.pdf,
phone,pass,Published phone: 0000009238 ,https://labourmin.gov.lk/wp-content/uploads/2025/11/%E0%B6%B4%E0%B7%94%E0%B6%BB%E0%B7%80%E0%B7%90%E0%B7%83%E0%B7%92-%E0%B7%83%E0%B7%9A%E0%B7%80%E0%B7%8F%E0%B6%BD%E0%B6%B7%E0%B7%93-%E0%B6%B4%E0%B7%8A_%E0%B6%BB%E0%B6%A5%E0%B6%B4%E0%B7%8A%E0%B6%AD%E0%B7%92%E0%B6%BA-%E0%B6%B6%E0%B7%8F%E0%B7%84%E0%B7%92%E0%B6%BB-%E0%B7%83%E0%B7%9A%E0%B7%80%E0%B7%8F%E0%B6%BD%E0%B7%8F%E0%B6%B7%E0%B7%93%E0%B6%B1%E0%B7%8A.pdf,
phone,pass,Published phone: 0 0 1190.52 84,https://labourmin.gov.lk/wp-content/uploads/2025/11/%E0%B6%B4%E0%B7%94%E0%B6%BB%E0%B7%80%E0%B7%90%E0%B7%83%E0%B7%92-%E0%B7%83%E0%B7%9A%E0%B7%80%E0%B7%8F%E0%B6%BD%E0%B6%B7%E0%B7%93-%E0%B6%B4%E0%B7%8A_%E0%B6%BB%E0%B6%A5%E0%B6%B4%E0%B7%8A%E0%B6%AD%E0%B7%92%E0%B6%BA-%E0%B6%B6%E0%B7%8F%E0%B7%84%E0%B7%92%E0%B6%BB-%E0%B7%83%E0%B7%9A%E0%B7%80%E0%B7%8F%E0%B6%BD%E0%B7%8F%E0%B6%B7%E0%B7%93%E0%B6%B1%E0%B7%8A.pdf,
phone,pass,Published phone: 0000000247 ,https://labourmin.gov.lk/wp-content/uploads/2025/11/%E0%B6%B4%E0%B7%94%E0%B6%BB%E0%B7%80%E0%B7%90%E0%B7%83%E0%B7%92-%E0%B7%83%E0%B7%9A%E0%B7%80%E0%B7%8F%E0%B6%BD%E0%B6%B7%E0%B7%93-%E0%B6%B4%E0%B7%8A_%E0%B6%BB%E0%B6%A5%E0%B6%B4%E0%B7%8A%E0%B6%AD%E0%B7%92%E0%B6%BA-%E0%B6%B6%E0%B7%8F%E0%B7%84%E0%B7%92%E0%B6%BB-%E0%B7%83%E0%B7%9A%E0%B7%80%E0%B7%8F%E0%B6%BD%E0%B7%8F%E0%B6%B7%E0%B7%93%E0%B6%B1%E0%B7%8A.pdf,
phone,pass,Published phone: 0000000525 ,https://labourmin.gov.lk/wp-content/uploads/2025/11/%E0%B6%B4%E0%B7%94%E0%B6%BB%E0%B7%80%E0%B7%90%E0%B7%83%E0%B7%92-%E0%B7%83%E0%B7%9A%E0%B7%80%E0%B7%8F%E0%B6%BD%E0%B6%B7%E0%B7%93-%E0%B6%B4%E0%B7%8A_%E0%B6%BB%E0%B6%A5%E0%B6%B4%E0%B7%8A%E0%B6%AD%E0%B7%92%E0%B6%BA-%E0%B6%B6%E0%B7%8F%E0%B7%84%E0%B7%92%E0%B6%BB-%E0%B7%83%E0%B7%9A%E0%B7%80%E0%B7%8F%E0%B6%BD%E0%B7%8F%E0%B6%B7%E0%B7%93%E0%B6%B1%E0%B7%8A.pdf,
phone,pass,Published phone: 0000000529 ,https://labourmin.gov.lk/wp-content/uploads/2025/11/%E0%B6%B4%E0%B7%94%E0%B6%BB%E0%B7%80%E0%B7%90%E0%B7%83%E0%B7%92-%E0%B7%83%E0%B7%9A%E0%B7%80%E0%B7%8F%E0%B6%BD%E0%B6%B7%E0%B7%93-%E0%B6%B4%E0%B7%8A_%E0%B6%BB%E0%B6%A5%E0%B6%B4%E0%B7%8A%E0%B6%AD%E0%B7%92%E0%B6%BA-%E0%B6%B6%E0%B7%8F%E0%B7%84%E0%B7%92%E0%B6%BB-%E0%B7%83%E0%B7%9A%E0%B7%80%E0%B7%8F%E0%B6%BD%E0%B7%8F%E0%B6%B7%E0%B7%93%E0%B6%B1%E0%B7%8A.pdf,
phone,pass,Published phone: 0000000286 ,https://labourmin.gov.lk/wp-content/uploads/2025/11/%E0%B6%B4%E0%B7%94%E0%B6%BB%E0%B7%80%E0%B7%90%E0%B7%83%E0%B7%92-%E0%B7%83%E0%B7%9A%E0%B7%80%E0%B7%8F%E0%B6%BD%E0%B6%B7%E0%B7%93-%E0%B6%B4%E0%B7%8A_%E0%B6%BB%E0%B6%A5%E0%B6%B4%E0%B7%8A%E0%B6%AD%E0%B7%92%E0%B6%BA-%E0%B6%B6%E0%B7%8F%E0%B7%84%E0%B7%92%E0%B6%BB-%E0%B7%83%E0%B7%9A%E0%B7%80%E0%B7%8F%E0%B6%BD%E0%B7%8F%E0%B6%B7%E0%B7%93%E0%B6%B1%E0%B7%8A.pdf,
phone,pass,Published phone: 0000076258 ,https://labourmin.gov.lk/wp-content/uploads/2025/11/%E0%B6%B4%E0%B7%94%E0%B6%BB%E0%B7%80%E0%B7%90%E0%B7%83%E0%B7%92-%E0%B7%83%E0%B7%9A%E0%B7%80%E0%B7%8F%E0%B6%BD%E0%B6%B7%E0%B7%93-%E0%B6%B4%E0%B7%8A_%E0%B6%BB%E0%B6%A5%E0%B6%B4%E0%B7%8A%E0%B6%AD%E0%B7%92%E0%B6%BA-%E0%B6%B6%E0%B7%8F%E0%B7%84%E0%B7%92%E0%B6%BB-%E0%B7%83%E0%B7%9A%E0%B7%80%E0%B7%8F%E0%B6%BD%E0%B7%8F%E0%B6%B7%E0%B7%93%E0%B6%B1%E0%B7%8A.pdf,
phone,pass,Published phone: 0000000317 ,https://labourmin.gov.lk/wp-content/uploads/2025/11/%E0%B6%B4%E0%B7%94%E0%B6%BB%E0%B7%80%E0%B7%90%E0%B7%83%E0%B7%92-%E0%B7%83%E0%B7%9A%E0%B7%80%E0%B7%8F%E0%B6%BD%E0%B6%B7%E0%B7%93-%E0%B6%B4%E0%B7%8A_%E0%B6%BB%E0%B6%A5%E0%B6%B4%E0%B7%8A%E0%B6%AD%E0%B7%92%E0%B6%BA-%E0%B6%B6%E0%B7%8F%E0%B7%84%E0%B7%92%E0%B6%BB-%E0%B7%83%E0%B7%9A%E0%B7%80%E0%B7%8F%E0%B6%BD%E0%B7%8F%E0%B6%B7%E0%B7%93%E0%B6%B1%E0%B7%8A.pdf,
phone,pass,Published phone: 0000000194 ,https://labourmin.gov.lk/wp-content/uploads/2025/11/%E0%B6%B4%E0%B7%94%E0%B6%BB%E0%B7%80%E0%B7%90%E0%B7%83%E0%B7%92-%E0%B7%83%E0%B7%9A%E0%B7%80%E0%B7%8F%E0%B6%BD%E0%B6%B7%E0%B7%93-%E0%B6%B4%E0%B7%8A_%E0%B6%BB%E0%B6%A5%E0%B6%B4%E0%B7%8A%E0%B6%AD%E0%B7%92%E0%B6%BA-%E0%B6%B6%E0%B7%8F%E0%B7%84%E0%B7%92%E0%B6%BB-%E0%B7%83%E0%B7%9A%E0%B7%80%E0%B7%8F%E0%B6%BD%E0%B7%8F%E0%B6%B7%E0%B7%93%E0%B6%B1%E0%B7%8A.pdf,
phone,pass,Published phone: 0000000072 ,https://labourmin.gov.lk/wp-content/uploads/2025/11/%E0%B6%B4%E0%B7%94%E0%B6%BB%E0%B7%80%E0%B7%90%E0%B7%83%E0%B7%92-%E0%B7%83%E0%B7%9A%E0%B7%80%E0%B7%8F%E0%B6%BD%E0%B6%B7%E0%B7%93-%E0%B6%B4%E0%B7%8A_%E0%B6%BB%E0%B6%A5%E0%B6%B4%E0%B7%8A%E0%B6%AD%E0%B7%92%E0%B6%BA-%E0%B6%B6%E0%B7%8F%E0%B7%84%E0%B7%92%E0%B6%BB-%E0%B7%83%E0%B7%9A%E0%B7%80%E0%B7%8F%E0%B6%BD%E0%B7%8F%E0%B6%B7%E0%B7%93%E0%B6%B1%E0%B7%8A.pdf,
phone,pass,Published phone: 0000000375 ,https://labourmin.gov.lk/wp-content/uploads/2025/11/%E0%B6%B4%E0%B7%94%E0%B6%BB%E0%B7%80%E0%B7%90%E0%B7%83%E0%B7%92-%E0%B7%83%E0%B7%9A%E0%B7%80%E0%B7%8F%E0%B6%BD%E0%B6%B7%E0%B7%93-%E0%B6%B4%E0%B7%8A_%E0%B6%BB%E0%B6%A5%E0%B6%B4%E0%B7%8A%E0%B6%AD%E0%B7%92%E0%B6%BA-%E0%B6%B6%E0%B7%8F%E0%B7%84%E0%B7%92%E0%B6%BB-%E0%B7%83%E0%B7%9A%E0%B7%80%E0%B7%8F%E0%B6%BD%E0%B7%8F%E0%B6%B7%E0%B7%93%E0%B6%B1%E0%B7%8A.pdf,
phone,pass,Published phone: 0000000318 ,https://labourmin.gov.lk/wp-content/uploads/2025/11/%E0%B6%B4%E0%B7%94%E0%B6%BB%E0%B7%80%E0%B7%90%E0%B7%83%E0%B7%92-%E0%B7%83%E0%B7%9A%E0%B7%80%E0%B7%8F%E0%B6%BD%E0%B6%B7%E0%B7%93-%E0%B6%B4%E0%B7%8A_%E0%B6%BB%E0%B6%A5%E0%B6%B4%E0%B7%8A%E0%B6%AD%E0%B7%92%E0%B6%BA-%E0%B6%B6%E0%B7%8F%E0%B7%84%E0%B7%92%E0%B6%BB-%E0%B7%83%E0%B7%9A%E0%B7%80%E0%B7%8F%E0%B6%BD%E0%B7%8F%E0%B6%B7%E0%B7%93%E0%B6%B1%E0%B7%8A.pdf,
phone,pass,Published phone: 08 656 431 65,https://labourmin.gov.lk/wp-content/uploads/2025/11/%E0%B6%B4%E0%B7%94%E0%B6%BB%E0%B7%80%E0%B7%90%E0%B7%83%E0%B7%92-%E0%B7%83%E0%B7%9A%E0%B7%80%E0%B7%8F%E0%B6%BD%E0%B6%B7%E0%B7%93-%E0%B6%B4%E0%B7%8A_%E0%B6%BB%E0%B6%A5%E0%B6%B4%E0%B7%8A%E0%B6%AD%E0%B7%92%E0%B6%BA-%E0%B6%B6%E0%B7%8F%E0%B7%84%E0%B7%92%E0%B6%BB-%E0%B7%83%E0%B7%9A%E0%B7%80%E0%B7%8F%E0%B6%BD%E0%B7%8F%E0%B6%B7%E0%B7%93%E0%B6%B1%E0%B7%8A.pdf,
phone,pass,Published phone: 0000000555 ,https://labourmin.gov.lk/wp-content/uploads/2025/11/%E0%B6%B4%E0%B7%94%E0%B6%BB%E0%B7%80%E0%B7%90%E0%B7%83%E0%B7%92-%E0%B7%83%E0%B7%9A%E0%B7%80%E0%B7%8F%E0%B6%BD%E0%B6%B7%E0%B7%93-%E0%B6%B4%E0%B7%8A_%E0%B6%BB%E0%B6%A5%E0%B6%B4%E0%B7%8A%E0%B6%AD%E0%B7%92%E0%B6%BA-%E0%B6%B6%E0%B7%8F%E0%B7%84%E0%B7%92%E0%B6%BB-%E0%B7%83%E0%B7%9A%E0%B7%80%E0%B7%8F%E0%B6%BD%E0%B7%8F%E0%B6%B7%E0%B7%93%E0%B6%B1%E0%B7%8A.pdf,
phone,pass,Published phone: 0000000080 ,https://labourmin.gov.lk/wp-content/uploads/2025/11/%E0%B6%B4%E0%B7%94%E0%B6%BB%E0%B7%80%E0%B7%90%E0%B7%83%E0%B7%92-%E0%B7%83%E0%B7%9A%E0%B7%80%E0%B7%8F%E0%B6%BD%E0%B6%B7%E0%B7%93-%E0%B6%B4%E0%B7%8A_%E0%B6%BB%E0%B6%A5%E0%B6%B4%E0%B7%8A%E0%B6%AD%E0%B7%92%E0%B6%BA-%E0%B6%B6%E0%B7%8F%E0%B7%84%E0%B7%92%E0%B6%BB-%E0%B7%83%E0%B7%9A%E0%B7%80%E0%B7%8F%E0%B6%BD%E0%B7%8F%E0%B6%B7%E0%B7%93%E0%B6%B1%E0%B7%8A.pdf,
phone,pass,Published phone: 0000000289 ,https://labourmin.gov.lk/wp-content/uploads/2025/11/%E0%B6%B4%E0%B7%94%E0%B6%BB%E0%B7%80%E0%B7%90%E0%B7%83%E0%B7%92-%E0%B7%83%E0%B7%9A%E0%B7%80%E0%B7%8F%E0%B6%BD%E0%B6%B7%E0%B7%93-%E0%B6%B4%E0%B7%8A_%E0%B6%BB%E0%B6%A5%E0%B6%B4%E0%B7%8A%E0%B6%AD%E0%B7%92%E0%B6%BA-%E0%B6%B6%E0%B7%8F%E0%B7%84%E0%B7%92%E0%B6%BB-%E0%B7%83%E0%B7%9A%E0%B7%80%E0%B7%8F%E0%B6%BD%E0%B7%8F%E0%B6%B7%E0%B7%93%E0%B6%B1%E0%B7%8A.pdf,
phone,pass,Published phone: 0000009779 ,https://labourmin.gov.lk/wp-content/uploads/2025/11/%E0%B6%B4%E0%B7%94%E0%B6%BB%E0%B7%80%E0%B7%90%E0%B7%83%E0%B7%92-%E0%B7%83%E0%B7%9A%E0%B7%80%E0%B7%8F%E0%B6%BD%E0%B6%B7%E0%B7%93-%E0%B6%B4%E0%B7%8A_%E0%B6%BB%E0%B6%A5%E0%B6%B4%E0%B7%8A%E0%B6%AD%E0%B7%92%E0%B6%BA-%E0%B6%B6%E0%B7%8F%E0%B7%84%E0%B7%92%E0%B6%BB-%E0%B7%83%E0%B7%9A%E0%B7%80%E0%B7%8F%E0%B6%BD%E0%B7%8F%E0%B6%B7%E0%B7%93%E0%B6%B1%E0%B7%8A.pdf,
phone,pass,Published phone: 0000076310 ,https://labourmin.gov.lk/wp-content/uploads/2025/11/%E0%B6%B4%E0%B7%94%E0%B6%BB%E0%B7%80%E0%B7%90%E0%B7%83%E0%B7%92-%E0%B7%83%E0%B7%9A%E0%B7%80%E0%B7%8F%E0%B6%BD%E0%B6%B7%E0%B7%93-%E0%B6%B4%E0%B7%8A_%E0%B6%BB%E0%B6%A5%E0%B6%B4%E0%B7%8A%E0%B6%AD%E0%B7%92%E0%B6%BA-%E0%B6%B6%E0%B7%8F%E0%B7%84%E0%B7%92%E0%B6%BB-%E0%B7%83%E0%B7%9A%E0%B7%80%E0%B7%8F%E0%B6%BD%E0%B7%8F%E0%B6%B7%E0%B7%93%E0%B6%B1%E0%B7%8A.pdf,
phone,pass,Published phone: 0000000431 ,https://labourmin.gov.lk/wp-content/uploads/2025/11/%E0%B6%B4%E0%B7%94%E0%B6%BB%E0%B7%80%E0%B7%90%E0%B7%83%E0%B7%92-%E0%B7%83%E0%B7%9A%E0%B7%80%E0%B7%8F%E0%B6%BD%E0%B6%B7%E0%B7%93-%E0%B6%B4%E0%B7%8A_%E0%B6%BB%E0%B6%A5%E0%B6%B4%E0%B7%8A%E0%B6%AD%E0%B7%92%E0%B6%BA-%E0%B6%B6%E0%B7%8F%E0%B7%84%E0%B7%92%E0%B6%BB-%E0%B7%83%E0%B7%9A%E0%B7%80%E0%B7%8F%E0%B6%BD%E0%B7%8F%E0%B6%B7%E0%B7%93%E0%B6%B1%E0%B7%8A.pdf,
phone,pass,Published phone: 0000000467 ,https://labourmin.gov.lk/wp-content/uploads/2025/11/%E0%B6%B4%E0%B7%94%E0%B6%BB%E0%B7%80%E0%B7%90%E0%B7%83%E0%B7%92-%E0%B7%83%E0%B7%9A%E0%B7%80%E0%B7%8F%E0%B6%BD%E0%B6%B7%E0%B7%93-%E0%B6%B4%E0%B7%8A_%E0%B6%BB%E0%B6%A5%E0%B6%B4%E0%B7%8A%E0%B6%AD%E0%B7%92%E0%B6%BA-%E0%B6%B6%E0%B7%8F%E0%B7%84%E0%B7%92%E0%B6%BB-%E0%B7%83%E0%B7%9A%E0%B7%80%E0%B7%8F%E0%B6%BD%E0%B7%8F%E0%B6%B7%E0%B7%93%E0%B6%B1%E0%B7%8A.pdf,
phone,pass,Published phone: 0000000425 ,https://labourmin.gov.lk/wp-content/uploads/2025/11/%E0%B6%B4%E0%B7%94%E0%B6%BB%E0%B7%80%E0%B7%90%E0%B7%83%E0%B7%92-%E0%B7%83%E0%B7%9A%E0%B7%80%E0%B7%8F%E0%B6%BD%E0%B6%B7%E0%B7%93-%E0%B6%B4%E0%B7%8A_%E0%B6%BB%E0%B6%A5%E0%B6%B4%E0%B7%8A%E0%B6%AD%E0%B7%92%E0%B6%BA-%E0%B6%B6%E0%B7%8F%E0%B7%84%E0%B7%92%E0%B6%BB-%E0%B7%83%E0%B7%9A%E0%B7%80%E0%B7%8F%E0%B6%BD%E0%B7%8F%E0%B6%B7%E0%B7%93%E0%B6%B1%E0%B7%8A.pdf,
phone,pass,Published phone: 0000000250 ,https://labourmin.gov.lk/wp-content/uploads/2025/11/%E0%B6%B4%E0%B7%94%E0%B6%BB%E0%B7%80%E0%B7%90%E0%B7%83%E0%B7%92-%E0%B7%83%E0%B7%9A%E0%B7%80%E0%B7%8F%E0%B6%BD%E0%B6%B7%E0%B7%93-%E0%B6%B4%E0%B7%8A_%E0%B6%BB%E0%B6%A5%E0%B6%B4%E0%B7%8A%E0%B6%AD%E0%B7%92%E0%B6%BA-%E0%B6%B6%E0%B7%8F%E0%B7%84%E0%B7%92%E0%B6%BB-%E0%B7%83%E0%B7%9A%E0%B7%80%E0%B7%8F%E0%B6%BD%E0%B7%8F%E0%B6%B7%E0%B7%93%E0%B6%B1%E0%B7%8A.pdf,
phone,pass,Published phone: 0000000346 ,https://labourmin.gov.lk/wp-content/uploads/2025/11/%E0%B6%B4%E0%B7%94%E0%B6%BB%E0%B7%80%E0%B7%90%E0%B7%83%E0%B7%92-%E0%B7%83%E0%B7%9A%E0%B7%80%E0%B7%8F%E0%B6%BD%E0%B6%B7%E0%B7%93-%E0%B6%B4%E0%B7%8A_%E0%B6%BB%E0%B6%A5%E0%B6%B4%E0%B7%8A%E0%B6%AD%E0%B7%92%E0%B6%BA-%E0%B6%B6%E0%B7%8F%E0%B7%84%E0%B7%92%E0%B6%BB-%E0%B7%83%E0%B7%9A%E0%B7%80%E0%B7%8F%E0%B6%BD%E0%B7%8F%E0%B6%B7%E0%B7%93%E0%B6%B1%E0%B7%8A.pdf,
phone,pass,Published phone: 0000000426 ,https://labourmin.gov.lk/wp-content/uploads/2025/11/%E0%B6%B4%E0%B7%94%E0%B6%BB%E0%B7%80%E0%B7%90%E0%B7%83%E0%B7%92-%E0%B7%83%E0%B7%9A%E0%B7%80%E0%B7%8F%E0%B6%BD%E0%B6%B7%E0%B7%93-%E0%B6%B4%E0%B7%8A_%E0%B6%BB%E0%B6%A5%E0%B6%B4%E0%B7%8A%E0%B6%AD%E0%B7%92%E0%B6%BA-%E0%B6%B6%E0%B7%8F%E0%B7%84%E0%B7%92%E0%B6%BB-%E0%B7%83%E0%B7%9A%E0%B7%80%E0%B7%8F%E0%B6%BD%E0%B7%8F%E0%B6%B7%E0%B7%93%E0%B6%B1%E0%B7%8A.pdf,
phone,pass,Published phone: 0000009552 ,https://labourmin.gov.lk/wp-content/uploads/2025/11/%E0%B6%B4%E0%B7%94%E0%B6%BB%E0%B7%80%E0%B7%90%E0%B7%83%E0%B7%92-%E0%B7%83%E0%B7%9A%E0%B7%80%E0%B7%8F%E0%B6%BD%E0%B6%B7%E0%B7%93-%E0%B6%B4%E0%B7%8A_%E0%B6%BB%E0%B6%A5%E0%B6%B4%E0%B7%8A%E0%B6%AD%E0%B7%92%E0%B6%BA-%E0%B6%B6%E0%B7%8F%E0%B7%84%E0%B7%92%E0%B6%BB-%E0%B7%83%E0%B7%9A%E0%B7%80%E0%B7%8F%E0%B6%BD%E0%B7%8F%E0%B6%B7%E0%B7%93%E0%B6%B1%E0%B7%8A.pdf,
phone,pass,Published phone: 0000000310 ,https://labourmin.gov.lk/wp-content/uploads/2025/11/%E0%B6%B4%E0%B7%94%E0%B6%BB%E0%B7%80%E0%B7%90%E0%B7%83%E0%B7%92-%E0%B7%83%E0%B7%9A%E0%B7%80%E0%B7%8F%E0%B6%BD%E0%B6%B7%E0%B7%93-%E0%B6%B4%E0%B7%8A_%E0%B6%BB%E0%B6%A5%E0%B6%B4%E0%B7%8A%E0%B6%AD%E0%B7%92%E0%B6%BA-%E0%B6%B6%E0%B7%8F%E0%B7%84%E0%B7%92%E0%B6%BB-%E0%B7%83%E0%B7%9A%E0%B7%80%E0%B7%8F%E0%B6%BD%E0%B7%8F%E0%B6%B7%E0%B7%93%E0%B6%B1%E0%B7%8A.pdf,
phone,pass,Published phone: 0000000402 ,https://labourmin.gov.lk/wp-content/uploads/2025/11/%E0%B6%B4%E0%B7%94%E0%B6%BB%E0%B7%80%E0%B7%90%E0%B7%83%E0%B7%92-%E0%B7%83%E0%B7%9A%E0%B7%80%E0%B7%8F%E0%B6%BD%E0%B6%B7%E0%B7%93-%E0%B6%B4%E0%B7%8A_%E0%B6%BB%E0%B6%A5%E0%B6%B4%E0%B7%8A%E0%B6%AD%E0%B7%92%E0%B6%BA-%E0%B6%B6%E0%B7%8F%E0%B7%84%E0%B7%92%E0%B6%BB-%E0%B7%83%E0%B7%9A%E0%B7%80%E0%B7%8F%E0%B6%BD%E0%B7%8F%E0%B6%B7%E0%B7%93%E0%B6%B1%E0%B7%8A.pdf,
phone,pass,Published phone: 0000000539 ,https://labourmin.gov.lk/wp-content/uploads/2025/11/%E0%B6%B4%E0%B7%94%E0%B6%BB%E0%B7%80%E0%B7%90%E0%B7%83%E0%B7%92-%E0%B7%83%E0%B7%9A%E0%B7%80%E0%B7%8F%E0%B6%BD%E0%B6%B7%E0%B7%93-%E0%B6%B4%E0%B7%8A_%E0%B6%BB%E0%B6%A5%E0%B6%B4%E0%B7%8A%E0%B6%AD%E0%B7%92%E0%B6%BA-%E0%B6%B6%E0%B7%8F%E0%B7%84%E0%B7%92%E0%B6%BB-%E0%B7%83%E0%B7%9A%E0%B7%80%E0%B7%8F%E0%B6%BD%E0%B7%8F%E0%B6%B7%E0%B7%93%E0%B6%B1%E0%B7%8A.pdf,
phone,pass,Published phone: 0000014795 ,https://labourmin.gov.lk/wp-content/uploads/2025/11/%E0%B6%B4%E0%B7%94%E0%B6%BB%E0%B7%80%E0%B7%90%E0%B7%83%E0%B7%92-%E0%B7%83%E0%B7%9A%E0%B7%80%E0%B7%8F%E0%B6%BD%E0%B6%B7%E0%B7%93-%E0%B6%B4%E0%B7%8A_%E0%B6%BB%E0%B6%A5%E0%B6%B4%E0%B7%8A%E0%B6%AD%E0%B7%92%E0%B6%BA-%E0%B6%B6%E0%B7%8F%E0%B7%84%E0%B7%92%E0%B6%BB-%E0%B7%83%E0%B7%9A%E0%B7%80%E0%B7%8F%E0%B6%BD%E0%B7%8F%E0%B6%B7%E0%B7%93%E0%B6%B1%E0%B7%8A.pdf,
phone,pass,Published phone: 0000000205 ,https://labourmin.gov.lk/wp-content/uploads/2025/11/%E0%B6%B4%E0%B7%94%E0%B6%BB%E0%B7%80%E0%B7%90%E0%B7%83%E0%B7%92-%E0%B7%83%E0%B7%9A%E0%B7%80%E0%B7%8F%E0%B6%BD%E0%B6%B7%E0%B7%93-%E0%B6%B4%E0%B7%8A_%E0%B6%BB%E0%B6%A5%E0%B6%B4%E0%B7%8A%E0%B6%AD%E0%B7%92%E0%B6%BA-%E0%B6%B6%E0%B7%8F%E0%B7%84%E0%B7%92%E0%B6%BB-%E0%B7%83%E0%B7%9A%E0%B7%80%E0%B7%8F%E0%B6%BD%E0%B7%8F%E0%B6%B7%E0%B7%93%E0%B6%B1%E0%B7%8A.pdf,
phone,pass,Published phone: 0000000429 ,https://labourmin.gov.lk/wp-content/uploads/2025/11/%E0%B6%B4%E0%B7%94%E0%B6%BB%E0%B7%80%E0%B7%90%E0%B7%83%E0%B7%92-%E0%B7%83%E0%B7%9A%E0%B7%80%E0%B7%8F%E0%B6%BD%E0%B6%B7%E0%B7%93-%E0%B6%B4%E0%B7%8A_%E0%B6%BB%E0%B6%A5%E0%B6%B4%E0%B7%8A%E0%B6%AD%E0%B7%92%E0%B6%BA-%E0%B6%B6%E0%B7%8F%E0%B7%84%E0%B7%92%E0%B6%BB-%E0%B7%83%E0%B7%9A%E0%B7%80%E0%B7%8F%E0%B6%BD%E0%B7%8F%E0%B6%B7%E0%B7%93%E0%B6%B1%E0%B7%8A.pdf,
phone,pass,Published phone: 0000057664 ,https://labourmin.gov.lk/wp-content/uploads/2025/11/%E0%B6%B4%E0%B7%94%E0%B6%BB%E0%B7%80%E0%B7%90%E0%B7%83%E0%B7%92-%E0%B7%83%E0%B7%9A%E0%B7%80%E0%B7%8F%E0%B6%BD%E0%B6%B7%E0%B7%93-%E0%B6%B4%E0%B7%8A_%E0%B6%BB%E0%B6%A5%E0%B6%B4%E0%B7%8A%E0%B6%AD%E0%B7%92%E0%B6%BA-%E0%B6%B6%E0%B7%8F%E0%B7%84%E0%B7%92%E0%B6%BB-%E0%B7%83%E0%B7%9A%E0%B7%80%E0%B7%8F%E0%B6%BD%E0%B7%8F%E0%B6%B7%E0%B7%93%E0%B6%B1%E0%B7%8A.pdf,
phone,pass,Published phone: 0000000472 ,https://labourmin.gov.lk/wp-content/uploads/2025/11/%E0%B6%B4%E0%B7%94%E0%B6%BB%E0%B7%80%E0%B7%90%E0%B7%83%E0%B7%92-%E0%B7%83%E0%B7%9A%E0%B7%80%E0%B7%8F%E0%B6%BD%E0%B6%B7%E0%B7%93-%E0%B6%B4%E0%B7%8A_%E0%B6%BB%E0%B6%A5%E0%B6%B4%E0%B7%8A%E0%B6%AD%E0%B7%92%E0%B6%BA-%E0%B6%B6%E0%B7%8F%E0%B7%84%E0%B7%92%E0%B6%BB-%E0%B7%83%E0%B7%9A%E0%B7%80%E0%B7%8F%E0%B6%BD%E0%B7%8F%E0%B6%B7%E0%B7%93%E0%B6%B1%E0%B7%8A.pdf,
phone,pass,Published phone: 0000000512 ,https://labourmin.gov.lk/wp-content/uploads/2025/11/%E0%B6%B4%E0%B7%94%E0%B6%BB%E0%B7%80%E0%B7%90%E0%B7%83%E0%B7%92-%E0%B7%83%E0%B7%9A%E0%B7%80%E0%B7%8F%E0%B6%BD%E0%B6%B7%E0%B7%93-%E0%B6%B4%E0%B7%8A_%E0%B6%BB%E0%B6%A5%E0%B6%B4%E0%B7%8A%E0%B6%AD%E0%B7%92%E0%B6%BA-%E0%B6%B6%E0%B7%8F%E0%B7%84%E0%B7%92%E0%B6%BB-%E0%B7%83%E0%B7%9A%E0%B7%80%E0%B7%8F%E0%B6%BD%E0%B7%8F%E0%B6%B7%E0%B7%93%E0%B6%B1%E0%B7%8A.pdf,
phone,pass,Published phone: 0000000352 ,https://labourmin.gov.lk/wp-content/uploads/2025/11/%E0%B6%B4%E0%B7%94%E0%B6%BB%E0%B7%80%E0%B7%90%E0%B7%83%E0%B7%92-%E0%B7%83%E0%B7%9A%E0%B7%80%E0%B7%8F%E0%B6%BD%E0%B6%B7%E0%B7%93-%E0%B6%B4%E0%B7%8A_%E0%B6%BB%E0%B6%A5%E0%B6%B4%E0%B7%8A%E0%B6%AD%E0%B7%92%E0%B6%BA-%E0%B6%B6%E0%B7%8F%E0%B7%84%E0%B7%92%E0%B6%BB-%E0%B7%83%E0%B7%9A%E0%B7%80%E0%B7%8F%E0%B6%BD%E0%B7%8F%E0%B6%B7%E0%B7%93%E0%B6%B1%E0%B7%8A.pdf,
phone,pass,Published phone: 0000000065 ,https://labourmin.gov.lk/wp-content/uploads/2025/11/%E0%B6%B4%E0%B7%94%E0%B6%BB%E0%B7%80%E0%B7%90%E0%B7%83%E0%B7%92-%E0%B7%83%E0%B7%9A%E0%B7%80%E0%B7%8F%E0%B6%BD%E0%B6%B7%E0%B7%93-%E0%B6%B4%E0%B7%8A_%E0%B6%BB%E0%B6%A5%E0%B6%B4%E0%B7%8A%E0%B6%AD%E0%B7%92%E0%B6%BA-%E0%B6%B6%E0%B7%8F%E0%B7%84%E0%B7%92%E0%B6%BB-%E0%B7%83%E0%B7%9A%E0%B7%80%E0%B7%8F%E0%B6%BD%E0%B7%8F%E0%B6%B7%E0%B7%93%E0%B6%B1%E0%B7%8A.pdf,
phone,pass,Published phone: 0000000199 ,https://labourmin.gov.lk/wp-content/uploads/2025/11/%E0%B6%B4%E0%B7%94%E0%B6%BB%E0%B7%80%E0%B7%90%E0%B7%83%E0%B7%92-%E0%B7%83%E0%B7%9A%E0%B7%80%E0%B7%8F%E0%B6%BD%E0%B6%B7%E0%B7%93-%E0%B6%B4%E0%B7%8A_%E0%B6%BB%E0%B6%A5%E0%B6%B4%E0%B7%8A%E0%B6%AD%E0%B7%92%E0%B6%BA-%E0%B6%B6%E0%B7%8F%E0%B7%84%E0%B7%92%E0%B6%BB-%E0%B7%83%E0%B7%9A%E0%B7%80%E0%B7%8F%E0%B6%BD%E0%B7%8F%E0%B6%B7%E0%B7%93%E0%B6%B1%E0%B7%8A.pdf,
phone,pass,Published phone: 0000000154 ,https://labourmin.gov.lk/wp-content/uploads/2025/11/%E0%B6%B4%E0%B7%94%E0%B6%BB%E0%B7%80%E0%B7%90%E0%B7%83%E0%B7%92-%E0%B7%83%E0%B7%9A%E0%B7%80%E0%B7%8F%E0%B6%BD%E0%B6%B7%E0%B7%93-%E0%B6%B4%E0%B7%8A_%E0%B6%BB%E0%B6%A5%E0%B6%B4%E0%B7%8A%E0%B6%AD%E0%B7%92%E0%B6%BA-%E0%B6%B6%E0%B7%8F%E0%B7%84%E0%B7%92%E0%B6%BB-%E0%B7%83%E0%B7%9A%E0%B7%80%E0%B7%8F%E0%B6%BD%E0%B7%8F%E0%B6%B7%E0%B7%93%E0%B6%B1%E0%B7%8A.pdf,
phone,pass,Published phone: 0000000281 ,https://labourmin.gov.lk/wp-content/uploads/2025/11/%E0%B6%B4%E0%B7%94%E0%B6%BB%E0%B7%80%E0%B7%90%E0%B7%83%E0%B7%92-%E0%B7%83%E0%B7%9A%E0%B7%80%E0%B7%8F%E0%B6%BD%E0%B6%B7%E0%B7%93-%E0%B6%B4%E0%B7%8A_%E0%B6%BB%E0%B6%A5%E0%B6%B4%E0%B7%8A%E0%B6%AD%E0%B7%92%E0%B6%BA-%E0%B6%B6%E0%B7%8F%E0%B7%84%E0%B7%92%E0%B6%BB-%E0%B7%83%E0%B7%9A%E0%B7%80%E0%B7%8F%E0%B6%BD%E0%B7%8F%E0%B6%B7%E0%B7%93%E0%B6%B1%E0%B7%8A.pdf,
phone,pass,Published phone: 0000012319 ,https://labourmin.gov.lk/wp-content/uploads/2025/11/%E0%B6%B4%E0%B7%94%E0%B6%BB%E0%B7%80%E0%B7%90%E0%B7%83%E0%B7%92-%E0%B7%83%E0%B7%9A%E0%B7%80%E0%B7%8F%E0%B6%BD%E0%B6%B7%E0%B7%93-%E0%B6%B4%E0%B7%8A_%E0%B6%BB%E0%B6%A5%E0%B6%B4%E0%B7%8A%E0%B6%AD%E0%B7%92%E0%B6%BA-%E0%B6%B6%E0%B7%8F%E0%B7%84%E0%B7%92%E0%B6%BB-%E0%B7%83%E0%B7%9A%E0%B7%80%E0%B7%8F%E0%B6%BD%E0%B7%8F%E0%B6%B7%E0%B7%93%E0%B6%B1%E0%B7%8A.pdf,
phone,pass,Published phone: 0000000135 ,https://labourmin.gov.lk/wp-content/uploads/2025/11/%E0%B6%B4%E0%B7%94%E0%B6%BB%E0%B7%80%E0%B7%90%E0%B7%83%E0%B7%92-%E0%B7%83%E0%B7%9A%E0%B7%80%E0%B7%8F%E0%B6%BD%E0%B6%B7%E0%B7%93-%E0%B6%B4%E0%B7%8A_%E0%B6%BB%E0%B6%A5%E0%B6%B4%E0%B7%8A%E0%B6%AD%E0%B7%92%E0%B6%BA-%E0%B6%B6%E0%B7%8F%E0%B7%84%E0%B7%92%E0%B6%BB-%E0%B7%83%E0%B7%9A%E0%B7%80%E0%B7%8F%E0%B6%BD%E0%B7%8F%E0%B6%B7%E0%B7%93%E0%B6%B1%E0%B7%8A.pdf,
phone,pass,Published phone: 0000000400 ,https://labourmin.gov.lk/wp-content/uploads/2025/11/%E0%B6%B4%E0%B7%94%E0%B6%BB%E0%B7%80%E0%B7%90%E0%B7%83%E0%B7%92-%E0%B7%83%E0%B7%9A%E0%B7%80%E0%B7%8F%E0%B6%BD%E0%B6%B7%E0%B7%93-%E0%B6%B4%E0%B7%8A_%E0%B6%BB%E0%B6%A5%E0%B6%B4%E0%B7%8A%E0%B6%AD%E0%B7%92%E0%B6%BA-%E0%B6%B6%E0%B7%8F%E0%B7%84%E0%B7%92%E0%B6%BB-%E0%B7%83%E0%B7%9A%E0%B7%80%E0%B7%8F%E0%B6%BD%E0%B7%8F%E0%B6%B7%E0%B7%93%E0%B6%B1%E0%B7%8A.pdf,
phone,pass,Published phone: 0000000391 ,https://labourmin.gov.lk/wp-content/uploads/2025/11/%E0%B6%B4%E0%B7%94%E0%B6%BB%E0%B7%80%E0%B7%90%E0%B7%83%E0%B7%92-%E0%B7%83%E0%B7%9A%E0%B7%80%E0%B7%8F%E0%B6%BD%E0%B6%B7%E0%B7%93-%E0%B6%B4%E0%B7%8A_%E0%B6%BB%E0%B6%A5%E0%B6%B4%E0%B7%8A%E0%B6%AD%E0%B7%92%E0%B6%BA-%E0%B6%B6%E0%B7%8F%E0%B7%84%E0%B7%92%E0%B6%BB-%E0%B7%83%E0%B7%9A%E0%B7%80%E0%B7%8F%E0%B6%BD%E0%B7%8F%E0%B6%B7%E0%B7%93%E0%B6%B1%E0%B7%8A.pdf,
phone,pass,Published phone: 0000010870 ,https://labourmin.gov.lk/wp-content/uploads/2025/11/%E0%B6%B4%E0%B7%94%E0%B6%BB%E0%B7%80%E0%B7%90%E0%B7%83%E0%B7%92-%E0%B7%83%E0%B7%9A%E0%B7%80%E0%B7%8F%E0%B6%BD%E0%B6%B7%E0%B7%93-%E0%B6%B4%E0%B7%8A_%E0%B6%BB%E0%B6%A5%E0%B6%B4%E0%B7%8A%E0%B6%AD%E0%B7%92%E0%B6%BA-%E0%B6%B6%E0%B7%8F%E0%B7%84%E0%B7%92%E0%B6%BB-%E0%B7%83%E0%B7%9A%E0%B7%80%E0%B7%8F%E0%B6%BD%E0%B7%8F%E0%B6%B7%E0%B7%93%E0%B6%B1%E0%B7%8A.pdf,
phone,pass,Published phone: 0000000342 ,https://labourmin.gov.lk/wp-content/uploads/2025/11/%E0%B6%B4%E0%B7%94%E0%B6%BB%E0%B7%80%E0%B7%90%E0%B7%83%E0%B7%92-%E0%B7%83%E0%B7%9A%E0%B7%80%E0%B7%8F%E0%B6%BD%E0%B6%B7%E0%B7%93-%E0%B6%B4%E0%B7%8A_%E0%B6%BB%E0%B6%A5%E0%B6%B4%E0%B7%8A%E0%B6%AD%E0%B7%92%E0%B6%BA-%E0%B6%B6%E0%B7%8F%E0%B7%84%E0%B7%92%E0%B6%BB-%E0%B7%83%E0%B7%9A%E0%B7%80%E0%B7%8F%E0%B6%BD%E0%B7%8F%E0%B6%B7%E0%B7%93%E0%B6%B1%E0%B7%8A.pdf,
phone,pass,Published phone: 0000000543 ,https://labourmin.gov.lk/wp-content/uploads/2025/11/%E0%B6%B4%E0%B7%94%E0%B6%BB%E0%B7%80%E0%B7%90%E0%B7%83%E0%B7%92-%E0%B7%83%E0%B7%9A%E0%B7%80%E0%B7%8F%E0%B6%BD%E0%B6%B7%E0%B7%93-%E0%B6%B4%E0%B7%8A_%E0%B6%BB%E0%B6%A5%E0%B6%B4%E0%B7%8A%E0%B6%AD%E0%B7%92%E0%B6%BA-%E0%B6%B6%E0%B7%8F%E0%B7%84%E0%B7%92%E0%B6%BB-%E0%B7%83%E0%B7%9A%E0%B7%80%E0%B7%8F%E0%B6%BD%E0%B7%8F%E0%B6%B7%E0%B7%93%E0%B6%B1%E0%B7%8A.pdf,
phone,pass,Published phone: 0000013851 ,https://labourmin.gov.lk/wp-content/uploads/2025/11/%E0%B6%B4%E0%B7%94%E0%B6%BB%E0%B7%80%E0%B7%90%E0%B7%83%E0%B7%92-%E0%B7%83%E0%B7%9A%E0%B7%80%E0%B7%8F%E0%B6%BD%E0%B6%B7%E0%B7%93-%E0%B6%B4%E0%B7%8A_%E0%B6%BB%E0%B6%A5%E0%B6%B4%E0%B7%8A%E0%B6%AD%E0%B7%92%E0%B6%BA-%E0%B6%B6%E0%B7%8F%E0%B7%84%E0%B7%92%E0%B6%BB-%E0%B7%83%E0%B7%9A%E0%B7%80%E0%B7%8F%E0%B6%BD%E0%B7%8F%E0%B6%B7%E0%B7%93%E0%B6%B1%E0%B7%8A.pdf,
phone,pass,Published phone: 0000000551 ,https://labourmin.gov.lk/wp-content/uploads/2025/11/%E0%B6%B4%E0%B7%94%E0%B6%BB%E0%B7%80%E0%B7%90%E0%B7%83%E0%B7%92-%E0%B7%83%E0%B7%9A%E0%B7%80%E0%B7%8F%E0%B6%BD%E0%B6%B7%E0%B7%93-%E0%B6%B4%E0%B7%8A_%E0%B6%BB%E0%B6%A5%E0%B6%B4%E0%B7%8A%E0%B6%AD%E0%B7%92%E0%B6%BA-%E0%B6%B6%E0%B7%8F%E0%B7%84%E0%B7%92%E0%B6%BB-%E0%B7%83%E0%B7%9A%E0%B7%80%E0%B7%8F%E0%B6%BD%E0%B7%8F%E0%B6%B7%E0%B7%93%E0%B6%B1%E0%B7%8A.pdf,
phone,pass,Published phone: 0000000561 ,https://labourmin.gov.lk/wp-content/uploads/2025/11/%E0%B6%B4%E0%B7%94%E0%B6%BB%E0%B7%80%E0%B7%90%E0%B7%83%E0%B7%92-%E0%B7%83%E0%B7%9A%E0%B7%80%E0%B7%8F%E0%B6%BD%E0%B6%B7%E0%B7%93-%E0%B6%B4%E0%B7%8A_%E0%B6%BB%E0%B6%A5%E0%B6%B4%E0%B7%8A%E0%B6%AD%E0%B7%92%E0%B6%BA-%E0%B6%B6%E0%B7%8F%E0%B7%84%E0%B7%92%E0%B6%BB-%E0%B7%83%E0%B7%9A%E0%B7%80%E0%B7%8F%E0%B6%BD%E0%B7%8F%E0%B6%B7%E0%B7%93%E0%B6%B1%E0%B7%8A.pdf,
phone,pass,Published phone: 0000162772 ,https://labourmin.gov.lk/wp-content/uploads/2025/11/%E0%B6%B4%E0%B7%94%E0%B6%BB%E0%B7%80%E0%B7%90%E0%B7%83%E0%B7%92-%E0%B7%83%E0%B7%9A%E0%B7%80%E0%B7%8F%E0%B6%BD%E0%B6%B7%E0%B7%93-%E0%B6%B4%E0%B7%8A_%E0%B6%BB%E0%B6%A5%E0%B6%B4%E0%B7%8A%E0%B6%AD%E0%B7%92%E0%B6%BA-%E0%B6%B6%E0%B7%8F%E0%B7%84%E0%B7%92%E0%B6%BB-%E0%B7%83%E0%B7%9A%E0%B7%80%E0%B7%8F%E0%B6%BD%E0%B7%8F%E0%B6%B7%E0%B7%93%E0%B6%B1%E0%B7%8A.pdf,
phone,pass,Published phone: 0000000417 ,https://labourmin.gov.lk/wp-content/uploads/2025/11/%E0%B6%B4%E0%B7%94%E0%B6%BB%E0%B7%80%E0%B7%90%E0%B7%83%E0%B7%92-%E0%B7%83%E0%B7%9A%E0%B7%80%E0%B7%8F%E0%B6%BD%E0%B6%B7%E0%B7%93-%E0%B6%B4%E0%B7%8A_%E0%B6%BB%E0%B6%A5%E0%B6%B4%E0%B7%8A%E0%B6%AD%E0%B7%92%E0%B6%BA-%E0%B6%B6%E0%B7%8F%E0%B7%84%E0%B7%92%E0%B6%BB-%E0%B7%83%E0%B7%9A%E0%B7%80%E0%B7%8F%E0%B6%BD%E0%B7%8F%E0%B6%B7%E0%B7%93%E0%B6%B1%E0%B7%8A.pdf,
phone,pass,Published phone: 0000000443 ,https://labourmin.gov.lk/wp-content/uploads/2025/11/%E0%B6%B4%E0%B7%94%E0%B6%BB%E0%B7%80%E0%B7%90%E0%B7%83%E0%B7%92-%E0%B7%83%E0%B7%9A%E0%B7%80%E0%B7%8F%E0%B6%BD%E0%B6%B7%E0%B7%93-%E0%B6%B4%E0%B7%8A_%E0%B6%BB%E0%B6%A5%E0%B6%B4%E0%B7%8A%E0%B6%AD%E0%B7%92%E0%B6%BA-%E0%B6%B6%E0%B7%8F%E0%B7%84%E0%B7%92%E0%B6%BB-%E0%B7%83%E0%B7%9A%E0%B7%80%E0%B7%8F%E0%B6%BD%E0%B7%8F%E0%B6%B7%E0%B7%93%E0%B6%B1%E0%B7%8A.pdf,
phone,pass,Published phone: 0000000290 ,https://labourmin.gov.lk/wp-content/uploads/2025/11/%E0%B6%B4%E0%B7%94%E0%B6%BB%E0%B7%80%E0%B7%90%E0%B7%83%E0%B7%92-%E0%B7%83%E0%B7%9A%E0%B7%80%E0%B7%8F%E0%B6%BD%E0%B6%B7%E0%B7%93-%E0%B6%B4%E0%B7%8A_%E0%B6%BB%E0%B6%A5%E0%B6%B4%E0%B7%8A%E0%B6%AD%E0%B7%92%E0%B6%BA-%E0%B6%B6%E0%B7%8F%E0%B7%84%E0%B7%92%E0%B6%BB-%E0%B7%83%E0%B7%9A%E0%B7%80%E0%B7%8F%E0%B6%BD%E0%B7%8F%E0%B6%B7%E0%B7%93%E0%B6%B1%E0%B7%8A.pdf,
phone,pass,Published phone: 0000010609 ,https://labourmin.gov.lk/wp-content/uploads/2025/11/%E0%B6%B4%E0%B7%94%E0%B6%BB%E0%B7%80%E0%B7%90%E0%B7%83%E0%B7%92-%E0%B7%83%E0%B7%9A%E0%B7%80%E0%B7%8F%E0%B6%BD%E0%B6%B7%E0%B7%93-%E0%B6%B4%E0%B7%8A_%E0%B6%BB%E0%B6%A5%E0%B6%B4%E0%B7%8A%E0%B6%AD%E0%B7%92%E0%B6%BA-%E0%B6%B6%E0%B7%8F%E0%B7%84%E0%B7%92%E0%B6%BB-%E0%B7%83%E0%B7%9A%E0%B7%80%E0%B7%8F%E0%B6%BD%E0%B7%8F%E0%B6%B7%E0%B7%93%E0%B6%B1%E0%B7%8A.pdf,
phone,pass,Published phone: 0000000136 ,https://labourmin.gov.lk/wp-content/uploads/2025/11/%E0%B6%B4%E0%B7%94%E0%B6%BB%E0%B7%80%E0%B7%90%E0%B7%83%E0%B7%92-%E0%B7%83%E0%B7%9A%E0%B7%80%E0%B7%8F%E0%B6%BD%E0%B6%B7%E0%B7%93-%E0%B6%B4%E0%B7%8A_%E0%B6%BB%E0%B6%A5%E0%B6%B4%E0%B7%8A%E0%B6%AD%E0%B7%92%E0%B6%BA-%E0%B6%B6%E0%B7%8F%E0%B7%84%E0%B7%92%E0%B6%BB-%E0%B7%83%E0%B7%9A%E0%B7%80%E0%B7%8F%E0%B6%BD%E0%B7%8F%E0%B6%B7%E0%B7%93%E0%B6%B1%E0%B7%8A.pdf,
phone,pass,Published phone: 0000000257 ,https://labourmin.gov.lk/wp-content/uploads/2025/11/%E0%B6%B4%E0%B7%94%E0%B6%BB%E0%B7%80%E0%B7%90%E0%B7%83%E0%B7%92-%E0%B7%83%E0%B7%9A%E0%B7%80%E0%B7%8F%E0%B6%BD%E0%B6%B7%E0%B7%93-%E0%B6%B4%E0%B7%8A_%E0%B6%BB%E0%B6%A5%E0%B6%B4%E0%B7%8A%E0%B6%AD%E0%B7%92%E0%B6%BA-%E0%B6%B6%E0%B7%8F%E0%B7%84%E0%B7%92%E0%B6%BB-%E0%B7%83%E0%B7%9A%E0%B7%80%E0%B7%8F%E0%B6%BD%E0%B7%8F%E0%B6%B7%E0%B7%93%E0%B6%B1%E0%B7%8A.pdf,
phone,pass,Published phone: 0000000482 ,https://labourmin.gov.lk/wp-content/uploads/2025/11/%E0%B6%B4%E0%B7%94%E0%B6%BB%E0%B7%80%E0%B7%90%E0%B7%83%E0%B7%92-%E0%B7%83%E0%B7%9A%E0%B7%80%E0%B7%8F%E0%B6%BD%E0%B6%B7%E0%B7%93-%E0%B6%B4%E0%B7%8A_%E0%B6%BB%E0%B6%A5%E0%B6%B4%E0%B7%8A%E0%B6%AD%E0%B7%92%E0%B6%BA-%E0%B6%B6%E0%B7%8F%E0%B7%84%E0%B7%92%E0%B6%BB-%E0%B7%83%E0%B7%9A%E0%B7%80%E0%B7%8F%E0%B6%BD%E0%B7%8F%E0%B6%B7%E0%B7%93%E0%B6%B1%E0%B7%8A.pdf,
phone,pass,Published phone: 0000014970 ,https://labourmin.gov.lk/wp-content/uploads/2025/11/%E0%B6%B4%E0%B7%94%E0%B6%BB%E0%B7%80%E0%B7%90%E0%B7%83%E0%B7%92-%E0%B7%83%E0%B7%9A%E0%B7%80%E0%B7%8F%E0%B6%BD%E0%B6%B7%E0%B7%93-%E0%B6%B4%E0%B7%8A_%E0%B6%BB%E0%B6%A5%E0%B6%B4%E0%B7%8A%E0%B6%AD%E0%B7%92%E0%B6%BA-%E0%B6%B6%E0%B7%8F%E0%B7%84%E0%B7%92%E0%B6%BB-%E0%B7%83%E0%B7%9A%E0%B7%80%E0%B7%8F%E0%B6%BD%E0%B7%8F%E0%B6%B7%E0%B7%93%E0%B6%B1%E0%B7%8A.pdf,
phone,pass,Published phone: 0000000450 ,https://labourmin.gov.lk/wp-content/uploads/2025/11/%E0%B6%B4%E0%B7%94%E0%B6%BB%E0%B7%80%E0%B7%90%E0%B7%83%E0%B7%92-%E0%B7%83%E0%B7%9A%E0%B7%80%E0%B7%8F%E0%B6%BD%E0%B6%B7%E0%B7%93-%E0%B6%B4%E0%B7%8A_%E0%B6%BB%E0%B6%A5%E0%B6%B4%E0%B7%8A%E0%B6%AD%E0%B7%92%E0%B6%BA-%E0%B6%B6%E0%B7%8F%E0%B7%84%E0%B7%92%E0%B6%BB-%E0%B7%83%E0%B7%9A%E0%B7%80%E0%B7%8F%E0%B6%BD%E0%B7%8F%E0%B6%B7%E0%B7%93%E0%B6%B1%E0%B7%8A.pdf,
phone,pass,Published phone: 0000000076 ,https://labourmin.gov.lk/wp-content/uploads/2025/11/%E0%B6%B4%E0%B7%94%E0%B6%BB%E0%B7%80%E0%B7%90%E0%B7%83%E0%B7%92-%E0%B7%83%E0%B7%9A%E0%B7%80%E0%B7%8F%E0%B6%BD%E0%B6%B7%E0%B7%93-%E0%B6%B4%E0%B7%8A_%E0%B6%BB%E0%B6%A5%E0%B6%B4%E0%B7%8A%E0%B6%AD%E0%B7%92%E0%B6%BA-%E0%B6%B6%E0%B7%8F%E0%B7%84%E0%B7%92%E0%B6%BB-%E0%B7%83%E0%B7%9A%E0%B7%80%E0%B7%8F%E0%B6%BD%E0%B7%8F%E0%B6%B7%E0%B7%93%E0%B6%B1%E0%B7%8A.pdf,
phone,pass,Published phone: 0000000427 ,https://labourmin.gov.lk/wp-content/uploads/2025/11/%E0%B6%B4%E0%B7%94%E0%B6%BB%E0%B7%80%E0%B7%90%E0%B7%83%E0%B7%92-%E0%B7%83%E0%B7%9A%E0%B7%80%E0%B7%8F%E0%B6%BD%E0%B6%B7%E0%B7%93-%E0%B6%B4%E0%B7%8A_%E0%B6%BB%E0%B6%A5%E0%B6%B4%E0%B7%8A%E0%B6%AD%E0%B7%92%E0%B6%BA-%E0%B6%B6%E0%B7%8F%E0%B7%84%E0%B7%92%E0%B6%BB-%E0%B7%83%E0%B7%9A%E0%B7%80%E0%B7%8F%E0%B6%BD%E0%B7%8F%E0%B6%B7%E0%B7%93%E0%B6%B1%E0%B7%8A.pdf,
phone,pass,Published phone: 0000013224 ,https://labourmin.gov.lk/wp-content/uploads/2025/11/%E0%B6%B4%E0%B7%94%E0%B6%BB%E0%B7%80%E0%B7%90%E0%B7%83%E0%B7%92-%E0%B7%83%E0%B7%9A%E0%B7%80%E0%B7%8F%E0%B6%BD%E0%B6%B7%E0%B7%93-%E0%B6%B4%E0%B7%8A_%E0%B6%BB%E0%B6%A5%E0%B6%B4%E0%B7%8A%E0%B6%AD%E0%B7%92%E0%B6%BA-%E0%B6%B6%E0%B7%8F%E0%B7%84%E0%B7%92%E0%B6%BB-%E0%B7%83%E0%B7%9A%E0%B7%80%E0%B7%8F%E0%B6%BD%E0%B7%8F%E0%B6%B7%E0%B7%93%E0%B6%B1%E0%B7%8A.pdf,
phone,pass,Published phone: 0000000241 ,https://labourmin.gov.lk/wp-content/uploads/2025/11/%E0%B6%B4%E0%B7%94%E0%B6%BB%E0%B7%80%E0%B7%90%E0%B7%83%E0%B7%92-%E0%B7%83%E0%B7%9A%E0%B7%80%E0%B7%8F%E0%B6%BD%E0%B6%B7%E0%B7%93-%E0%B6%B4%E0%B7%8A_%E0%B6%BB%E0%B6%A5%E0%B6%B4%E0%B7%8A%E0%B6%AD%E0%B7%92%E0%B6%BA-%E0%B6%B6%E0%B7%8F%E0%B7%84%E0%B7%92%E0%B6%BB-%E0%B7%83%E0%B7%9A%E0%B7%80%E0%B7%8F%E0%B6%BD%E0%B7%8F%E0%B6%B7%E0%B7%93%E0%B6%B1%E0%B7%8A.pdf,
phone,pass,Published phone: 0000000061 ,https://labourmin.gov.lk/wp-content/uploads/2025/11/%E0%B6%B4%E0%B7%94%E0%B6%BB%E0%B7%80%E0%B7%90%E0%B7%83%E0%B7%92-%E0%B7%83%E0%B7%9A%E0%B7%80%E0%B7%8F%E0%B6%BD%E0%B6%B7%E0%B7%93-%E0%B6%B4%E0%B7%8A_%E0%B6%BB%E0%B6%A5%E0%B6%B4%E0%B7%8A%E0%B6%AD%E0%B7%92%E0%B6%BA-%E0%B6%B6%E0%B7%8F%E0%B7%84%E0%B7%92%E0%B6%BB-%E0%B7%83%E0%B7%9A%E0%B7%80%E0%B7%8F%E0%B6%BD%E0%B7%8F%E0%B6%B7%E0%B7%93%E0%B6%B1%E0%B7%8A.pdf,
phone,pass,Published phone: 0000015553 ,https://labourmin.gov.lk/wp-content/uploads/2025/11/%E0%B6%B4%E0%B7%94%E0%B6%BB%E0%B7%80%E0%B7%90%E0%B7%83%E0%B7%92-%E0%B7%83%E0%B7%9A%E0%B7%80%E0%B7%8F%E0%B6%BD%E0%B6%B7%E0%B7%93-%E0%B6%B4%E0%B7%8A_%E0%B6%BB%E0%B6%A5%E0%B6%B4%E0%B7%8A%E0%B6%AD%E0%B7%92%E0%B6%BA-%E0%B6%B6%E0%B7%8F%E0%B7%84%E0%B7%92%E0%B6%BB-%E0%B7%83%E0%B7%9A%E0%B7%80%E0%B7%8F%E0%B6%BD%E0%B7%8F%E0%B6%B7%E0%B7%93%E0%B6%B1%E0%B7%8A.pdf,
phone,pass,Published phone: 0000000395 ,https://labourmin.gov.lk/wp-content/uploads/2025/11/%E0%B6%B4%E0%B7%94%E0%B6%BB%E0%B7%80%E0%B7%90%E0%B7%83%E0%B7%92-%E0%B7%83%E0%B7%9A%E0%B7%80%E0%B7%8F%E0%B6%BD%E0%B6%B7%E0%B7%93-%E0%B6%B4%E0%B7%8A_%E0%B6%BB%E0%B6%A5%E0%B6%B4%E0%B7%8A%E0%B6%AD%E0%B7%92%E0%B6%BA-%E0%B6%B6%E0%B7%8F%E0%B7%84%E0%B7%92%E0%B6%BB-%E0%B7%83%E0%B7%9A%E0%B7%80%E0%B7%8F%E0%B6%BD%E0%B7%8F%E0%B6%B7%E0%B7%93%E0%B6%B1%E0%B7%8A.pdf,
phone,pass,Published phone: 0000000292 ,https://labourmin.gov.lk/wp-content/uploads/2025/11/%E0%B6%B4%E0%B7%94%E0%B6%BB%E0%B7%80%E0%B7%90%E0%B7%83%E0%B7%92-%E0%B7%83%E0%B7%9A%E0%B7%80%E0%B7%8F%E0%B6%BD%E0%B6%B7%E0%B7%93-%E0%B6%B4%E0%B7%8A_%E0%B6%BB%E0%B6%A5%E0%B6%B4%E0%B7%8A%E0%B6%AD%E0%B7%92%E0%B6%BA-%E0%B6%B6%E0%B7%8F%E0%B7%84%E0%B7%92%E0%B6%BB-%E0%B7%83%E0%B7%9A%E0%B7%80%E0%B7%8F%E0%B6%BD%E0%B7%8F%E0%B6%B7%E0%B7%93%E0%B6%B1%E0%B7%8A.pdf,
phone,pass,Published phone: 0000181068 ,https://labourmin.gov.lk/wp-content/uploads/2025/11/%E0%B6%B4%E0%B7%94%E0%B6%BB%E0%B7%80%E0%B7%90%E0%B7%83%E0%B7%92-%E0%B7%83%E0%B7%9A%E0%B7%80%E0%B7%8F%E0%B6%BD%E0%B6%B7%E0%B7%93-%E0%B6%B4%E0%B7%8A_%E0%B6%BB%E0%B6%A5%E0%B6%B4%E0%B7%8A%E0%B6%AD%E0%B7%92%E0%B6%BA-%E0%B6%B6%E0%B7%8F%E0%B7%84%E0%B7%92%E0%B6%BB-%E0%B7%83%E0%B7%9A%E0%B7%80%E0%B7%8F%E0%B6%BD%E0%B7%8F%E0%B6%B7%E0%B7%93%E0%B6%B1%E0%B7%8A.pdf,
phone,pass,Published phone: 0000000113 ,https://labourmin.gov.lk/wp-content/uploads/2025/11/%E0%B6%B4%E0%B7%94%E0%B6%BB%E0%B7%80%E0%B7%90%E0%B7%83%E0%B7%92-%E0%B7%83%E0%B7%9A%E0%B7%80%E0%B7%8F%E0%B6%BD%E0%B6%B7%E0%B7%93-%E0%B6%B4%E0%B7%8A_%E0%B6%BB%E0%B6%A5%E0%B6%B4%E0%B7%8A%E0%B6%AD%E0%B7%92%E0%B6%BA-%E0%B6%B6%E0%B7%8F%E0%B7%84%E0%B7%92%E0%B6%BB-%E0%B7%83%E0%B7%9A%E0%B7%80%E0%B7%8F%E0%B6%BD%E0%B7%8F%E0%B6%B7%E0%B7%93%E0%B6%B1%E0%B7%8A.pdf,
phone,pass,Published phone: 0000000386 ,https://labourmin.gov.lk/wp-content/uploads/2025/11/%E0%B6%B4%E0%B7%94%E0%B6%BB%E0%B7%80%E0%B7%90%E0%B7%83%E0%B7%92-%E0%B7%83%E0%B7%9A%E0%B7%80%E0%B7%8F%E0%B6%BD%E0%B6%B7%E0%B7%93-%E0%B6%B4%E0%B7%8A_%E0%B6%BB%E0%B6%A5%E0%B6%B4%E0%B7%8A%E0%B6%AD%E0%B7%92%E0%B6%BA-%E0%B6%B6%E0%B7%8F%E0%B7%84%E0%B7%92%E0%B6%BB-%E0%B7%83%E0%B7%9A%E0%B7%80%E0%B7%8F%E0%B6%BD%E0%B7%8F%E0%B6%B7%E0%B7%93%E0%B6%B1%E0%B7%8A.pdf,
phone,pass,Published phone: 0000021169 ,https://labourmin.gov.lk/wp-content/uploads/2025/11/%E0%B6%B4%E0%B7%94%E0%B6%BB%E0%B7%80%E0%B7%90%E0%B7%83%E0%B7%92-%E0%B7%83%E0%B7%9A%E0%B7%80%E0%B7%8F%E0%B6%BD%E0%B6%B7%E0%B7%93-%E0%B6%B4%E0%B7%8A_%E0%B6%BB%E0%B6%A5%E0%B6%B4%E0%B7%8A%E0%B6%AD%E0%B7%92%E0%B6%BA-%E0%B6%B6%E0%B7%8F%E0%B7%84%E0%B7%92%E0%B6%BB-%E0%B7%83%E0%B7%9A%E0%B7%80%E0%B7%8F%E0%B6%BD%E0%B7%8F%E0%B6%B7%E0%B7%93%E0%B6%B1%E0%B7%8A.pdf,
phone,pass,Published phone: 0000000284 ,https://labourmin.gov.lk/wp-content/uploads/2025/11/%E0%B6%B4%E0%B7%94%E0%B6%BB%E0%B7%80%E0%B7%90%E0%B7%83%E0%B7%92-%E0%B7%83%E0%B7%9A%E0%B7%80%E0%B7%8F%E0%B6%BD%E0%B6%B7%E0%B7%93-%E0%B6%B4%E0%B7%8A_%E0%B6%BB%E0%B6%A5%E0%B6%B4%E0%B7%8A%E0%B6%AD%E0%B7%92%E0%B6%BA-%E0%B6%B6%E0%B7%8F%E0%B7%84%E0%B7%92%E0%B6%BB-%E0%B7%83%E0%B7%9A%E0%B7%80%E0%B7%8F%E0%B6%BD%E0%B7%8F%E0%B6%B7%E0%B7%93%E0%B6%B1%E0%B7%8A.pdf,
phone,pass,Published phone: 0000000321 ,https://labourmin.gov.lk/wp-content/uploads/2025/11/%E0%B6%B4%E0%B7%94%E0%B6%BB%E0%B7%80%E0%B7%90%E0%B7%83%E0%B7%92-%E0%B7%83%E0%B7%9A%E0%B7%80%E0%B7%8F%E0%B6%BD%E0%B6%B7%E0%B7%93-%E0%B6%B4%E0%B7%8A_%E0%B6%BB%E0%B6%A5%E0%B6%B4%E0%B7%8A%E0%B6%AD%E0%B7%92%E0%B6%BA-%E0%B6%B6%E0%B7%8F%E0%B7%84%E0%B7%92%E0%B6%BB-%E0%B7%83%E0%B7%9A%E0%B7%80%E0%B7%8F%E0%B6%BD%E0%B7%8F%E0%B6%B7%E0%B7%93%E0%B6%B1%E0%B7%8A.pdf,
phone,pass,Published phone: 0000000452 ,https://labourmin.gov.lk/wp-content/uploads/2025/11/%E0%B6%B4%E0%B7%94%E0%B6%BB%E0%B7%80%E0%B7%90%E0%B7%83%E0%B7%92-%E0%B7%83%E0%B7%9A%E0%B7%80%E0%B7%8F%E0%B6%BD%E0%B6%B7%E0%B7%93-%E0%B6%B4%E0%B7%8A_%E0%B6%BB%E0%B6%A5%E0%B6%B4%E0%B7%8A%E0%B6%AD%E0%B7%92%E0%B6%BA-%E0%B6%B6%E0%B7%8F%E0%B7%84%E0%B7%92%E0%B6%BB-%E0%B7%83%E0%B7%9A%E0%B7%80%E0%B7%8F%E0%B6%BD%E0%B7%8F%E0%B6%B7%E0%B7%93%E0%B6%B1%E0%B7%8A.pdf,
phone,pass,Published phone: 0000009498 ,https://labourmin.gov.lk/wp-content/uploads/2025/11/%E0%B6%B4%E0%B7%94%E0%B6%BB%E0%B7%80%E0%B7%90%E0%B7%83%E0%B7%92-%E0%B7%83%E0%B7%9A%E0%B7%80%E0%B7%8F%E0%B6%BD%E0%B6%B7%E0%B7%93-%E0%B6%B4%E0%B7%8A_%E0%B6%BB%E0%B6%A5%E0%B6%B4%E0%B7%8A%E0%B6%AD%E0%B7%92%E0%B6%BA-%E0%B6%B6%E0%B7%8F%E0%B7%84%E0%B7%92%E0%B6%BB-%E0%B7%83%E0%B7%9A%E0%B7%80%E0%B7%8F%E0%B6%BD%E0%B7%8F%E0%B6%B7%E0%B7%93%E0%B6%B1%E0%B7%8A.pdf,
phone,pass,Published phone: 0000000370 ,https://labourmin.gov.lk/wp-content/uploads/2025/11/%E0%B6%B4%E0%B7%94%E0%B6%BB%E0%B7%80%E0%B7%90%E0%B7%83%E0%B7%92-%E0%B7%83%E0%B7%9A%E0%B7%80%E0%B7%8F%E0%B6%BD%E0%B6%B7%E0%B7%93-%E0%B6%B4%E0%B7%8A_%E0%B6%BB%E0%B6%A5%E0%B6%B4%E0%B7%8A%E0%B6%AD%E0%B7%92%E0%B6%BA-%E0%B6%B6%E0%B7%8F%E0%B7%84%E0%B7%92%E0%B6%BB-%E0%B7%83%E0%B7%9A%E0%B7%80%E0%B7%8F%E0%B6%BD%E0%B7%8F%E0%B6%B7%E0%B7%93%E0%B6%B1%E0%B7%8A.pdf,
phone,pass,Published phone: 0000011987 ,https://labourmin.gov.lk/wp-content/uploads/2025/11/%E0%B6%B4%E0%B7%94%E0%B6%BB%E0%B7%80%E0%B7%90%E0%B7%83%E0%B7%92-%E0%B7%83%E0%B7%9A%E0%B7%80%E0%B7%8F%E0%B6%BD%E0%B6%B7%E0%B7%93-%E0%B6%B4%E0%B7%8A_%E0%B6%BB%E0%B6%A5%E0%B6%B4%E0%B7%8A%E0%B6%AD%E0%B7%92%E0%B6%BA-%E0%B6%B6%E0%B7%8F%E0%B7%84%E0%B7%92%E0%B6%BB-%E0%B7%83%E0%B7%9A%E0%B7%80%E0%B7%8F%E0%B6%BD%E0%B7%8F%E0%B6%B7%E0%B7%93%E0%B6%B1%E0%B7%8A.pdf,
phone,pass,Published phone: 0000000579 ,https://labourmin.gov.lk/wp-content/uploads/2025/11/%E0%B6%B4%E0%B7%94%E0%B6%BB%E0%B7%80%E0%B7%90%E0%B7%83%E0%B7%92-%E0%B7%83%E0%B7%9A%E0%B7%80%E0%B7%8F%E0%B6%BD%E0%B6%B7%E0%B7%93-%E0%B6%B4%E0%B7%8A_%E0%B6%BB%E0%B6%A5%E0%B6%B4%E0%B7%8A%E0%B6%AD%E0%B7%92%E0%B6%BA-%E0%B6%B6%E0%B7%8F%E0%B7%84%E0%B7%92%E0%B6%BB-%E0%B7%83%E0%B7%9A%E0%B7%80%E0%B7%8F%E0%B6%BD%E0%B7%8F%E0%B6%B7%E0%B7%93%E0%B6%B1%E0%B7%8A.pdf,
phone,pass,Published phone: 0000000283 ,https://labourmin.gov.lk/wp-content/uploads/2025/11/%E0%B6%B4%E0%B7%94%E0%B6%BB%E0%B7%80%E0%B7%90%E0%B7%83%E0%B7%92-%E0%B7%83%E0%B7%9A%E0%B7%80%E0%B7%8F%E0%B6%BD%E0%B6%B7%E0%B7%93-%E0%B6%B4%E0%B7%8A_%E0%B6%BB%E0%B6%A5%E0%B6%B4%E0%B7%8A%E0%B6%AD%E0%B7%92%E0%B6%BA-%E0%B6%B6%E0%B7%8F%E0%B7%84%E0%B7%92%E0%B6%BB-%E0%B7%83%E0%B7%9A%E0%B7%80%E0%B7%8F%E0%B6%BD%E0%B7%8F%E0%B6%B7%E0%B7%93%E0%B6%B1%E0%B7%8A.pdf,
phone,pass,Published phone: 0000000477 ,https://labourmin.gov.lk/wp-content/uploads/2025/11/%E0%B6%B4%E0%B7%94%E0%B6%BB%E0%B7%80%E0%B7%90%E0%B7%83%E0%B7%92-%E0%B7%83%E0%B7%9A%E0%B7%80%E0%B7%8F%E0%B6%BD%E0%B6%B7%E0%B7%93-%E0%B6%B4%E0%B7%8A_%E0%B6%BB%E0%B6%A5%E0%B6%B4%E0%B7%8A%E0%B6%AD%E0%B7%92%E0%B6%BA-%E0%B6%B6%E0%B7%8F%E0%B7%84%E0%B7%92%E0%B6%BB-%E0%B7%83%E0%B7%9A%E0%B7%80%E0%B7%8F%E0%B6%BD%E0%B7%8F%E0%B6%B7%E0%B7%93%E0%B6%B1%E0%B7%8A.pdf,
phone,pass,Published phone: 0000000340 ,https://labourmin.gov.lk/wp-content/uploads/2025/11/%E0%B6%B4%E0%B7%94%E0%B6%BB%E0%B7%80%E0%B7%90%E0%B7%83%E0%B7%92-%E0%B7%83%E0%B7%9A%E0%B7%80%E0%B7%8F%E0%B6%BD%E0%B6%B7%E0%B7%93-%E0%B6%B4%E0%B7%8A_%E0%B6%BB%E0%B6%A5%E0%B6%B4%E0%B7%8A%E0%B6%AD%E0%B7%92%E0%B6%BA-%E0%B6%B6%E0%B7%8F%E0%B7%84%E0%B7%92%E0%B6%BB-%E0%B7%83%E0%B7%9A%E0%B7%80%E0%B7%8F%E0%B6%BD%E0%B7%8F%E0%B6%B7%E0%B7%93%E0%B6%B1%E0%B7%8A.pdf,
phone,pass,Published phone: 0000000083 ,https://labourmin.gov.lk/wp-content/uploads/2025/11/%E0%B6%B4%E0%B7%94%E0%B6%BB%E0%B7%80%E0%B7%90%E0%B7%83%E0%B7%92-%E0%B7%83%E0%B7%9A%E0%B7%80%E0%B7%8F%E0%B6%BD%E0%B6%B7%E0%B7%93-%E0%B6%B4%E0%B7%8A_%E0%B6%BB%E0%B6%A5%E0%B6%B4%E0%B7%8A%E0%B6%AD%E0%B7%92%E0%B6%BA-%E0%B6%B6%E0%B7%8F%E0%B7%84%E0%B7%92%E0%B6%BB-%E0%B7%83%E0%B7%9A%E0%B7%80%E0%B7%8F%E0%B6%BD%E0%B7%8F%E0%B6%B7%E0%B7%93%E0%B6%B1%E0%B7%8A.pdf,
phone,pass,Published phone: 0000000498 ,https://labourmin.gov.lk/wp-content/uploads/2025/11/%E0%B6%B4%E0%B7%94%E0%B6%BB%E0%B7%80%E0%B7%90%E0%B7%83%E0%B7%92-%E0%B7%83%E0%B7%9A%E0%B7%80%E0%B7%8F%E0%B6%BD%E0%B6%B7%E0%B7%93-%E0%B6%B4%E0%B7%8A_%E0%B6%BB%E0%B6%A5%E0%B6%B4%E0%B7%8A%E0%B6%AD%E0%B7%92%E0%B6%BA-%E0%B6%B6%E0%B7%8F%E0%B7%84%E0%B7%92%E0%B6%BB-%E0%B7%83%E0%B7%9A%E0%B7%80%E0%B7%8F%E0%B6%BD%E0%B7%8F%E0%B6%B7%E0%B7%93%E0%B6%B1%E0%B7%8A.pdf,
phone,pass,Published phone: 0000000129 ,https://labourmin.gov.lk/wp-content/uploads/2025/11/%E0%B6%B4%E0%B7%94%E0%B6%BB%E0%B7%80%E0%B7%90%E0%B7%83%E0%B7%92-%E0%B7%83%E0%B7%9A%E0%B7%80%E0%B7%8F%E0%B6%BD%E0%B6%B7%E0%B7%93-%E0%B6%B4%E0%B7%8A_%E0%B6%BB%E0%B6%A5%E0%B6%B4%E0%B7%8A%E0%B6%AD%E0%B7%92%E0%B6%BA-%E0%B6%B6%E0%B7%8F%E0%B7%84%E0%B7%92%E0%B6%BB-%E0%B7%83%E0%B7%9A%E0%B7%80%E0%B7%8F%E0%B6%BD%E0%B7%8F%E0%B6%B7%E0%B7%93%E0%B6%B1%E0%B7%8A.pdf,
phone,pass,Published phone: 0000000369 ,https://labourmin.gov.lk/wp-content/uploads/2025/11/%E0%B6%B4%E0%B7%94%E0%B6%BB%E0%B7%80%E0%B7%90%E0%B7%83%E0%B7%92-%E0%B7%83%E0%B7%9A%E0%B7%80%E0%B7%8F%E0%B6%BD%E0%B6%B7%E0%B7%93-%E0%B6%B4%E0%B7%8A_%E0%B6%BB%E0%B6%A5%E0%B6%B4%E0%B7%8A%E0%B6%AD%E0%B7%92%E0%B6%BA-%E0%B6%B6%E0%B7%8F%E0%B7%84%E0%B7%92%E0%B6%BB-%E0%B7%83%E0%B7%9A%E0%B7%80%E0%B7%8F%E0%B6%BD%E0%B7%8F%E0%B6%B7%E0%B7%93%E0%B6%B1%E0%B7%8A.pdf,
phone,pass,Published phone: 0000000489 ,https://labourmin.gov.lk/wp-content/uploads/2025/11/%E0%B6%B4%E0%B7%94%E0%B6%BB%E0%B7%80%E0%B7%90%E0%B7%83%E0%B7%92-%E0%B7%83%E0%B7%9A%E0%B7%80%E0%B7%8F%E0%B6%BD%E0%B6%B7%E0%B7%93-%E0%B6%B4%E0%B7%8A_%E0%B6%BB%E0%B6%A5%E0%B6%B4%E0%B7%8A%E0%B6%AD%E0%B7%92%E0%B6%BA-%E0%B6%B6%E0%B7%8F%E0%B7%84%E0%B7%92%E0%B6%BB-%E0%B7%83%E0%B7%9A%E0%B7%80%E0%B7%8F%E0%B6%BD%E0%B7%8F%E0%B6%B7%E0%B7%93%E0%B6%B1%E0%B7%8A.pdf,
phone,pass,Published phone: 0000000385 ,https://labourmin.gov.lk/wp-content/uploads/2025/11/%E0%B6%B4%E0%B7%94%E0%B6%BB%E0%B7%80%E0%B7%90%E0%B7%83%E0%B7%92-%E0%B7%83%E0%B7%9A%E0%B7%80%E0%B7%8F%E0%B6%BD%E0%B6%B7%E0%B7%93-%E0%B6%B4%E0%B7%8A_%E0%B6%BB%E0%B6%A5%E0%B6%B4%E0%B7%8A%E0%B6%AD%E0%B7%92%E0%B6%BA-%E0%B6%B6%E0%B7%8F%E0%B7%84%E0%B7%92%E0%B6%BB-%E0%B7%83%E0%B7%9A%E0%B7%80%E0%B7%8F%E0%B6%BD%E0%B7%8F%E0%B6%B7%E0%B7%93%E0%B6%B1%E0%B7%8A.pdf,
phone,pass,Published phone: 0000000176 ,https://labourmin.gov.lk/wp-content/uploads/2025/11/%E0%B6%B4%E0%B7%94%E0%B6%BB%E0%B7%80%E0%B7%90%E0%B7%83%E0%B7%92-%E0%B7%83%E0%B7%9A%E0%B7%80%E0%B7%8F%E0%B6%BD%E0%B6%B7%E0%B7%93-%E0%B6%B4%E0%B7%8A_%E0%B6%BB%E0%B6%A5%E0%B6%B4%E0%B7%8A%E0%B6%AD%E0%B7%92%E0%B6%BA-%E0%B6%B6%E0%B7%8F%E0%B7%84%E0%B7%92%E0%B6%BB-%E0%B7%83%E0%B7%9A%E0%B7%80%E0%B7%8F%E0%B6%BD%E0%B7%8F%E0%B6%B7%E0%B7%93%E0%B6%B1%E0%B7%8A.pdf,
phone,pass,Published phone: 0000000259 ,https://labourmin.gov.lk/wp-content/uploads/2025/11/%E0%B6%B4%E0%B7%94%E0%B6%BB%E0%B7%80%E0%B7%90%E0%B7%83%E0%B7%92-%E0%B7%83%E0%B7%9A%E0%B7%80%E0%B7%8F%E0%B6%BD%E0%B6%B7%E0%B7%93-%E0%B6%B4%E0%B7%8A_%E0%B6%BB%E0%B6%A5%E0%B6%B4%E0%B7%8A%E0%B6%AD%E0%B7%92%E0%B6%BA-%E0%B6%B6%E0%B7%8F%E0%B7%84%E0%B7%92%E0%B6%BB-%E0%B7%83%E0%B7%9A%E0%B7%80%E0%B7%8F%E0%B6%BD%E0%B7%8F%E0%B6%B7%E0%B7%93%E0%B6%B1%E0%B7%8A.pdf,
phone,pass,Published phone: 0000000505 ,https://labourmin.gov.lk/wp-content/uploads/2025/11/%E0%B6%B4%E0%B7%94%E0%B6%BB%E0%B7%80%E0%B7%90%E0%B7%83%E0%B7%92-%E0%B7%83%E0%B7%9A%E0%B7%80%E0%B7%8F%E0%B6%BD%E0%B6%B7%E0%B7%93-%E0%B6%B4%E0%B7%8A_%E0%B6%BB%E0%B6%A5%E0%B6%B4%E0%B7%8A%E0%B6%AD%E0%B7%92%E0%B6%BA-%E0%B6%B6%E0%B7%8F%E0%B7%84%E0%B7%92%E0%B6%BB-%E0%B7%83%E0%B7%9A%E0%B7%80%E0%B7%8F%E0%B6%BD%E0%B7%8F%E0%B6%B7%E0%B7%93%E0%B6%B1%E0%B7%8A.pdf,
phone,pass,Published phone: 0000000133 ,https://labourmin.gov.lk/wp-content/uploads/2025/11/%E0%B6%B4%E0%B7%94%E0%B6%BB%E0%B7%80%E0%B7%90%E0%B7%83%E0%B7%92-%E0%B7%83%E0%B7%9A%E0%B7%80%E0%B7%8F%E0%B6%BD%E0%B6%B7%E0%B7%93-%E0%B6%B4%E0%B7%8A_%E0%B6%BB%E0%B6%A5%E0%B6%B4%E0%B7%8A%E0%B6%AD%E0%B7%92%E0%B6%BA-%E0%B6%B6%E0%B7%8F%E0%B7%84%E0%B7%92%E0%B6%BB-%E0%B7%83%E0%B7%9A%E0%B7%80%E0%B7%8F%E0%B6%BD%E0%B7%8F%E0%B6%B7%E0%B7%93%E0%B6%B1%E0%B7%8A.pdf,
phone,pass,Published phone: 0000155292 ,https://labourmin.gov.lk/wp-content/uploads/2025/11/%E0%B6%B4%E0%B7%94%E0%B6%BB%E0%B7%80%E0%B7%90%E0%B7%83%E0%B7%92-%E0%B7%83%E0%B7%9A%E0%B7%80%E0%B7%8F%E0%B6%BD%E0%B6%B7%E0%B7%93-%E0%B6%B4%E0%B7%8A_%E0%B6%BB%E0%B6%A5%E0%B6%B4%E0%B7%8A%E0%B6%AD%E0%B7%92%E0%B6%BA-%E0%B6%B6%E0%B7%8F%E0%B7%84%E0%B7%92%E0%B6%BB-%E0%B7%83%E0%B7%9A%E0%B7%80%E0%B7%8F%E0%B6%BD%E0%B7%8F%E0%B6%B7%E0%B7%93%E0%B6%B1%E0%B7%8A.pdf,
phone,pass,Published phone: 0000008970 ,https://labourmin.gov.lk/wp-content/uploads/2025/11/%E0%B6%B4%E0%B7%94%E0%B6%BB%E0%B7%80%E0%B7%90%E0%B7%83%E0%B7%92-%E0%B7%83%E0%B7%9A%E0%B7%80%E0%B7%8F%E0%B6%BD%E0%B6%B7%E0%B7%93-%E0%B6%B4%E0%B7%8A_%E0%B6%BB%E0%B6%A5%E0%B6%B4%E0%B7%8A%E0%B6%AD%E0%B7%92%E0%B6%BA-%E0%B6%B6%E0%B7%8F%E0%B7%84%E0%B7%92%E0%B6%BB-%E0%B7%83%E0%B7%9A%E0%B7%80%E0%B7%8F%E0%B6%BD%E0%B7%8F%E0%B6%B7%E0%B7%93%E0%B6%B1%E0%B7%8A.pdf,
phone,pass,Published phone: 0000000599 ,https://labourmin.gov.lk/wp-content/uploads/2025/11/%E0%B6%B4%E0%B7%94%E0%B6%BB%E0%B7%80%E0%B7%90%E0%B7%83%E0%B7%92-%E0%B7%83%E0%B7%9A%E0%B7%80%E0%B7%8F%E0%B6%BD%E0%B6%B7%E0%B7%93-%E0%B6%B4%E0%B7%8A_%E0%B6%BB%E0%B6%A5%E0%B6%B4%E0%B7%8A%E0%B6%AD%E0%B7%92%E0%B6%BA-%E0%B6%B6%E0%B7%8F%E0%B7%84%E0%B7%92%E0%B6%BB-%E0%B7%83%E0%B7%9A%E0%B7%80%E0%B7%8F%E0%B6%BD%E0%B7%8F%E0%B6%B7%E0%B7%93%E0%B6%B1%E0%B7%8A.pdf,
phone,pass,Published phone: 0000000540 ,https://labourmin.gov.lk/wp-content/uploads/2025/11/%E0%B6%B4%E0%B7%94%E0%B6%BB%E0%B7%80%E0%B7%90%E0%B7%83%E0%B7%92-%E0%B7%83%E0%B7%9A%E0%B7%80%E0%B7%8F%E0%B6%BD%E0%B6%B7%E0%B7%93-%E0%B6%B4%E0%B7%8A_%E0%B6%BB%E0%B6%A5%E0%B6%B4%E0%B7%8A%E0%B6%AD%E0%B7%92%E0%B6%BA-%E0%B6%B6%E0%B7%8F%E0%B7%84%E0%B7%92%E0%B6%BB-%E0%B7%83%E0%B7%9A%E0%B7%80%E0%B7%8F%E0%B6%BD%E0%B7%8F%E0%B6%B7%E0%B7%93%E0%B6%B1%E0%B7%8A.pdf,
phone,pass,Published phone: 0000000262 ,https://labourmin.gov.lk/wp-content/uploads/2025/11/%E0%B6%B4%E0%B7%94%E0%B6%BB%E0%B7%80%E0%B7%90%E0%B7%83%E0%B7%92-%E0%B7%83%E0%B7%9A%E0%B7%80%E0%B7%8F%E0%B6%BD%E0%B6%B7%E0%B7%93-%E0%B6%B4%E0%B7%8A_%E0%B6%BB%E0%B6%A5%E0%B6%B4%E0%B7%8A%E0%B6%AD%E0%B7%92%E0%B6%BA-%E0%B6%B6%E0%B7%8F%E0%B7%84%E0%B7%92%E0%B6%BB-%E0%B7%83%E0%B7%9A%E0%B7%80%E0%B7%8F%E0%B6%BD%E0%B7%8F%E0%B6%B7%E0%B7%93%E0%B6%B1%E0%B7%8A.pdf,
phone,pass,Published phone: 0000000319 ,https://labourmin.gov.lk/wp-content/uploads/2025/11/%E0%B6%B4%E0%B7%94%E0%B6%BB%E0%B7%80%E0%B7%90%E0%B7%83%E0%B7%92-%E0%B7%83%E0%B7%9A%E0%B7%80%E0%B7%8F%E0%B6%BD%E0%B6%B7%E0%B7%93-%E0%B6%B4%E0%B7%8A_%E0%B6%BB%E0%B6%A5%E0%B6%B4%E0%B7%8A%E0%B6%AD%E0%B7%92%E0%B6%BA-%E0%B6%B6%E0%B7%8F%E0%B7%84%E0%B7%92%E0%B6%BB-%E0%B7%83%E0%B7%9A%E0%B7%80%E0%B7%8F%E0%B6%BD%E0%B7%8F%E0%B6%B7%E0%B7%93%E0%B6%B1%E0%B7%8A.pdf,
phone,pass,Published phone: 0000000229 ,https://labourmin.gov.lk/wp-content/uploads/2025/11/%E0%B6%B4%E0%B7%94%E0%B6%BB%E0%B7%80%E0%B7%90%E0%B7%83%E0%B7%92-%E0%B7%83%E0%B7%9A%E0%B7%80%E0%B7%8F%E0%B6%BD%E0%B6%B7%E0%B7%93-%E0%B6%B4%E0%B7%8A_%E0%B6%BB%E0%B6%A5%E0%B6%B4%E0%B7%8A%E0%B6%AD%E0%B7%92%E0%B6%BA-%E0%B6%B6%E0%B7%8F%E0%B7%84%E0%B7%92%E0%B6%BB-%E0%B7%83%E0%B7%9A%E0%B7%80%E0%B7%8F%E0%B6%BD%E0%B7%8F%E0%B6%B7%E0%B7%93%E0%B6%B1%E0%B7%8A.pdf,
phone,pass,Published phone: 0000000347 ,https://labourmin.gov.lk/wp-content/uploads/2025/11/%E0%B6%B4%E0%B7%94%E0%B6%BB%E0%B7%80%E0%B7%90%E0%B7%83%E0%B7%92-%E0%B7%83%E0%B7%9A%E0%B7%80%E0%B7%8F%E0%B6%BD%E0%B6%B7%E0%B7%93-%E0%B6%B4%E0%B7%8A_%E0%B6%BB%E0%B6%A5%E0%B6%B4%E0%B7%8A%E0%B6%AD%E0%B7%92%E0%B6%BA-%E0%B6%B6%E0%B7%8F%E0%B7%84%E0%B7%92%E0%B6%BB-%E0%B7%83%E0%B7%9A%E0%B7%80%E0%B7%8F%E0%B6%BD%E0%B7%8F%E0%B6%B7%E0%B7%93%E0%B6%B1%E0%B7%8A.pdf,
phone,pass,Published phone: 0000000616 ,https://labourmin.gov.lk/wp-content/uploads/2025/11/%E0%B6%B4%E0%B7%94%E0%B6%BB%E0%B7%80%E0%B7%90%E0%B7%83%E0%B7%92-%E0%B7%83%E0%B7%9A%E0%B7%80%E0%B7%8F%E0%B6%BD%E0%B6%B7%E0%B7%93-%E0%B6%B4%E0%B7%8A_%E0%B6%BB%E0%B6%A5%E0%B6%B4%E0%B7%8A%E0%B6%AD%E0%B7%92%E0%B6%BA-%E0%B6%B6%E0%B7%8F%E0%B7%84%E0%B7%92%E0%B6%BB-%E0%B7%83%E0%B7%9A%E0%B7%80%E0%B7%8F%E0%B6%BD%E0%B7%8F%E0%B6%B7%E0%B7%93%E0%B6%B1%E0%B7%8A.pdf,
phone,pass,Published phone: 0000000079 ,https://labourmin.gov.lk/wp-content/uploads/2025/11/%E0%B6%B4%E0%B7%94%E0%B6%BB%E0%B7%80%E0%B7%90%E0%B7%83%E0%B7%92-%E0%B7%83%E0%B7%9A%E0%B7%80%E0%B7%8F%E0%B6%BD%E0%B6%B7%E0%B7%93-%E0%B6%B4%E0%B7%8A_%E0%B6%BB%E0%B6%A5%E0%B6%B4%E0%B7%8A%E0%B6%AD%E0%B7%92%E0%B6%BA-%E0%B6%B6%E0%B7%8F%E0%B7%84%E0%B7%92%E0%B6%BB-%E0%B7%83%E0%B7%9A%E0%B7%80%E0%B7%8F%E0%B6%BD%E0%B7%8F%E0%B6%B7%E0%B7%93%E0%B6%B1%E0%B7%8A.pdf,
phone,pass,Published phone: 0000000584 ,https://labourmin.gov.lk/wp-content/uploads/2025/11/%E0%B6%B4%E0%B7%94%E0%B6%BB%E0%B7%80%E0%B7%90%E0%B7%83%E0%B7%92-%E0%B7%83%E0%B7%9A%E0%B7%80%E0%B7%8F%E0%B6%BD%E0%B6%B7%E0%B7%93-%E0%B6%B4%E0%B7%8A_%E0%B6%BB%E0%B6%A5%E0%B6%B4%E0%B7%8A%E0%B6%AD%E0%B7%92%E0%B6%BA-%E0%B6%B6%E0%B7%8F%E0%B7%84%E0%B7%92%E0%B6%BB-%E0%B7%83%E0%B7%9A%E0%B7%80%E0%B7%8F%E0%B6%BD%E0%B7%8F%E0%B6%B7%E0%B7%93%E0%B6%B1%E0%B7%8A.pdf,
phone,pass,Published phone: 0000011452 ,https://labourmin.gov.lk/wp-content/uploads/2025/11/%E0%B6%B4%E0%B7%94%E0%B6%BB%E0%B7%80%E0%B7%90%E0%B7%83%E0%B7%92-%E0%B7%83%E0%B7%9A%E0%B7%80%E0%B7%8F%E0%B6%BD%E0%B6%B7%E0%B7%93-%E0%B6%B4%E0%B7%8A_%E0%B6%BB%E0%B6%A5%E0%B6%B4%E0%B7%8A%E0%B6%AD%E0%B7%92%E0%B6%BA-%E0%B6%B6%E0%B7%8F%E0%B7%84%E0%B7%92%E0%B6%BB-%E0%B7%83%E0%B7%9A%E0%B7%80%E0%B7%8F%E0%B6%BD%E0%B7%8F%E0%B6%B7%E0%B7%93%E0%B6%B1%E0%B7%8A.pdf,
phone,pass,Published phone: 0000000188 ,https://labourmin.gov.lk/wp-content/uploads/2025/11/%E0%B6%B4%E0%B7%94%E0%B6%BB%E0%B7%80%E0%B7%90%E0%B7%83%E0%B7%92-%E0%B7%83%E0%B7%9A%E0%B7%80%E0%B7%8F%E0%B6%BD%E0%B6%B7%E0%B7%93-%E0%B6%B4%E0%B7%8A_%E0%B6%BB%E0%B6%A5%E0%B6%B4%E0%B7%8A%E0%B6%AD%E0%B7%92%E0%B6%BA-%E0%B6%B6%E0%B7%8F%E0%B7%84%E0%B7%92%E0%B6%BB-%E0%B7%83%E0%B7%9A%E0%B7%80%E0%B7%8F%E0%B6%BD%E0%B7%8F%E0%B6%B7%E0%B7%93%E0%B6%B1%E0%B7%8A.pdf,
phone,pass,Published phone: 0000000432 ,https://labourmin.gov.lk/wp-content/uploads/2025/11/%E0%B6%B4%E0%B7%94%E0%B6%BB%E0%B7%80%E0%B7%90%E0%B7%83%E0%B7%92-%E0%B7%83%E0%B7%9A%E0%B7%80%E0%B7%8F%E0%B6%BD%E0%B6%B7%E0%B7%93-%E0%B6%B4%E0%B7%8A_%E0%B6%BB%E0%B6%A5%E0%B6%B4%E0%B7%8A%E0%B6%AD%E0%B7%92%E0%B6%BA-%E0%B6%B6%E0%B7%8F%E0%B7%84%E0%B7%92%E0%B6%BB-%E0%B7%83%E0%B7%9A%E0%B7%80%E0%B7%8F%E0%B6%BD%E0%B7%8F%E0%B6%B7%E0%B7%93%E0%B6%B1%E0%B7%8A.pdf,
phone,pass,Published phone: 0000000090 ,https://labourmin.gov.lk/wp-content/uploads/2025/11/%E0%B6%B4%E0%B7%94%E0%B6%BB%E0%B7%80%E0%B7%90%E0%B7%83%E0%B7%92-%E0%B7%83%E0%B7%9A%E0%B7%80%E0%B7%8F%E0%B6%BD%E0%B6%B7%E0%B7%93-%E0%B6%B4%E0%B7%8A_%E0%B6%BB%E0%B6%A5%E0%B6%B4%E0%B7%8A%E0%B6%AD%E0%B7%92%E0%B6%BA-%E0%B6%B6%E0%B7%8F%E0%B7%84%E0%B7%92%E0%B6%BB-%E0%B7%83%E0%B7%9A%E0%B7%80%E0%B7%8F%E0%B6%BD%E0%B7%8F%E0%B6%B7%E0%B7%93%E0%B6%B1%E0%B7%8A.pdf,
phone,pass,Published phone: 0000000413 ,https://labourmin.gov.lk/wp-content/uploads/2025/11/%E0%B6%B4%E0%B7%94%E0%B6%BB%E0%B7%80%E0%B7%90%E0%B7%83%E0%B7%92-%E0%B7%83%E0%B7%9A%E0%B7%80%E0%B7%8F%E0%B6%BD%E0%B6%B7%E0%B7%93-%E0%B6%B4%E0%B7%8A_%E0%B6%BB%E0%B6%A5%E0%B6%B4%E0%B7%8A%E0%B6%AD%E0%B7%92%E0%B6%BA-%E0%B6%B6%E0%B7%8F%E0%B7%84%E0%B7%92%E0%B6%BB-%E0%B7%83%E0%B7%9A%E0%B7%80%E0%B7%8F%E0%B6%BD%E0%B7%8F%E0%B6%B7%E0%B7%93%E0%B6%B1%E0%B7%8A.pdf,
phone,pass,Published phone: 0000000327 ,https://labourmin.gov.lk/wp-content/uploads/2025/11/%E0%B6%B4%E0%B7%94%E0%B6%BB%E0%B7%80%E0%B7%90%E0%B7%83%E0%B7%92-%E0%B7%83%E0%B7%9A%E0%B7%80%E0%B7%8F%E0%B6%BD%E0%B6%B7%E0%B7%93-%E0%B6%B4%E0%B7%8A_%E0%B6%BB%E0%B6%A5%E0%B6%B4%E0%B7%8A%E0%B6%AD%E0%B7%92%E0%B6%BA-%E0%B6%B6%E0%B7%8F%E0%B7%84%E0%B7%92%E0%B6%BB-%E0%B7%83%E0%B7%9A%E0%B7%80%E0%B7%8F%E0%B6%BD%E0%B7%8F%E0%B6%B7%E0%B7%93%E0%B6%B1%E0%B7%8A.pdf,
phone,pass,Published phone: 0000000106 ,https://labourmin.gov.lk/wp-content/uploads/2025/11/%E0%B6%B4%E0%B7%94%E0%B6%BB%E0%B7%80%E0%B7%90%E0%B7%83%E0%B7%92-%E0%B7%83%E0%B7%9A%E0%B7%80%E0%B7%8F%E0%B6%BD%E0%B6%B7%E0%B7%93-%E0%B6%B4%E0%B7%8A_%E0%B6%BB%E0%B6%A5%E0%B6%B4%E0%B7%8A%E0%B6%AD%E0%B7%92%E0%B6%BA-%E0%B6%B6%E0%B7%8F%E0%B7%84%E0%B7%92%E0%B6%BB-%E0%B7%83%E0%B7%9A%E0%B7%80%E0%B7%8F%E0%B6%BD%E0%B7%8F%E0%B6%B7%E0%B7%93%E0%B6%B1%E0%B7%8A.pdf,
phone,pass,Published phone: 0000030680 ,https://labourmin.gov.lk/wp-content/uploads/2025/11/%E0%B6%B4%E0%B7%94%E0%B6%BB%E0%B7%80%E0%B7%90%E0%B7%83%E0%B7%92-%E0%B7%83%E0%B7%9A%E0%B7%80%E0%B7%8F%E0%B6%BD%E0%B6%B7%E0%B7%93-%E0%B6%B4%E0%B7%8A_%E0%B6%BB%E0%B6%A5%E0%B6%B4%E0%B7%8A%E0%B6%AD%E0%B7%92%E0%B6%BA-%E0%B6%B6%E0%B7%8F%E0%B7%84%E0%B7%92%E0%B6%BB-%E0%B7%83%E0%B7%9A%E0%B7%80%E0%B7%8F%E0%B6%BD%E0%B7%8F%E0%B6%B7%E0%B7%93%E0%B6%B1%E0%B7%8A.pdf,
phone,pass,Published phone: 0000000134 ,https://labourmin.gov.lk/wp-content/uploads/2025/11/%E0%B6%B4%E0%B7%94%E0%B6%BB%E0%B7%80%E0%B7%90%E0%B7%83%E0%B7%92-%E0%B7%83%E0%B7%9A%E0%B7%80%E0%B7%8F%E0%B6%BD%E0%B6%B7%E0%B7%93-%E0%B6%B4%E0%B7%8A_%E0%B6%BB%E0%B6%A5%E0%B6%B4%E0%B7%8A%E0%B6%AD%E0%B7%92%E0%B6%BA-%E0%B6%B6%E0%B7%8F%E0%B7%84%E0%B7%92%E0%B6%BB-%E0%B7%83%E0%B7%9A%E0%B7%80%E0%B7%8F%E0%B6%BD%E0%B7%8F%E0%B6%B7%E0%B7%93%E0%B6%B1%E0%B7%8A.pdf,
phone,pass,Published phone: 0000000173 ,https://labourmin.gov.lk/wp-content/uploads/2025/11/%E0%B6%B4%E0%B7%94%E0%B6%BB%E0%B7%80%E0%B7%90%E0%B7%83%E0%B7%92-%E0%B7%83%E0%B7%9A%E0%B7%80%E0%B7%8F%E0%B6%BD%E0%B6%B7%E0%B7%93-%E0%B6%B4%E0%B7%8A_%E0%B6%BB%E0%B6%A5%E0%B6%B4%E0%B7%8A%E0%B6%AD%E0%B7%92%E0%B6%BA-%E0%B6%B6%E0%B7%8F%E0%B7%84%E0%B7%92%E0%B6%BB-%E0%B7%83%E0%B7%9A%E0%B7%80%E0%B7%8F%E0%B6%BD%E0%B7%8F%E0%B6%B7%E0%B7%93%E0%B6%B1%E0%B7%8A.pdf,
phone,pass,Published phone: 0000155594 ,https://labourmin.gov.lk/wp-content/uploads/2025/11/%E0%B6%B4%E0%B7%94%E0%B6%BB%E0%B7%80%E0%B7%90%E0%B7%83%E0%B7%92-%E0%B7%83%E0%B7%9A%E0%B7%80%E0%B7%8F%E0%B6%BD%E0%B6%B7%E0%B7%93-%E0%B6%B4%E0%B7%8A_%E0%B6%BB%E0%B6%A5%E0%B6%B4%E0%B7%8A%E0%B6%AD%E0%B7%92%E0%B6%BA-%E0%B6%B6%E0%B7%8F%E0%B7%84%E0%B7%92%E0%B6%BB-%E0%B7%83%E0%B7%9A%E0%B7%80%E0%B7%8F%E0%B6%BD%E0%B7%8F%E0%B6%B7%E0%B7%93%E0%B6%B1%E0%B7%8A.pdf,
phone,pass,Published phone: 0000000313 ,https://labourmin.gov.lk/wp-content/uploads/2025/11/%E0%B6%B4%E0%B7%94%E0%B6%BB%E0%B7%80%E0%B7%90%E0%B7%83%E0%B7%92-%E0%B7%83%E0%B7%9A%E0%B7%80%E0%B7%8F%E0%B6%BD%E0%B6%B7%E0%B7%93-%E0%B6%B4%E0%B7%8A_%E0%B6%BB%E0%B6%A5%E0%B6%B4%E0%B7%8A%E0%B6%AD%E0%B7%92%E0%B6%BA-%E0%B6%B6%E0%B7%8F%E0%B7%84%E0%B7%92%E0%B6%BB-%E0%B7%83%E0%B7%9A%E0%B7%80%E0%B7%8F%E0%B6%BD%E0%B7%8F%E0%B6%B7%E0%B7%93%E0%B6%B1%E0%B7%8A.pdf,
phone,pass,Published phone: 0000000546 ,https://labourmin.gov.lk/wp-content/uploads/2025/11/%E0%B6%B4%E0%B7%94%E0%B6%BB%E0%B7%80%E0%B7%90%E0%B7%83%E0%B7%92-%E0%B7%83%E0%B7%9A%E0%B7%80%E0%B7%8F%E0%B6%BD%E0%B6%B7%E0%B7%93-%E0%B6%B4%E0%B7%8A_%E0%B6%BB%E0%B6%A5%E0%B6%B4%E0%B7%8A%E0%B6%AD%E0%B7%92%E0%B6%BA-%E0%B6%B6%E0%B7%8F%E0%B7%84%E0%B7%92%E0%B6%BB-%E0%B7%83%E0%B7%9A%E0%B7%80%E0%B7%8F%E0%B6%BD%E0%B7%8F%E0%B6%B7%E0%B7%93%E0%B6%B1%E0%B7%8A.pdf,
phone,pass,Published phone: 0000000206 ,https://labourmin.gov.lk/wp-content/uploads/2025/11/%E0%B6%B4%E0%B7%94%E0%B6%BB%E0%B7%80%E0%B7%90%E0%B7%83%E0%B7%92-%E0%B7%83%E0%B7%9A%E0%B7%80%E0%B7%8F%E0%B6%BD%E0%B6%B7%E0%B7%93-%E0%B6%B4%E0%B7%8A_%E0%B6%BB%E0%B6%A5%E0%B6%B4%E0%B7%8A%E0%B6%AD%E0%B7%92%E0%B6%BA-%E0%B6%B6%E0%B7%8F%E0%B7%84%E0%B7%92%E0%B6%BB-%E0%B7%83%E0%B7%9A%E0%B7%80%E0%B7%8F%E0%B6%BD%E0%B7%8F%E0%B6%B7%E0%B7%93%E0%B6%B1%E0%B7%8A.pdf,
phone,pass,Published phone: 0000000444 ,https://labourmin.gov.lk/wp-content/uploads/2025/11/%E0%B6%B4%E0%B7%94%E0%B6%BB%E0%B7%80%E0%B7%90%E0%B7%83%E0%B7%92-%E0%B7%83%E0%B7%9A%E0%B7%80%E0%B7%8F%E0%B6%BD%E0%B6%B7%E0%B7%93-%E0%B6%B4%E0%B7%8A_%E0%B6%BB%E0%B6%A5%E0%B6%B4%E0%B7%8A%E0%B6%AD%E0%B7%92%E0%B6%BA-%E0%B6%B6%E0%B7%8F%E0%B7%84%E0%B7%92%E0%B6%BB-%E0%B7%83%E0%B7%9A%E0%B7%80%E0%B7%8F%E0%B6%BD%E0%B7%8F%E0%B6%B7%E0%B7%93%E0%B6%B1%E0%B7%8A.pdf,
phone,pass,Published phone: 0000000303 ,https://labourmin.gov.lk/wp-content/uploads/2025/11/%E0%B6%B4%E0%B7%94%E0%B6%BB%E0%B7%80%E0%B7%90%E0%B7%83%E0%B7%92-%E0%B7%83%E0%B7%9A%E0%B7%80%E0%B7%8F%E0%B6%BD%E0%B6%B7%E0%B7%93-%E0%B6%B4%E0%B7%8A_%E0%B6%BB%E0%B6%A5%E0%B6%B4%E0%B7%8A%E0%B6%AD%E0%B7%92%E0%B6%BA-%E0%B6%B6%E0%B7%8F%E0%B7%84%E0%B7%92%E0%B6%BB-%E0%B7%83%E0%B7%9A%E0%B7%80%E0%B7%8F%E0%B6%BD%E0%B7%8F%E0%B6%B7%E0%B7%93%E0%B6%B1%E0%B7%8A.pdf,
phone,pass,Published phone: 0000000359 ,https://labourmin.gov.lk/wp-content/uploads/2025/11/%E0%B6%B4%E0%B7%94%E0%B6%BB%E0%B7%80%E0%B7%90%E0%B7%83%E0%B7%92-%E0%B7%83%E0%B7%9A%E0%B7%80%E0%B7%8F%E0%B6%BD%E0%B6%B7%E0%B7%93-%E0%B6%B4%E0%B7%8A_%E0%B6%BB%E0%B6%A5%E0%B6%B4%E0%B7%8A%E0%B6%AD%E0%B7%92%E0%B6%BA-%E0%B6%B6%E0%B7%8F%E0%B7%84%E0%B7%92%E0%B6%BB-%E0%B7%83%E0%B7%9A%E0%B7%80%E0%B7%8F%E0%B6%BD%E0%B7%8F%E0%B6%B7%E0%B7%93%E0%B6%B1%E0%B7%8A.pdf,
phone,pass,Published phone: 0000000238 ,https://labourmin.gov.lk/wp-content/uploads/2025/11/%E0%B6%B4%E0%B7%94%E0%B6%BB%E0%B7%80%E0%B7%90%E0%B7%83%E0%B7%92-%E0%B7%83%E0%B7%9A%E0%B7%80%E0%B7%8F%E0%B6%BD%E0%B6%B7%E0%B7%93-%E0%B6%B4%E0%B7%8A_%E0%B6%BB%E0%B6%A5%E0%B6%B4%E0%B7%8A%E0%B6%AD%E0%B7%92%E0%B6%BA-%E0%B6%B6%E0%B7%8F%E0%B7%84%E0%B7%92%E0%B6%BB-%E0%B7%83%E0%B7%9A%E0%B7%80%E0%B7%8F%E0%B6%BD%E0%B7%8F%E0%B6%B7%E0%B7%93%E0%B6%B1%E0%B7%8A.pdf,
phone,pass,Published phone: 0000000091 ,https://labourmin.gov.lk/wp-content/uploads/2025/11/%E0%B6%B4%E0%B7%94%E0%B6%BB%E0%B7%80%E0%B7%90%E0%B7%83%E0%B7%92-%E0%B7%83%E0%B7%9A%E0%B7%80%E0%B7%8F%E0%B6%BD%E0%B6%B7%E0%B7%93-%E0%B6%B4%E0%B7%8A_%E0%B6%BB%E0%B6%A5%E0%B6%B4%E0%B7%8A%E0%B6%AD%E0%B7%92%E0%B6%BA-%E0%B6%B6%E0%B7%8F%E0%B7%84%E0%B7%92%E0%B6%BB-%E0%B7%83%E0%B7%9A%E0%B7%80%E0%B7%8F%E0%B6%BD%E0%B7%8F%E0%B6%B7%E0%B7%93%E0%B6%B1%E0%B7%8A.pdf,
phone,pass,Published phone: 0000000204 ,https://labourmin.gov.lk/wp-content/uploads/2025/11/%E0%B6%B4%E0%B7%94%E0%B6%BB%E0%B7%80%E0%B7%90%E0%B7%83%E0%B7%92-%E0%B7%83%E0%B7%9A%E0%B7%80%E0%B7%8F%E0%B6%BD%E0%B6%B7%E0%B7%93-%E0%B6%B4%E0%B7%8A_%E0%B6%BB%E0%B6%A5%E0%B6%B4%E0%B7%8A%E0%B6%AD%E0%B7%92%E0%B6%BA-%E0%B6%B6%E0%B7%8F%E0%B7%84%E0%B7%92%E0%B6%BB-%E0%B7%83%E0%B7%9A%E0%B7%80%E0%B7%8F%E0%B6%BD%E0%B7%8F%E0%B6%B7%E0%B7%93%E0%B6%B1%E0%B7%8A.pdf,
phone,pass,Published phone: 0000000056 ,https://labourmin.gov.lk/wp-content/uploads/2025/11/%E0%B6%B4%E0%B7%94%E0%B6%BB%E0%B7%80%E0%B7%90%E0%B7%83%E0%B7%92-%E0%B7%83%E0%B7%9A%E0%B7%80%E0%B7%8F%E0%B6%BD%E0%B6%B7%E0%B7%93-%E0%B6%B4%E0%B7%8A_%E0%B6%BB%E0%B6%A5%E0%B6%B4%E0%B7%8A%E0%B6%AD%E0%B7%92%E0%B6%BA-%E0%B6%B6%E0%B7%8F%E0%B7%84%E0%B7%92%E0%B6%BB-%E0%B7%83%E0%B7%9A%E0%B7%80%E0%B7%8F%E0%B6%BD%E0%B7%8F%E0%B6%B7%E0%B7%93%E0%B6%B1%E0%B7%8A.pdf,
phone,pass,Published phone: 0000000057 ,https://labourmin.gov.lk/wp-content/uploads/2025/11/%E0%B6%B4%E0%B7%94%E0%B6%BB%E0%B7%80%E0%B7%90%E0%B7%83%E0%B7%92-%E0%B7%83%E0%B7%9A%E0%B7%80%E0%B7%8F%E0%B6%BD%E0%B6%B7%E0%B7%93-%E0%B6%B4%E0%B7%8A_%E0%B6%BB%E0%B6%A5%E0%B6%B4%E0%B7%8A%E0%B6%AD%E0%B7%92%E0%B6%BA-%E0%B6%B6%E0%B7%8F%E0%B7%84%E0%B7%92%E0%B6%BB-%E0%B7%83%E0%B7%9A%E0%B7%80%E0%B7%8F%E0%B6%BD%E0%B7%8F%E0%B6%B7%E0%B7%93%E0%B6%B1%E0%B7%8A.pdf,
phone,pass,Published phone: 0000000474 ,https://labourmin.gov.lk/wp-content/uploads/2025/11/%E0%B6%B4%E0%B7%94%E0%B6%BB%E0%B7%80%E0%B7%90%E0%B7%83%E0%B7%92-%E0%B7%83%E0%B7%9A%E0%B7%80%E0%B7%8F%E0%B6%BD%E0%B6%B7%E0%B7%93-%E0%B6%B4%E0%B7%8A_%E0%B6%BB%E0%B6%A5%E0%B6%B4%E0%B7%8A%E0%B6%AD%E0%B7%92%E0%B6%BA-%E0%B6%B6%E0%B7%8F%E0%B7%84%E0%B7%92%E0%B6%BB-%E0%B7%83%E0%B7%9A%E0%B7%80%E0%B7%8F%E0%B6%BD%E0%B7%8F%E0%B6%B7%E0%B7%93%E0%B6%B1%E0%B7%8A.pdf,
phone,pass,Published phone: 0000000092 ,https://labourmin.gov.lk/wp-content/uploads/2025/11/%E0%B6%B4%E0%B7%94%E0%B6%BB%E0%B7%80%E0%B7%90%E0%B7%83%E0%B7%92-%E0%B7%83%E0%B7%9A%E0%B7%80%E0%B7%8F%E0%B6%BD%E0%B6%B7%E0%B7%93-%E0%B6%B4%E0%B7%8A_%E0%B6%BB%E0%B6%A5%E0%B6%B4%E0%B7%8A%E0%B6%AD%E0%B7%92%E0%B6%BA-%E0%B6%B6%E0%B7%8F%E0%B7%84%E0%B7%92%E0%B6%BB-%E0%B7%83%E0%B7%9A%E0%B7%80%E0%B7%8F%E0%B6%BD%E0%B7%8F%E0%B6%B7%E0%B7%93%E0%B6%B1%E0%B7%8A.pdf,
phone,pass,Published phone: 0000000254 ,https://labourmin.gov.lk/wp-content/uploads/2025/11/%E0%B6%B4%E0%B7%94%E0%B6%BB%E0%B7%80%E0%B7%90%E0%B7%83%E0%B7%92-%E0%B7%83%E0%B7%9A%E0%B7%80%E0%B7%8F%E0%B6%BD%E0%B6%B7%E0%B7%93-%E0%B6%B4%E0%B7%8A_%E0%B6%BB%E0%B6%A5%E0%B6%B4%E0%B7%8A%E0%B6%AD%E0%B7%92%E0%B6%BA-%E0%B6%B6%E0%B7%8F%E0%B7%84%E0%B7%92%E0%B6%BB-%E0%B7%83%E0%B7%9A%E0%B7%80%E0%B7%8F%E0%B6%BD%E0%B7%8F%E0%B6%B7%E0%B7%93%E0%B6%B1%E0%B7%8A.pdf,
phone,pass,Published phone: 0000000462 ,https://labourmin.gov.lk/wp-content/uploads/2025/11/%E0%B6%B4%E0%B7%94%E0%B6%BB%E0%B7%80%E0%B7%90%E0%B7%83%E0%B7%92-%E0%B7%83%E0%B7%9A%E0%B7%80%E0%B7%8F%E0%B6%BD%E0%B6%B7%E0%B7%93-%E0%B6%B4%E0%B7%8A_%E0%B6%BB%E0%B6%A5%E0%B6%B4%E0%B7%8A%E0%B6%AD%E0%B7%92%E0%B6%BA-%E0%B6%B6%E0%B7%8F%E0%B7%84%E0%B7%92%E0%B6%BB-%E0%B7%83%E0%B7%9A%E0%B7%80%E0%B7%8F%E0%B6%BD%E0%B7%8F%E0%B6%B7%E0%B7%93%E0%B6%B1%E0%B7%8A.pdf,
phone,pass,Published phone: 0000000523 ,https://labourmin.gov.lk/wp-content/uploads/2025/11/%E0%B6%B4%E0%B7%94%E0%B6%BB%E0%B7%80%E0%B7%90%E0%B7%83%E0%B7%92-%E0%B7%83%E0%B7%9A%E0%B7%80%E0%B7%8F%E0%B6%BD%E0%B6%B7%E0%B7%93-%E0%B6%B4%E0%B7%8A_%E0%B6%BB%E0%B6%A5%E0%B6%B4%E0%B7%8A%E0%B6%AD%E0%B7%92%E0%B6%BA-%E0%B6%B6%E0%B7%8F%E0%B7%84%E0%B7%92%E0%B6%BB-%E0%B7%83%E0%B7%9A%E0%B7%80%E0%B7%8F%E0%B6%BD%E0%B7%8F%E0%B6%B7%E0%B7%93%E0%B6%B1%E0%B7%8A.pdf,
phone,pass,Published phone: 0000011482 ,https://labourmin.gov.lk/wp-content/uploads/2025/11/%E0%B6%B4%E0%B7%94%E0%B6%BB%E0%B7%80%E0%B7%90%E0%B7%83%E0%B7%92-%E0%B7%83%E0%B7%9A%E0%B7%80%E0%B7%8F%E0%B6%BD%E0%B6%B7%E0%B7%93-%E0%B6%B4%E0%B7%8A_%E0%B6%BB%E0%B6%A5%E0%B6%B4%E0%B7%8A%E0%B6%AD%E0%B7%92%E0%B6%BA-%E0%B6%B6%E0%B7%8F%E0%B7%84%E0%B7%92%E0%B6%BB-%E0%B7%83%E0%B7%9A%E0%B7%80%E0%B7%8F%E0%B6%BD%E0%B7%8F%E0%B6%B7%E0%B7%93%E0%B6%B1%E0%B7%8A.pdf,
phone,pass,Published phone: 0000000276 ,https://labourmin.gov.lk/wp-content/uploads/2025/11/%E0%B6%B4%E0%B7%94%E0%B6%BB%E0%B7%80%E0%B7%90%E0%B7%83%E0%B7%92-%E0%B7%83%E0%B7%9A%E0%B7%80%E0%B7%8F%E0%B6%BD%E0%B6%B7%E0%B7%93-%E0%B6%B4%E0%B7%8A_%E0%B6%BB%E0%B6%A5%E0%B6%B4%E0%B7%8A%E0%B6%AD%E0%B7%92%E0%B6%BA-%E0%B6%B6%E0%B7%8F%E0%B7%84%E0%B7%92%E0%B6%BB-%E0%B7%83%E0%B7%9A%E0%B7%80%E0%B7%8F%E0%B6%BD%E0%B7%8F%E0%B6%B7%E0%B7%93%E0%B6%B1%E0%B7%8A.pdf,
phone,pass,Published phone: 0000000203 ,https://labourmin.gov.lk/wp-content/uploads/2025/11/%E0%B6%B4%E0%B7%94%E0%B6%BB%E0%B7%80%E0%B7%90%E0%B7%83%E0%B7%92-%E0%B7%83%E0%B7%9A%E0%B7%80%E0%B7%8F%E0%B6%BD%E0%B6%B7%E0%B7%93-%E0%B6%B4%E0%B7%8A_%E0%B6%BB%E0%B6%A5%E0%B6%B4%E0%B7%8A%E0%B6%AD%E0%B7%92%E0%B6%BA-%E0%B6%B6%E0%B7%8F%E0%B7%84%E0%B7%92%E0%B6%BB-%E0%B7%83%E0%B7%9A%E0%B7%80%E0%B7%8F%E0%B6%BD%E0%B7%8F%E0%B6%B7%E0%B7%93%E0%B6%B1%E0%B7%8A.pdf,
phone,pass,Published phone: 0000000132 ,https://labourmin.gov.lk/wp-content/uploads/2025/11/%E0%B6%B4%E0%B7%94%E0%B6%BB%E0%B7%80%E0%B7%90%E0%B7%83%E0%B7%92-%E0%B7%83%E0%B7%9A%E0%B7%80%E0%B7%8F%E0%B6%BD%E0%B6%B7%E0%B7%93-%E0%B6%B4%E0%B7%8A_%E0%B6%BB%E0%B6%A5%E0%B6%B4%E0%B7%8A%E0%B6%AD%E0%B7%92%E0%B6%BA-%E0%B6%B6%E0%B7%8F%E0%B7%84%E0%B7%92%E0%B6%BB-%E0%B7%83%E0%B7%9A%E0%B7%80%E0%B7%8F%E0%B6%BD%E0%B7%8F%E0%B6%B7%E0%B7%93%E0%B6%B1%E0%B7%8A.pdf,
phone,pass,Published phone: 0000000480 ,https://labourmin.gov.lk/wp-content/uploads/2025/11/%E0%B6%B4%E0%B7%94%E0%B6%BB%E0%B7%80%E0%B7%90%E0%B7%83%E0%B7%92-%E0%B7%83%E0%B7%9A%E0%B7%80%E0%B7%8F%E0%B6%BD%E0%B6%B7%E0%B7%93-%E0%B6%B4%E0%B7%8A_%E0%B6%BB%E0%B6%A5%E0%B6%B4%E0%B7%8A%E0%B6%AD%E0%B7%92%E0%B6%BA-%E0%B6%B6%E0%B7%8F%E0%B7%84%E0%B7%92%E0%B6%BB-%E0%B7%83%E0%B7%9A%E0%B7%80%E0%B7%8F%E0%B6%BD%E0%B7%8F%E0%B6%B7%E0%B7%93%E0%B6%B1%E0%B7%8A.pdf,
phone,pass,Published phone: 0000013194 ,https://labourmin.gov.lk/wp-content/uploads/2025/11/%E0%B6%B4%E0%B7%94%E0%B6%BB%E0%B7%80%E0%B7%90%E0%B7%83%E0%B7%92-%E0%B7%83%E0%B7%9A%E0%B7%80%E0%B7%8F%E0%B6%BD%E0%B6%B7%E0%B7%93-%E0%B6%B4%E0%B7%8A_%E0%B6%BB%E0%B6%A5%E0%B6%B4%E0%B7%8A%E0%B6%AD%E0%B7%92%E0%B6%BA-%E0%B6%B6%E0%B7%8F%E0%B7%84%E0%B7%92%E0%B6%BB-%E0%B7%83%E0%B7%9A%E0%B7%80%E0%B7%8F%E0%B6%BD%E0%B7%8F%E0%B6%B7%E0%B7%93%E0%B6%B1%E0%B7%8A.pdf,
phone,pass,Published phone: 0000000453 ,https://labourmin.gov.lk/wp-content/uploads/2025/11/%E0%B6%B4%E0%B7%94%E0%B6%BB%E0%B7%80%E0%B7%90%E0%B7%83%E0%B7%92-%E0%B7%83%E0%B7%9A%E0%B7%80%E0%B7%8F%E0%B6%BD%E0%B6%B7%E0%B7%93-%E0%B6%B4%E0%B7%8A_%E0%B6%BB%E0%B6%A5%E0%B6%B4%E0%B7%8A%E0%B6%AD%E0%B7%92%E0%B6%BA-%E0%B6%B6%E0%B7%8F%E0%B7%84%E0%B7%92%E0%B6%BB-%E0%B7%83%E0%B7%9A%E0%B7%80%E0%B7%8F%E0%B6%BD%E0%B7%8F%E0%B6%B7%E0%B7%93%E0%B6%B1%E0%B7%8A.pdf,
phone,pass,Published phone: 0000000150 ,https://labourmin.gov.lk/wp-content/uploads/2025/11/%E0%B6%B4%E0%B7%94%E0%B6%BB%E0%B7%80%E0%B7%90%E0%B7%83%E0%B7%92-%E0%B7%83%E0%B7%9A%E0%B7%80%E0%B7%8F%E0%B6%BD%E0%B6%B7%E0%B7%93-%E0%B6%B4%E0%B7%8A_%E0%B6%BB%E0%B6%A5%E0%B6%B4%E0%B7%8A%E0%B6%AD%E0%B7%92%E0%B6%BA-%E0%B6%B6%E0%B7%8F%E0%B7%84%E0%B7%92%E0%B6%BB-%E0%B7%83%E0%B7%9A%E0%B7%80%E0%B7%8F%E0%B6%BD%E0%B7%8F%E0%B6%B7%E0%B7%93%E0%B6%B1%E0%B7%8A.pdf,
phone,pass,Published phone: 0 333 250 278 ,https://labourmin.gov.lk/wp-content/uploads/2025/11/%E0%B6%B4%E0%B7%94%E0%B6%BB%E0%B7%80%E0%B7%90%E0%B7%83%E0%B7%92-%E0%B7%83%E0%B7%9A%E0%B7%80%E0%B7%8F%E0%B6%BD%E0%B6%B7%E0%B7%93-%E0%B6%B4%E0%B7%8A_%E0%B6%BB%E0%B6%A5%E0%B6%B4%E0%B7%8A%E0%B6%AD%E0%B7%92%E0%B6%BA-%E0%B6%B6%E0%B7%8F%E0%B7%84%E0%B7%92%E0%B6%BB-%E0%B7%83%E0%B7%9A%E0%B7%80%E0%B7%8F%E0%B6%BD%E0%B7%8F%E0%B6%B7%E0%B7%93%E0%B6%B1%E0%B7%8A.pdf,
phone,pass,Published phone: 0000000511 ,https://labourmin.gov.lk/wp-content/uploads/2025/11/%E0%B6%B4%E0%B7%94%E0%B6%BB%E0%B7%80%E0%B7%90%E0%B7%83%E0%B7%92-%E0%B7%83%E0%B7%9A%E0%B7%80%E0%B7%8F%E0%B6%BD%E0%B6%B7%E0%B7%93-%E0%B6%B4%E0%B7%8A_%E0%B6%BB%E0%B6%A5%E0%B6%B4%E0%B7%8A%E0%B6%AD%E0%B7%92%E0%B6%BA-%E0%B6%B6%E0%B7%8F%E0%B7%84%E0%B7%92%E0%B6%BB-%E0%B7%83%E0%B7%9A%E0%B7%80%E0%B7%8F%E0%B6%BD%E0%B7%8F%E0%B6%B7%E0%B7%93%E0%B6%B1%E0%B7%8A.pdf,
phone,pass,Published phone: 0000000301 ,https://labourmin.gov.lk/wp-content/uploads/2025/11/%E0%B6%B4%E0%B7%94%E0%B6%BB%E0%B7%80%E0%B7%90%E0%B7%83%E0%B7%92-%E0%B7%83%E0%B7%9A%E0%B7%80%E0%B7%8F%E0%B6%BD%E0%B6%B7%E0%B7%93-%E0%B6%B4%E0%B7%8A_%E0%B6%BB%E0%B6%A5%E0%B6%B4%E0%B7%8A%E0%B6%AD%E0%B7%92%E0%B6%BA-%E0%B6%B6%E0%B7%8F%E0%B7%84%E0%B7%92%E0%B6%BB-%E0%B7%83%E0%B7%9A%E0%B7%80%E0%B7%8F%E0%B6%BD%E0%B7%8F%E0%B6%B7%E0%B7%93%E0%B6%B1%E0%B7%8A.pdf,
phone,pass,Published phone: 0000000174 ,https://labourmin.gov.lk/wp-content/uploads/2025/11/%E0%B6%B4%E0%B7%94%E0%B6%BB%E0%B7%80%E0%B7%90%E0%B7%83%E0%B7%92-%E0%B7%83%E0%B7%9A%E0%B7%80%E0%B7%8F%E0%B6%BD%E0%B6%B7%E0%B7%93-%E0%B6%B4%E0%B7%8A_%E0%B6%BB%E0%B6%A5%E0%B6%B4%E0%B7%8A%E0%B6%AD%E0%B7%92%E0%B6%BA-%E0%B6%B6%E0%B7%8F%E0%B7%84%E0%B7%92%E0%B6%BB-%E0%B7%83%E0%B7%9A%E0%B7%80%E0%B7%8F%E0%B6%BD%E0%B7%8F%E0%B6%B7%E0%B7%93%E0%B6%B1%E0%B7%8A.pdf,
phone,pass,Published phone: 0000000211 ,https://labourmin.gov.lk/wp-content/uploads/2025/11/%E0%B6%B4%E0%B7%94%E0%B6%BB%E0%B7%80%E0%B7%90%E0%B7%83%E0%B7%92-%E0%B7%83%E0%B7%9A%E0%B7%80%E0%B7%8F%E0%B6%BD%E0%B6%B7%E0%B7%93-%E0%B6%B4%E0%B7%8A_%E0%B6%BB%E0%B6%A5%E0%B6%B4%E0%B7%8A%E0%B6%AD%E0%B7%92%E0%B6%BA-%E0%B6%B6%E0%B7%8F%E0%B7%84%E0%B7%92%E0%B6%BB-%E0%B7%83%E0%B7%9A%E0%B7%80%E0%B7%8F%E0%B6%BD%E0%B7%8F%E0%B6%B7%E0%B7%93%E0%B6%B1%E0%B7%8A.pdf,
phone,pass,Published phone: 0000000439 ,https://labourmin.gov.lk/wp-content/uploads/2025/11/%E0%B6%B4%E0%B7%94%E0%B6%BB%E0%B7%80%E0%B7%90%E0%B7%83%E0%B7%92-%E0%B7%83%E0%B7%9A%E0%B7%80%E0%B7%8F%E0%B6%BD%E0%B6%B7%E0%B7%93-%E0%B6%B4%E0%B7%8A_%E0%B6%BB%E0%B6%A5%E0%B6%B4%E0%B7%8A%E0%B6%AD%E0%B7%92%E0%B6%BA-%E0%B6%B6%E0%B7%8F%E0%B7%84%E0%B7%92%E0%B6%BB-%E0%B7%83%E0%B7%9A%E0%B7%80%E0%B7%8F%E0%B6%BD%E0%B7%8F%E0%B6%B7%E0%B7%93%E0%B6%B1%E0%B7%8A.pdf,
phone,pass,Published phone: 0000000454 ,https://labourmin.gov.lk/wp-content/uploads/2025/11/%E0%B6%B4%E0%B7%94%E0%B6%BB%E0%B7%80%E0%B7%90%E0%B7%83%E0%B7%92-%E0%B7%83%E0%B7%9A%E0%B7%80%E0%B7%8F%E0%B6%BD%E0%B6%B7%E0%B7%93-%E0%B6%B4%E0%B7%8A_%E0%B6%BB%E0%B6%A5%E0%B6%B4%E0%B7%8A%E0%B6%AD%E0%B7%92%E0%B6%BA-%E0%B6%B6%E0%B7%8F%E0%B7%84%E0%B7%92%E0%B6%BB-%E0%B7%83%E0%B7%9A%E0%B7%80%E0%B7%8F%E0%B6%BD%E0%B7%8F%E0%B6%B7%E0%B7%93%E0%B6%B1%E0%B7%8A.pdf,
phone,pass,Published phone: 0000000190 ,https://labourmin.gov.lk/wp-content/uploads/2025/11/%E0%B6%B4%E0%B7%94%E0%B6%BB%E0%B7%80%E0%B7%90%E0%B7%83%E0%B7%92-%E0%B7%83%E0%B7%9A%E0%B7%80%E0%B7%8F%E0%B6%BD%E0%B6%B7%E0%B7%93-%E0%B6%B4%E0%B7%8A_%E0%B6%BB%E0%B6%A5%E0%B6%B4%E0%B7%8A%E0%B6%AD%E0%B7%92%E0%B6%BA-%E0%B6%B6%E0%B7%8F%E0%B7%84%E0%B7%92%E0%B6%BB-%E0%B7%83%E0%B7%9A%E0%B7%80%E0%B7%8F%E0%B6%BD%E0%B7%8F%E0%B6%B7%E0%B7%93%E0%B6%B1%E0%B7%8A.pdf,
phone,pass,Published phone: 0000000537 ,https://labourmin.gov.lk/wp-content/uploads/2025/11/%E0%B6%B4%E0%B7%94%E0%B6%BB%E0%B7%80%E0%B7%90%E0%B7%83%E0%B7%92-%E0%B7%83%E0%B7%9A%E0%B7%80%E0%B7%8F%E0%B6%BD%E0%B6%B7%E0%B7%93-%E0%B6%B4%E0%B7%8A_%E0%B6%BB%E0%B6%A5%E0%B6%B4%E0%B7%8A%E0%B6%AD%E0%B7%92%E0%B6%BA-%E0%B6%B6%E0%B7%8F%E0%B7%84%E0%B7%92%E0%B6%BB-%E0%B7%83%E0%B7%9A%E0%B7%80%E0%B7%8F%E0%B6%BD%E0%B7%8F%E0%B6%B7%E0%B7%93%E0%B6%B1%E0%B7%8A.pdf,
phone,pass,Published phone: 0000000060 ,https://labourmin.gov.lk/wp-content/uploads/2025/11/%E0%B6%B4%E0%B7%94%E0%B6%BB%E0%B7%80%E0%B7%90%E0%B7%83%E0%B7%92-%E0%B7%83%E0%B7%9A%E0%B7%80%E0%B7%8F%E0%B6%BD%E0%B6%B7%E0%B7%93-%E0%B6%B4%E0%B7%8A_%E0%B6%BB%E0%B6%A5%E0%B6%B4%E0%B7%8A%E0%B6%AD%E0%B7%92%E0%B6%BA-%E0%B6%B6%E0%B7%8F%E0%B7%84%E0%B7%92%E0%B6%BB-%E0%B7%83%E0%B7%9A%E0%B7%80%E0%B7%8F%E0%B6%BD%E0%B7%8F%E0%B6%B7%E0%B7%93%E0%B6%B1%E0%B7%8A.pdf,
phone,pass,Published phone: 0000000412 ,https://labourmin.gov.lk/wp-content/uploads/2025/11/%E0%B6%B4%E0%B7%94%E0%B6%BB%E0%B7%80%E0%B7%90%E0%B7%83%E0%B7%92-%E0%B7%83%E0%B7%9A%E0%B7%80%E0%B7%8F%E0%B6%BD%E0%B6%B7%E0%B7%93-%E0%B6%B4%E0%B7%8A_%E0%B6%BB%E0%B6%A5%E0%B6%B4%E0%B7%8A%E0%B6%AD%E0%B7%92%E0%B6%BA-%E0%B6%B6%E0%B7%8F%E0%B7%84%E0%B7%92%E0%B6%BB-%E0%B7%83%E0%B7%9A%E0%B7%80%E0%B7%8F%E0%B6%BD%E0%B7%8F%E0%B6%B7%E0%B7%93%E0%B6%B1%E0%B7%8A.pdf,
phone,pass,Published phone: 0000000093 ,https://labourmin.gov.lk/wp-content/uploads/2025/11/%E0%B6%B4%E0%B7%94%E0%B6%BB%E0%B7%80%E0%B7%90%E0%B7%83%E0%B7%92-%E0%B7%83%E0%B7%9A%E0%B7%80%E0%B7%8F%E0%B6%BD%E0%B6%B7%E0%B7%93-%E0%B6%B4%E0%B7%8A_%E0%B6%BB%E0%B6%A5%E0%B6%B4%E0%B7%8A%E0%B6%AD%E0%B7%92%E0%B6%BA-%E0%B6%B6%E0%B7%8F%E0%B7%84%E0%B7%92%E0%B6%BB-%E0%B7%83%E0%B7%9A%E0%B7%80%E0%B7%8F%E0%B6%BD%E0%B7%8F%E0%B6%B7%E0%B7%93%E0%B6%B1%E0%B7%8A.pdf,
phone,pass,Published phone: 0000000117 ,https://labourmin.gov.lk/wp-content/uploads/2025/11/%E0%B6%B4%E0%B7%94%E0%B6%BB%E0%B7%80%E0%B7%90%E0%B7%83%E0%B7%92-%E0%B7%83%E0%B7%9A%E0%B7%80%E0%B7%8F%E0%B6%BD%E0%B6%B7%E0%B7%93-%E0%B6%B4%E0%B7%8A_%E0%B6%BB%E0%B6%A5%E0%B6%B4%E0%B7%8A%E0%B6%AD%E0%B7%92%E0%B6%BA-%E0%B6%B6%E0%B7%8F%E0%B7%84%E0%B7%92%E0%B6%BB-%E0%B7%83%E0%B7%9A%E0%B7%80%E0%B7%8F%E0%B6%BD%E0%B7%8F%E0%B6%B7%E0%B7%93%E0%B6%B1%E0%B7%8A.pdf,
phone,pass,Published phone: 0000000105 ,https://labourmin.gov.lk/wp-content/uploads/2025/11/%E0%B6%B4%E0%B7%94%E0%B6%BB%E0%B7%80%E0%B7%90%E0%B7%83%E0%B7%92-%E0%B7%83%E0%B7%9A%E0%B7%80%E0%B7%8F%E0%B6%BD%E0%B6%B7%E0%B7%93-%E0%B6%B4%E0%B7%8A_%E0%B6%BB%E0%B6%A5%E0%B6%B4%E0%B7%8A%E0%B6%AD%E0%B7%92%E0%B6%BA-%E0%B6%B6%E0%B7%8F%E0%B7%84%E0%B7%92%E0%B6%BB-%E0%B7%83%E0%B7%9A%E0%B7%80%E0%B7%8F%E0%B6%BD%E0%B7%8F%E0%B6%B7%E0%B7%93%E0%B6%B1%E0%B7%8A.pdf,
phone,pass,Published phone: 0000000510 ,https://labourmin.gov.lk/wp-content/uploads/2025/11/%E0%B6%B4%E0%B7%94%E0%B6%BB%E0%B7%80%E0%B7%90%E0%B7%83%E0%B7%92-%E0%B7%83%E0%B7%9A%E0%B7%80%E0%B7%8F%E0%B6%BD%E0%B6%B7%E0%B7%93-%E0%B6%B4%E0%B7%8A_%E0%B6%BB%E0%B6%A5%E0%B6%B4%E0%B7%8A%E0%B6%AD%E0%B7%92%E0%B6%BA-%E0%B6%B6%E0%B7%8F%E0%B7%84%E0%B7%92%E0%B6%BB-%E0%B7%83%E0%B7%9A%E0%B7%80%E0%B7%8F%E0%B6%BD%E0%B7%8F%E0%B6%B7%E0%B7%93%E0%B6%B1%E0%B7%8A.pdf,
phone,pass,Published phone: 0000000582 ,https://labourmin.gov.lk/wp-content/uploads/2025/11/%E0%B6%B4%E0%B7%94%E0%B6%BB%E0%B7%80%E0%B7%90%E0%B7%83%E0%B7%92-%E0%B7%83%E0%B7%9A%E0%B7%80%E0%B7%8F%E0%B6%BD%E0%B6%B7%E0%B7%93-%E0%B6%B4%E0%B7%8A_%E0%B6%BB%E0%B6%A5%E0%B6%B4%E0%B7%8A%E0%B6%AD%E0%B7%92%E0%B6%BA-%E0%B6%B6%E0%B7%8F%E0%B7%84%E0%B7%92%E0%B6%BB-%E0%B7%83%E0%B7%9A%E0%B7%80%E0%B7%8F%E0%B6%BD%E0%B7%8F%E0%B6%B7%E0%B7%93%E0%B6%B1%E0%B7%8A.pdf,
phone,pass,Published phone: 0000000420 ,https://labourmin.gov.lk/wp-content/uploads/2025/11/%E0%B6%B4%E0%B7%94%E0%B6%BB%E0%B7%80%E0%B7%90%E0%B7%83%E0%B7%92-%E0%B7%83%E0%B7%9A%E0%B7%80%E0%B7%8F%E0%B6%BD%E0%B6%B7%E0%B7%93-%E0%B6%B4%E0%B7%8A_%E0%B6%BB%E0%B6%A5%E0%B6%B4%E0%B7%8A%E0%B6%AD%E0%B7%92%E0%B6%BA-%E0%B6%B6%E0%B7%8F%E0%B7%84%E0%B7%92%E0%B6%BB-%E0%B7%83%E0%B7%9A%E0%B7%80%E0%B7%8F%E0%B6%BD%E0%B7%8F%E0%B6%B7%E0%B7%93%E0%B6%B1%E0%B7%8A.pdf,
phone,pass,Published phone: 0000000153 ,https://labourmin.gov.lk/wp-content/uploads/2025/11/%E0%B6%B4%E0%B7%94%E0%B6%BB%E0%B7%80%E0%B7%90%E0%B7%83%E0%B7%92-%E0%B7%83%E0%B7%9A%E0%B7%80%E0%B7%8F%E0%B6%BD%E0%B6%B7%E0%B7%93-%E0%B6%B4%E0%B7%8A_%E0%B6%BB%E0%B6%A5%E0%B6%B4%E0%B7%8A%E0%B6%AD%E0%B7%92%E0%B6%BA-%E0%B6%B6%E0%B7%8F%E0%B7%84%E0%B7%92%E0%B6%BB-%E0%B7%83%E0%B7%9A%E0%B7%80%E0%B7%8F%E0%B6%BD%E0%B7%8F%E0%B6%B7%E0%B7%93%E0%B6%B1%E0%B7%8A.pdf,
phone,pass,Published phone: 0000000520 ,https://labourmin.gov.lk/wp-content/uploads/2025/11/%E0%B6%B4%E0%B7%94%E0%B6%BB%E0%B7%80%E0%B7%90%E0%B7%83%E0%B7%92-%E0%B7%83%E0%B7%9A%E0%B7%80%E0%B7%8F%E0%B6%BD%E0%B6%B7%E0%B7%93-%E0%B6%B4%E0%B7%8A_%E0%B6%BB%E0%B6%A5%E0%B6%B4%E0%B7%8A%E0%B6%AD%E0%B7%92%E0%B6%BA-%E0%B6%B6%E0%B7%8F%E0%B7%84%E0%B7%92%E0%B6%BB-%E0%B7%83%E0%B7%9A%E0%B7%80%E0%B7%8F%E0%B6%BD%E0%B7%8F%E0%B6%B7%E0%B7%93%E0%B6%B1%E0%B7%8A.pdf,
phone,pass,Published phone: 0000000459 ,https://labourmin.gov.lk/wp-content/uploads/2025/11/%E0%B6%B4%E0%B7%94%E0%B6%BB%E0%B7%80%E0%B7%90%E0%B7%83%E0%B7%92-%E0%B7%83%E0%B7%9A%E0%B7%80%E0%B7%8F%E0%B6%BD%E0%B6%B7%E0%B7%93-%E0%B6%B4%E0%B7%8A_%E0%B6%BB%E0%B6%A5%E0%B6%B4%E0%B7%8A%E0%B6%AD%E0%B7%92%E0%B6%BA-%E0%B6%B6%E0%B7%8F%E0%B7%84%E0%B7%92%E0%B6%BB-%E0%B7%83%E0%B7%9A%E0%B7%80%E0%B7%8F%E0%B6%BD%E0%B7%8F%E0%B6%B7%E0%B7%93%E0%B6%B1%E0%B7%8A.pdf,
phone,pass,Published phone: 0000000111 ,https://labourmin.gov.lk/wp-content/uploads/2025/11/%E0%B6%B4%E0%B7%94%E0%B6%BB%E0%B7%80%E0%B7%90%E0%B7%83%E0%B7%92-%E0%B7%83%E0%B7%9A%E0%B7%80%E0%B7%8F%E0%B6%BD%E0%B6%B7%E0%B7%93-%E0%B6%B4%E0%B7%8A_%E0%B6%BB%E0%B6%A5%E0%B6%B4%E0%B7%8A%E0%B6%AD%E0%B7%92%E0%B6%BA-%E0%B6%B6%E0%B7%8F%E0%B7%84%E0%B7%92%E0%B6%BB-%E0%B7%83%E0%B7%9A%E0%B7%80%E0%B7%8F%E0%B6%BD%E0%B7%8F%E0%B6%B7%E0%B7%93%E0%B6%B1%E0%B7%8A.pdf,
phone,pass,Published phone: 0000000104 ,https://labourmin.gov.lk/wp-content/uploads/2025/11/%E0%B6%B4%E0%B7%94%E0%B6%BB%E0%B7%80%E0%B7%90%E0%B7%83%E0%B7%92-%E0%B7%83%E0%B7%9A%E0%B7%80%E0%B7%8F%E0%B6%BD%E0%B6%B7%E0%B7%93-%E0%B6%B4%E0%B7%8A_%E0%B6%BB%E0%B6%A5%E0%B6%B4%E0%B7%8A%E0%B6%AD%E0%B7%92%E0%B6%BA-%E0%B6%B6%E0%B7%8F%E0%B7%84%E0%B7%92%E0%B6%BB-%E0%B7%83%E0%B7%9A%E0%B7%80%E0%B7%8F%E0%B6%BD%E0%B7%8F%E0%B6%B7%E0%B7%93%E0%B6%B1%E0%B7%8A.pdf,
phone,pass,Published phone: 0000000323 ,https://labourmin.gov.lk/wp-content/uploads/2025/11/%E0%B6%B4%E0%B7%94%E0%B6%BB%E0%B7%80%E0%B7%90%E0%B7%83%E0%B7%92-%E0%B7%83%E0%B7%9A%E0%B7%80%E0%B7%8F%E0%B6%BD%E0%B6%B7%E0%B7%93-%E0%B6%B4%E0%B7%8A_%E0%B6%BB%E0%B6%A5%E0%B6%B4%E0%B7%8A%E0%B6%AD%E0%B7%92%E0%B6%BA-%E0%B6%B6%E0%B7%8F%E0%B7%84%E0%B7%92%E0%B6%BB-%E0%B7%83%E0%B7%9A%E0%B7%80%E0%B7%8F%E0%B6%BD%E0%B7%8F%E0%B6%B7%E0%B7%93%E0%B6%B1%E0%B7%8A.pdf,
phone,pass,Published phone: 0000000343 ,https://labourmin.gov.lk/wp-content/uploads/2025/11/%E0%B6%B4%E0%B7%94%E0%B6%BB%E0%B7%80%E0%B7%90%E0%B7%83%E0%B7%92-%E0%B7%83%E0%B7%9A%E0%B7%80%E0%B7%8F%E0%B6%BD%E0%B6%B7%E0%B7%93-%E0%B6%B4%E0%B7%8A_%E0%B6%BB%E0%B6%A5%E0%B6%B4%E0%B7%8A%E0%B6%AD%E0%B7%92%E0%B6%BA-%E0%B6%B6%E0%B7%8F%E0%B7%84%E0%B7%92%E0%B6%BB-%E0%B7%83%E0%B7%9A%E0%B7%80%E0%B7%8F%E0%B6%BD%E0%B7%8F%E0%B6%B7%E0%B7%93%E0%B6%B1%E0%B7%8A.pdf,
phone,pass,Published phone: 0000000448 ,https://labourmin.gov.lk/wp-content/uploads/2025/11/%E0%B6%B4%E0%B7%94%E0%B6%BB%E0%B7%80%E0%B7%90%E0%B7%83%E0%B7%92-%E0%B7%83%E0%B7%9A%E0%B7%80%E0%B7%8F%E0%B6%BD%E0%B6%B7%E0%B7%93-%E0%B6%B4%E0%B7%8A_%E0%B6%BB%E0%B6%A5%E0%B6%B4%E0%B7%8A%E0%B6%AD%E0%B7%92%E0%B6%BA-%E0%B6%B6%E0%B7%8F%E0%B7%84%E0%B7%92%E0%B6%BB-%E0%B7%83%E0%B7%9A%E0%B7%80%E0%B7%8F%E0%B6%BD%E0%B7%8F%E0%B6%B7%E0%B7%93%E0%B6%B1%E0%B7%8A.pdf,
phone,pass,Published phone: 0000000507 ,https://labourmin.gov.lk/wp-content/uploads/2025/11/%E0%B6%B4%E0%B7%94%E0%B6%BB%E0%B7%80%E0%B7%90%E0%B7%83%E0%B7%92-%E0%B7%83%E0%B7%9A%E0%B7%80%E0%B7%8F%E0%B6%BD%E0%B6%B7%E0%B7%93-%E0%B6%B4%E0%B7%8A_%E0%B6%BB%E0%B6%A5%E0%B6%B4%E0%B7%8A%E0%B6%AD%E0%B7%92%E0%B6%BA-%E0%B6%B6%E0%B7%8F%E0%B7%84%E0%B7%92%E0%B6%BB-%E0%B7%83%E0%B7%9A%E0%B7%80%E0%B7%8F%E0%B6%BD%E0%B7%8F%E0%B6%B7%E0%B7%93%E0%B6%B1%E0%B7%8A.pdf,
phone,pass,Published phone: 0000000112 ,https://labourmin.gov.lk/wp-content/uploads/2025/11/%E0%B6%B4%E0%B7%94%E0%B6%BB%E0%B7%80%E0%B7%90%E0%B7%83%E0%B7%92-%E0%B7%83%E0%B7%9A%E0%B7%80%E0%B7%8F%E0%B6%BD%E0%B6%B7%E0%B7%93-%E0%B6%B4%E0%B7%8A_%E0%B6%BB%E0%B6%A5%E0%B6%B4%E0%B7%8A%E0%B6%AD%E0%B7%92%E0%B6%BA-%E0%B6%B6%E0%B7%8F%E0%B7%84%E0%B7%92%E0%B6%BB-%E0%B7%83%E0%B7%9A%E0%B7%80%E0%B7%8F%E0%B6%BD%E0%B7%8F%E0%B6%B7%E0%B7%93%E0%B6%B1%E0%B7%8A.pdf,
phone,pass,Published phone: 0000000475 ,https://labourmin.gov.lk/wp-content/uploads/2025/11/%E0%B6%B4%E0%B7%94%E0%B6%BB%E0%B7%80%E0%B7%90%E0%B7%83%E0%B7%92-%E0%B7%83%E0%B7%9A%E0%B7%80%E0%B7%8F%E0%B6%BD%E0%B6%B7%E0%B7%93-%E0%B6%B4%E0%B7%8A_%E0%B6%BB%E0%B6%A5%E0%B6%B4%E0%B7%8A%E0%B6%AD%E0%B7%92%E0%B6%BA-%E0%B6%B6%E0%B7%8F%E0%B7%84%E0%B7%92%E0%B6%BB-%E0%B7%83%E0%B7%9A%E0%B7%80%E0%B7%8F%E0%B6%BD%E0%B7%8F%E0%B6%B7%E0%B7%93%E0%B6%B1%E0%B7%8A.pdf,
phone,pass,Published phone: 0000000476 ,https://labourmin.gov.lk/wp-content/uploads/2025/11/%E0%B6%B4%E0%B7%94%E0%B6%BB%E0%B7%80%E0%B7%90%E0%B7%83%E0%B7%92-%E0%B7%83%E0%B7%9A%E0%B7%80%E0%B7%8F%E0%B6%BD%E0%B6%B7%E0%B7%93-%E0%B6%B4%E0%B7%8A_%E0%B6%BB%E0%B6%A5%E0%B6%B4%E0%B7%8A%E0%B6%AD%E0%B7%92%E0%B6%BA-%E0%B6%B6%E0%B7%8F%E0%B7%84%E0%B7%92%E0%B6%BB-%E0%B7%83%E0%B7%9A%E0%B7%80%E0%B7%8F%E0%B6%BD%E0%B7%8F%E0%B6%B7%E0%B7%93%E0%B6%B1%E0%B7%8A.pdf,
phone,pass,Published phone: 0000000172 ,https://labourmin.gov.lk/wp-content/uploads/2025/11/%E0%B6%B4%E0%B7%94%E0%B6%BB%E0%B7%80%E0%B7%90%E0%B7%83%E0%B7%92-%E0%B7%83%E0%B7%9A%E0%B7%80%E0%B7%8F%E0%B6%BD%E0%B6%B7%E0%B7%93-%E0%B6%B4%E0%B7%8A_%E0%B6%BB%E0%B6%A5%E0%B6%B4%E0%B7%8A%E0%B6%AD%E0%B7%92%E0%B6%BA-%E0%B6%B6%E0%B7%8F%E0%B7%84%E0%B7%92%E0%B6%BB-%E0%B7%83%E0%B7%9A%E0%B7%80%E0%B7%8F%E0%B6%BD%E0%B7%8F%E0%B6%B7%E0%B7%93%E0%B6%B1%E0%B7%8A.pdf,
phone,pass,Published phone: 0000000221 ,https://labourmin.gov.lk/wp-content/uploads/2025/11/%E0%B6%B4%E0%B7%94%E0%B6%BB%E0%B7%80%E0%B7%90%E0%B7%83%E0%B7%92-%E0%B7%83%E0%B7%9A%E0%B7%80%E0%B7%8F%E0%B6%BD%E0%B6%B7%E0%B7%93-%E0%B6%B4%E0%B7%8A_%E0%B6%BB%E0%B6%A5%E0%B6%B4%E0%B7%8A%E0%B6%AD%E0%B7%92%E0%B6%BA-%E0%B6%B6%E0%B7%8F%E0%B7%84%E0%B7%92%E0%B6%BB-%E0%B7%83%E0%B7%9A%E0%B7%80%E0%B7%8F%E0%B6%BD%E0%B7%8F%E0%B6%B7%E0%B7%93%E0%B6%B1%E0%B7%8A.pdf,
phone,pass,Published phone: 0000000077 ,https://labourmin.gov.lk/wp-content/uploads/2025/11/%E0%B6%B4%E0%B7%94%E0%B6%BB%E0%B7%80%E0%B7%90%E0%B7%83%E0%B7%92-%E0%B7%83%E0%B7%9A%E0%B7%80%E0%B7%8F%E0%B6%BD%E0%B6%B7%E0%B7%93-%E0%B6%B4%E0%B7%8A_%E0%B6%BB%E0%B6%A5%E0%B6%B4%E0%B7%8A%E0%B6%AD%E0%B7%92%E0%B6%BA-%E0%B6%B6%E0%B7%8F%E0%B7%84%E0%B7%92%E0%B6%BB-%E0%B7%83%E0%B7%9A%E0%B7%80%E0%B7%8F%E0%B6%BD%E0%B7%8F%E0%B6%B7%E0%B7%93%E0%B6%B1%E0%B7%8A.pdf,
phone,pass,Published phone: 0000000242 ,https://labourmin.gov.lk/wp-content/uploads/2025/11/%E0%B6%B4%E0%B7%94%E0%B6%BB%E0%B7%80%E0%B7%90%E0%B7%83%E0%B7%92-%E0%B7%83%E0%B7%9A%E0%B7%80%E0%B7%8F%E0%B6%BD%E0%B6%B7%E0%B7%93-%E0%B6%B4%E0%B7%8A_%E0%B6%BB%E0%B6%A5%E0%B6%B4%E0%B7%8A%E0%B6%AD%E0%B7%92%E0%B6%BA-%E0%B6%B6%E0%B7%8F%E0%B7%84%E0%B7%92%E0%B6%BB-%E0%B7%83%E0%B7%9A%E0%B7%80%E0%B7%8F%E0%B6%BD%E0%B7%8F%E0%B6%B7%E0%B7%93%E0%B6%B1%E0%B7%8A.pdf,
phone,pass,Published phone: 0000008998 ,https://labourmin.gov.lk/wp-content/uploads/2025/11/%E0%B6%B4%E0%B7%94%E0%B6%BB%E0%B7%80%E0%B7%90%E0%B7%83%E0%B7%92-%E0%B7%83%E0%B7%9A%E0%B7%80%E0%B7%8F%E0%B6%BD%E0%B6%B7%E0%B7%93-%E0%B6%B4%E0%B7%8A_%E0%B6%BB%E0%B6%A5%E0%B6%B4%E0%B7%8A%E0%B6%AD%E0%B7%92%E0%B6%BA-%E0%B6%B6%E0%B7%8F%E0%B7%84%E0%B7%92%E0%B6%BB-%E0%B7%83%E0%B7%9A%E0%B7%80%E0%B7%8F%E0%B6%BD%E0%B7%8F%E0%B6%B7%E0%B7%93%E0%B6%B1%E0%B7%8A.pdf,
phone,pass,Published phone: 0000012154 ,https://labourmin.gov.lk/wp-content/uploads/2025/11/%E0%B6%B4%E0%B7%94%E0%B6%BB%E0%B7%80%E0%B7%90%E0%B7%83%E0%B7%92-%E0%B7%83%E0%B7%9A%E0%B7%80%E0%B7%8F%E0%B6%BD%E0%B6%B7%E0%B7%93-%E0%B6%B4%E0%B7%8A_%E0%B6%BB%E0%B6%A5%E0%B6%B4%E0%B7%8A%E0%B6%AD%E0%B7%92%E0%B6%BA-%E0%B6%B6%E0%B7%8F%E0%B7%84%E0%B7%92%E0%B6%BB-%E0%B7%83%E0%B7%9A%E0%B7%80%E0%B7%8F%E0%B6%BD%E0%B7%8F%E0%B6%B7%E0%B7%93%E0%B6%B1%E0%B7%8A.pdf,
phone,pass,Published phone: 0000000587 ,https://labourmin.gov.lk/wp-content/uploads/2025/11/%E0%B6%B4%E0%B7%94%E0%B6%BB%E0%B7%80%E0%B7%90%E0%B7%83%E0%B7%92-%E0%B7%83%E0%B7%9A%E0%B7%80%E0%B7%8F%E0%B6%BD%E0%B6%B7%E0%B7%93-%E0%B6%B4%E0%B7%8A_%E0%B6%BB%E0%B6%A5%E0%B6%B4%E0%B7%8A%E0%B6%AD%E0%B7%92%E0%B6%BA-%E0%B6%B6%E0%B7%8F%E0%B7%84%E0%B7%92%E0%B6%BB-%E0%B7%83%E0%B7%9A%E0%B7%80%E0%B7%8F%E0%B6%BD%E0%B7%8F%E0%B6%B7%E0%B7%93%E0%B6%B1%E0%B7%8A.pdf,
phone,pass,Published phone: 0000000100 ,https://labourmin.gov.lk/wp-content/uploads/2025/11/%E0%B6%B4%E0%B7%94%E0%B6%BB%E0%B7%80%E0%B7%90%E0%B7%83%E0%B7%92-%E0%B7%83%E0%B7%9A%E0%B7%80%E0%B7%8F%E0%B6%BD%E0%B6%B7%E0%B7%93-%E0%B6%B4%E0%B7%8A_%E0%B6%BB%E0%B6%A5%E0%B6%B4%E0%B7%8A%E0%B6%AD%E0%B7%92%E0%B6%BA-%E0%B6%B6%E0%B7%8F%E0%B7%84%E0%B7%92%E0%B6%BB-%E0%B7%83%E0%B7%9A%E0%B7%80%E0%B7%8F%E0%B6%BD%E0%B7%8F%E0%B6%B7%E0%B7%93%E0%B6%B1%E0%B7%8A.pdf,
phone,pass,Published phone: 0000000235 ,https://labourmin.gov.lk/wp-content/uploads/2025/11/%E0%B6%B4%E0%B7%94%E0%B6%BB%E0%B7%80%E0%B7%90%E0%B7%83%E0%B7%92-%E0%B7%83%E0%B7%9A%E0%B7%80%E0%B7%8F%E0%B6%BD%E0%B6%B7%E0%B7%93-%E0%B6%B4%E0%B7%8A_%E0%B6%BB%E0%B6%A5%E0%B6%B4%E0%B7%8A%E0%B6%AD%E0%B7%92%E0%B6%BA-%E0%B6%B6%E0%B7%8F%E0%B7%84%E0%B7%92%E0%B6%BB-%E0%B7%83%E0%B7%9A%E0%B7%80%E0%B7%8F%E0%B6%BD%E0%B7%8F%E0%B6%B7%E0%B7%93%E0%B6%B1%E0%B7%8A.pdf,
phone,pass,Published phone: 0000000168 ,https://labourmin.gov.lk/wp-content/uploads/2025/11/%E0%B6%B4%E0%B7%94%E0%B6%BB%E0%B7%80%E0%B7%90%E0%B7%83%E0%B7%92-%E0%B7%83%E0%B7%9A%E0%B7%80%E0%B7%8F%E0%B6%BD%E0%B6%B7%E0%B7%93-%E0%B6%B4%E0%B7%8A_%E0%B6%BB%E0%B6%A5%E0%B6%B4%E0%B7%8A%E0%B6%AD%E0%B7%92%E0%B6%BA-%E0%B6%B6%E0%B7%8F%E0%B7%84%E0%B7%92%E0%B6%BB-%E0%B7%83%E0%B7%9A%E0%B7%80%E0%B7%8F%E0%B6%BD%E0%B7%8F%E0%B6%B7%E0%B7%93%E0%B6%B1%E0%B7%8A.pdf,
phone,pass,Published phone: 0 500 500 500 ,https://labourmin.gov.lk/wp-content/uploads/2025/11/%E0%B6%B4%E0%B7%94%E0%B6%BB%E0%B7%80%E0%B7%90%E0%B7%83%E0%B7%92-%E0%B7%83%E0%B7%9A%E0%B7%80%E0%B7%8F%E0%B6%BD%E0%B6%B7%E0%B7%93-%E0%B6%B4%E0%B7%8A_%E0%B6%BB%E0%B6%A5%E0%B6%B4%E0%B7%8A%E0%B6%AD%E0%B7%92%E0%B6%BA-%E0%B6%B6%E0%B7%8F%E0%B7%84%E0%B7%92%E0%B6%BB-%E0%B7%83%E0%B7%9A%E0%B7%80%E0%B7%8F%E0%B6%BD%E0%B7%8F%E0%B6%B7%E0%B7%93%E0%B6%B1%E0%B7%8A.pdf,
phone,pass,Published phone: 0000000501 ,https://labourmin.gov.lk/wp-content/uploads/2025/11/%E0%B6%B4%E0%B7%94%E0%B6%BB%E0%B7%80%E0%B7%90%E0%B7%83%E0%B7%92-%E0%B7%83%E0%B7%9A%E0%B7%80%E0%B7%8F%E0%B6%BD%E0%B6%B7%E0%B7%93-%E0%B6%B4%E0%B7%8A_%E0%B6%BB%E0%B6%A5%E0%B6%B4%E0%B7%8A%E0%B6%AD%E0%B7%92%E0%B6%BA-%E0%B6%B6%E0%B7%8F%E0%B7%84%E0%B7%92%E0%B6%BB-%E0%B7%83%E0%B7%9A%E0%B7%80%E0%B7%8F%E0%B6%BD%E0%B7%8F%E0%B6%B7%E0%B7%93%E0%B6%B1%E0%B7%8A.pdf,
phone,pass,Published phone: 0000000220 ,https://labourmin.gov.lk/wp-content/uploads/2025/11/%E0%B6%B4%E0%B7%94%E0%B6%BB%E0%B7%80%E0%B7%90%E0%B7%83%E0%B7%92-%E0%B7%83%E0%B7%9A%E0%B7%80%E0%B7%8F%E0%B6%BD%E0%B6%B7%E0%B7%93-%E0%B6%B4%E0%B7%8A_%E0%B6%BB%E0%B6%A5%E0%B6%B4%E0%B7%8A%E0%B6%AD%E0%B7%92%E0%B6%BA-%E0%B6%B6%E0%B7%8F%E0%B7%84%E0%B7%92%E0%B6%BB-%E0%B7%83%E0%B7%9A%E0%B7%80%E0%B7%8F%E0%B6%BD%E0%B7%8F%E0%B6%B7%E0%B7%93%E0%B6%B1%E0%B7%8A.pdf,
phone,pass,Published phone: 0000000139 ,https://labourmin.gov.lk/wp-content/uploads/2025/11/%E0%B6%B4%E0%B7%94%E0%B6%BB%E0%B7%80%E0%B7%90%E0%B7%83%E0%B7%92-%E0%B7%83%E0%B7%9A%E0%B7%80%E0%B7%8F%E0%B6%BD%E0%B6%B7%E0%B7%93-%E0%B6%B4%E0%B7%8A_%E0%B6%BB%E0%B6%A5%E0%B6%B4%E0%B7%8A%E0%B6%AD%E0%B7%92%E0%B6%BA-%E0%B6%B6%E0%B7%8F%E0%B7%84%E0%B7%92%E0%B6%BB-%E0%B7%83%E0%B7%9A%E0%B7%80%E0%B7%8F%E0%B6%BD%E0%B7%8F%E0%B6%B7%E0%B7%93%E0%B6%B1%E0%B7%8A.pdf,
phone,pass,Published phone: 0000000084 ,https://labourmin.gov.lk/wp-content/uploads/2025/11/%E0%B6%B4%E0%B7%94%E0%B6%BB%E0%B7%80%E0%B7%90%E0%B7%83%E0%B7%92-%E0%B7%83%E0%B7%9A%E0%B7%80%E0%B7%8F%E0%B6%BD%E0%B6%B7%E0%B7%93-%E0%B6%B4%E0%B7%8A_%E0%B6%BB%E0%B6%A5%E0%B6%B4%E0%B7%8A%E0%B6%AD%E0%B7%92%E0%B6%BA-%E0%B6%B6%E0%B7%8F%E0%B7%84%E0%B7%92%E0%B6%BB-%E0%B7%83%E0%B7%9A%E0%B7%80%E0%B7%8F%E0%B6%BD%E0%B7%8F%E0%B6%B7%E0%B7%93%E0%B6%B1%E0%B7%8A.pdf,
phone,pass,Published phone: 0000000189 ,https://labourmin.gov.lk/wp-content/uploads/2025/11/%E0%B6%B4%E0%B7%94%E0%B6%BB%E0%B7%80%E0%B7%90%E0%B7%83%E0%B7%92-%E0%B7%83%E0%B7%9A%E0%B7%80%E0%B7%8F%E0%B6%BD%E0%B6%B7%E0%B7%93-%E0%B6%B4%E0%B7%8A_%E0%B6%BB%E0%B6%A5%E0%B6%B4%E0%B7%8A%E0%B6%AD%E0%B7%92%E0%B6%BA-%E0%B6%B6%E0%B7%8F%E0%B7%84%E0%B7%92%E0%B6%BB-%E0%B7%83%E0%B7%9A%E0%B7%80%E0%B7%8F%E0%B6%BD%E0%B7%8F%E0%B6%B7%E0%B7%93%E0%B6%B1%E0%B7%8A.pdf,
phone,pass,Published phone: 0000000198 ,https://labourmin.gov.lk/wp-content/uploads/2025/11/%E0%B6%B4%E0%B7%94%E0%B6%BB%E0%B7%80%E0%B7%90%E0%B7%83%E0%B7%92-%E0%B7%83%E0%B7%9A%E0%B7%80%E0%B7%8F%E0%B6%BD%E0%B6%B7%E0%B7%93-%E0%B6%B4%E0%B7%8A_%E0%B6%BB%E0%B6%A5%E0%B6%B4%E0%B7%8A%E0%B6%AD%E0%B7%92%E0%B6%BA-%E0%B6%B6%E0%B7%8F%E0%B7%84%E0%B7%92%E0%B6%BB-%E0%B7%83%E0%B7%9A%E0%B7%80%E0%B7%8F%E0%B6%BD%E0%B7%8F%E0%B6%B7%E0%B7%93%E0%B6%B1%E0%B7%8A.pdf,
phone,pass,Published phone: 0000000219 ,https://labourmin.gov.lk/wp-content/uploads/2025/11/%E0%B6%B4%E0%B7%94%E0%B6%BB%E0%B7%80%E0%B7%90%E0%B7%83%E0%B7%92-%E0%B7%83%E0%B7%9A%E0%B7%80%E0%B7%8F%E0%B6%BD%E0%B6%B7%E0%B7%93-%E0%B6%B4%E0%B7%8A_%E0%B6%BB%E0%B6%A5%E0%B6%B4%E0%B7%8A%E0%B6%AD%E0%B7%92%E0%B6%BA-%E0%B6%B6%E0%B7%8F%E0%B7%84%E0%B7%92%E0%B6%BB-%E0%B7%83%E0%B7%9A%E0%B7%80%E0%B7%8F%E0%B6%BD%E0%B7%8F%E0%B6%B7%E0%B7%93%E0%B6%B1%E0%B7%8A.pdf,
phone,pass,Published phone: 0000000341 ,https://labourmin.gov.lk/wp-content/uploads/2025/11/%E0%B6%B4%E0%B7%94%E0%B6%BB%E0%B7%80%E0%B7%90%E0%B7%83%E0%B7%92-%E0%B7%83%E0%B7%9A%E0%B7%80%E0%B7%8F%E0%B6%BD%E0%B6%B7%E0%B7%93-%E0%B6%B4%E0%B7%8A_%E0%B6%BB%E0%B6%A5%E0%B6%B4%E0%B7%8A%E0%B6%AD%E0%B7%92%E0%B6%BA-%E0%B6%B6%E0%B7%8F%E0%B7%84%E0%B7%92%E0%B6%BB-%E0%B7%83%E0%B7%9A%E0%B7%80%E0%B7%8F%E0%B6%BD%E0%B7%8F%E0%B6%B7%E0%B7%93%E0%B6%B1%E0%B7%8A.pdf,
phone,pass,Published phone: 0000000456 ,https://labourmin.gov.lk/wp-content/uploads/2025/11/%E0%B6%B4%E0%B7%94%E0%B6%BB%E0%B7%80%E0%B7%90%E0%B7%83%E0%B7%92-%E0%B7%83%E0%B7%9A%E0%B7%80%E0%B7%8F%E0%B6%BD%E0%B6%B7%E0%B7%93-%E0%B6%B4%E0%B7%8A_%E0%B6%BB%E0%B6%A5%E0%B6%B4%E0%B7%8A%E0%B6%AD%E0%B7%92%E0%B6%BA-%E0%B6%B6%E0%B7%8F%E0%B7%84%E0%B7%92%E0%B6%BB-%E0%B7%83%E0%B7%9A%E0%B7%80%E0%B7%8F%E0%B6%BD%E0%B7%8F%E0%B6%B7%E0%B7%93%E0%B6%B1%E0%B7%8A.pdf,
phone,pass,Published phone: 0000000514 ,https://labourmin.gov.lk/wp-content/uploads/2025/11/%E0%B6%B4%E0%B7%94%E0%B6%BB%E0%B7%80%E0%B7%90%E0%B7%83%E0%B7%92-%E0%B7%83%E0%B7%9A%E0%B7%80%E0%B7%8F%E0%B6%BD%E0%B6%B7%E0%B7%93-%E0%B6%B4%E0%B7%8A_%E0%B6%BB%E0%B6%A5%E0%B6%B4%E0%B7%8A%E0%B6%AD%E0%B7%92%E0%B6%BA-%E0%B6%B6%E0%B7%8F%E0%B7%84%E0%B7%92%E0%B6%BB-%E0%B7%83%E0%B7%9A%E0%B7%80%E0%B7%8F%E0%B6%BD%E0%B7%8F%E0%B6%B7%E0%B7%93%E0%B6%B1%E0%B7%8A.pdf,
phone,pass,Published phone: 0000056997 ,https://labourmin.gov.lk/wp-content/uploads/2025/11/%E0%B6%B4%E0%B7%94%E0%B6%BB%E0%B7%80%E0%B7%90%E0%B7%83%E0%B7%92-%E0%B7%83%E0%B7%9A%E0%B7%80%E0%B7%8F%E0%B6%BD%E0%B6%B7%E0%B7%93-%E0%B6%B4%E0%B7%8A_%E0%B6%BB%E0%B6%A5%E0%B6%B4%E0%B7%8A%E0%B6%AD%E0%B7%92%E0%B6%BA-%E0%B6%B6%E0%B7%8F%E0%B7%84%E0%B7%92%E0%B6%BB-%E0%B7%83%E0%B7%9A%E0%B7%80%E0%B7%8F%E0%B6%BD%E0%B7%8F%E0%B6%B7%E0%B7%93%E0%B6%B1%E0%B7%8A.pdf,
phone,pass,Published phone: 0000000580 ,https://labourmin.gov.lk/wp-content/uploads/2025/11/%E0%B6%B4%E0%B7%94%E0%B6%BB%E0%B7%80%E0%B7%90%E0%B7%83%E0%B7%92-%E0%B7%83%E0%B7%9A%E0%B7%80%E0%B7%8F%E0%B6%BD%E0%B6%B7%E0%B7%93-%E0%B6%B4%E0%B7%8A_%E0%B6%BB%E0%B6%A5%E0%B6%B4%E0%B7%8A%E0%B6%AD%E0%B7%92%E0%B6%BA-%E0%B6%B6%E0%B7%8F%E0%B7%84%E0%B7%92%E0%B6%BB-%E0%B7%83%E0%B7%9A%E0%B7%80%E0%B7%8F%E0%B6%BD%E0%B7%8F%E0%B6%B7%E0%B7%93%E0%B6%B1%E0%B7%8A.pdf,
phone,pass,Published phone: 0000000288 ,https://labourmin.gov.lk/wp-content/uploads/2025/11/%E0%B6%B4%E0%B7%94%E0%B6%BB%E0%B7%80%E0%B7%90%E0%B7%83%E0%B7%92-%E0%B7%83%E0%B7%9A%E0%B7%80%E0%B7%8F%E0%B6%BD%E0%B6%B7%E0%B7%93-%E0%B6%B4%E0%B7%8A_%E0%B6%BB%E0%B6%A5%E0%B6%B4%E0%B7%8A%E0%B6%AD%E0%B7%92%E0%B6%BA-%E0%B6%B6%E0%B7%8F%E0%B7%84%E0%B7%92%E0%B6%BB-%E0%B7%83%E0%B7%9A%E0%B7%80%E0%B7%8F%E0%B6%BD%E0%B7%8F%E0%B6%B7%E0%B7%93%E0%B6%B1%E0%B7%8A.pdf,
phone,pass,Published phone: 0000000442 ,https://labourmin.gov.lk/wp-content/uploads/2025/11/%E0%B6%B4%E0%B7%94%E0%B6%BB%E0%B7%80%E0%B7%90%E0%B7%83%E0%B7%92-%E0%B7%83%E0%B7%9A%E0%B7%80%E0%B7%8F%E0%B6%BD%E0%B6%B7%E0%B7%93-%E0%B6%B4%E0%B7%8A_%E0%B6%BB%E0%B6%A5%E0%B6%B4%E0%B7%8A%E0%B6%AD%E0%B7%92%E0%B6%BA-%E0%B6%B6%E0%B7%8F%E0%B7%84%E0%B7%92%E0%B6%BB-%E0%B7%83%E0%B7%9A%E0%B7%80%E0%B7%8F%E0%B6%BD%E0%B7%8F%E0%B6%B7%E0%B7%93%E0%B6%B1%E0%B7%8A.pdf,
phone,pass,Published phone: 0000000270 ,https://labourmin.gov.lk/wp-content/uploads/2025/11/%E0%B6%B4%E0%B7%94%E0%B6%BB%E0%B7%80%E0%B7%90%E0%B7%83%E0%B7%92-%E0%B7%83%E0%B7%9A%E0%B7%80%E0%B7%8F%E0%B6%BD%E0%B6%B7%E0%B7%93-%E0%B6%B4%E0%B7%8A_%E0%B6%BB%E0%B6%A5%E0%B6%B4%E0%B7%8A%E0%B6%AD%E0%B7%92%E0%B6%BA-%E0%B6%B6%E0%B7%8F%E0%B7%84%E0%B7%92%E0%B6%BB-%E0%B7%83%E0%B7%9A%E0%B7%80%E0%B7%8F%E0%B6%BD%E0%B7%8F%E0%B6%B7%E0%B7%93%E0%B6%B1%E0%B7%8A.pdf,
phone,pass,Published phone: 0000000181 ,https://labourmin.gov.lk/wp-content/uploads/2025/11/%E0%B6%B4%E0%B7%94%E0%B6%BB%E0%B7%80%E0%B7%90%E0%B7%83%E0%B7%92-%E0%B7%83%E0%B7%9A%E0%B7%80%E0%B7%8F%E0%B6%BD%E0%B6%B7%E0%B7%93-%E0%B6%B4%E0%B7%8A_%E0%B6%BB%E0%B6%A5%E0%B6%B4%E0%B7%8A%E0%B6%AD%E0%B7%92%E0%B6%BA-%E0%B6%B6%E0%B7%8F%E0%B7%84%E0%B7%92%E0%B6%BB-%E0%B7%83%E0%B7%9A%E0%B7%80%E0%B7%8F%E0%B6%BD%E0%B7%8F%E0%B6%B7%E0%B7%93%E0%B6%B1%E0%B7%8A.pdf,
phone,pass,Published phone: 0000000542 ,https://labourmin.gov.lk/wp-content/uploads/2025/11/%E0%B6%B4%E0%B7%94%E0%B6%BB%E0%B7%80%E0%B7%90%E0%B7%83%E0%B7%92-%E0%B7%83%E0%B7%9A%E0%B7%80%E0%B7%8F%E0%B6%BD%E0%B6%B7%E0%B7%93-%E0%B6%B4%E0%B7%8A_%E0%B6%BB%E0%B6%A5%E0%B6%B4%E0%B7%8A%E0%B6%AD%E0%B7%92%E0%B6%BA-%E0%B6%B6%E0%B7%8F%E0%B7%84%E0%B7%92%E0%B6%BB-%E0%B7%83%E0%B7%9A%E0%B7%80%E0%B7%8F%E0%B6%BD%E0%B7%8F%E0%B6%B7%E0%B7%93%E0%B6%B1%E0%B7%8A.pdf,
phone,pass,Published phone: 0000000069 ,https://labourmin.gov.lk/wp-content/uploads/2025/11/%E0%B6%B4%E0%B7%94%E0%B6%BB%E0%B7%80%E0%B7%90%E0%B7%83%E0%B7%92-%E0%B7%83%E0%B7%9A%E0%B7%80%E0%B7%8F%E0%B6%BD%E0%B6%B7%E0%B7%93-%E0%B6%B4%E0%B7%8A_%E0%B6%BB%E0%B6%A5%E0%B6%B4%E0%B7%8A%E0%B6%AD%E0%B7%92%E0%B6%BA-%E0%B6%B6%E0%B7%8F%E0%B7%84%E0%B7%92%E0%B6%BB-%E0%B7%83%E0%B7%9A%E0%B7%80%E0%B7%8F%E0%B6%BD%E0%B7%8F%E0%B6%B7%E0%B7%93%E0%B6%B1%E0%B7%8A.pdf,
phone,pass,Published phone: 0000057720 ,https://labourmin.gov.lk/wp-content/uploads/2025/11/%E0%B6%B4%E0%B7%94%E0%B6%BB%E0%B7%80%E0%B7%90%E0%B7%83%E0%B7%92-%E0%B7%83%E0%B7%9A%E0%B7%80%E0%B7%8F%E0%B6%BD%E0%B6%B7%E0%B7%93-%E0%B6%B4%E0%B7%8A_%E0%B6%BB%E0%B6%A5%E0%B6%B4%E0%B7%8A%E0%B6%AD%E0%B7%92%E0%B6%BA-%E0%B6%B6%E0%B7%8F%E0%B7%84%E0%B7%92%E0%B6%BB-%E0%B7%83%E0%B7%9A%E0%B7%80%E0%B7%8F%E0%B6%BD%E0%B7%8F%E0%B6%B7%E0%B7%93%E0%B6%B1%E0%B7%8A.pdf,
phone,pass,Published phone: 0000000316 ,https://labourmin.gov.lk/wp-content/uploads/2025/11/%E0%B6%B4%E0%B7%94%E0%B6%BB%E0%B7%80%E0%B7%90%E0%B7%83%E0%B7%92-%E0%B7%83%E0%B7%9A%E0%B7%80%E0%B7%8F%E0%B6%BD%E0%B6%B7%E0%B7%93-%E0%B6%B4%E0%B7%8A_%E0%B6%BB%E0%B6%A5%E0%B6%B4%E0%B7%8A%E0%B6%AD%E0%B7%92%E0%B6%BA-%E0%B6%B6%E0%B7%8F%E0%B7%84%E0%B7%92%E0%B6%BB-%E0%B7%83%E0%B7%9A%E0%B7%80%E0%B7%8F%E0%B6%BD%E0%B7%8F%E0%B6%B7%E0%B7%93%E0%B6%B1%E0%B7%8A.pdf,
phone,pass,Published phone: 0000000390 ,https://labourmin.gov.lk/wp-content/uploads/2025/11/%E0%B6%B4%E0%B7%94%E0%B6%BB%E0%B7%80%E0%B7%90%E0%B7%83%E0%B7%92-%E0%B7%83%E0%B7%9A%E0%B7%80%E0%B7%8F%E0%B6%BD%E0%B6%B7%E0%B7%93-%E0%B6%B4%E0%B7%8A_%E0%B6%BB%E0%B6%A5%E0%B6%B4%E0%B7%8A%E0%B6%AD%E0%B7%92%E0%B6%BA-%E0%B6%B6%E0%B7%8F%E0%B7%84%E0%B7%92%E0%B6%BB-%E0%B7%83%E0%B7%9A%E0%B7%80%E0%B7%8F%E0%B6%BD%E0%B7%8F%E0%B6%B7%E0%B7%93%E0%B6%B1%E0%B7%8A.pdf,
phone,pass,Published phone: 0000000356 ,https://labourmin.gov.lk/wp-content/uploads/2025/11/%E0%B6%B4%E0%B7%94%E0%B6%BB%E0%B7%80%E0%B7%90%E0%B7%83%E0%B7%92-%E0%B7%83%E0%B7%9A%E0%B7%80%E0%B7%8F%E0%B6%BD%E0%B6%B7%E0%B7%93-%E0%B6%B4%E0%B7%8A_%E0%B6%BB%E0%B6%A5%E0%B6%B4%E0%B7%8A%E0%B6%AD%E0%B7%92%E0%B6%BA-%E0%B6%B6%E0%B7%8F%E0%B7%84%E0%B7%92%E0%B6%BB-%E0%B7%83%E0%B7%9A%E0%B7%80%E0%B7%8F%E0%B6%BD%E0%B7%8F%E0%B6%B7%E0%B7%93%E0%B6%B1%E0%B7%8A.pdf,
phone,pass,Published phone: 0000184238 ,https://labourmin.gov.lk/wp-content/uploads/2025/11/%E0%B6%B4%E0%B7%94%E0%B6%BB%E0%B7%80%E0%B7%90%E0%B7%83%E0%B7%92-%E0%B7%83%E0%B7%9A%E0%B7%80%E0%B7%8F%E0%B6%BD%E0%B6%B7%E0%B7%93-%E0%B6%B4%E0%B7%8A_%E0%B6%BB%E0%B6%A5%E0%B6%B4%E0%B7%8A%E0%B6%AD%E0%B7%92%E0%B6%BA-%E0%B6%B6%E0%B7%8F%E0%B7%84%E0%B7%92%E0%B6%BB-%E0%B7%83%E0%B7%9A%E0%B7%80%E0%B7%8F%E0%B6%BD%E0%B7%8F%E0%B6%B7%E0%B7%93%E0%B6%B1%E0%B7%8A.pdf,
phone,pass,Published phone: 0000000495 ,https://labourmin.gov.lk/wp-content/uploads/2025/11/%E0%B6%B4%E0%B7%94%E0%B6%BB%E0%B7%80%E0%B7%90%E0%B7%83%E0%B7%92-%E0%B7%83%E0%B7%9A%E0%B7%80%E0%B7%8F%E0%B6%BD%E0%B6%B7%E0%B7%93-%E0%B6%B4%E0%B7%8A_%E0%B6%BB%E0%B6%A5%E0%B6%B4%E0%B7%8A%E0%B6%AD%E0%B7%92%E0%B6%BA-%E0%B6%B6%E0%B7%8F%E0%B7%84%E0%B7%92%E0%B6%BB-%E0%B7%83%E0%B7%9A%E0%B7%80%E0%B7%8F%E0%B6%BD%E0%B7%8F%E0%B6%B7%E0%B7%93%E0%B6%B1%E0%B7%8A.pdf,
phone,pass,Published phone: 0000000227 ,https://labourmin.gov.lk/wp-content/uploads/2025/11/%E0%B6%B4%E0%B7%94%E0%B6%BB%E0%B7%80%E0%B7%90%E0%B7%83%E0%B7%92-%E0%B7%83%E0%B7%9A%E0%B7%80%E0%B7%8F%E0%B6%BD%E0%B6%B7%E0%B7%93-%E0%B6%B4%E0%B7%8A_%E0%B6%BB%E0%B6%A5%E0%B6%B4%E0%B7%8A%E0%B6%AD%E0%B7%92%E0%B6%BA-%E0%B6%B6%E0%B7%8F%E0%B7%84%E0%B7%92%E0%B6%BB-%E0%B7%83%E0%B7%9A%E0%B7%80%E0%B7%8F%E0%B6%BD%E0%B7%8F%E0%B6%B7%E0%B7%93%E0%B6%B1%E0%B7%8A.pdf,
phone,pass,Published phone: 0000000110 ,https://labourmin.gov.lk/wp-content/uploads/2025/11/%E0%B6%B4%E0%B7%94%E0%B6%BB%E0%B7%80%E0%B7%90%E0%B7%83%E0%B7%92-%E0%B7%83%E0%B7%9A%E0%B7%80%E0%B7%8F%E0%B6%BD%E0%B6%B7%E0%B7%93-%E0%B6%B4%E0%B7%8A_%E0%B6%BB%E0%B6%A5%E0%B6%B4%E0%B7%8A%E0%B6%AD%E0%B7%92%E0%B6%BA-%E0%B6%B6%E0%B7%8F%E0%B7%84%E0%B7%92%E0%B6%BB-%E0%B7%83%E0%B7%9A%E0%B7%80%E0%B7%8F%E0%B6%BD%E0%B7%8F%E0%B6%B7%E0%B7%93%E0%B6%B1%E0%B7%8A.pdf,
phone,pass,Published phone: 0000000388 ,https://labourmin.gov.lk/wp-content/uploads/2025/11/%E0%B6%B4%E0%B7%94%E0%B6%BB%E0%B7%80%E0%B7%90%E0%B7%83%E0%B7%92-%E0%B7%83%E0%B7%9A%E0%B7%80%E0%B7%8F%E0%B6%BD%E0%B6%B7%E0%B7%93-%E0%B6%B4%E0%B7%8A_%E0%B6%BB%E0%B6%A5%E0%B6%B4%E0%B7%8A%E0%B6%AD%E0%B7%92%E0%B6%BA-%E0%B6%B6%E0%B7%8F%E0%B7%84%E0%B7%92%E0%B6%BB-%E0%B7%83%E0%B7%9A%E0%B7%80%E0%B7%8F%E0%B6%BD%E0%B7%8F%E0%B6%B7%E0%B7%93%E0%B6%B1%E0%B7%8A.pdf,
phone,pass,Published phone: 0000000209 ,https://labourmin.gov.lk/wp-content/uploads/2025/11/%E0%B6%B4%E0%B7%94%E0%B6%BB%E0%B7%80%E0%B7%90%E0%B7%83%E0%B7%92-%E0%B7%83%E0%B7%9A%E0%B7%80%E0%B7%8F%E0%B6%BD%E0%B6%B7%E0%B7%93-%E0%B6%B4%E0%B7%8A_%E0%B6%BB%E0%B6%A5%E0%B6%B4%E0%B7%8A%E0%B6%AD%E0%B7%92%E0%B6%BA-%E0%B6%B6%E0%B7%8F%E0%B7%84%E0%B7%92%E0%B6%BB-%E0%B7%83%E0%B7%9A%E0%B7%80%E0%B7%8F%E0%B6%BD%E0%B7%8F%E0%B6%B7%E0%B7%93%E0%B6%B1%E0%B7%8A.pdf,
phone,pass,Published phone: 0000000596 ,https://labourmin.gov.lk/wp-content/uploads/2025/11/%E0%B6%B4%E0%B7%94%E0%B6%BB%E0%B7%80%E0%B7%90%E0%B7%83%E0%B7%92-%E0%B7%83%E0%B7%9A%E0%B7%80%E0%B7%8F%E0%B6%BD%E0%B6%B7%E0%B7%93-%E0%B6%B4%E0%B7%8A_%E0%B6%BB%E0%B6%A5%E0%B6%B4%E0%B7%8A%E0%B6%AD%E0%B7%92%E0%B6%BA-%E0%B6%B6%E0%B7%8F%E0%B7%84%E0%B7%92%E0%B6%BB-%E0%B7%83%E0%B7%9A%E0%B7%80%E0%B7%8F%E0%B6%BD%E0%B7%8F%E0%B6%B7%E0%B7%93%E0%B6%B1%E0%B7%8A.pdf,
phone,pass,Published phone: 0000000177 ,https://labourmin.gov.lk/wp-content/uploads/2025/11/%E0%B6%B4%E0%B7%94%E0%B6%BB%E0%B7%80%E0%B7%90%E0%B7%83%E0%B7%92-%E0%B7%83%E0%B7%9A%E0%B7%80%E0%B7%8F%E0%B6%BD%E0%B6%B7%E0%B7%93-%E0%B6%B4%E0%B7%8A_%E0%B6%BB%E0%B6%A5%E0%B6%B4%E0%B7%8A%E0%B6%AD%E0%B7%92%E0%B6%BA-%E0%B6%B6%E0%B7%8F%E0%B7%84%E0%B7%92%E0%B6%BB-%E0%B7%83%E0%B7%9A%E0%B7%80%E0%B7%8F%E0%B6%BD%E0%B7%8F%E0%B6%B7%E0%B7%93%E0%B6%B1%E0%B7%8A.pdf,
phone,pass,Published phone: 0000000379 ,https://labourmin.gov.lk/wp-content/uploads/2025/11/%E0%B6%B4%E0%B7%94%E0%B6%BB%E0%B7%80%E0%B7%90%E0%B7%83%E0%B7%92-%E0%B7%83%E0%B7%9A%E0%B7%80%E0%B7%8F%E0%B6%BD%E0%B6%B7%E0%B7%93-%E0%B6%B4%E0%B7%8A_%E0%B6%BB%E0%B6%A5%E0%B6%B4%E0%B7%8A%E0%B6%AD%E0%B7%92%E0%B6%BA-%E0%B6%B6%E0%B7%8F%E0%B7%84%E0%B7%92%E0%B6%BB-%E0%B7%83%E0%B7%9A%E0%B7%80%E0%B7%8F%E0%B6%BD%E0%B7%8F%E0%B6%B7%E0%B7%93%E0%B6%B1%E0%B7%8A.pdf,
phone,pass,Published phone: 0000000547 ,https://labourmin.gov.lk/wp-content/uploads/2025/11/%E0%B6%B4%E0%B7%94%E0%B6%BB%E0%B7%80%E0%B7%90%E0%B7%83%E0%B7%92-%E0%B7%83%E0%B7%9A%E0%B7%80%E0%B7%8F%E0%B6%BD%E0%B6%B7%E0%B7%93-%E0%B6%B4%E0%B7%8A_%E0%B6%BB%E0%B6%A5%E0%B6%B4%E0%B7%8A%E0%B6%AD%E0%B7%92%E0%B6%BA-%E0%B6%B6%E0%B7%8F%E0%B7%84%E0%B7%92%E0%B6%BB-%E0%B7%83%E0%B7%9A%E0%B7%80%E0%B7%8F%E0%B6%BD%E0%B7%8F%E0%B6%B7%E0%B7%93%E0%B6%B1%E0%B7%8A.pdf,
phone,pass,Published phone: 0000000160 ,https://labourmin.gov.lk/wp-content/uploads/2025/11/%E0%B6%B4%E0%B7%94%E0%B6%BB%E0%B7%80%E0%B7%90%E0%B7%83%E0%B7%92-%E0%B7%83%E0%B7%9A%E0%B7%80%E0%B7%8F%E0%B6%BD%E0%B6%B7%E0%B7%93-%E0%B6%B4%E0%B7%8A_%E0%B6%BB%E0%B6%A5%E0%B6%B4%E0%B7%8A%E0%B6%AD%E0%B7%92%E0%B6%BA-%E0%B6%B6%E0%B7%8F%E0%B7%84%E0%B7%92%E0%B6%BB-%E0%B7%83%E0%B7%9A%E0%B7%80%E0%B7%8F%E0%B6%BD%E0%B7%8F%E0%B6%B7%E0%B7%93%E0%B6%B1%E0%B7%8A.pdf,
phone,pass,Published phone: 0000000298 ,https://labourmin.gov.lk/wp-content/uploads/2025/11/%E0%B6%B4%E0%B7%94%E0%B6%BB%E0%B7%80%E0%B7%90%E0%B7%83%E0%B7%92-%E0%B7%83%E0%B7%9A%E0%B7%80%E0%B7%8F%E0%B6%BD%E0%B6%B7%E0%B7%93-%E0%B6%B4%E0%B7%8A_%E0%B6%BB%E0%B6%A5%E0%B6%B4%E0%B7%8A%E0%B6%AD%E0%B7%92%E0%B6%BA-%E0%B6%B6%E0%B7%8F%E0%B7%84%E0%B7%92%E0%B6%BB-%E0%B7%83%E0%B7%9A%E0%B7%80%E0%B7%8F%E0%B6%BD%E0%B7%8F%E0%B6%B7%E0%B7%93%E0%B6%B1%E0%B7%8A.pdf,
phone,pass,Published phone: 0000162744 ,https://labourmin.gov.lk/wp-content/uploads/2025/11/%E0%B6%B4%E0%B7%94%E0%B6%BB%E0%B7%80%E0%B7%90%E0%B7%83%E0%B7%92-%E0%B7%83%E0%B7%9A%E0%B7%80%E0%B7%8F%E0%B6%BD%E0%B6%B7%E0%B7%93-%E0%B6%B4%E0%B7%8A_%E0%B6%BB%E0%B6%A5%E0%B6%B4%E0%B7%8A%E0%B6%AD%E0%B7%92%E0%B6%BA-%E0%B6%B6%E0%B7%8F%E0%B7%84%E0%B7%92%E0%B6%BB-%E0%B7%83%E0%B7%9A%E0%B7%80%E0%B7%8F%E0%B6%BD%E0%B7%8F%E0%B6%B7%E0%B7%93%E0%B6%B1%E0%B7%8A.pdf,
phone,pass,Published phone: 0000000119 ,https://labourmin.gov.lk/wp-content/uploads/2025/11/%E0%B6%B4%E0%B7%94%E0%B6%BB%E0%B7%80%E0%B7%90%E0%B7%83%E0%B7%92-%E0%B7%83%E0%B7%9A%E0%B7%80%E0%B7%8F%E0%B6%BD%E0%B6%B7%E0%B7%93-%E0%B6%B4%E0%B7%8A_%E0%B6%BB%E0%B6%A5%E0%B6%B4%E0%B7%8A%E0%B6%AD%E0%B7%92%E0%B6%BA-%E0%B6%B6%E0%B7%8F%E0%B7%84%E0%B7%92%E0%B6%BB-%E0%B7%83%E0%B7%9A%E0%B7%80%E0%B7%8F%E0%B6%BD%E0%B7%8F%E0%B6%B7%E0%B7%93%E0%B6%B1%E0%B7%8A.pdf,
phone,pass,Published phone: 0000000350 ,https://labourmin.gov.lk/wp-content/uploads/2025/11/%E0%B6%B4%E0%B7%94%E0%B6%BB%E0%B7%80%E0%B7%90%E0%B7%83%E0%B7%92-%E0%B7%83%E0%B7%9A%E0%B7%80%E0%B7%8F%E0%B6%BD%E0%B6%B7%E0%B7%93-%E0%B6%B4%E0%B7%8A_%E0%B6%BB%E0%B6%A5%E0%B6%B4%E0%B7%8A%E0%B6%AD%E0%B7%92%E0%B6%BA-%E0%B6%B6%E0%B7%8F%E0%B7%84%E0%B7%92%E0%B6%BB-%E0%B7%83%E0%B7%9A%E0%B7%80%E0%B7%8F%E0%B6%BD%E0%B7%8F%E0%B6%B7%E0%B7%93%E0%B6%B1%E0%B7%8A.pdf,
phone,pass,Published phone: 0000000166 ,https://labourmin.gov.lk/wp-content/uploads/2025/11/%E0%B6%B4%E0%B7%94%E0%B6%BB%E0%B7%80%E0%B7%90%E0%B7%83%E0%B7%92-%E0%B7%83%E0%B7%9A%E0%B7%80%E0%B7%8F%E0%B6%BD%E0%B6%B7%E0%B7%93-%E0%B6%B4%E0%B7%8A_%E0%B6%BB%E0%B6%A5%E0%B6%B4%E0%B7%8A%E0%B6%AD%E0%B7%92%E0%B6%BA-%E0%B6%B6%E0%B7%8F%E0%B7%84%E0%B7%92%E0%B6%BB-%E0%B7%83%E0%B7%9A%E0%B7%80%E0%B7%8F%E0%B6%BD%E0%B7%8F%E0%B6%B7%E0%B7%93%E0%B6%B1%E0%B7%8A.pdf,
phone,pass,Published phone: 0000000244 ,https://labourmin.gov.lk/wp-content/uploads/2025/11/%E0%B6%B4%E0%B7%94%E0%B6%BB%E0%B7%80%E0%B7%90%E0%B7%83%E0%B7%92-%E0%B7%83%E0%B7%9A%E0%B7%80%E0%B7%8F%E0%B6%BD%E0%B6%B7%E0%B7%93-%E0%B6%B4%E0%B7%8A_%E0%B6%BB%E0%B6%A5%E0%B6%B4%E0%B7%8A%E0%B6%AD%E0%B7%92%E0%B6%BA-%E0%B6%B6%E0%B7%8F%E0%B7%84%E0%B7%92%E0%B6%BB-%E0%B7%83%E0%B7%9A%E0%B7%80%E0%B7%8F%E0%B6%BD%E0%B7%8F%E0%B6%B7%E0%B7%93%E0%B6%B1%E0%B7%8A.pdf,
phone,pass,Published phone: 0000000191 ,https://labourmin.gov.lk/wp-content/uploads/2025/11/%E0%B6%B4%E0%B7%94%E0%B6%BB%E0%B7%80%E0%B7%90%E0%B7%83%E0%B7%92-%E0%B7%83%E0%B7%9A%E0%B7%80%E0%B7%8F%E0%B6%BD%E0%B6%B7%E0%B7%93-%E0%B6%B4%E0%B7%8A_%E0%B6%BB%E0%B6%A5%E0%B6%B4%E0%B7%8A%E0%B6%AD%E0%B7%92%E0%B6%BA-%E0%B6%B6%E0%B7%8F%E0%B7%84%E0%B7%92%E0%B6%BB-%E0%B7%83%E0%B7%9A%E0%B7%80%E0%B7%8F%E0%B6%BD%E0%B7%8F%E0%B6%B7%E0%B7%93%E0%B6%B1%E0%B7%8A.pdf,
phone,pass,Published phone: 0000000051 ,https://labourmin.gov.lk/wp-content/uploads/2025/11/%E0%B6%B4%E0%B7%94%E0%B6%BB%E0%B7%80%E0%B7%90%E0%B7%83%E0%B7%92-%E0%B7%83%E0%B7%9A%E0%B7%80%E0%B7%8F%E0%B6%BD%E0%B6%B7%E0%B7%93-%E0%B6%B4%E0%B7%8A_%E0%B6%BB%E0%B6%A5%E0%B6%B4%E0%B7%8A%E0%B6%AD%E0%B7%92%E0%B6%BA-%E0%B6%B6%E0%B7%8F%E0%B7%84%E0%B7%92%E0%B6%BB-%E0%B7%83%E0%B7%9A%E0%B7%80%E0%B7%8F%E0%B6%BD%E0%B7%8F%E0%B6%B7%E0%B7%93%E0%B6%B1%E0%B7%8A.pdf,
phone,pass,Published phone: 0000000351 ,https://labourmin.gov.lk/wp-content/uploads/2025/11/%E0%B6%B4%E0%B7%94%E0%B6%BB%E0%B7%80%E0%B7%90%E0%B7%83%E0%B7%92-%E0%B7%83%E0%B7%9A%E0%B7%80%E0%B7%8F%E0%B6%BD%E0%B6%B7%E0%B7%93-%E0%B6%B4%E0%B7%8A_%E0%B6%BB%E0%B6%A5%E0%B6%B4%E0%B7%8A%E0%B6%AD%E0%B7%92%E0%B6%BA-%E0%B6%B6%E0%B7%8F%E0%B7%84%E0%B7%92%E0%B6%BB-%E0%B7%83%E0%B7%9A%E0%B7%80%E0%B7%8F%E0%B6%BD%E0%B7%8F%E0%B6%B7%E0%B7%93%E0%B6%B1%E0%B7%8A.pdf,
phone,pass,Published phone: 0000000161 ,https://labourmin.gov.lk/wp-content/uploads/2025/11/%E0%B6%B4%E0%B7%94%E0%B6%BB%E0%B7%80%E0%B7%90%E0%B7%83%E0%B7%92-%E0%B7%83%E0%B7%9A%E0%B7%80%E0%B7%8F%E0%B6%BD%E0%B6%B7%E0%B7%93-%E0%B6%B4%E0%B7%8A_%E0%B6%BB%E0%B6%A5%E0%B6%B4%E0%B7%8A%E0%B6%AD%E0%B7%92%E0%B6%BA-%E0%B6%B6%E0%B7%8F%E0%B7%84%E0%B7%92%E0%B6%BB-%E0%B7%83%E0%B7%9A%E0%B7%80%E0%B7%8F%E0%B6%BD%E0%B7%8F%E0%B6%B7%E0%B7%93%E0%B6%B1%E0%B7%8A.pdf,
phone,pass,Published phone: 0000027880 ,https://labourmin.gov.lk/wp-content/uploads/2025/11/%E0%B6%B4%E0%B7%94%E0%B6%BB%E0%B7%80%E0%B7%90%E0%B7%83%E0%B7%92-%E0%B7%83%E0%B7%9A%E0%B7%80%E0%B7%8F%E0%B6%BD%E0%B6%B7%E0%B7%93-%E0%B6%B4%E0%B7%8A_%E0%B6%BB%E0%B6%A5%E0%B6%B4%E0%B7%8A%E0%B6%AD%E0%B7%92%E0%B6%BA-%E0%B6%B6%E0%B7%8F%E0%B7%84%E0%B7%92%E0%B6%BB-%E0%B7%83%E0%B7%9A%E0%B7%80%E0%B7%8F%E0%B6%BD%E0%B7%8F%E0%B6%B7%E0%B7%93%E0%B6%B1%E0%B7%8A.pdf,
phone,pass,Published phone: 0000000243 ,https://labourmin.gov.lk/wp-content/uploads/2025/11/%E0%B6%B4%E0%B7%94%E0%B6%BB%E0%B7%80%E0%B7%90%E0%B7%83%E0%B7%92-%E0%B7%83%E0%B7%9A%E0%B7%80%E0%B7%8F%E0%B6%BD%E0%B6%B7%E0%B7%93-%E0%B6%B4%E0%B7%8A_%E0%B6%BB%E0%B6%A5%E0%B6%B4%E0%B7%8A%E0%B6%AD%E0%B7%92%E0%B6%BA-%E0%B6%B6%E0%B7%8F%E0%B7%84%E0%B7%92%E0%B6%BB-%E0%B7%83%E0%B7%9A%E0%B7%80%E0%B7%8F%E0%B6%BD%E0%B7%8F%E0%B6%B7%E0%B7%93%E0%B6%B1%E0%B7%8A.pdf,
phone,pass,Published phone: 0000000213 ,https://labourmin.gov.lk/wp-content/uploads/2025/11/%E0%B6%B4%E0%B7%94%E0%B6%BB%E0%B7%80%E0%B7%90%E0%B7%83%E0%B7%92-%E0%B7%83%E0%B7%9A%E0%B7%80%E0%B7%8F%E0%B6%BD%E0%B6%B7%E0%B7%93-%E0%B6%B4%E0%B7%8A_%E0%B6%BB%E0%B6%A5%E0%B6%B4%E0%B7%8A%E0%B6%AD%E0%B7%92%E0%B6%BA-%E0%B6%B6%E0%B7%8F%E0%B7%84%E0%B7%92%E0%B6%BB-%E0%B7%83%E0%B7%9A%E0%B7%80%E0%B7%8F%E0%B6%BD%E0%B7%8F%E0%B6%B7%E0%B7%93%E0%B6%B1%E0%B7%8A.pdf,
phone,pass,Published phone: 0000000280 ,https://labourmin.gov.lk/wp-content/uploads/2025/11/%E0%B6%B4%E0%B7%94%E0%B6%BB%E0%B7%80%E0%B7%90%E0%B7%83%E0%B7%92-%E0%B7%83%E0%B7%9A%E0%B7%80%E0%B7%8F%E0%B6%BD%E0%B6%B7%E0%B7%93-%E0%B6%B4%E0%B7%8A_%E0%B6%BB%E0%B6%A5%E0%B6%B4%E0%B7%8A%E0%B6%AD%E0%B7%92%E0%B6%BA-%E0%B6%B6%E0%B7%8F%E0%B7%84%E0%B7%92%E0%B6%BB-%E0%B7%83%E0%B7%9A%E0%B7%80%E0%B7%8F%E0%B6%BD%E0%B7%8F%E0%B6%B7%E0%B7%93%E0%B6%B1%E0%B7%8A.pdf,
phone,pass,Published phone: 0000000513 ,https://labourmin.gov.lk/wp-content/uploads/2025/11/%E0%B6%B4%E0%B7%94%E0%B6%BB%E0%B7%80%E0%B7%90%E0%B7%83%E0%B7%92-%E0%B7%83%E0%B7%9A%E0%B7%80%E0%B7%8F%E0%B6%BD%E0%B6%B7%E0%B7%93-%E0%B6%B4%E0%B7%8A_%E0%B6%BB%E0%B6%A5%E0%B6%B4%E0%B7%8A%E0%B6%AD%E0%B7%92%E0%B6%BA-%E0%B6%B6%E0%B7%8F%E0%B7%84%E0%B7%92%E0%B6%BB-%E0%B7%83%E0%B7%9A%E0%B7%80%E0%B7%8F%E0%B6%BD%E0%B7%8F%E0%B6%B7%E0%B7%93%E0%B6%B1%E0%B7%8A.pdf,
phone,pass,Published phone: 0000000497 ,https://labourmin.gov.lk/wp-content/uploads/2025/11/%E0%B6%B4%E0%B7%94%E0%B6%BB%E0%B7%80%E0%B7%90%E0%B7%83%E0%B7%92-%E0%B7%83%E0%B7%9A%E0%B7%80%E0%B7%8F%E0%B6%BD%E0%B6%B7%E0%B7%93-%E0%B6%B4%E0%B7%8A_%E0%B6%BB%E0%B6%A5%E0%B6%B4%E0%B7%8A%E0%B6%AD%E0%B7%92%E0%B6%BA-%E0%B6%B6%E0%B7%8F%E0%B7%84%E0%B7%92%E0%B6%BB-%E0%B7%83%E0%B7%9A%E0%B7%80%E0%B7%8F%E0%B6%BD%E0%B7%8F%E0%B6%B7%E0%B7%93%E0%B6%B1%E0%B7%8A.pdf,
phone,pass,Published phone: 0000000344 ,https://labourmin.gov.lk/wp-content/uploads/2025/11/%E0%B6%B4%E0%B7%94%E0%B6%BB%E0%B7%80%E0%B7%90%E0%B7%83%E0%B7%92-%E0%B7%83%E0%B7%9A%E0%B7%80%E0%B7%8F%E0%B6%BD%E0%B6%B7%E0%B7%93-%E0%B6%B4%E0%B7%8A_%E0%B6%BB%E0%B6%A5%E0%B6%B4%E0%B7%8A%E0%B6%AD%E0%B7%92%E0%B6%BA-%E0%B6%B6%E0%B7%8F%E0%B7%84%E0%B7%92%E0%B6%BB-%E0%B7%83%E0%B7%9A%E0%B7%80%E0%B7%8F%E0%B6%BD%E0%B7%8F%E0%B6%B7%E0%B7%93%E0%B6%B1%E0%B7%8A.pdf,
phone,pass,Published phone: 0000000392 ,https://labourmin.gov.lk/wp-content/uploads/2025/11/%E0%B6%B4%E0%B7%94%E0%B6%BB%E0%B7%80%E0%B7%90%E0%B7%83%E0%B7%92-%E0%B7%83%E0%B7%9A%E0%B7%80%E0%B7%8F%E0%B6%BD%E0%B6%B7%E0%B7%93-%E0%B6%B4%E0%B7%8A_%E0%B6%BB%E0%B6%A5%E0%B6%B4%E0%B7%8A%E0%B6%AD%E0%B7%92%E0%B6%BA-%E0%B6%B6%E0%B7%8F%E0%B7%84%E0%B7%92%E0%B6%BB-%E0%B7%83%E0%B7%9A%E0%B7%80%E0%B7%8F%E0%B6%BD%E0%B7%8F%E0%B6%B7%E0%B7%93%E0%B6%B1%E0%B7%8A.pdf,
phone,pass,Published phone: 0000000374 ,https://labourmin.gov.lk/wp-content/uploads/2025/11/%E0%B6%B4%E0%B7%94%E0%B6%BB%E0%B7%80%E0%B7%90%E0%B7%83%E0%B7%92-%E0%B7%83%E0%B7%9A%E0%B7%80%E0%B7%8F%E0%B6%BD%E0%B6%B7%E0%B7%93-%E0%B6%B4%E0%B7%8A_%E0%B6%BB%E0%B6%A5%E0%B6%B4%E0%B7%8A%E0%B6%AD%E0%B7%92%E0%B6%BA-%E0%B6%B6%E0%B7%8F%E0%B7%84%E0%B7%92%E0%B6%BB-%E0%B7%83%E0%B7%9A%E0%B7%80%E0%B7%8F%E0%B6%BD%E0%B7%8F%E0%B6%B7%E0%B7%93%E0%B6%B1%E0%B7%8A.pdf,
phone,pass,Published phone: 0000000147 ,https://labourmin.gov.lk/wp-content/uploads/2025/11/%E0%B6%B4%E0%B7%94%E0%B6%BB%E0%B7%80%E0%B7%90%E0%B7%83%E0%B7%92-%E0%B7%83%E0%B7%9A%E0%B7%80%E0%B7%8F%E0%B6%BD%E0%B6%B7%E0%B7%93-%E0%B6%B4%E0%B7%8A_%E0%B6%BB%E0%B6%A5%E0%B6%B4%E0%B7%8A%E0%B6%AD%E0%B7%92%E0%B6%BA-%E0%B6%B6%E0%B7%8F%E0%B7%84%E0%B7%92%E0%B6%BB-%E0%B7%83%E0%B7%9A%E0%B7%80%E0%B7%8F%E0%B6%BD%E0%B7%8F%E0%B6%B7%E0%B7%93%E0%B6%B1%E0%B7%8A.pdf,
phone,pass,Published phone: 0000000533 ,https://labourmin.gov.lk/wp-content/uploads/2025/11/%E0%B6%B4%E0%B7%94%E0%B6%BB%E0%B7%80%E0%B7%90%E0%B7%83%E0%B7%92-%E0%B7%83%E0%B7%9A%E0%B7%80%E0%B7%8F%E0%B6%BD%E0%B6%B7%E0%B7%93-%E0%B6%B4%E0%B7%8A_%E0%B6%BB%E0%B6%A5%E0%B6%B4%E0%B7%8A%E0%B6%AD%E0%B7%92%E0%B6%BA-%E0%B6%B6%E0%B7%8F%E0%B7%84%E0%B7%92%E0%B6%BB-%E0%B7%83%E0%B7%9A%E0%B7%80%E0%B7%8F%E0%B6%BD%E0%B7%8F%E0%B6%B7%E0%B7%93%E0%B6%B1%E0%B7%8A.pdf,
phone,pass,Published phone: 0000000245 ,https://labourmin.gov.lk/wp-content/uploads/2025/11/%E0%B6%B4%E0%B7%94%E0%B6%BB%E0%B7%80%E0%B7%90%E0%B7%83%E0%B7%92-%E0%B7%83%E0%B7%9A%E0%B7%80%E0%B7%8F%E0%B6%BD%E0%B6%B7%E0%B7%93-%E0%B6%B4%E0%B7%8A_%E0%B6%BB%E0%B6%A5%E0%B6%B4%E0%B7%8A%E0%B6%AD%E0%B7%92%E0%B6%BA-%E0%B6%B6%E0%B7%8F%E0%B7%84%E0%B7%92%E0%B6%BB-%E0%B7%83%E0%B7%9A%E0%B7%80%E0%B7%8F%E0%B6%BD%E0%B7%8F%E0%B6%B7%E0%B7%93%E0%B6%B1%E0%B7%8A.pdf,
phone,pass,Published phone: 0000000368 ,https://labourmin.gov.lk/wp-content/uploads/2025/11/%E0%B6%B4%E0%B7%94%E0%B6%BB%E0%B7%80%E0%B7%90%E0%B7%83%E0%B7%92-%E0%B7%83%E0%B7%9A%E0%B7%80%E0%B7%8F%E0%B6%BD%E0%B6%B7%E0%B7%93-%E0%B6%B4%E0%B7%8A_%E0%B6%BB%E0%B6%A5%E0%B6%B4%E0%B7%8A%E0%B6%AD%E0%B7%92%E0%B6%BA-%E0%B6%B6%E0%B7%8F%E0%B7%84%E0%B7%92%E0%B6%BB-%E0%B7%83%E0%B7%9A%E0%B7%80%E0%B7%8F%E0%B6%BD%E0%B7%8F%E0%B6%B7%E0%B7%93%E0%B6%B1%E0%B7%8A.pdf,
phone,pass,Published phone: 0000000225 ,https://labourmin.gov.lk/wp-content/uploads/2025/11/%E0%B6%B4%E0%B7%94%E0%B6%BB%E0%B7%80%E0%B7%90%E0%B7%83%E0%B7%92-%E0%B7%83%E0%B7%9A%E0%B7%80%E0%B7%8F%E0%B6%BD%E0%B6%B7%E0%B7%93-%E0%B6%B4%E0%B7%8A_%E0%B6%BB%E0%B6%A5%E0%B6%B4%E0%B7%8A%E0%B6%AD%E0%B7%92%E0%B6%BA-%E0%B6%B6%E0%B7%8F%E0%B7%84%E0%B7%92%E0%B6%BB-%E0%B7%83%E0%B7%9A%E0%B7%80%E0%B7%8F%E0%B6%BD%E0%B7%8F%E0%B6%B7%E0%B7%93%E0%B6%B1%E0%B7%8A.pdf,
phone,pass,Published phone: 0000000308 ,https://labourmin.gov.lk/wp-content/uploads/2025/11/%E0%B6%B4%E0%B7%94%E0%B6%BB%E0%B7%80%E0%B7%90%E0%B7%83%E0%B7%92-%E0%B7%83%E0%B7%9A%E0%B7%80%E0%B7%8F%E0%B6%BD%E0%B6%B7%E0%B7%93-%E0%B6%B4%E0%B7%8A_%E0%B6%BB%E0%B6%A5%E0%B6%B4%E0%B7%8A%E0%B6%AD%E0%B7%92%E0%B6%BA-%E0%B6%B6%E0%B7%8F%E0%B7%84%E0%B7%92%E0%B6%BB-%E0%B7%83%E0%B7%9A%E0%B7%80%E0%B7%8F%E0%B6%BD%E0%B7%8F%E0%B6%B7%E0%B7%93%E0%B6%B1%E0%B7%8A.pdf,
phone,pass,Published phone: 0000000422 ,https://labourmin.gov.lk/wp-content/uploads/2025/11/%E0%B6%B4%E0%B7%94%E0%B6%BB%E0%B7%80%E0%B7%90%E0%B7%83%E0%B7%92-%E0%B7%83%E0%B7%9A%E0%B7%80%E0%B7%8F%E0%B6%BD%E0%B6%B7%E0%B7%93-%E0%B6%B4%E0%B7%8A_%E0%B6%BB%E0%B6%A5%E0%B6%B4%E0%B7%8A%E0%B6%AD%E0%B7%92%E0%B6%BA-%E0%B6%B6%E0%B7%8F%E0%B7%84%E0%B7%92%E0%B6%BB-%E0%B7%83%E0%B7%9A%E0%B7%80%E0%B7%8F%E0%B6%BD%E0%B7%8F%E0%B6%B7%E0%B7%93%E0%B6%B1%E0%B7%8A.pdf,
phone,pass,Published phone: 0000000178 ,https://labourmin.gov.lk/wp-content/uploads/2025/11/%E0%B6%B4%E0%B7%94%E0%B6%BB%E0%B7%80%E0%B7%90%E0%B7%83%E0%B7%92-%E0%B7%83%E0%B7%9A%E0%B7%80%E0%B7%8F%E0%B6%BD%E0%B6%B7%E0%B7%93-%E0%B6%B4%E0%B7%8A_%E0%B6%BB%E0%B6%A5%E0%B6%B4%E0%B7%8A%E0%B6%AD%E0%B7%92%E0%B6%BA-%E0%B6%B6%E0%B7%8F%E0%B7%84%E0%B7%92%E0%B6%BB-%E0%B7%83%E0%B7%9A%E0%B7%80%E0%B7%8F%E0%B6%BD%E0%B7%8F%E0%B6%B7%E0%B7%93%E0%B6%B1%E0%B7%8A.pdf,
phone,pass,Published phone: 0000000558 ,https://labourmin.gov.lk/wp-content/uploads/2025/11/%E0%B6%B4%E0%B7%94%E0%B6%BB%E0%B7%80%E0%B7%90%E0%B7%83%E0%B7%92-%E0%B7%83%E0%B7%9A%E0%B7%80%E0%B7%8F%E0%B6%BD%E0%B6%B7%E0%B7%93-%E0%B6%B4%E0%B7%8A_%E0%B6%BB%E0%B6%A5%E0%B6%B4%E0%B7%8A%E0%B6%AD%E0%B7%92%E0%B6%BA-%E0%B6%B6%E0%B7%8F%E0%B7%84%E0%B7%92%E0%B6%BB-%E0%B7%83%E0%B7%9A%E0%B7%80%E0%B7%8F%E0%B6%BD%E0%B7%8F%E0%B6%B7%E0%B7%93%E0%B6%B1%E0%B7%8A.pdf,
phone,pass,Published phone: 0000014052 ,https://labourmin.gov.lk/wp-content/uploads/2025/11/%E0%B6%B4%E0%B7%94%E0%B6%BB%E0%B7%80%E0%B7%90%E0%B7%83%E0%B7%92-%E0%B7%83%E0%B7%9A%E0%B7%80%E0%B7%8F%E0%B6%BD%E0%B6%B7%E0%B7%93-%E0%B6%B4%E0%B7%8A_%E0%B6%BB%E0%B6%A5%E0%B6%B4%E0%B7%8A%E0%B6%AD%E0%B7%92%E0%B6%BA-%E0%B6%B6%E0%B7%8F%E0%B7%84%E0%B7%92%E0%B6%BB-%E0%B7%83%E0%B7%9A%E0%B7%80%E0%B7%8F%E0%B6%BD%E0%B7%8F%E0%B6%B7%E0%B7%93%E0%B6%B1%E0%B7%8A.pdf,
phone,pass,Published phone: 0000000595 ,https://labourmin.gov.lk/wp-content/uploads/2025/11/%E0%B6%B4%E0%B7%94%E0%B6%BB%E0%B7%80%E0%B7%90%E0%B7%83%E0%B7%92-%E0%B7%83%E0%B7%9A%E0%B7%80%E0%B7%8F%E0%B6%BD%E0%B6%B7%E0%B7%93-%E0%B6%B4%E0%B7%8A_%E0%B6%BB%E0%B6%A5%E0%B6%B4%E0%B7%8A%E0%B6%AD%E0%B7%92%E0%B6%BA-%E0%B6%B6%E0%B7%8F%E0%B7%84%E0%B7%92%E0%B6%BB-%E0%B7%83%E0%B7%9A%E0%B7%80%E0%B7%8F%E0%B6%BD%E0%B7%8F%E0%B6%B7%E0%B7%93%E0%B6%B1%E0%B7%8A.pdf,
phone,pass,Published phone: 0000000545 ,https://labourmin.gov.lk/wp-content/uploads/2025/11/%E0%B6%B4%E0%B7%94%E0%B6%BB%E0%B7%80%E0%B7%90%E0%B7%83%E0%B7%92-%E0%B7%83%E0%B7%9A%E0%B7%80%E0%B7%8F%E0%B6%BD%E0%B6%B7%E0%B7%93-%E0%B6%B4%E0%B7%8A_%E0%B6%BB%E0%B6%A5%E0%B6%B4%E0%B7%8A%E0%B6%AD%E0%B7%92%E0%B6%BA-%E0%B6%B6%E0%B7%8F%E0%B7%84%E0%B7%92%E0%B6%BB-%E0%B7%83%E0%B7%9A%E0%B7%80%E0%B7%8F%E0%B6%BD%E0%B7%8F%E0%B6%B7%E0%B7%93%E0%B6%B1%E0%B7%8A.pdf,
phone,pass,Published phone: 0000000151 ,https://labourmin.gov.lk/wp-content/uploads/2025/11/%E0%B6%B4%E0%B7%94%E0%B6%BB%E0%B7%80%E0%B7%90%E0%B7%83%E0%B7%92-%E0%B7%83%E0%B7%9A%E0%B7%80%E0%B7%8F%E0%B6%BD%E0%B6%B7%E0%B7%93-%E0%B6%B4%E0%B7%8A_%E0%B6%BB%E0%B6%A5%E0%B6%B4%E0%B7%8A%E0%B6%AD%E0%B7%92%E0%B6%BA-%E0%B6%B6%E0%B7%8F%E0%B7%84%E0%B7%92%E0%B6%BB-%E0%B7%83%E0%B7%9A%E0%B7%80%E0%B7%8F%E0%B6%BD%E0%B7%8F%E0%B6%B7%E0%B7%93%E0%B6%B1%E0%B7%8A.pdf,
phone,pass,Published phone: 0000000522 ,https://labourmin.gov.lk/wp-content/uploads/2025/11/%E0%B6%B4%E0%B7%94%E0%B6%BB%E0%B7%80%E0%B7%90%E0%B7%83%E0%B7%92-%E0%B7%83%E0%B7%9A%E0%B7%80%E0%B7%8F%E0%B6%BD%E0%B6%B7%E0%B7%93-%E0%B6%B4%E0%B7%8A_%E0%B6%BB%E0%B6%A5%E0%B6%B4%E0%B7%8A%E0%B6%AD%E0%B7%92%E0%B6%BA-%E0%B6%B6%E0%B7%8F%E0%B7%84%E0%B7%92%E0%B6%BB-%E0%B7%83%E0%B7%9A%E0%B7%80%E0%B7%8F%E0%B6%BD%E0%B7%8F%E0%B6%B7%E0%B7%93%E0%B6%B1%E0%B7%8A.pdf,
phone,pass,Published phone: 0000000360 ,https://labourmin.gov.lk/wp-content/uploads/2025/11/%E0%B6%B4%E0%B7%94%E0%B6%BB%E0%B7%80%E0%B7%90%E0%B7%83%E0%B7%92-%E0%B7%83%E0%B7%9A%E0%B7%80%E0%B7%8F%E0%B6%BD%E0%B6%B7%E0%B7%93-%E0%B6%B4%E0%B7%8A_%E0%B6%BB%E0%B6%A5%E0%B6%B4%E0%B7%8A%E0%B6%AD%E0%B7%92%E0%B6%BA-%E0%B6%B6%E0%B7%8F%E0%B7%84%E0%B7%92%E0%B6%BB-%E0%B7%83%E0%B7%9A%E0%B7%80%E0%B7%8F%E0%B6%BD%E0%B7%8F%E0%B6%B7%E0%B7%93%E0%B6%B1%E0%B7%8A.pdf,
phone,pass,Published phone: 0000000590 ,https://labourmin.gov.lk/wp-content/uploads/2025/11/%E0%B6%B4%E0%B7%94%E0%B6%BB%E0%B7%80%E0%B7%90%E0%B7%83%E0%B7%92-%E0%B7%83%E0%B7%9A%E0%B7%80%E0%B7%8F%E0%B6%BD%E0%B6%B7%E0%B7%93-%E0%B6%B4%E0%B7%8A_%E0%B6%BB%E0%B6%A5%E0%B6%B4%E0%B7%8A%E0%B6%AD%E0%B7%92%E0%B6%BA-%E0%B6%B6%E0%B7%8F%E0%B7%84%E0%B7%92%E0%B6%BB-%E0%B7%83%E0%B7%9A%E0%B7%80%E0%B7%8F%E0%B6%BD%E0%B7%8F%E0%B6%B7%E0%B7%93%E0%B6%B1%E0%B7%8A.pdf,
phone,pass,Published phone: 0000000404 ,https://labourmin.gov.lk/wp-content/uploads/2025/11/%E0%B6%B4%E0%B7%94%E0%B6%BB%E0%B7%80%E0%B7%90%E0%B7%83%E0%B7%92-%E0%B7%83%E0%B7%9A%E0%B7%80%E0%B7%8F%E0%B6%BD%E0%B6%B7%E0%B7%93-%E0%B6%B4%E0%B7%8A_%E0%B6%BB%E0%B6%A5%E0%B6%B4%E0%B7%8A%E0%B6%AD%E0%B7%92%E0%B6%BA-%E0%B6%B6%E0%B7%8F%E0%B7%84%E0%B7%92%E0%B6%BB-%E0%B7%83%E0%B7%9A%E0%B7%80%E0%B7%8F%E0%B6%BD%E0%B7%8F%E0%B6%B7%E0%B7%93%E0%B6%B1%E0%B7%8A.pdf,
phone,pass,Published phone: 0000000275 ,https://labourmin.gov.lk/wp-content/uploads/2025/11/%E0%B6%B4%E0%B7%94%E0%B6%BB%E0%B7%80%E0%B7%90%E0%B7%83%E0%B7%92-%E0%B7%83%E0%B7%9A%E0%B7%80%E0%B7%8F%E0%B6%BD%E0%B6%B7%E0%B7%93-%E0%B6%B4%E0%B7%8A_%E0%B6%BB%E0%B6%A5%E0%B6%B4%E0%B7%8A%E0%B6%AD%E0%B7%92%E0%B6%BA-%E0%B6%B6%E0%B7%8F%E0%B7%84%E0%B7%92%E0%B6%BB-%E0%B7%83%E0%B7%9A%E0%B7%80%E0%B7%8F%E0%B6%BD%E0%B7%8F%E0%B6%B7%E0%B7%93%E0%B6%B1%E0%B7%8A.pdf,
phone,pass,Published phone: 0000000271 ,https://labourmin.gov.lk/wp-content/uploads/2025/11/%E0%B6%B4%E0%B7%94%E0%B6%BB%E0%B7%80%E0%B7%90%E0%B7%83%E0%B7%92-%E0%B7%83%E0%B7%9A%E0%B7%80%E0%B7%8F%E0%B6%BD%E0%B6%B7%E0%B7%93-%E0%B6%B4%E0%B7%8A_%E0%B6%BB%E0%B6%A5%E0%B6%B4%E0%B7%8A%E0%B6%AD%E0%B7%92%E0%B6%BA-%E0%B6%B6%E0%B7%8F%E0%B7%84%E0%B7%92%E0%B6%BB-%E0%B7%83%E0%B7%9A%E0%B7%80%E0%B7%8F%E0%B6%BD%E0%B7%8F%E0%B6%B7%E0%B7%93%E0%B6%B1%E0%B7%8A.pdf,
phone,pass,Published phone: 0000000468 ,https://labourmin.gov.lk/wp-content/uploads/2025/11/%E0%B6%B4%E0%B7%94%E0%B6%BB%E0%B7%80%E0%B7%90%E0%B7%83%E0%B7%92-%E0%B7%83%E0%B7%9A%E0%B7%80%E0%B7%8F%E0%B6%BD%E0%B6%B7%E0%B7%93-%E0%B6%B4%E0%B7%8A_%E0%B6%BB%E0%B6%A5%E0%B6%B4%E0%B7%8A%E0%B6%AD%E0%B7%92%E0%B6%BA-%E0%B6%B6%E0%B7%8F%E0%B7%84%E0%B7%92%E0%B6%BB-%E0%B7%83%E0%B7%9A%E0%B7%80%E0%B7%8F%E0%B6%BD%E0%B7%8F%E0%B6%B7%E0%B7%93%E0%B6%B1%E0%B7%8A.pdf,
phone,pass,Published phone: 0000000407 ,https://labourmin.gov.lk/wp-content/uploads/2025/11/%E0%B6%B4%E0%B7%94%E0%B6%BB%E0%B7%80%E0%B7%90%E0%B7%83%E0%B7%92-%E0%B7%83%E0%B7%9A%E0%B7%80%E0%B7%8F%E0%B6%BD%E0%B6%B7%E0%B7%93-%E0%B6%B4%E0%B7%8A_%E0%B6%BB%E0%B6%A5%E0%B6%B4%E0%B7%8A%E0%B6%AD%E0%B7%92%E0%B6%BA-%E0%B6%B6%E0%B7%8F%E0%B7%84%E0%B7%92%E0%B6%BB-%E0%B7%83%E0%B7%9A%E0%B7%80%E0%B7%8F%E0%B6%BD%E0%B7%8F%E0%B6%B7%E0%B7%93%E0%B6%B1%E0%B7%8A.pdf,
phone,pass,Published phone: 0000000272 ,https://labourmin.gov.lk/wp-content/uploads/2025/11/%E0%B6%B4%E0%B7%94%E0%B6%BB%E0%B7%80%E0%B7%90%E0%B7%83%E0%B7%92-%E0%B7%83%E0%B7%9A%E0%B7%80%E0%B7%8F%E0%B6%BD%E0%B6%B7%E0%B7%93-%E0%B6%B4%E0%B7%8A_%E0%B6%BB%E0%B6%A5%E0%B6%B4%E0%B7%8A%E0%B6%AD%E0%B7%92%E0%B6%BA-%E0%B6%B6%E0%B7%8F%E0%B7%84%E0%B7%92%E0%B6%BB-%E0%B7%83%E0%B7%9A%E0%B7%80%E0%B7%8F%E0%B6%BD%E0%B7%8F%E0%B6%B7%E0%B7%93%E0%B6%B1%E0%B7%8A.pdf,
phone,pass,Published phone: 0000000062 ,https://labourmin.gov.lk/wp-content/uploads/2025/11/%E0%B6%B4%E0%B7%94%E0%B6%BB%E0%B7%80%E0%B7%90%E0%B7%83%E0%B7%92-%E0%B7%83%E0%B7%9A%E0%B7%80%E0%B7%8F%E0%B6%BD%E0%B6%B7%E0%B7%93-%E0%B6%B4%E0%B7%8A_%E0%B6%BB%E0%B6%A5%E0%B6%B4%E0%B7%8A%E0%B6%AD%E0%B7%92%E0%B6%BA-%E0%B6%B6%E0%B7%8F%E0%B7%84%E0%B7%92%E0%B6%BB-%E0%B7%83%E0%B7%9A%E0%B7%80%E0%B7%8F%E0%B6%BD%E0%B7%8F%E0%B6%B7%E0%B7%93%E0%B6%B1%E0%B7%8A.pdf,
phone,pass,Published phone: 0000000330 ,https://labourmin.gov.lk/wp-content/uploads/2025/11/%E0%B6%B4%E0%B7%94%E0%B6%BB%E0%B7%80%E0%B7%90%E0%B7%83%E0%B7%92-%E0%B7%83%E0%B7%9A%E0%B7%80%E0%B7%8F%E0%B6%BD%E0%B6%B7%E0%B7%93-%E0%B6%B4%E0%B7%8A_%E0%B6%BB%E0%B6%A5%E0%B6%B4%E0%B7%8A%E0%B6%AD%E0%B7%92%E0%B6%BA-%E0%B6%B6%E0%B7%8F%E0%B7%84%E0%B7%92%E0%B6%BB-%E0%B7%83%E0%B7%9A%E0%B7%80%E0%B7%8F%E0%B6%BD%E0%B7%8F%E0%B6%B7%E0%B7%93%E0%B6%B1%E0%B7%8A.pdf,
phone,pass,Published phone: 0000128945 ,https://labourmin.gov.lk/wp-content/uploads/2025/11/%E0%B6%B4%E0%B7%94%E0%B6%BB%E0%B7%80%E0%B7%90%E0%B7%83%E0%B7%92-%E0%B7%83%E0%B7%9A%E0%B7%80%E0%B7%8F%E0%B6%BD%E0%B6%B7%E0%B7%93-%E0%B6%B4%E0%B7%8A_%E0%B6%BB%E0%B6%A5%E0%B6%B4%E0%B7%8A%E0%B6%AD%E0%B7%92%E0%B6%BA-%E0%B6%B6%E0%B7%8F%E0%B7%84%E0%B7%92%E0%B6%BB-%E0%B7%83%E0%B7%9A%E0%B7%80%E0%B7%8F%E0%B6%BD%E0%B7%8F%E0%B6%B7%E0%B7%93%E0%B6%B1%E0%B7%8A.pdf,
phone,pass,Published phone: 0000000451 ,https://labourmin.gov.lk/wp-content/uploads/2025/11/%E0%B6%B4%E0%B7%94%E0%B6%BB%E0%B7%80%E0%B7%90%E0%B7%83%E0%B7%92-%E0%B7%83%E0%B7%9A%E0%B7%80%E0%B7%8F%E0%B6%BD%E0%B6%B7%E0%B7%93-%E0%B6%B4%E0%B7%8A_%E0%B6%BB%E0%B6%A5%E0%B6%B4%E0%B7%8A%E0%B6%AD%E0%B7%92%E0%B6%BA-%E0%B6%B6%E0%B7%8F%E0%B7%84%E0%B7%92%E0%B6%BB-%E0%B7%83%E0%B7%9A%E0%B7%80%E0%B7%8F%E0%B6%BD%E0%B7%8F%E0%B6%B7%E0%B7%93%E0%B6%B1%E0%B7%8A.pdf,
phone,pass,Published phone: 0000000593 ,https://labourmin.gov.lk/wp-content/uploads/2025/11/%E0%B6%B4%E0%B7%94%E0%B6%BB%E0%B7%80%E0%B7%90%E0%B7%83%E0%B7%92-%E0%B7%83%E0%B7%9A%E0%B7%80%E0%B7%8F%E0%B6%BD%E0%B6%B7%E0%B7%93-%E0%B6%B4%E0%B7%8A_%E0%B6%BB%E0%B6%A5%E0%B6%B4%E0%B7%8A%E0%B6%AD%E0%B7%92%E0%B6%BA-%E0%B6%B6%E0%B7%8F%E0%B7%84%E0%B7%92%E0%B6%BB-%E0%B7%83%E0%B7%9A%E0%B7%80%E0%B7%8F%E0%B6%BD%E0%B7%8F%E0%B6%B7%E0%B7%93%E0%B6%B1%E0%B7%8A.pdf,
phone,pass,Published phone: 0000000563 ,https://labourmin.gov.lk/wp-content/uploads/2025/11/%E0%B6%B4%E0%B7%94%E0%B6%BB%E0%B7%80%E0%B7%90%E0%B7%83%E0%B7%92-%E0%B7%83%E0%B7%9A%E0%B7%80%E0%B7%8F%E0%B6%BD%E0%B6%B7%E0%B7%93-%E0%B6%B4%E0%B7%8A_%E0%B6%BB%E0%B6%A5%E0%B6%B4%E0%B7%8A%E0%B6%AD%E0%B7%92%E0%B6%BA-%E0%B6%B6%E0%B7%8F%E0%B7%84%E0%B7%92%E0%B6%BB-%E0%B7%83%E0%B7%9A%E0%B7%80%E0%B7%8F%E0%B6%BD%E0%B7%8F%E0%B6%B7%E0%B7%93%E0%B6%B1%E0%B7%8A.pdf,
phone,pass,Published phone: 0000000075 ,https://labourmin.gov.lk/wp-content/uploads/2025/11/%E0%B6%B4%E0%B7%94%E0%B6%BB%E0%B7%80%E0%B7%90%E0%B7%83%E0%B7%92-%E0%B7%83%E0%B7%9A%E0%B7%80%E0%B7%8F%E0%B6%BD%E0%B6%B7%E0%B7%93-%E0%B6%B4%E0%B7%8A_%E0%B6%BB%E0%B6%A5%E0%B6%B4%E0%B7%8A%E0%B6%AD%E0%B7%92%E0%B6%BA-%E0%B6%B6%E0%B7%8F%E0%B7%84%E0%B7%92%E0%B6%BB-%E0%B7%83%E0%B7%9A%E0%B7%80%E0%B7%8F%E0%B6%BD%E0%B7%8F%E0%B6%B7%E0%B7%93%E0%B6%B1%E0%B7%8A.pdf,
phone,pass,Published phone: 0000000068 ,https://labourmin.gov.lk/wp-content/uploads/2025/11/%E0%B6%B4%E0%B7%94%E0%B6%BB%E0%B7%80%E0%B7%90%E0%B7%83%E0%B7%92-%E0%B7%83%E0%B7%9A%E0%B7%80%E0%B7%8F%E0%B6%BD%E0%B6%B7%E0%B7%93-%E0%B6%B4%E0%B7%8A_%E0%B6%BB%E0%B6%A5%E0%B6%B4%E0%B7%8A%E0%B6%AD%E0%B7%92%E0%B6%BA-%E0%B6%B6%E0%B7%8F%E0%B7%84%E0%B7%92%E0%B6%BB-%E0%B7%83%E0%B7%9A%E0%B7%80%E0%B7%8F%E0%B6%BD%E0%B7%8F%E0%B6%B7%E0%B7%93%E0%B6%B1%E0%B7%8A.pdf,
phone,pass,Published phone: 0000000249 ,https://labourmin.gov.lk/wp-content/uploads/2025/11/%E0%B6%B4%E0%B7%94%E0%B6%BB%E0%B7%80%E0%B7%90%E0%B7%83%E0%B7%92-%E0%B7%83%E0%B7%9A%E0%B7%80%E0%B7%8F%E0%B6%BD%E0%B6%B7%E0%B7%93-%E0%B6%B4%E0%B7%8A_%E0%B6%BB%E0%B6%A5%E0%B6%B4%E0%B7%8A%E0%B6%AD%E0%B7%92%E0%B6%BA-%E0%B6%B6%E0%B7%8F%E0%B7%84%E0%B7%92%E0%B6%BB-%E0%B7%83%E0%B7%9A%E0%B7%80%E0%B7%8F%E0%B6%BD%E0%B7%8F%E0%B6%B7%E0%B7%93%E0%B6%B1%E0%B7%8A.pdf,
phone,pass,Published phone: 0000000509 ,https://labourmin.gov.lk/wp-content/uploads/2025/11/%E0%B6%B4%E0%B7%94%E0%B6%BB%E0%B7%80%E0%B7%90%E0%B7%83%E0%B7%92-%E0%B7%83%E0%B7%9A%E0%B7%80%E0%B7%8F%E0%B6%BD%E0%B6%B7%E0%B7%93-%E0%B6%B4%E0%B7%8A_%E0%B6%BB%E0%B6%A5%E0%B6%B4%E0%B7%8A%E0%B6%AD%E0%B7%92%E0%B6%BA-%E0%B6%B6%E0%B7%8F%E0%B7%84%E0%B7%92%E0%B6%BB-%E0%B7%83%E0%B7%9A%E0%B7%80%E0%B7%8F%E0%B6%BD%E0%B7%8F%E0%B6%B7%E0%B7%93%E0%B6%B1%E0%B7%8A.pdf,
phone,pass,Published phone: 0000000138 ,https://labourmin.gov.lk/wp-content/uploads/2025/11/%E0%B6%B4%E0%B7%94%E0%B6%BB%E0%B7%80%E0%B7%90%E0%B7%83%E0%B7%92-%E0%B7%83%E0%B7%9A%E0%B7%80%E0%B7%8F%E0%B6%BD%E0%B6%B7%E0%B7%93-%E0%B6%B4%E0%B7%8A_%E0%B6%BB%E0%B6%A5%E0%B6%B4%E0%B7%8A%E0%B6%AD%E0%B7%92%E0%B6%BA-%E0%B6%B6%E0%B7%8F%E0%B7%84%E0%B7%92%E0%B6%BB-%E0%B7%83%E0%B7%9A%E0%B7%80%E0%B7%8F%E0%B6%BD%E0%B7%8F%E0%B6%B7%E0%B7%93%E0%B6%B1%E0%B7%8A.pdf,
phone,pass,Published phone: 0000000376 ,https://labourmin.gov.lk/wp-content/uploads/2025/11/%E0%B6%B4%E0%B7%94%E0%B6%BB%E0%B7%80%E0%B7%90%E0%B7%83%E0%B7%92-%E0%B7%83%E0%B7%9A%E0%B7%80%E0%B7%8F%E0%B6%BD%E0%B6%B7%E0%B7%93-%E0%B6%B4%E0%B7%8A_%E0%B6%BB%E0%B6%A5%E0%B6%B4%E0%B7%8A%E0%B6%AD%E0%B7%92%E0%B6%BA-%E0%B6%B6%E0%B7%8F%E0%B7%84%E0%B7%92%E0%B6%BB-%E0%B7%83%E0%B7%9A%E0%B7%80%E0%B7%8F%E0%B6%BD%E0%B7%8F%E0%B6%B7%E0%B7%93%E0%B6%B1%E0%B7%8A.pdf,
phone,pass,Published phone: 0000000415 ,https://labourmin.gov.lk/wp-content/uploads/2025/11/%E0%B6%B4%E0%B7%94%E0%B6%BB%E0%B7%80%E0%B7%90%E0%B7%83%E0%B7%92-%E0%B7%83%E0%B7%9A%E0%B7%80%E0%B7%8F%E0%B6%BD%E0%B6%B7%E0%B7%93-%E0%B6%B4%E0%B7%8A_%E0%B6%BB%E0%B6%A5%E0%B6%B4%E0%B7%8A%E0%B6%AD%E0%B7%92%E0%B6%BA-%E0%B6%B6%E0%B7%8F%E0%B7%84%E0%B7%92%E0%B6%BB-%E0%B7%83%E0%B7%9A%E0%B7%80%E0%B7%8F%E0%B6%BD%E0%B7%8F%E0%B6%B7%E0%B7%93%E0%B6%B1%E0%B7%8A.pdf,
phone,pass,Published phone: 0000000409 ,https://labourmin.gov.lk/wp-content/uploads/2025/11/%E0%B6%B4%E0%B7%94%E0%B6%BB%E0%B7%80%E0%B7%90%E0%B7%83%E0%B7%92-%E0%B7%83%E0%B7%9A%E0%B7%80%E0%B7%8F%E0%B6%BD%E0%B6%B7%E0%B7%93-%E0%B6%B4%E0%B7%8A_%E0%B6%BB%E0%B6%A5%E0%B6%B4%E0%B7%8A%E0%B6%AD%E0%B7%92%E0%B6%BA-%E0%B6%B6%E0%B7%8F%E0%B7%84%E0%B7%92%E0%B6%BB-%E0%B7%83%E0%B7%9A%E0%B7%80%E0%B7%8F%E0%B6%BD%E0%B7%8F%E0%B6%B7%E0%B7%93%E0%B6%B1%E0%B7%8A.pdf,
phone,pass,Published phone: 0000000201 ,https://labourmin.gov.lk/wp-content/uploads/2025/11/%E0%B6%B4%E0%B7%94%E0%B6%BB%E0%B7%80%E0%B7%90%E0%B7%83%E0%B7%92-%E0%B7%83%E0%B7%9A%E0%B7%80%E0%B7%8F%E0%B6%BD%E0%B6%B7%E0%B7%93-%E0%B6%B4%E0%B7%8A_%E0%B6%BB%E0%B6%A5%E0%B6%B4%E0%B7%8A%E0%B6%AD%E0%B7%92%E0%B6%BA-%E0%B6%B6%E0%B7%8F%E0%B7%84%E0%B7%92%E0%B6%BB-%E0%B7%83%E0%B7%9A%E0%B7%80%E0%B7%8F%E0%B6%BD%E0%B7%8F%E0%B6%B7%E0%B7%93%E0%B6%B1%E0%B7%8A.pdf,
phone,pass,Published phone: 0000000332 ,https://labourmin.gov.lk/wp-content/uploads/2025/11/%E0%B6%B4%E0%B7%94%E0%B6%BB%E0%B7%80%E0%B7%90%E0%B7%83%E0%B7%92-%E0%B7%83%E0%B7%9A%E0%B7%80%E0%B7%8F%E0%B6%BD%E0%B6%B7%E0%B7%93-%E0%B6%B4%E0%B7%8A_%E0%B6%BB%E0%B6%A5%E0%B6%B4%E0%B7%8A%E0%B6%AD%E0%B7%92%E0%B6%BA-%E0%B6%B6%E0%B7%8F%E0%B7%84%E0%B7%92%E0%B6%BB-%E0%B7%83%E0%B7%9A%E0%B7%80%E0%B7%8F%E0%B6%BD%E0%B7%8F%E0%B6%B7%E0%B7%93%E0%B6%B1%E0%B7%8A.pdf,
phone,pass,Published phone: 0000000354 ,https://labourmin.gov.lk/wp-content/uploads/2025/11/%E0%B6%B4%E0%B7%94%E0%B6%BB%E0%B7%80%E0%B7%90%E0%B7%83%E0%B7%92-%E0%B7%83%E0%B7%9A%E0%B7%80%E0%B7%8F%E0%B6%BD%E0%B6%B7%E0%B7%93-%E0%B6%B4%E0%B7%8A_%E0%B6%BB%E0%B6%A5%E0%B6%B4%E0%B7%8A%E0%B6%AD%E0%B7%92%E0%B6%BA-%E0%B6%B6%E0%B7%8F%E0%B7%84%E0%B7%92%E0%B6%BB-%E0%B7%83%E0%B7%9A%E0%B7%80%E0%B7%8F%E0%B6%BD%E0%B7%8F%E0%B6%B7%E0%B7%93%E0%B6%B1%E0%B7%8A.pdf,
phone,pass,Published phone: 0000000169 ,https://labourmin.gov.lk/wp-content/uploads/2025/11/%E0%B6%B4%E0%B7%94%E0%B6%BB%E0%B7%80%E0%B7%90%E0%B7%83%E0%B7%92-%E0%B7%83%E0%B7%9A%E0%B7%80%E0%B7%8F%E0%B6%BD%E0%B6%B7%E0%B7%93-%E0%B6%B4%E0%B7%8A_%E0%B6%BB%E0%B6%A5%E0%B6%B4%E0%B7%8A%E0%B6%AD%E0%B7%92%E0%B6%BA-%E0%B6%B6%E0%B7%8F%E0%B7%84%E0%B7%92%E0%B6%BB-%E0%B7%83%E0%B7%9A%E0%B7%80%E0%B7%8F%E0%B6%BD%E0%B7%8F%E0%B6%B7%E0%B7%93%E0%B6%B1%E0%B7%8A.pdf,
phone,pass,Published phone: 0000000536 ,https://labourmin.gov.lk/wp-content/uploads/2025/11/%E0%B6%B4%E0%B7%94%E0%B6%BB%E0%B7%80%E0%B7%90%E0%B7%83%E0%B7%92-%E0%B7%83%E0%B7%9A%E0%B7%80%E0%B7%8F%E0%B6%BD%E0%B6%B7%E0%B7%93-%E0%B6%B4%E0%B7%8A_%E0%B6%BB%E0%B6%A5%E0%B6%B4%E0%B7%8A%E0%B6%AD%E0%B7%92%E0%B6%BA-%E0%B6%B6%E0%B7%8F%E0%B7%84%E0%B7%92%E0%B6%BB-%E0%B7%83%E0%B7%9A%E0%B7%80%E0%B7%8F%E0%B6%BD%E0%B7%8F%E0%B6%B7%E0%B7%93%E0%B6%B1%E0%B7%8A.pdf,
phone,pass,Published phone: 0000000137 ,https://labourmin.gov.lk/wp-content/uploads/2025/11/%E0%B6%B4%E0%B7%94%E0%B6%BB%E0%B7%80%E0%B7%90%E0%B7%83%E0%B7%92-%E0%B7%83%E0%B7%9A%E0%B7%80%E0%B7%8F%E0%B6%BD%E0%B6%B7%E0%B7%93-%E0%B6%B4%E0%B7%8A_%E0%B6%BB%E0%B6%A5%E0%B6%B4%E0%B7%8A%E0%B6%AD%E0%B7%92%E0%B6%BA-%E0%B6%B6%E0%B7%8F%E0%B7%84%E0%B7%92%E0%B6%BB-%E0%B7%83%E0%B7%9A%E0%B7%80%E0%B7%8F%E0%B6%BD%E0%B7%8F%E0%B6%B7%E0%B7%93%E0%B6%B1%E0%B7%8A.pdf,
phone,pass,Published phone: 0000000273 ,https://labourmin.gov.lk/wp-content/uploads/2025/11/%E0%B6%B4%E0%B7%94%E0%B6%BB%E0%B7%80%E0%B7%90%E0%B7%83%E0%B7%92-%E0%B7%83%E0%B7%9A%E0%B7%80%E0%B7%8F%E0%B6%BD%E0%B6%B7%E0%B7%93-%E0%B6%B4%E0%B7%8A_%E0%B6%BB%E0%B6%A5%E0%B6%B4%E0%B7%8A%E0%B6%AD%E0%B7%92%E0%B6%BA-%E0%B6%B6%E0%B7%8F%E0%B7%84%E0%B7%92%E0%B6%BB-%E0%B7%83%E0%B7%9A%E0%B7%80%E0%B7%8F%E0%B6%BD%E0%B7%8F%E0%B6%B7%E0%B7%93%E0%B6%B1%E0%B7%8A.pdf,
phone,pass,Published phone: 0000000481 ,https://labourmin.gov.lk/wp-content/uploads/2025/11/%E0%B6%B4%E0%B7%94%E0%B6%BB%E0%B7%80%E0%B7%90%E0%B7%83%E0%B7%92-%E0%B7%83%E0%B7%9A%E0%B7%80%E0%B7%8F%E0%B6%BD%E0%B6%B7%E0%B7%93-%E0%B6%B4%E0%B7%8A_%E0%B6%BB%E0%B6%A5%E0%B6%B4%E0%B7%8A%E0%B6%AD%E0%B7%92%E0%B6%BA-%E0%B6%B6%E0%B7%8F%E0%B7%84%E0%B7%92%E0%B6%BB-%E0%B7%83%E0%B7%9A%E0%B7%80%E0%B7%8F%E0%B6%BD%E0%B7%8F%E0%B6%B7%E0%B7%93%E0%B6%B1%E0%B7%8A.pdf,
phone,pass,Published phone: 0000000588 ,https://labourmin.gov.lk/wp-content/uploads/2025/11/%E0%B6%B4%E0%B7%94%E0%B6%BB%E0%B7%80%E0%B7%90%E0%B7%83%E0%B7%92-%E0%B7%83%E0%B7%9A%E0%B7%80%E0%B7%8F%E0%B6%BD%E0%B6%B7%E0%B7%93-%E0%B6%B4%E0%B7%8A_%E0%B6%BB%E0%B6%A5%E0%B6%B4%E0%B7%8A%E0%B6%AD%E0%B7%92%E0%B6%BA-%E0%B6%B6%E0%B7%8F%E0%B7%84%E0%B7%92%E0%B6%BB-%E0%B7%83%E0%B7%9A%E0%B7%80%E0%B7%8F%E0%B6%BD%E0%B7%8F%E0%B6%B7%E0%B7%93%E0%B6%B1%E0%B7%8A.pdf,
phone,pass,Published phone: 0000013881 ,https://labourmin.gov.lk/wp-content/uploads/2025/11/%E0%B6%B4%E0%B7%94%E0%B6%BB%E0%B7%80%E0%B7%90%E0%B7%83%E0%B7%92-%E0%B7%83%E0%B7%9A%E0%B7%80%E0%B7%8F%E0%B6%BD%E0%B6%B7%E0%B7%93-%E0%B6%B4%E0%B7%8A_%E0%B6%BB%E0%B6%A5%E0%B6%B4%E0%B7%8A%E0%B6%AD%E0%B7%92%E0%B6%BA-%E0%B6%B6%E0%B7%8F%E0%B7%84%E0%B7%92%E0%B6%BB-%E0%B7%83%E0%B7%9A%E0%B7%80%E0%B7%8F%E0%B6%BD%E0%B7%8F%E0%B6%B7%E0%B7%93%E0%B6%B1%E0%B7%8A.pdf,
phone,pass,Published phone: 0000000228 ,https://labourmin.gov.lk/wp-content/uploads/2025/11/%E0%B6%B4%E0%B7%94%E0%B6%BB%E0%B7%80%E0%B7%90%E0%B7%83%E0%B7%92-%E0%B7%83%E0%B7%9A%E0%B7%80%E0%B7%8F%E0%B6%BD%E0%B6%B7%E0%B7%93-%E0%B6%B4%E0%B7%8A_%E0%B6%BB%E0%B6%A5%E0%B6%B4%E0%B7%8A%E0%B6%AD%E0%B7%92%E0%B6%BA-%E0%B6%B6%E0%B7%8F%E0%B7%84%E0%B7%92%E0%B6%BB-%E0%B7%83%E0%B7%9A%E0%B7%80%E0%B7%8F%E0%B6%BD%E0%B7%8F%E0%B6%B7%E0%B7%93%E0%B6%B1%E0%B7%8A.pdf,
phone,pass,Published phone: 0000000328 ,https://labourmin.gov.lk/wp-content/uploads/2025/11/%E0%B6%B4%E0%B7%94%E0%B6%BB%E0%B7%80%E0%B7%90%E0%B7%83%E0%B7%92-%E0%B7%83%E0%B7%9A%E0%B7%80%E0%B7%8F%E0%B6%BD%E0%B6%B7%E0%B7%93-%E0%B6%B4%E0%B7%8A_%E0%B6%BB%E0%B6%A5%E0%B6%B4%E0%B7%8A%E0%B6%AD%E0%B7%92%E0%B6%BA-%E0%B6%B6%E0%B7%8F%E0%B7%84%E0%B7%92%E0%B6%BB-%E0%B7%83%E0%B7%9A%E0%B7%80%E0%B7%8F%E0%B6%BD%E0%B7%8F%E0%B6%B7%E0%B7%93%E0%B6%B1%E0%B7%8A.pdf,
phone,pass,Published phone: 0000000516 ,https://labourmin.gov.lk/wp-content/uploads/2025/11/%E0%B6%B4%E0%B7%94%E0%B6%BB%E0%B7%80%E0%B7%90%E0%B7%83%E0%B7%92-%E0%B7%83%E0%B7%9A%E0%B7%80%E0%B7%8F%E0%B6%BD%E0%B6%B7%E0%B7%93-%E0%B6%B4%E0%B7%8A_%E0%B6%BB%E0%B6%A5%E0%B6%B4%E0%B7%8A%E0%B6%AD%E0%B7%92%E0%B6%BA-%E0%B6%B6%E0%B7%8F%E0%B7%84%E0%B7%92%E0%B6%BB-%E0%B7%83%E0%B7%9A%E0%B7%80%E0%B7%8F%E0%B6%BD%E0%B7%8F%E0%B6%B7%E0%B7%93%E0%B6%B1%E0%B7%8A.pdf,
phone,pass,Published phone: 0000000464 ,https://labourmin.gov.lk/wp-content/uploads/2025/11/%E0%B6%B4%E0%B7%94%E0%B6%BB%E0%B7%80%E0%B7%90%E0%B7%83%E0%B7%92-%E0%B7%83%E0%B7%9A%E0%B7%80%E0%B7%8F%E0%B6%BD%E0%B6%B7%E0%B7%93-%E0%B6%B4%E0%B7%8A_%E0%B6%BB%E0%B6%A5%E0%B6%B4%E0%B7%8A%E0%B6%AD%E0%B7%92%E0%B6%BA-%E0%B6%B6%E0%B7%8F%E0%B7%84%E0%B7%92%E0%B6%BB-%E0%B7%83%E0%B7%9A%E0%B7%80%E0%B7%8F%E0%B6%BD%E0%B7%8F%E0%B6%B7%E0%B7%93%E0%B6%B1%E0%B7%8A.pdf,
phone,pass,Published phone: 0000000570 ,https://labourmin.gov.lk/wp-content/uploads/2025/11/%E0%B6%B4%E0%B7%94%E0%B6%BB%E0%B7%80%E0%B7%90%E0%B7%83%E0%B7%92-%E0%B7%83%E0%B7%9A%E0%B7%80%E0%B7%8F%E0%B6%BD%E0%B6%B7%E0%B7%93-%E0%B6%B4%E0%B7%8A_%E0%B6%BB%E0%B6%A5%E0%B6%B4%E0%B7%8A%E0%B6%AD%E0%B7%92%E0%B6%BA-%E0%B6%B6%E0%B7%8F%E0%B7%84%E0%B7%92%E0%B6%BB-%E0%B7%83%E0%B7%9A%E0%B7%80%E0%B7%8F%E0%B6%BD%E0%B7%8F%E0%B6%B7%E0%B7%93%E0%B6%B1%E0%B7%8A.pdf,
phone,pass,Published phone: 0000000260 ,https://labourmin.gov.lk/wp-content/uploads/2025/11/%E0%B6%B4%E0%B7%94%E0%B6%BB%E0%B7%80%E0%B7%90%E0%B7%83%E0%B7%92-%E0%B7%83%E0%B7%9A%E0%B7%80%E0%B7%8F%E0%B6%BD%E0%B6%B7%E0%B7%93-%E0%B6%B4%E0%B7%8A_%E0%B6%BB%E0%B6%A5%E0%B6%B4%E0%B7%8A%E0%B6%AD%E0%B7%92%E0%B6%BA-%E0%B6%B6%E0%B7%8F%E0%B7%84%E0%B7%92%E0%B6%BB-%E0%B7%83%E0%B7%9A%E0%B7%80%E0%B7%8F%E0%B6%BD%E0%B7%8F%E0%B6%B7%E0%B7%93%E0%B6%B1%E0%B7%8A.pdf,
phone,pass,Published phone: 0000000314 ,https://labourmin.gov.lk/wp-content/uploads/2025/11/%E0%B6%B4%E0%B7%94%E0%B6%BB%E0%B7%80%E0%B7%90%E0%B7%83%E0%B7%92-%E0%B7%83%E0%B7%9A%E0%B7%80%E0%B7%8F%E0%B6%BD%E0%B6%B7%E0%B7%93-%E0%B6%B4%E0%B7%8A_%E0%B6%BB%E0%B6%A5%E0%B6%B4%E0%B7%8A%E0%B6%AD%E0%B7%92%E0%B6%BA-%E0%B6%B6%E0%B7%8F%E0%B7%84%E0%B7%92%E0%B6%BB-%E0%B7%83%E0%B7%9A%E0%B7%80%E0%B7%8F%E0%B6%BD%E0%B7%8F%E0%B6%B7%E0%B7%93%E0%B6%B1%E0%B7%8A.pdf,
phone,pass,Published phone: 0000000285 ,https://labourmin.gov.lk/wp-content/uploads/2025/11/%E0%B6%B4%E0%B7%94%E0%B6%BB%E0%B7%80%E0%B7%90%E0%B7%83%E0%B7%92-%E0%B7%83%E0%B7%9A%E0%B7%80%E0%B7%8F%E0%B6%BD%E0%B6%B7%E0%B7%93-%E0%B6%B4%E0%B7%8A_%E0%B6%BB%E0%B6%A5%E0%B6%B4%E0%B7%8A%E0%B6%AD%E0%B7%92%E0%B6%BA-%E0%B6%B6%E0%B7%8F%E0%B7%84%E0%B7%92%E0%B6%BB-%E0%B7%83%E0%B7%9A%E0%B7%80%E0%B7%8F%E0%B6%BD%E0%B7%8F%E0%B6%B7%E0%B7%93%E0%B6%B1%E0%B7%8A.pdf,
phone,pass,Published phone: 0000000108 ,https://labourmin.gov.lk/wp-content/uploads/2025/11/%E0%B6%B4%E0%B7%94%E0%B6%BB%E0%B7%80%E0%B7%90%E0%B7%83%E0%B7%92-%E0%B7%83%E0%B7%9A%E0%B7%80%E0%B7%8F%E0%B6%BD%E0%B6%B7%E0%B7%93-%E0%B6%B4%E0%B7%8A_%E0%B6%BB%E0%B6%A5%E0%B6%B4%E0%B7%8A%E0%B6%AD%E0%B7%92%E0%B6%BA-%E0%B6%B6%E0%B7%8F%E0%B7%84%E0%B7%92%E0%B6%BB-%E0%B7%83%E0%B7%9A%E0%B7%80%E0%B7%8F%E0%B6%BD%E0%B7%8F%E0%B6%B7%E0%B7%93%E0%B6%B1%E0%B7%8A.pdf,
phone,pass,Published phone: 0000000597 ,https://labourmin.gov.lk/wp-content/uploads/2025/11/%E0%B6%B4%E0%B7%94%E0%B6%BB%E0%B7%80%E0%B7%90%E0%B7%83%E0%B7%92-%E0%B7%83%E0%B7%9A%E0%B7%80%E0%B7%8F%E0%B6%BD%E0%B6%B7%E0%B7%93-%E0%B6%B4%E0%B7%8A_%E0%B6%BB%E0%B6%A5%E0%B6%B4%E0%B7%8A%E0%B6%AD%E0%B7%92%E0%B6%BA-%E0%B6%B6%E0%B7%8F%E0%B7%84%E0%B7%92%E0%B6%BB-%E0%B7%83%E0%B7%9A%E0%B7%80%E0%B7%8F%E0%B6%BD%E0%B7%8F%E0%B6%B7%E0%B7%93%E0%B6%B1%E0%B7%8A.pdf,
phone,pass,Published phone: 0000000389 ,https://labourmin.gov.lk/wp-content/uploads/2025/11/%E0%B6%B4%E0%B7%94%E0%B6%BB%E0%B7%80%E0%B7%90%E0%B7%83%E0%B7%92-%E0%B7%83%E0%B7%9A%E0%B7%80%E0%B7%8F%E0%B6%BD%E0%B6%B7%E0%B7%93-%E0%B6%B4%E0%B7%8A_%E0%B6%BB%E0%B6%A5%E0%B6%B4%E0%B7%8A%E0%B6%AD%E0%B7%92%E0%B6%BA-%E0%B6%B6%E0%B7%8F%E0%B7%84%E0%B7%92%E0%B6%BB-%E0%B7%83%E0%B7%9A%E0%B7%80%E0%B7%8F%E0%B6%BD%E0%B7%8F%E0%B6%B7%E0%B7%93%E0%B6%B1%E0%B7%8A.pdf,
phone,pass,Published phone: 0 278 500 500 ,https://labourmin.gov.lk/wp-content/uploads/2025/11/%E0%B6%B4%E0%B7%94%E0%B6%BB%E0%B7%80%E0%B7%90%E0%B7%83%E0%B7%92-%E0%B7%83%E0%B7%9A%E0%B7%80%E0%B7%8F%E0%B6%BD%E0%B6%B7%E0%B7%93-%E0%B6%B4%E0%B7%8A_%E0%B6%BB%E0%B6%A5%E0%B6%B4%E0%B7%8A%E0%B6%AD%E0%B7%92%E0%B6%BA-%E0%B6%B6%E0%B7%8F%E0%B7%84%E0%B7%92%E0%B6%BB-%E0%B7%83%E0%B7%9A%E0%B7%80%E0%B7%8F%E0%B6%BD%E0%B7%8F%E0%B6%B7%E0%B7%93%E0%B6%B1%E0%B7%8A.pdf,
phone,pass,Published phone: 0000000487 ,https://labourmin.gov.lk/wp-content/uploads/2025/11/%E0%B6%B4%E0%B7%94%E0%B6%BB%E0%B7%80%E0%B7%90%E0%B7%83%E0%B7%92-%E0%B7%83%E0%B7%9A%E0%B7%80%E0%B7%8F%E0%B6%BD%E0%B6%B7%E0%B7%93-%E0%B6%B4%E0%B7%8A_%E0%B6%BB%E0%B6%A5%E0%B6%B4%E0%B7%8A%E0%B6%AD%E0%B7%92%E0%B6%BA-%E0%B6%B6%E0%B7%8F%E0%B7%84%E0%B7%92%E0%B6%BB-%E0%B7%83%E0%B7%9A%E0%B7%80%E0%B7%8F%E0%B6%BD%E0%B7%8F%E0%B6%B7%E0%B7%93%E0%B6%B1%E0%B7%8A.pdf,
phone,pass,Published phone: 0000000418 ,https://labourmin.gov.lk/wp-content/uploads/2025/11/%E0%B6%B4%E0%B7%94%E0%B6%BB%E0%B7%80%E0%B7%90%E0%B7%83%E0%B7%92-%E0%B7%83%E0%B7%9A%E0%B7%80%E0%B7%8F%E0%B6%BD%E0%B6%B7%E0%B7%93-%E0%B6%B4%E0%B7%8A_%E0%B6%BB%E0%B6%A5%E0%B6%B4%E0%B7%8A%E0%B6%AD%E0%B7%92%E0%B6%BA-%E0%B6%B6%E0%B7%8F%E0%B7%84%E0%B7%92%E0%B6%BB-%E0%B7%83%E0%B7%9A%E0%B7%80%E0%B7%8F%E0%B6%BD%E0%B7%8F%E0%B6%B7%E0%B7%93%E0%B6%B1%E0%B7%8A.pdf,
phone,pass,Published phone: 0000000239 ,https://labourmin.gov.lk/wp-content/uploads/2025/11/%E0%B6%B4%E0%B7%94%E0%B6%BB%E0%B7%80%E0%B7%90%E0%B7%83%E0%B7%92-%E0%B7%83%E0%B7%9A%E0%B7%80%E0%B7%8F%E0%B6%BD%E0%B6%B7%E0%B7%93-%E0%B6%B4%E0%B7%8A_%E0%B6%BB%E0%B6%A5%E0%B6%B4%E0%B7%8A%E0%B6%AD%E0%B7%92%E0%B6%BA-%E0%B6%B6%E0%B7%8F%E0%B7%84%E0%B7%92%E0%B6%BB-%E0%B7%83%E0%B7%9A%E0%B7%80%E0%B7%8F%E0%B6%BD%E0%B7%8F%E0%B6%B7%E0%B7%93%E0%B6%B1%E0%B7%8A.pdf,
phone,pass,Published phone: 0000000436 ,https://labourmin.gov.lk/wp-content/uploads/2025/11/%E0%B6%B4%E0%B7%94%E0%B6%BB%E0%B7%80%E0%B7%90%E0%B7%83%E0%B7%92-%E0%B7%83%E0%B7%9A%E0%B7%80%E0%B7%8F%E0%B6%BD%E0%B6%B7%E0%B7%93-%E0%B6%B4%E0%B7%8A_%E0%B6%BB%E0%B6%A5%E0%B6%B4%E0%B7%8A%E0%B6%AD%E0%B7%92%E0%B6%BA-%E0%B6%B6%E0%B7%8F%E0%B7%84%E0%B7%92%E0%B6%BB-%E0%B7%83%E0%B7%9A%E0%B7%80%E0%B7%8F%E0%B6%BD%E0%B7%8F%E0%B6%B7%E0%B7%93%E0%B6%B1%E0%B7%8A.pdf,
phone,pass,Published phone: 0000000337 ,https://labourmin.gov.lk/wp-content/uploads/2025/11/%E0%B6%B4%E0%B7%94%E0%B6%BB%E0%B7%80%E0%B7%90%E0%B7%83%E0%B7%92-%E0%B7%83%E0%B7%9A%E0%B7%80%E0%B7%8F%E0%B6%BD%E0%B6%B7%E0%B7%93-%E0%B6%B4%E0%B7%8A_%E0%B6%BB%E0%B6%A5%E0%B6%B4%E0%B7%8A%E0%B6%AD%E0%B7%92%E0%B6%BA-%E0%B6%B6%E0%B7%8F%E0%B7%84%E0%B7%92%E0%B6%BB-%E0%B7%83%E0%B7%9A%E0%B7%80%E0%B7%8F%E0%B6%BD%E0%B7%8F%E0%B6%B7%E0%B7%93%E0%B6%B1%E0%B7%8A.pdf,
phone,pass,Published phone: 0000010191 ,https://labourmin.gov.lk/wp-content/uploads/2025/11/%E0%B6%B4%E0%B7%94%E0%B6%BB%E0%B7%80%E0%B7%90%E0%B7%83%E0%B7%92-%E0%B7%83%E0%B7%9A%E0%B7%80%E0%B7%8F%E0%B6%BD%E0%B6%B7%E0%B7%93-%E0%B6%B4%E0%B7%8A_%E0%B6%BB%E0%B6%A5%E0%B6%B4%E0%B7%8A%E0%B6%AD%E0%B7%92%E0%B6%BA-%E0%B6%B6%E0%B7%8F%E0%B7%84%E0%B7%92%E0%B6%BB-%E0%B7%83%E0%B7%9A%E0%B7%80%E0%B7%8F%E0%B6%BD%E0%B7%8F%E0%B6%B7%E0%B7%93%E0%B6%B1%E0%B7%8A.pdf,
phone,pass,Published phone: 0000000485 ,https://labourmin.gov.lk/wp-content/uploads/2025/11/%E0%B6%B4%E0%B7%94%E0%B6%BB%E0%B7%80%E0%B7%90%E0%B7%83%E0%B7%92-%E0%B7%83%E0%B7%9A%E0%B7%80%E0%B7%8F%E0%B6%BD%E0%B6%B7%E0%B7%93-%E0%B6%B4%E0%B7%8A_%E0%B6%BB%E0%B6%A5%E0%B6%B4%E0%B7%8A%E0%B6%AD%E0%B7%92%E0%B6%BA-%E0%B6%B6%E0%B7%8F%E0%B7%84%E0%B7%92%E0%B6%BB-%E0%B7%83%E0%B7%9A%E0%B7%80%E0%B7%8F%E0%B6%BD%E0%B7%8F%E0%B6%B7%E0%B7%93%E0%B6%B1%E0%B7%8A.pdf,
phone,pass,Published phone: 0000000568 ,https://labourmin.gov.lk/wp-content/uploads/2025/11/%E0%B6%B4%E0%B7%94%E0%B6%BB%E0%B7%80%E0%B7%90%E0%B7%83%E0%B7%92-%E0%B7%83%E0%B7%9A%E0%B7%80%E0%B7%8F%E0%B6%BD%E0%B6%B7%E0%B7%93-%E0%B6%B4%E0%B7%8A_%E0%B6%BB%E0%B6%A5%E0%B6%B4%E0%B7%8A%E0%B6%AD%E0%B7%92%E0%B6%BA-%E0%B6%B6%E0%B7%8F%E0%B7%84%E0%B7%92%E0%B6%BB-%E0%B7%83%E0%B7%9A%E0%B7%80%E0%B7%8F%E0%B6%BD%E0%B7%8F%E0%B6%B7%E0%B7%93%E0%B6%B1%E0%B7%8A.pdf,
phone,pass,Published phone: 0000000517 ,https://labourmin.gov.lk/wp-content/uploads/2025/11/%E0%B6%B4%E0%B7%94%E0%B6%BB%E0%B7%80%E0%B7%90%E0%B7%83%E0%B7%92-%E0%B7%83%E0%B7%9A%E0%B7%80%E0%B7%8F%E0%B6%BD%E0%B6%B7%E0%B7%93-%E0%B6%B4%E0%B7%8A_%E0%B6%BB%E0%B6%A5%E0%B6%B4%E0%B7%8A%E0%B6%AD%E0%B7%92%E0%B6%BA-%E0%B6%B6%E0%B7%8F%E0%B7%84%E0%B7%92%E0%B6%BB-%E0%B7%83%E0%B7%9A%E0%B7%80%E0%B7%8F%E0%B6%BD%E0%B7%8F%E0%B6%B7%E0%B7%93%E0%B6%B1%E0%B7%8A.pdf,
phone,pass,Published phone: 0000010430 ,https://labourmin.gov.lk/wp-content/uploads/2025/11/%E0%B6%B4%E0%B7%94%E0%B6%BB%E0%B7%80%E0%B7%90%E0%B7%83%E0%B7%92-%E0%B7%83%E0%B7%9A%E0%B7%80%E0%B7%8F%E0%B6%BD%E0%B6%B7%E0%B7%93-%E0%B6%B4%E0%B7%8A_%E0%B6%BB%E0%B6%A5%E0%B6%B4%E0%B7%8A%E0%B6%AD%E0%B7%92%E0%B6%BA-%E0%B6%B6%E0%B7%8F%E0%B7%84%E0%B7%92%E0%B6%BB-%E0%B7%83%E0%B7%9A%E0%B7%80%E0%B7%8F%E0%B6%BD%E0%B7%8F%E0%B6%B7%E0%B7%93%E0%B6%B1%E0%B7%8A.pdf,
phone,pass,Published phone: 0000000296 ,https://labourmin.gov.lk/wp-content/uploads/2025/11/%E0%B6%B4%E0%B7%94%E0%B6%BB%E0%B7%80%E0%B7%90%E0%B7%83%E0%B7%92-%E0%B7%83%E0%B7%9A%E0%B7%80%E0%B7%8F%E0%B6%BD%E0%B6%B7%E0%B7%93-%E0%B6%B4%E0%B7%8A_%E0%B6%BB%E0%B6%A5%E0%B6%B4%E0%B7%8A%E0%B6%AD%E0%B7%92%E0%B6%BA-%E0%B6%B6%E0%B7%8F%E0%B7%84%E0%B7%92%E0%B6%BB-%E0%B7%83%E0%B7%9A%E0%B7%80%E0%B7%8F%E0%B6%BD%E0%B7%8F%E0%B6%B7%E0%B7%93%E0%B6%B1%E0%B7%8A.pdf,
phone,pass,Published phone: 0000000054 ,https://labourmin.gov.lk/wp-content/uploads/2025/11/%E0%B6%B4%E0%B7%94%E0%B6%BB%E0%B7%80%E0%B7%90%E0%B7%83%E0%B7%92-%E0%B7%83%E0%B7%9A%E0%B7%80%E0%B7%8F%E0%B6%BD%E0%B6%B7%E0%B7%93-%E0%B6%B4%E0%B7%8A_%E0%B6%BB%E0%B6%A5%E0%B6%B4%E0%B7%8A%E0%B6%AD%E0%B7%92%E0%B6%BA-%E0%B6%B6%E0%B7%8F%E0%B7%84%E0%B7%92%E0%B6%BB-%E0%B7%83%E0%B7%9A%E0%B7%80%E0%B7%8F%E0%B6%BD%E0%B7%8F%E0%B6%B7%E0%B7%93%E0%B6%B1%E0%B7%8A.pdf,
phone,pass,Published phone: 0000000506 ,https://labourmin.gov.lk/wp-content/uploads/2025/11/%E0%B6%B4%E0%B7%94%E0%B6%BB%E0%B7%80%E0%B7%90%E0%B7%83%E0%B7%92-%E0%B7%83%E0%B7%9A%E0%B7%80%E0%B7%8F%E0%B6%BD%E0%B6%B7%E0%B7%93-%E0%B6%B4%E0%B7%8A_%E0%B6%BB%E0%B6%A5%E0%B6%B4%E0%B7%8A%E0%B6%AD%E0%B7%92%E0%B6%BA-%E0%B6%B6%E0%B7%8F%E0%B7%84%E0%B7%92%E0%B6%BB-%E0%B7%83%E0%B7%9A%E0%B7%80%E0%B7%8F%E0%B6%BD%E0%B7%8F%E0%B6%B7%E0%B7%93%E0%B6%B1%E0%B7%8A.pdf,
phone,pass,Published phone: 0000000528 ,https://labourmin.gov.lk/wp-content/uploads/2025/11/%E0%B6%B4%E0%B7%94%E0%B6%BB%E0%B7%80%E0%B7%90%E0%B7%83%E0%B7%92-%E0%B7%83%E0%B7%9A%E0%B7%80%E0%B7%8F%E0%B6%BD%E0%B6%B7%E0%B7%93-%E0%B6%B4%E0%B7%8A_%E0%B6%BB%E0%B6%A5%E0%B6%B4%E0%B7%8A%E0%B6%AD%E0%B7%92%E0%B6%BA-%E0%B6%B6%E0%B7%8F%E0%B7%84%E0%B7%92%E0%B6%BB-%E0%B7%83%E0%B7%9A%E0%B7%80%E0%B7%8F%E0%B6%BD%E0%B7%8F%E0%B6%B7%E0%B7%93%E0%B6%B1%E0%B7%8A.pdf,
phone,pass,Published phone: 0000000377 ,https://labourmin.gov.lk/wp-content/uploads/2025/11/%E0%B6%B4%E0%B7%94%E0%B6%BB%E0%B7%80%E0%B7%90%E0%B7%83%E0%B7%92-%E0%B7%83%E0%B7%9A%E0%B7%80%E0%B7%8F%E0%B6%BD%E0%B6%B7%E0%B7%93-%E0%B6%B4%E0%B7%8A_%E0%B6%BB%E0%B6%A5%E0%B6%B4%E0%B7%8A%E0%B6%AD%E0%B7%92%E0%B6%BA-%E0%B6%B6%E0%B7%8F%E0%B7%84%E0%B7%92%E0%B6%BB-%E0%B7%83%E0%B7%9A%E0%B7%80%E0%B7%8F%E0%B6%BD%E0%B7%8F%E0%B6%B7%E0%B7%93%E0%B6%B1%E0%B7%8A.pdf,
phone,pass,Published phone: 0000000334 ,https://labourmin.gov.lk/wp-content/uploads/2025/11/%E0%B6%B4%E0%B7%94%E0%B6%BB%E0%B7%80%E0%B7%90%E0%B7%83%E0%B7%92-%E0%B7%83%E0%B7%9A%E0%B7%80%E0%B7%8F%E0%B6%BD%E0%B6%B7%E0%B7%93-%E0%B6%B4%E0%B7%8A_%E0%B6%BB%E0%B6%A5%E0%B6%B4%E0%B7%8A%E0%B6%AD%E0%B7%92%E0%B6%BA-%E0%B6%B6%E0%B7%8F%E0%B7%84%E0%B7%92%E0%B6%BB-%E0%B7%83%E0%B7%9A%E0%B7%80%E0%B7%8F%E0%B6%BD%E0%B7%8F%E0%B6%B7%E0%B7%93%E0%B6%B1%E0%B7%8A.pdf,
phone,pass,Published phone: 0000000063 ,https://labourmin.gov.lk/wp-content/uploads/2025/11/%E0%B6%B4%E0%B7%94%E0%B6%BB%E0%B7%80%E0%B7%90%E0%B7%83%E0%B7%92-%E0%B7%83%E0%B7%9A%E0%B7%80%E0%B7%8F%E0%B6%BD%E0%B6%B7%E0%B7%93-%E0%B6%B4%E0%B7%8A_%E0%B6%BB%E0%B6%A5%E0%B6%B4%E0%B7%8A%E0%B6%AD%E0%B7%92%E0%B6%BA-%E0%B6%B6%E0%B7%8F%E0%B7%84%E0%B7%92%E0%B6%BB-%E0%B7%83%E0%B7%9A%E0%B7%80%E0%B7%8F%E0%B6%BD%E0%B7%8F%E0%B6%B7%E0%B7%93%E0%B6%B1%E0%B7%8A.pdf,
phone,pass,Published phone: 0000000524 ,https://labourmin.gov.lk/wp-content/uploads/2025/11/%E0%B6%B4%E0%B7%94%E0%B6%BB%E0%B7%80%E0%B7%90%E0%B7%83%E0%B7%92-%E0%B7%83%E0%B7%9A%E0%B7%80%E0%B7%8F%E0%B6%BD%E0%B6%B7%E0%B7%93-%E0%B6%B4%E0%B7%8A_%E0%B6%BB%E0%B6%A5%E0%B6%B4%E0%B7%8A%E0%B6%AD%E0%B7%92%E0%B6%BA-%E0%B6%B6%E0%B7%8F%E0%B7%84%E0%B7%92%E0%B6%BB-%E0%B7%83%E0%B7%9A%E0%B7%80%E0%B7%8F%E0%B6%BD%E0%B7%8F%E0%B6%B7%E0%B7%93%E0%B6%B1%E0%B7%8A.pdf,
phone,pass,Published phone: 0000000541 ,https://labourmin.gov.lk/wp-content/uploads/2025/11/%E0%B6%B4%E0%B7%94%E0%B6%BB%E0%B7%80%E0%B7%90%E0%B7%83%E0%B7%92-%E0%B7%83%E0%B7%9A%E0%B7%80%E0%B7%8F%E0%B6%BD%E0%B6%B7%E0%B7%93-%E0%B6%B4%E0%B7%8A_%E0%B6%BB%E0%B6%A5%E0%B6%B4%E0%B7%8A%E0%B6%AD%E0%B7%92%E0%B6%BA-%E0%B6%B6%E0%B7%8F%E0%B7%84%E0%B7%92%E0%B6%BB-%E0%B7%83%E0%B7%9A%E0%B7%80%E0%B7%8F%E0%B6%BD%E0%B7%8F%E0%B6%B7%E0%B7%93%E0%B6%B1%E0%B7%8A.pdf,
phone,pass,Published phone: 0000011049 ,https://labourmin.gov.lk/wp-content/uploads/2025/11/%E0%B6%B4%E0%B7%94%E0%B6%BB%E0%B7%80%E0%B7%90%E0%B7%83%E0%B7%92-%E0%B7%83%E0%B7%9A%E0%B7%80%E0%B7%8F%E0%B6%BD%E0%B6%B7%E0%B7%93-%E0%B6%B4%E0%B7%8A_%E0%B6%BB%E0%B6%A5%E0%B6%B4%E0%B7%8A%E0%B6%AD%E0%B7%92%E0%B6%BA-%E0%B6%B6%E0%B7%8F%E0%B7%84%E0%B7%92%E0%B6%BB-%E0%B7%83%E0%B7%9A%E0%B7%80%E0%B7%8F%E0%B6%BD%E0%B7%8F%E0%B6%B7%E0%B7%93%E0%B6%B1%E0%B7%8A.pdf,
phone,pass,Published phone: 0000000162 ,https://labourmin.gov.lk/wp-content/uploads/2025/11/%E0%B6%B4%E0%B7%94%E0%B6%BB%E0%B7%80%E0%B7%90%E0%B7%83%E0%B7%92-%E0%B7%83%E0%B7%9A%E0%B7%80%E0%B7%8F%E0%B6%BD%E0%B6%B7%E0%B7%93-%E0%B6%B4%E0%B7%8A_%E0%B6%BB%E0%B6%A5%E0%B6%B4%E0%B7%8A%E0%B6%AD%E0%B7%92%E0%B6%BA-%E0%B6%B6%E0%B7%8F%E0%B7%84%E0%B7%92%E0%B6%BB-%E0%B7%83%E0%B7%9A%E0%B7%80%E0%B7%8F%E0%B6%BD%E0%B7%8F%E0%B6%B7%E0%B7%93%E0%B6%B1%E0%B7%8A.pdf,
phone,pass,Published phone: 0000000186 ,https://labourmin.gov.lk/wp-content/uploads/2025/11/%E0%B6%B4%E0%B7%94%E0%B6%BB%E0%B7%80%E0%B7%90%E0%B7%83%E0%B7%92-%E0%B7%83%E0%B7%9A%E0%B7%80%E0%B7%8F%E0%B6%BD%E0%B6%B7%E0%B7%93-%E0%B6%B4%E0%B7%8A_%E0%B6%BB%E0%B6%A5%E0%B6%B4%E0%B7%8A%E0%B6%AD%E0%B7%92%E0%B6%BA-%E0%B6%B6%E0%B7%8F%E0%B7%84%E0%B7%92%E0%B6%BB-%E0%B7%83%E0%B7%9A%E0%B7%80%E0%B7%8F%E0%B6%BD%E0%B7%8F%E0%B6%B7%E0%B7%93%E0%B6%B1%E0%B7%8A.pdf,
phone,pass,Published phone: 0000000515 ,https://labourmin.gov.lk/wp-content/uploads/2025/11/%E0%B6%B4%E0%B7%94%E0%B6%BB%E0%B7%80%E0%B7%90%E0%B7%83%E0%B7%92-%E0%B7%83%E0%B7%9A%E0%B7%80%E0%B7%8F%E0%B6%BD%E0%B6%B7%E0%B7%93-%E0%B6%B4%E0%B7%8A_%E0%B6%BB%E0%B6%A5%E0%B6%B4%E0%B7%8A%E0%B6%AD%E0%B7%92%E0%B6%BA-%E0%B6%B6%E0%B7%8F%E0%B7%84%E0%B7%92%E0%B6%BB-%E0%B7%83%E0%B7%9A%E0%B7%80%E0%B7%8F%E0%B6%BD%E0%B7%8F%E0%B6%B7%E0%B7%93%E0%B6%B1%E0%B7%8A.pdf,
phone,pass,Published phone: 0000000085 ,https://labourmin.gov.lk/wp-content/uploads/2025/11/%E0%B6%B4%E0%B7%94%E0%B6%BB%E0%B7%80%E0%B7%90%E0%B7%83%E0%B7%92-%E0%B7%83%E0%B7%9A%E0%B7%80%E0%B7%8F%E0%B6%BD%E0%B6%B7%E0%B7%93-%E0%B6%B4%E0%B7%8A_%E0%B6%BB%E0%B6%A5%E0%B6%B4%E0%B7%8A%E0%B6%AD%E0%B7%92%E0%B6%BA-%E0%B6%B6%E0%B7%8F%E0%B7%84%E0%B7%92%E0%B6%BB-%E0%B7%83%E0%B7%9A%E0%B7%80%E0%B7%8F%E0%B6%BD%E0%B7%8F%E0%B6%B7%E0%B7%93%E0%B6%B1%E0%B7%8A.pdf,
phone,pass,Published phone: 0000000087 ,https://labourmin.gov.lk/wp-content/uploads/2025/11/%E0%B6%B4%E0%B7%94%E0%B6%BB%E0%B7%80%E0%B7%90%E0%B7%83%E0%B7%92-%E0%B7%83%E0%B7%9A%E0%B7%80%E0%B7%8F%E0%B6%BD%E0%B6%B7%E0%B7%93-%E0%B6%B4%E0%B7%8A_%E0%B6%BB%E0%B6%A5%E0%B6%B4%E0%B7%8A%E0%B6%AD%E0%B7%92%E0%B6%BA-%E0%B6%B6%E0%B7%8F%E0%B7%84%E0%B7%92%E0%B6%BB-%E0%B7%83%E0%B7%9A%E0%B7%80%E0%B7%8F%E0%B6%BD%E0%B7%8F%E0%B6%B7%E0%B7%93%E0%B6%B1%E0%B7%8A.pdf,
phone,pass,Published phone: 0000000473 ,https://labourmin.gov.lk/wp-content/uploads/2025/11/%E0%B6%B4%E0%B7%94%E0%B6%BB%E0%B7%80%E0%B7%90%E0%B7%83%E0%B7%92-%E0%B7%83%E0%B7%9A%E0%B7%80%E0%B7%8F%E0%B6%BD%E0%B6%B7%E0%B7%93-%E0%B6%B4%E0%B7%8A_%E0%B6%BB%E0%B6%A5%E0%B6%B4%E0%B7%8A%E0%B6%AD%E0%B7%92%E0%B6%BA-%E0%B6%B6%E0%B7%8F%E0%B7%84%E0%B7%92%E0%B6%BB-%E0%B7%83%E0%B7%9A%E0%B7%80%E0%B7%8F%E0%B6%BD%E0%B7%8F%E0%B6%B7%E0%B7%93%E0%B6%B1%E0%B7%8A.pdf,
phone,pass,Published phone: 0000000210 ,https://labourmin.gov.lk/wp-content/uploads/2025/11/%E0%B6%B4%E0%B7%94%E0%B6%BB%E0%B7%80%E0%B7%90%E0%B7%83%E0%B7%92-%E0%B7%83%E0%B7%9A%E0%B7%80%E0%B7%8F%E0%B6%BD%E0%B6%B7%E0%B7%93-%E0%B6%B4%E0%B7%8A_%E0%B6%BB%E0%B6%A5%E0%B6%B4%E0%B7%8A%E0%B6%AD%E0%B7%92%E0%B6%BA-%E0%B6%B6%E0%B7%8F%E0%B7%84%E0%B7%92%E0%B6%BB-%E0%B7%83%E0%B7%9A%E0%B7%80%E0%B7%8F%E0%B6%BD%E0%B7%8F%E0%B6%B7%E0%B7%93%E0%B6%B1%E0%B7%8A.pdf,
phone,pass,Published phone: 0000000067 ,https://labourmin.gov.lk/wp-content/uploads/2025/11/%E0%B6%B4%E0%B7%94%E0%B6%BB%E0%B7%80%E0%B7%90%E0%B7%83%E0%B7%92-%E0%B7%83%E0%B7%9A%E0%B7%80%E0%B7%8F%E0%B6%BD%E0%B6%B7%E0%B7%93-%E0%B6%B4%E0%B7%8A_%E0%B6%BB%E0%B6%A5%E0%B6%B4%E0%B7%8A%E0%B6%AD%E0%B7%92%E0%B6%BA-%E0%B6%B6%E0%B7%8F%E0%B7%84%E0%B7%92%E0%B6%BB-%E0%B7%83%E0%B7%9A%E0%B7%80%E0%B7%8F%E0%B6%BD%E0%B7%8F%E0%B6%B7%E0%B7%93%E0%B6%B1%E0%B7%8A.pdf,
phone,pass,Published phone: 0000000097 ,https://labourmin.gov.lk/wp-content/uploads/2025/11/%E0%B6%B4%E0%B7%94%E0%B6%BB%E0%B7%80%E0%B7%90%E0%B7%83%E0%B7%92-%E0%B7%83%E0%B7%9A%E0%B7%80%E0%B7%8F%E0%B6%BD%E0%B6%B7%E0%B7%93-%E0%B6%B4%E0%B7%8A_%E0%B6%BB%E0%B6%A5%E0%B6%B4%E0%B7%8A%E0%B6%AD%E0%B7%92%E0%B6%BA-%E0%B6%B6%E0%B7%8F%E0%B7%84%E0%B7%92%E0%B6%BB-%E0%B7%83%E0%B7%9A%E0%B7%80%E0%B7%8F%E0%B6%BD%E0%B7%8F%E0%B6%B7%E0%B7%93%E0%B6%B1%E0%B7%8A.pdf,
phone,pass,Published phone: 0000000193 ,https://labourmin.gov.lk/wp-content/uploads/2025/11/%E0%B6%B4%E0%B7%94%E0%B6%BB%E0%B7%80%E0%B7%90%E0%B7%83%E0%B7%92-%E0%B7%83%E0%B7%9A%E0%B7%80%E0%B7%8F%E0%B6%BD%E0%B6%B7%E0%B7%93-%E0%B6%B4%E0%B7%8A_%E0%B6%BB%E0%B6%A5%E0%B6%B4%E0%B7%8A%E0%B6%AD%E0%B7%92%E0%B6%BA-%E0%B6%B6%E0%B7%8F%E0%B7%84%E0%B7%92%E0%B6%BB-%E0%B7%83%E0%B7%9A%E0%B7%80%E0%B7%8F%E0%B6%BD%E0%B7%8F%E0%B6%B7%E0%B7%93%E0%B6%B1%E0%B7%8A.pdf,
phone,pass,Published phone: 0000000530 ,https://labourmin.gov.lk/wp-content/uploads/2025/11/%E0%B6%B4%E0%B7%94%E0%B6%BB%E0%B7%80%E0%B7%90%E0%B7%83%E0%B7%92-%E0%B7%83%E0%B7%9A%E0%B7%80%E0%B7%8F%E0%B6%BD%E0%B6%B7%E0%B7%93-%E0%B6%B4%E0%B7%8A_%E0%B6%BB%E0%B6%A5%E0%B6%B4%E0%B7%8A%E0%B6%AD%E0%B7%92%E0%B6%BA-%E0%B6%B6%E0%B7%8F%E0%B7%84%E0%B7%92%E0%B6%BB-%E0%B7%83%E0%B7%9A%E0%B7%80%E0%B7%8F%E0%B6%BD%E0%B7%8F%E0%B6%B7%E0%B7%93%E0%B6%B1%E0%B7%8A.pdf,
phone,pass,Published phone: 0000000141 ,https://labourmin.gov.lk/wp-content/uploads/2025/11/%E0%B6%B4%E0%B7%94%E0%B6%BB%E0%B7%80%E0%B7%90%E0%B7%83%E0%B7%92-%E0%B7%83%E0%B7%9A%E0%B7%80%E0%B7%8F%E0%B6%BD%E0%B6%B7%E0%B7%93-%E0%B6%B4%E0%B7%8A_%E0%B6%BB%E0%B6%A5%E0%B6%B4%E0%B7%8A%E0%B6%AD%E0%B7%92%E0%B6%BA-%E0%B6%B6%E0%B7%8F%E0%B7%84%E0%B7%92%E0%B6%BB-%E0%B7%83%E0%B7%9A%E0%B7%80%E0%B7%8F%E0%B6%BD%E0%B7%8F%E0%B6%B7%E0%B7%93%E0%B6%B1%E0%B7%8A.pdf,
phone,pass,Published phone: 0000009165 ,https://labourmin.gov.lk/wp-content/uploads/2025/11/%E0%B6%B4%E0%B7%94%E0%B6%BB%E0%B7%80%E0%B7%90%E0%B7%83%E0%B7%92-%E0%B7%83%E0%B7%9A%E0%B7%80%E0%B7%8F%E0%B6%BD%E0%B6%B7%E0%B7%93-%E0%B6%B4%E0%B7%8A_%E0%B6%BB%E0%B6%A5%E0%B6%B4%E0%B7%8A%E0%B6%AD%E0%B7%92%E0%B6%BA-%E0%B6%B6%E0%B7%8F%E0%B7%84%E0%B7%92%E0%B6%BB-%E0%B7%83%E0%B7%9A%E0%B7%80%E0%B7%8F%E0%B6%BD%E0%B7%8F%E0%B6%B7%E0%B7%93%E0%B6%B1%E0%B7%8A.pdf,
phone,pass,Published phone: 0000000396 ,https://labourmin.gov.lk/wp-content/uploads/2025/11/%E0%B6%B4%E0%B7%94%E0%B6%BB%E0%B7%80%E0%B7%90%E0%B7%83%E0%B7%92-%E0%B7%83%E0%B7%9A%E0%B7%80%E0%B7%8F%E0%B6%BD%E0%B6%B7%E0%B7%93-%E0%B6%B4%E0%B7%8A_%E0%B6%BB%E0%B6%A5%E0%B6%B4%E0%B7%8A%E0%B6%AD%E0%B7%92%E0%B6%BA-%E0%B6%B6%E0%B7%8F%E0%B7%84%E0%B7%92%E0%B6%BB-%E0%B7%83%E0%B7%9A%E0%B7%80%E0%B7%8F%E0%B6%BD%E0%B7%8F%E0%B6%B7%E0%B7%93%E0%B6%B1%E0%B7%8A.pdf,
phone,pass,Published phone: 0000000527 ,https://labourmin.gov.lk/wp-content/uploads/2025/11/%E0%B6%B4%E0%B7%94%E0%B6%BB%E0%B7%80%E0%B7%90%E0%B7%83%E0%B7%92-%E0%B7%83%E0%B7%9A%E0%B7%80%E0%B7%8F%E0%B6%BD%E0%B6%B7%E0%B7%93-%E0%B6%B4%E0%B7%8A_%E0%B6%BB%E0%B6%A5%E0%B6%B4%E0%B7%8A%E0%B6%AD%E0%B7%92%E0%B6%BA-%E0%B6%B6%E0%B7%8F%E0%B7%84%E0%B7%92%E0%B6%BB-%E0%B7%83%E0%B7%9A%E0%B7%80%E0%B7%8F%E0%B6%BD%E0%B7%8F%E0%B6%B7%E0%B7%93%E0%B6%B1%E0%B7%8A.pdf,
phone,pass,Published phone: 0000000538 ,https://labourmin.gov.lk/wp-content/uploads/2025/11/%E0%B6%B4%E0%B7%94%E0%B6%BB%E0%B7%80%E0%B7%90%E0%B7%83%E0%B7%92-%E0%B7%83%E0%B7%9A%E0%B7%80%E0%B7%8F%E0%B6%BD%E0%B6%B7%E0%B7%93-%E0%B6%B4%E0%B7%8A_%E0%B6%BB%E0%B6%A5%E0%B6%B4%E0%B7%8A%E0%B6%AD%E0%B7%92%E0%B6%BA-%E0%B6%B6%E0%B7%8F%E0%B7%84%E0%B7%92%E0%B6%BB-%E0%B7%83%E0%B7%9A%E0%B7%80%E0%B7%8F%E0%B6%BD%E0%B7%8F%E0%B6%B7%E0%B7%93%E0%B6%B1%E0%B7%8A.pdf,
phone,pass,Published phone: 0000014543 ,https://labourmin.gov.lk/wp-content/uploads/2025/11/%E0%B6%B4%E0%B7%94%E0%B6%BB%E0%B7%80%E0%B7%90%E0%B7%83%E0%B7%92-%E0%B7%83%E0%B7%9A%E0%B7%80%E0%B7%8F%E0%B6%BD%E0%B6%B7%E0%B7%93-%E0%B6%B4%E0%B7%8A_%E0%B6%BB%E0%B6%A5%E0%B6%B4%E0%B7%8A%E0%B6%AD%E0%B7%92%E0%B6%BA-%E0%B6%B6%E0%B7%8F%E0%B7%84%E0%B7%92%E0%B6%BB-%E0%B7%83%E0%B7%9A%E0%B7%80%E0%B7%8F%E0%B6%BD%E0%B7%8F%E0%B6%B7%E0%B7%93%E0%B6%B1%E0%B7%8A.pdf,
phone,pass,Published phone: 0000000232 ,https://labourmin.gov.lk/wp-content/uploads/2025/11/%E0%B6%B4%E0%B7%94%E0%B6%BB%E0%B7%80%E0%B7%90%E0%B7%83%E0%B7%92-%E0%B7%83%E0%B7%9A%E0%B7%80%E0%B7%8F%E0%B6%BD%E0%B6%B7%E0%B7%93-%E0%B6%B4%E0%B7%8A_%E0%B6%BB%E0%B6%A5%E0%B6%B4%E0%B7%8A%E0%B6%AD%E0%B7%92%E0%B6%BA-%E0%B6%B6%E0%B7%8F%E0%B7%84%E0%B7%92%E0%B6%BB-%E0%B7%83%E0%B7%9A%E0%B7%80%E0%B7%8F%E0%B6%BD%E0%B7%8F%E0%B6%B7%E0%B7%93%E0%B6%B1%E0%B7%8A.pdf,
phone,pass,Published phone: 0000000124 ,https://labourmin.gov.lk/wp-content/uploads/2025/11/%E0%B6%B4%E0%B7%94%E0%B6%BB%E0%B7%80%E0%B7%90%E0%B7%83%E0%B7%92-%E0%B7%83%E0%B7%9A%E0%B7%80%E0%B7%8F%E0%B6%BD%E0%B6%B7%E0%B7%93-%E0%B6%B4%E0%B7%8A_%E0%B6%BB%E0%B6%A5%E0%B6%B4%E0%B7%8A%E0%B6%AD%E0%B7%92%E0%B6%BA-%E0%B6%B6%E0%B7%8F%E0%B7%84%E0%B7%92%E0%B6%BB-%E0%B7%83%E0%B7%9A%E0%B7%80%E0%B7%8F%E0%B6%BD%E0%B7%8F%E0%B6%B7%E0%B7%93%E0%B6%B1%E0%B7%8A.pdf,
phone,pass,Published phone: 0000000336 ,https://labourmin.gov.lk/wp-content/uploads/2025/11/%E0%B6%B4%E0%B7%94%E0%B6%BB%E0%B7%80%E0%B7%90%E0%B7%83%E0%B7%92-%E0%B7%83%E0%B7%9A%E0%B7%80%E0%B7%8F%E0%B6%BD%E0%B6%B7%E0%B7%93-%E0%B6%B4%E0%B7%8A_%E0%B6%BB%E0%B6%A5%E0%B6%B4%E0%B7%8A%E0%B6%AD%E0%B7%92%E0%B6%BA-%E0%B6%B6%E0%B7%8F%E0%B7%84%E0%B7%92%E0%B6%BB-%E0%B7%83%E0%B7%9A%E0%B7%80%E0%B7%8F%E0%B6%BD%E0%B7%8F%E0%B6%B7%E0%B7%93%E0%B6%B1%E0%B7%8A.pdf,
phone,pass,Published phone: 0000000503 ,https://labourmin.gov.lk/wp-content/uploads/2025/11/%E0%B6%B4%E0%B7%94%E0%B6%BB%E0%B7%80%E0%B7%90%E0%B7%83%E0%B7%92-%E0%B7%83%E0%B7%9A%E0%B7%80%E0%B7%8F%E0%B6%BD%E0%B6%B7%E0%B7%93-%E0%B6%B4%E0%B7%8A_%E0%B6%BB%E0%B6%A5%E0%B6%B4%E0%B7%8A%E0%B6%AD%E0%B7%92%E0%B6%BA-%E0%B6%B6%E0%B7%8F%E0%B7%84%E0%B7%92%E0%B6%BB-%E0%B7%83%E0%B7%9A%E0%B7%80%E0%B7%8F%E0%B6%BD%E0%B7%8F%E0%B6%B7%E0%B7%93%E0%B6%B1%E0%B7%8A.pdf,
phone,pass,Published phone: 0000000470 ,https://labourmin.gov.lk/wp-content/uploads/2025/11/%E0%B6%B4%E0%B7%94%E0%B6%BB%E0%B7%80%E0%B7%90%E0%B7%83%E0%B7%92-%E0%B7%83%E0%B7%9A%E0%B7%80%E0%B7%8F%E0%B6%BD%E0%B6%B7%E0%B7%93-%E0%B6%B4%E0%B7%8A_%E0%B6%BB%E0%B6%A5%E0%B6%B4%E0%B7%8A%E0%B6%AD%E0%B7%92%E0%B6%BA-%E0%B6%B6%E0%B7%8F%E0%B7%84%E0%B7%92%E0%B6%BB-%E0%B7%83%E0%B7%9A%E0%B7%80%E0%B7%8F%E0%B6%BD%E0%B7%8F%E0%B6%B7%E0%B7%93%E0%B6%B1%E0%B7%8A.pdf,
phone,pass,Published phone: 0000000471 ,https://labourmin.gov.lk/wp-content/uploads/2025/11/%E0%B6%B4%E0%B7%94%E0%B6%BB%E0%B7%80%E0%B7%90%E0%B7%83%E0%B7%92-%E0%B7%83%E0%B7%9A%E0%B7%80%E0%B7%8F%E0%B6%BD%E0%B6%B7%E0%B7%93-%E0%B6%B4%E0%B7%8A_%E0%B6%BB%E0%B6%A5%E0%B6%B4%E0%B7%8A%E0%B6%AD%E0%B7%92%E0%B6%BA-%E0%B6%B6%E0%B7%8F%E0%B7%84%E0%B7%92%E0%B6%BB-%E0%B7%83%E0%B7%9A%E0%B7%80%E0%B7%8F%E0%B6%BD%E0%B7%8F%E0%B6%B7%E0%B7%93%E0%B6%B1%E0%B7%8A.pdf,
phone,pass,Published phone: 0000000460 ,https://labourmin.gov.lk/wp-content/uploads/2025/11/%E0%B6%B4%E0%B7%94%E0%B6%BB%E0%B7%80%E0%B7%90%E0%B7%83%E0%B7%92-%E0%B7%83%E0%B7%9A%E0%B7%80%E0%B7%8F%E0%B6%BD%E0%B6%B7%E0%B7%93-%E0%B6%B4%E0%B7%8A_%E0%B6%BB%E0%B6%A5%E0%B6%B4%E0%B7%8A%E0%B6%AD%E0%B7%92%E0%B6%BA-%E0%B6%B6%E0%B7%8F%E0%B7%84%E0%B7%92%E0%B6%BB-%E0%B7%83%E0%B7%9A%E0%B7%80%E0%B7%8F%E0%B6%BD%E0%B7%8F%E0%B6%B7%E0%B7%93%E0%B6%B1%E0%B7%8A.pdf,
phone,pass,Published phone: 0000129356 ,https://labourmin.gov.lk/wp-content/uploads/2025/11/%E0%B6%B4%E0%B7%94%E0%B6%BB%E0%B7%80%E0%B7%90%E0%B7%83%E0%B7%92-%E0%B7%83%E0%B7%9A%E0%B7%80%E0%B7%8F%E0%B6%BD%E0%B6%B7%E0%B7%93-%E0%B6%B4%E0%B7%8A_%E0%B6%BB%E0%B6%A5%E0%B6%B4%E0%B7%8A%E0%B6%AD%E0%B7%92%E0%B6%BA-%E0%B6%B6%E0%B7%8F%E0%B7%84%E0%B7%92%E0%B6%BB-%E0%B7%83%E0%B7%9A%E0%B7%80%E0%B7%8F%E0%B6%BD%E0%B7%8F%E0%B6%B7%E0%B7%93%E0%B6%B1%E0%B7%8A.pdf,
phone,pass,Published phone: 0000000372 ,https://labourmin.gov.lk/wp-content/uploads/2025/11/%E0%B6%B4%E0%B7%94%E0%B6%BB%E0%B7%80%E0%B7%90%E0%B7%83%E0%B7%92-%E0%B7%83%E0%B7%9A%E0%B7%80%E0%B7%8F%E0%B6%BD%E0%B6%B7%E0%B7%93-%E0%B6%B4%E0%B7%8A_%E0%B6%BB%E0%B6%A5%E0%B6%B4%E0%B7%8A%E0%B6%AD%E0%B7%92%E0%B6%BA-%E0%B6%B6%E0%B7%8F%E0%B7%84%E0%B7%92%E0%B6%BB-%E0%B7%83%E0%B7%9A%E0%B7%80%E0%B7%8F%E0%B6%BD%E0%B7%8F%E0%B6%B7%E0%B7%93%E0%B6%B1%E0%B7%8A.pdf,
phone,pass,Published phone: 0000000167 ,https://labourmin.gov.lk/wp-content/uploads/2025/11/%E0%B6%B4%E0%B7%94%E0%B6%BB%E0%B7%80%E0%B7%90%E0%B7%83%E0%B7%92-%E0%B7%83%E0%B7%9A%E0%B7%80%E0%B7%8F%E0%B6%BD%E0%B6%B7%E0%B7%93-%E0%B6%B4%E0%B7%8A_%E0%B6%BB%E0%B6%A5%E0%B6%B4%E0%B7%8A%E0%B6%AD%E0%B7%92%E0%B6%BA-%E0%B6%B6%E0%B7%8F%E0%B7%84%E0%B7%92%E0%B6%BB-%E0%B7%83%E0%B7%9A%E0%B7%80%E0%B7%8F%E0%B6%BD%E0%B7%8F%E0%B6%B7%E0%B7%93%E0%B6%B1%E0%B7%8A.pdf,
phone,pass,Published phone: 0000128917 ,https://labourmin.gov.lk/wp-content/uploads/2025/11/%E0%B6%B4%E0%B7%94%E0%B6%BB%E0%B7%80%E0%B7%90%E0%B7%83%E0%B7%92-%E0%B7%83%E0%B7%9A%E0%B7%80%E0%B7%8F%E0%B6%BD%E0%B6%B7%E0%B7%93-%E0%B6%B4%E0%B7%8A_%E0%B6%BB%E0%B6%A5%E0%B6%B4%E0%B7%8A%E0%B6%AD%E0%B7%92%E0%B6%BA-%E0%B6%B6%E0%B7%8F%E0%B7%84%E0%B7%92%E0%B6%BB-%E0%B7%83%E0%B7%9A%E0%B7%80%E0%B7%8F%E0%B6%BD%E0%B7%8F%E0%B6%B7%E0%B7%93%E0%B6%B1%E0%B7%8A.pdf,
phone,pass,Published phone: 0000013708 ,https://labourmin.gov.lk/wp-content/uploads/2025/11/%E0%B6%B4%E0%B7%94%E0%B6%BB%E0%B7%80%E0%B7%90%E0%B7%83%E0%B7%92-%E0%B7%83%E0%B7%9A%E0%B7%80%E0%B7%8F%E0%B6%BD%E0%B6%B7%E0%B7%93-%E0%B6%B4%E0%B7%8A_%E0%B6%BB%E0%B6%A5%E0%B6%B4%E0%B7%8A%E0%B6%AD%E0%B7%92%E0%B6%BA-%E0%B6%B6%E0%B7%8F%E0%B7%84%E0%B7%92%E0%B6%BB-%E0%B7%83%E0%B7%9A%E0%B7%80%E0%B7%8F%E0%B6%BD%E0%B7%8F%E0%B6%B7%E0%B7%93%E0%B6%B1%E0%B7%8A.pdf,
phone,pass,Published phone: 0000000251 ,https://labourmin.gov.lk/wp-content/uploads/2025/11/%E0%B6%B4%E0%B7%94%E0%B6%BB%E0%B7%80%E0%B7%90%E0%B7%83%E0%B7%92-%E0%B7%83%E0%B7%9A%E0%B7%80%E0%B7%8F%E0%B6%BD%E0%B6%B7%E0%B7%93-%E0%B6%B4%E0%B7%8A_%E0%B6%BB%E0%B6%A5%E0%B6%B4%E0%B7%8A%E0%B6%AD%E0%B7%92%E0%B6%BA-%E0%B6%B6%E0%B7%8F%E0%B7%84%E0%B7%92%E0%B6%BB-%E0%B7%83%E0%B7%9A%E0%B7%80%E0%B7%8F%E0%B6%BD%E0%B7%8F%E0%B6%B7%E0%B7%93%E0%B6%B1%E0%B7%8A.pdf,
phone,pass,Published phone: 0000000145 ,https://labourmin.gov.lk/wp-content/uploads/2025/11/%E0%B6%B4%E0%B7%94%E0%B6%BB%E0%B7%80%E0%B7%90%E0%B7%83%E0%B7%92-%E0%B7%83%E0%B7%9A%E0%B7%80%E0%B7%8F%E0%B6%BD%E0%B6%B7%E0%B7%93-%E0%B6%B4%E0%B7%8A_%E0%B6%BB%E0%B6%A5%E0%B6%B4%E0%B7%8A%E0%B6%AD%E0%B7%92%E0%B6%BA-%E0%B6%B6%E0%B7%8F%E0%B7%84%E0%B7%92%E0%B6%BB-%E0%B7%83%E0%B7%9A%E0%B7%80%E0%B7%8F%E0%B6%BD%E0%B7%8F%E0%B6%B7%E0%B7%93%E0%B6%B1%E0%B7%8A.pdf,
phone,pass,Published phone: 0000000128 ,https://labourmin.gov.lk/wp-content/uploads/2025/11/%E0%B6%B4%E0%B7%94%E0%B6%BB%E0%B7%80%E0%B7%90%E0%B7%83%E0%B7%92-%E0%B7%83%E0%B7%9A%E0%B7%80%E0%B7%8F%E0%B6%BD%E0%B6%B7%E0%B7%93-%E0%B6%B4%E0%B7%8A_%E0%B6%BB%E0%B6%A5%E0%B6%B4%E0%B7%8A%E0%B6%AD%E0%B7%92%E0%B6%BA-%E0%B6%B6%E0%B7%8F%E0%B7%84%E0%B7%92%E0%B6%BB-%E0%B7%83%E0%B7%9A%E0%B7%80%E0%B7%8F%E0%B6%BD%E0%B7%8F%E0%B6%B7%E0%B7%93%E0%B6%B1%E0%B7%8A.pdf,
phone,pass,Published phone: 0000000202 ,https://labourmin.gov.lk/wp-content/uploads/2025/11/%E0%B6%B4%E0%B7%94%E0%B6%BB%E0%B7%80%E0%B7%90%E0%B7%83%E0%B7%92-%E0%B7%83%E0%B7%9A%E0%B7%80%E0%B7%8F%E0%B6%BD%E0%B6%B7%E0%B7%93-%E0%B6%B4%E0%B7%8A_%E0%B6%BB%E0%B6%A5%E0%B6%B4%E0%B7%8A%E0%B6%AD%E0%B7%92%E0%B6%BA-%E0%B6%B6%E0%B7%8F%E0%B7%84%E0%B7%92%E0%B6%BB-%E0%B7%83%E0%B7%9A%E0%B7%80%E0%B7%8F%E0%B6%BD%E0%B7%8F%E0%B6%B7%E0%B7%93%E0%B6%B1%E0%B7%8A.pdf,
phone,pass,Published phone: 0000000267 ,https://labourmin.gov.lk/wp-content/uploads/2025/11/%E0%B6%B4%E0%B7%94%E0%B6%BB%E0%B7%80%E0%B7%90%E0%B7%83%E0%B7%92-%E0%B7%83%E0%B7%9A%E0%B7%80%E0%B7%8F%E0%B6%BD%E0%B6%B7%E0%B7%93-%E0%B6%B4%E0%B7%8A_%E0%B6%BB%E0%B6%A5%E0%B6%B4%E0%B7%8A%E0%B6%AD%E0%B7%92%E0%B6%BA-%E0%B6%B6%E0%B7%8F%E0%B7%84%E0%B7%92%E0%B6%BB-%E0%B7%83%E0%B7%9A%E0%B7%80%E0%B7%8F%E0%B6%BD%E0%B7%8F%E0%B6%B7%E0%B7%93%E0%B6%B1%E0%B7%8A.pdf,
phone,pass,Published phone: 0000000494 ,https://labourmin.gov.lk/wp-content/uploads/2025/11/%E0%B6%B4%E0%B7%94%E0%B6%BB%E0%B7%80%E0%B7%90%E0%B7%83%E0%B7%92-%E0%B7%83%E0%B7%9A%E0%B7%80%E0%B7%8F%E0%B6%BD%E0%B6%B7%E0%B7%93-%E0%B6%B4%E0%B7%8A_%E0%B6%BB%E0%B6%A5%E0%B6%B4%E0%B7%8A%E0%B6%AD%E0%B7%92%E0%B6%BA-%E0%B6%B6%E0%B7%8F%E0%B7%84%E0%B7%92%E0%B6%BB-%E0%B7%83%E0%B7%9A%E0%B7%80%E0%B7%8F%E0%B6%BD%E0%B7%8F%E0%B6%B7%E0%B7%93%E0%B6%B1%E0%B7%8A.pdf,
phone,pass,Published phone: 0000000143 ,https://labourmin.gov.lk/wp-content/uploads/2025/11/%E0%B6%B4%E0%B7%94%E0%B6%BB%E0%B7%80%E0%B7%90%E0%B7%83%E0%B7%92-%E0%B7%83%E0%B7%9A%E0%B7%80%E0%B7%8F%E0%B6%BD%E0%B6%B7%E0%B7%93-%E0%B6%B4%E0%B7%8A_%E0%B6%BB%E0%B6%A5%E0%B6%B4%E0%B7%8A%E0%B6%AD%E0%B7%92%E0%B6%BA-%E0%B6%B6%E0%B7%8F%E0%B7%84%E0%B7%92%E0%B6%BB-%E0%B7%83%E0%B7%9A%E0%B7%80%E0%B7%8F%E0%B6%BD%E0%B7%8F%E0%B6%B7%E0%B7%93%E0%B6%B1%E0%B7%8A.pdf,
phone,pass,Published phone: 0000000479 ,https://labourmin.gov.lk/wp-content/uploads/2025/11/%E0%B6%B4%E0%B7%94%E0%B6%BB%E0%B7%80%E0%B7%90%E0%B7%83%E0%B7%92-%E0%B7%83%E0%B7%9A%E0%B7%80%E0%B7%8F%E0%B6%BD%E0%B6%B7%E0%B7%93-%E0%B6%B4%E0%B7%8A_%E0%B6%BB%E0%B6%A5%E0%B6%B4%E0%B7%8A%E0%B6%AD%E0%B7%92%E0%B6%BA-%E0%B6%B6%E0%B7%8F%E0%B7%84%E0%B7%92%E0%B6%BB-%E0%B7%83%E0%B7%9A%E0%B7%80%E0%B7%8F%E0%B6%BD%E0%B7%8F%E0%B6%B7%E0%B7%93%E0%B6%B1%E0%B7%8A.pdf,
phone,pass,Published phone: 0000000591 ,https://labourmin.gov.lk/wp-content/uploads/2025/11/%E0%B6%B4%E0%B7%94%E0%B6%BB%E0%B7%80%E0%B7%90%E0%B7%83%E0%B7%92-%E0%B7%83%E0%B7%9A%E0%B7%80%E0%B7%8F%E0%B6%BD%E0%B6%B7%E0%B7%93-%E0%B6%B4%E0%B7%8A_%E0%B6%BB%E0%B6%A5%E0%B6%B4%E0%B7%8A%E0%B6%AD%E0%B7%92%E0%B6%BA-%E0%B6%B6%E0%B7%8F%E0%B7%84%E0%B7%92%E0%B6%BB-%E0%B7%83%E0%B7%9A%E0%B7%80%E0%B7%8F%E0%B6%BD%E0%B7%8F%E0%B6%B7%E0%B7%93%E0%B6%B1%E0%B7%8A.pdf,
phone,pass,Published phone: 0000000531 ,https://labourmin.gov.lk/wp-content/uploads/2025/11/%E0%B6%B4%E0%B7%94%E0%B6%BB%E0%B7%80%E0%B7%90%E0%B7%83%E0%B7%92-%E0%B7%83%E0%B7%9A%E0%B7%80%E0%B7%8F%E0%B6%BD%E0%B6%B7%E0%B7%93-%E0%B6%B4%E0%B7%8A_%E0%B6%BB%E0%B6%A5%E0%B6%B4%E0%B7%8A%E0%B6%AD%E0%B7%92%E0%B6%BA-%E0%B6%B6%E0%B7%8F%E0%B7%84%E0%B7%92%E0%B6%BB-%E0%B7%83%E0%B7%9A%E0%B7%80%E0%B7%8F%E0%B6%BD%E0%B7%8F%E0%B6%B7%E0%B7%93%E0%B6%B1%E0%B7%8A.pdf,
phone,pass,Published phone: 0000027931 ,https://labourmin.gov.lk/wp-content/uploads/2025/11/%E0%B6%B4%E0%B7%94%E0%B6%BB%E0%B7%80%E0%B7%90%E0%B7%83%E0%B7%92-%E0%B7%83%E0%B7%9A%E0%B7%80%E0%B7%8F%E0%B6%BD%E0%B6%B7%E0%B7%93-%E0%B6%B4%E0%B7%8A_%E0%B6%BB%E0%B6%A5%E0%B6%B4%E0%B7%8A%E0%B6%AD%E0%B7%92%E0%B6%BA-%E0%B6%B6%E0%B7%8F%E0%B7%84%E0%B7%92%E0%B6%BB-%E0%B7%83%E0%B7%9A%E0%B7%80%E0%B7%8F%E0%B6%BD%E0%B7%8F%E0%B6%B7%E0%B7%93%E0%B6%B1%E0%B7%8A.pdf,
phone,pass,Published phone: 0000154970 ,https://labourmin.gov.lk/wp-content/uploads/2025/11/%E0%B6%B4%E0%B7%94%E0%B6%BB%E0%B7%80%E0%B7%90%E0%B7%83%E0%B7%92-%E0%B7%83%E0%B7%9A%E0%B7%80%E0%B7%8F%E0%B6%BD%E0%B6%B7%E0%B7%93-%E0%B6%B4%E0%B7%8A_%E0%B6%BB%E0%B6%A5%E0%B6%B4%E0%B7%8A%E0%B6%AD%E0%B7%92%E0%B6%BA-%E0%B6%B6%E0%B7%8F%E0%B7%84%E0%B7%92%E0%B6%BB-%E0%B7%83%E0%B7%9A%E0%B7%80%E0%B7%8F%E0%B6%BD%E0%B7%8F%E0%B6%B7%E0%B7%93%E0%B6%B1%E0%B7%8A.pdf,
phone,pass,Published phone: 0000011726 ,https://labourmin.gov.lk/wp-content/uploads/2025/11/%E0%B6%B4%E0%B7%94%E0%B6%BB%E0%B7%80%E0%B7%90%E0%B7%83%E0%B7%92-%E0%B7%83%E0%B7%9A%E0%B7%80%E0%B7%8F%E0%B6%BD%E0%B6%B7%E0%B7%93-%E0%B6%B4%E0%B7%8A_%E0%B6%BB%E0%B6%A5%E0%B6%B4%E0%B7%8A%E0%B6%AD%E0%B7%92%E0%B6%BA-%E0%B6%B6%E0%B7%8F%E0%B7%84%E0%B7%92%E0%B6%BB-%E0%B7%83%E0%B7%9A%E0%B7%80%E0%B7%8F%E0%B6%BD%E0%B7%8F%E0%B6%B7%E0%B7%93%E0%B6%B1%E0%B7%8A.pdf,
phone,pass,Published phone: 0000000152 ,https://labourmin.gov.lk/wp-content/uploads/2025/11/%E0%B6%B4%E0%B7%94%E0%B6%BB%E0%B7%80%E0%B7%90%E0%B7%83%E0%B7%92-%E0%B7%83%E0%B7%9A%E0%B7%80%E0%B7%8F%E0%B6%BD%E0%B6%B7%E0%B7%93-%E0%B6%B4%E0%B7%8A_%E0%B6%BB%E0%B6%A5%E0%B6%B4%E0%B7%8A%E0%B6%AD%E0%B7%92%E0%B6%BA-%E0%B6%B6%E0%B7%8F%E0%B7%84%E0%B7%92%E0%B6%BB-%E0%B7%83%E0%B7%9A%E0%B7%80%E0%B7%8F%E0%B6%BD%E0%B7%8F%E0%B6%B7%E0%B7%93%E0%B6%B1%E0%B7%8A.pdf,
phone,pass,Published phone: 0000000382 ,https://labourmin.gov.lk/wp-content/uploads/2025/11/%E0%B6%B4%E0%B7%94%E0%B6%BB%E0%B7%80%E0%B7%90%E0%B7%83%E0%B7%92-%E0%B7%83%E0%B7%9A%E0%B7%80%E0%B7%8F%E0%B6%BD%E0%B6%B7%E0%B7%93-%E0%B6%B4%E0%B7%8A_%E0%B6%BB%E0%B6%A5%E0%B6%B4%E0%B7%8A%E0%B6%AD%E0%B7%92%E0%B6%BA-%E0%B6%B6%E0%B7%8F%E0%B7%84%E0%B7%92%E0%B6%BB-%E0%B7%83%E0%B7%9A%E0%B7%80%E0%B7%8F%E0%B6%BD%E0%B7%8F%E0%B6%B7%E0%B7%93%E0%B6%B1%E0%B7%8A.pdf,
phone,pass,Published phone: 0000000311 ,https://labourmin.gov.lk/wp-content/uploads/2025/11/%E0%B6%B4%E0%B7%94%E0%B6%BB%E0%B7%80%E0%B7%90%E0%B7%83%E0%B7%92-%E0%B7%83%E0%B7%9A%E0%B7%80%E0%B7%8F%E0%B6%BD%E0%B6%B7%E0%B7%93-%E0%B6%B4%E0%B7%8A_%E0%B6%BB%E0%B6%A5%E0%B6%B4%E0%B7%8A%E0%B6%AD%E0%B7%92%E0%B6%BA-%E0%B6%B6%E0%B7%8F%E0%B7%84%E0%B7%92%E0%B6%BB-%E0%B7%83%E0%B7%9A%E0%B7%80%E0%B7%8F%E0%B6%BD%E0%B7%8F%E0%B6%B7%E0%B7%93%E0%B6%B1%E0%B7%8A.pdf,
phone,pass,Published phone: 0000000224 ,https://labourmin.gov.lk/wp-content/uploads/2025/11/%E0%B6%B4%E0%B7%94%E0%B6%BB%E0%B7%80%E0%B7%90%E0%B7%83%E0%B7%92-%E0%B7%83%E0%B7%9A%E0%B7%80%E0%B7%8F%E0%B6%BD%E0%B6%B7%E0%B7%93-%E0%B6%B4%E0%B7%8A_%E0%B6%BB%E0%B6%A5%E0%B6%B4%E0%B7%8A%E0%B6%AD%E0%B7%92%E0%B6%BA-%E0%B6%B6%E0%B7%8F%E0%B7%84%E0%B7%92%E0%B6%BB-%E0%B7%83%E0%B7%9A%E0%B7%80%E0%B7%8F%E0%B6%BD%E0%B7%8F%E0%B6%B7%E0%B7%93%E0%B6%B1%E0%B7%8A.pdf,
phone,pass,Published phone: 0000000526 ,https://labourmin.gov.lk/wp-content/uploads/2025/11/%E0%B6%B4%E0%B7%94%E0%B6%BB%E0%B7%80%E0%B7%90%E0%B7%83%E0%B7%92-%E0%B7%83%E0%B7%9A%E0%B7%80%E0%B7%8F%E0%B6%BD%E0%B6%B7%E0%B7%93-%E0%B6%B4%E0%B7%8A_%E0%B6%BB%E0%B6%A5%E0%B6%B4%E0%B7%8A%E0%B6%AD%E0%B7%92%E0%B6%BA-%E0%B6%B6%E0%B7%8F%E0%B7%84%E0%B7%92%E0%B6%BB-%E0%B7%83%E0%B7%9A%E0%B7%80%E0%B7%8F%E0%B6%BD%E0%B7%8F%E0%B6%B7%E0%B7%93%E0%B6%B1%E0%B7%8A.pdf,
phone,pass,Published phone: 0000000098 ,https://labourmin.gov.lk/wp-content/uploads/2025/11/%E0%B6%B4%E0%B7%94%E0%B6%BB%E0%B7%80%E0%B7%90%E0%B7%83%E0%B7%92-%E0%B7%83%E0%B7%9A%E0%B7%80%E0%B7%8F%E0%B6%BD%E0%B6%B7%E0%B7%93-%E0%B6%B4%E0%B7%8A_%E0%B6%BB%E0%B6%A5%E0%B6%B4%E0%B7%8A%E0%B6%AD%E0%B7%92%E0%B6%BA-%E0%B6%B6%E0%B7%8F%E0%B7%84%E0%B7%92%E0%B6%BB-%E0%B7%83%E0%B7%9A%E0%B7%80%E0%B7%8F%E0%B6%BD%E0%B7%8F%E0%B6%B7%E0%B7%93%E0%B6%B1%E0%B7%8A.pdf,
phone,pass,Published phone: 0000029914 ,https://labourmin.gov.lk/wp-content/uploads/2025/11/%E0%B6%B4%E0%B7%94%E0%B6%BB%E0%B7%80%E0%B7%90%E0%B7%83%E0%B7%92-%E0%B7%83%E0%B7%9A%E0%B7%80%E0%B7%8F%E0%B6%BD%E0%B6%B7%E0%B7%93-%E0%B6%B4%E0%B7%8A_%E0%B6%BB%E0%B6%A5%E0%B6%B4%E0%B7%8A%E0%B6%AD%E0%B7%92%E0%B6%BA-%E0%B6%B6%E0%B7%8F%E0%B7%84%E0%B7%92%E0%B6%BB-%E0%B7%83%E0%B7%9A%E0%B7%80%E0%B7%8F%E0%B6%BD%E0%B7%8F%E0%B6%B7%E0%B7%93%E0%B6%B1%E0%B7%8A.pdf,
phone,pass,Published phone: 0000000564 ,https://labourmin.gov.lk/wp-content/uploads/2025/11/%E0%B6%B4%E0%B7%94%E0%B6%BB%E0%B7%80%E0%B7%90%E0%B7%83%E0%B7%92-%E0%B7%83%E0%B7%9A%E0%B7%80%E0%B7%8F%E0%B6%BD%E0%B6%B7%E0%B7%93-%E0%B6%B4%E0%B7%8A_%E0%B6%BB%E0%B6%A5%E0%B6%B4%E0%B7%8A%E0%B6%AD%E0%B7%92%E0%B6%BA-%E0%B6%B6%E0%B7%8F%E0%B7%84%E0%B7%92%E0%B6%BB-%E0%B7%83%E0%B7%9A%E0%B7%80%E0%B7%8F%E0%B6%BD%E0%B7%8F%E0%B6%B7%E0%B7%93%E0%B6%B1%E0%B7%8A.pdf,
phone,pass,Published phone: 0000000073 ,https://labourmin.gov.lk/wp-content/uploads/2025/11/%E0%B6%B4%E0%B7%94%E0%B6%BB%E0%B7%80%E0%B7%90%E0%B7%83%E0%B7%92-%E0%B7%83%E0%B7%9A%E0%B7%80%E0%B7%8F%E0%B6%BD%E0%B6%B7%E0%B7%93-%E0%B6%B4%E0%B7%8A_%E0%B6%BB%E0%B6%A5%E0%B6%B4%E0%B7%8A%E0%B6%AD%E0%B7%92%E0%B6%BA-%E0%B6%B6%E0%B7%8F%E0%B7%84%E0%B7%92%E0%B6%BB-%E0%B7%83%E0%B7%9A%E0%B7%80%E0%B7%8F%E0%B6%BD%E0%B7%8F%E0%B6%B7%E0%B7%93%E0%B6%B1%E0%B7%8A.pdf,
phone,pass,Published phone: 0000000157 ,https://labourmin.gov.lk/wp-content/uploads/2025/11/%E0%B6%B4%E0%B7%94%E0%B6%BB%E0%B7%80%E0%B7%90%E0%B7%83%E0%B7%92-%E0%B7%83%E0%B7%9A%E0%B7%80%E0%B7%8F%E0%B6%BD%E0%B6%B7%E0%B7%93-%E0%B6%B4%E0%B7%8A_%E0%B6%BB%E0%B6%A5%E0%B6%B4%E0%B7%8A%E0%B6%AD%E0%B7%92%E0%B6%BA-%E0%B6%B6%E0%B7%8F%E0%B7%84%E0%B7%92%E0%B6%BB-%E0%B7%83%E0%B7%9A%E0%B7%80%E0%B7%8F%E0%B6%BD%E0%B7%8F%E0%B6%B7%E0%B7%93%E0%B6%B1%E0%B7%8A.pdf,
phone,pass,Published phone: 0000000253 ,https://labourmin.gov.lk/wp-content/uploads/2025/11/%E0%B6%B4%E0%B7%94%E0%B6%BB%E0%B7%80%E0%B7%90%E0%B7%83%E0%B7%92-%E0%B7%83%E0%B7%9A%E0%B7%80%E0%B7%8F%E0%B6%BD%E0%B6%B7%E0%B7%93-%E0%B6%B4%E0%B7%8A_%E0%B6%BB%E0%B6%A5%E0%B6%B4%E0%B7%8A%E0%B6%AD%E0%B7%92%E0%B6%BA-%E0%B6%B6%E0%B7%8F%E0%B7%84%E0%B7%92%E0%B6%BB-%E0%B7%83%E0%B7%9A%E0%B7%80%E0%B7%8F%E0%B6%BD%E0%B7%8F%E0%B6%B7%E0%B7%93%E0%B6%B1%E0%B7%8A.pdf,
phone,pass,Published phone: 0000000371 ,https://labourmin.gov.lk/wp-content/uploads/2025/11/%E0%B6%B4%E0%B7%94%E0%B6%BB%E0%B7%80%E0%B7%90%E0%B7%83%E0%B7%92-%E0%B7%83%E0%B7%9A%E0%B7%80%E0%B7%8F%E0%B6%BD%E0%B6%B7%E0%B7%93-%E0%B6%B4%E0%B7%8A_%E0%B6%BB%E0%B6%A5%E0%B6%B4%E0%B7%8A%E0%B6%AD%E0%B7%92%E0%B6%BA-%E0%B6%B6%E0%B7%8F%E0%B7%84%E0%B7%92%E0%B6%BB-%E0%B7%83%E0%B7%9A%E0%B7%80%E0%B7%8F%E0%B6%BD%E0%B7%8F%E0%B6%B7%E0%B7%93%E0%B6%B1%E0%B7%8A.pdf,
phone,pass,Published phone: 0000000387 ,https://labourmin.gov.lk/wp-content/uploads/2025/11/%E0%B6%B4%E0%B7%94%E0%B6%BB%E0%B7%80%E0%B7%90%E0%B7%83%E0%B7%92-%E0%B7%83%E0%B7%9A%E0%B7%80%E0%B7%8F%E0%B6%BD%E0%B6%B7%E0%B7%93-%E0%B6%B4%E0%B7%8A_%E0%B6%BB%E0%B6%A5%E0%B6%B4%E0%B7%8A%E0%B6%AD%E0%B7%92%E0%B6%BA-%E0%B6%B6%E0%B7%8F%E0%B7%84%E0%B7%92%E0%B6%BB-%E0%B7%83%E0%B7%9A%E0%B7%80%E0%B7%8F%E0%B6%BD%E0%B7%8F%E0%B6%B7%E0%B7%93%E0%B6%B1%E0%B7%8A.pdf,
phone,pass,Published phone: 0000000095 ,https://labourmin.gov.lk/wp-content/uploads/2025/11/%E0%B6%B4%E0%B7%94%E0%B6%BB%E0%B7%80%E0%B7%90%E0%B7%83%E0%B7%92-%E0%B7%83%E0%B7%9A%E0%B7%80%E0%B7%8F%E0%B6%BD%E0%B6%B7%E0%B7%93-%E0%B6%B4%E0%B7%8A_%E0%B6%BB%E0%B6%A5%E0%B6%B4%E0%B7%8A%E0%B6%AD%E0%B7%92%E0%B6%BA-%E0%B6%B6%E0%B7%8F%E0%B7%84%E0%B7%92%E0%B6%BB-%E0%B7%83%E0%B7%9A%E0%B7%80%E0%B7%8F%E0%B6%BD%E0%B7%8F%E0%B6%B7%E0%B7%93%E0%B6%B1%E0%B7%8A.pdf,
phone,pass,Published phone: 0000000553 ,https://labourmin.gov.lk/wp-content/uploads/2025/11/%E0%B6%B4%E0%B7%94%E0%B6%BB%E0%B7%80%E0%B7%90%E0%B7%83%E0%B7%92-%E0%B7%83%E0%B7%9A%E0%B7%80%E0%B7%8F%E0%B6%BD%E0%B6%B7%E0%B7%93-%E0%B6%B4%E0%B7%8A_%E0%B6%BB%E0%B6%A5%E0%B6%B4%E0%B7%8A%E0%B6%AD%E0%B7%92%E0%B6%BA-%E0%B6%B6%E0%B7%8F%E0%B7%84%E0%B7%92%E0%B6%BB-%E0%B7%83%E0%B7%9A%E0%B7%80%E0%B7%8F%E0%B6%BD%E0%B7%8F%E0%B6%B7%E0%B7%93%E0%B6%B1%E0%B7%8A.pdf,
phone,pass,Published phone: 0000000433 ,https://labourmin.gov.lk/wp-content/uploads/2025/11/%E0%B6%B4%E0%B7%94%E0%B6%BB%E0%B7%80%E0%B7%90%E0%B7%83%E0%B7%92-%E0%B7%83%E0%B7%9A%E0%B7%80%E0%B7%8F%E0%B6%BD%E0%B6%B7%E0%B7%93-%E0%B6%B4%E0%B7%8A_%E0%B6%BB%E0%B6%A5%E0%B6%B4%E0%B7%8A%E0%B6%AD%E0%B7%92%E0%B6%BA-%E0%B6%B6%E0%B7%8F%E0%B7%84%E0%B7%92%E0%B6%BB-%E0%B7%83%E0%B7%9A%E0%B7%80%E0%B7%8F%E0%B6%BD%E0%B7%8F%E0%B6%B7%E0%B7%93%E0%B6%B1%E0%B7%8A.pdf,
phone,pass,Published phone: 0000014126 ,https://labourmin.gov.lk/wp-content/uploads/2025/11/%E0%B6%B4%E0%B7%94%E0%B6%BB%E0%B7%80%E0%B7%90%E0%B7%83%E0%B7%92-%E0%B7%83%E0%B7%9A%E0%B7%80%E0%B7%8F%E0%B6%BD%E0%B6%B7%E0%B7%93-%E0%B6%B4%E0%B7%8A_%E0%B6%BB%E0%B6%A5%E0%B6%B4%E0%B7%8A%E0%B6%AD%E0%B7%92%E0%B6%BA-%E0%B6%B6%E0%B7%8F%E0%B7%84%E0%B7%92%E0%B6%BB-%E0%B7%83%E0%B7%9A%E0%B7%80%E0%B7%8F%E0%B6%BD%E0%B7%8F%E0%B6%B7%E0%B7%93%E0%B6%B1%E0%B7%8A.pdf,
phone,pass,Published phone: 0000000571 ,https://labourmin.gov.lk/wp-content/uploads/2025/11/%E0%B6%B4%E0%B7%94%E0%B6%BB%E0%B7%80%E0%B7%90%E0%B7%83%E0%B7%92-%E0%B7%83%E0%B7%9A%E0%B7%80%E0%B7%8F%E0%B6%BD%E0%B6%B7%E0%B7%93-%E0%B6%B4%E0%B7%8A_%E0%B6%BB%E0%B6%A5%E0%B6%B4%E0%B7%8A%E0%B6%AD%E0%B7%92%E0%B6%BA-%E0%B6%B6%E0%B7%8F%E0%B7%84%E0%B7%92%E0%B6%BB-%E0%B7%83%E0%B7%9A%E0%B7%80%E0%B7%8F%E0%B6%BD%E0%B7%8F%E0%B6%B7%E0%B7%93%E0%B6%B1%E0%B7%8A.pdf,
phone,pass,Published phone: 0000000216 ,https://labourmin.gov.lk/wp-content/uploads/2025/11/%E0%B6%B4%E0%B7%94%E0%B6%BB%E0%B7%80%E0%B7%90%E0%B7%83%E0%B7%92-%E0%B7%83%E0%B7%9A%E0%B7%80%E0%B7%8F%E0%B6%BD%E0%B6%B7%E0%B7%93-%E0%B6%B4%E0%B7%8A_%E0%B6%BB%E0%B6%A5%E0%B6%B4%E0%B7%8A%E0%B6%AD%E0%B7%92%E0%B6%BA-%E0%B6%B6%E0%B7%8F%E0%B7%84%E0%B7%92%E0%B6%BB-%E0%B7%83%E0%B7%9A%E0%B7%80%E0%B7%8F%E0%B6%BD%E0%B7%8F%E0%B6%B7%E0%B7%93%E0%B6%B1%E0%B7%8A.pdf,
phone,pass,Published phone: 0000000231 ,https://labourmin.gov.lk/wp-content/uploads/2025/11/%E0%B6%B4%E0%B7%94%E0%B6%BB%E0%B7%80%E0%B7%90%E0%B7%83%E0%B7%92-%E0%B7%83%E0%B7%9A%E0%B7%80%E0%B7%8F%E0%B6%BD%E0%B6%B7%E0%B7%93-%E0%B6%B4%E0%B7%8A_%E0%B6%BB%E0%B6%A5%E0%B6%B4%E0%B7%8A%E0%B6%AD%E0%B7%92%E0%B6%BA-%E0%B6%B6%E0%B7%8F%E0%B7%84%E0%B7%92%E0%B6%BB-%E0%B7%83%E0%B7%9A%E0%B7%80%E0%B7%8F%E0%B6%BD%E0%B7%8F%E0%B6%B7%E0%B7%93%E0%B6%B1%E0%B7%8A.pdf,
phone,pass,Published phone: 0000000263 ,https://labourmin.gov.lk/wp-content/uploads/2025/11/%E0%B6%B4%E0%B7%94%E0%B6%BB%E0%B7%80%E0%B7%90%E0%B7%83%E0%B7%92-%E0%B7%83%E0%B7%9A%E0%B7%80%E0%B7%8F%E0%B6%BD%E0%B6%B7%E0%B7%93-%E0%B6%B4%E0%B7%8A_%E0%B6%BB%E0%B6%A5%E0%B6%B4%E0%B7%8A%E0%B6%AD%E0%B7%92%E0%B6%BA-%E0%B6%B6%E0%B7%8F%E0%B7%84%E0%B7%92%E0%B6%BB-%E0%B7%83%E0%B7%9A%E0%B7%80%E0%B7%8F%E0%B6%BD%E0%B7%8F%E0%B6%B7%E0%B7%93%E0%B6%B1%E0%B7%8A.pdf,
phone,pass,Published phone: 0000000184 ,https://labourmin.gov.lk/wp-content/uploads/2025/11/%E0%B6%B4%E0%B7%94%E0%B6%BB%E0%B7%80%E0%B7%90%E0%B7%83%E0%B7%92-%E0%B7%83%E0%B7%9A%E0%B7%80%E0%B7%8F%E0%B6%BD%E0%B6%B7%E0%B7%93-%E0%B6%B4%E0%B7%8A_%E0%B6%BB%E0%B6%A5%E0%B6%B4%E0%B7%8A%E0%B6%AD%E0%B7%92%E0%B6%BA-%E0%B6%B6%E0%B7%8F%E0%B7%84%E0%B7%92%E0%B6%BB-%E0%B7%83%E0%B7%9A%E0%B7%80%E0%B7%8F%E0%B6%BD%E0%B7%8F%E0%B6%B7%E0%B7%93%E0%B6%B1%E0%B7%8A.pdf,
phone,pass,Published phone: 0000000294 ,https://labourmin.gov.lk/wp-content/uploads/2025/11/%E0%B6%B4%E0%B7%94%E0%B6%BB%E0%B7%80%E0%B7%90%E0%B7%83%E0%B7%92-%E0%B7%83%E0%B7%9A%E0%B7%80%E0%B7%8F%E0%B6%BD%E0%B6%B7%E0%B7%93-%E0%B6%B4%E0%B7%8A_%E0%B6%BB%E0%B6%A5%E0%B6%B4%E0%B7%8A%E0%B6%AD%E0%B7%92%E0%B6%BA-%E0%B6%B6%E0%B7%8F%E0%B7%84%E0%B7%92%E0%B6%BB-%E0%B7%83%E0%B7%9A%E0%B7%80%E0%B7%8F%E0%B6%BD%E0%B7%8F%E0%B6%B7%E0%B7%93%E0%B6%B1%E0%B7%8A.pdf,
phone,pass,Published phone: 0000000307 ,https://labourmin.gov.lk/wp-content/uploads/2025/11/%E0%B6%B4%E0%B7%94%E0%B6%BB%E0%B7%80%E0%B7%90%E0%B7%83%E0%B7%92-%E0%B7%83%E0%B7%9A%E0%B7%80%E0%B7%8F%E0%B6%BD%E0%B6%B7%E0%B7%93-%E0%B6%B4%E0%B7%8A_%E0%B6%BB%E0%B6%A5%E0%B6%B4%E0%B7%8A%E0%B6%AD%E0%B7%92%E0%B6%BA-%E0%B6%B6%E0%B7%8F%E0%B7%84%E0%B7%92%E0%B6%BB-%E0%B7%83%E0%B7%9A%E0%B7%80%E0%B7%8F%E0%B6%BD%E0%B7%8F%E0%B6%B7%E0%B7%93%E0%B6%B1%E0%B7%8A.pdf,
phone,pass,Published phone: 0000000574 ,https://labourmin.gov.lk/wp-content/uploads/2025/11/%E0%B6%B4%E0%B7%94%E0%B6%BB%E0%B7%80%E0%B7%90%E0%B7%83%E0%B7%92-%E0%B7%83%E0%B7%9A%E0%B7%80%E0%B7%8F%E0%B6%BD%E0%B6%B7%E0%B7%93-%E0%B6%B4%E0%B7%8A_%E0%B6%BB%E0%B6%A5%E0%B6%B4%E0%B7%8A%E0%B6%AD%E0%B7%92%E0%B6%BA-%E0%B6%B6%E0%B7%8F%E0%B7%84%E0%B7%92%E0%B6%BB-%E0%B7%83%E0%B7%9A%E0%B7%80%E0%B7%8F%E0%B6%BD%E0%B7%8F%E0%B6%B7%E0%B7%93%E0%B6%B1%E0%B7%8A.pdf,
phone,pass,Published phone: 0000000496 ,https://labourmin.gov.lk/wp-content/uploads/2025/11/%E0%B6%B4%E0%B7%94%E0%B6%BB%E0%B7%80%E0%B7%90%E0%B7%83%E0%B7%92-%E0%B7%83%E0%B7%9A%E0%B7%80%E0%B7%8F%E0%B6%BD%E0%B6%B7%E0%B7%93-%E0%B6%B4%E0%B7%8A_%E0%B6%BB%E0%B6%A5%E0%B6%B4%E0%B7%8A%E0%B6%AD%E0%B7%92%E0%B6%BA-%E0%B6%B6%E0%B7%8F%E0%B7%84%E0%B7%92%E0%B6%BB-%E0%B7%83%E0%B7%9A%E0%B7%80%E0%B7%8F%E0%B6%BD%E0%B7%8F%E0%B6%B7%E0%B7%93%E0%B6%B1%E0%B7%8A.pdf,
phone,pass,Published phone: 0000013389 ,https://labourmin.gov.lk/wp-content/uploads/2025/11/%E0%B6%B4%E0%B7%94%E0%B6%BB%E0%B7%80%E0%B7%90%E0%B7%83%E0%B7%92-%E0%B7%83%E0%B7%9A%E0%B7%80%E0%B7%8F%E0%B6%BD%E0%B6%B7%E0%B7%93-%E0%B6%B4%E0%B7%8A_%E0%B6%BB%E0%B6%A5%E0%B6%B4%E0%B7%8A%E0%B6%AD%E0%B7%92%E0%B6%BA-%E0%B6%B6%E0%B7%8F%E0%B7%84%E0%B7%92%E0%B6%BB-%E0%B7%83%E0%B7%9A%E0%B7%80%E0%B7%8F%E0%B6%BD%E0%B7%8F%E0%B6%B7%E0%B7%93%E0%B6%B1%E0%B7%8A.pdf,
phone,pass,Published phone: 0000012124 ,https://labourmin.gov.lk/wp-content/uploads/2025/11/%E0%B6%B4%E0%B7%94%E0%B6%BB%E0%B7%80%E0%B7%90%E0%B7%83%E0%B7%92-%E0%B7%83%E0%B7%9A%E0%B7%80%E0%B7%8F%E0%B6%BD%E0%B6%B7%E0%B7%93-%E0%B6%B4%E0%B7%8A_%E0%B6%BB%E0%B6%A5%E0%B6%B4%E0%B7%8A%E0%B6%AD%E0%B7%92%E0%B6%BA-%E0%B6%B6%E0%B7%8F%E0%B7%84%E0%B7%92%E0%B6%BB-%E0%B7%83%E0%B7%9A%E0%B7%80%E0%B7%8F%E0%B6%BD%E0%B7%8F%E0%B6%B7%E0%B7%93%E0%B6%B1%E0%B7%8A.pdf,
phone,pass,Published phone: 0000000122 ,https://labourmin.gov.lk/wp-content/uploads/2025/11/%E0%B6%B4%E0%B7%94%E0%B6%BB%E0%B7%80%E0%B7%90%E0%B7%83%E0%B7%92-%E0%B7%83%E0%B7%9A%E0%B7%80%E0%B7%8F%E0%B6%BD%E0%B6%B7%E0%B7%93-%E0%B6%B4%E0%B7%8A_%E0%B6%BB%E0%B6%A5%E0%B6%B4%E0%B7%8A%E0%B6%AD%E0%B7%92%E0%B6%BA-%E0%B6%B6%E0%B7%8F%E0%B7%84%E0%B7%92%E0%B6%BB-%E0%B7%83%E0%B7%9A%E0%B7%80%E0%B7%8F%E0%B6%BD%E0%B7%8F%E0%B6%B7%E0%B7%93%E0%B6%B1%E0%B7%8A.pdf,
phone,pass,Published phone: 0000000585 ,https://labourmin.gov.lk/wp-content/uploads/2025/11/%E0%B6%B4%E0%B7%94%E0%B6%BB%E0%B7%80%E0%B7%90%E0%B7%83%E0%B7%92-%E0%B7%83%E0%B7%9A%E0%B7%80%E0%B7%8F%E0%B6%BD%E0%B6%B7%E0%B7%93-%E0%B6%B4%E0%B7%8A_%E0%B6%BB%E0%B6%A5%E0%B6%B4%E0%B7%8A%E0%B6%AD%E0%B7%92%E0%B6%BA-%E0%B6%B6%E0%B7%8F%E0%B7%84%E0%B7%92%E0%B6%BB-%E0%B7%83%E0%B7%9A%E0%B7%80%E0%B7%8F%E0%B6%BD%E0%B7%8F%E0%B6%B7%E0%B7%93%E0%B6%B1%E0%B7%8A.pdf,
phone,pass,Published phone: 0000000059 ,https://labourmin.gov.lk/wp-content/uploads/2025/11/%E0%B6%B4%E0%B7%94%E0%B6%BB%E0%B7%80%E0%B7%90%E0%B7%83%E0%B7%92-%E0%B7%83%E0%B7%9A%E0%B7%80%E0%B7%8F%E0%B6%BD%E0%B6%B7%E0%B7%93-%E0%B6%B4%E0%B7%8A_%E0%B6%BB%E0%B6%A5%E0%B6%B4%E0%B7%8A%E0%B6%AD%E0%B7%92%E0%B6%BA-%E0%B6%B6%E0%B7%8F%E0%B7%84%E0%B7%92%E0%B6%BB-%E0%B7%83%E0%B7%9A%E0%B7%80%E0%B7%8F%E0%B6%BD%E0%B7%8F%E0%B6%B7%E0%B7%93%E0%B6%B1%E0%B7%8A.pdf,
phone,pass,Published phone: 0000000594 ,https://labourmin.gov.lk/wp-content/uploads/2025/11/%E0%B6%B4%E0%B7%94%E0%B6%BB%E0%B7%80%E0%B7%90%E0%B7%83%E0%B7%92-%E0%B7%83%E0%B7%9A%E0%B7%80%E0%B7%8F%E0%B6%BD%E0%B6%B7%E0%B7%93-%E0%B6%B4%E0%B7%8A_%E0%B6%BB%E0%B6%A5%E0%B6%B4%E0%B7%8A%E0%B6%AD%E0%B7%92%E0%B6%BA-%E0%B6%B6%E0%B7%8F%E0%B7%84%E0%B7%92%E0%B6%BB-%E0%B7%83%E0%B7%9A%E0%B7%80%E0%B7%8F%E0%B6%BD%E0%B7%8F%E0%B6%B7%E0%B7%93%E0%B6%B1%E0%B7%8A.pdf,
phone,pass,Published phone: 0000000164 ,https://labourmin.gov.lk/wp-content/uploads/2025/11/%E0%B6%B4%E0%B7%94%E0%B6%BB%E0%B7%80%E0%B7%90%E0%B7%83%E0%B7%92-%E0%B7%83%E0%B7%9A%E0%B7%80%E0%B7%8F%E0%B6%BD%E0%B6%B7%E0%B7%93-%E0%B6%B4%E0%B7%8A_%E0%B6%BB%E0%B6%A5%E0%B6%B4%E0%B7%8A%E0%B6%AD%E0%B7%92%E0%B6%BA-%E0%B6%B6%E0%B7%8F%E0%B7%84%E0%B7%92%E0%B6%BB-%E0%B7%83%E0%B7%9A%E0%B7%80%E0%B7%8F%E0%B6%BD%E0%B7%8F%E0%B6%B7%E0%B7%93%E0%B6%B1%E0%B7%8A.pdf,
phone,pass,Published phone: 0000000078 ,https://labourmin.gov.lk/wp-content/uploads/2025/11/%E0%B6%B4%E0%B7%94%E0%B6%BB%E0%B7%80%E0%B7%90%E0%B7%83%E0%B7%92-%E0%B7%83%E0%B7%9A%E0%B7%80%E0%B7%8F%E0%B6%BD%E0%B6%B7%E0%B7%93-%E0%B6%B4%E0%B7%8A_%E0%B6%BB%E0%B6%A5%E0%B6%B4%E0%B7%8A%E0%B6%AD%E0%B7%92%E0%B6%BA-%E0%B6%B6%E0%B7%8F%E0%B7%84%E0%B7%92%E0%B6%BB-%E0%B7%83%E0%B7%9A%E0%B7%80%E0%B7%8F%E0%B6%BD%E0%B7%8F%E0%B6%B7%E0%B7%93%E0%B6%B1%E0%B7%8A.pdf,
phone,pass,Published phone: 0000077216 ,https://labourmin.gov.lk/wp-content/uploads/2025/11/%E0%B6%B4%E0%B7%94%E0%B6%BB%E0%B7%80%E0%B7%90%E0%B7%83%E0%B7%92-%E0%B7%83%E0%B7%9A%E0%B7%80%E0%B7%8F%E0%B6%BD%E0%B6%B7%E0%B7%93-%E0%B6%B4%E0%B7%8A_%E0%B6%BB%E0%B6%A5%E0%B6%B4%E0%B7%8A%E0%B6%AD%E0%B7%92%E0%B6%BA-%E0%B6%B6%E0%B7%8F%E0%B7%84%E0%B7%92%E0%B6%BB-%E0%B7%83%E0%B7%9A%E0%B7%80%E0%B7%8F%E0%B6%BD%E0%B7%8F%E0%B6%B7%E0%B7%93%E0%B6%B1%E0%B7%8A.pdf,
phone,pass,Published phone: 0000000592 ,https://labourmin.gov.lk/wp-content/uploads/2025/11/%E0%B6%B4%E0%B7%94%E0%B6%BB%E0%B7%80%E0%B7%90%E0%B7%83%E0%B7%92-%E0%B7%83%E0%B7%9A%E0%B7%80%E0%B7%8F%E0%B6%BD%E0%B6%B7%E0%B7%93-%E0%B6%B4%E0%B7%8A_%E0%B6%BB%E0%B6%A5%E0%B6%B4%E0%B7%8A%E0%B6%AD%E0%B7%92%E0%B6%BA-%E0%B6%B6%E0%B7%8F%E0%B7%84%E0%B7%92%E0%B6%BB-%E0%B7%83%E0%B7%9A%E0%B7%80%E0%B7%8F%E0%B6%BD%E0%B7%8F%E0%B6%B7%E0%B7%93%E0%B6%B1%E0%B7%8A.pdf,
phone,pass,Published phone: 0000000394 ,https://labourmin.gov.lk/wp-content/uploads/2025/11/%E0%B6%B4%E0%B7%94%E0%B6%BB%E0%B7%80%E0%B7%90%E0%B7%83%E0%B7%92-%E0%B7%83%E0%B7%9A%E0%B7%80%E0%B7%8F%E0%B6%BD%E0%B6%B7%E0%B7%93-%E0%B6%B4%E0%B7%8A_%E0%B6%BB%E0%B6%A5%E0%B6%B4%E0%B7%8A%E0%B6%AD%E0%B7%92%E0%B6%BA-%E0%B6%B6%E0%B7%8F%E0%B7%84%E0%B7%92%E0%B6%BB-%E0%B7%83%E0%B7%9A%E0%B7%80%E0%B7%8F%E0%B6%BD%E0%B7%8F%E0%B6%B7%E0%B7%93%E0%B6%B1%E0%B7%8A.pdf,
phone,pass,Published phone: 0000000581 ,https://labourmin.gov.lk/wp-content/uploads/2025/11/%E0%B6%B4%E0%B7%94%E0%B6%BB%E0%B7%80%E0%B7%90%E0%B7%83%E0%B7%92-%E0%B7%83%E0%B7%9A%E0%B7%80%E0%B7%8F%E0%B6%BD%E0%B6%B7%E0%B7%93-%E0%B6%B4%E0%B7%8A_%E0%B6%BB%E0%B6%A5%E0%B6%B4%E0%B7%8A%E0%B6%AD%E0%B7%92%E0%B6%BA-%E0%B6%B6%E0%B7%8F%E0%B7%84%E0%B7%92%E0%B6%BB-%E0%B7%83%E0%B7%9A%E0%B7%80%E0%B7%8F%E0%B6%BD%E0%B7%8F%E0%B6%B7%E0%B7%93%E0%B6%B1%E0%B7%8A.pdf,
phone,pass,Published phone: 0000000240 ,https://labourmin.gov.lk/wp-content/uploads/2025/11/%E0%B6%B4%E0%B7%94%E0%B6%BB%E0%B7%80%E0%B7%90%E0%B7%83%E0%B7%92-%E0%B7%83%E0%B7%9A%E0%B7%80%E0%B7%8F%E0%B6%BD%E0%B6%B7%E0%B7%93-%E0%B6%B4%E0%B7%8A_%E0%B6%BB%E0%B6%A5%E0%B6%B4%E0%B7%8A%E0%B6%AD%E0%B7%92%E0%B6%BA-%E0%B6%B6%E0%B7%8F%E0%B7%84%E0%B7%92%E0%B6%BB-%E0%B7%83%E0%B7%9A%E0%B7%80%E0%B7%8F%E0%B6%BD%E0%B7%8F%E0%B6%B7%E0%B7%93%E0%B6%B1%E0%B7%8A.pdf,
phone,pass,Published phone: 0000000236 ,https://labourmin.gov.lk/wp-content/uploads/2025/11/%E0%B6%B4%E0%B7%94%E0%B6%BB%E0%B7%80%E0%B7%90%E0%B7%83%E0%B7%92-%E0%B7%83%E0%B7%9A%E0%B7%80%E0%B7%8F%E0%B6%BD%E0%B6%B7%E0%B7%93-%E0%B6%B4%E0%B7%8A_%E0%B6%BB%E0%B6%A5%E0%B6%B4%E0%B7%8A%E0%B6%AD%E0%B7%92%E0%B6%BA-%E0%B6%B6%E0%B7%8F%E0%B7%84%E0%B7%92%E0%B6%BB-%E0%B7%83%E0%B7%9A%E0%B7%80%E0%B7%8F%E0%B6%BD%E0%B7%8F%E0%B6%B7%E0%B7%93%E0%B6%B1%E0%B7%8A.pdf,
phone,pass,Published phone: 0000000149 ,https://labourmin.gov.lk/wp-content/uploads/2025/11/%E0%B6%B4%E0%B7%94%E0%B6%BB%E0%B7%80%E0%B7%90%E0%B7%83%E0%B7%92-%E0%B7%83%E0%B7%9A%E0%B7%80%E0%B7%8F%E0%B6%BD%E0%B6%B7%E0%B7%93-%E0%B6%B4%E0%B7%8A_%E0%B6%BB%E0%B6%A5%E0%B6%B4%E0%B7%8A%E0%B6%AD%E0%B7%92%E0%B6%BA-%E0%B6%B6%E0%B7%8F%E0%B7%84%E0%B7%92%E0%B6%BB-%E0%B7%83%E0%B7%9A%E0%B7%80%E0%B7%8F%E0%B6%BD%E0%B7%8F%E0%B6%B7%E0%B7%93%E0%B6%B1%E0%B7%8A.pdf,
phone,pass,Published phone: 0000000504 ,https://labourmin.gov.lk/wp-content/uploads/2025/11/%E0%B6%B4%E0%B7%94%E0%B6%BB%E0%B7%80%E0%B7%90%E0%B7%83%E0%B7%92-%E0%B7%83%E0%B7%9A%E0%B7%80%E0%B7%8F%E0%B6%BD%E0%B6%B7%E0%B7%93-%E0%B6%B4%E0%B7%8A_%E0%B6%BB%E0%B6%A5%E0%B6%B4%E0%B7%8A%E0%B6%AD%E0%B7%92%E0%B6%BA-%E0%B6%B6%E0%B7%8F%E0%B7%84%E0%B7%92%E0%B6%BB-%E0%B7%83%E0%B7%9A%E0%B7%80%E0%B7%8F%E0%B6%BD%E0%B7%8F%E0%B6%B7%E0%B7%93%E0%B6%B1%E0%B7%8A.pdf,
phone,pass,Published phone: 0000000361 ,https://labourmin.gov.lk/wp-content/uploads/2025/11/%E0%B6%B4%E0%B7%94%E0%B6%BB%E0%B7%80%E0%B7%90%E0%B7%83%E0%B7%92-%E0%B7%83%E0%B7%9A%E0%B7%80%E0%B7%8F%E0%B6%BD%E0%B6%B7%E0%B7%93-%E0%B6%B4%E0%B7%8A_%E0%B6%BB%E0%B6%A5%E0%B6%B4%E0%B7%8A%E0%B6%AD%E0%B7%92%E0%B6%BA-%E0%B6%B6%E0%B7%8F%E0%B7%84%E0%B7%92%E0%B6%BB-%E0%B7%83%E0%B7%9A%E0%B7%80%E0%B7%8F%E0%B6%BD%E0%B7%8F%E0%B6%B7%E0%B7%93%E0%B6%B1%E0%B7%8A.pdf,
phone,pass,Published phone: 0000000266 ,https://labourmin.gov.lk/wp-content/uploads/2025/11/%E0%B6%B4%E0%B7%94%E0%B6%BB%E0%B7%80%E0%B7%90%E0%B7%83%E0%B7%92-%E0%B7%83%E0%B7%9A%E0%B7%80%E0%B7%8F%E0%B6%BD%E0%B6%B7%E0%B7%93-%E0%B6%B4%E0%B7%8A_%E0%B6%BB%E0%B6%A5%E0%B6%B4%E0%B7%8A%E0%B6%AD%E0%B7%92%E0%B6%BA-%E0%B6%B6%E0%B7%8F%E0%B7%84%E0%B7%92%E0%B6%BB-%E0%B7%83%E0%B7%9A%E0%B7%80%E0%B7%8F%E0%B6%BD%E0%B7%8F%E0%B6%B7%E0%B7%93%E0%B6%B1%E0%B7%8A.pdf,
phone,pass,Published phone: 0000000339 ,https://labourmin.gov.lk/wp-content/uploads/2025/11/%E0%B6%B4%E0%B7%94%E0%B6%BB%E0%B7%80%E0%B7%90%E0%B7%83%E0%B7%92-%E0%B7%83%E0%B7%9A%E0%B7%80%E0%B7%8F%E0%B6%BD%E0%B6%B7%E0%B7%93-%E0%B6%B4%E0%B7%8A_%E0%B6%BB%E0%B6%A5%E0%B6%B4%E0%B7%8A%E0%B6%AD%E0%B7%92%E0%B6%BA-%E0%B6%B6%E0%B7%8F%E0%B7%84%E0%B7%92%E0%B6%BB-%E0%B7%83%E0%B7%9A%E0%B7%80%E0%B7%8F%E0%B6%BD%E0%B7%8F%E0%B6%B7%E0%B7%93%E0%B6%B1%E0%B7%8A.pdf,
phone,pass,Published phone: 0000000366 ,https://labourmin.gov.lk/wp-content/uploads/2025/11/%E0%B6%B4%E0%B7%94%E0%B6%BB%E0%B7%80%E0%B7%90%E0%B7%83%E0%B7%92-%E0%B7%83%E0%B7%9A%E0%B7%80%E0%B7%8F%E0%B6%BD%E0%B6%B7%E0%B7%93-%E0%B6%B4%E0%B7%8A_%E0%B6%BB%E0%B6%A5%E0%B6%B4%E0%B7%8A%E0%B6%AD%E0%B7%92%E0%B6%BA-%E0%B6%B6%E0%B7%8F%E0%B7%84%E0%B7%92%E0%B6%BB-%E0%B7%83%E0%B7%9A%E0%B7%80%E0%B7%8F%E0%B6%BD%E0%B7%8F%E0%B6%B7%E0%B7%93%E0%B6%B1%E0%B7%8A.pdf,
phone,pass,Published phone: 0000000207 ,https://labourmin.gov.lk/wp-content/uploads/2025/11/%E0%B6%B4%E0%B7%94%E0%B6%BB%E0%B7%80%E0%B7%90%E0%B7%83%E0%B7%92-%E0%B7%83%E0%B7%9A%E0%B7%80%E0%B7%8F%E0%B6%BD%E0%B6%B7%E0%B7%93-%E0%B6%B4%E0%B7%8A_%E0%B6%BB%E0%B6%A5%E0%B6%B4%E0%B7%8A%E0%B6%AD%E0%B7%92%E0%B6%BA-%E0%B6%B6%E0%B7%8F%E0%B7%84%E0%B7%92%E0%B6%BB-%E0%B7%83%E0%B7%9A%E0%B7%80%E0%B7%8F%E0%B6%BD%E0%B7%8F%E0%B6%B7%E0%B7%93%E0%B6%B1%E0%B7%8A.pdf,
phone,pass,Published phone: 0000000416 ,https://labourmin.gov.lk/wp-content/uploads/2025/11/%E0%B6%B4%E0%B7%94%E0%B6%BB%E0%B7%80%E0%B7%90%E0%B7%83%E0%B7%92-%E0%B7%83%E0%B7%9A%E0%B7%80%E0%B7%8F%E0%B6%BD%E0%B6%B7%E0%B7%93-%E0%B6%B4%E0%B7%8A_%E0%B6%BB%E0%B6%A5%E0%B6%B4%E0%B7%8A%E0%B6%AD%E0%B7%92%E0%B6%BA-%E0%B6%B6%E0%B7%8F%E0%B7%84%E0%B7%92%E0%B6%BB-%E0%B7%83%E0%B7%9A%E0%B7%80%E0%B7%8F%E0%B6%BD%E0%B7%8F%E0%B6%B7%E0%B7%93%E0%B6%B1%E0%B7%8A.pdf,
phone,pass,Published phone: 0000000562 ,https://labourmin.gov.lk/wp-content/uploads/2025/11/%E0%B6%B4%E0%B7%94%E0%B6%BB%E0%B7%80%E0%B7%90%E0%B7%83%E0%B7%92-%E0%B7%83%E0%B7%9A%E0%B7%80%E0%B7%8F%E0%B6%BD%E0%B6%B7%E0%B7%93-%E0%B6%B4%E0%B7%8A_%E0%B6%BB%E0%B6%A5%E0%B6%B4%E0%B7%8A%E0%B6%AD%E0%B7%92%E0%B6%BA-%E0%B6%B6%E0%B7%8F%E0%B7%84%E0%B7%92%E0%B6%BB-%E0%B7%83%E0%B7%9A%E0%B7%80%E0%B7%8F%E0%B6%BD%E0%B7%8F%E0%B6%B7%E0%B7%93%E0%B6%B1%E0%B7%8A.pdf,
phone,pass,Published phone: 0000000089 ,https://labourmin.gov.lk/wp-content/uploads/2025/11/%E0%B6%B4%E0%B7%94%E0%B6%BB%E0%B7%80%E0%B7%90%E0%B7%83%E0%B7%92-%E0%B7%83%E0%B7%9A%E0%B7%80%E0%B7%8F%E0%B6%BD%E0%B6%B7%E0%B7%93-%E0%B6%B4%E0%B7%8A_%E0%B6%BB%E0%B6%A5%E0%B6%B4%E0%B7%8A%E0%B6%AD%E0%B7%92%E0%B6%BA-%E0%B6%B6%E0%B7%8F%E0%B7%84%E0%B7%92%E0%B6%BB-%E0%B7%83%E0%B7%9A%E0%B7%80%E0%B7%8F%E0%B6%BD%E0%B7%8F%E0%B6%B7%E0%B7%93%E0%B6%B1%E0%B7%8A.pdf,
phone,pass,Published phone: 0000000300 ,https://labourmin.gov.lk/wp-content/uploads/2025/11/%E0%B6%B4%E0%B7%94%E0%B6%BB%E0%B7%80%E0%B7%90%E0%B7%83%E0%B7%92-%E0%B7%83%E0%B7%9A%E0%B7%80%E0%B7%8F%E0%B6%BD%E0%B6%B7%E0%B7%93-%E0%B6%B4%E0%B7%8A_%E0%B6%BB%E0%B6%A5%E0%B6%B4%E0%B7%8A%E0%B6%AD%E0%B7%92%E0%B6%BA-%E0%B6%B6%E0%B7%8F%E0%B7%84%E0%B7%92%E0%B6%BB-%E0%B7%83%E0%B7%9A%E0%B7%80%E0%B7%8F%E0%B6%BD%E0%B7%8F%E0%B6%B7%E0%B7%93%E0%B6%B1%E0%B7%8A.pdf,
phone,pass,Published phone: 0000000233 ,https://labourmin.gov.lk/wp-content/uploads/2025/11/%E0%B6%B4%E0%B7%94%E0%B6%BB%E0%B7%80%E0%B7%90%E0%B7%83%E0%B7%92-%E0%B7%83%E0%B7%9A%E0%B7%80%E0%B7%8F%E0%B6%BD%E0%B6%B7%E0%B7%93-%E0%B6%B4%E0%B7%8A_%E0%B6%BB%E0%B6%A5%E0%B6%B4%E0%B7%8A%E0%B6%AD%E0%B7%92%E0%B6%BA-%E0%B6%B6%E0%B7%8F%E0%B7%84%E0%B7%92%E0%B6%BB-%E0%B7%83%E0%B7%9A%E0%B7%80%E0%B7%8F%E0%B6%BD%E0%B7%8F%E0%B6%B7%E0%B7%93%E0%B6%B1%E0%B7%8A.pdf,
phone,pass,Published phone: 0000000200 ,https://labourmin.gov.lk/wp-content/uploads/2025/11/%E0%B6%B4%E0%B7%94%E0%B6%BB%E0%B7%80%E0%B7%90%E0%B7%83%E0%B7%92-%E0%B7%83%E0%B7%9A%E0%B7%80%E0%B7%8F%E0%B6%BD%E0%B6%B7%E0%B7%93-%E0%B6%B4%E0%B7%8A_%E0%B6%BB%E0%B6%A5%E0%B6%B4%E0%B7%8A%E0%B6%AD%E0%B7%92%E0%B6%BA-%E0%B6%B6%E0%B7%8F%E0%B7%84%E0%B7%92%E0%B6%BB-%E0%B7%83%E0%B7%9A%E0%B7%80%E0%B7%8F%E0%B6%BD%E0%B7%8F%E0%B6%B7%E0%B7%93%E0%B6%B1%E0%B7%8A.pdf,
phone,pass,Published phone: 0000000125 ,https://labourmin.gov.lk/wp-content/uploads/2025/11/%E0%B6%B4%E0%B7%94%E0%B6%BB%E0%B7%80%E0%B7%90%E0%B7%83%E0%B7%92-%E0%B7%83%E0%B7%9A%E0%B7%80%E0%B7%8F%E0%B6%BD%E0%B6%B7%E0%B7%93-%E0%B6%B4%E0%B7%8A_%E0%B6%BB%E0%B6%A5%E0%B6%B4%E0%B7%8A%E0%B6%AD%E0%B7%92%E0%B6%BA-%E0%B6%B6%E0%B7%8F%E0%B7%84%E0%B7%92%E0%B6%BB-%E0%B7%83%E0%B7%9A%E0%B7%80%E0%B7%8F%E0%B6%BD%E0%B7%8F%E0%B6%B7%E0%B7%93%E0%B6%B1%E0%B7%8A.pdf,
phone,pass,Published phone: 0000064768 ,https://labourmin.gov.lk/wp-content/uploads/2025/11/%E0%B6%B4%E0%B7%94%E0%B6%BB%E0%B7%80%E0%B7%90%E0%B7%83%E0%B7%92-%E0%B7%83%E0%B7%9A%E0%B7%80%E0%B7%8F%E0%B6%BD%E0%B6%B7%E0%B7%93-%E0%B6%B4%E0%B7%8A_%E0%B6%BB%E0%B6%A5%E0%B6%B4%E0%B7%8A%E0%B6%AD%E0%B7%92%E0%B6%BA-%E0%B6%B6%E0%B7%8F%E0%B7%84%E0%B7%92%E0%B6%BB-%E0%B7%83%E0%B7%9A%E0%B7%80%E0%B7%8F%E0%B6%BD%E0%B7%8F%E0%B6%B7%E0%B7%93%E0%B6%B1%E0%B7%8A.pdf,
phone,pass,Published phone: 0000000118 ,https://labourmin.gov.lk/wp-content/uploads/2025/11/%E0%B6%B4%E0%B7%94%E0%B6%BB%E0%B7%80%E0%B7%90%E0%B7%83%E0%B7%92-%E0%B7%83%E0%B7%9A%E0%B7%80%E0%B7%8F%E0%B6%BD%E0%B6%B7%E0%B7%93-%E0%B6%B4%E0%B7%8A_%E0%B6%BB%E0%B6%A5%E0%B6%B4%E0%B7%8A%E0%B6%AD%E0%B7%92%E0%B6%BA-%E0%B6%B6%E0%B7%8F%E0%B7%84%E0%B7%92%E0%B6%BB-%E0%B7%83%E0%B7%9A%E0%B7%80%E0%B7%8F%E0%B6%BD%E0%B7%8F%E0%B6%B7%E0%B7%93%E0%B6%B1%E0%B7%8A.pdf,
phone,pass,Published phone: 0000000405 ,https://labourmin.gov.lk/wp-content/uploads/2025/11/%E0%B6%B4%E0%B7%94%E0%B6%BB%E0%B7%80%E0%B7%90%E0%B7%83%E0%B7%92-%E0%B7%83%E0%B7%9A%E0%B7%80%E0%B7%8F%E0%B6%BD%E0%B6%B7%E0%B7%93-%E0%B6%B4%E0%B7%8A_%E0%B6%BB%E0%B6%A5%E0%B6%B4%E0%B7%8A%E0%B6%AD%E0%B7%92%E0%B6%BA-%E0%B6%B6%E0%B7%8F%E0%B7%84%E0%B7%92%E0%B6%BB-%E0%B7%83%E0%B7%9A%E0%B7%80%E0%B7%8F%E0%B6%BD%E0%B7%8F%E0%B6%B7%E0%B7%93%E0%B6%B1%E0%B7%8A.pdf,
phone,pass,Published phone: 0000000123 ,https://labourmin.gov.lk/wp-content/uploads/2025/11/%E0%B6%B4%E0%B7%94%E0%B6%BB%E0%B7%80%E0%B7%90%E0%B7%83%E0%B7%92-%E0%B7%83%E0%B7%9A%E0%B7%80%E0%B7%8F%E0%B6%BD%E0%B6%B7%E0%B7%93-%E0%B6%B4%E0%B7%8A_%E0%B6%BB%E0%B6%A5%E0%B6%B4%E0%B7%8A%E0%B6%AD%E0%B7%92%E0%B6%BA-%E0%B6%B6%E0%B7%8F%E0%B7%84%E0%B7%92%E0%B6%BB-%E0%B7%83%E0%B7%9A%E0%B7%80%E0%B7%8F%E0%B6%BD%E0%B7%8F%E0%B6%B7%E0%B7%93%E0%B6%B1%E0%B7%8A.pdf,
phone,pass,Published phone: 0000000500 ,https://labourmin.gov.lk/wp-content/uploads/2025/11/%E0%B6%B4%E0%B7%94%E0%B6%BB%E0%B7%80%E0%B7%90%E0%B7%83%E0%B7%92-%E0%B7%83%E0%B7%9A%E0%B7%80%E0%B7%8F%E0%B6%BD%E0%B6%B7%E0%B7%93-%E0%B6%B4%E0%B7%8A_%E0%B6%BB%E0%B6%A5%E0%B6%B4%E0%B7%8A%E0%B6%AD%E0%B7%92%E0%B6%BA-%E0%B6%B6%E0%B7%8F%E0%B7%84%E0%B7%92%E0%B6%BB-%E0%B7%83%E0%B7%9A%E0%B7%80%E0%B7%8F%E0%B6%BD%E0%B7%8F%E0%B6%B7%E0%B7%93%E0%B6%B1%E0%B7%8A.pdf,
phone,pass,Published phone: 0000000175 ,https://labourmin.gov.lk/wp-content/uploads/2025/11/%E0%B6%B4%E0%B7%94%E0%B6%BB%E0%B7%80%E0%B7%90%E0%B7%83%E0%B7%92-%E0%B7%83%E0%B7%9A%E0%B7%80%E0%B7%8F%E0%B6%BD%E0%B6%B7%E0%B7%93-%E0%B6%B4%E0%B7%8A_%E0%B6%BB%E0%B6%A5%E0%B6%B4%E0%B7%8A%E0%B6%AD%E0%B7%92%E0%B6%BA-%E0%B6%B6%E0%B7%8F%E0%B7%84%E0%B7%92%E0%B6%BB-%E0%B7%83%E0%B7%9A%E0%B7%80%E0%B7%8F%E0%B6%BD%E0%B7%8F%E0%B6%B7%E0%B7%93%E0%B6%B1%E0%B7%8A.pdf,
phone,pass,Published phone: 0000155264 ,https://labourmin.gov.lk/wp-content/uploads/2025/11/%E0%B6%B4%E0%B7%94%E0%B6%BB%E0%B7%80%E0%B7%90%E0%B7%83%E0%B7%92-%E0%B7%83%E0%B7%9A%E0%B7%80%E0%B7%8F%E0%B6%BD%E0%B6%B7%E0%B7%93-%E0%B6%B4%E0%B7%8A_%E0%B6%BB%E0%B6%A5%E0%B6%B4%E0%B7%8A%E0%B6%AD%E0%B7%92%E0%B6%BA-%E0%B6%B6%E0%B7%8F%E0%B7%84%E0%B7%92%E0%B6%BB-%E0%B7%83%E0%B7%9A%E0%B7%80%E0%B7%8F%E0%B6%BD%E0%B7%8F%E0%B6%B7%E0%B7%93%E0%B6%B1%E0%B7%8A.pdf,
phone,pass,Published phone: 0000000446 ,https://labourmin.gov.lk/wp-content/uploads/2025/11/%E0%B6%B4%E0%B7%94%E0%B6%BB%E0%B7%80%E0%B7%90%E0%B7%83%E0%B7%92-%E0%B7%83%E0%B7%9A%E0%B7%80%E0%B7%8F%E0%B6%BD%E0%B6%B7%E0%B7%93-%E0%B6%B4%E0%B7%8A_%E0%B6%BB%E0%B6%A5%E0%B6%B4%E0%B7%8A%E0%B6%AD%E0%B7%92%E0%B6%BA-%E0%B6%B6%E0%B7%8F%E0%B7%84%E0%B7%92%E0%B6%BB-%E0%B7%83%E0%B7%9A%E0%B7%80%E0%B7%8F%E0%B6%BD%E0%B7%8F%E0%B6%B7%E0%B7%93%E0%B6%B1%E0%B7%8A.pdf,
phone,pass,Published phone: 0000000163 ,https://labourmin.gov.lk/wp-content/uploads/2025/11/%E0%B6%B4%E0%B7%94%E0%B6%BB%E0%B7%80%E0%B7%90%E0%B7%83%E0%B7%92-%E0%B7%83%E0%B7%9A%E0%B7%80%E0%B7%8F%E0%B6%BD%E0%B6%B7%E0%B7%93-%E0%B6%B4%E0%B7%8A_%E0%B6%BB%E0%B6%A5%E0%B6%B4%E0%B7%8A%E0%B6%AD%E0%B7%92%E0%B6%BA-%E0%B6%B6%E0%B7%8F%E0%B7%84%E0%B7%92%E0%B6%BB-%E0%B7%83%E0%B7%9A%E0%B7%80%E0%B7%8F%E0%B6%BD%E0%B7%8F%E0%B6%B7%E0%B7%93%E0%B6%B1%E0%B7%8A.pdf,
phone,pass,Published phone: 0000013463 ,https://labourmin.gov.lk/wp-content/uploads/2025/11/%E0%B6%B4%E0%B7%94%E0%B6%BB%E0%B7%80%E0%B7%90%E0%B7%83%E0%B7%92-%E0%B7%83%E0%B7%9A%E0%B7%80%E0%B7%8F%E0%B6%BD%E0%B6%B7%E0%B7%93-%E0%B6%B4%E0%B7%8A_%E0%B6%BB%E0%B6%A5%E0%B6%B4%E0%B7%8A%E0%B6%AD%E0%B7%92%E0%B6%BA-%E0%B6%B6%E0%B7%8F%E0%B7%84%E0%B7%92%E0%B6%BB-%E0%B7%83%E0%B7%9A%E0%B7%80%E0%B7%8F%E0%B6%BD%E0%B7%8F%E0%B6%B7%E0%B7%93%E0%B6%B1%E0%B7%8A.pdf,
phone,pass,Published phone: 0000000102 ,https://labourmin.gov.lk/wp-content/uploads/2025/11/%E0%B6%B4%E0%B7%94%E0%B6%BB%E0%B7%80%E0%B7%90%E0%B7%83%E0%B7%92-%E0%B7%83%E0%B7%9A%E0%B7%80%E0%B7%8F%E0%B6%BD%E0%B6%B7%E0%B7%93-%E0%B6%B4%E0%B7%8A_%E0%B6%BB%E0%B6%A5%E0%B6%B4%E0%B7%8A%E0%B6%AD%E0%B7%92%E0%B6%BA-%E0%B6%B6%E0%B7%8F%E0%B7%84%E0%B7%92%E0%B6%BB-%E0%B7%83%E0%B7%9A%E0%B7%80%E0%B7%8F%E0%B6%BD%E0%B7%8F%E0%B6%B7%E0%B7%93%E0%B6%B1%E0%B7%8A.pdf,
phone,pass,Published phone: 0000000278 ,https://labourmin.gov.lk/wp-content/uploads/2025/11/%E0%B6%B4%E0%B7%94%E0%B6%BB%E0%B7%80%E0%B7%90%E0%B7%83%E0%B7%92-%E0%B7%83%E0%B7%9A%E0%B7%80%E0%B7%8F%E0%B6%BD%E0%B6%B7%E0%B7%93-%E0%B6%B4%E0%B7%8A_%E0%B6%BB%E0%B6%A5%E0%B6%B4%E0%B7%8A%E0%B6%AD%E0%B7%92%E0%B6%BA-%E0%B6%B6%E0%B7%8F%E0%B7%84%E0%B7%92%E0%B6%BB-%E0%B7%83%E0%B7%9A%E0%B7%80%E0%B7%8F%E0%B6%BD%E0%B7%8F%E0%B6%B7%E0%B7%93%E0%B6%B1%E0%B7%8A.pdf,
phone,pass,Published phone: 0000000335 ,https://labourmin.gov.lk/wp-content/uploads/2025/11/%E0%B6%B4%E0%B7%94%E0%B6%BB%E0%B7%80%E0%B7%90%E0%B7%83%E0%B7%92-%E0%B7%83%E0%B7%9A%E0%B7%80%E0%B7%8F%E0%B6%BD%E0%B6%B7%E0%B7%93-%E0%B6%B4%E0%B7%8A_%E0%B6%BB%E0%B6%A5%E0%B6%B4%E0%B7%8A%E0%B6%AD%E0%B7%92%E0%B6%BA-%E0%B6%B6%E0%B7%8F%E0%B7%84%E0%B7%92%E0%B6%BB-%E0%B7%83%E0%B7%9A%E0%B7%80%E0%B7%8F%E0%B6%BD%E0%B7%8F%E0%B6%B7%E0%B7%93%E0%B6%B1%E0%B7%8A.pdf,
phone,pass,Published phone: 0000000258 ,https://labourmin.gov.lk/wp-content/uploads/2025/11/%E0%B6%B4%E0%B7%94%E0%B6%BB%E0%B7%80%E0%B7%90%E0%B7%83%E0%B7%92-%E0%B7%83%E0%B7%9A%E0%B7%80%E0%B7%8F%E0%B6%BD%E0%B6%B7%E0%B7%93-%E0%B6%B4%E0%B7%8A_%E0%B6%BB%E0%B6%A5%E0%B6%B4%E0%B7%8A%E0%B6%AD%E0%B7%92%E0%B6%BA-%E0%B6%B6%E0%B7%8F%E0%B7%84%E0%B7%92%E0%B6%BB-%E0%B7%83%E0%B7%9A%E0%B7%80%E0%B7%8F%E0%B6%BD%E0%B7%8F%E0%B6%B7%E0%B7%93%E0%B6%B1%E0%B7%8A.pdf,
phone,pass,Published phone: 0000000223 ,https://labourmin.gov.lk/wp-content/uploads/2025/11/%E0%B6%B4%E0%B7%94%E0%B6%BB%E0%B7%80%E0%B7%90%E0%B7%83%E0%B7%92-%E0%B7%83%E0%B7%9A%E0%B7%80%E0%B7%8F%E0%B6%BD%E0%B6%B7%E0%B7%93-%E0%B6%B4%E0%B7%8A_%E0%B6%BB%E0%B6%A5%E0%B6%B4%E0%B7%8A%E0%B6%AD%E0%B7%92%E0%B6%BA-%E0%B6%B6%E0%B7%8F%E0%B7%84%E0%B7%92%E0%B6%BB-%E0%B7%83%E0%B7%9A%E0%B7%80%E0%B7%8F%E0%B6%BD%E0%B7%8F%E0%B6%B7%E0%B7%93%E0%B6%B1%E0%B7%8A.pdf,
phone,pass,Published phone: 0000000315 ,https://labourmin.gov.lk/wp-content/uploads/2025/11/%E0%B6%B4%E0%B7%94%E0%B6%BB%E0%B7%80%E0%B7%90%E0%B7%83%E0%B7%92-%E0%B7%83%E0%B7%9A%E0%B7%80%E0%B7%8F%E0%B6%BD%E0%B6%B7%E0%B7%93-%E0%B6%B4%E0%B7%8A_%E0%B6%BB%E0%B6%A5%E0%B6%B4%E0%B7%8A%E0%B6%AD%E0%B7%92%E0%B6%BA-%E0%B6%B6%E0%B7%8F%E0%B7%84%E0%B7%92%E0%B6%BB-%E0%B7%83%E0%B7%9A%E0%B7%80%E0%B7%8F%E0%B6%BD%E0%B7%8F%E0%B6%B7%E0%B7%93%E0%B6%B1%E0%B7%8A.pdf,
phone,pass,Published phone: 0000000445 ,https://labourmin.gov.lk/wp-content/uploads/2025/11/%E0%B6%B4%E0%B7%94%E0%B6%BB%E0%B7%80%E0%B7%90%E0%B7%83%E0%B7%92-%E0%B7%83%E0%B7%9A%E0%B7%80%E0%B7%8F%E0%B6%BD%E0%B6%B7%E0%B7%93-%E0%B6%B4%E0%B7%8A_%E0%B6%BB%E0%B6%A5%E0%B6%B4%E0%B7%8A%E0%B6%AD%E0%B7%92%E0%B6%BA-%E0%B6%B6%E0%B7%8F%E0%B7%84%E0%B7%92%E0%B6%BB-%E0%B7%83%E0%B7%9A%E0%B7%80%E0%B7%8F%E0%B6%BD%E0%B7%8F%E0%B6%B7%E0%B7%93%E0%B6%B1%E0%B7%8A.pdf,
phone,pass,Published phone: 0000000179 ,https://labourmin.gov.lk/wp-content/uploads/2025/11/%E0%B6%B4%E0%B7%94%E0%B6%BB%E0%B7%80%E0%B7%90%E0%B7%83%E0%B7%92-%E0%B7%83%E0%B7%9A%E0%B7%80%E0%B7%8F%E0%B6%BD%E0%B6%B7%E0%B7%93-%E0%B6%B4%E0%B7%8A_%E0%B6%BB%E0%B6%A5%E0%B6%B4%E0%B7%8A%E0%B6%AD%E0%B7%92%E0%B6%BA-%E0%B6%B6%E0%B7%8F%E0%B7%84%E0%B7%92%E0%B6%BB-%E0%B7%83%E0%B7%9A%E0%B7%80%E0%B7%8F%E0%B6%BD%E0%B7%8F%E0%B6%B7%E0%B7%93%E0%B6%B1%E0%B7%8A.pdf,
phone,pass,Published phone: 0000000556 ,https://labourmin.gov.lk/wp-content/uploads/2025/11/%E0%B6%B4%E0%B7%94%E0%B6%BB%E0%B7%80%E0%B7%90%E0%B7%83%E0%B7%92-%E0%B7%83%E0%B7%9A%E0%B7%80%E0%B7%8F%E0%B6%BD%E0%B6%B7%E0%B7%93-%E0%B6%B4%E0%B7%8A_%E0%B6%BB%E0%B6%A5%E0%B6%B4%E0%B7%8A%E0%B6%AD%E0%B7%92%E0%B6%BA-%E0%B6%B6%E0%B7%8F%E0%B7%84%E0%B7%92%E0%B6%BB-%E0%B7%83%E0%B7%9A%E0%B7%80%E0%B7%8F%E0%B6%BD%E0%B7%8F%E0%B6%B7%E0%B7%93%E0%B6%B1%E0%B7%8A.pdf,
phone,pass,Published phone: 0000000365 ,https://labourmin.gov.lk/wp-content/uploads/2025/11/%E0%B6%B4%E0%B7%94%E0%B6%BB%E0%B7%80%E0%B7%90%E0%B7%83%E0%B7%92-%E0%B7%83%E0%B7%9A%E0%B7%80%E0%B7%8F%E0%B6%BD%E0%B6%B7%E0%B7%93-%E0%B6%B4%E0%B7%8A_%E0%B6%BB%E0%B6%A5%E0%B6%B4%E0%B7%8A%E0%B6%AD%E0%B7%92%E0%B6%BA-%E0%B6%B6%E0%B7%8F%E0%B7%84%E0%B7%92%E0%B6%BB-%E0%B7%83%E0%B7%9A%E0%B7%80%E0%B7%8F%E0%B6%BD%E0%B7%8F%E0%B6%B7%E0%B7%93%E0%B6%B1%E0%B7%8A.pdf,
phone,pass,Published phone: 0000000486 ,https://labourmin.gov.lk/wp-content/uploads/2025/11/%E0%B6%B4%E0%B7%94%E0%B6%BB%E0%B7%80%E0%B7%90%E0%B7%83%E0%B7%92-%E0%B7%83%E0%B7%9A%E0%B7%80%E0%B7%8F%E0%B6%BD%E0%B6%B7%E0%B7%93-%E0%B6%B4%E0%B7%8A_%E0%B6%BB%E0%B6%A5%E0%B6%B4%E0%B7%8A%E0%B6%AD%E0%B7%92%E0%B6%BA-%E0%B6%B6%E0%B7%8F%E0%B7%84%E0%B7%92%E0%B6%BB-%E0%B7%83%E0%B7%9A%E0%B7%80%E0%B7%8F%E0%B6%BD%E0%B7%8F%E0%B6%B7%E0%B7%93%E0%B6%B1%E0%B7%8A.pdf,
phone,pass,Published phone: 0000072020 ,https://labourmin.gov.lk/wp-content/uploads/2025/11/%E0%B6%B4%E0%B7%94%E0%B6%BB%E0%B7%80%E0%B7%90%E0%B7%83%E0%B7%92-%E0%B7%83%E0%B7%9A%E0%B7%80%E0%B7%8F%E0%B6%BD%E0%B6%B7%E0%B7%93-%E0%B6%B4%E0%B7%8A_%E0%B6%BB%E0%B6%A5%E0%B6%B4%E0%B7%8A%E0%B6%AD%E0%B7%92%E0%B6%BA-%E0%B6%B6%E0%B7%8F%E0%B7%84%E0%B7%92%E0%B6%BB-%E0%B7%83%E0%B7%9A%E0%B7%80%E0%B7%8F%E0%B6%BD%E0%B7%8F%E0%B6%B7%E0%B7%93%E0%B6%B1%E0%B7%8A.pdf,
phone,pass,Published phone: 0000000566 ,https://labourmin.gov.lk/wp-content/uploads/2025/11/%E0%B6%B4%E0%B7%94%E0%B6%BB%E0%B7%80%E0%B7%90%E0%B7%83%E0%B7%92-%E0%B7%83%E0%B7%9A%E0%B7%80%E0%B7%8F%E0%B6%BD%E0%B6%B7%E0%B7%93-%E0%B6%B4%E0%B7%8A_%E0%B6%BB%E0%B6%A5%E0%B6%B4%E0%B7%8A%E0%B6%AD%E0%B7%92%E0%B6%BA-%E0%B6%B6%E0%B7%8F%E0%B7%84%E0%B7%92%E0%B6%BB-%E0%B7%83%E0%B7%9A%E0%B7%80%E0%B7%8F%E0%B6%BD%E0%B7%8F%E0%B6%B7%E0%B7%93%E0%B6%B1%E0%B7%8A.pdf,
phone,pass,Published phone: 0000000552 ,https://labourmin.gov.lk/wp-content/uploads/2025/11/%E0%B6%B4%E0%B7%94%E0%B6%BB%E0%B7%80%E0%B7%90%E0%B7%83%E0%B7%92-%E0%B7%83%E0%B7%9A%E0%B7%80%E0%B7%8F%E0%B6%BD%E0%B6%B7%E0%B7%93-%E0%B6%B4%E0%B7%8A_%E0%B6%BB%E0%B6%A5%E0%B6%B4%E0%B7%8A%E0%B6%AD%E0%B7%92%E0%B6%BA-%E0%B6%B6%E0%B7%8F%E0%B7%84%E0%B7%92%E0%B6%BB-%E0%B7%83%E0%B7%9A%E0%B7%80%E0%B7%8F%E0%B6%BD%E0%B7%8F%E0%B6%B7%E0%B7%93%E0%B6%B1%E0%B7%8A.pdf,
phone,pass,Published phone: 0000000465 ,https://labourmin.gov.lk/wp-content/uploads/2025/11/%E0%B6%B4%E0%B7%94%E0%B6%BB%E0%B7%80%E0%B7%90%E0%B7%83%E0%B7%92-%E0%B7%83%E0%B7%9A%E0%B7%80%E0%B7%8F%E0%B6%BD%E0%B6%B7%E0%B7%93-%E0%B6%B4%E0%B7%8A_%E0%B6%BB%E0%B6%A5%E0%B6%B4%E0%B7%8A%E0%B6%AD%E0%B7%92%E0%B6%BA-%E0%B6%B6%E0%B7%8F%E0%B7%84%E0%B7%92%E0%B6%BB-%E0%B7%83%E0%B7%9A%E0%B7%80%E0%B7%8F%E0%B6%BD%E0%B7%8F%E0%B6%B7%E0%B7%93%E0%B6%B1%E0%B7%8A.pdf,
phone,pass,Published phone: 0000000572 ,https://labourmin.gov.lk/wp-content/uploads/2025/11/%E0%B6%B4%E0%B7%94%E0%B6%BB%E0%B7%80%E0%B7%90%E0%B7%83%E0%B7%92-%E0%B7%83%E0%B7%9A%E0%B7%80%E0%B7%8F%E0%B6%BD%E0%B6%B7%E0%B7%93-%E0%B6%B4%E0%B7%8A_%E0%B6%BB%E0%B6%A5%E0%B6%B4%E0%B7%8A%E0%B6%AD%E0%B7%92%E0%B6%BA-%E0%B6%B6%E0%B7%8F%E0%B7%84%E0%B7%92%E0%B6%BB-%E0%B7%83%E0%B7%9A%E0%B7%80%E0%B7%8F%E0%B6%BD%E0%B7%8F%E0%B6%B7%E0%B7%93%E0%B6%B1%E0%B7%8A.pdf,
phone,pass,Published phone: 0000000064 ,https://labourmin.gov.lk/wp-content/uploads/2025/11/%E0%B6%B4%E0%B7%94%E0%B6%BB%E0%B7%80%E0%B7%90%E0%B7%83%E0%B7%92-%E0%B7%83%E0%B7%9A%E0%B7%80%E0%B7%8F%E0%B6%BD%E0%B6%B7%E0%B7%93-%E0%B6%B4%E0%B7%8A_%E0%B6%BB%E0%B6%A5%E0%B6%B4%E0%B7%8A%E0%B6%AD%E0%B7%92%E0%B6%BA-%E0%B6%B6%E0%B7%8F%E0%B7%84%E0%B7%92%E0%B6%BB-%E0%B7%83%E0%B7%9A%E0%B7%80%E0%B7%8F%E0%B6%BD%E0%B7%8F%E0%B6%B7%E0%B7%93%E0%B6%B1%E0%B7%8A.pdf,
phone,pass,Published phone: 0000000455 ,https://labourmin.gov.lk/wp-content/uploads/2025/11/%E0%B6%B4%E0%B7%94%E0%B6%BB%E0%B7%80%E0%B7%90%E0%B7%83%E0%B7%92-%E0%B7%83%E0%B7%9A%E0%B7%80%E0%B7%8F%E0%B6%BD%E0%B6%B7%E0%B7%93-%E0%B6%B4%E0%B7%8A_%E0%B6%BB%E0%B6%A5%E0%B6%B4%E0%B7%8A%E0%B6%AD%E0%B7%92%E0%B6%BA-%E0%B6%B6%E0%B7%8F%E0%B7%84%E0%B7%92%E0%B6%BB-%E0%B7%83%E0%B7%9A%E0%B7%80%E0%B7%8F%E0%B6%BD%E0%B7%8F%E0%B6%B7%E0%B7%93%E0%B6%B1%E0%B7%8A.pdf,
phone,pass,Published phone: 0000000447 ,https://labourmin.gov.lk/wp-content/uploads/2025/11/%E0%B6%B4%E0%B7%94%E0%B6%BB%E0%B7%80%E0%B7%90%E0%B7%83%E0%B7%92-%E0%B7%83%E0%B7%9A%E0%B7%80%E0%B7%8F%E0%B6%BD%E0%B6%B7%E0%B7%93-%E0%B6%B4%E0%B7%8A_%E0%B6%BB%E0%B6%A5%E0%B6%B4%E0%B7%8A%E0%B6%AD%E0%B7%92%E0%B6%BA-%E0%B6%B6%E0%B7%8F%E0%B7%84%E0%B7%92%E0%B6%BB-%E0%B7%83%E0%B7%9A%E0%B7%80%E0%B7%8F%E0%B6%BD%E0%B7%8F%E0%B6%B7%E0%B7%93%E0%B6%B1%E0%B7%8A.pdf,
phone,pass,Published phone: 0000000419 ,https://labourmin.gov.lk/wp-content/uploads/2025/11/%E0%B6%B4%E0%B7%94%E0%B6%BB%E0%B7%80%E0%B7%90%E0%B7%83%E0%B7%92-%E0%B7%83%E0%B7%9A%E0%B7%80%E0%B7%8F%E0%B6%BD%E0%B6%B7%E0%B7%93-%E0%B6%B4%E0%B7%8A_%E0%B6%BB%E0%B6%A5%E0%B6%B4%E0%B7%8A%E0%B6%AD%E0%B7%92%E0%B6%BA-%E0%B6%B6%E0%B7%8F%E0%B7%84%E0%B7%92%E0%B6%BB-%E0%B7%83%E0%B7%9A%E0%B7%80%E0%B7%8F%E0%B6%BD%E0%B7%8F%E0%B6%B7%E0%B7%93%E0%B6%B1%E0%B7%8A.pdf,
phone,pass,Published phone: 0000000320 ,https://labourmin.gov.lk/wp-content/uploads/2025/11/%E0%B6%B4%E0%B7%94%E0%B6%BB%E0%B7%80%E0%B7%90%E0%B7%83%E0%B7%92-%E0%B7%83%E0%B7%9A%E0%B7%80%E0%B7%8F%E0%B6%BD%E0%B6%B7%E0%B7%93-%E0%B6%B4%E0%B7%8A_%E0%B6%BB%E0%B6%A5%E0%B6%B4%E0%B7%8A%E0%B6%AD%E0%B7%92%E0%B6%BA-%E0%B6%B6%E0%B7%8F%E0%B7%84%E0%B7%92%E0%B6%BB-%E0%B7%83%E0%B7%9A%E0%B7%80%E0%B7%8F%E0%B6%BD%E0%B7%8F%E0%B6%B7%E0%B7%93%E0%B6%B1%E0%B7%8A.pdf,
phone,pass,Published phone: 0000000197 ,https://labourmin.gov.lk/wp-content/uploads/2025/11/%E0%B6%B4%E0%B7%94%E0%B6%BB%E0%B7%80%E0%B7%90%E0%B7%83%E0%B7%92-%E0%B7%83%E0%B7%9A%E0%B7%80%E0%B7%8F%E0%B6%BD%E0%B6%B7%E0%B7%93-%E0%B6%B4%E0%B7%8A_%E0%B6%BB%E0%B6%A5%E0%B6%B4%E0%B7%8A%E0%B6%AD%E0%B7%92%E0%B6%BA-%E0%B6%B6%E0%B7%8F%E0%B7%84%E0%B7%92%E0%B6%BB-%E0%B7%83%E0%B7%9A%E0%B7%80%E0%B7%8F%E0%B6%BD%E0%B7%8F%E0%B6%B7%E0%B7%93%E0%B6%B1%E0%B7%8A.pdf,
phone,pass,Published phone: 0000000196 ,https://labourmin.gov.lk/wp-content/uploads/2025/11/%E0%B6%B4%E0%B7%94%E0%B6%BB%E0%B7%80%E0%B7%90%E0%B7%83%E0%B7%92-%E0%B7%83%E0%B7%9A%E0%B7%80%E0%B7%8F%E0%B6%BD%E0%B6%B7%E0%B7%93-%E0%B6%B4%E0%B7%8A_%E0%B6%BB%E0%B6%A5%E0%B6%B4%E0%B7%8A%E0%B6%AD%E0%B7%92%E0%B6%BA-%E0%B6%B6%E0%B7%8F%E0%B7%84%E0%B7%92%E0%B6%BB-%E0%B7%83%E0%B7%9A%E0%B7%80%E0%B7%8F%E0%B6%BD%E0%B7%8F%E0%B6%B7%E0%B7%93%E0%B6%B1%E0%B7%8A.pdf,
phone,pass,Published phone: 0000000265 ,https://labourmin.gov.lk/wp-content/uploads/2025/11/%E0%B6%B4%E0%B7%94%E0%B6%BB%E0%B7%80%E0%B7%90%E0%B7%83%E0%B7%92-%E0%B7%83%E0%B7%9A%E0%B7%80%E0%B7%8F%E0%B6%BD%E0%B6%B7%E0%B7%93-%E0%B6%B4%E0%B7%8A_%E0%B6%BB%E0%B6%A5%E0%B6%B4%E0%B7%8A%E0%B6%AD%E0%B7%92%E0%B6%BA-%E0%B6%B6%E0%B7%8F%E0%B7%84%E0%B7%92%E0%B6%BB-%E0%B7%83%E0%B7%9A%E0%B7%80%E0%B7%8F%E0%B6%BD%E0%B7%8F%E0%B6%B7%E0%B7%93%E0%B6%B1%E0%B7%8A.pdf,
phone,pass,Published phone: 0000000449 ,https://labourmin.gov.lk/wp-content/uploads/2025/11/%E0%B6%B4%E0%B7%94%E0%B6%BB%E0%B7%80%E0%B7%90%E0%B7%83%E0%B7%92-%E0%B7%83%E0%B7%9A%E0%B7%80%E0%B7%8F%E0%B6%BD%E0%B6%B7%E0%B7%93-%E0%B6%B4%E0%B7%8A_%E0%B6%BB%E0%B6%A5%E0%B6%B4%E0%B7%8A%E0%B6%AD%E0%B7%92%E0%B6%BA-%E0%B6%B6%E0%B7%8F%E0%B7%84%E0%B7%92%E0%B6%BB-%E0%B7%83%E0%B7%9A%E0%B7%80%E0%B7%8F%E0%B6%BD%E0%B7%8F%E0%B6%B7%E0%B7%93%E0%B6%B1%E0%B7%8A.pdf,
phone,pass,Published phone: 0000000187 ,https://labourmin.gov.lk/wp-content/uploads/2025/11/%E0%B6%B4%E0%B7%94%E0%B6%BB%E0%B7%80%E0%B7%90%E0%B7%83%E0%B7%92-%E0%B7%83%E0%B7%9A%E0%B7%80%E0%B7%8F%E0%B6%BD%E0%B6%B7%E0%B7%93-%E0%B6%B4%E0%B7%8A_%E0%B6%BB%E0%B6%A5%E0%B6%B4%E0%B7%8A%E0%B6%AD%E0%B7%92%E0%B6%BA-%E0%B6%B6%E0%B7%8F%E0%B7%84%E0%B7%92%E0%B6%BB-%E0%B7%83%E0%B7%9A%E0%B7%80%E0%B7%8F%E0%B6%BD%E0%B7%8F%E0%B6%B7%E0%B7%93%E0%B6%B1%E0%B7%8A.pdf,
phone,pass,Published phone: 0000000312 ,https://labourmin.gov.lk/wp-content/uploads/2025/11/%E0%B6%B4%E0%B7%94%E0%B6%BB%E0%B7%80%E0%B7%90%E0%B7%83%E0%B7%92-%E0%B7%83%E0%B7%9A%E0%B7%80%E0%B7%8F%E0%B6%BD%E0%B6%B7%E0%B7%93-%E0%B6%B4%E0%B7%8A_%E0%B6%BB%E0%B6%A5%E0%B6%B4%E0%B7%8A%E0%B6%AD%E0%B7%92%E0%B6%BA-%E0%B6%B6%E0%B7%8F%E0%B7%84%E0%B7%92%E0%B6%BB-%E0%B7%83%E0%B7%9A%E0%B7%80%E0%B7%8F%E0%B6%BD%E0%B7%8F%E0%B6%B7%E0%B7%93%E0%B6%B1%E0%B7%8A.pdf,
phone,pass,Published phone: 0000000142 ,https://labourmin.gov.lk/wp-content/uploads/2025/11/%E0%B6%B4%E0%B7%94%E0%B6%BB%E0%B7%80%E0%B7%90%E0%B7%83%E0%B7%92-%E0%B7%83%E0%B7%9A%E0%B7%80%E0%B7%8F%E0%B6%BD%E0%B6%B7%E0%B7%93-%E0%B6%B4%E0%B7%8A_%E0%B6%BB%E0%B6%A5%E0%B6%B4%E0%B7%8A%E0%B6%AD%E0%B7%92%E0%B6%BA-%E0%B6%B6%E0%B7%8F%E0%B7%84%E0%B7%92%E0%B6%BB-%E0%B7%83%E0%B7%9A%E0%B7%80%E0%B7%8F%E0%B6%BD%E0%B7%8F%E0%B6%B7%E0%B7%93%E0%B6%B1%E0%B7%8A.pdf,
phone,pass,Published phone: 0000000348 ,https://labourmin.gov.lk/wp-content/uploads/2025/11/%E0%B6%B4%E0%B7%94%E0%B6%BB%E0%B7%80%E0%B7%90%E0%B7%83%E0%B7%92-%E0%B7%83%E0%B7%9A%E0%B7%80%E0%B7%8F%E0%B6%BD%E0%B6%B7%E0%B7%93-%E0%B6%B4%E0%B7%8A_%E0%B6%BB%E0%B6%A5%E0%B6%B4%E0%B7%8A%E0%B6%AD%E0%B7%92%E0%B6%BA-%E0%B6%B6%E0%B7%8F%E0%B7%84%E0%B7%92%E0%B6%BB-%E0%B7%83%E0%B7%9A%E0%B7%80%E0%B7%8F%E0%B6%BD%E0%B7%8F%E0%B6%B7%E0%B7%93%E0%B6%B1%E0%B7%8A.pdf,
phone,pass,Published phone: 0000000074 ,https://labourmin.gov.lk/wp-content/uploads/2025/11/%E0%B6%B4%E0%B7%94%E0%B6%BB%E0%B7%80%E0%B7%90%E0%B7%83%E0%B7%92-%E0%B7%83%E0%B7%9A%E0%B7%80%E0%B7%8F%E0%B6%BD%E0%B6%B7%E0%B7%93-%E0%B6%B4%E0%B7%8A_%E0%B6%BB%E0%B6%A5%E0%B6%B4%E0%B7%8A%E0%B6%AD%E0%B7%92%E0%B6%BA-%E0%B6%B6%E0%B7%8F%E0%B7%84%E0%B7%92%E0%B6%BB-%E0%B7%83%E0%B7%9A%E0%B7%80%E0%B7%8F%E0%B6%BD%E0%B7%8F%E0%B6%B7%E0%B7%93%E0%B6%B1%E0%B7%8A.pdf,
phone,pass,Published phone: 0000000131 ,https://labourmin.gov.lk/wp-content/uploads/2025/11/%E0%B6%B4%E0%B7%94%E0%B6%BB%E0%B7%80%E0%B7%90%E0%B7%83%E0%B7%92-%E0%B7%83%E0%B7%9A%E0%B7%80%E0%B7%8F%E0%B6%BD%E0%B6%B7%E0%B7%93-%E0%B6%B4%E0%B7%8A_%E0%B6%BB%E0%B6%A5%E0%B6%B4%E0%B7%8A%E0%B6%AD%E0%B7%92%E0%B6%BA-%E0%B6%B6%E0%B7%8F%E0%B7%84%E0%B7%92%E0%B6%BB-%E0%B7%83%E0%B7%9A%E0%B7%80%E0%B7%8F%E0%B6%BD%E0%B7%8F%E0%B6%B7%E0%B7%93%E0%B6%B1%E0%B7%8A.pdf,
phone,pass,Published phone: 0000000550 ,https://labourmin.gov.lk/wp-content/uploads/2025/11/%E0%B6%B4%E0%B7%94%E0%B6%BB%E0%B7%80%E0%B7%90%E0%B7%83%E0%B7%92-%E0%B7%83%E0%B7%9A%E0%B7%80%E0%B7%8F%E0%B6%BD%E0%B6%B7%E0%B7%93-%E0%B6%B4%E0%B7%8A_%E0%B6%BB%E0%B6%A5%E0%B6%B4%E0%B7%8A%E0%B6%AD%E0%B7%92%E0%B6%BA-%E0%B6%B6%E0%B7%8F%E0%B7%84%E0%B7%92%E0%B6%BB-%E0%B7%83%E0%B7%9A%E0%B7%80%E0%B7%8F%E0%B6%BD%E0%B7%8F%E0%B6%B7%E0%B7%93%E0%B6%B1%E0%B7%8A.pdf,
phone,pass,Published phone: 0000000246 ,https://labourmin.gov.lk/wp-content/uploads/2025/11/%E0%B6%B4%E0%B7%94%E0%B6%BB%E0%B7%80%E0%B7%90%E0%B7%83%E0%B7%92-%E0%B7%83%E0%B7%9A%E0%B7%80%E0%B7%8F%E0%B6%BD%E0%B6%B7%E0%B7%93-%E0%B6%B4%E0%B7%8A_%E0%B6%BB%E0%B6%A5%E0%B6%B4%E0%B7%8A%E0%B6%AD%E0%B7%92%E0%B6%BA-%E0%B6%B6%E0%B7%8F%E0%B7%84%E0%B7%92%E0%B6%BB-%E0%B7%83%E0%B7%9A%E0%B7%80%E0%B7%8F%E0%B6%BD%E0%B7%8F%E0%B6%B7%E0%B7%93%E0%B6%B1%E0%B7%8A.pdf,
phone,pass,Published phone: 0000012812 ,https://labourmin.gov.lk/wp-content/uploads/2025/11/%E0%B6%B4%E0%B7%94%E0%B6%BB%E0%B7%80%E0%B7%90%E0%B7%83%E0%B7%92-%E0%B7%83%E0%B7%9A%E0%B7%80%E0%B7%8F%E0%B6%BD%E0%B6%B7%E0%B7%93-%E0%B6%B4%E0%B7%8A_%E0%B6%BB%E0%B6%A5%E0%B6%B4%E0%B7%8A%E0%B6%AD%E0%B7%92%E0%B6%BA-%E0%B6%B6%E0%B7%8F%E0%B7%84%E0%B7%92%E0%B6%BB-%E0%B7%83%E0%B7%9A%E0%B7%80%E0%B7%8F%E0%B6%BD%E0%B7%8F%E0%B6%B7%E0%B7%93%E0%B6%B1%E0%B7%8A.pdf,
phone,pass,Published phone: 0000008830 ,https://labourmin.gov.lk/wp-content/uploads/2025/11/%E0%B6%B4%E0%B7%94%E0%B6%BB%E0%B7%80%E0%B7%90%E0%B7%83%E0%B7%92-%E0%B7%83%E0%B7%9A%E0%B7%80%E0%B7%8F%E0%B6%BD%E0%B6%B7%E0%B7%93-%E0%B6%B4%E0%B7%8A_%E0%B6%BB%E0%B6%A5%E0%B6%B4%E0%B7%8A%E0%B6%AD%E0%B7%92%E0%B6%BA-%E0%B6%B6%E0%B7%8F%E0%B7%84%E0%B7%92%E0%B6%BB-%E0%B7%83%E0%B7%9A%E0%B7%80%E0%B7%8F%E0%B6%BD%E0%B7%8F%E0%B6%B7%E0%B7%93%E0%B6%B1%E0%B7%8A.pdf,
phone,pass,Published phone: 0000000403 ,https://labourmin.gov.lk/wp-content/uploads/2025/11/%E0%B6%B4%E0%B7%94%E0%B6%BB%E0%B7%80%E0%B7%90%E0%B7%83%E0%B7%92-%E0%B7%83%E0%B7%9A%E0%B7%80%E0%B7%8F%E0%B6%BD%E0%B6%B7%E0%B7%93-%E0%B6%B4%E0%B7%8A_%E0%B6%BB%E0%B6%A5%E0%B6%B4%E0%B7%8A%E0%B6%AD%E0%B7%92%E0%B6%BA-%E0%B6%B6%E0%B7%8F%E0%B7%84%E0%B7%92%E0%B6%BB-%E0%B7%83%E0%B7%9A%E0%B7%80%E0%B7%8F%E0%B6%BD%E0%B7%8F%E0%B6%B7%E0%B7%93%E0%B6%B1%E0%B7%8A.pdf,
phone,pass,Published phone: 0000000170 ,https://labourmin.gov.lk/wp-content/uploads/2025/11/%E0%B6%B4%E0%B7%94%E0%B6%BB%E0%B7%80%E0%B7%90%E0%B7%83%E0%B7%92-%E0%B7%83%E0%B7%9A%E0%B7%80%E0%B7%8F%E0%B6%BD%E0%B6%B7%E0%B7%93-%E0%B6%B4%E0%B7%8A_%E0%B6%BB%E0%B6%A5%E0%B6%B4%E0%B7%8A%E0%B6%AD%E0%B7%92%E0%B6%BA-%E0%B6%B6%E0%B7%8F%E0%B7%84%E0%B7%92%E0%B6%BB-%E0%B7%83%E0%B7%9A%E0%B7%80%E0%B7%8F%E0%B6%BD%E0%B7%8F%E0%B6%B7%E0%B7%93%E0%B6%B1%E0%B7%8A.pdf,
phone,pass,Published phone: 0000000559 ,https://labourmin.gov.lk/wp-content/uploads/2025/11/%E0%B6%B4%E0%B7%94%E0%B6%BB%E0%B7%80%E0%B7%90%E0%B7%83%E0%B7%92-%E0%B7%83%E0%B7%9A%E0%B7%80%E0%B7%8F%E0%B6%BD%E0%B6%B7%E0%B7%93-%E0%B6%B4%E0%B7%8A_%E0%B6%BB%E0%B6%A5%E0%B6%B4%E0%B7%8A%E0%B6%AD%E0%B7%92%E0%B6%BA-%E0%B6%B6%E0%B7%8F%E0%B7%84%E0%B7%92%E0%B6%BB-%E0%B7%83%E0%B7%9A%E0%B7%80%E0%B7%8F%E0%B6%BD%E0%B7%8F%E0%B6%B7%E0%B7%93%E0%B6%B1%E0%B7%8A.pdf,
phone,pass,Published phone: 0000000305 ,https://labourmin.gov.lk/wp-content/uploads/2025/11/%E0%B6%B4%E0%B7%94%E0%B6%BB%E0%B7%80%E0%B7%90%E0%B7%83%E0%B7%92-%E0%B7%83%E0%B7%9A%E0%B7%80%E0%B7%8F%E0%B6%BD%E0%B6%B7%E0%B7%93-%E0%B6%B4%E0%B7%8A_%E0%B6%BB%E0%B6%A5%E0%B6%B4%E0%B7%8A%E0%B6%AD%E0%B7%92%E0%B6%BA-%E0%B6%B6%E0%B7%8F%E0%B7%84%E0%B7%92%E0%B6%BB-%E0%B7%83%E0%B7%9A%E0%B7%80%E0%B7%8F%E0%B6%BD%E0%B7%8F%E0%B6%B7%E0%B7%93%E0%B6%B1%E0%B7%8A.pdf,
phone,pass,Published phone: 0000000156 ,https://labourmin.gov.lk/wp-content/uploads/2025/11/%E0%B6%B4%E0%B7%94%E0%B6%BB%E0%B7%80%E0%B7%90%E0%B7%83%E0%B7%92-%E0%B7%83%E0%B7%9A%E0%B7%80%E0%B7%8F%E0%B6%BD%E0%B6%B7%E0%B7%93-%E0%B6%B4%E0%B7%8A_%E0%B6%BB%E0%B6%A5%E0%B6%B4%E0%B7%8A%E0%B6%AD%E0%B7%92%E0%B6%BA-%E0%B6%B6%E0%B7%8F%E0%B7%84%E0%B7%92%E0%B6%BB-%E0%B7%83%E0%B7%9A%E0%B7%80%E0%B7%8F%E0%B6%BD%E0%B7%8F%E0%B6%B7%E0%B7%93%E0%B6%B1%E0%B7%8A.pdf,
phone,pass,Published phone: 0000000121 ,https://labourmin.gov.lk/wp-content/uploads/2025/11/%E0%B6%B4%E0%B7%94%E0%B6%BB%E0%B7%80%E0%B7%90%E0%B7%83%E0%B7%92-%E0%B7%83%E0%B7%9A%E0%B7%80%E0%B7%8F%E0%B6%BD%E0%B6%B7%E0%B7%93-%E0%B6%B4%E0%B7%8A_%E0%B6%BB%E0%B6%A5%E0%B6%B4%E0%B7%8A%E0%B6%AD%E0%B7%92%E0%B6%BA-%E0%B6%B6%E0%B7%8F%E0%B7%84%E0%B7%92%E0%B6%BB-%E0%B7%83%E0%B7%9A%E0%B7%80%E0%B7%8F%E0%B6%BD%E0%B7%8F%E0%B6%B7%E0%B7%93%E0%B6%B1%E0%B7%8A.pdf,
phone,pass,Published phone: 0000000331 ,https://labourmin.gov.lk/wp-content/uploads/2025/11/%E0%B6%B4%E0%B7%94%E0%B6%BB%E0%B7%80%E0%B7%90%E0%B7%83%E0%B7%92-%E0%B7%83%E0%B7%9A%E0%B7%80%E0%B7%8F%E0%B6%BD%E0%B6%B7%E0%B7%93-%E0%B6%B4%E0%B7%8A_%E0%B6%BB%E0%B6%A5%E0%B6%B4%E0%B7%8A%E0%B6%AD%E0%B7%92%E0%B6%BA-%E0%B6%B6%E0%B7%8F%E0%B7%84%E0%B7%92%E0%B6%BB-%E0%B7%83%E0%B7%9A%E0%B7%80%E0%B7%8F%E0%B6%BD%E0%B7%8F%E0%B6%B7%E0%B7%93%E0%B6%B1%E0%B7%8A.pdf,
phone,pass,Published phone: 0000000096 ,https://labourmin.gov.lk/wp-content/uploads/2025/11/%E0%B6%B4%E0%B7%94%E0%B6%BB%E0%B7%80%E0%B7%90%E0%B7%83%E0%B7%92-%E0%B7%83%E0%B7%9A%E0%B7%80%E0%B7%8F%E0%B6%BD%E0%B6%B7%E0%B7%93-%E0%B6%B4%E0%B7%8A_%E0%B6%BB%E0%B6%A5%E0%B6%B4%E0%B7%8A%E0%B6%AD%E0%B7%92%E0%B6%BA-%E0%B6%B6%E0%B7%8F%E0%B7%84%E0%B7%92%E0%B6%BB-%E0%B7%83%E0%B7%9A%E0%B7%80%E0%B7%8F%E0%B6%BD%E0%B7%8F%E0%B6%B7%E0%B7%93%E0%B6%B1%E0%B7%8A.pdf,
phone,pass,Published phone: 0000000192 ,https://labourmin.gov.lk/wp-content/uploads/2025/11/%E0%B6%B4%E0%B7%94%E0%B6%BB%E0%B7%80%E0%B7%90%E0%B7%83%E0%B7%92-%E0%B7%83%E0%B7%9A%E0%B7%80%E0%B7%8F%E0%B6%BD%E0%B6%B7%E0%B7%93-%E0%B6%B4%E0%B7%8A_%E0%B6%BB%E0%B6%A5%E0%B6%B4%E0%B7%8A%E0%B6%AD%E0%B7%92%E0%B6%BA-%E0%B6%B6%E0%B7%8F%E0%B7%84%E0%B7%92%E0%B6%BB-%E0%B7%83%E0%B7%9A%E0%B7%80%E0%B7%8F%E0%B6%BD%E0%B7%8F%E0%B6%B7%E0%B7%93%E0%B6%B1%E0%B7%8A.pdf,
phone,pass,Published phone: 0000000355 ,https://labourmin.gov.lk/wp-content/uploads/2025/11/%E0%B6%B4%E0%B7%94%E0%B6%BB%E0%B7%80%E0%B7%90%E0%B7%83%E0%B7%92-%E0%B7%83%E0%B7%9A%E0%B7%80%E0%B7%8F%E0%B6%BD%E0%B6%B7%E0%B7%93-%E0%B6%B4%E0%B7%8A_%E0%B6%BB%E0%B6%A5%E0%B6%B4%E0%B7%8A%E0%B6%AD%E0%B7%92%E0%B6%BA-%E0%B6%B6%E0%B7%8F%E0%B7%84%E0%B7%92%E0%B6%BB-%E0%B7%83%E0%B7%9A%E0%B7%80%E0%B7%8F%E0%B6%BD%E0%B7%8F%E0%B6%B7%E0%B7%93%E0%B6%B1%E0%B7%8A.pdf,
phone,pass,Published phone: 0000000226 ,https://labourmin.gov.lk/wp-content/uploads/2025/11/%E0%B6%B4%E0%B7%94%E0%B6%BB%E0%B7%80%E0%B7%90%E0%B7%83%E0%B7%92-%E0%B7%83%E0%B7%9A%E0%B7%80%E0%B7%8F%E0%B6%BD%E0%B6%B7%E0%B7%93-%E0%B6%B4%E0%B7%8A_%E0%B6%BB%E0%B6%A5%E0%B6%B4%E0%B7%8A%E0%B6%AD%E0%B7%92%E0%B6%BA-%E0%B6%B6%E0%B7%8F%E0%B7%84%E0%B7%92%E0%B6%BB-%E0%B7%83%E0%B7%9A%E0%B7%80%E0%B7%8F%E0%B6%BD%E0%B7%8F%E0%B6%B7%E0%B7%93%E0%B6%B1%E0%B7%8A.pdf,
phone,pass,Published phone: 0000000148 ,https://labourmin.gov.lk/wp-content/uploads/2025/11/%E0%B6%B4%E0%B7%94%E0%B6%BB%E0%B7%80%E0%B7%90%E0%B7%83%E0%B7%92-%E0%B7%83%E0%B7%9A%E0%B7%80%E0%B7%8F%E0%B6%BD%E0%B6%B7%E0%B7%93-%E0%B6%B4%E0%B7%8A_%E0%B6%BB%E0%B6%A5%E0%B6%B4%E0%B7%8A%E0%B6%AD%E0%B7%92%E0%B6%BA-%E0%B6%B6%E0%B7%8F%E0%B7%84%E0%B7%92%E0%B6%BB-%E0%B7%83%E0%B7%9A%E0%B7%80%E0%B7%8F%E0%B6%BD%E0%B7%8F%E0%B6%B7%E0%B7%93%E0%B6%B1%E0%B7%8A.pdf,
phone,pass,Published phone: 0000000589 ,https://labourmin.gov.lk/wp-content/uploads/2025/11/%E0%B6%B4%E0%B7%94%E0%B6%BB%E0%B7%80%E0%B7%90%E0%B7%83%E0%B7%92-%E0%B7%83%E0%B7%9A%E0%B7%80%E0%B7%8F%E0%B6%BD%E0%B6%B7%E0%B7%93-%E0%B6%B4%E0%B7%8A_%E0%B6%BB%E0%B6%A5%E0%B6%B4%E0%B7%8A%E0%B6%AD%E0%B7%92%E0%B6%BA-%E0%B6%B6%E0%B7%8F%E0%B7%84%E0%B7%92%E0%B6%BB-%E0%B7%83%E0%B7%9A%E0%B7%80%E0%B7%8F%E0%B6%BD%E0%B7%8F%E0%B6%B7%E0%B7%93%E0%B6%B1%E0%B7%8A.pdf,
phone,pass,Published phone: 0000000256 ,https://labourmin.gov.lk/wp-content/uploads/2025/11/%E0%B6%B4%E0%B7%94%E0%B6%BB%E0%B7%80%E0%B7%90%E0%B7%83%E0%B7%92-%E0%B7%83%E0%B7%9A%E0%B7%80%E0%B7%8F%E0%B6%BD%E0%B6%B7%E0%B7%93-%E0%B6%B4%E0%B7%8A_%E0%B6%BB%E0%B6%A5%E0%B6%B4%E0%B7%8A%E0%B6%AD%E0%B7%92%E0%B6%BA-%E0%B6%B6%E0%B7%8F%E0%B7%84%E0%B7%92%E0%B6%BB-%E0%B7%83%E0%B7%9A%E0%B7%80%E0%B7%8F%E0%B6%BD%E0%B7%8F%E0%B6%B7%E0%B7%93%E0%B6%B1%E0%B7%8A.pdf,
phone,pass,Published phone: 0000000424 ,https://labourmin.gov.lk/wp-content/uploads/2025/11/%E0%B6%B4%E0%B7%94%E0%B6%BB%E0%B7%80%E0%B7%90%E0%B7%83%E0%B7%92-%E0%B7%83%E0%B7%9A%E0%B7%80%E0%B7%8F%E0%B6%BD%E0%B6%B7%E0%B7%93-%E0%B6%B4%E0%B7%8A_%E0%B6%BB%E0%B6%A5%E0%B6%B4%E0%B7%8A%E0%B6%AD%E0%B7%92%E0%B6%BA-%E0%B6%B6%E0%B7%8F%E0%B7%84%E0%B7%92%E0%B6%BB-%E0%B7%83%E0%B7%9A%E0%B7%80%E0%B7%8F%E0%B6%BD%E0%B7%8F%E0%B6%B7%E0%B7%93%E0%B6%B1%E0%B7%8A.pdf,
phone,pass,Published phone: 0000000252 ,https://labourmin.gov.lk/wp-content/uploads/2025/11/%E0%B6%B4%E0%B7%94%E0%B6%BB%E0%B7%80%E0%B7%90%E0%B7%83%E0%B7%92-%E0%B7%83%E0%B7%9A%E0%B7%80%E0%B7%8F%E0%B6%BD%E0%B6%B7%E0%B7%93-%E0%B6%B4%E0%B7%8A_%E0%B6%BB%E0%B6%A5%E0%B6%B4%E0%B7%8A%E0%B6%AD%E0%B7%92%E0%B6%BA-%E0%B6%B6%E0%B7%8F%E0%B7%84%E0%B7%92%E0%B6%BB-%E0%B7%83%E0%B7%9A%E0%B7%80%E0%B7%8F%E0%B6%BD%E0%B7%8F%E0%B6%B7%E0%B7%93%E0%B6%B1%E0%B7%8A.pdf,
phone,pass,Published phone: 0000000576 ,https://labourmin.gov.lk/wp-content/uploads/2025/11/%E0%B6%B4%E0%B7%94%E0%B6%BB%E0%B7%80%E0%B7%90%E0%B7%83%E0%B7%92-%E0%B7%83%E0%B7%9A%E0%B7%80%E0%B7%8F%E0%B6%BD%E0%B6%B7%E0%B7%93-%E0%B6%B4%E0%B7%8A_%E0%B6%BB%E0%B6%A5%E0%B6%B4%E0%B7%8A%E0%B6%AD%E0%B7%92%E0%B6%BA-%E0%B6%B6%E0%B7%8F%E0%B7%84%E0%B7%92%E0%B6%BB-%E0%B7%83%E0%B7%9A%E0%B7%80%E0%B7%8F%E0%B6%BD%E0%B7%8F%E0%B6%B7%E0%B7%93%E0%B6%B1%E0%B7%8A.pdf,
phone,pass,Published phone: 0000000414 ,https://labourmin.gov.lk/wp-content/uploads/2025/11/%E0%B6%B4%E0%B7%94%E0%B6%BB%E0%B7%80%E0%B7%90%E0%B7%83%E0%B7%92-%E0%B7%83%E0%B7%9A%E0%B7%80%E0%B7%8F%E0%B6%BD%E0%B6%B7%E0%B7%93-%E0%B6%B4%E0%B7%8A_%E0%B6%BB%E0%B6%A5%E0%B6%B4%E0%B7%8A%E0%B6%AD%E0%B7%92%E0%B6%BA-%E0%B6%B6%E0%B7%8F%E0%B7%84%E0%B7%92%E0%B6%BB-%E0%B7%83%E0%B7%9A%E0%B7%80%E0%B7%8F%E0%B6%BD%E0%B7%8F%E0%B6%B7%E0%B7%93%E0%B6%B1%E0%B7%8A.pdf,
phone,pass,Published phone: 0000000357 ,https://labourmin.gov.lk/wp-content/uploads/2025/11/%E0%B6%B4%E0%B7%94%E0%B6%BB%E0%B7%80%E0%B7%90%E0%B7%83%E0%B7%92-%E0%B7%83%E0%B7%9A%E0%B7%80%E0%B7%8F%E0%B6%BD%E0%B6%B7%E0%B7%93-%E0%B6%B4%E0%B7%8A_%E0%B6%BB%E0%B6%A5%E0%B6%B4%E0%B7%8A%E0%B6%AD%E0%B7%92%E0%B6%BA-%E0%B6%B6%E0%B7%8F%E0%B7%84%E0%B7%92%E0%B6%BB-%E0%B7%83%E0%B7%9A%E0%B7%80%E0%B7%8F%E0%B6%BD%E0%B7%8F%E0%B6%B7%E0%B7%93%E0%B6%B1%E0%B7%8A.pdf,
phone,pass,Published phone: 0000000353 ,https://labourmin.gov.lk/wp-content/uploads/2025/11/%E0%B6%B4%E0%B7%94%E0%B6%BB%E0%B7%80%E0%B7%90%E0%B7%83%E0%B7%92-%E0%B7%83%E0%B7%9A%E0%B7%80%E0%B7%8F%E0%B6%BD%E0%B6%B7%E0%B7%93-%E0%B6%B4%E0%B7%8A_%E0%B6%BB%E0%B6%A5%E0%B6%B4%E0%B7%8A%E0%B6%AD%E0%B7%92%E0%B6%BA-%E0%B6%B6%E0%B7%8F%E0%B7%84%E0%B7%92%E0%B6%BB-%E0%B7%83%E0%B7%9A%E0%B7%80%E0%B7%8F%E0%B6%BD%E0%B7%8F%E0%B6%B7%E0%B7%93%E0%B6%B1%E0%B7%8A.pdf,
phone,pass,Published phone: 0000000053 ,https://labourmin.gov.lk/wp-content/uploads/2025/11/%E0%B6%B4%E0%B7%94%E0%B6%BB%E0%B7%80%E0%B7%90%E0%B7%83%E0%B7%92-%E0%B7%83%E0%B7%9A%E0%B7%80%E0%B7%8F%E0%B6%BD%E0%B6%B7%E0%B7%93-%E0%B6%B4%E0%B7%8A_%E0%B6%BB%E0%B6%A5%E0%B6%B4%E0%B7%8A%E0%B6%AD%E0%B7%92%E0%B6%BA-%E0%B6%B6%E0%B7%8F%E0%B7%84%E0%B7%92%E0%B6%BB-%E0%B7%83%E0%B7%9A%E0%B7%80%E0%B7%8F%E0%B6%BD%E0%B7%8F%E0%B6%B7%E0%B7%93%E0%B6%B1%E0%B7%8A.pdf,
phone,pass,Published phone: 0000000362 ,https://labourmin.gov.lk/wp-content/uploads/2025/11/%E0%B6%B4%E0%B7%94%E0%B6%BB%E0%B7%80%E0%B7%90%E0%B7%83%E0%B7%92-%E0%B7%83%E0%B7%9A%E0%B7%80%E0%B7%8F%E0%B6%BD%E0%B6%B7%E0%B7%93-%E0%B6%B4%E0%B7%8A_%E0%B6%BB%E0%B6%A5%E0%B6%B4%E0%B7%8A%E0%B6%AD%E0%B7%92%E0%B6%BA-%E0%B6%B6%E0%B7%8F%E0%B7%84%E0%B7%92%E0%B6%BB-%E0%B7%83%E0%B7%9A%E0%B7%80%E0%B7%8F%E0%B6%BD%E0%B7%8F%E0%B6%B7%E0%B7%93%E0%B6%B1%E0%B7%8A.pdf,
phone,pass,Published phone: 0000000146 ,https://labourmin.gov.lk/wp-content/uploads/2025/11/%E0%B6%B4%E0%B7%94%E0%B6%BB%E0%B7%80%E0%B7%90%E0%B7%83%E0%B7%92-%E0%B7%83%E0%B7%9A%E0%B7%80%E0%B7%8F%E0%B6%BD%E0%B6%B7%E0%B7%93-%E0%B6%B4%E0%B7%8A_%E0%B6%BB%E0%B6%A5%E0%B6%B4%E0%B7%8A%E0%B6%AD%E0%B7%92%E0%B6%BA-%E0%B6%B6%E0%B7%8F%E0%B7%84%E0%B7%92%E0%B6%BB-%E0%B7%83%E0%B7%9A%E0%B7%80%E0%B7%8F%E0%B6%BD%E0%B7%8F%E0%B6%B7%E0%B7%93%E0%B6%B1%E0%B7%8A.pdf,
phone,pass,Published phone: 0000000304 ,https://labourmin.gov.lk/wp-content/uploads/2025/11/%E0%B6%B4%E0%B7%94%E0%B6%BB%E0%B7%80%E0%B7%90%E0%B7%83%E0%B7%92-%E0%B7%83%E0%B7%9A%E0%B7%80%E0%B7%8F%E0%B6%BD%E0%B6%B7%E0%B7%93-%E0%B6%B4%E0%B7%8A_%E0%B6%BB%E0%B6%A5%E0%B6%B4%E0%B7%8A%E0%B6%AD%E0%B7%92%E0%B6%BA-%E0%B6%B6%E0%B7%8F%E0%B7%84%E0%B7%92%E0%B6%BB-%E0%B7%83%E0%B7%9A%E0%B7%80%E0%B7%8F%E0%B6%BD%E0%B7%8F%E0%B6%B7%E0%B7%93%E0%B6%B1%E0%B7%8A.pdf,
phone,pass,Published phone: 0000000421 ,https://labourmin.gov.lk/wp-content/uploads/2025/11/%E0%B6%B4%E0%B7%94%E0%B6%BB%E0%B7%80%E0%B7%90%E0%B7%83%E0%B7%92-%E0%B7%83%E0%B7%9A%E0%B7%80%E0%B7%8F%E0%B6%BD%E0%B6%B7%E0%B7%93-%E0%B6%B4%E0%B7%8A_%E0%B6%BB%E0%B6%A5%E0%B6%B4%E0%B7%8A%E0%B6%AD%E0%B7%92%E0%B6%BA-%E0%B6%B6%E0%B7%8F%E0%B7%84%E0%B7%92%E0%B6%BB-%E0%B7%83%E0%B7%9A%E0%B7%80%E0%B7%8F%E0%B6%BD%E0%B7%8F%E0%B6%B7%E0%B7%93%E0%B6%B1%E0%B7%8A.pdf,
phone,pass,Published phone: 0000000440 ,https://labourmin.gov.lk/wp-content/uploads/2025/11/%E0%B6%B4%E0%B7%94%E0%B6%BB%E0%B7%80%E0%B7%90%E0%B7%83%E0%B7%92-%E0%B7%83%E0%B7%9A%E0%B7%80%E0%B7%8F%E0%B6%BD%E0%B6%B7%E0%B7%93-%E0%B6%B4%E0%B7%8A_%E0%B6%BB%E0%B6%A5%E0%B6%B4%E0%B7%8A%E0%B6%AD%E0%B7%92%E0%B6%BA-%E0%B6%B6%E0%B7%8F%E0%B7%84%E0%B7%92%E0%B6%BB-%E0%B7%83%E0%B7%9A%E0%B7%80%E0%B7%8F%E0%B6%BD%E0%B7%8F%E0%B6%B7%E0%B7%93%E0%B6%B1%E0%B7%8A.pdf,
phone,pass,Published phone: 0000000508 ,https://labourmin.gov.lk/wp-content/uploads/2025/11/%E0%B6%B4%E0%B7%94%E0%B6%BB%E0%B7%80%E0%B7%90%E0%B7%83%E0%B7%92-%E0%B7%83%E0%B7%9A%E0%B7%80%E0%B7%8F%E0%B6%BD%E0%B6%B7%E0%B7%93-%E0%B6%B4%E0%B7%8A_%E0%B6%BB%E0%B6%A5%E0%B6%B4%E0%B7%8A%E0%B6%AD%E0%B7%92%E0%B6%BA-%E0%B6%B6%E0%B7%8F%E0%B7%84%E0%B7%92%E0%B6%BB-%E0%B7%83%E0%B7%9A%E0%B7%80%E0%B7%8F%E0%B6%BD%E0%B7%8F%E0%B6%B7%E0%B7%93%E0%B6%B1%E0%B7%8A.pdf,
phone,pass,Published phone: 0000000519 ,https://labourmin.gov.lk/wp-content/uploads/2025/11/%E0%B6%B4%E0%B7%94%E0%B6%BB%E0%B7%80%E0%B7%90%E0%B7%83%E0%B7%92-%E0%B7%83%E0%B7%9A%E0%B7%80%E0%B7%8F%E0%B6%BD%E0%B6%B7%E0%B7%93-%E0%B6%B4%E0%B7%8A_%E0%B6%BB%E0%B6%A5%E0%B6%B4%E0%B7%8A%E0%B6%AD%E0%B7%92%E0%B6%BA-%E0%B6%B6%E0%B7%8F%E0%B7%84%E0%B7%92%E0%B6%BB-%E0%B7%83%E0%B7%9A%E0%B7%80%E0%B7%8F%E0%B6%BD%E0%B7%8F%E0%B6%B7%E0%B7%93%E0%B6%B1%E0%B7%8A.pdf,
phone,pass,Published phone: 0000000411 ,https://labourmin.gov.lk/wp-content/uploads/2025/11/%E0%B6%B4%E0%B7%94%E0%B6%BB%E0%B7%80%E0%B7%90%E0%B7%83%E0%B7%92-%E0%B7%83%E0%B7%9A%E0%B7%80%E0%B7%8F%E0%B6%BD%E0%B6%B7%E0%B7%93-%E0%B6%B4%E0%B7%8A_%E0%B6%BB%E0%B6%A5%E0%B6%B4%E0%B7%8A%E0%B6%AD%E0%B7%92%E0%B6%BA-%E0%B6%B6%E0%B7%8F%E0%B7%84%E0%B7%92%E0%B6%BB-%E0%B7%83%E0%B7%9A%E0%B7%80%E0%B7%8F%E0%B6%BD%E0%B7%8F%E0%B6%B7%E0%B7%93%E0%B6%B1%E0%B7%8A.pdf,
phone,pass,Published phone: 0000009606 ,https://labourmin.gov.lk/wp-content/uploads/2025/11/%E0%B6%B4%E0%B7%94%E0%B6%BB%E0%B7%80%E0%B7%90%E0%B7%83%E0%B7%92-%E0%B7%83%E0%B7%9A%E0%B7%80%E0%B7%8F%E0%B6%BD%E0%B6%B7%E0%B7%93-%E0%B6%B4%E0%B7%8A_%E0%B6%BB%E0%B6%A5%E0%B6%B4%E0%B7%8A%E0%B6%AD%E0%B7%92%E0%B6%BA-%E0%B6%B6%E0%B7%8F%E0%B7%84%E0%B7%92%E0%B6%BB-%E0%B7%83%E0%B7%9A%E0%B7%80%E0%B7%8F%E0%B6%BD%E0%B7%8F%E0%B6%B7%E0%B7%93%E0%B6%B1%E0%B7%8A.pdf,
phone,pass,Published phone: 0000000488 ,https://labourmin.gov.lk/wp-content/uploads/2025/11/%E0%B6%B4%E0%B7%94%E0%B6%BB%E0%B7%80%E0%B7%90%E0%B7%83%E0%B7%92-%E0%B7%83%E0%B7%9A%E0%B7%80%E0%B7%8F%E0%B6%BD%E0%B6%B7%E0%B7%93-%E0%B6%B4%E0%B7%8A_%E0%B6%BB%E0%B6%A5%E0%B6%B4%E0%B7%8A%E0%B6%AD%E0%B7%92%E0%B6%BA-%E0%B6%B6%E0%B7%8F%E0%B7%84%E0%B7%92%E0%B6%BB-%E0%B7%83%E0%B7%9A%E0%B7%80%E0%B7%8F%E0%B6%BD%E0%B7%8F%E0%B6%B7%E0%B7%93%E0%B6%B1%E0%B7%8A.pdf,
phone,pass,Published phone: 0000000502 ,https://labourmin.gov.lk/wp-content/uploads/2025/11/%E0%B6%B4%E0%B7%94%E0%B6%BB%E0%B7%80%E0%B7%90%E0%B7%83%E0%B7%92-%E0%B7%83%E0%B7%9A%E0%B7%80%E0%B7%8F%E0%B6%BD%E0%B6%B7%E0%B7%93-%E0%B6%B4%E0%B7%8A_%E0%B6%BB%E0%B6%A5%E0%B6%B4%E0%B7%8A%E0%B6%AD%E0%B7%92%E0%B6%BA-%E0%B6%B6%E0%B7%8F%E0%B7%84%E0%B7%92%E0%B6%BB-%E0%B7%83%E0%B7%9A%E0%B7%80%E0%B7%8F%E0%B6%BD%E0%B7%8F%E0%B6%B7%E0%B7%93%E0%B6%B1%E0%B7%8A.pdf,
phone,pass,Published phone: 0000000082 ,https://labourmin.gov.lk/wp-content/uploads/2025/11/%E0%B6%B4%E0%B7%94%E0%B6%BB%E0%B7%80%E0%B7%90%E0%B7%83%E0%B7%92-%E0%B7%83%E0%B7%9A%E0%B7%80%E0%B7%8F%E0%B6%BD%E0%B6%B7%E0%B7%93-%E0%B6%B4%E0%B7%8A_%E0%B6%BB%E0%B6%A5%E0%B6%B4%E0%B7%8A%E0%B6%AD%E0%B7%92%E0%B6%BA-%E0%B6%B6%E0%B7%8F%E0%B7%84%E0%B7%92%E0%B6%BB-%E0%B7%83%E0%B7%9A%E0%B7%80%E0%B7%8F%E0%B6%BD%E0%B7%8F%E0%B6%B7%E0%B7%93%E0%B6%B1%E0%B7%8A.pdf,
phone,pass,Published phone: 0000000554 ,https://labourmin.gov.lk/wp-content/uploads/2025/11/%E0%B6%B4%E0%B7%94%E0%B6%BB%E0%B7%80%E0%B7%90%E0%B7%83%E0%B7%92-%E0%B7%83%E0%B7%9A%E0%B7%80%E0%B7%8F%E0%B6%BD%E0%B6%B7%E0%B7%93-%E0%B6%B4%E0%B7%8A_%E0%B6%BB%E0%B6%A5%E0%B6%B4%E0%B7%8A%E0%B6%AD%E0%B7%92%E0%B6%BA-%E0%B6%B6%E0%B7%8F%E0%B7%84%E0%B7%92%E0%B6%BB-%E0%B7%83%E0%B7%9A%E0%B7%80%E0%B7%8F%E0%B6%BD%E0%B7%8F%E0%B6%B7%E0%B7%93%E0%B6%B1%E0%B7%8A.pdf,
phone,pass,Published phone: 0000000114 ,https://labourmin.gov.lk/wp-content/uploads/2025/11/%E0%B6%B4%E0%B7%94%E0%B6%BB%E0%B7%80%E0%B7%90%E0%B7%83%E0%B7%92-%E0%B7%83%E0%B7%9A%E0%B7%80%E0%B7%8F%E0%B6%BD%E0%B6%B7%E0%B7%93-%E0%B6%B4%E0%B7%8A_%E0%B6%BB%E0%B6%A5%E0%B6%B4%E0%B7%8A%E0%B6%AD%E0%B7%92%E0%B6%BA-%E0%B6%B6%E0%B7%8F%E0%B7%84%E0%B7%92%E0%B6%BB-%E0%B7%83%E0%B7%9A%E0%B7%80%E0%B7%8F%E0%B6%BD%E0%B7%8F%E0%B6%B7%E0%B7%93%E0%B6%B1%E0%B7%8A.pdf,
phone,pass,Published phone: 0000000268 ,https://labourmin.gov.lk/wp-content/uploads/2025/11/%E0%B6%B4%E0%B7%94%E0%B6%BB%E0%B7%80%E0%B7%90%E0%B7%83%E0%B7%92-%E0%B7%83%E0%B7%9A%E0%B7%80%E0%B7%8F%E0%B6%BD%E0%B6%B7%E0%B7%93-%E0%B6%B4%E0%B7%8A_%E0%B6%BB%E0%B6%A5%E0%B6%B4%E0%B7%8A%E0%B6%AD%E0%B7%92%E0%B6%BA-%E0%B6%B6%E0%B7%8F%E0%B7%84%E0%B7%92%E0%B6%BB-%E0%B7%83%E0%B7%9A%E0%B7%80%E0%B7%8F%E0%B6%BD%E0%B7%8F%E0%B6%B7%E0%B7%93%E0%B6%B1%E0%B7%8A.pdf,
phone,pass,Published phone: 0000013057 ,https://labourmin.gov.lk/wp-content/uploads/2025/11/%E0%B6%B4%E0%B7%94%E0%B6%BB%E0%B7%80%E0%B7%90%E0%B7%83%E0%B7%92-%E0%B7%83%E0%B7%9A%E0%B7%80%E0%B7%8F%E0%B6%BD%E0%B6%B7%E0%B7%93-%E0%B6%B4%E0%B7%8A_%E0%B6%BB%E0%B6%A5%E0%B6%B4%E0%B7%8A%E0%B6%AD%E0%B7%92%E0%B6%BA-%E0%B6%B6%E0%B7%8F%E0%B7%84%E0%B7%92%E0%B6%BB-%E0%B7%83%E0%B7%9A%E0%B7%80%E0%B7%8F%E0%B6%BD%E0%B7%8F%E0%B6%B7%E0%B7%93%E0%B6%B1%E0%B7%8A.pdf,
phone,pass,Published phone: 0000000103 ,https://labourmin.gov.lk/wp-content/uploads/2025/11/%E0%B6%B4%E0%B7%94%E0%B6%BB%E0%B7%80%E0%B7%90%E0%B7%83%E0%B7%92-%E0%B7%83%E0%B7%9A%E0%B7%80%E0%B7%8F%E0%B6%BD%E0%B6%B7%E0%B7%93-%E0%B6%B4%E0%B7%8A_%E0%B6%BB%E0%B6%A5%E0%B6%B4%E0%B7%8A%E0%B6%AD%E0%B7%92%E0%B6%BA-%E0%B6%B6%E0%B7%8F%E0%B7%84%E0%B7%92%E0%B6%BB-%E0%B7%83%E0%B7%9A%E0%B7%80%E0%B7%8F%E0%B6%BD%E0%B7%8F%E0%B6%B7%E0%B7%93%E0%B6%B1%E0%B7%8A.pdf,
phone,pass,Published phone: 0000000120 ,https://labourmin.gov.lk/wp-content/uploads/2025/11/%E0%B6%B4%E0%B7%94%E0%B6%BB%E0%B7%80%E0%B7%90%E0%B7%83%E0%B7%92-%E0%B7%83%E0%B7%9A%E0%B7%80%E0%B7%8F%E0%B6%BD%E0%B6%B7%E0%B7%93-%E0%B6%B4%E0%B7%8A_%E0%B6%BB%E0%B6%A5%E0%B6%B4%E0%B7%8A%E0%B6%AD%E0%B7%92%E0%B6%BA-%E0%B6%B6%E0%B7%8F%E0%B7%84%E0%B7%92%E0%B6%BB-%E0%B7%83%E0%B7%9A%E0%B7%80%E0%B7%8F%E0%B6%BD%E0%B7%8F%E0%B6%B7%E0%B7%93%E0%B6%B1%E0%B7%8A.pdf,
phone,pass,Published phone: 0000000490 ,https://labourmin.gov.lk/wp-content/uploads/2025/11/%E0%B6%B4%E0%B7%94%E0%B6%BB%E0%B7%80%E0%B7%90%E0%B7%83%E0%B7%92-%E0%B7%83%E0%B7%9A%E0%B7%80%E0%B7%8F%E0%B6%BD%E0%B6%B7%E0%B7%93-%E0%B6%B4%E0%B7%8A_%E0%B6%BB%E0%B6%A5%E0%B6%B4%E0%B7%8A%E0%B6%AD%E0%B7%92%E0%B6%BA-%E0%B6%B6%E0%B7%8F%E0%B7%84%E0%B7%92%E0%B6%BB-%E0%B7%83%E0%B7%9A%E0%B7%80%E0%B7%8F%E0%B6%BD%E0%B7%8F%E0%B6%B7%E0%B7%93%E0%B6%B1%E0%B7%8A.pdf,
phone,pass,Published phone: 0000014372 ,https://labourmin.gov.lk/wp-content/uploads/2025/11/%E0%B6%B4%E0%B7%94%E0%B6%BB%E0%B7%80%E0%B7%90%E0%B7%83%E0%B7%92-%E0%B7%83%E0%B7%9A%E0%B7%80%E0%B7%8F%E0%B6%BD%E0%B6%B7%E0%B7%93-%E0%B6%B4%E0%B7%8A_%E0%B6%BB%E0%B6%A5%E0%B6%B4%E0%B7%8A%E0%B6%AD%E0%B7%92%E0%B6%BA-%E0%B6%B6%E0%B7%8F%E0%B7%84%E0%B7%92%E0%B6%BB-%E0%B7%83%E0%B7%9A%E0%B7%80%E0%B7%8F%E0%B6%BD%E0%B7%8F%E0%B6%B7%E0%B7%93%E0%B6%B1%E0%B7%8A.pdf,
phone,pass,Published phone: 0000000534 ,https://labourmin.gov.lk/wp-content/uploads/2025/11/%E0%B6%B4%E0%B7%94%E0%B6%BB%E0%B7%80%E0%B7%90%E0%B7%83%E0%B7%92-%E0%B7%83%E0%B7%9A%E0%B7%80%E0%B7%8F%E0%B6%BD%E0%B6%B7%E0%B7%93-%E0%B6%B4%E0%B7%8A_%E0%B6%BB%E0%B6%A5%E0%B6%B4%E0%B7%8A%E0%B6%AD%E0%B7%92%E0%B6%BA-%E0%B6%B6%E0%B7%8F%E0%B7%84%E0%B7%92%E0%B6%BB-%E0%B7%83%E0%B7%9A%E0%B7%80%E0%B7%8F%E0%B6%BD%E0%B7%8F%E0%B6%B7%E0%B7%93%E0%B6%B1%E0%B7%8A.pdf,
phone,pass,Published phone: 0000000248 ,https://labourmin.gov.lk/wp-content/uploads/2025/11/%E0%B6%B4%E0%B7%94%E0%B6%BB%E0%B7%80%E0%B7%90%E0%B7%83%E0%B7%92-%E0%B7%83%E0%B7%9A%E0%B7%80%E0%B7%8F%E0%B6%BD%E0%B6%B7%E0%B7%93-%E0%B6%B4%E0%B7%8A_%E0%B6%BB%E0%B6%A5%E0%B6%B4%E0%B7%8A%E0%B6%AD%E0%B7%92%E0%B6%BA-%E0%B6%B6%E0%B7%8F%E0%B7%84%E0%B7%92%E0%B6%BB-%E0%B7%83%E0%B7%9A%E0%B7%80%E0%B7%8F%E0%B6%BD%E0%B7%8F%E0%B6%B7%E0%B7%93%E0%B6%B1%E0%B7%8A.pdf,
phone,pass,Published phone: 0000000326 ,https://labourmin.gov.lk/wp-content/uploads/2025/11/%E0%B6%B4%E0%B7%94%E0%B6%BB%E0%B7%80%E0%B7%90%E0%B7%83%E0%B7%92-%E0%B7%83%E0%B7%9A%E0%B7%80%E0%B7%8F%E0%B6%BD%E0%B6%B7%E0%B7%93-%E0%B6%B4%E0%B7%8A_%E0%B6%BB%E0%B6%A5%E0%B6%B4%E0%B7%8A%E0%B6%AD%E0%B7%92%E0%B6%BA-%E0%B6%B6%E0%B7%8F%E0%B7%84%E0%B7%92%E0%B6%BB-%E0%B7%83%E0%B7%9A%E0%B7%80%E0%B7%8F%E0%B6%BD%E0%B7%8F%E0%B6%B7%E0%B7%93%E0%B6%B1%E0%B7%8A.pdf,
phone,pass,Published phone: 0000000159 ,https://labourmin.gov.lk/wp-content/uploads/2025/11/%E0%B6%B4%E0%B7%94%E0%B6%BB%E0%B7%80%E0%B7%90%E0%B7%83%E0%B7%92-%E0%B7%83%E0%B7%9A%E0%B7%80%E0%B7%8F%E0%B6%BD%E0%B6%B7%E0%B7%93-%E0%B6%B4%E0%B7%8A_%E0%B6%BB%E0%B6%A5%E0%B6%B4%E0%B7%8A%E0%B6%AD%E0%B7%92%E0%B6%BA-%E0%B6%B6%E0%B7%8F%E0%B7%84%E0%B7%92%E0%B6%BB-%E0%B7%83%E0%B7%9A%E0%B7%80%E0%B7%8F%E0%B6%BD%E0%B7%8F%E0%B6%B7%E0%B7%93%E0%B6%B1%E0%B7%8A.pdf,
phone,pass,Published phone: 0000000215 ,https://labourmin.gov.lk/wp-content/uploads/2025/11/%E0%B6%B4%E0%B7%94%E0%B6%BB%E0%B7%80%E0%B7%90%E0%B7%83%E0%B7%92-%E0%B7%83%E0%B7%9A%E0%B7%80%E0%B7%8F%E0%B6%BD%E0%B6%B7%E0%B7%93-%E0%B6%B4%E0%B7%8A_%E0%B6%BB%E0%B6%A5%E0%B6%B4%E0%B7%8A%E0%B6%AD%E0%B7%92%E0%B6%BA-%E0%B6%B6%E0%B7%8F%E0%B7%84%E0%B7%92%E0%B6%BB-%E0%B7%83%E0%B7%9A%E0%B7%80%E0%B7%8F%E0%B6%BD%E0%B7%8F%E0%B6%B7%E0%B7%93%E0%B6%B1%E0%B7%8A.pdf,
phone,pass,Published phone: 0000000325 ,https://labourmin.gov.lk/wp-content/uploads/2025/11/%E0%B6%B4%E0%B7%94%E0%B6%BB%E0%B7%80%E0%B7%90%E0%B7%83%E0%B7%92-%E0%B7%83%E0%B7%9A%E0%B7%80%E0%B7%8F%E0%B6%BD%E0%B6%B7%E0%B7%93-%E0%B6%B4%E0%B7%8A_%E0%B6%BB%E0%B6%A5%E0%B6%B4%E0%B7%8A%E0%B6%AD%E0%B7%92%E0%B6%BA-%E0%B6%B6%E0%B7%8F%E0%B7%84%E0%B7%92%E0%B6%BB-%E0%B7%83%E0%B7%9A%E0%B7%80%E0%B7%8F%E0%B6%BD%E0%B7%8F%E0%B6%B7%E0%B7%93%E0%B6%B1%E0%B7%8A.pdf,
phone,pass,Published phone: 0000000441 ,https://labourmin.gov.lk/wp-content/uploads/2025/11/%E0%B6%B4%E0%B7%94%E0%B6%BB%E0%B7%80%E0%B7%90%E0%B7%83%E0%B7%92-%E0%B7%83%E0%B7%9A%E0%B7%80%E0%B7%8F%E0%B6%BD%E0%B6%B7%E0%B7%93-%E0%B6%B4%E0%B7%8A_%E0%B6%BB%E0%B6%A5%E0%B6%B4%E0%B7%8A%E0%B6%AD%E0%B7%92%E0%B6%BA-%E0%B6%B6%E0%B7%8F%E0%B7%84%E0%B7%92%E0%B6%BB-%E0%B7%83%E0%B7%9A%E0%B7%80%E0%B7%8F%E0%B6%BD%E0%B7%8F%E0%B6%B7%E0%B7%93%E0%B6%B1%E0%B7%8A.pdf,
phone,pass,Published phone: 0000000070 ,https://labourmin.gov.lk/wp-content/uploads/2025/11/%E0%B6%B4%E0%B7%94%E0%B6%BB%E0%B7%80%E0%B7%90%E0%B7%83%E0%B7%92-%E0%B7%83%E0%B7%9A%E0%B7%80%E0%B7%8F%E0%B6%BD%E0%B6%B7%E0%B7%93-%E0%B6%B4%E0%B7%8A_%E0%B6%BB%E0%B6%A5%E0%B6%B4%E0%B7%8A%E0%B6%AD%E0%B7%92%E0%B6%BA-%E0%B6%B6%E0%B7%8F%E0%B7%84%E0%B7%92%E0%B6%BB-%E0%B7%83%E0%B7%9A%E0%B7%80%E0%B7%8F%E0%B6%BD%E0%B7%8F%E0%B6%B7%E0%B7%93%E0%B6%B1%E0%B7%8A.pdf,
phone,pass,Published phone: 0000000052 ,https://labourmin.gov.lk/wp-content/uploads/2025/11/%E0%B6%B4%E0%B7%94%E0%B6%BB%E0%B7%80%E0%B7%90%E0%B7%83%E0%B7%92-%E0%B7%83%E0%B7%9A%E0%B7%80%E0%B7%8F%E0%B6%BD%E0%B6%B7%E0%B7%93-%E0%B6%B4%E0%B7%8A_%E0%B6%BB%E0%B6%A5%E0%B6%B4%E0%B7%8A%E0%B6%AD%E0%B7%92%E0%B6%BA-%E0%B6%B6%E0%B7%8F%E0%B7%84%E0%B7%92%E0%B6%BB-%E0%B7%83%E0%B7%9A%E0%B7%80%E0%B7%8F%E0%B6%BD%E0%B7%8F%E0%B6%B7%E0%B7%93%E0%B6%B1%E0%B7%8A.pdf,
phone,pass,Published phone: 0000000493 ,https://labourmin.gov.lk/wp-content/uploads/2025/11/%E0%B6%B4%E0%B7%94%E0%B6%BB%E0%B7%80%E0%B7%90%E0%B7%83%E0%B7%92-%E0%B7%83%E0%B7%9A%E0%B7%80%E0%B7%8F%E0%B6%BD%E0%B6%B7%E0%B7%93-%E0%B6%B4%E0%B7%8A_%E0%B6%BB%E0%B6%A5%E0%B6%B4%E0%B7%8A%E0%B6%AD%E0%B7%92%E0%B6%BA-%E0%B6%B6%E0%B7%8F%E0%B7%84%E0%B7%92%E0%B6%BB-%E0%B7%83%E0%B7%9A%E0%B7%80%E0%B7%8F%E0%B6%BD%E0%B7%8F%E0%B6%B7%E0%B7%93%E0%B6%B1%E0%B7%8A.pdf,
phone,pass,Published phone: 0000000384 ,https://labourmin.gov.lk/wp-content/uploads/2025/11/%E0%B6%B4%E0%B7%94%E0%B6%BB%E0%B7%80%E0%B7%90%E0%B7%83%E0%B7%92-%E0%B7%83%E0%B7%9A%E0%B7%80%E0%B7%8F%E0%B6%BD%E0%B6%B7%E0%B7%93-%E0%B6%B4%E0%B7%8A_%E0%B6%BB%E0%B6%A5%E0%B6%B4%E0%B7%8A%E0%B6%AD%E0%B7%92%E0%B6%BA-%E0%B6%B6%E0%B7%8F%E0%B7%84%E0%B7%92%E0%B6%BB-%E0%B7%83%E0%B7%9A%E0%B7%80%E0%B7%8F%E0%B6%BD%E0%B7%8F%E0%B6%B7%E0%B7%93%E0%B6%B1%E0%B7%8A.pdf,
phone,pass,Published phone: 0000000086 ,https://labourmin.gov.lk/wp-content/uploads/2025/11/%E0%B6%B4%E0%B7%94%E0%B6%BB%E0%B7%80%E0%B7%90%E0%B7%83%E0%B7%92-%E0%B7%83%E0%B7%9A%E0%B7%80%E0%B7%8F%E0%B6%BD%E0%B6%B7%E0%B7%93-%E0%B6%B4%E0%B7%8A_%E0%B6%BB%E0%B6%A5%E0%B6%B4%E0%B7%8A%E0%B6%AD%E0%B7%92%E0%B6%BA-%E0%B6%B6%E0%B7%8F%E0%B7%84%E0%B7%92%E0%B6%BB-%E0%B7%83%E0%B7%9A%E0%B7%80%E0%B7%8F%E0%B6%BD%E0%B7%8F%E0%B6%B7%E0%B7%93%E0%B6%B1%E0%B7%8A.pdf,
phone,pass,Published phone: 0000000363 ,https://labourmin.gov.lk/wp-content/uploads/2025/11/%E0%B6%B4%E0%B7%94%E0%B6%BB%E0%B7%80%E0%B7%90%E0%B7%83%E0%B7%92-%E0%B7%83%E0%B7%9A%E0%B7%80%E0%B7%8F%E0%B6%BD%E0%B6%B7%E0%B7%93-%E0%B6%B4%E0%B7%8A_%E0%B6%BB%E0%B6%A5%E0%B6%B4%E0%B7%8A%E0%B6%AD%E0%B7%92%E0%B6%BA-%E0%B6%B6%E0%B7%8F%E0%B7%84%E0%B7%92%E0%B6%BB-%E0%B7%83%E0%B7%9A%E0%B7%80%E0%B7%8F%E0%B6%BD%E0%B7%8F%E0%B6%B7%E0%B7%93%E0%B6%B1%E0%B7%8A.pdf,
phone,pass,Published phone: 0000000302 ,https://labourmin.gov.lk/wp-content/uploads/2025/11/%E0%B6%B4%E0%B7%94%E0%B6%BB%E0%B7%80%E0%B7%90%E0%B7%83%E0%B7%92-%E0%B7%83%E0%B7%9A%E0%B7%80%E0%B7%8F%E0%B6%BD%E0%B6%B7%E0%B7%93-%E0%B6%B4%E0%B7%8A_%E0%B6%BB%E0%B6%A5%E0%B6%B4%E0%B7%8A%E0%B6%AD%E0%B7%92%E0%B6%BA-%E0%B6%B6%E0%B7%8F%E0%B7%84%E0%B7%92%E0%B6%BB-%E0%B7%83%E0%B7%9A%E0%B7%80%E0%B7%8F%E0%B6%BD%E0%B7%8F%E0%B6%B7%E0%B7%93%E0%B6%B1%E0%B7%8A.pdf,
phone,pass,Published phone: 0000000338 ,https://labourmin.gov.lk/wp-content/uploads/2025/11/%E0%B6%B4%E0%B7%94%E0%B6%BB%E0%B7%80%E0%B7%90%E0%B7%83%E0%B7%92-%E0%B7%83%E0%B7%9A%E0%B7%80%E0%B7%8F%E0%B6%BD%E0%B6%B7%E0%B7%93-%E0%B6%B4%E0%B7%8A_%E0%B6%BB%E0%B6%A5%E0%B6%B4%E0%B7%8A%E0%B6%AD%E0%B7%92%E0%B6%BA-%E0%B6%B6%E0%B7%8F%E0%B7%84%E0%B7%92%E0%B6%BB-%E0%B7%83%E0%B7%9A%E0%B7%80%E0%B7%8F%E0%B6%BD%E0%B7%8F%E0%B6%B7%E0%B7%93%E0%B6%B1%E0%B7%8A.pdf,
phone,pass,Published phone: 0000010023 ,https://labourmin.gov.lk/wp-content/uploads/2025/11/%E0%B6%B4%E0%B7%94%E0%B6%BB%E0%B7%80%E0%B7%90%E0%B7%83%E0%B7%92-%E0%B7%83%E0%B7%9A%E0%B7%80%E0%B7%8F%E0%B6%BD%E0%B6%B7%E0%B7%93-%E0%B6%B4%E0%B7%8A_%E0%B6%BB%E0%B6%A5%E0%B6%B4%E0%B7%8A%E0%B6%AD%E0%B7%92%E0%B6%BA-%E0%B6%B6%E0%B7%8F%E0%B7%84%E0%B7%92%E0%B6%BB-%E0%B7%83%E0%B7%9A%E0%B7%80%E0%B7%8F%E0%B6%BD%E0%B7%8F%E0%B6%B7%E0%B7%93%E0%B6%B1%E0%B7%8A.pdf,
phone,pass,Published phone: 0000000299 ,https://labourmin.gov.lk/wp-content/uploads/2025/11/%E0%B6%B4%E0%B7%94%E0%B6%BB%E0%B7%80%E0%B7%90%E0%B7%83%E0%B7%92-%E0%B7%83%E0%B7%9A%E0%B7%80%E0%B7%8F%E0%B6%BD%E0%B6%B7%E0%B7%93-%E0%B6%B4%E0%B7%8A_%E0%B6%BB%E0%B6%A5%E0%B6%B4%E0%B7%8A%E0%B6%AD%E0%B7%92%E0%B6%BA-%E0%B6%B6%E0%B7%8F%E0%B7%84%E0%B7%92%E0%B6%BB-%E0%B7%83%E0%B7%9A%E0%B7%80%E0%B7%8F%E0%B6%BD%E0%B7%8F%E0%B6%B7%E0%B7%93%E0%B6%B1%E0%B7%8A.pdf,
phone,pass,Published phone: 0000000437 ,https://labourmin.gov.lk/wp-content/uploads/2025/11/%E0%B6%B4%E0%B7%94%E0%B6%BB%E0%B7%80%E0%B7%90%E0%B7%83%E0%B7%92-%E0%B7%83%E0%B7%9A%E0%B7%80%E0%B7%8F%E0%B6%BD%E0%B6%B7%E0%B7%93-%E0%B6%B4%E0%B7%8A_%E0%B6%BB%E0%B6%A5%E0%B6%B4%E0%B7%8A%E0%B6%AD%E0%B7%92%E0%B6%BA-%E0%B6%B6%E0%B7%8F%E0%B7%84%E0%B7%92%E0%B6%BB-%E0%B7%83%E0%B7%9A%E0%B7%80%E0%B7%8F%E0%B6%BD%E0%B7%8F%E0%B6%B7%E0%B7%93%E0%B6%B1%E0%B7%8A.pdf,
phone,pass,Published phone: 0000000158 ,https://labourmin.gov.lk/wp-content/uploads/2025/11/%E0%B6%B4%E0%B7%94%E0%B6%BB%E0%B7%80%E0%B7%90%E0%B7%83%E0%B7%92-%E0%B7%83%E0%B7%9A%E0%B7%80%E0%B7%8F%E0%B6%BD%E0%B6%B7%E0%B7%93-%E0%B6%B4%E0%B7%8A_%E0%B6%BB%E0%B6%A5%E0%B6%B4%E0%B7%8A%E0%B6%AD%E0%B7%92%E0%B6%BA-%E0%B6%B6%E0%B7%8F%E0%B7%84%E0%B7%92%E0%B6%BB-%E0%B7%83%E0%B7%9A%E0%B7%80%E0%B7%8F%E0%B6%BD%E0%B7%8F%E0%B6%B7%E0%B7%93%E0%B6%B1%E0%B7%8A.pdf,
phone,pass,Published phone: 0000011310 ,https://labourmin.gov.lk/wp-content/uploads/2025/11/%E0%B6%B4%E0%B7%94%E0%B6%BB%E0%B7%80%E0%B7%90%E0%B7%83%E0%B7%92-%E0%B7%83%E0%B7%9A%E0%B7%80%E0%B7%8F%E0%B6%BD%E0%B6%B7%E0%B7%93-%E0%B6%B4%E0%B7%8A_%E0%B6%BB%E0%B6%A5%E0%B6%B4%E0%B7%8A%E0%B6%AD%E0%B7%92%E0%B6%BA-%E0%B6%B6%E0%B7%8F%E0%B7%84%E0%B7%92%E0%B6%BB-%E0%B7%83%E0%B7%9A%E0%B7%80%E0%B7%8F%E0%B6%BD%E0%B7%8F%E0%B6%B7%E0%B7%93%E0%B6%B1%E0%B7%8A.pdf,
phone,pass,Published phone: 0000000185 ,https://labourmin.gov.lk/wp-content/uploads/2025/11/%E0%B6%B4%E0%B7%94%E0%B6%BB%E0%B7%80%E0%B7%90%E0%B7%83%E0%B7%92-%E0%B7%83%E0%B7%9A%E0%B7%80%E0%B7%8F%E0%B6%BD%E0%B6%B7%E0%B7%93-%E0%B6%B4%E0%B7%8A_%E0%B6%BB%E0%B6%A5%E0%B6%B4%E0%B7%8A%E0%B6%AD%E0%B7%92%E0%B6%BA-%E0%B6%B6%E0%B7%8F%E0%B7%84%E0%B7%92%E0%B6%BB-%E0%B7%83%E0%B7%9A%E0%B7%80%E0%B7%8F%E0%B6%BD%E0%B7%8F%E0%B6%B7%E0%B7%93%E0%B6%B1%E0%B7%8A.pdf,
phone,pass,Published phone: 0000000324 ,https://labourmin.gov.lk/wp-content/uploads/2025/11/%E0%B6%B4%E0%B7%94%E0%B6%BB%E0%B7%80%E0%B7%90%E0%B7%83%E0%B7%92-%E0%B7%83%E0%B7%9A%E0%B7%80%E0%B7%8F%E0%B6%BD%E0%B6%B7%E0%B7%93-%E0%B6%B4%E0%B7%8A_%E0%B6%BB%E0%B6%A5%E0%B6%B4%E0%B7%8A%E0%B6%AD%E0%B7%92%E0%B6%BA-%E0%B6%B6%E0%B7%8F%E0%B7%84%E0%B7%92%E0%B6%BB-%E0%B7%83%E0%B7%9A%E0%B7%80%E0%B7%8F%E0%B6%BD%E0%B7%8F%E0%B6%B7%E0%B7%93%E0%B6%B1%E0%B7%8A.pdf,
phone,pass,Published phone: 0000000237 ,https://labourmin.gov.lk/wp-content/uploads/2025/11/%E0%B6%B4%E0%B7%94%E0%B6%BB%E0%B7%80%E0%B7%90%E0%B7%83%E0%B7%92-%E0%B7%83%E0%B7%9A%E0%B7%80%E0%B7%8F%E0%B6%BD%E0%B6%B7%E0%B7%93-%E0%B6%B4%E0%B7%8A_%E0%B6%BB%E0%B6%A5%E0%B6%B4%E0%B7%8A%E0%B6%AD%E0%B7%92%E0%B6%BA-%E0%B6%B6%E0%B7%8F%E0%B7%84%E0%B7%92%E0%B6%BB-%E0%B7%83%E0%B7%9A%E0%B7%80%E0%B7%8F%E0%B6%BD%E0%B7%8F%E0%B6%B7%E0%B7%93%E0%B6%B1%E0%B7%8A.pdf,
phone,pass,Published phone: 0000000535 ,https://labourmin.gov.lk/wp-content/uploads/2025/11/%E0%B6%B4%E0%B7%94%E0%B6%BB%E0%B7%80%E0%B7%90%E0%B7%83%E0%B7%92-%E0%B7%83%E0%B7%9A%E0%B7%80%E0%B7%8F%E0%B6%BD%E0%B6%B7%E0%B7%93-%E0%B6%B4%E0%B7%8A_%E0%B6%BB%E0%B6%A5%E0%B6%B4%E0%B7%8A%E0%B6%AD%E0%B7%92%E0%B6%BA-%E0%B6%B6%E0%B7%8F%E0%B7%84%E0%B7%92%E0%B6%BB-%E0%B7%83%E0%B7%9A%E0%B7%80%E0%B7%8F%E0%B6%BD%E0%B7%8F%E0%B6%B7%E0%B7%93%E0%B6%B1%E0%B7%8A.pdf,
phone,pass,Published phone: +94) 11 2581991 ( ,https://labourmin.gov.lk/policy/,
phone,pass,Published phone: +94) 11 2368165 ,https://labourmin.gov.lk/policy/,
phone,pass,Published phone: 0000000000,https://labourmin.gov.lk/policy/,
phone,pass,Published phone: 0539140313,https://labourmin.gov.lk/policy/,
phone,pass,Published phone: 0954586231,https://labourmin.gov.lk/policy/,
phone,pass,Published phone: 0212707519,https://labourmin.gov.lk/policy/,
phone,pass,Published phone: 0000008180,https://labourmin.gov.lk/policy/,
email,pass,Published email: info@labourmin.gov.lk,https://labourmin.gov.lk/policy/,
postal_address,pass,"Published postal address: Symposium NLAC Contact us 6th floor,Mehewara Piyasa, Narahenpita, Colombo 05, Sri Lanka",https://labourmin.gov.lk/policy/,
named_responsibility,pass,Published named responsibility: division,https://labourmin.gov.lk/policy/,
legal_basis,pass,Published legal basis: gazette,https://labourmin.gov.lk/policy/,
phone,pass,Published phone: +94) 11 2581991 ( ,https://labourmin.gov.lk/acts/,
phone,pass,Published phone: +94) 11 2368165 ,https://labourmin.gov.lk/acts/,
phone,pass,Published phone: 0000000000,https://labourmin.gov.lk/acts/,
phone,pass,Published phone: 0539140313,https://labourmin.gov.lk/acts/,
phone,pass,Published phone: 0954586231,https://labourmin.gov.lk/acts/,
phone,pass,Published phone: 0212707519,https://labourmin.gov.lk/acts/,
phone,pass,Published phone: 0000008180,https://labourmin.gov.lk/acts/,
email,pass,Published email: info@labourmin.gov.lk,https://labourmin.gov.lk/acts/,
postal_address,pass,"Published postal address: Symposium NLAC Contact us 6th floor,Mehewara Piyasa, Narahenpita, Colombo 05, Sri Lanka",https://labourmin.gov.lk/acts/,
named_responsibility,pass,Published named responsibility: division,https://labourmin.gov.lk/acts/,
legal_basis,pass,Published legal basis: regulations,https://labourmin.gov.lk/acts/,
page_text,pass,Substantive page content: 103320 visible characters across 14 pages,https://www.labourmin.gov.lk/,
