check,status,detail,source,observed_at
dns,pass,Public DNS resolved,,2026-09-08T23:59:58.532483+05:30
domain_registration,error,Domain is absent from RDAP,,2026-09-08T23:59:58.532501+05:30
tls,pass,TLS certificate valid,,2026-09-08T23:59:59.489168+05:30
http,pass,Probe 1: HTTP 200 at https://ngosec.gov.lk/,https://ngosec.gov.lk/,2026-09-09T00:00:33.703049+05:30
http,pass,Probe 2: HTTP 200 at https://ngosec.gov.lk/,http://ngosec.gov.lk/,2026-09-09T00:00:33.703074+05:30
http,pass,Probe 3: HTTP 200 at https://ngosec.gov.lk/,https://ngosec.gov.lk/,2026-09-09T00:00:33.703078+05:30
http,pass,Probe 4: HTTP 200 at https://ngosec.gov.lk/,http://ngosec.gov.lk/,2026-09-09T00:00:33.703081+05:30
http,pass,Probe 5: HTTP 200 at https://ngosec.gov.lk/services,https://ngosec.gov.lk/services,2026-09-09T00:00:33.703083+05:30
http,pass,Probe 6: HTTP 200 at https://ngosec.gov.lk/contact,https://ngosec.gov.lk/contact,2026-09-09T00:00:33.703086+05:30
http,pass,Probe 7: HTTP 200 at https://ngosec.gov.lk/about,https://ngosec.gov.lk/about,2026-09-09T00:00:33.703089+05:30
http,pass,Probe 8: HTTP 200 at https://ngosec.gov.lk/about/top-ngos,https://ngosec.gov.lk/about/top-ngos,2026-09-09T00:00:33.703092+05:30
http,pass,Probe 9: HTTP 200 at https://ngosec.gov.lk/about/registered-active-ngos,https://ngosec.gov.lk/about/registered-active-ngos,2026-09-09T00:00:33.703094+05:30
http,pass,Probe 10: HTTP 200 at https://ngosec.gov.lk/about/registered-inactive-ngos,https://ngosec.gov.lk/about/registered-inactive-ngos,2026-09-09T00:00:33.703097+05:30
http,pass,Probe 11: HTTP 200 at https://ngosec.gov.lk/about/district-level-registered-ngo-list,https://ngosec.gov.lk/about/district-level-registered-ngo-list,2026-09-09T00:00:33.703100+05:30
http,pass,Probe 12: HTTP 200 at https://ngosec.gov.lk/about/list-of-microfinance-ngos-in-sri-lanka,https://ngosec.gov.lk/about/list-of-microfinance-ngos-in-sri-lanka,2026-09-09T00:00:33.703103+05:30
http,pass,Probe 13: HTTP 200 at https://ngosec.gov.lk/about/staff,https://ngosec.gov.lk/about/staff,2026-09-09T00:00:33.703106+05:30
http,pass,Probe 14: HTTP 200 at https://ngosec.gov.lk/about/ngo-coordinators,https://ngosec.gov.lk/about/ngo-coordinators,2026-09-09T00:00:33.703109+05:30
phone,pass,Published phone: +94) 112884612 ,https://ngosec.gov.lk/,
phone,pass,Published phone: +94) 112877376 ,https://ngosec.gov.lk/,
email,pass,Published email: ngosecretariat.gov@gmail.com,https://ngosec.gov.lk/,
email,pass,Published email: ngosecretariat.gov@gmail.com/,https://ngosec.gov.lk/,
email,pass,Published email: info@ngosec.gov.lk,https://ngosec.gov.lk/,
legal_basis,pass,Published legal basis: regulations,https://ngosec.gov.lk/,
processing_time,pass,Published processing time: 12 hours,https://ngosec.gov.lk/,
phone,pass,Published phone: +94) 112884612 ,https://ngosec.gov.lk/,
phone,pass,Published phone: +94) 112877376 ,https://ngosec.gov.lk/,
email,pass,Published email: ngosecretariat.gov@gmail.com,https://ngosec.gov.lk/,
email,pass,Published email: ngosecretariat.gov@gmail.com/,https://ngosec.gov.lk/,
email,pass,Published email: info@ngosec.gov.lk,https://ngosec.gov.lk/,
legal_basis,pass,Published legal basis: regulations,https://ngosec.gov.lk/,
processing_time,pass,Published processing time: 12 hours,https://ngosec.gov.lk/,
phone,pass,Published phone: +94) 112884612 ,https://ngosec.gov.lk/,
phone,pass,Published phone: +94) 112877376 ,https://ngosec.gov.lk/,
email,pass,Published email: ngosecretariat.gov@gmail.com,https://ngosec.gov.lk/,
email,pass,Published email: ngosecretariat.gov@gmail.com/,https://ngosec.gov.lk/,
email,pass,Published email: info@ngosec.gov.lk,https://ngosec.gov.lk/,
legal_basis,pass,Published legal basis: regulations,https://ngosec.gov.lk/,
processing_time,pass,Published processing time: 12 hours,https://ngosec.gov.lk/,
phone,pass,Published phone: +94) 112884612 ,https://ngosec.gov.lk/,
phone,pass,Published phone: +94) 112877376 ,https://ngosec.gov.lk/,
email,pass,Published email: ngosecretariat.gov@gmail.com,https://ngosec.gov.lk/,
email,pass,Published email: ngosecretariat.gov@gmail.com/,https://ngosec.gov.lk/,
email,pass,Published email: info@ngosec.gov.lk,https://ngosec.gov.lk/,
legal_basis,pass,Published legal basis: regulations,https://ngosec.gov.lk/,
processing_time,pass,Published processing time: 12 hours,https://ngosec.gov.lk/,
phone,pass,Published phone: +94) 112884612 ,https://ngosec.gov.lk/services,
phone,pass,Published phone: +94) 112877376 ,https://ngosec.gov.lk/services,
email,pass,Published email: ngosecretariat.gov@gmail.com,https://ngosec.gov.lk/services,
email,pass,Published email: ngosecretariat.gov@gmail.com/,https://ngosec.gov.lk/services,
email,pass,Published email: info@ngosec.gov.lk,https://ngosec.gov.lk/services,
phone,pass,Published phone: +94) 112884612,https://ngosec.gov.lk/contact,
phone,pass,Published phone: +94) 112877376 ,https://ngosec.gov.lk/contact,
phone,pass,Published phone: +94) 112888424 ,https://ngosec.gov.lk/contact,
phone,pass,Published phone: +94) 112888424,https://ngosec.gov.lk/contact,
phone,pass,Published phone: +94) 112864483 ,https://ngosec.gov.lk/contact,
phone,pass,Published phone: +94) 11 287 7376 (,https://ngosec.gov.lk/contact,
phone,pass,Published phone: +94) 11 287 7376 ,https://ngosec.gov.lk/contact,
phone,pass,Published phone: +94) 112864483,https://ngosec.gov.lk/contact,
phone,pass,Published phone: +94) 11 286 4483 (,https://ngosec.gov.lk/contact,
phone,pass,Published phone: +94) 112884612 ,https://ngosec.gov.lk/contact,
phone,pass,Published phone: +94) 112877376,https://ngosec.gov.lk/contact,
phone,pass,Published phone: +94) 11 288 8424 ,https://ngosec.gov.lk/contact,
email,pass,Published email: dg@ngosec.gov.lk,https://ngosec.gov.lk/contact,
email,pass,Published email: info@ngosec.gov.lk,https://ngosec.gov.lk/contact,
email,pass,Published email: ninfo@ngosec.gov.lk,https://ngosec.gov.lk/contact,
email,pass,Published email: ngosecretariat.gov@gmail.com,https://ngosec.gov.lk/contact,
email,pass,Published email: ngosecretariat.gov@gmail.com/,https://ngosec.gov.lk/contact,
email,pass,Published email: dir@ngosec.gov.lk,https://ngosec.gov.lk/contact,
postal_address,pass,"Published postal address: is being protected from spambots. You need JavaScript enabled to view it. 'OUR address' 14th Floor, Suhurupaya, Battaram",https://ngosec.gov.lk/contact,
named_responsibility,pass,Published named responsibility: director,https://ngosec.gov.lk/contact,
phone,pass,Published phone: +94) 112884612 ,https://ngosec.gov.lk/about,
phone,pass,Published phone: +94) 112877376 ,https://ngosec.gov.lk/about,
email,pass,Published email: ngosecretariat.gov@gmail.com,https://ngosec.gov.lk/about,
email,pass,Published email: ngosecretariat.gov@gmail.com/,https://ngosec.gov.lk/about,
email,pass,Published email: info@ngosec.gov.lk,https://ngosec.gov.lk/about,
named_responsibility,pass,Published named responsibility: division,https://ngosec.gov.lk/about,
legal_basis,pass,Published legal basis: regulations,https://ngosec.gov.lk/about,
processing_time,pass,Published processing time: 12 hours,https://ngosec.gov.lk/about,
phone,pass,Published phone: +94) 112884612 ,https://ngosec.gov.lk/about/top-ngos,
phone,pass,Published phone: +94) 112877376 ,https://ngosec.gov.lk/about/top-ngos,
email,pass,Published email: ngosecretariat.gov@gmail.com,https://ngosec.gov.lk/about/top-ngos,
email,pass,Published email: ngosecretariat.gov@gmail.com/,https://ngosec.gov.lk/about/top-ngos,
email,pass,Published email: info@ngosec.gov.lk,https://ngosec.gov.lk/about/top-ngos,
published_update_date,fail,Published published update date: 22 August 2024,https://ngosec.gov.lk/about/top-ngos,
phone,pass,Published phone: 077-9628627,https://ngosec.gov.lk/about/registered-active-ngos,
phone,pass,Published phone: 0773121062,https://ngosec.gov.lk/about/registered-active-ngos,
phone,pass,Published phone: 0715820943 ,https://ngosec.gov.lk/about/registered-active-ngos,
phone,pass,Published phone: 0112819397,https://ngosec.gov.lk/about/registered-active-ngos,
phone,pass,Published phone: 0652224728) ,https://ngosec.gov.lk/about/registered-active-ngos,
phone,pass,Published phone: 0812071288,https://ngosec.gov.lk/about/registered-active-ngos,
phone,pass,Published phone: 011-2-326840 ,https://ngosec.gov.lk/about/registered-active-ngos,
phone,pass,Published phone: 0778-482682) ,https://ngosec.gov.lk/about/registered-active-ngos,
phone,pass,Published phone: 0743322224) ,https://ngosec.gov.lk/about/registered-active-ngos,
phone,pass,Published phone: 0322268324) ,https://ngosec.gov.lk/about/registered-active-ngos,
phone,pass,Published phone: 0774805135) ,https://ngosec.gov.lk/about/registered-active-ngos,
phone,pass,Published phone: 077-4667709) ,https://ngosec.gov.lk/about/registered-active-ngos,
phone,pass,Published phone: 0752058531) ,https://ngosec.gov.lk/about/registered-active-ngos,
phone,pass,Published phone: 077-7687570 ,https://ngosec.gov.lk/about/registered-active-ngos,
phone,pass,Published phone: 0771190084) ,https://ngosec.gov.lk/about/registered-active-ngos,
phone,pass,Published phone: 077-3447455) ,https://ngosec.gov.lk/about/registered-active-ngos,
phone,pass,Published phone: 0333726478 ,https://ngosec.gov.lk/about/registered-active-ngos,
phone,pass,Published phone: 0115524612,https://ngosec.gov.lk/about/registered-active-ngos,
phone,pass,Published phone: 0703841713,https://ngosec.gov.lk/about/registered-active-ngos,
phone,pass,Published phone: 071 962 0230) ,https://ngosec.gov.lk/about/registered-active-ngos,
phone,pass,Published phone: 0412230946,https://ngosec.gov.lk/about/registered-active-ngos,
phone,pass,Published phone: 0112948398) ,https://ngosec.gov.lk/about/registered-active-ngos,
phone,pass,Published phone: 0773660928,https://ngosec.gov.lk/about/registered-active-ngos,
phone,pass,Published phone: 0812425146,https://ngosec.gov.lk/about/registered-active-ngos,
phone,pass,Published phone: 0718696252) ,https://ngosec.gov.lk/about/registered-active-ngos,
phone,pass,Published phone: 0712749115) ,https://ngosec.gov.lk/about/registered-active-ngos,
phone,pass,Published phone: 0868) 359889,https://ngosec.gov.lk/about/registered-active-ngos,
phone,pass,Published phone: 0112361042) ,https://ngosec.gov.lk/about/registered-active-ngos,
phone,pass,Published phone: 077-7103088 ,https://ngosec.gov.lk/about/registered-active-ngos,
phone,pass,Published phone: 0765875276) ,https://ngosec.gov.lk/about/registered-active-ngos,
phone,pass,Published phone: 0779136915) ,https://ngosec.gov.lk/about/registered-active-ngos,
phone,pass,Published phone: 0775649596,https://ngosec.gov.lk/about/registered-active-ngos,
phone,pass,Published phone: 0112865080) ,https://ngosec.gov.lk/about/registered-active-ngos,
phone,pass,Published phone: 0112674361-,https://ngosec.gov.lk/about/registered-active-ngos,
phone,pass,Published phone: 078-5617587) ,https://ngosec.gov.lk/about/registered-active-ngos,
phone,pass,Published phone: 076-1390377) ,https://ngosec.gov.lk/about/registered-active-ngos,
phone,pass,Published phone: 077-3287340) ,https://ngosec.gov.lk/about/registered-active-ngos,
phone,pass,Published phone: 077-8804256,https://ngosec.gov.lk/about/registered-active-ngos,
phone,pass,Published phone: 0773003303) ,https://ngosec.gov.lk/about/registered-active-ngos,
phone,pass,Published phone: 077-8755495) ,https://ngosec.gov.lk/about/registered-active-ngos,
phone,pass,Published phone: 077 768 5780) ,https://ngosec.gov.lk/about/registered-active-ngos,
phone,pass,Published phone: 0773959132) ,https://ngosec.gov.lk/about/registered-active-ngos,
phone,pass,Published phone: 0778581482) ,https://ngosec.gov.lk/about/registered-active-ngos,
phone,pass,Published phone: 0112 696235) ,https://ngosec.gov.lk/about/registered-active-ngos,
phone,pass,Published phone: 0773596050,https://ngosec.gov.lk/about/registered-active-ngos,
phone,pass,Published phone: 0412223900,https://ngosec.gov.lk/about/registered-active-ngos,
phone,pass,Published phone: 0777-308988 ,https://ngosec.gov.lk/about/registered-active-ngos,
phone,pass,Published phone: 0702567516) ,https://ngosec.gov.lk/about/registered-active-ngos,
phone,pass,Published phone: 077-9753529,https://ngosec.gov.lk/about/registered-active-ngos,
phone,pass,Published phone: 077-7750551,https://ngosec.gov.lk/about/registered-active-ngos,
phone,pass,Published phone: 0112688368,https://ngosec.gov.lk/about/registered-active-ngos,
phone,pass,Published phone: 0718134912,https://ngosec.gov.lk/about/registered-active-ngos,
phone,pass,Published phone: 0777797136) ,https://ngosec.gov.lk/about/registered-active-ngos,
phone,pass,Published phone: 0777-135041) ,https://ngosec.gov.lk/about/registered-active-ngos,
phone,pass,Published phone: 0761617342) ,https://ngosec.gov.lk/about/registered-active-ngos,
phone,pass,Published phone: 0777584744) ,https://ngosec.gov.lk/about/registered-active-ngos,
phone,pass,Published phone: 0112768862,https://ngosec.gov.lk/about/registered-active-ngos,
phone,pass,Published phone: 077-7284058 ,https://ngosec.gov.lk/about/registered-active-ngos,
phone,pass,Published phone: 0778181265) ,https://ngosec.gov.lk/about/registered-active-ngos,
phone,pass,Published phone: 0382232123,https://ngosec.gov.lk/about/registered-active-ngos,
phone,pass,Published phone: 0112077620,https://ngosec.gov.lk/about/registered-active-ngos,
phone,pass,Published phone: 0112691233,https://ngosec.gov.lk/about/registered-active-ngos,
phone,pass,Published phone: 077-1816674,https://ngosec.gov.lk/about/registered-active-ngos,
phone,pass,Published phone: 011-2-522290 ,https://ngosec.gov.lk/about/registered-active-ngos,
phone,pass,Published phone: 0768222863) ,https://ngosec.gov.lk/about/registered-active-ngos,
phone,pass,Published phone: 0773982917) ,https://ngosec.gov.lk/about/registered-active-ngos,
phone,pass,Published phone: 0777214662,https://ngosec.gov.lk/about/registered-active-ngos,
phone,pass,Published phone: 0773314262) ,https://ngosec.gov.lk/about/registered-active-ngos,
phone,pass,Published phone: 0117998205,https://ngosec.gov.lk/about/registered-active-ngos,
phone,pass,Published phone: 0777-590154) ,https://ngosec.gov.lk/about/registered-active-ngos,
phone,pass,Published phone: 0112910623,https://ngosec.gov.lk/about/registered-active-ngos,
phone,pass,Published phone: 011-2723878 ,https://ngosec.gov.lk/about/registered-active-ngos,
phone,pass,Published phone: 011-2-077261) ,https://ngosec.gov.lk/about/registered-active-ngos,
phone,pass,Published phone: 0777708089) ,https://ngosec.gov.lk/about/registered-active-ngos,
phone,pass,Published phone: 0114939937,https://ngosec.gov.lk/about/registered-active-ngos,
phone,pass,Published phone: 011-2795425) ,https://ngosec.gov.lk/about/registered-active-ngos,
phone,pass,Published phone: 0112508484,https://ngosec.gov.lk/about/registered-active-ngos,
phone,pass,Published phone: 0715594878) ,https://ngosec.gov.lk/about/registered-active-ngos,
phone,pass,Published phone: 0756592087) ,https://ngosec.gov.lk/about/registered-active-ngos,
phone,pass,Published phone: 0777485008,https://ngosec.gov.lk/about/registered-active-ngos,
phone,pass,Published phone: 0703225654,https://ngosec.gov.lk/about/registered-active-ngos,
phone,pass,Published phone: 0777071727) ,https://ngosec.gov.lk/about/registered-active-ngos,
phone,pass,Published phone: 0760914139,https://ngosec.gov.lk/about/registered-active-ngos,
phone,pass,Published phone: 0776117145,https://ngosec.gov.lk/about/registered-active-ngos,
phone,pass,Published phone: 0343070623) ,https://ngosec.gov.lk/about/registered-active-ngos,
phone,pass,Published phone: 071-4-948425,https://ngosec.gov.lk/about/registered-active-ngos,
phone,pass,Published phone: 0759271002) ,https://ngosec.gov.lk/about/registered-active-ngos,
phone,pass,Published phone: 0763481862,https://ngosec.gov.lk/about/registered-active-ngos,
phone,pass,Published phone: 0812224155,https://ngosec.gov.lk/about/registered-active-ngos,
phone,pass,Published phone: 0812233144) ,https://ngosec.gov.lk/about/registered-active-ngos,
phone,pass,Published phone: 0117209511,https://ngosec.gov.lk/about/registered-active-ngos,
phone,pass,Published phone: 0713100680) ,https://ngosec.gov.lk/about/registered-active-ngos,
phone,pass,Published phone: 077-7914160) ,https://ngosec.gov.lk/about/registered-active-ngos,
phone,pass,Published phone: 0718657750) ,https://ngosec.gov.lk/about/registered-active-ngos,
phone,pass,Published phone: 0112819064,https://ngosec.gov.lk/about/registered-active-ngos,
phone,pass,Published phone: 071-8527327) ,https://ngosec.gov.lk/about/registered-active-ngos,
phone,pass,Published phone: 075-5243240,https://ngosec.gov.lk/about/registered-active-ngos,
phone,pass,Published phone: 0322269022,https://ngosec.gov.lk/about/registered-active-ngos,
phone,pass,Published phone: 0779232643) ,https://ngosec.gov.lk/about/registered-active-ngos,
phone,pass,Published phone: 0778209212,https://ngosec.gov.lk/about/registered-active-ngos,
phone,pass,Published phone: 0773987517) ,https://ngosec.gov.lk/about/registered-active-ngos,
phone,pass,Published phone: 0112584416,https://ngosec.gov.lk/about/registered-active-ngos,
phone,pass,Published phone: 0773414025) ,https://ngosec.gov.lk/about/registered-active-ngos,
phone,pass,Published phone: 072-6000272) ,https://ngosec.gov.lk/about/registered-active-ngos,
phone,pass,Published phone: 071-2760624 ,https://ngosec.gov.lk/about/registered-active-ngos,
phone,pass,Published phone: 0713015412) ,https://ngosec.gov.lk/about/registered-active-ngos,
phone,pass,Published phone: 0718329179) ,https://ngosec.gov.lk/about/registered-active-ngos,
phone,pass,Published phone: 033-22-85048 ,https://ngosec.gov.lk/about/registered-active-ngos,
phone,pass,Published phone: 0912223428,https://ngosec.gov.lk/about/registered-active-ngos,
phone,pass,Published phone: 071-1936711) ,https://ngosec.gov.lk/about/registered-active-ngos,
phone,pass,Published phone: 071-8305030) ,https://ngosec.gov.lk/about/registered-active-ngos,
phone,pass,Published phone: 0772684135) ,https://ngosec.gov.lk/about/registered-active-ngos,
phone,pass,Published phone: 0777842280) ,https://ngosec.gov.lk/about/registered-active-ngos,
phone,pass,Published phone: 0712421968) ,https://ngosec.gov.lk/about/registered-active-ngos,
phone,pass,Published phone: 0777420054,https://ngosec.gov.lk/about/registered-active-ngos,
phone,pass,Published phone: 0778472736) ,https://ngosec.gov.lk/about/registered-active-ngos,
phone,pass,Published phone: +94) 112877376 ,https://ngosec.gov.lk/about/registered-active-ngos,
phone,pass,Published phone: 0112865421,https://ngosec.gov.lk/about/registered-active-ngos,
phone,pass,Published phone: 0812224098,https://ngosec.gov.lk/about/registered-active-ngos,
phone,pass,Published phone: 0770756868) ,https://ngosec.gov.lk/about/registered-active-ngos,
phone,pass,Published phone: 0773812235) ,https://ngosec.gov.lk/about/registered-active-ngos,
phone,pass,Published phone: 0773628789) ,https://ngosec.gov.lk/about/registered-active-ngos,
phone,pass,Published phone: 070-1493208) ,https://ngosec.gov.lk/about/registered-active-ngos,
phone,pass,Published phone: 031-2248489,https://ngosec.gov.lk/about/registered-active-ngos,
phone,pass,Published phone: 0779705752,https://ngosec.gov.lk/about/registered-active-ngos,
phone,pass,Published phone: 0777910215) ,https://ngosec.gov.lk/about/registered-active-ngos,
phone,pass,Published phone: 0765913325,https://ngosec.gov.lk/about/registered-active-ngos,
phone,pass,Published phone: 0776662458,https://ngosec.gov.lk/about/registered-active-ngos,
phone,pass,Published phone: 0112058701,https://ngosec.gov.lk/about/registered-active-ngos,
phone,pass,Published phone: 0262224882,https://ngosec.gov.lk/about/registered-active-ngos,
phone,pass,Published phone: 0254318900 ,https://ngosec.gov.lk/about/registered-active-ngos,
phone,pass,Published phone: 077-2939898) ,https://ngosec.gov.lk/about/registered-active-ngos,
phone,pass,Published phone: 071-7776002) ,https://ngosec.gov.lk/about/registered-active-ngos,
phone,pass,Published phone: 0777679008) ,https://ngosec.gov.lk/about/registered-active-ngos,
phone,pass,Published phone: 0112555336,https://ngosec.gov.lk/about/registered-active-ngos,
phone,pass,Published phone: 0777398366) ,https://ngosec.gov.lk/about/registered-active-ngos,
phone,pass,Published phone: 0113438585,https://ngosec.gov.lk/about/registered-active-ngos,
phone,pass,Published phone: 0112577332,https://ngosec.gov.lk/about/registered-active-ngos,
phone,pass,Published phone: 0773587446) ,https://ngosec.gov.lk/about/registered-active-ngos,
phone,pass,Published phone: 0812223462,https://ngosec.gov.lk/about/registered-active-ngos,
phone,pass,Published phone: 077-3148797) ,https://ngosec.gov.lk/about/registered-active-ngos,
phone,pass,Published phone: 0112851056) ,https://ngosec.gov.lk/about/registered-active-ngos,
phone,pass,Published phone: 0774403407) ,https://ngosec.gov.lk/about/registered-active-ngos,
phone,pass,Published phone: 0114896896,https://ngosec.gov.lk/about/registered-active-ngos,
phone,pass,Published phone: 0112580150,https://ngosec.gov.lk/about/registered-active-ngos,
phone,pass,Published phone: 0112722865,https://ngosec.gov.lk/about/registered-active-ngos,
phone,pass,Published phone: 0711949379) ,https://ngosec.gov.lk/about/registered-active-ngos,
phone,pass,Published phone: 0779101381) ,https://ngosec.gov.lk/about/registered-active-ngos,
phone,pass,Published phone: 0717412617) ,https://ngosec.gov.lk/about/registered-active-ngos,
phone,pass,Published phone: 011-4993361) ,https://ngosec.gov.lk/about/registered-active-ngos,
phone,pass,Published phone: 0740931033,https://ngosec.gov.lk/about/registered-active-ngos,
phone,pass,Published phone: 0474931725) ,https://ngosec.gov.lk/about/registered-active-ngos,
phone,pass,Published phone: 011-2894564,https://ngosec.gov.lk/about/registered-active-ngos,
phone,pass,Published phone: 0764540088,https://ngosec.gov.lk/about/registered-active-ngos,
phone,pass,Published phone: 0766233316,https://ngosec.gov.lk/about/registered-active-ngos,
phone,pass,Published phone: 0812227362 ,https://ngosec.gov.lk/about/registered-active-ngos,
phone,pass,Published phone: 0112805693,https://ngosec.gov.lk/about/registered-active-ngos,
phone,pass,Published phone: 0113483972,https://ngosec.gov.lk/about/registered-active-ngos,
phone,pass,Published phone: 0112971280 ,https://ngosec.gov.lk/about/registered-active-ngos,
phone,pass,Published phone: 0767465722,https://ngosec.gov.lk/about/registered-active-ngos,
phone,pass,Published phone: 076-0808077,https://ngosec.gov.lk/about/registered-active-ngos,
phone,pass,Published phone: 077-1793135) ,https://ngosec.gov.lk/about/registered-active-ngos,
phone,pass,Published phone: 0112580166,https://ngosec.gov.lk/about/registered-active-ngos,
phone,pass,Published phone: 0342284209,https://ngosec.gov.lk/about/registered-active-ngos,
phone,pass,Published phone: 0769125603) ,https://ngosec.gov.lk/about/registered-active-ngos,
phone,pass,Published phone: 0652227416,https://ngosec.gov.lk/about/registered-active-ngos,
phone,pass,Published phone: 0775805387) ,https://ngosec.gov.lk/about/registered-active-ngos,
phone,pass,Published phone: 0777611139) ,https://ngosec.gov.lk/about/registered-active-ngos,
phone,pass,Published phone: 0372226933,https://ngosec.gov.lk/about/registered-active-ngos,
phone,pass,Published phone: 0112776090,https://ngosec.gov.lk/about/registered-active-ngos,
phone,pass,Published phone: 011-7902852 ,https://ngosec.gov.lk/about/registered-active-ngos,
phone,pass,Published phone: 0112698042,https://ngosec.gov.lk/about/registered-active-ngos,
phone,pass,Published phone: 011-2-732325,https://ngosec.gov.lk/about/registered-active-ngos,
phone,pass,Published phone: 0777194943,https://ngosec.gov.lk/about/registered-active-ngos,
phone,pass,Published phone: 0703697760) ,https://ngosec.gov.lk/about/registered-active-ngos,
phone,pass,Published phone: 075-6395325 ,https://ngosec.gov.lk/about/registered-active-ngos,
phone,pass,Published phone: 0112761028,https://ngosec.gov.lk/about/registered-active-ngos,
phone,pass,Published phone: 0112368089,https://ngosec.gov.lk/about/registered-active-ngos,
phone,pass,Published phone: 075-5665599) ,https://ngosec.gov.lk/about/registered-active-ngos,
phone,pass,Published phone: 0710525933) ,https://ngosec.gov.lk/about/registered-active-ngos,
phone,pass,Published phone: 0771434888) ,https://ngosec.gov.lk/about/registered-active-ngos,
phone,pass,Published phone: 0765262537) ,https://ngosec.gov.lk/about/registered-active-ngos,
phone,pass,Published phone: 075-9848419 ,https://ngosec.gov.lk/about/registered-active-ngos,
phone,pass,Published phone: 0112982406,https://ngosec.gov.lk/about/registered-active-ngos,
phone,pass,Published phone: 0322250126,https://ngosec.gov.lk/about/registered-active-ngos,
phone,pass,Published phone: 0777443656 ,https://ngosec.gov.lk/about/registered-active-ngos,
phone,pass,Published phone: 0779731970) ,https://ngosec.gov.lk/about/registered-active-ngos,
phone,pass,Published phone: 0112843557) ,https://ngosec.gov.lk/about/registered-active-ngos,
phone,pass,Published phone: 0114363786,https://ngosec.gov.lk/about/registered-active-ngos,
phone,pass,Published phone: 011-2-889998,https://ngosec.gov.lk/about/registered-active-ngos,
phone,pass,Published phone: 0773409415,https://ngosec.gov.lk/about/registered-active-ngos,
phone,pass,Published phone: 0112856520) ,https://ngosec.gov.lk/about/registered-active-ngos,
phone,pass,Published phone: 0762600836) ,https://ngosec.gov.lk/about/registered-active-ngos,
phone,pass,Published phone: 0702209733) ,https://ngosec.gov.lk/about/registered-active-ngos,
phone,pass,Published phone: 074-3512351) ,https://ngosec.gov.lk/about/registered-active-ngos,
phone,pass,Published phone: 071-7076910,https://ngosec.gov.lk/about/registered-active-ngos,
phone,pass,Published phone: 0912248475,https://ngosec.gov.lk/about/registered-active-ngos,
phone,pass,Published phone: 0777667214) ,https://ngosec.gov.lk/about/registered-active-ngos,
phone,pass,Published phone: 0705165275,https://ngosec.gov.lk/about/registered-active-ngos,
phone,pass,Published phone: 077-0891291) ,https://ngosec.gov.lk/about/registered-active-ngos,
phone,pass,Published phone: 0714460980) ,https://ngosec.gov.lk/about/registered-active-ngos,
phone,pass,Published phone: 0715947310,https://ngosec.gov.lk/about/registered-active-ngos,
phone,pass,Published phone: 0712934553) ,https://ngosec.gov.lk/about/registered-active-ngos,
phone,pass,Published phone: 0777315442) ,https://ngosec.gov.lk/about/registered-active-ngos,
phone,pass,Published phone: 0777703736) ,https://ngosec.gov.lk/about/registered-active-ngos,
phone,pass,Published phone: 071-8578323) ,https://ngosec.gov.lk/about/registered-active-ngos,
phone,pass,Published phone: 077-3355461) ,https://ngosec.gov.lk/about/registered-active-ngos,
phone,pass,Published phone: 034-2250573 ,https://ngosec.gov.lk/about/registered-active-ngos,
phone,pass,Published phone: 0772517512 ,https://ngosec.gov.lk/about/registered-active-ngos,
phone,pass,Published phone: 077-1234891) ,https://ngosec.gov.lk/about/registered-active-ngos,
phone,pass,Published phone: 071-5780112) ,https://ngosec.gov.lk/about/registered-active-ngos,
phone,pass,Published phone: 0114731731,https://ngosec.gov.lk/about/registered-active-ngos,
phone,pass,Published phone: 0114514069-,https://ngosec.gov.lk/about/registered-active-ngos,
phone,pass,Published phone: 0773651513) ,https://ngosec.gov.lk/about/registered-active-ngos,
phone,pass,Published phone: 0812575061,https://ngosec.gov.lk/about/registered-active-ngos,
phone,pass,Published phone: 031-4-870658 ,https://ngosec.gov.lk/about/registered-active-ngos,
phone,pass,Published phone: 0777422023) ,https://ngosec.gov.lk/about/registered-active-ngos,
phone,pass,Published phone: 011-2588752) ,https://ngosec.gov.lk/about/registered-active-ngos,
phone,pass,Published phone: 076-2357739,https://ngosec.gov.lk/about/registered-active-ngos,
phone,pass,Published phone: 0717554333) ,https://ngosec.gov.lk/about/registered-active-ngos,
phone,pass,Published phone: 0772269756,https://ngosec.gov.lk/about/registered-active-ngos,
phone,pass,Published phone: 077-7421636 ,https://ngosec.gov.lk/about/registered-active-ngos,
phone,pass,Published phone: 071 3345244,https://ngosec.gov.lk/about/registered-active-ngos,
phone,pass,Published phone: 076-9420893,https://ngosec.gov.lk/about/registered-active-ngos,
phone,pass,Published phone: 076-9238384) ,https://ngosec.gov.lk/about/registered-active-ngos,
phone,pass,Published phone: 0112259785,https://ngosec.gov.lk/about/registered-active-ngos,
phone,pass,Published phone: 077-3956929) ,https://ngosec.gov.lk/about/registered-active-ngos,
phone,pass,Published phone: 0112504561,https://ngosec.gov.lk/about/registered-active-ngos,
phone,pass,Published phone: 0112822769,https://ngosec.gov.lk/about/registered-active-ngos,
phone,pass,Published phone: 0776851875) ,https://ngosec.gov.lk/about/registered-active-ngos,
phone,pass,Published phone: 0262233520,https://ngosec.gov.lk/about/registered-active-ngos,
phone,pass,Published phone: 0775349348,https://ngosec.gov.lk/about/registered-active-ngos,
phone,pass,Published phone: 0768559500) ,https://ngosec.gov.lk/about/registered-active-ngos,
phone,pass,Published phone: 077 330 2294) ,https://ngosec.gov.lk/about/registered-active-ngos,
phone,pass,Published phone: 0773615336) ,https://ngosec.gov.lk/about/registered-active-ngos,
phone,pass,Published phone: 0777775159) ,https://ngosec.gov.lk/about/registered-active-ngos,
phone,pass,Published phone: 077-3511071) ,https://ngosec.gov.lk/about/registered-active-ngos,
phone,pass,Published phone: 0112526860,https://ngosec.gov.lk/about/registered-active-ngos,
phone,pass,Published phone: 077-8510282) ,https://ngosec.gov.lk/about/registered-active-ngos,
phone,pass,Published phone: 0775441673,https://ngosec.gov.lk/about/registered-active-ngos,
phone,pass,Published phone: 0352259198,https://ngosec.gov.lk/about/registered-active-ngos,
phone,pass,Published phone: 077 734 32 65) ,https://ngosec.gov.lk/about/registered-active-ngos,
phone,pass,Published phone: 0779990667 ,https://ngosec.gov.lk/about/registered-active-ngos,
phone,pass,Published phone: 0776030677,https://ngosec.gov.lk/about/registered-active-ngos,
phone,pass,Published phone: 0717354582,https://ngosec.gov.lk/about/registered-active-ngos,
phone,pass,Published phone: 0718163374,https://ngosec.gov.lk/about/registered-active-ngos,
phone,pass,Published phone: 0740936996,https://ngosec.gov.lk/about/registered-active-ngos,
phone,pass,Published phone: 0750134912 ) ,https://ngosec.gov.lk/about/registered-active-ngos,
phone,pass,Published phone: 0715350539,https://ngosec.gov.lk/about/registered-active-ngos,
phone,pass,Published phone: 0112659102,https://ngosec.gov.lk/about/registered-active-ngos,
phone,pass,Published phone: 0707936447) ,https://ngosec.gov.lk/about/registered-active-ngos,
phone,pass,Published phone: 0778877989) ,https://ngosec.gov.lk/about/registered-active-ngos,
phone,pass,Published phone: 0773090539) ,https://ngosec.gov.lk/about/registered-active-ngos,
phone,pass,Published phone: 0112421651,https://ngosec.gov.lk/about/registered-active-ngos,
phone,pass,Published phone: 0715971557) ,https://ngosec.gov.lk/about/registered-active-ngos,
phone,pass,Published phone: 0764375087) ,https://ngosec.gov.lk/about/registered-active-ngos,
phone,pass,Published phone: 0778874221,https://ngosec.gov.lk/about/registered-active-ngos,
phone,pass,Published phone: 0719557668,https://ngosec.gov.lk/about/registered-active-ngos,
phone,pass,Published phone: 0112343470,https://ngosec.gov.lk/about/registered-active-ngos,
phone,pass,Published phone: 077-3171322 ,https://ngosec.gov.lk/about/registered-active-ngos,
phone,pass,Published phone: 0773859354) ,https://ngosec.gov.lk/about/registered-active-ngos,
phone,pass,Published phone: 0766911704) ,https://ngosec.gov.lk/about/registered-active-ngos,
phone,pass,Published phone: 03141976 13,https://ngosec.gov.lk/about/registered-active-ngos,
phone,pass,Published phone: 0412223918) ,https://ngosec.gov.lk/about/registered-active-ngos,
phone,pass,Published phone: 0712487487) ,https://ngosec.gov.lk/about/registered-active-ngos,
phone,pass,Published phone: 077-7576097,https://ngosec.gov.lk/about/registered-active-ngos,
phone,pass,Published phone: 0112591641,https://ngosec.gov.lk/about/registered-active-ngos,
phone,pass,Published phone: 047-22-40579 ,https://ngosec.gov.lk/about/registered-active-ngos,
phone,pass,Published phone: 0777581493) ,https://ngosec.gov.lk/about/registered-active-ngos,
phone,pass,Published phone: 077-3175638) ,https://ngosec.gov.lk/about/registered-active-ngos,
phone,pass,Published phone: 0715151746) ,https://ngosec.gov.lk/about/registered-active-ngos,
phone,pass,Published phone: 011-2693055,https://ngosec.gov.lk/about/registered-active-ngos,
phone,pass,Published phone: 077358 9008) ,https://ngosec.gov.lk/about/registered-active-ngos,
phone,pass,Published phone: 077 378 5780 ,https://ngosec.gov.lk/about/registered-active-ngos,
phone,pass,Published phone: 0767926003) ,https://ngosec.gov.lk/about/registered-active-ngos,
phone,pass,Published phone: 0779105016) ,https://ngosec.gov.lk/about/registered-active-ngos,
phone,pass,Published phone: 0112888622,https://ngosec.gov.lk/about/registered-active-ngos,
phone,pass,Published phone: 0773001231,https://ngosec.gov.lk/about/registered-active-ngos,
phone,pass,Published phone: 0372259512,https://ngosec.gov.lk/about/registered-active-ngos,
phone,pass,Published phone: 055-3554242,https://ngosec.gov.lk/about/registered-active-ngos,
phone,pass,Published phone: 0112314454,https://ngosec.gov.lk/about/registered-active-ngos,
phone,pass,Published phone: 0332251870 ,https://ngosec.gov.lk/about/registered-active-ngos,
phone,pass,Published phone: 0775110942) ,https://ngosec.gov.lk/about/registered-active-ngos,
phone,pass,Published phone: 0721275616) ,https://ngosec.gov.lk/about/registered-active-ngos,
phone,pass,Published phone: 0775871081,https://ngosec.gov.lk/about/registered-active-ngos,
phone,pass,Published phone: 0759294088,https://ngosec.gov.lk/about/registered-active-ngos,
phone,pass,Published phone: 0714518373,https://ngosec.gov.lk/about/registered-active-ngos,
phone,pass,Published phone: 0727242020) ,https://ngosec.gov.lk/about/registered-active-ngos,
phone,pass,Published phone: 0812224312,https://ngosec.gov.lk/about/registered-active-ngos,
phone,pass,Published phone: 0777304059,https://ngosec.gov.lk/about/registered-active-ngos,
phone,pass,Published phone: 0479036) 077,https://ngosec.gov.lk/about/registered-active-ngos,
phone,pass,Published phone: 0722271009,https://ngosec.gov.lk/about/registered-active-ngos,
phone,pass,Published phone: 0113422614,https://ngosec.gov.lk/about/registered-active-ngos,
phone,pass,Published phone: 071 7367684) ,https://ngosec.gov.lk/about/registered-active-ngos,
phone,pass,Published phone: 0232051604 ,https://ngosec.gov.lk/about/registered-active-ngos,
phone,pass,Published phone: 0452255965,https://ngosec.gov.lk/about/registered-active-ngos,
phone,pass,Published phone: 0112584416) ,https://ngosec.gov.lk/about/registered-active-ngos,
phone,pass,Published phone: 070 5050101 ) ,https://ngosec.gov.lk/about/registered-active-ngos,
phone,pass,Published phone: 0112690914,https://ngosec.gov.lk/about/registered-active-ngos,
phone,pass,Published phone: 047 2220826,https://ngosec.gov.lk/about/registered-active-ngos,
phone,pass,Published phone: 077 330 6088) ,https://ngosec.gov.lk/about/registered-active-ngos,
phone,pass,Published phone: 077-3273651) ,https://ngosec.gov.lk/about/registered-active-ngos,
phone,pass,Published phone: 0372275351,https://ngosec.gov.lk/about/registered-active-ngos,
phone,pass,Published phone: 065-2251624,https://ngosec.gov.lk/about/registered-active-ngos,
phone,pass,Published phone: 0112682535) ,https://ngosec.gov.lk/about/registered-active-ngos,
phone,pass,Published phone: 0711103040) ,https://ngosec.gov.lk/about/registered-active-ngos,
phone,pass,Published phone: 0755792429) ,https://ngosec.gov.lk/about/registered-active-ngos,
phone,pass,Published phone: 0112669206,https://ngosec.gov.lk/about/registered-active-ngos,
phone,pass,Published phone: 0112301816,https://ngosec.gov.lk/about/registered-active-ngos,
phone,pass,Published phone: 0452227068,https://ngosec.gov.lk/about/registered-active-ngos,
phone,pass,Published phone: 0713170569 ,https://ngosec.gov.lk/about/registered-active-ngos,
phone,pass,Published phone: 0773265174) ,https://ngosec.gov.lk/about/registered-active-ngos,
phone,pass,Published phone: 0773267403) ,https://ngosec.gov.lk/about/registered-active-ngos,
phone,pass,Published phone: 0112703558,https://ngosec.gov.lk/about/registered-active-ngos,
phone,pass,Published phone: 0242222287,https://ngosec.gov.lk/about/registered-active-ngos,
phone,pass,Published phone: 0777-256333) ,https://ngosec.gov.lk/about/registered-active-ngos,
phone,pass,Published phone: 0771150323) ,https://ngosec.gov.lk/about/registered-active-ngos,
phone,pass,Published phone: 077-9915181,https://ngosec.gov.lk/about/registered-active-ngos,
phone,pass,Published phone: 0777322422) ,https://ngosec.gov.lk/about/registered-active-ngos,
phone,pass,Published phone: 0766353026,https://ngosec.gov.lk/about/registered-active-ngos,
phone,pass,Published phone: 0112764889,https://ngosec.gov.lk/about/registered-active-ngos,
phone,pass,Published phone: 0770650460) ,https://ngosec.gov.lk/about/registered-active-ngos,
phone,pass,Published phone: 0759271002,https://ngosec.gov.lk/about/registered-active-ngos,
phone,pass,Published phone: 077 6693042) ,https://ngosec.gov.lk/about/registered-active-ngos,
phone,pass,Published phone: 0777-965475) ,https://ngosec.gov.lk/about/registered-active-ngos,
phone,pass,Published phone: 0112592219) ,https://ngosec.gov.lk/about/registered-active-ngos,
phone,pass,Published phone: 0771309636,https://ngosec.gov.lk/about/registered-active-ngos,
phone,pass,Published phone: 077-7733293) ,https://ngosec.gov.lk/about/registered-active-ngos,
phone,pass,Published phone: 0778988276) ,https://ngosec.gov.lk/about/registered-active-ngos,
phone,pass,Published phone: 0718053000,https://ngosec.gov.lk/about/registered-active-ngos,
phone,pass,Published phone: 077-2298565) ,https://ngosec.gov.lk/about/registered-active-ngos,
phone,pass,Published phone: 077-8021911) ,https://ngosec.gov.lk/about/registered-active-ngos,
phone,pass,Published phone: 0773537009) ,https://ngosec.gov.lk/about/registered-active-ngos,
phone,pass,Published phone: 0112548400,https://ngosec.gov.lk/about/registered-active-ngos,
phone,pass,Published phone: 071-8469624) ,https://ngosec.gov.lk/about/registered-active-ngos,
phone,pass,Published phone: 0773529340) ,https://ngosec.gov.lk/about/registered-active-ngos,
phone,pass,Published phone: +94702259907) ,https://ngosec.gov.lk/about/registered-active-ngos,
phone,pass,Published phone: 0782950888,https://ngosec.gov.lk/about/registered-active-ngos,
phone,pass,Published phone: 0322268404,https://ngosec.gov.lk/about/registered-active-ngos,
phone,pass,Published phone: 0718415960) ,https://ngosec.gov.lk/about/registered-active-ngos,
phone,pass,Published phone: 071-0129998) ,https://ngosec.gov.lk/about/registered-active-ngos,
phone,pass,Published phone: 0112555077,https://ngosec.gov.lk/about/registered-active-ngos,
phone,pass,Published phone: 0114381847,https://ngosec.gov.lk/about/registered-active-ngos,
phone,pass,Published phone: 0363364939,https://ngosec.gov.lk/about/registered-active-ngos,
phone,pass,Published phone: 0776275285) ,https://ngosec.gov.lk/about/registered-active-ngos,
phone,pass,Published phone: 0773710396) ,https://ngosec.gov.lk/about/registered-active-ngos,
phone,pass,Published phone: 077-3974090) ,https://ngosec.gov.lk/about/registered-active-ngos,
phone,pass,Published phone: 0718589907) ,https://ngosec.gov.lk/about/registered-active-ngos,
phone,pass,Published phone: 02708) 07757,https://ngosec.gov.lk/about/registered-active-ngos,
phone,pass,Published phone: 0715478656) ,https://ngosec.gov.lk/about/registered-active-ngos,
phone,pass,Published phone: 0112366133,https://ngosec.gov.lk/about/registered-active-ngos,
phone,pass,Published phone: 0766869108,https://ngosec.gov.lk/about/registered-active-ngos,
phone,pass,Published phone: 0332235613,https://ngosec.gov.lk/about/registered-active-ngos,
phone,pass,Published phone: 0814940872,https://ngosec.gov.lk/about/registered-active-ngos,
phone,pass,Published phone: 0773 413724) ,https://ngosec.gov.lk/about/registered-active-ngos,
phone,pass,Published phone: 077 1292559) ,https://ngosec.gov.lk/about/registered-active-ngos,
phone,pass,Published phone: 0112503263,https://ngosec.gov.lk/about/registered-active-ngos,
phone,pass,Published phone: 032-2269197,https://ngosec.gov.lk/about/registered-active-ngos,
phone,pass,Published phone: 0714232810) ,https://ngosec.gov.lk/about/registered-active-ngos,
phone,pass,Published phone: 071-3701809) ,https://ngosec.gov.lk/about/registered-active-ngos,
phone,pass,Published phone: 071 8322700) ,https://ngosec.gov.lk/about/registered-active-ngos,
phone,pass,Published phone: 0770806666,https://ngosec.gov.lk/about/registered-active-ngos,
phone,pass,Published phone: 0114367632) ,https://ngosec.gov.lk/about/registered-active-ngos,
phone,pass,Published phone: 0777420054) ,https://ngosec.gov.lk/about/registered-active-ngos,
phone,pass,Published phone: 071-4316101) ,https://ngosec.gov.lk/about/registered-active-ngos,
phone,pass,Published phone: 0777309905 ,https://ngosec.gov.lk/about/registered-active-ngos,
phone,pass,Published phone: 0112822762 ,https://ngosec.gov.lk/about/registered-active-ngos,
phone,pass,Published phone: 0775405560,https://ngosec.gov.lk/about/registered-active-ngos,
phone,pass,Published phone: 0711086401) ,https://ngosec.gov.lk/about/registered-active-ngos,
phone,pass,Published phone: 0112623074) ,https://ngosec.gov.lk/about/registered-active-ngos,
phone,pass,Published phone: 0723466728) ,https://ngosec.gov.lk/about/registered-active-ngos,
phone,pass,Published phone: 077-2919004) ,https://ngosec.gov.lk/about/registered-active-ngos,
phone,pass,Published phone: 0715611937,https://ngosec.gov.lk/about/registered-active-ngos,
phone,pass,Published phone: 0112645898,https://ngosec.gov.lk/about/registered-active-ngos,
phone,pass,Published phone: 0112366543,https://ngosec.gov.lk/about/registered-active-ngos,
phone,pass,Published phone: 0776564124,https://ngosec.gov.lk/about/registered-active-ngos,
phone,pass,Published phone: 0777508933) ,https://ngosec.gov.lk/about/registered-active-ngos,
phone,pass,Published phone: 0112658212) ,https://ngosec.gov.lk/about/registered-active-ngos,
phone,pass,Published phone: 0772840802) ,https://ngosec.gov.lk/about/registered-active-ngos,
phone,pass,Published phone: 0718066848) ,https://ngosec.gov.lk/about/registered-active-ngos,
phone,pass,Published phone: 0774623042,https://ngosec.gov.lk/about/registered-active-ngos,
phone,pass,Published phone: 0112613418,https://ngosec.gov.lk/about/registered-active-ngos,
phone,pass,Published phone: 071-2-788883 ,https://ngosec.gov.lk/about/registered-active-ngos,
phone,pass,Published phone: 077-0689295,https://ngosec.gov.lk/about/registered-active-ngos,
phone,pass,Published phone: 0773347447) ,https://ngosec.gov.lk/about/registered-active-ngos,
phone,pass,Published phone: 0765050421,https://ngosec.gov.lk/about/registered-active-ngos,
phone,pass,Published phone: 0112372485,https://ngosec.gov.lk/about/registered-active-ngos,
phone,pass,Published phone: 0112506600,https://ngosec.gov.lk/about/registered-active-ngos,
phone,pass,Published phone: 0772305076) ,https://ngosec.gov.lk/about/registered-active-ngos,
phone,pass,Published phone: 051-2235045,https://ngosec.gov.lk/about/registered-active-ngos,
phone,pass,Published phone: 0112407952) ,https://ngosec.gov.lk/about/registered-active-ngos,
phone,pass,Published phone: 0114365111,https://ngosec.gov.lk/about/registered-active-ngos,
phone,pass,Published phone: 0701012345) ,https://ngosec.gov.lk/about/registered-active-ngos,
phone,pass,Published phone: 0777957608,https://ngosec.gov.lk/about/registered-active-ngos,
phone,pass,Published phone: 0703303551) ,https://ngosec.gov.lk/about/registered-active-ngos,
phone,pass,Published phone: 0912230818,https://ngosec.gov.lk/about/registered-active-ngos,
phone,pass,Published phone: 037-22-31262 ,https://ngosec.gov.lk/about/registered-active-ngos,
phone,pass,Published phone: 0776956420) ,https://ngosec.gov.lk/about/registered-active-ngos,
phone,pass,Published phone: 0112676593 ,https://ngosec.gov.lk/about/registered-active-ngos,
phone,pass,Published phone: 077-7355777) ,https://ngosec.gov.lk/about/registered-active-ngos,
phone,pass,Published phone: 0112665126,https://ngosec.gov.lk/about/registered-active-ngos,
phone,pass,Published phone: 0115686658 ,https://ngosec.gov.lk/about/registered-active-ngos,
phone,pass,Published phone: 0363367022,https://ngosec.gov.lk/about/registered-active-ngos,
phone,pass,Published phone: 076 6722724) ,https://ngosec.gov.lk/about/registered-active-ngos,
phone,pass,Published phone: 077-3030415) ,https://ngosec.gov.lk/about/registered-active-ngos,
phone,pass,Published phone: +94784523340,https://ngosec.gov.lk/about/registered-active-ngos,
phone,pass,Published phone: 0112556611,https://ngosec.gov.lk/about/registered-active-ngos,
phone,pass,Published phone: 0316525444,https://ngosec.gov.lk/about/registered-active-ngos,
phone,pass,Published phone: 077-1555895) ,https://ngosec.gov.lk/about/registered-active-ngos,
phone,pass,Published phone: 0112930447,https://ngosec.gov.lk/about/registered-active-ngos,
phone,pass,Published phone: 0777711063) ,https://ngosec.gov.lk/about/registered-active-ngos,
phone,pass,Published phone: 0777750960) ,https://ngosec.gov.lk/about/registered-active-ngos,
phone,pass,Published phone: 0777569368,https://ngosec.gov.lk/about/registered-active-ngos,
phone,pass,Published phone: 0717752022) ,https://ngosec.gov.lk/about/registered-active-ngos,
phone,pass,Published phone: 0112185629,https://ngosec.gov.lk/about/registered-active-ngos,
phone,pass,Published phone: 011-2555336) ,https://ngosec.gov.lk/about/registered-active-ngos,
phone,pass,Published phone: 0112819310,https://ngosec.gov.lk/about/registered-active-ngos,
phone,pass,Published phone: 0702043327 ,https://ngosec.gov.lk/about/registered-active-ngos,
phone,pass,Published phone: 0362258600,https://ngosec.gov.lk/about/registered-active-ngos,
phone,pass,Published phone: 077-3687782) ,https://ngosec.gov.lk/about/registered-active-ngos,
phone,pass,Published phone: 0773564182,https://ngosec.gov.lk/about/registered-active-ngos,
phone,pass,Published phone: 0766014700,https://ngosec.gov.lk/about/registered-active-ngos,
phone,pass,Published phone: 0777845971,https://ngosec.gov.lk/about/registered-active-ngos,
phone,pass,Published phone: 071-4214600(,https://ngosec.gov.lk/about/registered-active-ngos,
phone,pass,Published phone: 0741768844) ,https://ngosec.gov.lk/about/registered-active-ngos,
phone,pass,Published phone: 0632240122,https://ngosec.gov.lk/about/registered-active-ngos,
phone,pass,Published phone: 0773412518) ,https://ngosec.gov.lk/about/registered-active-ngos,
phone,pass,Published phone: 0522222509 ,https://ngosec.gov.lk/about/registered-active-ngos,
phone,pass,Published phone: 077-1306406) ,https://ngosec.gov.lk/about/registered-active-ngos,
phone,pass,Published phone: 072-4619963) ,https://ngosec.gov.lk/about/registered-active-ngos,
phone,pass,Published phone: 0707936447,https://ngosec.gov.lk/about/registered-active-ngos,
phone,pass,Published phone: 0112281086,https://ngosec.gov.lk/about/registered-active-ngos,
phone,pass,Published phone: 0714264660,https://ngosec.gov.lk/about/registered-active-ngos,
phone,pass,Published phone: 0719897501) ,https://ngosec.gov.lk/about/registered-active-ngos,
phone,pass,Published phone: 011-2554516,https://ngosec.gov.lk/about/registered-active-ngos,
phone,pass,Published phone: 0112827717) ,https://ngosec.gov.lk/about/registered-active-ngos,
phone,pass,Published phone: 011-2669100) ,https://ngosec.gov.lk/about/registered-active-ngos,
phone,pass,Published phone: 0774075081 ,https://ngosec.gov.lk/about/registered-active-ngos,
phone,pass,Published phone: 0710584845) ,https://ngosec.gov.lk/about/registered-active-ngos,
phone,pass,Published phone: 0094112696,https://ngosec.gov.lk/about/registered-active-ngos,
phone,pass,Published phone: 0717412617,https://ngosec.gov.lk/about/registered-active-ngos,
phone,pass,Published phone: 071-4465116 ,https://ngosec.gov.lk/about/registered-active-ngos,
phone,pass,Published phone: 0812577346,https://ngosec.gov.lk/about/registered-active-ngos,
phone,pass,Published phone: 0112657090,https://ngosec.gov.lk/about/registered-active-ngos,
phone,pass,Published phone: 0773013083) ,https://ngosec.gov.lk/about/registered-active-ngos,
phone,pass,Published phone: 0716815446) ,https://ngosec.gov.lk/about/registered-active-ngos,
phone,pass,Published phone: 0776449440,https://ngosec.gov.lk/about/registered-active-ngos,
phone,pass,Published phone: 0775629313) ,https://ngosec.gov.lk/about/registered-active-ngos,
phone,pass,Published phone: 0778324339,https://ngosec.gov.lk/about/registered-active-ngos,
phone,pass,Published phone: 0112301817,https://ngosec.gov.lk/about/registered-active-ngos,
phone,pass,Published phone: 077-7348710) ,https://ngosec.gov.lk/about/registered-active-ngos,
phone,pass,Published phone: 077-3628640,https://ngosec.gov.lk/about/registered-active-ngos,
phone,pass,Published phone: 076-6138620,https://ngosec.gov.lk/about/registered-active-ngos,
phone,pass,Published phone: 026-22-36343,https://ngosec.gov.lk/about/registered-active-ngos,
phone,pass,Published phone: 0112638772,https://ngosec.gov.lk/about/registered-active-ngos,
phone,pass,Published phone: 0764980299) ,https://ngosec.gov.lk/about/registered-active-ngos,
phone,pass,Published phone: 0112673558) ,https://ngosec.gov.lk/about/registered-active-ngos,
phone,pass,Published phone: 0761082676) ,https://ngosec.gov.lk/about/registered-active-ngos,
phone,pass,Published phone: 077-7562865 (,https://ngosec.gov.lk/about/registered-active-ngos,
phone,pass,Published phone: +94) 112884612 ,https://ngosec.gov.lk/about/registered-active-ngos,
phone,pass,Published phone: 0112971005-,https://ngosec.gov.lk/about/registered-active-ngos,
phone,pass,Published phone: 0777783223) ,https://ngosec.gov.lk/about/registered-active-ngos,
phone,pass,Published phone: 0112789832 ,https://ngosec.gov.lk/about/registered-active-ngos,
phone,pass,Published phone: 0702606276) ,https://ngosec.gov.lk/about/registered-active-ngos,
phone,pass,Published phone: 0262234345) ,https://ngosec.gov.lk/about/registered-active-ngos,
phone,pass,Published phone: 0522222839) ,https://ngosec.gov.lk/about/registered-active-ngos,
phone,pass,Published phone: 0722999555,https://ngosec.gov.lk/about/registered-active-ngos,
phone,pass,Published phone: 0777277747) ,https://ngosec.gov.lk/about/registered-active-ngos,
phone,pass,Published phone: 077-7736040) ,https://ngosec.gov.lk/about/registered-active-ngos,
phone,pass,Published phone: 0777444499) ,https://ngosec.gov.lk/about/registered-active-ngos,
phone,pass,Published phone: 0770749599 ,https://ngosec.gov.lk/about/registered-active-ngos,
phone,pass,Published phone: 0112680051,https://ngosec.gov.lk/about/registered-active-ngos,
phone,pass,Published phone: 0777689631) ,https://ngosec.gov.lk/about/registered-active-ngos,
phone,pass,Published phone: 0812376326,https://ngosec.gov.lk/about/registered-active-ngos,
phone,pass,Published phone: 0707247360,https://ngosec.gov.lk/about/registered-active-ngos,
phone,pass,Published phone: 0777377228,https://ngosec.gov.lk/about/registered-active-ngos,
phone,pass,Published phone: 0114367641 ,https://ngosec.gov.lk/about/registered-active-ngos,
phone,pass,Published phone: 0716499521) ,https://ngosec.gov.lk/about/registered-active-ngos,
phone,pass,Published phone: 071-5619388,https://ngosec.gov.lk/about/registered-active-ngos,
phone,pass,Published phone: 033-22-24952 ,https://ngosec.gov.lk/about/registered-active-ngos,
phone,pass,Published phone: 071-2-509043) ,https://ngosec.gov.lk/about/registered-active-ngos,
phone,pass,Published phone: 0767084231 ,https://ngosec.gov.lk/about/registered-active-ngos,
phone,pass,Published phone: 0912243593 ,https://ngosec.gov.lk/about/registered-active-ngos,
phone,pass,Published phone: 0777-236852,https://ngosec.gov.lk/about/registered-active-ngos,
phone,pass,Published phone: 0112804710) ,https://ngosec.gov.lk/about/registered-active-ngos,
phone,pass,Published phone: 077-8063213) ,https://ngosec.gov.lk/about/registered-active-ngos,
phone,pass,Published phone: 0112702321,https://ngosec.gov.lk/about/registered-active-ngos,
phone,pass,Published phone: 071-9436003) ,https://ngosec.gov.lk/about/registered-active-ngos,
phone,pass,Published phone: 077-6633967,https://ngosec.gov.lk/about/registered-active-ngos,
phone,pass,Published phone: 0115 552 727,https://ngosec.gov.lk/about/registered-active-ngos,
phone,pass,Published phone: 071-6546922 ,https://ngosec.gov.lk/about/registered-active-ngos,
phone,pass,Published phone: 077-7702000) ,https://ngosec.gov.lk/about/registered-active-ngos,
phone,pass,Published phone: 0912256621,https://ngosec.gov.lk/about/registered-active-ngos,
phone,pass,Published phone: 0766003406,https://ngosec.gov.lk/about/registered-active-ngos,
phone,pass,Published phone: 0717471560) ,https://ngosec.gov.lk/about/registered-active-ngos,
phone,pass,Published phone: 0765226672,https://ngosec.gov.lk/about/registered-active-ngos,
phone,pass,Published phone: 070-7292831) ,https://ngosec.gov.lk/about/registered-active-ngos,
phone,pass,Published phone: 0762195054) ,https://ngosec.gov.lk/about/registered-active-ngos,
phone,pass,Published phone: 0714353053) ,https://ngosec.gov.lk/about/registered-active-ngos,
phone,pass,Published phone: 0242052197,https://ngosec.gov.lk/about/registered-active-ngos,
phone,pass,Published phone: 0112647843) ,https://ngosec.gov.lk/about/registered-active-ngos,
phone,pass,Published phone: 071-3123390 ,https://ngosec.gov.lk/about/registered-active-ngos,
phone,pass,Published phone: 011507) 0112,https://ngosec.gov.lk/about/registered-active-ngos,
phone,pass,Published phone: 0777887888) ,https://ngosec.gov.lk/about/registered-active-ngos,
phone,pass,Published phone: 0112971280,https://ngosec.gov.lk/about/registered-active-ngos,
phone,pass,Published phone: 011-4626100) ,https://ngosec.gov.lk/about/registered-active-ngos,
phone,pass,Published phone: 011-2-686180) ,https://ngosec.gov.lk/about/registered-active-ngos,
phone,pass,Published phone: +94773267403 ,https://ngosec.gov.lk/about/registered-active-ngos,
phone,pass,Published phone: 0112362 833,https://ngosec.gov.lk/about/registered-active-ngos,
phone,pass,Published phone: 0472220499,https://ngosec.gov.lk/about/registered-active-ngos,
phone,pass,Published phone: 0777676948) ,https://ngosec.gov.lk/about/registered-active-ngos,
phone,pass,Published phone: +94777449319) ,https://ngosec.gov.lk/about/registered-active-ngos,
phone,pass,Published phone: 0772242265,https://ngosec.gov.lk/about/registered-active-ngos,
phone,pass,Published phone: 0776034338) ,https://ngosec.gov.lk/about/registered-active-ngos,
phone,pass,Published phone: 0753721010) ,https://ngosec.gov.lk/about/registered-active-ngos,
phone,pass,Published phone: 077-0293598) ,https://ngosec.gov.lk/about/registered-active-ngos,
phone,pass,Published phone: 0701311212) ,https://ngosec.gov.lk/about/registered-active-ngos,
phone,pass,Published phone: 0769110861,https://ngosec.gov.lk/about/registered-active-ngos,
phone,pass,Published phone: 0777550600) ,https://ngosec.gov.lk/about/registered-active-ngos,
phone,pass,Published phone: 0112362832,https://ngosec.gov.lk/about/registered-active-ngos,
phone,pass,Published phone: 0382282880,https://ngosec.gov.lk/about/registered-active-ngos,
phone,pass,Published phone: 0717373339) ,https://ngosec.gov.lk/about/registered-active-ngos,
phone,pass,Published phone: 077-3749544(,https://ngosec.gov.lk/about/registered-active-ngos,
phone,pass,Published phone: 0761866850) ,https://ngosec.gov.lk/about/registered-active-ngos,
phone,pass,Published phone: 0770420195) ,https://ngosec.gov.lk/about/registered-active-ngos,
phone,pass,Published phone: 0768689599,https://ngosec.gov.lk/about/registered-active-ngos,
phone,pass,Published phone: 0717774757,https://ngosec.gov.lk/about/registered-active-ngos,
phone,pass,Published phone: 077-6761788,https://ngosec.gov.lk/about/registered-active-ngos,
phone,pass,Published phone: 0112369530,https://ngosec.gov.lk/about/registered-active-ngos,
phone,pass,Published phone: 0452264331) ,https://ngosec.gov.lk/about/registered-active-ngos,
phone,pass,Published phone: 077-7394144 ,https://ngosec.gov.lk/about/registered-active-ngos,
phone,pass,Published phone: 03 026-22-368,https://ngosec.gov.lk/about/registered-active-ngos,
phone,pass,Published phone: 0912226528,https://ngosec.gov.lk/about/registered-active-ngos,
phone,pass,Published phone: 0112879710,https://ngosec.gov.lk/about/registered-active-ngos,
phone,pass,Published phone: 071-0993300 ,https://ngosec.gov.lk/about/registered-active-ngos,
phone,pass,Published phone: 070-3303142) ,https://ngosec.gov.lk/about/registered-active-ngos,
phone,pass,Published phone: 0117208672,https://ngosec.gov.lk/about/registered-active-ngos,
phone,pass,Published phone: 0773653371,https://ngosec.gov.lk/about/registered-active-ngos,
phone,pass,Published phone: 075-5609900) ,https://ngosec.gov.lk/about/registered-active-ngos,
phone,pass,Published phone: 0765392784) ,https://ngosec.gov.lk/about/registered-active-ngos,
phone,pass,Published phone: 0672277276,https://ngosec.gov.lk/about/registered-active-ngos,
phone,pass,Published phone: 0714254650) ,https://ngosec.gov.lk/about/registered-active-ngos,
phone,pass,Published phone: 0773953589) ,https://ngosec.gov.lk/about/registered-active-ngos,
phone,pass,Published phone: 0112555455,https://ngosec.gov.lk/about/registered-active-ngos,
phone,pass,Published phone: 0753265125 ,https://ngosec.gov.lk/about/registered-active-ngos,
phone,pass,Published phone: 0777404532) ,https://ngosec.gov.lk/about/registered-active-ngos,
phone,pass,Published phone: 077-8620152) ,https://ngosec.gov.lk/about/registered-active-ngos,
phone,pass,Published phone: 0766292345 ,https://ngosec.gov.lk/about/registered-active-ngos,
phone,pass,Published phone: 077-3999578) ,https://ngosec.gov.lk/about/registered-active-ngos,
phone,pass,Published phone: 070-2145511) ,https://ngosec.gov.lk/about/registered-active-ngos,
phone,pass,Published phone: 0771774172) ,https://ngosec.gov.lk/about/registered-active-ngos,
phone,pass,Published phone: 0472221022,https://ngosec.gov.lk/about/registered-active-ngos,
phone,pass,Published phone: 0715347080) ,https://ngosec.gov.lk/about/registered-active-ngos,
phone,pass,Published phone: 076-9031383) ,https://ngosec.gov.lk/about/registered-active-ngos,
phone,pass,Published phone: 031-2233466) ,https://ngosec.gov.lk/about/registered-active-ngos,
phone,pass,Published phone: 0705254624) ,https://ngosec.gov.lk/about/registered-active-ngos,
phone,pass,Published phone: 05583) 01155,https://ngosec.gov.lk/about/registered-active-ngos,
phone,pass,Published phone: 078-6539746) ,https://ngosec.gov.lk/about/registered-active-ngos,
phone,pass,Published phone: 0779936490 ,https://ngosec.gov.lk/about/registered-active-ngos,
phone,pass,Published phone: 0777224084) ,https://ngosec.gov.lk/about/registered-active-ngos,
phone,pass,Published phone: 0112687254,https://ngosec.gov.lk/about/registered-active-ngos,
phone,pass,Published phone: 0777347039,https://ngosec.gov.lk/about/registered-active-ngos,
phone,pass,Published phone: 0412238221,https://ngosec.gov.lk/about/registered-active-ngos,
phone,pass,Published phone: 0412259390,https://ngosec.gov.lk/about/registered-active-ngos,
phone,pass,Published phone: 0712431600) ,https://ngosec.gov.lk/about/registered-active-ngos,
phone,pass,Published phone: 0702676725) ,https://ngosec.gov.lk/about/registered-active-ngos,
phone,pass,Published phone: 011-2817672,https://ngosec.gov.lk/about/registered-active-ngos,
phone,pass,Published phone: 0112255587,https://ngosec.gov.lk/about/registered-active-ngos,
phone,pass,Published phone: 0714940055,https://ngosec.gov.lk/about/registered-active-ngos,
phone,pass,Published phone: 0262226791,https://ngosec.gov.lk/about/registered-active-ngos,
phone,pass,Published phone: 0634545227,https://ngosec.gov.lk/about/registered-active-ngos,
phone,pass,Published phone: 0773963136),https://ngosec.gov.lk/about/registered-active-ngos,
phone,pass,Published phone: 0750134912,https://ngosec.gov.lk/about/registered-active-ngos,
phone,pass,Published phone: 0714839710) ,https://ngosec.gov.lk/about/registered-active-ngos,
phone,pass,Published phone: 070-4644640,https://ngosec.gov.lk/about/registered-active-ngos,
phone,pass,Published phone: 076-5485381) ,https://ngosec.gov.lk/about/registered-active-ngos,
phone,pass,Published phone: 0718243784,https://ngosec.gov.lk/about/registered-active-ngos,
phone,pass,Published phone: 0112081258,https://ngosec.gov.lk/about/registered-active-ngos,
phone,pass,Published phone: 077-6553269,https://ngosec.gov.lk/about/registered-active-ngos,
phone,pass,Published phone: 033-5682532,https://ngosec.gov.lk/about/registered-active-ngos,
phone,pass,Published phone: 0412223918,https://ngosec.gov.lk/about/registered-active-ngos,
phone,pass,Published phone: 0112806730,https://ngosec.gov.lk/about/registered-active-ngos,
phone,pass,Published phone: 0272248486) ,https://ngosec.gov.lk/about/registered-active-ngos,
phone,pass,Published phone: 0776309096) ,https://ngosec.gov.lk/about/registered-active-ngos,
phone,pass,Published phone: 0777344410) ,https://ngosec.gov.lk/about/registered-active-ngos,
phone,pass,Published phone: 0382243080,https://ngosec.gov.lk/about/registered-active-ngos,
phone,pass,Published phone: 0771023981) ,https://ngosec.gov.lk/about/registered-active-ngos,
phone,pass,Published phone: 081-2575759) ,https://ngosec.gov.lk/about/registered-active-ngos,
phone,pass,Published phone: 0718457363) ,https://ngosec.gov.lk/about/registered-active-ngos,
phone,pass,Published phone: 0765890322) ,https://ngosec.gov.lk/about/registered-active-ngos,
phone,pass,Published phone: 0112603311,https://ngosec.gov.lk/about/registered-active-ngos,
phone,pass,Published phone: 076-4-490454 ,https://ngosec.gov.lk/about/registered-active-ngos,
phone,pass,Published phone: 0772795319) ,https://ngosec.gov.lk/about/registered-active-ngos,
phone,pass,Published phone: 0714478722) ,https://ngosec.gov.lk/about/registered-active-ngos,
phone,pass,Published phone: 0112076985) ,https://ngosec.gov.lk/about/registered-active-ngos,
phone,pass,Published phone: 077-1292559,https://ngosec.gov.lk/about/registered-active-ngos,
phone,pass,Published phone: 0773060792) ,https://ngosec.gov.lk/about/registered-active-ngos,
phone,pass,Published phone: 0773043476) ,https://ngosec.gov.lk/about/registered-active-ngos,
phone,pass,Published phone: 0115333385,https://ngosec.gov.lk/about/registered-active-ngos,
phone,pass,Published phone: 076-4888711,https://ngosec.gov.lk/about/registered-active-ngos,
phone,pass,Published phone: 0777278693,https://ngosec.gov.lk/about/registered-active-ngos,
phone,pass,Published phone: 077-3511489) ,https://ngosec.gov.lk/about/registered-active-ngos,
phone,pass,Published phone: 0112779667,https://ngosec.gov.lk/about/registered-active-ngos,
phone,pass,Published phone: +94 705050606 ,https://ngosec.gov.lk/about/registered-active-ngos,
phone,pass,Published phone: 0716901094,https://ngosec.gov.lk/about/registered-active-ngos,
phone,pass,Published phone: 0112501668) ,https://ngosec.gov.lk/about/registered-active-ngos,
phone,pass,Published phone: 0773003652 ,https://ngosec.gov.lk/about/registered-active-ngos,
phone,pass,Published phone: 0711180800,https://ngosec.gov.lk/about/registered-active-ngos,
phone,pass,Published phone: 0212220483,https://ngosec.gov.lk/about/registered-active-ngos,
phone,pass,Published phone: 0777591131),https://ngosec.gov.lk/about/registered-active-ngos,
phone,pass,Published phone: 0711251303,https://ngosec.gov.lk/about/registered-active-ngos,
phone,pass,Published phone: 077-7939660) ,https://ngosec.gov.lk/about/registered-active-ngos,
phone,pass,Published phone: 0764433030) ,https://ngosec.gov.lk/about/registered-active-ngos,
phone,pass,Published phone: 0112657564,https://ngosec.gov.lk/about/registered-active-ngos,
phone,pass,Published phone: 0777916511) ,https://ngosec.gov.lk/about/registered-active-ngos,
phone,pass,Published phone: 0773020047) ,https://ngosec.gov.lk/about/registered-active-ngos,
phone,pass,Published phone: 0776030677) ,https://ngosec.gov.lk/about/registered-active-ngos,
phone,pass,Published phone: 0773753788) ,https://ngosec.gov.lk/about/registered-active-ngos,
phone,pass,Published phone: 0777689633,https://ngosec.gov.lk/about/registered-active-ngos,
phone,pass,Published phone: 077 1331415) ,https://ngosec.gov.lk/about/registered-active-ngos,
phone,pass,Published phone: 0777 152847) ,https://ngosec.gov.lk/about/registered-active-ngos,
phone,pass,Published phone: 0778246038) ,https://ngosec.gov.lk/about/registered-active-ngos,
phone,pass,Published phone: 0472240586) ,https://ngosec.gov.lk/about/registered-active-ngos,
phone,pass,Published phone: 0112806740,https://ngosec.gov.lk/about/registered-active-ngos,
phone,pass,Published phone: +94776318321) ,https://ngosec.gov.lk/about/registered-active-ngos,
phone,pass,Published phone: 0552225945 ,https://ngosec.gov.lk/about/registered-active-ngos,
phone,pass,Published phone: 0716203388 ,https://ngosec.gov.lk/about/registered-active-ngos,
phone,pass,Published phone: 0776170027 ,https://ngosec.gov.lk/about/registered-active-ngos,
phone,pass,Published phone: 0773082135 - ,https://ngosec.gov.lk/about/registered-active-ngos,
phone,pass,Published phone: 0242223152,https://ngosec.gov.lk/about/registered-active-ngos,
phone,pass,Published phone: 0770465281) ,https://ngosec.gov.lk/about/registered-active-ngos,
phone,pass,Published phone: 0114796444) ,https://ngosec.gov.lk/about/registered-active-ngos,
phone,pass,Published phone: 0522222064,https://ngosec.gov.lk/about/registered-active-ngos,
phone,pass,Published phone: 0112369069,https://ngosec.gov.lk/about/registered-active-ngos,
phone,pass,Published phone: 0112884950,https://ngosec.gov.lk/about/registered-active-ngos,
phone,pass,Published phone: 0112730549,https://ngosec.gov.lk/about/registered-active-ngos,
phone,pass,Published phone: 0740789482 ,https://ngosec.gov.lk/about/registered-active-ngos,
phone,pass,Published phone: 0332237962,https://ngosec.gov.lk/about/registered-active-ngos,
phone,pass,Published phone: 031-2243374 ,https://ngosec.gov.lk/about/registered-active-ngos,
phone,pass,Published phone: 0776979539,https://ngosec.gov.lk/about/registered-active-ngos,
phone,pass,Published phone: 071-3438322 ,https://ngosec.gov.lk/about/registered-active-ngos,
phone,pass,Published phone: 0114731777,https://ngosec.gov.lk/about/registered-active-ngos,
phone,pass,Published phone: 0761497921) ,https://ngosec.gov.lk/about/registered-active-ngos,
phone,pass,Published phone: 0777144093,https://ngosec.gov.lk/about/registered-active-ngos,
phone,pass,Published phone: 071-9475261) ,https://ngosec.gov.lk/about/registered-active-ngos,
phone,pass,Published phone: 070-1246811) ,https://ngosec.gov.lk/about/registered-active-ngos,
phone,pass,Published phone: 0117224343,https://ngosec.gov.lk/about/registered-active-ngos,
phone,pass,Published phone: 0452275576,https://ngosec.gov.lk/about/registered-active-ngos,
phone,pass,Published phone: 0703870799) ,https://ngosec.gov.lk/about/registered-active-ngos,
phone,pass,Published phone: 0717549854,https://ngosec.gov.lk/about/registered-active-ngos,
phone,pass,Published phone: 0112058705,https://ngosec.gov.lk/about/registered-active-ngos,
phone,pass,Published phone: 0112798833,https://ngosec.gov.lk/about/registered-active-ngos,
phone,pass,Published phone: 077-7670483) ,https://ngosec.gov.lk/about/registered-active-ngos,
phone,pass,Published phone: 0714200444,https://ngosec.gov.lk/about/registered-active-ngos,
phone,pass,Published phone: 0545682569) ,https://ngosec.gov.lk/about/registered-active-ngos,
phone,pass,Published phone: 071-3448272,https://ngosec.gov.lk/about/registered-active-ngos,
phone,pass,Published phone: 0702259907,https://ngosec.gov.lk/about/registered-active-ngos,
phone,pass,Published phone: 0777282883) ,https://ngosec.gov.lk/about/registered-active-ngos,
phone,pass,Published phone: 077-7644558) ,https://ngosec.gov.lk/about/registered-active-ngos,
phone,pass,Published phone: 0112841940,https://ngosec.gov.lk/about/registered-active-ngos,
phone,pass,Published phone: 0634349706 ,https://ngosec.gov.lk/about/registered-active-ngos,
phone,pass,Published phone: 081-2065070) ,https://ngosec.gov.lk/about/registered-active-ngos,
phone,pass,Published phone: 077-6316242) ,https://ngosec.gov.lk/about/registered-active-ngos,
phone,pass,Published phone: 077-7427556) ,https://ngosec.gov.lk/about/registered-active-ngos,
phone,pass,Published phone: 0112803752,https://ngosec.gov.lk/about/registered-active-ngos,
phone,pass,Published phone: 077 7394691) ,https://ngosec.gov.lk/about/registered-active-ngos,
phone,pass,Published phone: 0316510850,https://ngosec.gov.lk/about/registered-active-ngos,
phone,pass,Published phone: 076-4750094) ,https://ngosec.gov.lk/about/registered-active-ngos,
phone,pass,Published phone: 0117229230,https://ngosec.gov.lk/about/registered-active-ngos,
phone,pass,Published phone: 0773514153) ,https://ngosec.gov.lk/about/registered-active-ngos,
phone,pass,Published phone: 0352231442,https://ngosec.gov.lk/about/registered-active-ngos,
phone,pass,Published phone: 077-9497755) ,https://ngosec.gov.lk/about/registered-active-ngos,
phone,pass,Published phone: 0723216007) ,https://ngosec.gov.lk/about/registered-active-ngos,
phone,pass,Published phone: 0716723655) ,https://ngosec.gov.lk/about/registered-active-ngos,
phone,pass,Published phone: 0714800552) ,https://ngosec.gov.lk/about/registered-active-ngos,
phone,pass,Published phone: 0777664637,https://ngosec.gov.lk/about/registered-active-ngos,
phone,pass,Published phone: 0382291771) ,https://ngosec.gov.lk/about/registered-active-ngos,
phone,pass,Published phone: 0718377526) ,https://ngosec.gov.lk/about/registered-active-ngos,
phone,pass,Published phone: 0112886627) ,https://ngosec.gov.lk/about/registered-active-ngos,
phone,pass,Published phone: 071-3586712) ,https://ngosec.gov.lk/about/registered-active-ngos,
phone,pass,Published phone: 0779419080,https://ngosec.gov.lk/about/registered-active-ngos,
phone,pass,Published phone: 0777278693) ,https://ngosec.gov.lk/about/registered-active-ngos,
phone,pass,Published phone: 0112812996,https://ngosec.gov.lk/about/registered-active-ngos,
phone,pass,Published phone: 0777556264) ,https://ngosec.gov.lk/about/registered-active-ngos,
phone,pass,Published phone: 0212222574) ,https://ngosec.gov.lk/about/registered-active-ngos,
phone,pass,Published phone: 077-3550287,https://ngosec.gov.lk/about/registered-active-ngos,
phone,pass,Published phone: 0112474548,https://ngosec.gov.lk/about/registered-active-ngos,
phone,pass,Published phone: 0777412053) ,https://ngosec.gov.lk/about/registered-active-ngos,
phone,pass,Published phone: +94776653694) ,https://ngosec.gov.lk/about/registered-active-ngos,
phone,pass,Published phone: 0714201850) ,https://ngosec.gov.lk/about/registered-active-ngos,
phone,pass,Published phone: 011-2691873) ,https://ngosec.gov.lk/about/registered-active-ngos,
phone,pass,Published phone: 0764672307,https://ngosec.gov.lk/about/registered-active-ngos,
phone,pass,Published phone: 077774842) 0,https://ngosec.gov.lk/about/registered-active-ngos,
phone,pass,Published phone: 077-3301100) ,https://ngosec.gov.lk/about/registered-active-ngos,
phone,pass,Published phone: 0714747322,https://ngosec.gov.lk/about/registered-active-ngos,
phone,pass,Published phone: 0773640031) ,https://ngosec.gov.lk/about/registered-active-ngos,
phone,pass,Published phone: 0774500930) ,https://ngosec.gov.lk/about/registered-active-ngos,
phone,pass,Published phone: 0112545362) ,https://ngosec.gov.lk/about/registered-active-ngos,
phone,pass,Published phone: 0718243784) ,https://ngosec.gov.lk/about/registered-active-ngos,
phone,pass,Published phone: 077-7577025,https://ngosec.gov.lk/about/registered-active-ngos,
phone,pass,Published phone: 077-4983829) ,https://ngosec.gov.lk/about/registered-active-ngos,
phone,pass,Published phone: 0332225621,https://ngosec.gov.lk/about/registered-active-ngos,
phone,pass,Published phone: 045-2224255) ,https://ngosec.gov.lk/about/registered-active-ngos,
phone,pass,Published phone: 077 3220080 ,https://ngosec.gov.lk/about/registered-active-ngos,
phone,pass,Published phone: +94771098302) ,https://ngosec.gov.lk/about/registered-active-ngos,
phone,pass,Published phone: 077-2277424) ,https://ngosec.gov.lk/about/registered-active-ngos,
phone,pass,Published phone: 0322251222) ,https://ngosec.gov.lk/about/registered-active-ngos,
phone,pass,Published phone: 0112683641,https://ngosec.gov.lk/about/registered-active-ngos,
phone,pass,Published phone: 0212283659,https://ngosec.gov.lk/about/registered-active-ngos,
phone,pass,Published phone: 0322267408,https://ngosec.gov.lk/about/registered-active-ngos,
phone,pass,Published phone: 0112818344,https://ngosec.gov.lk/about/registered-active-ngos,
phone,pass,Published phone: 0112734129,https://ngosec.gov.lk/about/registered-active-ngos,
phone,pass,Published phone: 0777756544) ,https://ngosec.gov.lk/about/registered-active-ngos,
phone,pass,Published phone: 0714873887) ,https://ngosec.gov.lk/about/registered-active-ngos,
phone,pass,Published phone: 0788809700) ,https://ngosec.gov.lk/about/registered-active-ngos,
phone,pass,Published phone: 0703303555,https://ngosec.gov.lk/about/registered-active-ngos,
phone,pass,Published phone: 0332287840,https://ngosec.gov.lk/about/registered-active-ngos,
phone,pass,Published phone: 0812064264,https://ngosec.gov.lk/about/registered-active-ngos,
phone,pass,Published phone: 021-3130720,https://ngosec.gov.lk/about/registered-active-ngos,
phone,pass,Published phone: 011-3507440) ,https://ngosec.gov.lk/about/registered-active-ngos,
phone,pass,Published phone: 0718394939) ,https://ngosec.gov.lk/about/registered-active-ngos,
phone,pass,Published phone: 0726723736,https://ngosec.gov.lk/about/registered-active-ngos,
phone,pass,Published phone: 0242050500,https://ngosec.gov.lk/about/registered-active-ngos,
phone,pass,Published phone: 0778287557,https://ngosec.gov.lk/about/registered-active-ngos,
phone,pass,Published phone: 0772980252,https://ngosec.gov.lk/about/registered-active-ngos,
phone,pass,Published phone: 0324337260,https://ngosec.gov.lk/about/registered-active-ngos,
phone,pass,Published phone: 0112166390) ,https://ngosec.gov.lk/about/registered-active-ngos,
phone,pass,Published phone: 0763141013,https://ngosec.gov.lk/about/registered-active-ngos,
phone,pass,Published phone: 0775041365,https://ngosec.gov.lk/about/registered-active-ngos,
phone,pass,Published phone: +94777440110) ,https://ngosec.gov.lk/about/registered-active-ngos,
phone,pass,Published phone: 0767416123) ,https://ngosec.gov.lk/about/registered-active-ngos,
phone,pass,Published phone: 0112669759) ,https://ngosec.gov.lk/about/registered-active-ngos,
phone,pass,Published phone: 0771434888,https://ngosec.gov.lk/about/registered-active-ngos,
phone,pass,Published phone: 0112698040,https://ngosec.gov.lk/about/registered-active-ngos,
phone,pass,Published phone: 0112949020,https://ngosec.gov.lk/about/registered-active-ngos,
phone,pass,Published phone: 077-7987957) ,https://ngosec.gov.lk/about/registered-active-ngos,
phone,pass,Published phone: 077-7547359) ,https://ngosec.gov.lk/about/registered-active-ngos,
phone,pass,Published phone: 0740009316,https://ngosec.gov.lk/about/registered-active-ngos,
phone,pass,Published phone: 0262228791,https://ngosec.gov.lk/about/registered-active-ngos,
phone,pass,Published phone: 077-8255941,https://ngosec.gov.lk/about/registered-active-ngos,
phone,pass,Published phone: 0743868982) ,https://ngosec.gov.lk/about/registered-active-ngos,
phone,pass,Published phone: 077-2277424,https://ngosec.gov.lk/about/registered-active-ngos,
phone,pass,Published phone: 0342293360,https://ngosec.gov.lk/about/registered-active-ngos,
phone,pass,Published phone: 076-6405745) ,https://ngosec.gov.lk/about/registered-active-ngos,
phone,pass,Published phone: 011-2-523912) ,https://ngosec.gov.lk/about/registered-active-ngos,
phone,pass,Published phone: 077399999) 1,https://ngosec.gov.lk/about/registered-active-ngos,
phone,pass,Published phone: 0112763693,https://ngosec.gov.lk/about/registered-active-ngos,
phone,pass,Published phone: 077-7260426,https://ngosec.gov.lk/about/registered-active-ngos,
phone,pass,Published phone: 077-6909732,https://ngosec.gov.lk/about/registered-active-ngos,
phone,pass,Published phone: 0112556187,https://ngosec.gov.lk/about/registered-active-ngos,
phone,pass,Published phone: 071-8307499,https://ngosec.gov.lk/about/registered-active-ngos,
phone,pass,Published phone: 0112686607,https://ngosec.gov.lk/about/registered-active-ngos,
phone,pass,Published phone: 076-1901170) ,https://ngosec.gov.lk/about/registered-active-ngos,
phone,pass,Published phone: 0761224989) ,https://ngosec.gov.lk/about/registered-active-ngos,
phone,pass,Published phone: +9411)2884002 ,https://ngosec.gov.lk/about/registered-active-ngos,
phone,pass,Published phone: 0702508265,https://ngosec.gov.lk/about/registered-active-ngos,
phone,pass,Published phone: 0715145497) ,https://ngosec.gov.lk/about/registered-active-ngos,
phone,pass,Published phone: 0718723663) ,https://ngosec.gov.lk/about/registered-active-ngos,
phone,pass,Published phone: 0 077336511,https://ngosec.gov.lk/about/registered-active-ngos,
phone,pass,Published phone: 0713793545,https://ngosec.gov.lk/about/registered-active-ngos,
phone,pass,Published phone: 0112733775,https://ngosec.gov.lk/about/registered-active-ngos,
phone,pass,Published phone: 0774494658) ,https://ngosec.gov.lk/about/registered-active-ngos,
phone,pass,Published phone: 0112254371,https://ngosec.gov.lk/about/registered-active-ngos,
phone,pass,Published phone: 0716407759,https://ngosec.gov.lk/about/registered-active-ngos,
phone,pass,Published phone: 011-2714420,https://ngosec.gov.lk/about/registered-active-ngos,
phone,pass,Published phone: 0718267338) ,https://ngosec.gov.lk/about/registered-active-ngos,
phone,pass,Published phone: 0112764890,https://ngosec.gov.lk/about/registered-active-ngos,
phone,pass,Published phone: 077-3184532 ,https://ngosec.gov.lk/about/registered-active-ngos,
phone,pass,Published phone: 077-3831639,https://ngosec.gov.lk/about/registered-active-ngos,
phone,pass,Published phone: +94777755130) ,https://ngosec.gov.lk/about/registered-active-ngos,
phone,pass,Published phone: 0717167137,https://ngosec.gov.lk/about/registered-active-ngos,
phone,pass,Published phone: 0770601704,https://ngosec.gov.lk/about/registered-active-ngos,
phone,pass,Published phone: 0112523046,https://ngosec.gov.lk/about/registered-active-ngos,
phone,pass,Published phone: 0112407952,https://ngosec.gov.lk/about/registered-active-ngos,
phone,pass,Published phone: 0912282478,https://ngosec.gov.lk/about/registered-active-ngos,
phone,pass,Published phone: 0766272701) ,https://ngosec.gov.lk/about/registered-active-ngos,
phone,pass,Published phone: 0773780464) ,https://ngosec.gov.lk/about/registered-active-ngos,
phone,pass,Published phone: 0114202788,https://ngosec.gov.lk/about/registered-active-ngos,
phone,pass,Published phone: 034-22-48487 ,https://ngosec.gov.lk/about/registered-active-ngos,
phone,pass,Published phone: 0768052828,https://ngosec.gov.lk/about/registered-active-ngos,
phone,pass,Published phone: 0112635265,https://ngosec.gov.lk/about/registered-active-ngos,
phone,pass,Published phone: 071-1826829,https://ngosec.gov.lk/about/registered-active-ngos,
phone,pass,Published phone: 0662284100,https://ngosec.gov.lk/about/registered-active-ngos,
phone,pass,Published phone: 011-3674082) ,https://ngosec.gov.lk/about/registered-active-ngos,
phone,pass,Published phone: 0776324528,https://ngosec.gov.lk/about/registered-active-ngos,
phone,pass,Published phone: 0772970272,https://ngosec.gov.lk/about/registered-active-ngos,
phone,pass,Published phone: 0712759029,https://ngosec.gov.lk/about/registered-active-ngos,
phone,pass,Published phone: 0512051578,https://ngosec.gov.lk/about/registered-active-ngos,
phone,pass,Published phone: 0912264147,https://ngosec.gov.lk/about/registered-active-ngos,
phone,pass,Published phone: 0112422164,https://ngosec.gov.lk/about/registered-active-ngos,
phone,pass,Published phone: 0112231152) ,https://ngosec.gov.lk/about/registered-active-ngos,
phone,pass,Published phone: 0716389802,https://ngosec.gov.lk/about/registered-active-ngos,
phone,pass,Published phone: 0711474063) ,https://ngosec.gov.lk/about/registered-active-ngos,
phone,pass,Published phone: 045-2223429) ,https://ngosec.gov.lk/about/registered-active-ngos,
phone,pass,Published phone: 077-7533720) ,https://ngosec.gov.lk/about/registered-active-ngos,
phone,pass,Published phone: 077-7342279) ,https://ngosec.gov.lk/about/registered-active-ngos,
phone,pass,Published phone: 0766674441) ,https://ngosec.gov.lk/about/registered-active-ngos,
phone,pass,Published phone: 0112712751) ,https://ngosec.gov.lk/about/registered-active-ngos,
phone,pass,Published phone: 0112689052 ,https://ngosec.gov.lk/about/registered-active-ngos,
phone,pass,Published phone: 021-2225161) ,https://ngosec.gov.lk/about/registered-active-ngos,
phone,pass,Published phone: 076-6440440) ,https://ngosec.gov.lk/about/registered-active-ngos,
phone,pass,Published phone: 0776451254) ,https://ngosec.gov.lk/about/registered-active-ngos,
phone,pass,Published phone: 077-2811784) ,https://ngosec.gov.lk/about/registered-active-ngos,
phone,pass,Published phone: 0715619388) ,https://ngosec.gov.lk/about/registered-active-ngos,
phone,pass,Published phone: 0707247360) ,https://ngosec.gov.lk/about/registered-active-ngos,
phone,pass,Published phone: 0742275264,https://ngosec.gov.lk/about/registered-active-ngos,
phone,pass,Published phone: +94112573598,https://ngosec.gov.lk/about/registered-active-ngos,
phone,pass,Published phone: 0772055339 ,https://ngosec.gov.lk/about/registered-active-ngos,
phone,pass,Published phone: 0112930635,https://ngosec.gov.lk/about/registered-active-ngos,
phone,pass,Published phone: 0112514650,https://ngosec.gov.lk/about/registered-active-ngos,
phone,pass,Published phone: 0773271426) ,https://ngosec.gov.lk/about/registered-active-ngos,
phone,pass,Published phone: 077-6434356,https://ngosec.gov.lk/about/registered-active-ngos,
phone,pass,Published phone: 077-0266833) ,https://ngosec.gov.lk/about/registered-active-ngos,
phone,pass,Published phone: 0812205725,https://ngosec.gov.lk/about/registered-active-ngos,
phone,pass,Published phone: 077-7578190) ,https://ngosec.gov.lk/about/registered-active-ngos,
phone,pass,Published phone: 0771608038 ,https://ngosec.gov.lk/about/registered-active-ngos,
phone,pass,Published phone: 0717335588,https://ngosec.gov.lk/about/registered-active-ngos,
phone,pass,Published phone: 077-3135555) ,https://ngosec.gov.lk/about/registered-active-ngos,
phone,pass,Published phone: 0115540640,https://ngosec.gov.lk/about/registered-active-ngos,
phone,pass,Published phone: 031-2225978) ,https://ngosec.gov.lk/about/registered-active-ngos,
phone,pass,Published phone: 0714073645) ,https://ngosec.gov.lk/about/registered-active-ngos,
phone,pass,Published phone: 0112635335,https://ngosec.gov.lk/about/registered-active-ngos,
phone,pass,Published phone: 0112819946,https://ngosec.gov.lk/about/registered-active-ngos,
phone,pass,Published phone: 0941126230,https://ngosec.gov.lk/about/registered-active-ngos,
phone,pass,Published phone: 0777722057) ,https://ngosec.gov.lk/about/registered-active-ngos,
phone,pass,Published phone: 0773261484) ,https://ngosec.gov.lk/about/registered-active-ngos,
phone,pass,Published phone: 0779996000,https://ngosec.gov.lk/about/registered-active-ngos,
phone,pass,Published phone: 0112828938,https://ngosec.gov.lk/about/registered-active-ngos,
phone,pass,Published phone: 071-2938317,https://ngosec.gov.lk/about/registered-active-ngos,
phone,pass,Published phone: 0672280009,https://ngosec.gov.lk/about/registered-active-ngos,
phone,pass,Published phone: 076 7294938 ,https://ngosec.gov.lk/about/registered-active-ngos,
phone,pass,Published phone: 0770670716,https://ngosec.gov.lk/about/registered-active-ngos,
phone,pass,Published phone: 0112690913-,https://ngosec.gov.lk/about/registered-active-ngos,
phone,pass,Published phone: 077-934339 4,https://ngosec.gov.lk/about/registered-active-ngos,
phone,pass,Published phone: 077-5243247,https://ngosec.gov.lk/about/registered-active-ngos,
phone,pass,Published phone: 071-1783833) ,https://ngosec.gov.lk/about/registered-active-ngos,
phone,pass,Published phone: 0112447331,https://ngosec.gov.lk/about/registered-active-ngos,
phone,pass,Published phone: +94)770609288,https://ngosec.gov.lk/about/registered-active-ngos,
phone,pass,Published phone: 071-6130724) ,https://ngosec.gov.lk/about/registered-active-ngos,
phone,pass,Published phone: 0771701765) ,https://ngosec.gov.lk/about/registered-active-ngos,
phone,pass,Published phone: 077 763 1649 ,https://ngosec.gov.lk/about/registered-active-ngos,
phone,pass,Published phone: 011 2721383,https://ngosec.gov.lk/about/registered-active-ngos,
phone,pass,Published phone: 0773572022) ,https://ngosec.gov.lk/about/registered-active-ngos,
phone,pass,Published phone: 0718005627) ,https://ngosec.gov.lk/about/registered-active-ngos,
phone,pass,Published phone: 033-22-23102,https://ngosec.gov.lk/about/registered-active-ngos,
phone,pass,Published phone: 0777569917) ,https://ngosec.gov.lk/about/registered-active-ngos,
phone,pass,Published phone: 0789397737 ,https://ngosec.gov.lk/about/registered-active-ngos,
phone,pass,Published phone: 077-4207065,https://ngosec.gov.lk/about/registered-active-ngos,
phone,pass,Published phone: 0112555250 ,https://ngosec.gov.lk/about/registered-active-ngos,
phone,pass,Published phone: 0112435490 ,https://ngosec.gov.lk/about/registered-active-ngos,
phone,pass,Published phone: 0772497739) ,https://ngosec.gov.lk/about/registered-active-ngos,
phone,pass,Published phone: 078-5993590) ,https://ngosec.gov.lk/about/registered-active-ngos,
phone,pass,Published phone: 077-7341110,https://ngosec.gov.lk/about/registered-active-ngos,
phone,pass,Published phone: 0112913398,https://ngosec.gov.lk/about/registered-active-ngos,
phone,pass,Published phone: 0776301914) ,https://ngosec.gov.lk/about/registered-active-ngos,
phone,pass,Published phone: 071-9766730) ,https://ngosec.gov.lk/about/registered-active-ngos,
phone,pass,Published phone: 0770024430,https://ngosec.gov.lk/about/registered-active-ngos,
phone,pass,Published phone: 0112863456,https://ngosec.gov.lk/about/registered-active-ngos,
phone,pass,Published phone: 0112802180) ,https://ngosec.gov.lk/about/registered-active-ngos,
phone,pass,Published phone: 077038375 ) 0,https://ngosec.gov.lk/about/registered-active-ngos,
phone,pass,Published phone: 0112865084,https://ngosec.gov.lk/about/registered-active-ngos,
phone,pass,Published phone: 0718577309) ,https://ngosec.gov.lk/about/registered-active-ngos,
phone,pass,Published phone: 026-22-36435 ,https://ngosec.gov.lk/about/registered-active-ngos,
phone,pass,Published phone: 077-2367895,https://ngosec.gov.lk/about/registered-active-ngos,
phone,pass,Published phone: 0112854411,https://ngosec.gov.lk/about/registered-active-ngos,
phone,pass,Published phone: 0767900093) ,https://ngosec.gov.lk/about/registered-active-ngos,
phone,pass,Published phone: 0777836164) ,https://ngosec.gov.lk/about/registered-active-ngos,
phone,pass,Published phone: 0773187867,https://ngosec.gov.lk/about/registered-active-ngos,
phone,pass,Published phone: 011-2-554126) ,https://ngosec.gov.lk/about/registered-active-ngos,
phone,pass,Published phone: 0779817173) ,https://ngosec.gov.lk/about/registered-active-ngos,
phone,pass,Published phone: 011-2-328928,https://ngosec.gov.lk/about/registered-active-ngos,
phone,pass,Published phone: 026-4312343) ,https://ngosec.gov.lk/about/registered-active-ngos,
phone,pass,Published phone: 077 759 0681) ,https://ngosec.gov.lk/about/registered-active-ngos,
phone,pass,Published phone: 0714166195) ,https://ngosec.gov.lk/about/registered-active-ngos,
phone,pass,Published phone: 0773787416) ,https://ngosec.gov.lk/about/registered-active-ngos,
phone,pass,Published phone: 076-8626936) ,https://ngosec.gov.lk/about/registered-active-ngos,
phone,pass,Published phone: 0703207980) ,https://ngosec.gov.lk/about/registered-active-ngos,
phone,pass,Published phone: 0112721820,https://ngosec.gov.lk/about/registered-active-ngos,
phone,pass,Published phone: 0212223699,https://ngosec.gov.lk/about/registered-active-ngos,
phone,pass,Published phone: 0704316106 ,https://ngosec.gov.lk/about/registered-active-ngos,
phone,pass,Published phone: 0773153747) ,https://ngosec.gov.lk/about/registered-active-ngos,
phone,pass,Published phone: 0715240240,https://ngosec.gov.lk/about/registered-active-ngos,
phone,pass,Published phone: 0773749544) ,https://ngosec.gov.lk/about/registered-active-ngos,
phone,pass,Published phone: 0717354494) ,https://ngosec.gov.lk/about/registered-active-ngos,
phone,pass,Published phone: 0765741214) ,https://ngosec.gov.lk/about/registered-active-ngos,
phone,pass,Published phone: 0112982405,https://ngosec.gov.lk/about/registered-active-ngos,
phone,pass,Published phone: 0772484398) ,https://ngosec.gov.lk/about/registered-active-ngos,
phone,pass,Published phone: 0770562863) ,https://ngosec.gov.lk/about/registered-active-ngos,
phone,pass,Published phone: 077-1555814,https://ngosec.gov.lk/about/registered-active-ngos,
phone,pass,Published phone: 077 6231646 ) ,https://ngosec.gov.lk/about/registered-active-ngos,
phone,pass,Published phone: 0773820525) ,https://ngosec.gov.lk/about/registered-active-ngos,
phone,pass,Published phone: 0718003382,https://ngosec.gov.lk/about/registered-active-ngos,
phone,pass,Published phone: 03788280) 01,https://ngosec.gov.lk/about/registered-active-ngos,
phone,pass,Published phone: 0775282249) ,https://ngosec.gov.lk/about/registered-active-ngos,
phone,pass,Published phone: 0112642526,https://ngosec.gov.lk/about/registered-active-ngos,
phone,pass,Published phone: 0112240567,https://ngosec.gov.lk/about/registered-active-ngos,
phone,pass,Published phone: 023-2223060) ,https://ngosec.gov.lk/about/registered-active-ngos,
phone,pass,Published phone: 0714747322) ,https://ngosec.gov.lk/about/registered-active-ngos,
phone,pass,Published phone: 0777278920,https://ngosec.gov.lk/about/registered-active-ngos,
phone,pass,Published phone: 076-3184612) ,https://ngosec.gov.lk/about/registered-active-ngos,
phone,pass,Published phone: 071-5643875,https://ngosec.gov.lk/about/registered-active-ngos,
phone,pass,Published phone: +94 773883088) ,https://ngosec.gov.lk/about/registered-active-ngos,
phone,pass,Published phone: 077-7579451) ,https://ngosec.gov.lk/about/registered-active-ngos,
phone,pass,Published phone: 076 8534125) ,https://ngosec.gov.lk/about/registered-active-ngos,
phone,pass,Published phone: 077-4592096 ,https://ngosec.gov.lk/about/registered-active-ngos,
phone,pass,Published phone: 077-7738240) ,https://ngosec.gov.lk/about/registered-active-ngos,
phone,pass,Published phone: 0112806932 ,https://ngosec.gov.lk/about/registered-active-ngos,
phone,pass,Published phone: 0777753942) ,https://ngosec.gov.lk/about/registered-active-ngos,
phone,pass,Published phone: 071 3345244) ,https://ngosec.gov.lk/about/registered-active-ngos,
phone,pass,Published phone: 0112863429,https://ngosec.gov.lk/about/registered-active-ngos,
phone,pass,Published phone: 0117748760) ,https://ngosec.gov.lk/about/registered-active-ngos,
phone,pass,Published phone: 0812217995,https://ngosec.gov.lk/about/registered-active-ngos,
phone,pass,Published phone: 0773109048) ,https://ngosec.gov.lk/about/registered-active-ngos,
phone,pass,Published phone: 0706666999) ,https://ngosec.gov.lk/about/registered-active-ngos,
phone,pass,Published phone: 0112801147,https://ngosec.gov.lk/about/registered-active-ngos,
phone,pass,Published phone: 0721253398) ,https://ngosec.gov.lk/about/registered-active-ngos,
phone,pass,Published phone: 0113476381 ,https://ngosec.gov.lk/about/registered-active-ngos,
phone,pass,Published phone: 0112073147,https://ngosec.gov.lk/about/registered-active-ngos,
phone,pass,Published phone: 0777782986) ,https://ngosec.gov.lk/about/registered-active-ngos,
phone,pass,Published phone: 011-2545116 ,https://ngosec.gov.lk/about/registered-active-ngos,
phone,pass,Published phone: 072-2505987 ,https://ngosec.gov.lk/about/registered-active-ngos,
phone,pass,Published phone: 0112635249,https://ngosec.gov.lk/about/registered-active-ngos,
phone,pass,Published phone: 0769996939) ,https://ngosec.gov.lk/about/registered-active-ngos,
phone,pass,Published phone: 0112198236,https://ngosec.gov.lk/about/registered-active-ngos,
phone,pass,Published phone: 077-7264489 ,https://ngosec.gov.lk/about/registered-active-ngos,
phone,pass,Published phone: 077-2771823) ,https://ngosec.gov.lk/about/registered-active-ngos,
phone,pass,Published phone: 072-0-327183 ,https://ngosec.gov.lk/about/registered-active-ngos,
phone,pass,Published phone: 0112508435) ,https://ngosec.gov.lk/about/registered-active-ngos,
phone,pass,Published phone: 0773261483,https://ngosec.gov.lk/about/registered-active-ngos,
phone,pass,Published phone: 0772980252) ,https://ngosec.gov.lk/about/registered-active-ngos,
phone,pass,Published phone: 0914921687,https://ngosec.gov.lk/about/registered-active-ngos,
phone,pass,Published phone: 011-2787142) ,https://ngosec.gov.lk/about/registered-active-ngos,
phone,pass,Published phone: 071-4415839 ,https://ngosec.gov.lk/about/registered-active-ngos,
phone,pass,Published phone: 0773220441,https://ngosec.gov.lk/about/registered-active-ngos,
phone,pass,Published phone: 076-2415773 ,https://ngosec.gov.lk/about/registered-active-ngos,
phone,pass,Published phone: 076-2474214) ,https://ngosec.gov.lk/about/registered-active-ngos,
phone,pass,Published phone: 0722248425,https://ngosec.gov.lk/about/registered-active-ngos,
phone,pass,Published phone: 0777171866) ,https://ngosec.gov.lk/about/registered-active-ngos,
phone,pass,Published phone: 0672226634,https://ngosec.gov.lk/about/registered-active-ngos,
phone,pass,Published phone: 045-2255102,https://ngosec.gov.lk/about/registered-active-ngos,
phone,pass,Published phone: 0771528581) ,https://ngosec.gov.lk/about/registered-active-ngos,
phone,pass,Published phone: 0753685831) ,https://ngosec.gov.lk/about/registered-active-ngos,
phone,pass,Published phone: 0775802805) ,https://ngosec.gov.lk/about/registered-active-ngos,
phone,pass,Published phone: 077-2512374) ,https://ngosec.gov.lk/about/registered-active-ngos,
phone,pass,Published phone: 0706700900,https://ngosec.gov.lk/about/registered-active-ngos,
phone,pass,Published phone: 071-1831438,https://ngosec.gov.lk/about/registered-active-ngos,
phone,pass,Published phone: 0777235674) ,https://ngosec.gov.lk/about/registered-active-ngos,
phone,pass,Published phone: 0764553219,https://ngosec.gov.lk/about/registered-active-ngos,
phone,pass,Published phone: 0112718823,https://ngosec.gov.lk/about/registered-active-ngos,
phone,pass,Published phone: 0772320959) ,https://ngosec.gov.lk/about/registered-active-ngos,
phone,pass,Published phone: 0772588888) ,https://ngosec.gov.lk/about/registered-active-ngos,
phone,pass,Published phone: 0777129999,https://ngosec.gov.lk/about/registered-active-ngos,
phone,pass,Published phone: 077-3133268) ,https://ngosec.gov.lk/about/registered-active-ngos,
phone,pass,Published phone: 077-3234372) ,https://ngosec.gov.lk/about/registered-active-ngos,
phone,pass,Published phone: 0112534385,https://ngosec.gov.lk/about/registered-active-ngos,
phone,pass,Published phone: 0112712126,https://ngosec.gov.lk/about/registered-active-ngos,
phone,pass,Published phone: 071-6550542) ,https://ngosec.gov.lk/about/registered-active-ngos,
phone,pass,Published phone: 0112732932,https://ngosec.gov.lk/about/registered-active-ngos,
phone,pass,Published phone: 0766272701,https://ngosec.gov.lk/about/registered-active-ngos,
phone,pass,Published phone: 0715445979) ,https://ngosec.gov.lk/about/registered-active-ngos,
phone,pass,Published phone: 076-4156613,https://ngosec.gov.lk/about/registered-active-ngos,
phone,pass,Published phone: 0114327660,https://ngosec.gov.lk/about/registered-active-ngos,
phone,pass,Published phone: 0777674432,https://ngosec.gov.lk/about/registered-active-ngos,
phone,pass,Published phone: 011 3090960,https://ngosec.gov.lk/about/registered-active-ngos,
phone,pass,Published phone: 0768565283) ,https://ngosec.gov.lk/about/registered-active-ngos,
phone,pass,Published phone: 0714949196) ,https://ngosec.gov.lk/about/registered-active-ngos,
phone,pass,Published phone: 011-2671401,https://ngosec.gov.lk/about/registered-active-ngos,
phone,pass,Published phone: 011-5757323) ,https://ngosec.gov.lk/about/registered-active-ngos,
phone,pass,Published phone: 081-2240320) ,https://ngosec.gov.lk/about/registered-active-ngos,
phone,pass,Published phone: 077 6533712,https://ngosec.gov.lk/about/registered-active-ngos,
phone,pass,Published phone: 0212223338,https://ngosec.gov.lk/about/registered-active-ngos,
phone,pass,Published phone: 0777256768) ,https://ngosec.gov.lk/about/registered-active-ngos,
phone,pass,Published phone: 070-7751333) ,https://ngosec.gov.lk/about/registered-active-ngos,
phone,pass,Published phone: 0777796149) ,https://ngosec.gov.lk/about/registered-active-ngos,
phone,pass,Published phone: 0112779665,https://ngosec.gov.lk/about/registered-active-ngos,
phone,pass,Published phone: 071-1108484) ,https://ngosec.gov.lk/about/registered-active-ngos,
phone,pass,Published phone: 0117202402) ,https://ngosec.gov.lk/about/registered-active-ngos,
phone,pass,Published phone: 0777668404) ,https://ngosec.gov.lk/about/registered-active-ngos,
phone,pass,Published phone: 0322268626,https://ngosec.gov.lk/about/registered-active-ngos,
phone,pass,Published phone: 0112240890,https://ngosec.gov.lk/about/registered-active-ngos,
phone,pass,Published phone: 0776344777) ,https://ngosec.gov.lk/about/registered-active-ngos,
phone,pass,Published phone: 0112656512,https://ngosec.gov.lk/about/registered-active-ngos,
phone,pass,Published phone: 011-2366134 ,https://ngosec.gov.lk/about/registered-active-ngos,
phone,pass,Published phone: 0775948268) ,https://ngosec.gov.lk/about/registered-active-ngos,
phone,pass,Published phone: 0112678619) ,https://ngosec.gov.lk/about/registered-active-ngos,
phone,pass,Published phone: 077-8417444) ,https://ngosec.gov.lk/about/registered-active-ngos,
phone,pass,Published phone: 077-7350834) ,https://ngosec.gov.lk/about/registered-active-ngos,
phone,pass,Published phone: 0777327790) ,https://ngosec.gov.lk/about/registered-active-ngos,
phone,pass,Published phone: 0770886669,https://ngosec.gov.lk/about/registered-active-ngos,
phone,pass,Published phone: 071-4475964) ,https://ngosec.gov.lk/about/registered-active-ngos,
phone,pass,Published phone: 0812232217,https://ngosec.gov.lk/about/registered-active-ngos,
phone,pass,Published phone: 011-2514412,https://ngosec.gov.lk/about/registered-active-ngos,
phone,pass,Published phone: 0714147760,https://ngosec.gov.lk/about/registered-active-ngos,
phone,pass,Published phone: 0777329753) ,https://ngosec.gov.lk/about/registered-active-ngos,
phone,pass,Published phone: 0112237360,https://ngosec.gov.lk/about/registered-active-ngos,
phone,pass,Published phone: 0777152847,https://ngosec.gov.lk/about/registered-active-ngos,
phone,pass,Published phone: 0727272136) ,https://ngosec.gov.lk/about/registered-active-ngos,
phone,pass,Published phone: 0711156756,https://ngosec.gov.lk/about/registered-active-ngos,
phone,pass,Published phone: 011-2556552,https://ngosec.gov.lk/about/registered-active-ngos,
phone,pass,Published phone: 0344923524) ,https://ngosec.gov.lk/about/registered-active-ngos,
phone,pass,Published phone: 0702866175) ,https://ngosec.gov.lk/about/registered-active-ngos,
phone,pass,Published phone: 0773559553) ,https://ngosec.gov.lk/about/registered-active-ngos,
phone,pass,Published phone: 0718693138) ,https://ngosec.gov.lk/about/registered-active-ngos,
phone,pass,Published phone: 011-2-449143) ,https://ngosec.gov.lk/about/registered-active-ngos,
phone,pass,Published phone: 0112325090 ,https://ngosec.gov.lk/about/registered-active-ngos,
phone,pass,Published phone: 0112658466) ,https://ngosec.gov.lk/about/registered-active-ngos,
phone,pass,Published phone: 0115336781,https://ngosec.gov.lk/about/registered-active-ngos,
phone,pass,Published phone: 011-2470339,https://ngosec.gov.lk/about/registered-active-ngos,
phone,pass,Published phone: 0117200000 ,https://ngosec.gov.lk/about/registered-active-ngos,
phone,pass,Published phone: 0774374363) ,https://ngosec.gov.lk/about/registered-active-ngos,
phone,pass,Published phone: 0773820525,https://ngosec.gov.lk/about/registered-active-ngos,
phone,pass,Published phone: 077-9191529) ,https://ngosec.gov.lk/about/registered-active-ngos,
phone,pass,Published phone: 077-0434343,https://ngosec.gov.lk/about/registered-active-ngos,
phone,pass,Published phone: 0112829356,https://ngosec.gov.lk/about/registered-active-ngos,
phone,pass,Published phone: 071 2223929,https://ngosec.gov.lk/about/registered-active-ngos,
phone,pass,Published phone: 0718394939,https://ngosec.gov.lk/about/registered-active-ngos,
phone,pass,Published phone: 071-7412617) ,https://ngosec.gov.lk/about/registered-active-ngos,
phone,pass,Published phone: 033-2232703,https://ngosec.gov.lk/about/registered-active-ngos,
phone,pass,Published phone: 077 329 6743) ,https://ngosec.gov.lk/about/registered-active-ngos,
phone,pass,Published phone: 0777354684) ,https://ngosec.gov.lk/about/registered-active-ngos,
phone,pass,Published phone: 011-2-882028) ,https://ngosec.gov.lk/about/registered-active-ngos,
phone,pass,Published phone: 0777273177) ,https://ngosec.gov.lk/about/registered-active-ngos,
phone,pass,Published phone: 0719598593,https://ngosec.gov.lk/about/registered-active-ngos,
phone,pass,Published phone: 011-2-687665 ,https://ngosec.gov.lk/about/registered-active-ngos,
phone,pass,Published phone: 0112714528,https://ngosec.gov.lk/about/registered-active-ngos,
phone,pass,Published phone: 0718134912 ,https://ngosec.gov.lk/about/registered-active-ngos,
phone,pass,Published phone: 0773664324) ,https://ngosec.gov.lk/about/registered-active-ngos,
phone,pass,Published phone: 0770570391) ,https://ngosec.gov.lk/about/registered-active-ngos,
phone,pass,Published phone: 0112413567 ,https://ngosec.gov.lk/about/registered-active-ngos,
phone,pass,Published phone: 033-22-29798 ,https://ngosec.gov.lk/about/registered-active-ngos,
phone,pass,Published phone: 0112591344,https://ngosec.gov.lk/about/registered-active-ngos,
phone,pass,Published phone: 075-9848428) ,https://ngosec.gov.lk/about/registered-active-ngos,
phone,pass,Published phone: 0773219010,https://ngosec.gov.lk/about/registered-active-ngos,
phone,pass,Published phone: 0779367653,https://ngosec.gov.lk/about/registered-active-ngos,
phone,pass,Published phone: 0776570377) ,https://ngosec.gov.lk/about/registered-active-ngos,
phone,pass,Published phone: 0779936490) ,https://ngosec.gov.lk/about/registered-active-ngos,
phone,pass,Published phone: 0112260511,https://ngosec.gov.lk/about/registered-active-ngos,
phone,pass,Published phone: 0775 907 917) ,https://ngosec.gov.lk/about/registered-active-ngos,
phone,pass,Published phone: 076-4-490452) ,https://ngosec.gov.lk/about/registered-active-ngos,
phone,pass,Published phone: 0714305050) ,https://ngosec.gov.lk/about/registered-active-ngos,
phone,pass,Published phone: 0714905821) ,https://ngosec.gov.lk/about/registered-active-ngos,
phone,pass,Published phone: 0212222354,https://ngosec.gov.lk/about/registered-active-ngos,
phone,pass,Published phone: 077-5153943,https://ngosec.gov.lk/about/registered-active-ngos,
phone,pass,Published phone: 0112821094 ,https://ngosec.gov.lk/about/registered-active-ngos,
phone,pass,Published phone: 077-0729081,https://ngosec.gov.lk/about/registered-active-ngos,
phone,pass,Published phone: 0812310663,https://ngosec.gov.lk/about/registered-active-ngos,
phone,pass,Published phone: 0714395774) ,https://ngosec.gov.lk/about/registered-active-ngos,
phone,pass,Published phone: 0112434360,https://ngosec.gov.lk/about/registered-active-ngos,
phone,pass,Published phone: 0112504277,https://ngosec.gov.lk/about/registered-active-ngos,
phone,pass,Published phone: 0718280600) ,https://ngosec.gov.lk/about/registered-active-ngos,
phone,pass,Published phone: 0112053608 ,https://ngosec.gov.lk/about/registered-active-ngos,
phone,pass,Published phone: 0777251061) ,https://ngosec.gov.lk/about/registered-active-ngos,
phone,pass,Published phone: 0312274468,https://ngosec.gov.lk/about/registered-active-ngos,
phone,pass,Published phone: 0775773813,https://ngosec.gov.lk/about/registered-active-ngos,
phone,pass,Published phone: 0812219484,https://ngosec.gov.lk/about/registered-active-ngos,
phone,pass,Published phone: 0776868386) ,https://ngosec.gov.lk/about/registered-active-ngos,
phone,pass,Published phone: 011-2- 713958 ,https://ngosec.gov.lk/about/registered-active-ngos,
phone,pass,Published phone: 075-3372465) ,https://ngosec.gov.lk/about/registered-active-ngos,
phone,pass,Published phone: 0773336274) ,https://ngosec.gov.lk/about/registered-active-ngos,
phone,pass,Published phone: 0112056195,https://ngosec.gov.lk/about/registered-active-ngos,
phone,pass,Published phone: 077-2096006) ,https://ngosec.gov.lk/about/registered-active-ngos,
phone,pass,Published phone: 0713790158) ,https://ngosec.gov.lk/about/registered-active-ngos,
phone,pass,Published phone: 0773916997) ,https://ngosec.gov.lk/about/registered-active-ngos,
phone,pass,Published phone: 0717914819) ,https://ngosec.gov.lk/about/registered-active-ngos,
phone,pass,Published phone: +94719997733 ) ,https://ngosec.gov.lk/about/registered-active-ngos,
phone,pass,Published phone: 021-2223577 ,https://ngosec.gov.lk/about/registered-active-ngos,
phone,pass,Published phone: 071 8163374) ,https://ngosec.gov.lk/about/registered-active-ngos,
phone,pass,Published phone: 0772244314) ,https://ngosec.gov.lk/about/registered-active-ngos,
phone,pass,Published phone: 0761850426,https://ngosec.gov.lk/about/registered-active-ngos,
phone,pass,Published phone: 0112547887,https://ngosec.gov.lk/about/registered-active-ngos,
phone,pass,Published phone: 077 735 4147) ,https://ngosec.gov.lk/about/registered-active-ngos,
phone,pass,Published phone: 0714433947) ,https://ngosec.gov.lk/about/registered-active-ngos,
phone,pass,Published phone: 0552277447,https://ngosec.gov.lk/about/registered-active-ngos,
phone,pass,Published phone: 0764659678) ,https://ngosec.gov.lk/about/registered-active-ngos,
phone,pass,Published phone: 0703319058) ,https://ngosec.gov.lk/about/registered-active-ngos,
phone,pass,Published phone: 0777797614) ,https://ngosec.gov.lk/about/registered-active-ngos,
phone,pass,Published phone: 0772274419) ,https://ngosec.gov.lk/about/registered-active-ngos,
phone,pass,Published phone: 0552230072 ,https://ngosec.gov.lk/about/registered-active-ngos,
phone,pass,Published phone: 0768674580) ,https://ngosec.gov.lk/about/registered-active-ngos,
phone,pass,Published phone: 077-3529340) ,https://ngosec.gov.lk/about/registered-active-ngos,
phone,pass,Published phone: 037-22-32485 ,https://ngosec.gov.lk/about/registered-active-ngos,
phone,pass,Published phone: 0112449352,https://ngosec.gov.lk/about/registered-active-ngos,
phone,pass,Published phone: 0773415164 ,https://ngosec.gov.lk/about/registered-active-ngos,
phone,pass,Published phone: 077-9341333) ,https://ngosec.gov.lk/about/registered-active-ngos,
phone,pass,Published phone: 0774370051) ,https://ngosec.gov.lk/about/registered-active-ngos,
phone,pass,Published phone: 0718114959) ,https://ngosec.gov.lk/about/registered-active-ngos,
phone,pass,Published phone: 0779220888) ,https://ngosec.gov.lk/about/registered-active-ngos,
phone,pass,Published phone: 0773409148) ,https://ngosec.gov.lk/about/registered-active-ngos,
phone,pass,Published phone: 0112918267,https://ngosec.gov.lk/about/registered-active-ngos,
phone,pass,Published phone: 0112534838,https://ngosec.gov.lk/about/registered-active-ngos,
phone,pass,Published phone: 0372228900,https://ngosec.gov.lk/about/registered-active-ngos,
phone,pass,Published phone: 0774149916) ,https://ngosec.gov.lk/about/registered-active-ngos,
phone,pass,Published phone: 0705996032,https://ngosec.gov.lk/about/registered-active-ngos,
phone,pass,Published phone: 0757589440,https://ngosec.gov.lk/about/registered-active-ngos,
phone,pass,Published phone: 031-2257195 ,https://ngosec.gov.lk/about/registered-active-ngos,
phone,pass,Published phone: 0114347106,https://ngosec.gov.lk/about/registered-active-ngos,
phone,pass,Published phone: 0522222688,https://ngosec.gov.lk/about/registered-active-ngos,
phone,pass,Published phone: 0112874884,https://ngosec.gov.lk/about/registered-active-ngos,
phone,pass,Published phone: 0777303773) ,https://ngosec.gov.lk/about/registered-active-ngos,
phone,pass,Published phone: 0512222761,https://ngosec.gov.lk/about/registered-active-ngos,
phone,pass,Published phone: 0777621332) ,https://ngosec.gov.lk/about/registered-active-ngos,
phone,pass,Published phone: 0112945247,https://ngosec.gov.lk/about/registered-active-ngos,
phone,pass,Published phone: 0777073441,https://ngosec.gov.lk/about/registered-active-ngos,
phone,pass,Published phone: 0212224398,https://ngosec.gov.lk/about/registered-active-ngos,
phone,pass,Published phone: 074-2890772) ,https://ngosec.gov.lk/about/registered-active-ngos,
phone,pass,Published phone: 0112791442,https://ngosec.gov.lk/about/registered-active-ngos,
phone,pass,Published phone: 0773290500) ,https://ngosec.gov.lk/about/registered-active-ngos,
phone,pass,Published phone: 0812223463,https://ngosec.gov.lk/about/registered-active-ngos,
phone,pass,Published phone: 0382230495 ,https://ngosec.gov.lk/about/registered-active-ngos,
phone,pass,Published phone: 077-1814430,https://ngosec.gov.lk/about/registered-active-ngos,
phone,pass,Published phone: 0773030955) ,https://ngosec.gov.lk/about/registered-active-ngos,
phone,pass,Published phone: 0112558570-,https://ngosec.gov.lk/about/registered-active-ngos,
phone,pass,Published phone: 0712345479,https://ngosec.gov.lk/about/registered-active-ngos,
phone,pass,Published phone: 0112878505,https://ngosec.gov.lk/about/registered-active-ngos,
phone,pass,Published phone: 0332296231,https://ngosec.gov.lk/about/registered-active-ngos,
phone,pass,Published phone: 077-5102483,https://ngosec.gov.lk/about/registered-active-ngos,
phone,pass,Published phone: 0115361861,https://ngosec.gov.lk/about/registered-active-ngos,
phone,pass,Published phone: 075-5709845) ,https://ngosec.gov.lk/about/registered-active-ngos,
phone,pass,Published phone: 0764763449) ,https://ngosec.gov.lk/about/registered-active-ngos,
phone,pass,Published phone: 033-5883702 ,https://ngosec.gov.lk/about/registered-active-ngos,
phone,pass,Published phone: 0741789899,https://ngosec.gov.lk/about/registered-active-ngos,
phone,pass,Published phone: 077-2246430,https://ngosec.gov.lk/about/registered-active-ngos,
phone,pass,Published phone: 0112761832,https://ngosec.gov.lk/about/registered-active-ngos,
phone,pass,Published phone: 0762644570,https://ngosec.gov.lk/about/registered-active-ngos,
phone,pass,Published phone: 071-5891640) ,https://ngosec.gov.lk/about/registered-active-ngos,
phone,pass,Published phone: 071 8181584 ,https://ngosec.gov.lk/about/registered-active-ngos,
phone,pass,Published phone: 052-2223256 ,https://ngosec.gov.lk/about/registered-active-ngos,
phone,pass,Published phone: 0112789450 ,https://ngosec.gov.lk/about/registered-active-ngos,
phone,pass,Published phone: 070-2455804,https://ngosec.gov.lk/about/registered-active-ngos,
phone,pass,Published phone: 0777790625) ,https://ngosec.gov.lk/about/registered-active-ngos,
phone,pass,Published phone: 0812425467,https://ngosec.gov.lk/about/registered-active-ngos,
phone,pass,Published phone: 0714018694) ,https://ngosec.gov.lk/about/registered-active-ngos,
phone,pass,Published phone: 0115300700) ,https://ngosec.gov.lk/about/registered-active-ngos,
phone,pass,Published phone: 0773202347 ,https://ngosec.gov.lk/about/registered-active-ngos,
phone,pass,Published phone: 0772366141) ,https://ngosec.gov.lk/about/registered-active-ngos,
phone,pass,Published phone: 011-7902852) ,https://ngosec.gov.lk/about/registered-active-ngos,
phone,pass,Published phone: 032-22-51222 ,https://ngosec.gov.lk/about/registered-active-ngos,
phone,pass,Published phone: +94 777864664) ,https://ngosec.gov.lk/about/registered-active-ngos,
phone,pass,Published phone: 0117 505575,https://ngosec.gov.lk/about/registered-active-ngos,
phone,pass,Published phone: 071-5325902) ,https://ngosec.gov.lk/about/registered-active-ngos,
phone,pass,Published phone: 0112667955,https://ngosec.gov.lk/about/registered-active-ngos,
phone,pass,Published phone: 0212226700,https://ngosec.gov.lk/about/registered-active-ngos,
phone,pass,Published phone: 0776736501) ,https://ngosec.gov.lk/about/registered-active-ngos,
phone,pass,Published phone: 0742988009) ,https://ngosec.gov.lk/about/registered-active-ngos,
phone,pass,Published phone: 0740978090,https://ngosec.gov.lk/about/registered-active-ngos,
phone,pass,Published phone: 077-9967140 ,https://ngosec.gov.lk/about/registered-active-ngos,
phone,pass,Published phone: 0777143033) ,https://ngosec.gov.lk/about/registered-active-ngos,
phone,pass,Published phone: 0112733355,https://ngosec.gov.lk/about/registered-active-ngos,
phone,pass,Published phone: 0711088187,https://ngosec.gov.lk/about/registered-active-ngos,
phone,pass,Published phone: 0912264217,https://ngosec.gov.lk/about/registered-active-ngos,
phone,pass,Published phone: 0652227866,https://ngosec.gov.lk/about/registered-active-ngos,
phone,pass,Published phone: 076-8931101 ,https://ngosec.gov.lk/about/registered-active-ngos,
phone,pass,Published phone: 0112361394,https://ngosec.gov.lk/about/registered-active-ngos,
phone,pass,Published phone: 0777941867) ,https://ngosec.gov.lk/about/registered-active-ngos,
phone,pass,Published phone: 076-1261124,https://ngosec.gov.lk/about/registered-active-ngos,
phone,pass,Published phone: 0112817391,https://ngosec.gov.lk/about/registered-active-ngos,
phone,pass,Published phone: 077-3273651,https://ngosec.gov.lk/about/registered-active-ngos,
phone,pass,Published phone: 0777 144 224) ,https://ngosec.gov.lk/about/registered-active-ngos,
phone,pass,Published phone: 032-22-67390) ,https://ngosec.gov.lk/about/registered-active-ngos,
phone,pass,Published phone: 077-2884036,https://ngosec.gov.lk/about/registered-active-ngos,
phone,pass,Published phone: 0777 664637) ,https://ngosec.gov.lk/about/registered-active-ngos,
phone,pass,Published phone: 0112349495,https://ngosec.gov.lk/about/registered-active-ngos,
phone,pass,Published phone: 0777600020,https://ngosec.gov.lk/about/registered-active-ngos,
phone,pass,Published phone: 0813800920,https://ngosec.gov.lk/about/registered-active-ngos,
phone,pass,Published phone: 0705) 077211,https://ngosec.gov.lk/about/registered-active-ngos,
phone,pass,Published phone: 0332217198,https://ngosec.gov.lk/about/registered-active-ngos,
phone,pass,Published phone: 077 0690690,https://ngosec.gov.lk/about/registered-active-ngos,
phone,pass,Published phone: 0778437880) ,https://ngosec.gov.lk/about/registered-active-ngos,
phone,pass,Published phone: 0812222351) ,https://ngosec.gov.lk/about/registered-active-ngos,
phone,pass,Published phone: 0452276000,https://ngosec.gov.lk/about/registered-active-ngos,
phone,pass,Published phone: 07506291) 07,https://ngosec.gov.lk/about/registered-active-ngos,
phone,pass,Published phone: 077 6626606) ,https://ngosec.gov.lk/about/registered-active-ngos,
phone,pass,Published phone: 077-7349880) ,https://ngosec.gov.lk/about/registered-active-ngos,
phone,pass,Published phone: 0714422224) ,https://ngosec.gov.lk/about/registered-active-ngos,
phone,pass,Published phone: 0114000259,https://ngosec.gov.lk/about/registered-active-ngos,
phone,pass,Published phone: 0762545835) ,https://ngosec.gov.lk/about/registered-active-ngos,
phone,pass,Published phone: 0719447455) ,https://ngosec.gov.lk/about/registered-active-ngos,
phone,pass,Published phone: 0112946444,https://ngosec.gov.lk/about/registered-active-ngos,
phone,pass,Published phone: 0715717784) ,https://ngosec.gov.lk/about/registered-active-ngos,
phone,pass,Published phone: 0112434990) ,https://ngosec.gov.lk/about/registered-active-ngos,
phone,pass,Published phone: 0112655255,https://ngosec.gov.lk/about/registered-active-ngos,
phone,pass,Published phone: 0112658212,https://ngosec.gov.lk/about/registered-active-ngos,
phone,pass,Published phone: 0112641348,https://ngosec.gov.lk/about/registered-active-ngos,
phone,pass,Published phone: 0112501238 ,https://ngosec.gov.lk/about/registered-active-ngos,
phone,pass,Published phone: 0779621019) ,https://ngosec.gov.lk/about/registered-active-ngos,
phone,pass,Published phone: 0777795735) ,https://ngosec.gov.lk/about/registered-active-ngos,
phone,pass,Published phone: 0776000605,https://ngosec.gov.lk/about/registered-active-ngos,
phone,pass,Published phone: 0770776890) ,https://ngosec.gov.lk/about/registered-active-ngos,
phone,pass,Published phone: 0114381862,https://ngosec.gov.lk/about/registered-active-ngos,
phone,pass,Published phone: 0717465409,https://ngosec.gov.lk/about/registered-active-ngos,
phone,pass,Published phone: 0112671524,https://ngosec.gov.lk/about/registered-active-ngos,
phone,pass,Published phone: 077 6209625) ,https://ngosec.gov.lk/about/registered-active-ngos,
phone,pass,Published phone: 071-0753447) ,https://ngosec.gov.lk/about/registered-active-ngos,
phone,pass,Published phone: 0776663328 ,https://ngosec.gov.lk/about/registered-active-ngos,
phone,pass,Published phone: 0112854127,https://ngosec.gov.lk/about/registered-active-ngos,
phone,pass,Published phone: 0768689599) ,https://ngosec.gov.lk/about/registered-active-ngos,
phone,pass,Published phone: 0777848887,https://ngosec.gov.lk/about/registered-active-ngos,
phone,pass,Published phone: 0112646226,https://ngosec.gov.lk/about/registered-active-ngos,
phone,pass,Published phone: 0474931682,https://ngosec.gov.lk/about/registered-active-ngos,
phone,pass,Published phone: 0112648886,https://ngosec.gov.lk/about/registered-active-ngos,
phone,pass,Published phone: 071-8711401) ,https://ngosec.gov.lk/about/registered-active-ngos,
phone,pass,Published phone: 0114063334,https://ngosec.gov.lk/about/registered-active-ngos,
phone,pass,Published phone: 0776843247 ,https://ngosec.gov.lk/about/registered-active-ngos,
phone,pass,Published phone: 0115644440 ,https://ngosec.gov.lk/about/registered-active-ngos,
phone,pass,Published phone: 0706146171) ,https://ngosec.gov.lk/about/registered-active-ngos,
phone,pass,Published phone: 0777530086) ,https://ngosec.gov.lk/about/registered-active-ngos,
phone,pass,Published phone: 0422239641,https://ngosec.gov.lk/about/registered-active-ngos,
phone,pass,Published phone: 0768014262) ,https://ngosec.gov.lk/about/registered-active-ngos,
phone,pass,Published phone: 077-3-723222) ,https://ngosec.gov.lk/about/registered-active-ngos,
phone,pass,Published phone: 0777289741) ,https://ngosec.gov.lk/about/registered-active-ngos,
phone,pass,Published phone: 0776228414) ,https://ngosec.gov.lk/about/registered-active-ngos,
phone,pass,Published phone: 0232250709 ,https://ngosec.gov.lk/about/registered-active-ngos,
phone,pass,Published phone: 0779737626) ,https://ngosec.gov.lk/about/registered-active-ngos,
phone,pass,Published phone: 0706000000,https://ngosec.gov.lk/about/registered-active-ngos,
phone,pass,Published phone: 0112591561,https://ngosec.gov.lk/about/registered-active-ngos,
phone,pass,Published phone: 0372243862,https://ngosec.gov.lk/about/registered-active-ngos,
phone,pass,Published phone: 0715315386) ,https://ngosec.gov.lk/about/registered-active-ngos,
phone,pass,Published phone: 0771054253) ,https://ngosec.gov.lk/about/registered-active-ngos,
phone,pass,Published phone: 0117007642,https://ngosec.gov.lk/about/registered-active-ngos,
phone,pass,Published phone: 0776663328) ,https://ngosec.gov.lk/about/registered-active-ngos,
phone,pass,Published phone: 0777763699) ,https://ngosec.gov.lk/about/registered-active-ngos,
phone,pass,Published phone: 0776584349) ,https://ngosec.gov.lk/about/registered-active-ngos,
phone,pass,Published phone: 0112714386) ,https://ngosec.gov.lk/about/registered-active-ngos,
phone,pass,Published phone: 076-3782753,https://ngosec.gov.lk/about/registered-active-ngos,
phone,pass,Published phone: 07773393) 01,https://ngosec.gov.lk/about/registered-active-ngos,
phone,pass,Published phone: 0753265685,https://ngosec.gov.lk/about/registered-active-ngos,
phone,pass,Published phone: 0912234662,https://ngosec.gov.lk/about/registered-active-ngos,
phone,pass,Published phone: 0114063738,https://ngosec.gov.lk/about/registered-active-ngos,
phone,pass,Published phone: +94 77 3737824) ,https://ngosec.gov.lk/about/registered-active-ngos,
phone,pass,Published phone: 0112806083,https://ngosec.gov.lk/about/registered-active-ngos,
phone,pass,Published phone: 0775207057) ,https://ngosec.gov.lk/about/registered-active-ngos,
phone,pass,Published phone: 0716901094) ,https://ngosec.gov.lk/about/registered-active-ngos,
phone,pass,Published phone: 0777884388) ,https://ngosec.gov.lk/about/registered-active-ngos,
phone,pass,Published phone: 0112688717 ,https://ngosec.gov.lk/about/registered-active-ngos,
phone,pass,Published phone: 0773487330) ,https://ngosec.gov.lk/about/registered-active-ngos,
phone,pass,Published phone: 0777347313) ,https://ngosec.gov.lk/about/registered-active-ngos,
phone,pass,Published phone: 067-2280009) ,https://ngosec.gov.lk/about/registered-active-ngos,
phone,pass,Published phone: 0718241354 ,https://ngosec.gov.lk/about/registered-active-ngos,
phone,pass,Published phone: 0772226474) ,https://ngosec.gov.lk/about/registered-active-ngos,
phone,pass,Published phone: 0652222596 ,https://ngosec.gov.lk/about/registered-active-ngos,
phone,pass,Published phone: 0112574659,https://ngosec.gov.lk/about/registered-active-ngos,
phone,pass,Published phone: 0112558571,https://ngosec.gov.lk/about/registered-active-ngos,
phone,pass,Published phone: 0112078014,https://ngosec.gov.lk/about/registered-active-ngos,
phone,pass,Published phone: 0778814752,https://ngosec.gov.lk/about/registered-active-ngos,
phone,pass,Published phone: 077-7343449 ,https://ngosec.gov.lk/about/registered-active-ngos,
phone,pass,Published phone: 0760233923) ,https://ngosec.gov.lk/about/registered-active-ngos,
phone,pass,Published phone: 0766568663) ,https://ngosec.gov.lk/about/registered-active-ngos,
phone,pass,Published phone: 0718432064,https://ngosec.gov.lk/about/registered-active-ngos,
phone,pass,Published phone: 0373876748) ,https://ngosec.gov.lk/about/registered-active-ngos,
phone,pass,Published phone: 0777391740) ,https://ngosec.gov.lk/about/registered-active-ngos,
phone,pass,Published phone: 0719557668) ,https://ngosec.gov.lk/about/registered-active-ngos,
phone,pass,Published phone: 0777278201) ,https://ngosec.gov.lk/about/registered-active-ngos,
phone,pass,Published phone: 0702866866,https://ngosec.gov.lk/about/registered-active-ngos,
phone,pass,Published phone: 011-4061461) ,https://ngosec.gov.lk/about/registered-active-ngos,
phone,pass,Published phone: 0112761833 ,https://ngosec.gov.lk/about/registered-active-ngos,
phone,pass,Published phone: 0771030312,https://ngosec.gov.lk/about/registered-active-ngos,
phone,pass,Published phone: 0772241792,https://ngosec.gov.lk/about/registered-active-ngos,
phone,pass,Published phone: 0772221233,https://ngosec.gov.lk/about/registered-active-ngos,
phone,pass,Published phone: 075-2318524) ,https://ngosec.gov.lk/about/registered-active-ngos,
phone,pass,Published phone: 071-5604999 ,https://ngosec.gov.lk/about/registered-active-ngos,
phone,pass,Published phone: 0772248968) ,https://ngosec.gov.lk/about/registered-active-ngos,
phone,pass,Published phone: 076-2845184) ,https://ngosec.gov.lk/about/registered-active-ngos,
phone,pass,Published phone: 071-2059640) ,https://ngosec.gov.lk/about/registered-active-ngos,
phone,pass,Published phone: 0766449497) ,https://ngosec.gov.lk/about/registered-active-ngos,
phone,pass,Published phone: 077-3561516) ,https://ngosec.gov.lk/about/registered-active-ngos,
phone,pass,Published phone: 0112971176) ,https://ngosec.gov.lk/about/registered-active-ngos,
phone,pass,Published phone: 0323140477,https://ngosec.gov.lk/about/registered-active-ngos,
phone,pass,Published phone: 071-6526035,https://ngosec.gov.lk/about/registered-active-ngos,
phone,pass,Published phone: 0112544992,https://ngosec.gov.lk/about/registered-active-ngos,
email,pass,Published email: info.vidusath@gmail.com,https://ngosec.gov.lk/about/registered-active-ngos,
email,pass,Published email: hdfsrilanka@gmail.com,https://ngosec.gov.lk/about/registered-active-ngos,
email,pass,Published email: davidmalory76@gmail.com,https://ngosec.gov.lk/about/registered-active-ngos,
email,pass,Published email: sawlaasia@gmail.com,https://ngosec.gov.lk/about/registered-active-ngos,
email,pass,Published email: frvpomi@gmail.com,https://ngosec.gov.lk/about/registered-active-ngos,
email,pass,Published email: dojf@sltnet.lk,https://ngosec.gov.lk/about/registered-active-ngos,
email,pass,Published email: kajan@aulanka.org,https://ngosec.gov.lk/about/registered-active-ngos,
email,pass,Published email: weforthem5@gmail.com,https://ngosec.gov.lk/about/registered-active-ngos,
email,pass,Published email: yed.srilanka@gmail.com,https://ngosec.gov.lk/about/registered-active-ngos,
email,pass,Published email: slfvh74@gmail.com,https://ngosec.gov.lk/about/registered-active-ngos,
email,pass,Published email: info@lifelinesrilanka.org,https://ngosec.gov.lk/about/registered-active-ngos,
email,pass,Published email: suresh.kumar@amnesty.org,https://ngosec.gov.lk/about/registered-active-ngos,
email,pass,Published email: sunethramarasinghe1@gmail.com,https://ngosec.gov.lk/about/registered-active-ngos,
email,pass,Published email: peoplespulse.societylk@gmail.com,https://ngosec.gov.lk/about/registered-active-ngos,
email,pass,Published email: fpcwelhouse@gmail.com,https://ngosec.gov.lk/about/registered-active-ngos,
email,pass,Published email: ngosecretariat.gov@gmail.com/,https://ngosec.gov.lk/about/registered-active-ngos,
email,pass,Published email: amyslanka@gmail.com,https://ngosec.gov.lk/about/registered-active-ngos,
email,pass,Published email: slavscfh1980@gmail.com,https://ngosec.gov.lk/about/registered-active-ngos,
email,pass,Published email: dozengroupsrilanka@gmail.com,https://ngosec.gov.lk/about/registered-active-ngos,
email,pass,Published email: mfaleel@wusc.ca,https://ngosec.gov.lk/about/registered-active-ngos,
email,pass,Published email: surol1971@gmail.com,https://ngosec.gov.lk/about/registered-active-ngos,
email,pass,Published email: info@aorg.com.lk,https://ngosec.gov.lk/about/registered-active-ngos,
email,pass,Published email: swoad@sltnet.lk,https://ngosec.gov.lk/about/registered-active-ngos,
email,pass,Published email: info@voice4edu.com,https://ngosec.gov.lk/about/registered-active-ngos,
email,pass,Published email: wpasl.info@gmail.com,https://ngosec.gov.lk/about/registered-active-ngos,
email,pass,Published email: lionsprospects@gmail.com,https://ngosec.gov.lk/about/registered-active-ngos,
email,pass,Published email: rev.bodhi123@gmail.com,https://ngosec.gov.lk/about/registered-active-ngos,
email,pass,Published email: sleva.sec@gmail.com,https://ngosec.gov.lk/about/registered-active-ngos,
email,pass,Published email: blisshavens@gmail.com,https://ngosec.gov.lk/about/registered-active-ngos,
email,pass,Published email: ceylonmafoundation@gmail.com,https://ngosec.gov.lk/about/registered-active-ngos,
email,pass,Published email: servelk@gmail.com,https://ngosec.gov.lk/about/registered-active-ngos,
email,pass,Published email: changxiaojin1010@gmail.com,https://ngosec.gov.lk/about/registered-active-ngos,
email,pass,Published email: anura.dissanayake@soscvsrilanka.org,https://ngosec.gov.lk/about/registered-active-ngos,
email,pass,Published email: senthil.fosdoo@gmail.com,https://ngosec.gov.lk/about/registered-active-ngos,
email,pass,Published email: w.goyumi@hi.org,https://ngosec.gov.lk/about/registered-active-ngos,
email,pass,Published email: neufampara@gmail.com,https://ngosec.gov.lk/about/registered-active-ngos,
email,pass,Published email: kahagalahewaorg@gmail.com,https://ngosec.gov.lk/about/registered-active-ngos,
email,pass,Published email: godshandtothepoorest.2023@gmail.com,https://ngosec.gov.lk/about/registered-active-ngos,
email,pass,Published email: jamesarputharaj@hotmail.com,https://ngosec.gov.lk/about/registered-active-ngos,
email,pass,Published email: lsg.informations@gmail.com,https://ngosec.gov.lk/about/registered-active-ngos,
email,pass,Published email: futureinourhands.sl@gmail.com,https://ngosec.gov.lk/about/registered-active-ngos,
email,pass,Published email: hisham@zamzamlk.com,https://ngosec.gov.lk/about/registered-active-ngos,
email,pass,Published email: nilarcassim@gmail.com,https://ngosec.gov.lk/about/registered-active-ngos,
email,pass,Published email: anagathayapelakaramu@gmail.com,https://ngosec.gov.lk/about/registered-active-ngos,
email,pass,Published email: heartsdevelopment@gmail.com,https://ngosec.gov.lk/about/registered-active-ngos,
email,pass,Published email: ehanthaariyadasa@gmail.com,https://ngosec.gov.lk/about/registered-active-ngos,
email,pass,Published email: SriLanka@weeffect.org,https://ngosec.gov.lk/about/registered-active-ngos,
email,pass,Published email: chinthanapvt@gmail.com,https://ngosec.gov.lk/about/registered-active-ngos,
email,pass,Published email: fosdoovavuniya@gmail.com,https://ngosec.gov.lk/about/registered-active-ngos,
email,pass,Published email: allislandsocietyoaa@gmail.com,https://ngosec.gov.lk/about/registered-active-ngos,
email,pass,Published email: loamsl2015@gmail.com,https://ngosec.gov.lk/about/registered-active-ngos,
email,pass,Published email: revatha.mbs@gmail.com,https://ngosec.gov.lk/about/registered-active-ngos,
email,pass,Published email: asithawijesekera@gmail.com,https://ngosec.gov.lk/about/registered-active-ngos,
email,pass,Published email: slnss.org1@gmail.com,https://ngosec.gov.lk/about/registered-active-ngos,
email,pass,Published email: fairmedsrilanka@gmail.com,https://ngosec.gov.lk/about/registered-active-ngos,
email,pass,Published email: champiperera1979@gmail.com,https://ngosec.gov.lk/about/registered-active-ngos,
email,pass,Published email: smilenwinsl@gmail.com,https://ngosec.gov.lk/about/registered-active-ngos,
email,pass,Published email: mail@isrclanka.org,https://ngosec.gov.lk/about/registered-active-ngos,
email,pass,Published email: nalin@intermart.lk,https://ngosec.gov.lk/about/registered-active-ngos,
email,pass,Published email: srilankasaukyadana@gmail.com,https://ngosec.gov.lk/about/registered-active-ngos,
email,pass,Published email: soslanka101@gmail.com,https://ngosec.gov.lk/about/registered-active-ngos,
email,pass,Published email: mwdf2011@gmail.com,https://ngosec.gov.lk/about/registered-active-ngos,
email,pass,Published email: presidentswm@sltnet.lk,https://ngosec.gov.lk/about/registered-active-ngos,
email,pass,Published email: zuhuri.mohamed@gmail.com,https://ngosec.gov.lk/about/registered-active-ngos,
email,pass,Published email: indika.paffrel@gmail.com,https://ngosec.gov.lk/about/registered-active-ngos,
email,pass,Published email: visionsglobalempowermentsl@gmail.com,https://ngosec.gov.lk/about/registered-active-ngos,
email,pass,Published email: right2lifelk@gmail.com,https://ngosec.gov.lk/about/registered-active-ngos,
email,pass,Published email: rb8270@ceri.org,https://ngosec.gov.lk/about/registered-active-ngos,
email,pass,Published email: sadaqabulletin@gmail.com,https://ngosec.gov.lk/about/registered-active-ngos,
email,pass,Published email: ncd.srilanka@gmail.com,https://ngosec.gov.lk/about/registered-active-ngos,
email,pass,Published email: dahamsuwandafoundation@gmail.com,https://ngosec.gov.lk/about/registered-active-ngos,
email,pass,Published email: shilpasayura@gmail.com,https://ngosec.gov.lk/about/registered-active-ngos,
email,pass,Published email: dastlanka@gmail.com,https://ngosec.gov.lk/about/registered-active-ngos,
email,pass,Published email: nirajrukshans@gmail.com,https://ngosec.gov.lk/about/registered-active-ngos,
email,pass,Published email: paathai29@gmail.com,https://ngosec.gov.lk/about/registered-active-ngos,
email,pass,Published email: plindfosunil@gmail.com,https://ngosec.gov.lk/about/registered-active-ngos,
email,pass,Published email: ins.migrationsl@gmail.com,https://ngosec.gov.lk/about/registered-active-ngos,
email,pass,Published email: ehred.rideegama@gmail.com,https://ngosec.gov.lk/about/registered-active-ngos,
email,pass,Published email: sarubagyafertilizars@gmail.com,https://ngosec.gov.lk/about/registered-active-ngos,
email,pass,Published email: saviyagalle91@gamail.com,https://ngosec.gov.lk/about/registered-active-ngos,
email,pass,Published email: cpartsputtalam@yahoo.com,https://ngosec.gov.lk/about/registered-active-ngos,
email,pass,Published email: sumikaperera@gmail.com,https://ngosec.gov.lk/about/registered-active-ngos,
email,pass,Published email: dhammaparayanafoundation@gmail.com,https://ngosec.gov.lk/about/registered-active-ngos,
email,pass,Published email: thilini_o@yahoo.com,https://ngosec.gov.lk/about/registered-active-ngos,
email,pass,Published email: r.chandra@hi.org,https://ngosec.gov.lk/about/registered-active-ngos,
email,pass,Published email: ale.kolar@gmail.com,https://ngosec.gov.lk/about/registered-active-ngos,
email,pass,Published email: jayawardanabanda@gmail.com,https://ngosec.gov.lk/about/registered-active-ngos,
email,pass,Published email: adithalama@gmail.com,https://ngosec.gov.lk/about/registered-active-ngos,
email,pass,Published email: oamarasinghe@yahoo.com,https://ngosec.gov.lk/about/registered-active-ngos,
email,pass,Published email: ecpatsrilanka@gmail.com,https://ngosec.gov.lk/about/registered-active-ngos,
email,pass,Published email: dulcie.fernando4@gmail.com,https://ngosec.gov.lk/about/registered-active-ngos,
email,pass,Published email: rafeek@ctfsrilanka.org,https://ngosec.gov.lk/about/registered-active-ngos,
email,pass,Published email: agapefoundationsrilankas@gmail.com,https://ngosec.gov.lk/about/registered-active-ngos,
email,pass,Published email: duminda@fpasrilanka.org,https://ngosec.gov.lk/about/registered-active-ngos,
email,pass,Published email: colombo@halosrilanka.org,https://ngosec.gov.lk/about/registered-active-ngos,
email,pass,Published email: janawabodaya@gmail.com,https://ngosec.gov.lk/about/registered-active-ngos,
email,pass,Published email: info@nicslk.com,https://ngosec.gov.lk/about/registered-active-ngos,
email,pass,Published email: info@helpo-srilanka.org,https://ngosec.gov.lk/about/registered-active-ngos,
email,pass,Published email: info@cdscolombo.com,https://ngosec.gov.lk/about/registered-active-ngos,
email,pass,Published email: sakalalanka@gmail.com,https://ngosec.gov.lk/about/registered-active-ngos,
email,pass,Published email: bodhimana@gmail.com,https://ngosec.gov.lk/about/registered-active-ngos,
email,pass,Published email: nishani.ganegoda@savethechildren.org,https://ngosec.gov.lk/about/registered-active-ngos,
email,pass,Published email: info@vforv.org,https://ngosec.gov.lk/about/registered-active-ngos,
email,pass,Published email: nationalaid@yahoo.com,https://ngosec.gov.lk/about/registered-active-ngos,
email,pass,Published email: slkfhi@gmail.com,https://ngosec.gov.lk/about/registered-active-ngos,
email,pass,Published email: saifrsrilanka@gmail.com,https://ngosec.gov.lk/about/registered-active-ngos,
email,pass,Published email: ziggy.garewal@maginternational.org,https://ngosec.gov.lk/about/registered-active-ngos,
email,pass,Published email: mohanlankaf@gmail.com,https://ngosec.gov.lk/about/registered-active-ngos,
email,pass,Published email: npsiriwardana2000@gmail.com,https://ngosec.gov.lk/about/registered-active-ngos,
email,pass,Published email: wdc@slt.lk,https://ngosec.gov.lk/about/registered-active-ngos,
email,pass,Published email: samatasaranaorg@gmail.com,https://ngosec.gov.lk/about/registered-active-ngos,
email,pass,Published email: jeremyliyanage369@duck.com,https://ngosec.gov.lk/about/registered-active-ngos,
email,pass,Published email: info@charityforlife.lk,https://ngosec.gov.lk/about/registered-active-ngos,
email,pass,Published email: slwsb1960@gmail.com,https://ngosec.gov.lk/about/registered-active-ngos,
email,pass,Published email: contact@sjdsf.lk,https://ngosec.gov.lk/about/registered-active-ngos,
email,pass,Published email: hopeforsrilanka2016@gmail.com,https://ngosec.gov.lk/about/registered-active-ngos,
email,pass,Published email: sevanata@sltnet.lk,https://ngosec.gov.lk/about/registered-active-ngos,
email,pass,Published email: info@ssdf.lk,https://ngosec.gov.lk/about/registered-active-ngos,
email,pass,Published email: oferrceylon@gmail.com,https://ngosec.gov.lk/about/registered-active-ngos,
email,pass,Published email: emerson@ncmlanka.org,https://ngosec.gov.lk/about/registered-active-ngos,
email,pass,Published email: bsdfsl16@gmail.com,https://ngosec.gov.lk/about/registered-active-ngos,
email,pass,Published email: shanakamaliyadda75@gmail.com,https://ngosec.gov.lk/about/registered-active-ngos,
email,pass,Published email: lakmal@usa.com,https://ngosec.gov.lk/about/registered-active-ngos,
email,pass,Published email: ray@hand2stand.com,https://ngosec.gov.lk/about/registered-active-ngos,
email,pass,Published email: seedoflankaink@gmail.com,https://ngosec.gov.lk/about/registered-active-ngos,
email,pass,Published email: slcdf.2020@gmail.com,https://ngosec.gov.lk/about/registered-active-ngos,
email,pass,Published email: nilupulkahapola@gmail.com,https://ngosec.gov.lk/about/registered-active-ngos,
email,pass,Published email: hcfoffice.lk@gmail.com,https://ngosec.gov.lk/about/registered-active-ngos,
email,pass,Published email: srilanka@themwlx.org,https://ngosec.gov.lk/about/registered-active-ngos,
email,pass,Published email: farmslanka1973@gmail.com,https://ngosec.gov.lk/about/registered-active-ngos,
email,pass,Published email: csdf2003@gmail.com,https://ngosec.gov.lk/about/registered-active-ngos,
email,pass,Published email: itemorganization2022@gmail.com,https://ngosec.gov.lk/about/registered-active-ngos,
email,pass,Published email: ratnasiripa@gmal.com,https://ngosec.gov.lk/about/registered-active-ngos,
email,pass,Published email: lourdusamynsdf49@gmail.com,https://ngosec.gov.lk/about/registered-active-ngos,
email,pass,Published email: hopefoundation403@gmail.com,https://ngosec.gov.lk/about/registered-active-ngos,
email,pass,Published email: sapsri@slt.lk,https://ngosec.gov.lk/about/registered-active-ngos,
email,pass,Published email: mlsccolombovtc@gmail.com,https://ngosec.gov.lk/about/registered-active-ngos,
email,pass,Published email: cyrildesilva.trust@gmail.com,https://ngosec.gov.lk/about/registered-active-ngos,
email,pass,Published email: TruelifeFoundation.lk@gmail.com,https://ngosec.gov.lk/about/registered-active-ngos,
email,pass,Published email: amaradevafoundation@gmail.com,https://ngosec.gov.lk/about/registered-active-ngos,
email,pass,Published email: familieswelfare@gmail.com,https://ngosec.gov.lk/about/registered-active-ngos,
email,pass,Published email: aliveceylonorg@gmail.com,https://ngosec.gov.lk/about/registered-active-ngos,
email,pass,Published email: parakramahettigamage@gmail.com,https://ngosec.gov.lk/about/registered-active-ngos,
email,pass,Published email: info@peace-srilanka.org,https://ngosec.gov.lk/about/registered-active-ngos,
email,pass,Published email: ires.srilanka@gmail.com,https://ngosec.gov.lk/about/registered-active-ngos,
email,pass,Published email: info@voiceofmigrantsnetwork.org,https://ngosec.gov.lk/about/registered-active-ngos,
email,pass,Published email: priyalal9@gmail.com,https://ngosec.gov.lk/about/registered-active-ngos,
email,pass,Published email: gensec@sarvodaya.org,https://ngosec.gov.lk/about/registered-active-ngos,
email,pass,Published email: siwbalasenasanvidanaya@gmail.com,https://ngosec.gov.lk/about/registered-active-ngos,
email,pass,Published email: wdfsrilanka@yahoo.com,https://ngosec.gov.lk/about/registered-active-ngos,
email,pass,Published email: asanka.nanayakkara@hotmail.com,https://ngosec.gov.lk/about/registered-active-ngos,
email,pass,Published email: hoopoe@eureka.lk,https://ngosec.gov.lk/about/registered-active-ngos,
email,pass,Published email: gehenahadawath@gmail.com,https://ngosec.gov.lk/about/registered-active-ngos,
email,pass,Published email: tchilddevelopment@gmail.com,https://ngosec.gov.lk/about/registered-active-ngos,
email,pass,Published email: cccd.network@gmail.com,https://ngosec.gov.lk/about/registered-active-ngos,
email,pass,Published email: admin@flcf.lk,https://ngosec.gov.lk/about/registered-active-ngos,
email,pass,Published email: easefoundation@gmail.com,https://ngosec.gov.lk/about/registered-active-ngos,
email,pass,Published email: pffreforms@gmail.com,https://ngosec.gov.lk/about/registered-active-ngos,
email,pass,Published email: sl.agonshu@gmail.com,https://ngosec.gov.lk/about/registered-active-ngos,
email,pass,Published email: ygrosoc@gmail.com,https://ngosec.gov.lk/about/registered-active-ngos,
email,pass,Published email: uncodfoundation@gmail.com,https://ngosec.gov.lk/about/registered-active-ngos,
email,pass,Published email: hwdf94@yahoo.com,https://ngosec.gov.lk/about/registered-active-ngos,
email,pass,Published email: shehani@goodneighborslk.org,https://ngosec.gov.lk/about/registered-active-ngos,
email,pass,Published email: exco@pioneersyouth.org,https://ngosec.gov.lk/about/registered-active-ngos,
email,pass,Published email: nahrongo@gmail.com,https://ngosec.gov.lk/about/registered-active-ngos,
email,pass,Published email: panchali@raresl.org,https://ngosec.gov.lk/about/registered-active-ngos,
email,pass,Published email: sclal621009@gmail.com,https://ngosec.gov.lk/about/registered-active-ngos,
email,pass,Published email: lotushjelpen.lanka@gmail.com,https://ngosec.gov.lk/about/registered-active-ngos,
email,pass,Published email: Info@samadhifoundation.net,https://ngosec.gov.lk/about/registered-active-ngos,
email,pass,Published email: info@globalhrn.org,https://ngosec.gov.lk/about/registered-active-ngos,
email,pass,Published email: asadfoundation.lk@gmail.com,https://ngosec.gov.lk/about/registered-active-ngos,
email,pass,Published email: hansika.premarathna@yahoo.com,https://ngosec.gov.lk/about/registered-active-ngos,
email,pass,Published email: info@lycagf.org,https://ngosec.gov.lk/about/registered-active-ngos,
email,pass,Published email: datacharity@tamilparasports.com,https://ngosec.gov.lk/about/registered-active-ngos,
email,pass,Published email: mercylanka16@gmail.com,https://ngosec.gov.lk/about/registered-active-ngos,
email,pass,Published email: imseso2013@gmail.com,https://ngosec.gov.lk/about/registered-active-ngos,
email,pass,Published email: admin@ldjf.org,https://ngosec.gov.lk/about/registered-active-ngos,
email,pass,Published email: info@gnanamfoundation.lk,https://ngosec.gov.lk/about/registered-active-ngos,
email,pass,Published email: yvonne_wambeek@yahoo.com,https://ngosec.gov.lk/about/registered-active-ngos,
email,pass,Published email: emacefoundation@gmail.com,https://ngosec.gov.lk/about/registered-active-ngos,
email,pass,Published email: info@prithipura.org,https://ngosec.gov.lk/about/registered-active-ngos,
email,pass,Published email: aghosh@childfund.org,https://ngosec.gov.lk/about/registered-active-ngos,
email,pass,Published email: info.amcor@gmail.com,https://ngosec.gov.lk/about/registered-active-ngos,
email,pass,Published email: tkariy32@yahoo.com,https://ngosec.gov.lk/about/registered-active-ngos,
email,pass,Published email: ranji.mencafep@gmail.com,https://ngosec.gov.lk/about/registered-active-ngos,
email,pass,Published email: sevaintosrilanka@gmail.com,https://ngosec.gov.lk/about/registered-active-ngos,
email,pass,Published email: Gayal@mitesp.com,https://ngosec.gov.lk/about/registered-active-ngos,
email,pass,Published email: rcss@rcss.org,https://ngosec.gov.lk/about/registered-active-ngos,
email,pass,Published email: srilankaymca@eureka.lk,https://ngosec.gov.lk/about/registered-active-ngos,
email,pass,Published email: coordinator@capitalteam.net,https://ngosec.gov.lk/about/registered-active-ngos,
email,pass,Published email: annoorfoundation2018@gmail.com,https://ngosec.gov.lk/about/registered-active-ngos,
email,pass,Published email: sekaikyusei@gmai.com,https://ngosec.gov.lk/about/registered-active-ngos,
email,pass,Published email: dlfampara@gmail.com,https://ngosec.gov.lk/about/registered-active-ngos,
email,pass,Published email: krishanthirondonfuentes@gmail.com,https://ngosec.gov.lk/about/registered-active-ngos,
email,pass,Published email: handsforhumanity.sl@gmail.com,https://ngosec.gov.lk/about/registered-active-ngos,
email,pass,Published email: thishantha@hellabeem.nl,https://ngosec.gov.lk/about/registered-active-ngos,
email,pass,Published email: Mayooran.Thevasigamany@weeffect.org,https://ngosec.gov.lk/about/registered-active-ngos,
email,pass,Published email: onnuriinteractivelanka@gmail.com,https://ngosec.gov.lk/about/registered-active-ngos,
email,pass,Published email: wwdf.1996@yahoo.com,https://ngosec.gov.lk/about/registered-active-ngos,
email,pass,Published email: escobatti@gmail.comescoo,https://ngosec.gov.lk/about/registered-active-ngos,
email,pass,Published email: solicitor1@ymail.com,https://ngosec.gov.lk/about/registered-active-ngos,
email,pass,Published email: susithasuwasethasociety@gmail.com,https://ngosec.gov.lk/about/registered-active-ngos,
email,pass,Published email: meththafoundationmaho@gmail.com,https://ngosec.gov.lk/about/registered-active-ngos,
email,pass,Published email: khalifaaytham@gmail.com,https://ngosec.gov.lk/about/registered-active-ngos,
email,pass,Published email: smyrnamissionhouse@gmail.com,https://ngosec.gov.lk/about/registered-active-ngos,
email,pass,Published email: moorlank@gmail.com,https://ngosec.gov.lk/about/registered-active-ngos,
email,pass,Published email: etherahelaekamuthuwa@gmail.com,https://ngosec.gov.lk/about/registered-active-ngos,
email,pass,Published email: info@solidarity.lk,https://ngosec.gov.lk/about/registered-active-ngos,
email,pass,Published email: ash.shifaa@yahoo.com,https://ngosec.gov.lk/about/registered-active-ngos,
email,pass,Published email: sugathasarathero6@gmail.com,https://ngosec.gov.lk/about/registered-active-ngos,
email,pass,Published email: info@mfcdlanka.org,https://ngosec.gov.lk/about/registered-active-ngos,
email,pass,Published email: info@whdoi.org,https://ngosec.gov.lk/about/registered-active-ngos,
email,pass,Published email: enochlanka@gmail.com,https://ngosec.gov.lk/about/registered-active-ngos,
email,pass,Published email: josephfrasertrust@gmail.com,https://ngosec.gov.lk/about/registered-active-ngos,
email,pass,Published email: sleds_mail@yahoo.com,https://ngosec.gov.lk/about/registered-active-ngos,
email,pass,Published email: srmranjo@gmail.com,https://ngosec.gov.lk/about/registered-active-ngos,
email,pass,Published email: navajeevana@sltnet.lk,https://ngosec.gov.lk/about/registered-active-ngos,
email,pass,Published email: Cenworsrilanka@gmail.com,https://ngosec.gov.lk/about/registered-active-ngos,
email,pass,Published email: globalassociatesrilankaasso@gmail.com,https://ngosec.gov.lk/about/registered-active-ngos,
email,pass,Published email: dharshana@aniprivateresorts.com,https://ngosec.gov.lk/about/registered-active-ngos,
email,pass,Published email: gammadda@cmg.lk,https://ngosec.gov.lk/about/registered-active-ngos,
email,pass,Published email: mahantharachchi@gmail.com,https://ngosec.gov.lk/about/registered-active-ngos,
email,pass,Published email: sithamparamfoundation@gmail.com,https://ngosec.gov.lk/about/registered-active-ngos,
email,pass,Published email: lalithsrat@gmail.com,https://ngosec.gov.lk/about/registered-active-ngos,
email,pass,Published email: Premalalranasinghe2020@gmail.com,https://ngosec.gov.lk/about/registered-active-ngos,
email,pass,Published email: monlar@sltnet.lk,https://ngosec.gov.lk/about/registered-active-ngos,
email,pass,Published email: wasanada@sltnet.lk,https://ngosec.gov.lk/about/registered-active-ngos,
email,pass,Published email: benefitsl2023@gmail.com,https://ngosec.gov.lk/about/registered-active-ngos,
email,pass,Published email: rahuman0395@gmail.com,https://ngosec.gov.lk/about/registered-active-ngos,
email,pass,Published email: coemfo@gmail.com,https://ngosec.gov.lk/about/registered-active-ngos,
email,pass,Published email: kamalpiyasena@gmail.com,https://ngosec.gov.lk/about/registered-active-ngos,
email,pass,Published email: manudamascf@gmail.com,https://ngosec.gov.lk/about/registered-active-ngos,
email,pass,Published email: cec@sltnet.lk,https://ngosec.gov.lk/about/registered-active-ngos,
email,pass,Published email: gmail.srilanka@savethechildren.org,https://ngosec.gov.lk/about/registered-active-ngos,
email,pass,Published email: ahfsrilanka@outlook.com,https://ngosec.gov.lk/about/registered-active-ngos,
email,pass,Published email: lushanthi@rocketmail.com,https://ngosec.gov.lk/about/registered-active-ngos,
email,pass,Published email: sajeewacf@gmail.com,https://ngosec.gov.lk/about/registered-active-ngos,
email,pass,Published email: mindikadec31@gmail.com,https://ngosec.gov.lk/about/registered-active-ngos,
email,pass,Published email: sistersatlawsl@gmail.com,https://ngosec.gov.lk/about/registered-active-ngos,
email,pass,Published email: country.srilanka.inquiry@asiafoundation.org,https://ngosec.gov.lk/about/registered-active-ngos,
email,pass,Published email: info@udtrust.org,https://ngosec.gov.lk/about/registered-active-ngos,
email,pass,Published email: Oslpooja97@gmail.com,https://ngosec.gov.lk/about/registered-active-ngos,
email,pass,Published email: scroos@caompassion.com,https://ngosec.gov.lk/about/registered-active-ngos,
email,pass,Published email: benn@eol.LK,https://ngosec.gov.lk/about/registered-active-ngos,
email,pass,Published email: cehicoffice@gmail.com,https://ngosec.gov.lk/about/registered-active-ngos,
email,pass,Published email: michio_kojima@hotmail.com,https://ngosec.gov.lk/about/registered-active-ngos,
email,pass,Published email: childrightsinter@gmail.com,https://ngosec.gov.lk/about/registered-active-ngos,
email,pass,Published email: maupiyasevanakl@gmail.com,https://ngosec.gov.lk/about/registered-active-ngos,
email,pass,Published email: rajhdolk@gmail.com,https://ngosec.gov.lk/about/registered-active-ngos,
email,pass,Published email: tharukasandaruwan2032@gmail.com,https://ngosec.gov.lk/about/registered-active-ngos,
email,pass,Published email: Aranaviharafoundation@gmail.com,https://ngosec.gov.lk/about/registered-active-ngos,
email,pass,Published email: actformsrilanka@gmail.com,https://ngosec.gov.lk/about/registered-active-ngos,
email,pass,Published email: bkflanka@gmail.com,https://ngosec.gov.lk/about/registered-active-ngos,
email,pass,Published email: info@riayacharitytrustrct.org,https://ngosec.gov.lk/about/registered-active-ngos,
email,pass,Published email: epsdfoundation@gmail.com,https://ngosec.gov.lk/about/registered-active-ngos,
email,pass,Published email: hbforganization@gmail.Com,https://ngosec.gov.lk/about/registered-active-ngos,
email,pass,Published email: universalsdh9@gmail.com,https://ngosec.gov.lk/about/registered-active-ngos,
email,pass,Published email: secretariat@beesnetwork.org,https://ngosec.gov.lk/about/registered-active-ngos,
email,pass,Published email: arunodadf7@gmail.com,https://ngosec.gov.lk/about/registered-active-ngos,
email,pass,Published email: clapgroup2018@gmail.com,https://ngosec.gov.lk/about/registered-active-ngos,
email,pass,Published email: abimanadevefou@yahoo.com,https://ngosec.gov.lk/about/registered-active-ngos,
email,pass,Published email: kajayawilal@gmail.com,https://ngosec.gov.lk/about/registered-active-ngos,
email,pass,Published email: gamishakthipadanama@gmail.com,https://ngosec.gov.lk/about/registered-active-ngos,
email,pass,Published email: choi1917@gmail.com,https://ngosec.gov.lk/about/registered-active-ngos,
email,pass,Published email: jayanath@sbnexp.com,https://ngosec.gov.lk/about/registered-active-ngos,
email,pass,Published email: cdfsl@yahoo.com,https://ngosec.gov.lk/about/registered-active-ngos,
email,pass,Published email: smm@sltnet.lk,https://ngosec.gov.lk/about/registered-active-ngos,
email,pass,Published email: www.thelankafb@gmail.com,https://ngosec.gov.lk/about/registered-active-ngos,
email,pass,Published email: alhikmawelfare@gmail.com,https://ngosec.gov.lk/about/registered-active-ngos,
email,pass,Published email: iskcon@slt.lk,https://ngosec.gov.lk/about/registered-active-ngos,
email,pass,Published email: info@fisd.lk,https://ngosec.gov.lk/about/registered-active-ngos,
email,pass,Published email: secretary@slapsw.com,https://ngosec.gov.lk/about/registered-active-ngos,
email,pass,Published email: helvetas.srilanka@helvetas.org,https://ngosec.gov.lk/about/registered-active-ngos,
email,pass,Published email: info.abhivurdhi@gmail.com,https://ngosec.gov.lk/about/registered-active-ngos,
email,pass,Published email: jayawardana2012@gmail.com,https://ngosec.gov.lk/about/registered-active-ngos,
email,pass,Published email: contact@directimpactlanka.org,https://ngosec.gov.lk/about/registered-active-ngos,
email,pass,Published email: roshanecsat@gmail.com,https://ngosec.gov.lk/about/registered-active-ngos,
email,pass,Published email: mperera12@gmail.com,https://ngosec.gov.lk/about/registered-active-ngos,
email,pass,Published email: neochina2019@gmail.com,https://ngosec.gov.lk/about/registered-active-ngos,
email,pass,Published email: bethelchildrensc@gmail.com,https://ngosec.gov.lk/about/registered-active-ngos,
email,pass,Published email: info.happusmiles46@gmail.com,https://ngosec.gov.lk/about/registered-active-ngos,
email,pass,Published email: shilpact@gmail.com,https://ngosec.gov.lk/about/registered-active-ngos,
email,pass,Published email: santhasiri1978@gmail.com,https://ngosec.gov.lk/about/registered-active-ngos,
email,pass,Published email: MillionPaths@mitesp.com,https://ngosec.gov.lk/about/registered-active-ngos,
email,pass,Published email: info@cha.lk,https://ngosec.gov.lk/about/registered-active-ngos,
email,pass,Published email: sssknf@gmail.com,https://ngosec.gov.lk/about/registered-active-ngos,
email,pass,Published email: bloominglanka.org@gmail.com,https://ngosec.gov.lk/about/registered-active-ngos,
email,pass,Published email: talktokasun@gmail.com,https://ngosec.gov.lk/about/registered-active-ngos,
email,pass,Published email: McKennaRL@ldschurch.ort,https://ngosec.gov.lk/about/registered-active-ngos,
email,pass,Published email: dilshan@childactionlanka.org,https://ngosec.gov.lk/about/registered-active-ngos,
email,pass,Published email: friend@sltnet.lk,https://ngosec.gov.lk/about/registered-active-ngos,
email,pass,Published email: info@aulanka.org,https://ngosec.gov.lk/about/registered-active-ngos,
email,pass,Published email: charithapathi@yahoo.com,https://ngosec.gov.lk/about/registered-active-ngos,
email,pass,Published email: nethsaranafoundation@gmail.com,https://ngosec.gov.lk/about/registered-active-ngos,
email,pass,Published email: Ayc_chennai@email.com,https://ngosec.gov.lk/about/registered-active-ngos,
email,pass,Published email: karunatrustlanka@gmail.com,https://ngosec.gov.lk/about/registered-active-ngos,
email,pass,Published email: info@leads.lk,https://ngosec.gov.lk/about/registered-active-ngos,
email,pass,Published email: Info@hbfsl.org,https://ngosec.gov.lk/about/registered-active-ngos,
email,pass,Published email: girlguidessrilanka@gmail.com,https://ngosec.gov.lk/about/registered-active-ngos,
email,pass,Published email: sanjayasujeewa29@gmail.com,https://ngosec.gov.lk/about/registered-active-ngos,
email,pass,Published email: jaya@schoolsreliefinitiative.com,https://ngosec.gov.lk/about/registered-active-ngos,
email,pass,Published email: prphoole@gmail.com,https://ngosec.gov.lk/about/registered-active-ngos,
email,pass,Published email: info@bec.berendina.org,https://ngosec.gov.lk/about/registered-active-ngos,
email,pass,Published email: alnoor.sylan2015@gmail.com,https://ngosec.gov.lk/about/registered-active-ngos,
email,pass,Published email: info@emergelanka.org,https://ngosec.gov.lk/about/registered-active-ngos,
email,pass,Published email: npdfg@yahoo.com,https://ngosec.gov.lk/about/registered-active-ngos,
email,pass,Published email: sahanodaya@gmail.com,https://ngosec.gov.lk/about/registered-active-ngos,
email,pass,Published email: cislw.welfareassociation@gmail.com,https://ngosec.gov.lk/about/registered-active-ngos,
email,pass,Published email: ufdf@sltnet.lk,https://ngosec.gov.lk/about/registered-active-ngos,
email,pass,Published email: fshssrilanka2003@gmail.com,https://ngosec.gov.lk/about/registered-active-ngos,
email,pass,Published email: vohm.srilanka@gmail.com,https://ngosec.gov.lk/about/registered-active-ngos,
email,pass,Published email: wordeed.info@gmail.com,https://ngosec.gov.lk/about/registered-active-ngos,
email,pass,Published email: contact@sbtcf.org,https://ngosec.gov.lk/about/registered-active-ngos,
email,pass,Published email: sameresekere@lk.ci.org,https://ngosec.gov.lk/about/registered-active-ngos,
email,pass,Published email: uthayam2004@outlook.com,https://ngosec.gov.lk/about/registered-active-ngos,
email,pass,Published email: lifeachievement.lk@gmail.com,https://ngosec.gov.lk/about/registered-active-ngos,
email,pass,Published email: bsdfmurali@gmail.com,https://ngosec.gov.lk/about/registered-active-ngos,
email,pass,Published email: devanarayana.c@gmail.com,https://ngosec.gov.lk/about/registered-active-ngos,
email,pass,Published email: seroshi.nandasiri@gmail.com,https://ngosec.gov.lk/about/registered-active-ngos,
email,pass,Published email: cdhambarage@gmail.com,https://ngosec.gov.lk/about/registered-active-ngos,
email,pass,Published email: info@ngosec.gov.lk,https://ngosec.gov.lk/about/registered-active-ngos,
email,pass,Published email: tharika@pslanka.org,https://ngosec.gov.lk/about/registered-active-ngos,
email,pass,Published email: Faizer.khan@muslimaidsl.org,https://ngosec.gov.lk/about/registered-active-ngos,
email,pass,Published email: akuratatha@gmail.com,https://ngosec.gov.lk/about/registered-active-ngos,
email,pass,Published email: ccs_finance2@sltnet.lk,https://ngosec.gov.lk/about/registered-active-ngos,
email,pass,Published email: ariyaratne.hettige@gnanamfoundation.lk,https://ngosec.gov.lk/about/registered-active-ngos,
email,pass,Published email: noblehearts@vimukthifoundation.org,https://ngosec.gov.lk/about/registered-active-ngos,
email,pass,Published email: sriyanthi@lbrfoundation.org,https://ngosec.gov.lk/about/registered-active-ngos,
email,pass,Published email: littlepeopleassociation@hotmail.com,https://ngosec.gov.lk/about/registered-active-ngos,
email,pass,Published email: disudasi@greenpeace.org,https://ngosec.gov.lk/about/registered-active-ngos,
email,pass,Published email: info@simply-unique-lanka.org,https://ngosec.gov.lk/about/registered-active-ngos,
email,pass,Published email: childvisionsrilanka.dr@gmail.com,https://ngosec.gov.lk/about/registered-active-ngos,
email,pass,Published email: hinducongress@gmail.com,https://ngosec.gov.lk/about/registered-active-ngos,
email,pass,Published email: joyfranciso405@gmail.com,https://ngosec.gov.lk/about/registered-active-ngos,
email,pass,Published email: tredzofoundation@hotmail.com,https://ngosec.gov.lk/about/registered-active-ngos,
email,pass,Published email: cordsrilanka@gmail.com,https://ngosec.gov.lk/about/registered-active-ngos,
email,pass,Published email: lrwhfcmb@gmail.com,https://ngosec.gov.lk/about/registered-active-ngos,
email,pass,Published email: dinalw5@yahoo.com,https://ngosec.gov.lk/about/registered-active-ngos,
email,pass,Published email: info@paalamproject.com,https://ngosec.gov.lk/about/registered-active-ngos,
email,pass,Published email: office@greensl.lk,https://ngosec.gov.lk/about/registered-active-ngos,
email,pass,Published email: thelamplanka@gmail.com,https://ngosec.gov.lk/about/registered-active-ngos,
email,pass,Published email: pdfcofsrilanka@gmail.com,https://ngosec.gov.lk/about/registered-active-ngos,
email,pass,Published email: office@pcasl.org,https://ngosec.gov.lk/about/registered-active-ngos,
email,pass,Published email: slidongo@gmail.com,https://ngosec.gov.lk/about/registered-active-ngos,
email,pass,Published email: ruchitha@fpasrilanka.org,https://ngosec.gov.lk/about/registered-active-ngos,
email,pass,Published email: visvas7@yahoo.com,https://ngosec.gov.lk/about/registered-active-ngos,
email,pass,Published email: Shevanthi.Jayasuriya@roomtoread.org,https://ngosec.gov.lk/about/registered-active-ngos,
email,pass,Published email: cc18.lk@gmail.com,https://ngosec.gov.lk/about/registered-active-ngos,
email,pass,Published email: eclof@eureka.lk,https://ngosec.gov.lk/about/registered-active-ngos,
email,pass,Published email: shanthimaargam@gmail.com,https://ngosec.gov.lk/about/registered-active-ngos,
email,pass,Published email: anulawijesundere@gmail.com,https://ngosec.gov.lk/about/registered-active-ngos,
email,pass,Published email: rathnatissa@yahoo.com,https://ngosec.gov.lk/about/registered-active-ngos,
email,pass,Published email: nimmi@renukahotel.com,https://ngosec.gov.lk/about/registered-active-ngos,
email,pass,Published email: uwssansadaya@gmail.com,https://ngosec.gov.lk/about/registered-active-ngos,
email,pass,Published email: gelsathk@gmail.com,https://ngosec.gov.lk/about/registered-active-ngos,
email,pass,Published email: klhotelschool@gmail.com,https://ngosec.gov.lk/about/registered-active-ngos,
email,pass,Published email: chamika@healthylanka.lk,https://ngosec.gov.lk/about/registered-active-ngos,
email,pass,Published email: helpage@sltnet.lk,https://ngosec.gov.lk/about/registered-active-ngos,
email,pass,Published email: lhdfoundation@outlook.com,https://ngosec.gov.lk/about/registered-active-ngos,
email,pass,Published email: info@humanitarianfoundation.lk,https://ngosec.gov.lk/about/registered-active-ngos,
email,pass,Published email: director.shanthiham@gmail.com,https://ngosec.gov.lk/about/registered-active-ngos,
email,pass,Published email: rkdfsl01@gmail.com,https://ngosec.gov.lk/about/registered-active-ngos,
email,pass,Published email: zm.jaufar@islamic-relief.lk,https://ngosec.gov.lk/about/registered-active-ngos,
email,pass,Published email: info@slwcs.org,https://ngosec.gov.lk/about/registered-active-ngos,
email,pass,Published email: squarehubfoundation@gmail.com,https://ngosec.gov.lk/about/registered-active-ngos,
email,pass,Published email: predokandy@gmail.com,https://ngosec.gov.lk/about/registered-active-ngos,
email,pass,Published email: sooryafoundation2022@gmail.com,https://ngosec.gov.lk/about/registered-active-ngos,
email,pass,Published email: jeyarasamm@gmail.com,https://ngosec.gov.lk/about/registered-active-ngos,
email,pass,Published email: info@wecareworldwide.org.uk,https://ngosec.gov.lk/about/registered-active-ngos,
email,pass,Published email: aramuna20@gmil.com,https://ngosec.gov.lk/about/registered-active-ngos,
email,pass,Published email: tealeafvision@gmail.com,https://ngosec.gov.lk/about/registered-active-ngos,
email,pass,Published email: slssumithrayo@gmail.com,https://ngosec.gov.lk/about/registered-active-ngos,
email,pass,Published email: info@adrasrilanka.org,https://ngosec.gov.lk/about/registered-active-ngos,
email,pass,Published email: sk.bandaranayaka@gmail.com,https://ngosec.gov.lk/about/registered-active-ngos,
email,pass,Published email: scsrilanka@solidaritycenter.org,https://ngosec.gov.lk/about/registered-active-ngos,
email,pass,Published email: mercyhouse9@gmail.com,https://ngosec.gov.lk/about/registered-active-ngos,
email,pass,Published email: nawimana@yahoo.com,https://ngosec.gov.lk/about/registered-active-ngos,
email,pass,Published email: nimal_@hotmail.com,https://ngosec.gov.lk/about/registered-active-ngos,
email,pass,Published email: palm@slt.lk,https://ngosec.gov.lk/about/registered-active-ngos,
email,pass,Published email: acc.arthavida@gmail.com,https://ngosec.gov.lk/about/registered-active-ngos,
email,pass,Published email: sunilsilva.mg@gmail.com,https://ngosec.gov.lk/about/registered-active-ngos,
email,pass,Published email: uhrosrilanka@gmail.com,https://ngosec.gov.lk/about/registered-active-ngos,
email,pass,Published email: mail@lk.mhworldwide.org,https://ngosec.gov.lk/about/registered-active-ngos,
email,pass,Published email: info@saveababy.lk,https://ngosec.gov.lk/about/registered-active-ngos,
email,pass,Published email: cfs269prithipura@gmail.com,https://ngosec.gov.lk/about/registered-active-ngos,
email,pass,Published email: srilankatwins@gmail.com,https://ngosec.gov.lk/about/registered-active-ngos,
email,pass,Published email: info@mmca-srilanka.org,https://ngosec.gov.lk/about/registered-active-ngos,
email,pass,Published email: Deenmohamed835@gmail.com,https://ngosec.gov.lk/about/registered-active-ngos,
email,pass,Published email: japansrilanka67@gmil.com,https://ngosec.gov.lk/about/registered-active-ngos,
email,pass,Published email: office@parcic.org,https://ngosec.gov.lk/about/registered-active-ngos,
email,pass,Published email: pieterterhaar@yahoo.com,https://ngosec.gov.lk/about/registered-active-ngos,
email,pass,Published email: damini@basnayake.com,https://ngosec.gov.lk/about/registered-active-ngos,
email,pass,Published email: tiratana.org@gmail.com,https://ngosec.gov.lk/about/registered-active-ngos,
email,pass,Published email: humanrights722@gmail.com,https://ngosec.gov.lk/about/registered-active-ngos,
email,pass,Published email: betterworldlifeline@gamil.com,https://ngosec.gov.lk/about/registered-active-ngos,
email,pass,Published email: info@cdfsrilanka.org,https://ngosec.gov.lk/about/registered-active-ngos,
email,pass,Published email: mardap.cbr2010@gmail.com,https://ngosec.gov.lk/about/registered-active-ngos,
email,pass,Published email: weerasinghe.sujeewa@gmail.com,https://ngosec.gov.lk/about/registered-active-ngos,
email,pass,Published email: vishvaparami@gmail.com,https://ngosec.gov.lk/about/registered-active-ngos,
email,pass,Published email: earthlankayouthnetwork@gmail.com,https://ngosec.gov.lk/about/registered-active-ngos,
email,pass,Published email: childaction@slt.lk,https://ngosec.gov.lk/about/registered-active-ngos,
email,pass,Published email: dharshiniper@hotmail.com,https://ngosec.gov.lk/about/registered-active-ngos,
email,pass,Published email: mail@ranagiraw.asia,https://ngosec.gov.lk/about/registered-active-ngos,
email,pass,Published email: info@chrysaliscatalyz.com,https://ngosec.gov.lk/about/registered-active-ngos,
email,pass,Published email: oclionsfoundation@gmail.com,https://ngosec.gov.lk/about/registered-active-ngos,
email,pass,Published email: visionaryhumanitynetwork@gmail.com,https://ngosec.gov.lk/about/registered-active-ngos,
email,pass,Published email: shantif@slt.lk,https://ngosec.gov.lk/about/registered-active-ngos,
email,pass,Published email: buddama1969@gmail.com,https://ngosec.gov.lk/about/registered-active-ngos,
email,pass,Published email: lanka@peace-winds.org,https://ngosec.gov.lk/about/registered-active-ngos,
email,pass,Published email: rashmini@foguc.org,https://ngosec.gov.lk/about/registered-active-ngos,
email,pass,Published email: cfcslanka@gmail.com,https://ngosec.gov.lk/about/registered-active-ngos,
email,pass,Published email: aidedfoundation@gmail.com,https://ngosec.gov.lk/about/registered-active-ngos,
email,pass,Published email: globalwingscharity@gmail.com,https://ngosec.gov.lk/about/registered-active-ngos,
email,pass,Published email: reporting@sbtcf.org,https://ngosec.gov.lk/about/registered-active-ngos,
email,pass,Published email: roheenjpj@gmail.com,https://ngosec.gov.lk/about/registered-active-ngos,
email,pass,Published email: qcsrilanka@qcharity.org,https://ngosec.gov.lk/about/registered-active-ngos,
email,pass,Published email: info@dlff.org.lk,https://ngosec.gov.lk/about/registered-active-ngos,
email,pass,Published email: wfyofound@gmail.com,https://ngosec.gov.lk/about/registered-active-ngos,
email,pass,Published email: info@ayathi.lk,https://ngosec.gov.lk/about/registered-active-ngos,
email,pass,Published email: avankalanka@gmail.com,https://ngosec.gov.lk/about/registered-active-ngos,
email,pass,Published email: coresp@sltnet.lk,https://ngosec.gov.lk/about/registered-active-ngos,
email,pass,Published email: bandara.kanishka@yahoo.com,https://ngosec.gov.lk/about/registered-active-ngos,
email,pass,Published email: sl.hrdf@gmail.com,https://ngosec.gov.lk/about/registered-active-ngos,
email,pass,Published email: sam@aqualine.lk,https://ngosec.gov.lk/about/registered-active-ngos,
email,pass,Published email: dayatadiriyaorg@gmail.com,https://ngosec.gov.lk/about/registered-active-ngos,
email,pass,Published email: snecc@eureka.lk,https://ngosec.gov.lk/about/registered-active-ngos,
email,pass,Published email: Nelumwassa@sltnet.lk,https://ngosec.gov.lk/about/registered-active-ngos,
email,pass,Published email: mothercfsl@gmail.com,https://ngosec.gov.lk/about/registered-active-ngos,
email,pass,Published email: centre4mil@gmail.com,https://ngosec.gov.lk/about/registered-active-ngos,
email,pass,Published email: s.ekanayake63@gmail.com,https://ngosec.gov.lk/about/registered-active-ngos,
email,pass,Published email: laksh504@hotmail.com,https://ngosec.gov.lk/about/registered-active-ngos,
email,pass,Published email: lankagracevision@gmail.com,https://ngosec.gov.lk/about/registered-active-ngos,
email,pass,Published email: ernestnava@gmail.com,https://ngosec.gov.lk/about/registered-active-ngos,
email,pass,Published email: kibou.intlcollege@gmail.com,https://ngosec.gov.lk/about/registered-active-ngos,
email,pass,Published email: Mselvaratnam@australianvolonteers.com,https://ngosec.gov.lk/about/registered-active-ngos,
email,pass,Published email: slbusinessandbiodiversity@gmail.com,https://ngosec.gov.lk/about/registered-active-ngos,
email,pass,Published email: Srilanka@wvi.org,https://ngosec.gov.lk/about/registered-active-ngos,
email,pass,Published email: nahil@eastwest.lk,https://ngosec.gov.lk/about/registered-active-ngos,
email,pass,Published email: senehasatanawathenak@gmail.com,https://ngosec.gov.lk/about/registered-active-ngos,
email,pass,Published email: dojfsl@gmail.com,https://ngosec.gov.lk/about/registered-active-ngos,
email,pass,Published email: bluewingsngo@gmail.com,https://ngosec.gov.lk/about/registered-active-ngos,
email,pass,Published email: knowthelawsrilanka@gmail.com,https://ngosec.gov.lk/about/registered-active-ngos,
email,pass,Published email: colombo@acted.org,https://ngosec.gov.lk/about/registered-active-ngos,
email,pass,Published email: kodikara.sanjeeva.64@shinnyo.org,https://ngosec.gov.lk/about/registered-active-ngos,
email,pass,Published email: sandun@sarvodayasuwasetha.org,https://ngosec.gov.lk/about/registered-active-ngos,
email,pass,Published email: lovisal.ka@hotmail.com,https://ngosec.gov.lk/about/registered-active-ngos,
email,pass,Published email: jehanc@jctrade.org,https://ngosec.gov.lk/about/registered-active-ngos,
email,pass,Published email: sheelawik@gmail.com,https://ngosec.gov.lk/about/registered-active-ngos,
email,pass,Published email: subashinie.jeyaraj@savethechildren.org,https://ngosec.gov.lk/about/registered-active-ngos,
email,pass,Published email: srilankayza@gmail.com,https://ngosec.gov.lk/about/registered-active-ngos,
email,pass,Published email: gauthamadafoundation@gmail.com,https://ngosec.gov.lk/about/registered-active-ngos,
email,pass,Published email: info@dogstarfoundation.com,https://ngosec.gov.lk/about/registered-active-ngos,
email,pass,Published email: info@dry-lands.org,https://ngosec.gov.lk/about/registered-active-ngos,
email,pass,Published email: chandralal@okinawa-u.ac.jp,https://ngosec.gov.lk/about/registered-active-ngos,
email,pass,Published email: manikek@yahoo.com,https://ngosec.gov.lk/about/registered-active-ngos,
email,pass,Published email: ndstrincomalle@gmail.com,https://ngosec.gov.lk/about/registered-active-ngos,
email,pass,Published email: samarajathikawyaparaya@gmail.com,https://ngosec.gov.lk/about/registered-active-ngos,
email,pass,Published email: nccyw@sltnet.lk,https://ngosec.gov.lk/about/registered-active-ngos,
email,pass,Published email: maheshherath750@gmail.com,https://ngosec.gov.lk/about/registered-active-ngos,
email,pass,Published email: maduraasanka2017@gmail.com,https://ngosec.gov.lk/about/registered-active-ngos,
email,pass,Published email: programmeaf@gmail.com,https://ngosec.gov.lk/about/registered-active-ngos,
email,pass,Published email: nisansalaboc01@gmail.com,https://ngosec.gov.lk/about/registered-active-ngos,
email,pass,Published email: vaaraahimala@gmail.com,https://ngosec.gov.lk/about/registered-active-ngos,
email,pass,Published email: sputnik_sl@yahoo.com,https://ngosec.gov.lk/about/registered-active-ngos,
email,pass,Published email: divisandalwis2011@gmail.com,https://ngosec.gov.lk/about/registered-active-ngos,
email,pass,Published email: husmalanka@gmail.com,https://ngosec.gov.lk/about/registered-active-ngos,
email,pass,Published email: coordinatefeo@gmail.com,https://ngosec.gov.lk/about/registered-active-ngos,
email,pass,Published email: buddhashrawaka@gmail.com,https://ngosec.gov.lk/about/registered-active-ngos,
email,pass,Published email: vithya.sharp2016@gmail.com,https://ngosec.gov.lk/about/registered-active-ngos,
email,pass,Published email: psc_trinco@yahoo.com,https://ngosec.gov.lk/about/registered-active-ngos,
email,pass,Published email: fundlendahand@gmail.com,https://ngosec.gov.lk/about/registered-active-ngos,
email,pass,Published email: projects@earthlanka.net,https://ngosec.gov.lk/about/registered-active-ngos,
email,pass,Published email: jayasekara.upali1@gmail.com,https://ngosec.gov.lk/about/registered-active-ngos,
email,pass,Published email: ccse@sltnet.lk,https://ngosec.gov.lk/about/registered-active-ngos,
email,pass,Published email: easternlk@eastern.or.kr,https://ngosec.gov.lk/about/registered-active-ngos,
email,pass,Published email: aruna.fonseka@yahoo.com,https://ngosec.gov.lk/about/registered-active-ngos,
email,pass,Published email: slhumanheart@gmail.com,https://ngosec.gov.lk/about/registered-active-ngos,
email,pass,Published email: helpinghandsceylon.org@gmail.com,https://ngosec.gov.lk/about/registered-active-ngos,
email,pass,Published email: rshapuwa@gmail.com,https://ngosec.gov.lk/about/registered-active-ngos,
email,pass,Published email: bvfsrilanka@gmail.com,https://ngosec.gov.lk/about/registered-active-ngos,
email,pass,Published email: pmn.srilanka@gmail.com,https://ngosec.gov.lk/about/registered-active-ngos,
email,pass,Published email: info@slcidig.org,https://ngosec.gov.lk/about/registered-active-ngos,
email,pass,Published email: pinkaramuyouthorganization123@gmail.com,https://ngosec.gov.lk/about/registered-active-ngos,
email,pass,Published email: info@humedica.lk,https://ngosec.gov.lk/about/registered-active-ngos,
email,pass,Published email: amalicpbr@gmail.com,https://ngosec.gov.lk/about/registered-active-ngos,
email,pass,Published email: cfcdeve@gmail.com,https://ngosec.gov.lk/about/registered-active-ngos,
email,pass,Published email: nationalthalassamiasrilanka21@gmail.com,https://ngosec.gov.lk/about/registered-active-ngos,
email,pass,Published email: swmmandram309@hotmail.com,https://ngosec.gov.lk/about/registered-active-ngos,
email,pass,Published email: adicc@sltnet.lk,https://ngosec.gov.lk/about/registered-active-ngos,
email,pass,Published email: mhenrich@web.de,https://ngosec.gov.lk/about/registered-active-ngos,
email,pass,Published email: srilanka@diakonia.se,https://ngosec.gov.lk/about/registered-active-ngos,
email,pass,Published email: fplsrilanka@gmail.com,https://ngosec.gov.lk/about/registered-active-ngos,
email,pass,Published email: ed@sarvodaya.org,https://ngosec.gov.lk/about/registered-active-ngos,
email,pass,Published email: info.srilanka@street-child.org,https://ngosec.gov.lk/about/registered-active-ngos,
email,pass,Published email: paffrel@sltnet.lk,https://ngosec.gov.lk/about/registered-active-ngos,
email,pass,Published email: leos.kiu@gmail.com,https://ngosec.gov.lk/about/registered-active-ngos,
email,pass,Published email: methsisilasamajasewa@gmail.com,https://ngosec.gov.lk/about/registered-active-ngos,
email,pass,Published email: mary2@sltnet.lk,https://ngosec.gov.lk/about/registered-active-ngos,
email,pass,Published email: manusath@derana.lk,https://ngosec.gov.lk/about/registered-active-ngos,
email,pass,Published email: ruhunuemail.info@gmail.com,https://ngosec.gov.lk/about/registered-active-ngos,
email,pass,Published email: wdbf@sltnet.lk,https://ngosec.gov.lk/about/registered-active-ngos,
email,pass,Published email: atfaoffice@gmail.com,https://ngosec.gov.lk/about/registered-active-ngos,
email,pass,Published email: asialanka.sdc@gmail.com,https://ngosec.gov.lk/about/registered-active-ngos,
email,pass,Published email: aievdfound@gmail.com,https://ngosec.gov.lk/about/registered-active-ngos,
email,pass,Published email: ffcsrilanka6@gmail.com,https://ngosec.gov.lk/about/registered-active-ngos,
email,pass,Published email: tharanga@dvv-international.lk,https://ngosec.gov.lk/about/registered-active-ngos,
email,pass,Published email: Chandrajayakody1948@gmail.com,https://ngosec.gov.lk/about/registered-active-ngos,
email,pass,Published email: info@globalvisionfoundation.lk,https://ngosec.gov.lk/about/registered-active-ngos,
email,pass,Published email: mwdtpt@yahoo.co.uk,https://ngosec.gov.lk/about/registered-active-ngos,
email,pass,Published email: moragaswewewijitha@gmail.com,https://ngosec.gov.lk/about/registered-active-ngos,
email,pass,Published email: kosalagem@gmail.com,https://ngosec.gov.lk/about/registered-active-ngos,
email,pass,Published email: contact@arkainitiative.org,https://ngosec.gov.lk/about/registered-active-ngos,
email,pass,Published email: emliyanagama@gmail.com,https://ngosec.gov.lk/about/registered-active-ngos,
email,pass,Published email: zairak100@gmail.com,https://ngosec.gov.lk/about/registered-active-ngos,
email,pass,Published email: muthumali@fougc.org,https://ngosec.gov.lk/about/registered-active-ngos,
email,pass,Published email: internationaltaskforceforprote@gmail.com,https://ngosec.gov.lk/about/registered-active-ngos,
email,pass,Published email: kumarathushitha42@gmail.com,https://ngosec.gov.lk/about/registered-active-ngos,
email,pass,Published email: ariyaretnam@cdfsrilanka.org,https://ngosec.gov.lk/about/registered-active-ngos,
email,pass,Published email: alzheimers@alzlanka.org,https://ngosec.gov.lk/about/registered-active-ngos,
email,pass,Published email: lhrd@dynaweb.lk,https://ngosec.gov.lk/about/registered-active-ngos,
email,pass,Published email: opne2016@gmail.com,https://ngosec.gov.lk/about/registered-active-ngos,
email,pass,Published email: epseokandy1999@gmail.com,https://ngosec.gov.lk/about/registered-active-ngos,
email,pass,Published email: sepalikagamage06@gmail.com,https://ngosec.gov.lk/about/registered-active-ngos,
email,pass,Published email: icphsrilanka@gmail.com,https://ngosec.gov.lk/about/registered-active-ngos,
email,pass,Published email: info@dfsdsrilanka.org,https://ngosec.gov.lk/about/registered-active-ngos,
email,pass,Published email: ww.shelter@gmail.com,https://ngosec.gov.lk/about/registered-active-ngos,
email,pass,Published email: ramya.jirasinghe@kindernothilfe.com,https://ngosec.gov.lk/about/registered-active-ngos,
email,pass,Published email: wisrinath@gmail.com,https://ngosec.gov.lk/about/registered-active-ngos,
email,pass,Published email: info@gmmfsl.com,https://ngosec.gov.lk/about/registered-active-ngos,
email,pass,Published email: ruban.ladchumanan@irara.org,https://ngosec.gov.lk/about/registered-active-ngos,
email,pass,Published email: mail@halosrilanka.org,https://ngosec.gov.lk/about/registered-active-ngos,
email,pass,Published email: viharamahadevikanthapaura@gmail.com,https://ngosec.gov.lk/about/registered-active-ngos,
email,pass,Published email: jaipurj@sltnet.lk,https://ngosec.gov.lk/about/registered-active-ngos,
email,pass,Published email: lankakaplus2001@yahoo.com,https://ngosec.gov.lk/about/registered-active-ngos,
email,pass,Published email: wwomenlanka@gmail.com,https://ngosec.gov.lk/about/registered-active-ngos,
email,pass,Published email: lankavisionaction@gmail.com,https://ngosec.gov.lk/about/registered-active-ngos,
email,pass,Published email: pasadikapadanama@gmail.com,https://ngosec.gov.lk/about/registered-active-ngos,
email,pass,Published email: desilva.achini@yahoo.com,https://ngosec.gov.lk/about/registered-active-ngos,
email,pass,Published email: omalpe26@gmail.com,https://ngosec.gov.lk/about/registered-active-ngos,
email,pass,Published email: senthu@eureka.lk,https://ngosec.gov.lk/about/registered-active-ngos,
email,pass,Published email: thaibahlanka@gmail.com,https://ngosec.gov.lk/about/registered-active-ngos,
email,pass,Published email: ennadharmayadakinna@gmail.com,https://ngosec.gov.lk/about/registered-active-ngos,
email,pass,Published email: theannipranafoundation@gmail.com,https://ngosec.gov.lk/about/registered-active-ngos,
email,pass,Published email: frank_lin95@yahoo.com,https://ngosec.gov.lk/about/registered-active-ngos,
email,pass,Published email: prabath.sapukotanage@stromme.org,https://ngosec.gov.lk/about/registered-active-ngos,
email,pass,Published email: susithdias@gmail.com,https://ngosec.gov.lk/about/registered-active-ngos,
email,pass,Published email: info@microdevpartners.org,https://ngosec.gov.lk/about/registered-active-ngos,
email,pass,Published email: eatcpe@gmail.com,https://ngosec.gov.lk/about/registered-active-ngos,
email,pass,Published email: rahama.vav@rahama.lk,https://ngosec.gov.lk/about/registered-active-ngos,
email,pass,Published email: ceylonyouthmovement@gmail.com,https://ngosec.gov.lk/about/registered-active-ngos,
email,pass,Published email: wilmonwick@gmail.com,https://ngosec.gov.lk/about/registered-active-ngos,
email,pass,Published email: shiroma@aod.lk,https://ngosec.gov.lk/about/registered-active-ngos,
email,pass,Published email: info@lu-df.com,https://ngosec.gov.lk/about/registered-active-ngos,
email,pass,Published email: suresh@reecha.lk,https://ngosec.gov.lk/about/registered-active-ngos,
email,pass,Published email: slkpasiteowner@gmail.com,https://ngosec.gov.lk/about/registered-active-ngos,
email,pass,Published email: arogyacancer@gmail.com,https://ngosec.gov.lk/about/registered-active-ngos,
email,pass,Published email: deputy.director@frcsl.org,https://ngosec.gov.lk/about/registered-active-ngos,
email,pass,Published email: info@osedlanka.org,https://ngosec.gov.lk/about/registered-active-ngos,
email,pass,Published email: kapila.dhanapala@action-education.org,https://ngosec.gov.lk/about/registered-active-ngos,
email,pass,Published email: info@chitralane.lk,https://ngosec.gov.lk/about/registered-active-ngos,
email,pass,Published email: suwaarana.maharagama@gmail.com,https://ngosec.gov.lk/about/registered-active-ngos,
email,pass,Published email: info@imcds.org,https://ngosec.gov.lk/about/registered-active-ngos,
email,pass,Published email: kanchanafernando@icei.it,https://ngosec.gov.lk/about/registered-active-ngos,
email,pass,Published email: info@eastwest.lk,https://ngosec.gov.lk/about/registered-active-ngos,
email,pass,Published email: info@sarvodayasuwasetha.org,https://ngosec.gov.lk/about/registered-active-ngos,
email,pass,Published email: conradindecos22@gmail.com,https://ngosec.gov.lk/about/registered-active-ngos,
email,pass,Published email: hisheart@sltnet.lk,https://ngosec.gov.lk/about/registered-active-ngos,
email,pass,Published email: ceo.arthavida@gmail.com,https://ngosec.gov.lk/about/registered-active-ngos,
email,pass,Published email: mtasankagunawardana@gmail.com,https://ngosec.gov.lk/about/registered-active-ngos,
email,pass,Published email: hdo.srilanka@gmail.com,https://ngosec.gov.lk/about/registered-active-ngos,
email,pass,Published email: amarasingam.gajenthiran@street-child.org,https://ngosec.gov.lk/about/registered-active-ngos,
email,pass,Published email: abraham@awakeanation.lk,https://ngosec.gov.lk/about/registered-active-ngos,
email,pass,Published email: ishani80@gmail.com,https://ngosec.gov.lk/about/registered-active-ngos,
email,pass,Published email: chandima_nuwaraeliye@hotmail.com,https://ngosec.gov.lk/about/registered-active-ngos,
email,pass,Published email: womeninneed83@gmail.com,https://ngosec.gov.lk/about/registered-active-ngos,
email,pass,Published email: raghu@adtlanka.org,https://ngosec.gov.lk/about/registered-active-ngos,
email,pass,Published email: ajithabey@hotmail.com,https://ngosec.gov.lk/about/registered-active-ngos,
email,pass,Published email: projectisrc@gmail.com,https://ngosec.gov.lk/about/registered-active-ngos,
email,pass,Published email: ssdfclmb@gmail.com,https://ngosec.gov.lk/about/registered-active-ngos,
email,pass,Published email: empower.fou@gmail.com,https://ngosec.gov.lk/about/registered-active-ngos,
email,pass,Published email: tharindu@wcngo.org,https://ngosec.gov.lk/about/registered-active-ngos,
email,pass,Published email: ngosecretariat.gov@gmail.com,https://ngosec.gov.lk/about/registered-active-ngos,
email,pass,Published email: lucksarana@gmail.com,https://ngosec.gov.lk/about/registered-active-ngos,
email,pass,Published email: yfdjsrilanka@gmail.com,https://ngosec.gov.lk/about/registered-active-ngos,
email,pass,Published email: thusitha.ccs@gmail.com,https://ngosec.gov.lk/about/registered-active-ngos,
email,pass,Published email: owf@sltnet.lk,https://ngosec.gov.lk/about/registered-active-ngos,
email,pass,Published email: thesafe@safesrilanka.org,https://ngosec.gov.lk/about/registered-active-ngos,
email,pass,Published email: janasenaorganization@gmail.com,https://ngosec.gov.lk/about/registered-active-ngos,
email,pass,Published email: contact.hopesl@gmail.com,https://ngosec.gov.lk/about/registered-active-ngos,
email,pass,Published email: thanujafernando1975@gmaial.com,https://ngosec.gov.lk/about/registered-active-ngos,
email,pass,Published email: Sonja.Belete@dvv-international.lk,https://ngosec.gov.lk/about/registered-active-ngos,
email,pass,Published email: gaganisamaranayaka67@gmail.com,https://ngosec.gov.lk/about/registered-active-ngos,
email,pass,Published email: roshini.kaluarachchi@hotmail.com,https://ngosec.gov.lk/about/registered-active-ngos,
email,pass,Published email: tharakafoundation@gmail.com,https://ngosec.gov.lk/about/registered-active-ngos,
email,pass,Published email: coaslbk@gmail.com,https://ngosec.gov.lk/about/registered-active-ngos,
email,pass,Published email: foundation@masholdings.com,https://ngosec.gov.lk/about/registered-active-ngos,
email,pass,Published email: admin@rdmns.lk,https://ngosec.gov.lk/about/registered-active-ngos,
email,pass,Published email: cfins1831@gmail.com,https://ngosec.gov.lk/about/registered-active-ngos,
email,pass,Published email: jsacjaffna@gmail.com,https://ngosec.gov.lk/about/registered-active-ngos,
email,pass,Published email: mayooran.thevasigamany@welanka.org,https://ngosec.gov.lk/about/registered-active-ngos,
email,pass,Published email: ceylonproject@abv.bg,https://ngosec.gov.lk/about/registered-active-ngos,
email,pass,Published email: info@slwebcast.com,https://ngosec.gov.lk/about/registered-active-ngos,
email,pass,Published email: nish@zeroplastic.lk,https://ngosec.gov.lk/about/registered-active-ngos,
email,pass,Published email: hospitaldonations89@gmail.com,https://ngosec.gov.lk/about/registered-active-ngos,
email,pass,Published email: faliq@legalactionworldwide.org,https://ngosec.gov.lk/about/registered-active-ngos,
email,pass,Published email: crystlh@sltnet.lk,https://ngosec.gov.lk/about/registered-active-ngos,
email,pass,Published email: info@miforg.com,https://ngosec.gov.lk/about/registered-active-ngos,
email,pass,Published email: sujani0754@gmail.com,https://ngosec.gov.lk/about/registered-active-ngos,
email,pass,Published email: kansarmensrilankafoundation@gmail.com,https://ngosec.gov.lk/about/registered-active-ngos,
email,pass,Published email: info@jbmonastery.org,https://ngosec.gov.lk/about/registered-active-ngos,
email,pass,Published email: info.nfwd@gmail.com,https://ngosec.gov.lk/about/registered-active-ngos,
email,pass,Published email: mpkaru66@gmail.com,https://ngosec.gov.lk/about/registered-active-ngos,
email,pass,Published email: info@navajeevanahealthcare.com,https://ngosec.gov.lk/about/registered-active-ngos,
email,pass,Published email: kse.gteltd@gmail.com,https://ngosec.gov.lk/about/registered-active-ngos,
email,pass,Published email: careforeducationsl@gmail.com,https://ngosec.gov.lk/about/registered-active-ngos,
email,pass,Published email: slmwckalubowila@gmail.com,https://ngosec.gov.lk/about/registered-active-ngos,
email,pass,Published email: kanilgcperera@gmail.com,https://ngosec.gov.lk/about/registered-active-ngos,
email,pass,Published email: srilanka@savethechildren.org,https://ngosec.gov.lk/about/registered-active-ngos,
email,pass,Published email: nesec@sltnet.lk,https://ngosec.gov.lk/about/registered-active-ngos,
email,pass,Published email: Breathinghearts.help@gmail.com,https://ngosec.gov.lk/about/registered-active-ngos,
email,pass,Published email: raup.office@gmail.com,https://ngosec.gov.lk/about/registered-active-ngos,
email,pass,Published email: deepashikahms@yahoo.com,https://ngosec.gov.lk/about/registered-active-ngos,
email,pass,Published email: wathsala3000@gmail.com,https://ngosec.gov.lk/about/registered-active-ngos,
email,pass,Published email: children.lces@gmail.com,https://ngosec.gov.lk/about/registered-active-ngos,
email,pass,Published email: cwdjaffna@gmail.com,https://ngosec.gov.lk/about/registered-active-ngos,
email,pass,Published email: gethsemanehumanitarian21@gmail.com,https://ngosec.gov.lk/about/registered-active-ngos,
email,pass,Published email: rachelgnaniah@hotmail.com,https://ngosec.gov.lk/about/registered-active-ngos,
email,pass,Published email: jalfredperera@gmail.com,https://ngosec.gov.lk/about/registered-active-ngos,
email,pass,Published email: meifoundationsl@hotmail.com,https://ngosec.gov.lk/about/registered-active-ngos,
email,pass,Published email: endocrinesl@gmail.com,https://ngosec.gov.lk/about/registered-active-ngos,
email,pass,Published email: emerginghopelanka@gmail.com,https://ngosec.gov.lk/about/registered-active-ngos,
email,pass,Published email: seevali.wickramasinghe@gmail.com,https://ngosec.gov.lk/about/registered-active-ngos,
email,pass,Published email: hpdf@sltnet.lk,https://ngosec.gov.lk/about/registered-active-ngos,
email,pass,Published email: voice@voice.lk,https://ngosec.gov.lk/about/registered-active-ngos,
email,pass,Published email: samadanacentre@gmail.com,https://ngosec.gov.lk/about/registered-active-ngos,
email,pass,Published email: srilanka@sfcg.org,https://ngosec.gov.lk/about/registered-active-ngos,
email,pass,Published email: kapilani@gmail.com,https://ngosec.gov.lk/about/registered-active-ngos,
email,pass,Published email: su.pha2009@yahoo.com,https://ngosec.gov.lk/about/registered-active-ngos,
email,pass,Published email: heshan1964@gmail.com,https://ngosec.gov.lk/about/registered-active-ngos,
email,pass,Published email: rdf-trc@sltnet.lk,https://ngosec.gov.lk/about/registered-active-ngos,
email,pass,Published email: jainuwan@gmail.com,https://ngosec.gov.lk/about/registered-active-ngos,
email,pass,Published email: wsooriyasl@gmail.com,https://ngosec.gov.lk/about/registered-active-ngos,
email,pass,Published email: apogee@apogee.lk,https://ngosec.gov.lk/about/registered-active-ngos,
email,pass,Published email: kaushalya@sevalanka.org,https://ngosec.gov.lk/about/registered-active-ngos,
email,pass,Published email: jayabumi@gmail.com,https://ngosec.gov.lk/about/registered-active-ngos,
email,pass,Published email: ddcgune@gmail.com,https://ngosec.gov.lk/about/registered-active-ngos,
email,pass,Published email: fishmove@slt.lk,https://ngosec.gov.lk/about/registered-active-ngos,
email,pass,Published email: recdosl@gmail.com,https://ngosec.gov.lk/about/registered-active-ngos,
email,pass,Published email: senanayake.nanda@yahoo.com.au,https://ngosec.gov.lk/about/registered-active-ngos,
email,pass,Published email: harshani@voiceofmigrantsnetwork.org,https://ngosec.gov.lk/about/registered-active-ngos,
email,pass,Published email: bodiyabaduap@yahoo.co.uk,https://ngosec.gov.lk/about/registered-active-ngos,
email,pass,Published email: info@viewlk.org,https://ngosec.gov.lk/about/registered-active-ngos,
email,pass,Published email: eset6699@gmail.com,https://ngosec.gov.lk/about/registered-active-ngos,
email,pass,Published email: kandyisd@sltnet.lk,https://ngosec.gov.lk/about/registered-active-ngos,
email,pass,Published email: nagenahiru@sltnet.lk,https://ngosec.gov.lk/about/registered-active-ngos,
email,pass,Published email: sathindrarathnayake@gmail.com,https://ngosec.gov.lk/about/registered-active-ngos,
email,pass,Published email: somawathinivasa2015@gmail.com,https://ngosec.gov.lk/about/registered-active-ngos,
email,pass,Published email: financemanager@candleaid.org,https://ngosec.gov.lk/about/registered-active-ngos,
email,pass,Published email: akasa.sl@gmail.com,https://ngosec.gov.lk/about/registered-active-ngos,
email,pass,Published email: dharma.siriseeli@gmail.com,https://ngosec.gov.lk/about/registered-active-ngos,
email,pass,Published email: slcdf@slt.lk,https://ngosec.gov.lk/about/registered-active-ngos,
email,pass,Published email: Harshinia@mitesp.com,https://ngosec.gov.lk/about/registered-active-ngos,
email,pass,Published email: sahana.lankafoundation@yahoo.com,https://ngosec.gov.lk/about/registered-active-ngos,
email,pass,Published email: selfdc5@gmail.com,https://ngosec.gov.lk/about/registered-active-ngos,
email,pass,Published email: gsudatta1973@yahoo.com,https://ngosec.gov.lk/about/registered-active-ngos,
email,pass,Published email: swspf@yahoo.com,https://ngosec.gov.lk/about/registered-active-ngos,
email,pass,Published email: rositafredrick@gmail.com,https://ngosec.gov.lk/about/registered-active-ngos,
email,pass,Published email: ravindrarandeniyafoundation@gmail.com,https://ngosec.gov.lk/about/registered-active-ngos,
email,pass,Published email: info@sawanafoundation.org,https://ngosec.gov.lk/about/registered-active-ngos,
email,pass,Published email: escorehab@yahoo.com,https://ngosec.gov.lk/about/registered-active-ngos,
email,pass,Published email: niyasroy@slcidig.org,https://ngosec.gov.lk/about/registered-active-ngos,
email,pass,Published email: secretary@shinnyo.lk,https://ngosec.gov.lk/about/registered-active-ngos,
email,pass,Published email: Shangen6@gmail.com,https://ngosec.gov.lk/about/registered-active-ngos,
email,pass,Published email: info@habitatsrilanka.org,https://ngosec.gov.lk/about/registered-active-ngos,
email,pass,Published email: samarasinghe@legalactionworldwide.org,https://ngosec.gov.lk/about/registered-active-ngos,
email,pass,Published email: wtsds2018@gmail.com,https://ngosec.gov.lk/about/registered-active-ngos,
email,pass,Published email: nihalwadu@gmail.com,https://ngosec.gov.lk/about/registered-active-ngos,
email,pass,Published email: chanakaliyanag@gmail.com,https://ngosec.gov.lk/about/registered-active-ngos,
email,pass,Published email: headofficeohrd@gmail.com,https://ngosec.gov.lk/about/registered-active-ngos,
email,pass,Published email: githa.sekaram@gmail.com,https://ngosec.gov.lk/about/registered-active-ngos,
email,pass,Published email: dcc_srilanka@dogcare-clinic.com,https://ngosec.gov.lk/about/registered-active-ngos,
email,pass,Published email: childfund.network@gmail.com,https://ngosec.gov.lk/about/registered-active-ngos,
email,pass,Published email: s.priyadarshana@sapsri.lk,https://ngosec.gov.lk/about/registered-active-ngos,
email,pass,Published email: office@uckg.lk,https://ngosec.gov.lk/about/registered-active-ngos,
email,pass,Published email: info.wifoundation@gmail.com,https://ngosec.gov.lk/about/registered-active-ngos,
email,pass,Published email: solicitorl@ymail.com,https://ngosec.gov.lk/about/registered-active-ngos,
email,pass,Published email: gupdf2020@gmail.com,https://ngosec.gov.lk/about/registered-active-ngos,
email,pass,Published email: venuwan@sltnet.lk,https://ngosec.gov.lk/about/registered-active-ngos,
email,pass,Published email: pusw1998@gmail.com,https://ngosec.gov.lk/about/registered-active-ngos,
email,pass,Published email: lanka@rolanka.com,https://ngosec.gov.lk/about/registered-active-ngos,
email,pass,Published email: susaviyafund@yahoo.com,https://ngosec.gov.lk/about/registered-active-ngos,
email,pass,Published email: smilelankahambantota@gmail.com,https://ngosec.gov.lk/about/registered-active-ngos,
email,pass,Published email: smilefoundationsrl@gmail.com,https://ngosec.gov.lk/about/registered-active-ngos,
email,pass,Published email: polexcmb@gmail.com,https://ngosec.gov.lk/about/registered-active-ngos,
email,pass,Published email: gatharanika@hi2mail.com,https://ngosec.gov.lk/about/registered-active-ngos,
email,pass,Published email: srilankalovecareinternationalf@gmail.com,https://ngosec.gov.lk/about/registered-active-ngos,
email,pass,Published email: info@slfoundation.co.uk,https://ngosec.gov.lk/about/registered-active-ngos,
email,pass,Published email: fongoada@slt.lk,https://ngosec.gov.lk/about/registered-active-ngos,
email,pass,Published email: suranganivoluntaryservices@gmail.com,https://ngosec.gov.lk/about/registered-active-ngos,
email,pass,Published email: lakpawura@gmail.com,https://ngosec.gov.lk/about/registered-active-ngos,
email,pass,Published email: oceanrec@sltnet.lk,https://ngosec.gov.lk/about/registered-active-ngos,
email,pass,Published email: lankamahila100@sltnet.lk,https://ngosec.gov.lk/about/registered-active-ngos,
email,pass,Published email: visaka@awawsl.org,https://ngosec.gov.lk/about/registered-active-ngos,
email,pass,Published email: rashmifoundationbb@gmail.com,https://ngosec.gov.lk/about/registered-active-ngos,
email,pass,Published email: tissarajamahaviharaya.kks@gmail.com,https://ngosec.gov.lk/about/registered-active-ngos,
email,pass,Published email: info@berendina.org,https://ngosec.gov.lk/about/registered-active-ngos,
email,pass,Published email: sg@unopsl.org,https://ngosec.gov.lk/about/registered-active-ngos,
email,pass,Published email: savealife.ngo@gmail.com,https://ngosec.gov.lk/about/registered-active-ngos,
email,pass,Published email: mencafep@sltnet.lk,https://ngosec.gov.lk/about/registered-active-ngos,
email,pass,Published email: yatinuwarasiri95@gmail.com,https://ngosec.gov.lk/about/registered-active-ngos,
email,pass,Published email: info@adtlanka.org,https://ngosec.gov.lk/about/registered-active-ngos,
email,pass,Published email: sumannaskar2209@gmail.com,https://ngosec.gov.lk/about/registered-active-ngos,
email,pass,Published email: info@gmceoh.com,https://ngosec.gov.lk/about/registered-active-ngos,
email,pass,Published email: rural@sltnet.lk,https://ngosec.gov.lk/about/registered-active-ngos,
email,pass,Published email: enlightenment@ettdrc.org,https://ngosec.gov.lk/about/registered-active-ngos,
email,pass,Published email: cfins@sltnet.lk,https://ngosec.gov.lk/about/registered-active-ngos,
email,pass,Published email: sadunsawa@gmail.com,https://ngosec.gov.lk/about/registered-active-ngos,
email,pass,Published email: jpedirisinghe@gmail.com,https://ngosec.gov.lk/about/registered-active-ngos,
email,pass,Published email: info.in4ccsl@gmail.com,https://ngosec.gov.lk/about/registered-active-ngos,
email,pass,Published email: ceo@siybsrilanka.org,https://ngosec.gov.lk/about/registered-active-ngos,
email,pass,Published email: Ajithkbreetas@gmail.com,https://ngosec.gov.lk/about/registered-active-ngos,
email,pass,Published email: admin@kirulafoundation.lk,https://ngosec.gov.lk/about/registered-active-ngos,
email,pass,Published email: arun@theteaproject.org,https://ngosec.gov.lk/about/registered-active-ngos,
postal_address,pass,Published postal address: of the Organization Name of the Key Contact Person and Phone Number Contact Details 1 Association of Social Activities D,https://ngosec.gov.lk/about/registered-active-ngos,
named_responsibility,pass,Published named responsibility: director,https://ngosec.gov.lk/about/registered-active-ngos,
legal_basis,pass,Published legal basis: circular,https://ngosec.gov.lk/about/registered-active-ngos,
fees_and_payment,pass,"Published fees and payment: rs,",https://ngosec.gov.lk/about/registered-active-ngos,
published_update_date,pass,Published published update date: 24 July 2026,https://ngosec.gov.lk/about/registered-active-ngos,
phone,pass,Published phone: 011-2-682307 ,https://ngosec.gov.lk/about/registered-inactive-ngos,
phone,pass,Published phone: 077-6450079 ,https://ngosec.gov.lk/about/registered-inactive-ngos,
phone,pass,Published phone: 011-2-742533 ,https://ngosec.gov.lk/about/registered-inactive-ngos,
phone,pass,Published phone: 011-2-882302 ,https://ngosec.gov.lk/about/registered-inactive-ngos,
phone,pass,Published phone: 011-2-839336 ,https://ngosec.gov.lk/about/registered-inactive-ngos,
phone,pass,Published phone: 011-2-505205,https://ngosec.gov.lk/about/registered-inactive-ngos,
phone,pass,Published phone: 071-8-560170,https://ngosec.gov.lk/about/registered-inactive-ngos,
phone,pass,Published phone: 034-22-32924 ,https://ngosec.gov.lk/about/registered-inactive-ngos,
phone,pass,Published phone: 057-22-29889 ,https://ngosec.gov.lk/about/registered-inactive-ngos,
phone,pass,Published phone: 011-2-514769 ,https://ngosec.gov.lk/about/registered-inactive-ngos,
phone,pass,Published phone: 0777-304434,https://ngosec.gov.lk/about/registered-inactive-ngos,
phone,pass,Published phone: 077-3-045221 ,https://ngosec.gov.lk/about/registered-inactive-ngos,
phone,pass,Published phone: 055-22-23774,https://ngosec.gov.lk/about/registered-inactive-ngos,
phone,pass,Published phone: 011-2-232491 ,https://ngosec.gov.lk/about/registered-inactive-ngos,
phone,pass,Published phone: 081-22-18620,https://ngosec.gov.lk/about/registered-inactive-ngos,
phone,pass,Published phone: 07 077-3-2372,https://ngosec.gov.lk/about/registered-inactive-ngos,
phone,pass,Published phone: 091-22-83324 ,https://ngosec.gov.lk/about/registered-inactive-ngos,
phone,pass,Published phone: 0777-530733 ,https://ngosec.gov.lk/about/registered-inactive-ngos,
phone,pass,Published phone: 0113667181,https://ngosec.gov.lk/about/registered-inactive-ngos,
phone,pass,Published phone: 011-2-505208 ,https://ngosec.gov.lk/about/registered-inactive-ngos,
phone,pass,Published phone: 011-4-419100,https://ngosec.gov.lk/about/registered-inactive-ngos,
phone,pass,Published phone: 011-2-674285 ,https://ngosec.gov.lk/about/registered-inactive-ngos,
phone,pass,Published phone: 077-3-598351,https://ngosec.gov.lk/about/registered-inactive-ngos,
phone,pass,Published phone: 071-5-528528 ,https://ngosec.gov.lk/about/registered-inactive-ngos,
phone,pass,Published phone: 011-2-233641 ,https://ngosec.gov.lk/about/registered-inactive-ngos,
phone,pass,Published phone: 091-22-23755 ,https://ngosec.gov.lk/about/registered-inactive-ngos,
phone,pass,Published phone: 081-2234788,https://ngosec.gov.lk/about/registered-inactive-ngos,
phone,pass,Published phone: 027-22-22061 ,https://ngosec.gov.lk/about/registered-inactive-ngos,
phone,pass,Published phone: 027-2223920 ,https://ngosec.gov.lk/about/registered-inactive-ngos,
phone,pass,Published phone: 0777-653627 ,https://ngosec.gov.lk/about/registered-inactive-ngos,
phone,pass,Published phone: 081-2-410350 ,https://ngosec.gov.lk/about/registered-inactive-ngos,
phone,pass,Published phone: 011-2780972 ,https://ngosec.gov.lk/about/registered-inactive-ngos,
phone,pass,Published phone: 071-3-038017 ,https://ngosec.gov.lk/about/registered-inactive-ngos,
phone,pass,Published phone: 011-2-243380 ,https://ngosec.gov.lk/about/registered-inactive-ngos,
phone,pass,Published phone: 075-4-501471 ,https://ngosec.gov.lk/about/registered-inactive-ngos,
phone,pass,Published phone: 06. 021-22-239,https://ngosec.gov.lk/about/registered-inactive-ngos,
phone,pass,Published phone: 011-2-793671 ,https://ngosec.gov.lk/about/registered-inactive-ngos,
phone,pass,Published phone: 05. 011-2-5037,https://ngosec.gov.lk/about/registered-inactive-ngos,
phone,pass,Published phone: 045-22-65565,https://ngosec.gov.lk/about/registered-inactive-ngos,
phone,pass,Published phone: 091-22-56621 ,https://ngosec.gov.lk/about/registered-inactive-ngos,
phone,pass,Published phone: 04 011-5-3383,https://ngosec.gov.lk/about/registered-inactive-ngos,
phone,pass,Published phone: 072-2-504403 ,https://ngosec.gov.lk/about/registered-inactive-ngos,
phone,pass,Published phone: 057-22-22152 ,https://ngosec.gov.lk/about/registered-inactive-ngos,
phone,pass,Published phone: 011-4-308358 ,https://ngosec.gov.lk/about/registered-inactive-ngos,
phone,pass,Published phone: 077-3-974990 ,https://ngosec.gov.lk/about/registered-inactive-ngos,
phone,pass,Published phone: 077-6-513343 ,https://ngosec.gov.lk/about/registered-inactive-ngos,
phone,pass,Published phone: 077-6308852 ,https://ngosec.gov.lk/about/registered-inactive-ngos,
phone,pass,Published phone: 011-2-851757,https://ngosec.gov.lk/about/registered-inactive-ngos,
phone,pass,Published phone: 071-3-525684 ,https://ngosec.gov.lk/about/registered-inactive-ngos,
phone,pass,Published phone: 011-2-914425 ,https://ngosec.gov.lk/about/registered-inactive-ngos,
phone,pass,Published phone: 011-2-719169 ,https://ngosec.gov.lk/about/registered-inactive-ngos,
phone,pass,Published phone: 011-2-565249 ,https://ngosec.gov.lk/about/registered-inactive-ngos,
phone,pass,Published phone: 035-22-32474,https://ngosec.gov.lk/about/registered-inactive-ngos,
phone,pass,Published phone: 033-22-55202 ,https://ngosec.gov.lk/about/registered-inactive-ngos,
phone,pass,Published phone: 011-2-238058,https://ngosec.gov.lk/about/registered-inactive-ngos,
phone,pass,Published phone: 011-4-822419 ,https://ngosec.gov.lk/about/registered-inactive-ngos,
phone,pass,Published phone: 081-2-460304 ,https://ngosec.gov.lk/about/registered-inactive-ngos,
phone,pass,Published phone: 077-2335198 ,https://ngosec.gov.lk/about/registered-inactive-ngos,
phone,pass,Published phone: 000. 051-22-23,https://ngosec.gov.lk/about/registered-inactive-ngos,
phone,pass,Published phone: 0777-946382 ,https://ngosec.gov.lk/about/registered-inactive-ngos,
phone,pass,Published phone: 02 011-2-3062,https://ngosec.gov.lk/about/registered-inactive-ngos,
phone,pass,Published phone: 011-2-500037 ,https://ngosec.gov.lk/about/registered-inactive-ngos,
phone,pass,Published phone: 011-4-413258,https://ngosec.gov.lk/about/registered-inactive-ngos,
phone,pass,Published phone: 055-22-76893 ,https://ngosec.gov.lk/about/registered-inactive-ngos,
phone,pass,Published phone: 081-2-225228 ,https://ngosec.gov.lk/about/registered-inactive-ngos,
phone,pass,Published phone: 077-4-319310,https://ngosec.gov.lk/about/registered-inactive-ngos,
phone,pass,Published phone: 038-22-92840 ,https://ngosec.gov.lk/about/registered-inactive-ngos,
phone,pass,Published phone: 02 011-2-5059,https://ngosec.gov.lk/about/registered-inactive-ngos,
phone,pass,Published phone: 011-2-803762 ,https://ngosec.gov.lk/about/registered-inactive-ngos,
phone,pass,Published phone: 05 0777-5865,https://ngosec.gov.lk/about/registered-inactive-ngos,
phone,pass,Published phone: 035-22-82263,https://ngosec.gov.lk/about/registered-inactive-ngos,
phone,pass,Published phone: 072-3-901785,https://ngosec.gov.lk/about/registered-inactive-ngos,
phone,pass,Published phone: 011-2- 732516. ,https://ngosec.gov.lk/about/registered-inactive-ngos,
phone,pass,Published phone: 038-22-34059 ,https://ngosec.gov.lk/about/registered-inactive-ngos,
phone,pass,Published phone: 011-2-582374 ,https://ngosec.gov.lk/about/registered-inactive-ngos,
phone,pass,Published phone: 011-4-528491 ,https://ngosec.gov.lk/about/registered-inactive-ngos,
phone,pass,Published phone: 011-2-976855,https://ngosec.gov.lk/about/registered-inactive-ngos,
phone,pass,Published phone: 011-2-802343 ,https://ngosec.gov.lk/about/registered-inactive-ngos,
phone,pass,Published phone: 011-4-513092 ,https://ngosec.gov.lk/about/registered-inactive-ngos,
phone,pass,Published phone: 063-222-2377 ,https://ngosec.gov.lk/about/registered-inactive-ngos,
phone,pass,Published phone: 07 0714-8008,https://ngosec.gov.lk/about/registered-inactive-ngos,
phone,pass,Published phone: 011-2-595378 ,https://ngosec.gov.lk/about/registered-inactive-ngos,
phone,pass,Published phone: 032-22-66083 ,https://ngosec.gov.lk/about/registered-inactive-ngos,
phone,pass,Published phone: 011-4-610025 ,https://ngosec.gov.lk/about/registered-inactive-ngos,
phone,pass,Published phone: 0812-237004 ,https://ngosec.gov.lk/about/registered-inactive-ngos,
phone,pass,Published phone: 025-22-76266 ,https://ngosec.gov.lk/about/registered-inactive-ngos,
phone,pass,Published phone: 077-3-179352 ,https://ngosec.gov.lk/about/registered-inactive-ngos,
phone,pass,Published phone: 011-2-807520,https://ngosec.gov.lk/about/registered-inactive-ngos,
phone,pass,Published phone: 011-2-823807 ,https://ngosec.gov.lk/about/registered-inactive-ngos,
phone,pass,Published phone: 0714-346024 ,https://ngosec.gov.lk/about/registered-inactive-ngos,
phone,pass,Published phone: 077-3846827,https://ngosec.gov.lk/about/registered-inactive-ngos,
phone,pass,Published phone: 011-2-448354 ,https://ngosec.gov.lk/about/registered-inactive-ngos,
phone,pass,Published phone: 033-22-70407,https://ngosec.gov.lk/about/registered-inactive-ngos,
phone,pass,Published phone: 081-4-474670 ,https://ngosec.gov.lk/about/registered-inactive-ngos,
phone,pass,Published phone: 011-2-914842,https://ngosec.gov.lk/about/registered-inactive-ngos,
phone,pass,Published phone: 011-2-240078 ,https://ngosec.gov.lk/about/registered-inactive-ngos,
phone,pass,Published phone: 077-8-481494 ,https://ngosec.gov.lk/about/registered-inactive-ngos,
phone,pass,Published phone: 011-2-854230 ,https://ngosec.gov.lk/about/registered-inactive-ngos,
phone,pass,Published phone: 072-2-915600,https://ngosec.gov.lk/about/registered-inactive-ngos,
phone,pass,Published phone: 011-2-686712 ,https://ngosec.gov.lk/about/registered-inactive-ngos,
phone,pass,Published phone: 011-2-698703 ,https://ngosec.gov.lk/about/registered-inactive-ngos,
phone,pass,Published phone: 036-5-680004,https://ngosec.gov.lk/about/registered-inactive-ngos,
phone,pass,Published phone: 011-5-352942 ,https://ngosec.gov.lk/about/registered-inactive-ngos,
phone,pass,Published phone: 077-7-579646 ,https://ngosec.gov.lk/about/registered-inactive-ngos,
phone,pass,Published phone: 011-2-819573-,https://ngosec.gov.lk/about/registered-inactive-ngos,
phone,pass,Published phone: 063-22-24923 ,https://ngosec.gov.lk/about/registered-inactive-ngos,
phone,pass,Published phone: 0779197686 ,https://ngosec.gov.lk/about/registered-inactive-ngos,
phone,pass,Published phone: 072-2-661160 ,https://ngosec.gov.lk/about/registered-inactive-ngos,
phone,pass,Published phone: 077-6-903542,https://ngosec.gov.lk/about/registered-inactive-ngos,
phone,pass,Published phone: 011-2-501474 ,https://ngosec.gov.lk/about/registered-inactive-ngos,
phone,pass,Published phone: 024-32-44346 ,https://ngosec.gov.lk/about/registered-inactive-ngos,
phone,pass,Published phone: 011-2- 585261 ,https://ngosec.gov.lk/about/registered-inactive-ngos,
phone,pass,Published phone: 0 011-2-34559,https://ngosec.gov.lk/about/registered-inactive-ngos,
phone,pass,Published phone: 011-2-300260 ,https://ngosec.gov.lk/about/registered-inactive-ngos,
phone,pass,Published phone: 011-4-303809,https://ngosec.gov.lk/about/registered-inactive-ngos,
phone,pass,Published phone: 011-5-557762 ,https://ngosec.gov.lk/about/registered-inactive-ngos,
phone,pass,Published phone: 052-22-22828,https://ngosec.gov.lk/about/registered-inactive-ngos,
phone,pass,Published phone: 06 011-2-5865,https://ngosec.gov.lk/about/registered-inactive-ngos,
phone,pass,Published phone: 011-2-687766,https://ngosec.gov.lk/about/registered-inactive-ngos,
phone,pass,Published phone: 024-4-589605-,https://ngosec.gov.lk/about/registered-inactive-ngos,
phone,pass,Published phone: 011-2-354639,https://ngosec.gov.lk/about/registered-inactive-ngos,
phone,pass,Published phone: 081-2-385868 ,https://ngosec.gov.lk/about/registered-inactive-ngos,
phone,pass,Published phone: 038-4-281237 ,https://ngosec.gov.lk/about/registered-inactive-ngos,
phone,pass,Published phone: 011-2- 732042,https://ngosec.gov.lk/about/registered-inactive-ngos,
phone,pass,Published phone: 05. 011-2-5522,https://ngosec.gov.lk/about/registered-inactive-ngos,
phone,pass,Published phone: 011-2-576798 ,https://ngosec.gov.lk/about/registered-inactive-ngos,
phone,pass,Published phone: 011-2-812869,https://ngosec.gov.lk/about/registered-inactive-ngos,
phone,pass,Published phone: 081-22-10849 ,https://ngosec.gov.lk/about/registered-inactive-ngos,
phone,pass,Published phone: 06. 011-2-3013,https://ngosec.gov.lk/about/registered-inactive-ngos,
phone,pass,Published phone: 034-4-924900 ,https://ngosec.gov.lk/about/registered-inactive-ngos,
phone,pass,Published phone: 077-9-959434 ,https://ngosec.gov.lk/about/registered-inactive-ngos,
phone,pass,Published phone: 011-2-817156,https://ngosec.gov.lk/about/registered-inactive-ngos,
phone,pass,Published phone: 011-2-911573 ,https://ngosec.gov.lk/about/registered-inactive-ngos,
phone,pass,Published phone: 07. 077-7-7622,https://ngosec.gov.lk/about/registered-inactive-ngos,
phone,pass,Published phone: 024-22-22864,https://ngosec.gov.lk/about/registered-inactive-ngos,
phone,pass,Published phone: 0718439037 ,https://ngosec.gov.lk/about/registered-inactive-ngos,
phone,pass,Published phone: 02 011-2-4233,https://ngosec.gov.lk/about/registered-inactive-ngos,
phone,pass,Published phone: 011-4-528490 ,https://ngosec.gov.lk/about/registered-inactive-ngos,
phone,pass,Published phone: 033-22-96035 ,https://ngosec.gov.lk/about/registered-inactive-ngos,
phone,pass,Published phone: 08 072-2-6774,https://ngosec.gov.lk/about/registered-inactive-ngos,
phone,pass,Published phone: 011-2-698549 ,https://ngosec.gov.lk/about/registered-inactive-ngos,
phone,pass,Published phone: 011-2-504127 ,https://ngosec.gov.lk/about/registered-inactive-ngos,
phone,pass,Published phone: 081-2-498104 ,https://ngosec.gov.lk/about/registered-inactive-ngos,
phone,pass,Published phone: 0777-799081 ,https://ngosec.gov.lk/about/registered-inactive-ngos,
phone,pass,Published phone: 011-7-632880 ,https://ngosec.gov.lk/about/registered-inactive-ngos,
phone,pass,Published phone: 033-22-86307 ,https://ngosec.gov.lk/about/registered-inactive-ngos,
phone,pass,Published phone: 037-2-59056 1,https://ngosec.gov.lk/about/registered-inactive-ngos,
phone,pass,Published phone: 011-2-331618 ,https://ngosec.gov.lk/about/registered-inactive-ngos,
phone,pass,Published phone: 011-2-691842,https://ngosec.gov.lk/about/registered-inactive-ngos,
phone,pass,Published phone: 0777-531896,https://ngosec.gov.lk/about/registered-inactive-ngos,
phone,pass,Published phone: 081-2-422862 ,https://ngosec.gov.lk/about/registered-inactive-ngos,
phone,pass,Published phone: 047-22-41259,https://ngosec.gov.lk/about/registered-inactive-ngos,
phone,pass,Published phone: 07. 011-2-5703,https://ngosec.gov.lk/about/registered-inactive-ngos,
phone,pass,Published phone: 011-2-403069 ,https://ngosec.gov.lk/about/registered-inactive-ngos,
phone,pass,Published phone: 011-2-856050 ,https://ngosec.gov.lk/about/registered-inactive-ngos,
phone,pass,Published phone: 011-2-626440,https://ngosec.gov.lk/about/registered-inactive-ngos,
phone,pass,Published phone: 02 071-8-1117,https://ngosec.gov.lk/about/registered-inactive-ngos,
phone,pass,Published phone: 011-2-695206 ,https://ngosec.gov.lk/about/registered-inactive-ngos,
phone,pass,Published phone: 077-7-671950 ,https://ngosec.gov.lk/about/registered-inactive-ngos,
phone,pass,Published phone: 077-3-598352 ,https://ngosec.gov.lk/about/registered-inactive-ngos,
phone,pass,Published phone: 077-3-000821,https://ngosec.gov.lk/about/registered-inactive-ngos,
phone,pass,Published phone: 011-2-614252,https://ngosec.gov.lk/about/registered-inactive-ngos,
phone,pass,Published phone: 071-2-241625 ,https://ngosec.gov.lk/about/registered-inactive-ngos,
phone,pass,Published phone: 011-2-575214 . ,https://ngosec.gov.lk/about/registered-inactive-ngos,
phone,pass,Published phone: 0714-062311,https://ngosec.gov.lk/about/registered-inactive-ngos,
phone,pass,Published phone: 011-5-220030 ,https://ngosec.gov.lk/about/registered-inactive-ngos,
phone,pass,Published phone: 057-22-45242 ,https://ngosec.gov.lk/about/registered-inactive-ngos,
phone,pass,Published phone: 060-2-804983,https://ngosec.gov.lk/about/registered-inactive-ngos,
phone,pass,Published phone: 0777-452335 ,https://ngosec.gov.lk/about/registered-inactive-ngos,
phone,pass,Published phone: 0776955159 ,https://ngosec.gov.lk/about/registered-inactive-ngos,
phone,pass,Published phone: 011-4-413433 ,https://ngosec.gov.lk/about/registered-inactive-ngos,
phone,pass,Published phone: 0777-644373 ,https://ngosec.gov.lk/about/registered-inactive-ngos,
phone,pass,Published phone: 065-22-22712,https://ngosec.gov.lk/about/registered-inactive-ngos,
phone,pass,Published phone: 011-2-713451,https://ngosec.gov.lk/about/registered-inactive-ngos,
phone,pass,Published phone: 011-2-876791,https://ngosec.gov.lk/about/registered-inactive-ngos,
phone,pass,Published phone: 071-2-763501 ,https://ngosec.gov.lk/about/registered-inactive-ngos,
phone,pass,Published phone: 032-22-67390 ,https://ngosec.gov.lk/about/registered-inactive-ngos,
phone,pass,Published phone: 071-2-217794 ,https://ngosec.gov.lk/about/registered-inactive-ngos,
phone,pass,Published phone: 011-2-914452 ,https://ngosec.gov.lk/about/registered-inactive-ngos,
phone,pass,Published phone: 024-2-225778,https://ngosec.gov.lk/about/registered-inactive-ngos,
phone,pass,Published phone: 077-2-460797,https://ngosec.gov.lk/about/registered-inactive-ngos,
phone,pass,Published phone: 011-2-254520 ,https://ngosec.gov.lk/about/registered-inactive-ngos,
phone,pass,Published phone: 03. 011-2-5741,https://ngosec.gov.lk/about/registered-inactive-ngos,
phone,pass,Published phone: 0716417215,https://ngosec.gov.lk/about/registered-inactive-ngos,
phone,pass,Published phone: 021-2-283888 ,https://ngosec.gov.lk/about/registered-inactive-ngos,
phone,pass,Published phone: 065-22-25176,https://ngosec.gov.lk/about/registered-inactive-ngos,
phone,pass,Published phone: 0771-098302 ,https://ngosec.gov.lk/about/registered-inactive-ngos,
phone,pass,Published phone: 033-22-26734 ,https://ngosec.gov.lk/about/registered-inactive-ngos,
phone,pass,Published phone: 024-22-21443 ,https://ngosec.gov.lk/about/registered-inactive-ngos,
phone,pass,Published phone: 034-22-26543 ,https://ngosec.gov.lk/about/registered-inactive-ngos,
phone,pass,Published phone: 081-2-592708 ,https://ngosec.gov.lk/about/registered-inactive-ngos,
phone,pass,Published phone: 071-4-736611 ,https://ngosec.gov.lk/about/registered-inactive-ngos,
phone,pass,Published phone: 077-9-742039 ,https://ngosec.gov.lk/about/registered-inactive-ngos,
phone,pass,Published phone: 011-2-672586 ,https://ngosec.gov.lk/about/registered-inactive-ngos,
phone,pass,Published phone: 011-2-249025 ,https://ngosec.gov.lk/about/registered-inactive-ngos,
phone,pass,Published phone: 011-2-436062 ,https://ngosec.gov.lk/about/registered-inactive-ngos,
phone,pass,Published phone: 011-5-678000 ,https://ngosec.gov.lk/about/registered-inactive-ngos,
phone,pass,Published phone: 02 011-2-4483,https://ngosec.gov.lk/about/registered-inactive-ngos,
phone,pass,Published phone: 077-8-556872 ,https://ngosec.gov.lk/about/registered-inactive-ngos,
phone,pass,Published phone: 011-2-864086,https://ngosec.gov.lk/about/registered-inactive-ngos,
phone,pass,Published phone: 0777-378145,https://ngosec.gov.lk/about/registered-inactive-ngos,
phone,pass,Published phone: 034-22-47392 ,https://ngosec.gov.lk/about/registered-inactive-ngos,
phone,pass,Published phone: 065-22-26018 ,https://ngosec.gov.lk/about/registered-inactive-ngos,
phone,pass,Published phone: 011-2-505960 ,https://ngosec.gov.lk/about/registered-inactive-ngos,
phone,pass,Published phone: 011-2-563212,https://ngosec.gov.lk/about/registered-inactive-ngos,
phone,pass,Published phone: 01 011-2-3252,https://ngosec.gov.lk/about/registered-inactive-ngos,
phone,pass,Published phone: 02 011-2-3048,https://ngosec.gov.lk/about/registered-inactive-ngos,
phone,pass,Published phone: 011-2-859437 ,https://ngosec.gov.lk/about/registered-inactive-ngos,
phone,pass,Published phone: 034-5-715271,https://ngosec.gov.lk/about/registered-inactive-ngos,
phone,pass,Published phone: +94) 112877376 ,https://ngosec.gov.lk/about/registered-inactive-ngos,
phone,pass,Published phone: 081-2-461204 ,https://ngosec.gov.lk/about/registered-inactive-ngos,
phone,pass,Published phone: 08. 0777-3094,https://ngosec.gov.lk/about/registered-inactive-ngos,
phone,pass,Published phone: 011-5-373271 ,https://ngosec.gov.lk/about/registered-inactive-ngos,
phone,pass,Published phone: 06 077-3-6243,https://ngosec.gov.lk/about/registered-inactive-ngos,
phone,pass,Published phone: 091-22-45526 ,https://ngosec.gov.lk/about/registered-inactive-ngos,
phone,pass,Published phone: 0777559406,https://ngosec.gov.lk/about/registered-inactive-ngos,
phone,pass,Published phone: 011-2-671900 ,https://ngosec.gov.lk/about/registered-inactive-ngos,
phone,pass,Published phone: 011-2-575214 ,https://ngosec.gov.lk/about/registered-inactive-ngos,
phone,pass,Published phone: 011-2-447308 ,https://ngosec.gov.lk/about/registered-inactive-ngos,
phone,pass,Published phone: 03 011-4-7270,https://ngosec.gov.lk/about/registered-inactive-ngos,
phone,pass,Published phone: 011-2-723650 ,https://ngosec.gov.lk/about/registered-inactive-ngos,
phone,pass,Published phone: 011-2-857010 ,https://ngosec.gov.lk/about/registered-inactive-ngos,
phone,pass,Published phone: 011-2-682505 ,https://ngosec.gov.lk/about/registered-inactive-ngos,
phone,pass,Published phone: 07. 077-00317,https://ngosec.gov.lk/about/registered-inactive-ngos,
phone,pass,Published phone: 0777-712807 ,https://ngosec.gov.lk/about/registered-inactive-ngos,
phone,pass,Published phone: 01. 011 -23205,https://ngosec.gov.lk/about/registered-inactive-ngos,
phone,pass,Published phone: 07. 081-2-3891,https://ngosec.gov.lk/about/registered-inactive-ngos,
phone,pass,Published phone: 011-2-921873,https://ngosec.gov.lk/about/registered-inactive-ngos,
phone,pass,Published phone: 063-22-44199 ,https://ngosec.gov.lk/about/registered-inactive-ngos,
phone,pass,Published phone: 07 033-22-244,https://ngosec.gov.lk/about/registered-inactive-ngos,
phone,pass,Published phone: 011-5-729789,https://ngosec.gov.lk/about/registered-inactive-ngos,
phone,pass,Published phone: 011-2-785993,https://ngosec.gov.lk/about/registered-inactive-ngos,
phone,pass,Published phone: 011-2-907715 ,https://ngosec.gov.lk/about/registered-inactive-ngos,
phone,pass,Published phone: 011-2-394558 ,https://ngosec.gov.lk/about/registered-inactive-ngos,
phone,pass,Published phone: 077-2-264168,https://ngosec.gov.lk/about/registered-inactive-ngos,
phone,pass,Published phone: 011-2-388179 ,https://ngosec.gov.lk/about/registered-inactive-ngos,
phone,pass,Published phone: 011-2-579151 ,https://ngosec.gov.lk/about/registered-inactive-ngos,
phone,pass,Published phone: 0777-841718 ,https://ngosec.gov.lk/about/registered-inactive-ngos,
phone,pass,Published phone: 011-2-526018,https://ngosec.gov.lk/about/registered-inactive-ngos,
phone,pass,Published phone: 011-2-426137 ,https://ngosec.gov.lk/about/registered-inactive-ngos,
phone,pass,Published phone: 0712-329175,https://ngosec.gov.lk/about/registered-inactive-ngos,
phone,pass,Published phone: 011-2-650813 ,https://ngosec.gov.lk/about/registered-inactive-ngos,
phone,pass,Published phone: 077-3-515526 ,https://ngosec.gov.lk/about/registered-inactive-ngos,
phone,pass,Published phone: 071-8-600523,https://ngosec.gov.lk/about/registered-inactive-ngos,
phone,pass,Published phone: 011-2-370006 ,https://ngosec.gov.lk/about/registered-inactive-ngos,
phone,pass,Published phone: 034-22-48281 ,https://ngosec.gov.lk/about/registered-inactive-ngos,
phone,pass,Published phone: 011-2-361799 ,https://ngosec.gov.lk/about/registered-inactive-ngos,
phone,pass,Published phone: 033-2234336 ,https://ngosec.gov.lk/about/registered-inactive-ngos,
phone,pass,Published phone: 05 011-2-3546,https://ngosec.gov.lk/about/registered-inactive-ngos,
phone,pass,Published phone: 077-2-260990 ,https://ngosec.gov.lk/about/registered-inactive-ngos,
phone,pass,Published phone: 077-3-024799,https://ngosec.gov.lk/about/registered-inactive-ngos,
phone,pass,Published phone: 034-22-56226 ,https://ngosec.gov.lk/about/registered-inactive-ngos,
phone,pass,Published phone: 011-4-712643,https://ngosec.gov.lk/about/registered-inactive-ngos,
phone,pass,Published phone: 011-2-615847 ,https://ngosec.gov.lk/about/registered-inactive-ngos,
phone,pass,Published phone: 071-7008424 ,https://ngosec.gov.lk/about/registered-inactive-ngos,
phone,pass,Published phone: 04 011-2-5972,https://ngosec.gov.lk/about/registered-inactive-ngos,
phone,pass,Published phone: 011-2-301430 ,https://ngosec.gov.lk/about/registered-inactive-ngos,
phone,pass,Published phone: 077-3-073518 ,https://ngosec.gov.lk/about/registered-inactive-ngos,
phone,pass,Published phone: 011-2-897286 ,https://ngosec.gov.lk/about/registered-inactive-ngos,
phone,pass,Published phone: 011-2-585260 ,https://ngosec.gov.lk/about/registered-inactive-ngos,
phone,pass,Published phone: 011-2-393529 ,https://ngosec.gov.lk/about/registered-inactive-ngos,
phone,pass,Published phone: 0777-393936 ,https://ngosec.gov.lk/about/registered-inactive-ngos,
phone,pass,Published phone: 0777-255425 ,https://ngosec.gov.lk/about/registered-inactive-ngos,
phone,pass,Published phone: 011-2-293825 ,https://ngosec.gov.lk/about/registered-inactive-ngos,
phone,pass,Published phone: 033-22-25672 ,https://ngosec.gov.lk/about/registered-inactive-ngos,
phone,pass,Published phone: 034-22-26233 ,https://ngosec.gov.lk/about/registered-inactive-ngos,
phone,pass,Published phone: 011-2-778610 ,https://ngosec.gov.lk/about/registered-inactive-ngos,
phone,pass,Published phone: 033-2276431 ,https://ngosec.gov.lk/about/registered-inactive-ngos,
phone,pass,Published phone: 037-22-75496 ,https://ngosec.gov.lk/about/registered-inactive-ngos,
phone,pass,Published phone: 011-2-698451,https://ngosec.gov.lk/about/registered-inactive-ngos,
phone,pass,Published phone: 047-22-37613,https://ngosec.gov.lk/about/registered-inactive-ngos,
phone,pass,Published phone: 041-22-32135 ,https://ngosec.gov.lk/about/registered-inactive-ngos,
phone,pass,Published phone: 057-22-31050 ,https://ngosec.gov.lk/about/registered-inactive-ngos,
phone,pass,Published phone: 077-9-622526,https://ngosec.gov.lk/about/registered-inactive-ngos,
phone,pass,Published phone: 041-22-23893 ,https://ngosec.gov.lk/about/registered-inactive-ngos,
phone,pass,Published phone: 067-22-24676,https://ngosec.gov.lk/about/registered-inactive-ngos,
phone,pass,Published phone: 077-9-125455 ,https://ngosec.gov.lk/about/registered-inactive-ngos,
phone,pass,Published phone: 06 011-2-5878,https://ngosec.gov.lk/about/registered-inactive-ngos,
phone,pass,Published phone: 011-2-613829,https://ngosec.gov.lk/about/registered-inactive-ngos,
phone,pass,Published phone: 011-2-852880 ,https://ngosec.gov.lk/about/registered-inactive-ngos,
phone,pass,Published phone: 071-7-007771 ,https://ngosec.gov.lk/about/registered-inactive-ngos,
phone,pass,Published phone: 011-2-646512,https://ngosec.gov.lk/about/registered-inactive-ngos,
phone,pass,Published phone: 081-2-234207 ,https://ngosec.gov.lk/about/registered-inactive-ngos,
phone,pass,Published phone: 08. 011-2-6981,https://ngosec.gov.lk/about/registered-inactive-ngos,
phone,pass,Published phone: 0718436955 ,https://ngosec.gov.lk/about/registered-inactive-ngos,
phone,pass,Published phone: 07. 067-22-783,https://ngosec.gov.lk/about/registered-inactive-ngos,
phone,pass,Published phone: 047-7-780954,https://ngosec.gov.lk/about/registered-inactive-ngos,
phone,pass,Published phone: 011-4-863163,https://ngosec.gov.lk/about/registered-inactive-ngos,
phone,pass,Published phone: 011-2-560010 ,https://ngosec.gov.lk/about/registered-inactive-ngos,
phone,pass,Published phone: 011-4-302323 ,https://ngosec.gov.lk/about/registered-inactive-ngos,
phone,pass,Published phone: 066-22-24685,https://ngosec.gov.lk/about/registered-inactive-ngos,
phone,pass,Published phone: 011-2-595151 ,https://ngosec.gov.lk/about/registered-inactive-ngos,
phone,pass,Published phone: 011-2-681776 ,https://ngosec.gov.lk/about/registered-inactive-ngos,
phone,pass,Published phone: 011-5-675959 ,https://ngosec.gov.lk/about/registered-inactive-ngos,
phone,pass,Published phone: 033-22-23811,https://ngosec.gov.lk/about/registered-inactive-ngos,
phone,pass,Published phone: 011-2-727777 ,https://ngosec.gov.lk/about/registered-inactive-ngos,
phone,pass,Published phone: 011-2-702144,https://ngosec.gov.lk/about/registered-inactive-ngos,
phone,pass,Published phone: 066-22-23093 ,https://ngosec.gov.lk/about/registered-inactive-ngos,
phone,pass,Published phone: 011-4-211871 ,https://ngosec.gov.lk/about/registered-inactive-ngos,
phone,pass,Published phone: 071-8-716685,https://ngosec.gov.lk/about/registered-inactive-ngos,
phone,pass,Published phone: 077-6-211833 ,https://ngosec.gov.lk/about/registered-inactive-ngos,
phone,pass,Published phone: 072-2-639169,https://ngosec.gov.lk/about/registered-inactive-ngos,
phone,pass,Published phone: 091-4-384062,https://ngosec.gov.lk/about/registered-inactive-ngos,
phone,pass,Published phone: 025-22-24585 ,https://ngosec.gov.lk/about/registered-inactive-ngos,
phone,pass,Published phone: 011-2-582920 ,https://ngosec.gov.lk/about/registered-inactive-ngos,
phone,pass,Published phone: 035-22-46284 ,https://ngosec.gov.lk/about/registered-inactive-ngos,
phone,pass,Published phone: 011-4209135 ,https://ngosec.gov.lk/about/registered-inactive-ngos,
phone,pass,Published phone: 091-4384257,https://ngosec.gov.lk/about/registered-inactive-ngos,
phone,pass,Published phone: 071-2-387902 ,https://ngosec.gov.lk/about/registered-inactive-ngos,
phone,pass,Published phone: 011-4-308976 ,https://ngosec.gov.lk/about/registered-inactive-ngos,
phone,pass,Published phone: 052-22-23237,https://ngosec.gov.lk/about/registered-inactive-ngos,
phone,pass,Published phone: 011-4-733200 ,https://ngosec.gov.lk/about/registered-inactive-ngos,
phone,pass,Published phone: 071-8563646,https://ngosec.gov.lk/about/registered-inactive-ngos,
phone,pass,Published phone: 025-22-22147,https://ngosec.gov.lk/about/registered-inactive-ngos,
phone,pass,Published phone: 072-2-622562,https://ngosec.gov.lk/about/registered-inactive-ngos,
phone,pass,Published phone: 034-22-22261 ,https://ngosec.gov.lk/about/registered-inactive-ngos,
phone,pass,Published phone: 011-2-501220 ,https://ngosec.gov.lk/about/registered-inactive-ngos,
phone,pass,Published phone: 077-6-127814,https://ngosec.gov.lk/about/registered-inactive-ngos,
phone,pass,Published phone: 011-2-768506 ,https://ngosec.gov.lk/about/registered-inactive-ngos,
phone,pass,Published phone: 051-22-23742 ,https://ngosec.gov.lk/about/registered-inactive-ngos,
phone,pass,Published phone: 011-2-390092 ,https://ngosec.gov.lk/about/registered-inactive-ngos,
phone,pass,Published phone: 05 011-2-8195,https://ngosec.gov.lk/about/registered-inactive-ngos,
phone,pass,Published phone: 011-2-897034,https://ngosec.gov.lk/about/registered-inactive-ngos,
phone,pass,Published phone: 077-6-916650 ,https://ngosec.gov.lk/about/registered-inactive-ngos,
phone,pass,Published phone: 065-22-57154 ,https://ngosec.gov.lk/about/registered-inactive-ngos,
phone,pass,Published phone: 072-5-148131,https://ngosec.gov.lk/about/registered-inactive-ngos,
phone,pass,Published phone: 091-5-678318,https://ngosec.gov.lk/about/registered-inactive-ngos,
phone,pass,Published phone: 077-3-559939 ,https://ngosec.gov.lk/about/registered-inactive-ngos,
phone,pass,Published phone: 011-5-551113 ,https://ngosec.gov.lk/about/registered-inactive-ngos,
phone,pass,Published phone: 03 011-2-5006,https://ngosec.gov.lk/about/registered-inactive-ngos,
phone,pass,Published phone: 077-8-416309 ,https://ngosec.gov.lk/about/registered-inactive-ngos,
phone,pass,Published phone: 011-2-578608 ,https://ngosec.gov.lk/about/registered-inactive-ngos,
phone,pass,Published phone: 071-5-345531,https://ngosec.gov.lk/about/registered-inactive-ngos,
phone,pass,Published phone: 052-2223492 ,https://ngosec.gov.lk/about/registered-inactive-ngos,
phone,pass,Published phone: 032-22-67046 ,https://ngosec.gov.lk/about/registered-inactive-ngos,
phone,pass,Published phone: 08 072-2-6877,https://ngosec.gov.lk/about/registered-inactive-ngos,
phone,pass,Published phone: 037-22-67761 ,https://ngosec.gov.lk/about/registered-inactive-ngos,
phone,pass,Published phone: 033-22-87840,https://ngosec.gov.lk/about/registered-inactive-ngos,
phone,pass,Published phone: 077-6-243817 ,https://ngosec.gov.lk/about/registered-inactive-ngos,
phone,pass,Published phone: 077-7-745591 ,https://ngosec.gov.lk/about/registered-inactive-ngos,
phone,pass,Published phone: 011-2-683039 ,https://ngosec.gov.lk/about/registered-inactive-ngos,
phone,pass,Published phone: 077-7-902829,https://ngosec.gov.lk/about/registered-inactive-ngos,
phone,pass,Published phone: 081-2-225288 ,https://ngosec.gov.lk/about/registered-inactive-ngos,
phone,pass,Published phone: 077-2-289305 ,https://ngosec.gov.lk/about/registered-inactive-ngos,
phone,pass,Published phone: 031-22-55102,https://ngosec.gov.lk/about/registered-inactive-ngos,
phone,pass,Published phone: 071-4-068893,https://ngosec.gov.lk/about/registered-inactive-ngos,
phone,pass,Published phone: 011-2-699486 ,https://ngosec.gov.lk/about/registered-inactive-ngos,
phone,pass,Published phone: 07 011-2-6933,https://ngosec.gov.lk/about/registered-inactive-ngos,
phone,pass,Published phone: 055-22-76421 ,https://ngosec.gov.lk/about/registered-inactive-ngos,
phone,pass,Published phone: 011-2-877265 ,https://ngosec.gov.lk/about/registered-inactive-ngos,
phone,pass,Published phone: 011-2-812256 ,https://ngosec.gov.lk/about/registered-inactive-ngos,
phone,pass,Published phone: 07 011-5-3641,https://ngosec.gov.lk/about/registered-inactive-ngos,
phone,pass,Published phone: 0777-777261 ,https://ngosec.gov.lk/about/registered-inactive-ngos,
phone,pass,Published phone: 07 011-2-6978,https://ngosec.gov.lk/about/registered-inactive-ngos,
phone,pass,Published phone: 077-3-315848 ,https://ngosec.gov.lk/about/registered-inactive-ngos,
phone,pass,Published phone: 011-2-812528,https://ngosec.gov.lk/about/registered-inactive-ngos,
phone,pass,Published phone: 011-2-522442 ,https://ngosec.gov.lk/about/registered-inactive-ngos,
phone,pass,Published phone: 0777-660240,https://ngosec.gov.lk/about/registered-inactive-ngos,
phone,pass,Published phone: 055-22-95172 ,https://ngosec.gov.lk/about/registered-inactive-ngos,
phone,pass,Published phone: 011-2-911381 ,https://ngosec.gov.lk/about/registered-inactive-ngos,
phone,pass,Published phone: 071-2-743587,https://ngosec.gov.lk/about/registered-inactive-ngos,
phone,pass,Published phone: 011-2-869535 ,https://ngosec.gov.lk/about/registered-inactive-ngos,
phone,pass,Published phone: 03 077-90062,https://ngosec.gov.lk/about/registered-inactive-ngos,
phone,pass,Published phone: 011-2-258891,https://ngosec.gov.lk/about/registered-inactive-ngos,
phone,pass,Published phone: 081-2222955,https://ngosec.gov.lk/about/registered-inactive-ngos,
phone,pass,Published phone: 011-2-441860 ,https://ngosec.gov.lk/about/registered-inactive-ngos,
phone,pass,Published phone: 011-2-303435,https://ngosec.gov.lk/about/registered-inactive-ngos,
phone,pass,Published phone: 0777-900950 ,https://ngosec.gov.lk/about/registered-inactive-ngos,
phone,pass,Published phone: 0. 011-2-54269,https://ngosec.gov.lk/about/registered-inactive-ngos,
phone,pass,Published phone: 036-22-58930,https://ngosec.gov.lk/about/registered-inactive-ngos,
phone,pass,Published phone: 0777-793345 ,https://ngosec.gov.lk/about/registered-inactive-ngos,
phone,pass,Published phone: 011-2-546544,https://ngosec.gov.lk/about/registered-inactive-ngos,
phone,pass,Published phone: 037-22-75826 ,https://ngosec.gov.lk/about/registered-inactive-ngos,
phone,pass,Published phone: 032-22-58741 ,https://ngosec.gov.lk/about/registered-inactive-ngos,
phone,pass,Published phone: 072-2-409018 ,https://ngosec.gov.lk/about/registered-inactive-ngos,
phone,pass,Published phone: 011-2-850346 ,https://ngosec.gov.lk/about/registered-inactive-ngos,
phone,pass,Published phone: 011-2-821478,https://ngosec.gov.lk/about/registered-inactive-ngos,
phone,pass,Published phone: 033-22-56307,https://ngosec.gov.lk/about/registered-inactive-ngos,
phone,pass,Published phone: 011-2-502904 ,https://ngosec.gov.lk/about/registered-inactive-ngos,
phone,pass,Published phone: 011-2-554119 ,https://ngosec.gov.lk/about/registered-inactive-ngos,
phone,pass,Published phone: 05. 011-2-5937,https://ngosec.gov.lk/about/registered-inactive-ngos,
phone,pass,Published phone: 033-22-97954,https://ngosec.gov.lk/about/registered-inactive-ngos,
phone,pass,Published phone: 037-22-28388 ,https://ngosec.gov.lk/about/registered-inactive-ngos,
phone,pass,Published phone: 011-2-857817,https://ngosec.gov.lk/about/registered-inactive-ngos,
phone,pass,Published phone: 066-22-30828 ,https://ngosec.gov.lk/about/registered-inactive-ngos,
phone,pass,Published phone: 071-3-596699,https://ngosec.gov.lk/about/registered-inactive-ngos,
phone,pass,Published phone: 08. 077-38336,https://ngosec.gov.lk/about/registered-inactive-ngos,
phone,pass,Published phone: 07 011-2-6918,https://ngosec.gov.lk/about/registered-inactive-ngos,
phone,pass,Published phone: 033-4-670134 ,https://ngosec.gov.lk/about/registered-inactive-ngos,
phone,pass,Published phone: 011-4-715896,https://ngosec.gov.lk/about/registered-inactive-ngos,
phone,pass,Published phone: 077-6-956678 ,https://ngosec.gov.lk/about/registered-inactive-ngos,
phone,pass,Published phone: 011-2-869556 ,https://ngosec.gov.lk/about/registered-inactive-ngos,
phone,pass,Published phone: 0714-268861,https://ngosec.gov.lk/about/registered-inactive-ngos,
phone,pass,Published phone: 011-2-575485 ,https://ngosec.gov.lk/about/registered-inactive-ngos,
phone,pass,Published phone: 011-2-675663 ,https://ngosec.gov.lk/about/registered-inactive-ngos,
phone,pass,Published phone: 011-2-556010 ,https://ngosec.gov.lk/about/registered-inactive-ngos,
phone,pass,Published phone: 031-22-34514 ,https://ngosec.gov.lk/about/registered-inactive-ngos,
phone,pass,Published phone: 011-2-739666 ,https://ngosec.gov.lk/about/registered-inactive-ngos,
phone,pass,Published phone: 011-2-681613 ,https://ngosec.gov.lk/about/registered-inactive-ngos,
phone,pass,Published phone: 07. 011-2-6772,https://ngosec.gov.lk/about/registered-inactive-ngos,
phone,pass,Published phone: 011-2-941989 ,https://ngosec.gov.lk/about/registered-inactive-ngos,
phone,pass,Published phone: 011-2-324281,https://ngosec.gov.lk/about/registered-inactive-ngos,
phone,pass,Published phone: 057-22-31537 ,https://ngosec.gov.lk/about/registered-inactive-ngos,
phone,pass,Published phone: 081-2-579873 ,https://ngosec.gov.lk/about/registered-inactive-ngos,
phone,pass,Published phone: 011-2-325836 ,https://ngosec.gov.lk/about/registered-inactive-ngos,
phone,pass,Published phone: 011-2-681130 ,https://ngosec.gov.lk/about/registered-inactive-ngos,
phone,pass,Published phone: 067-22-23786 ,https://ngosec.gov.lk/about/registered-inactive-ngos,
phone,pass,Published phone: 011-2-644610 ,https://ngosec.gov.lk/about/registered-inactive-ngos,
phone,pass,Published phone: 01. 011-2-6949,https://ngosec.gov.lk/about/registered-inactive-ngos,
phone,pass,Published phone: 011-2-571265 ,https://ngosec.gov.lk/about/registered-inactive-ngos,
phone,pass,Published phone: 011-2-500215 ,https://ngosec.gov.lk/about/registered-inactive-ngos,
phone,pass,Published phone: 041-22-83761 ,https://ngosec.gov.lk/about/registered-inactive-ngos,
phone,pass,Published phone: 077-6-171202 ,https://ngosec.gov.lk/about/registered-inactive-ngos,
phone,pass,Published phone: 026-22-38664 ,https://ngosec.gov.lk/about/registered-inactive-ngos,
phone,pass,Published phone: 0777-449207,https://ngosec.gov.lk/about/registered-inactive-ngos,
phone,pass,Published phone: 077-6-983436 ,https://ngosec.gov.lk/about/registered-inactive-ngos,
phone,pass,Published phone: 011-2-440083 ,https://ngosec.gov.lk/about/registered-inactive-ngos,
phone,pass,Published phone: 071-2-767491,https://ngosec.gov.lk/about/registered-inactive-ngos,
phone,pass,Published phone: 011-2-693339 ,https://ngosec.gov.lk/about/registered-inactive-ngos,
phone,pass,Published phone: 011-2-19642 6,https://ngosec.gov.lk/about/registered-inactive-ngos,
phone,pass,Published phone: 091-4-925006,https://ngosec.gov.lk/about/registered-inactive-ngos,
phone,pass,Published phone: 011-2-303438 ,https://ngosec.gov.lk/about/registered-inactive-ngos,
phone,pass,Published phone: 011-2-879416 ,https://ngosec.gov.lk/about/registered-inactive-ngos,
phone,pass,Published phone: 071-2-776730,https://ngosec.gov.lk/about/registered-inactive-ngos,
phone,pass,Published phone: 011-2-564010 ,https://ngosec.gov.lk/about/registered-inactive-ngos,
phone,pass,Published phone: 071-2-259187 ,https://ngosec.gov.lk/about/registered-inactive-ngos,
phone,pass,Published phone: 077-3-406655,https://ngosec.gov.lk/about/registered-inactive-ngos,
phone,pass,Published phone: 08. 011-2-6883,https://ngosec.gov.lk/about/registered-inactive-ngos,
phone,pass,Published phone: 011-2-546100 ,https://ngosec.gov.lk/about/registered-inactive-ngos,
phone,pass,Published phone: 011-2-866766 ,https://ngosec.gov.lk/about/registered-inactive-ngos,
phone,pass,Published phone: 011-2-665825 ,https://ngosec.gov.lk/about/registered-inactive-ngos,
phone,pass,Published phone: 067-22-21965 ,https://ngosec.gov.lk/about/registered-inactive-ngos,
phone,pass,Published phone: 025-5-635557,https://ngosec.gov.lk/about/registered-inactive-ngos,
phone,pass,Published phone: 0779-489968,https://ngosec.gov.lk/about/registered-inactive-ngos,
phone,pass,Published phone: 011-2-698044 ,https://ngosec.gov.lk/about/registered-inactive-ngos,
phone,pass,Published phone: 081-22-24646 ,https://ngosec.gov.lk/about/registered-inactive-ngos,
phone,pass,Published phone: 05 011-5-6758,https://ngosec.gov.lk/about/registered-inactive-ngos,
phone,pass,Published phone: 0812312009,https://ngosec.gov.lk/about/registered-inactive-ngos,
phone,pass,Published phone: 076-7404728,https://ngosec.gov.lk/about/registered-inactive-ngos,
phone,pass,Published phone: 072-2-226166,https://ngosec.gov.lk/about/registered-inactive-ngos,
phone,pass,Published phone: 011-2-488425 ,https://ngosec.gov.lk/about/registered-inactive-ngos,
phone,pass,Published phone: 011-4-962832 ,https://ngosec.gov.lk/about/registered-inactive-ngos,
phone,pass,Published phone: 0 011-2-68916,https://ngosec.gov.lk/about/registered-inactive-ngos,
phone,pass,Published phone: 037-22-99376,https://ngosec.gov.lk/about/registered-inactive-ngos,
phone,pass,Published phone: 08 011-2-6620,https://ngosec.gov.lk/about/registered-inactive-ngos,
phone,pass,Published phone: 041-22-28616,https://ngosec.gov.lk/about/registered-inactive-ngos,
phone,pass,Published phone: 011-2-438900 ,https://ngosec.gov.lk/about/registered-inactive-ngos,
phone,pass,Published phone: 035-22-29938 ,https://ngosec.gov.lk/about/registered-inactive-ngos,
phone,pass,Published phone: 03 011-2-3700,https://ngosec.gov.lk/about/registered-inactive-ngos,
phone,pass,Published phone: 081-2-423396 ,https://ngosec.gov.lk/about/registered-inactive-ngos,
phone,pass,Published phone: 011-2-586247 ,https://ngosec.gov.lk/about/registered-inactive-ngos,
phone,pass,Published phone: 011-2-852370 ,https://ngosec.gov.lk/about/registered-inactive-ngos,
phone,pass,Published phone: 011-2-637650 ,https://ngosec.gov.lk/about/registered-inactive-ngos,
phone,pass,Published phone: 05. 0777-4716,https://ngosec.gov.lk/about/registered-inactive-ngos,
phone,pass,Published phone: 035-22-22319 ,https://ngosec.gov.lk/about/registered-inactive-ngos,
phone,pass,Published phone: 034-22-23190 ,https://ngosec.gov.lk/about/registered-inactive-ngos,
phone,pass,Published phone: 07 033-22-488,https://ngosec.gov.lk/about/registered-inactive-ngos,
phone,pass,Published phone: 011-2-342457,https://ngosec.gov.lk/about/registered-inactive-ngos,
phone,pass,Published phone: 071-2-748601,https://ngosec.gov.lk/about/registered-inactive-ngos,
phone,pass,Published phone: 011-2-512277 ,https://ngosec.gov.lk/about/registered-inactive-ngos,
phone,pass,Published phone: 05 011-2-2583,https://ngosec.gov.lk/about/registered-inactive-ngos,
phone,pass,Published phone: 011-2-781815 ,https://ngosec.gov.lk/about/registered-inactive-ngos,
phone,pass,Published phone: 0773-844401 ,https://ngosec.gov.lk/about/registered-inactive-ngos,
phone,pass,Published phone: 011-2- 686267 ,https://ngosec.gov.lk/about/registered-inactive-ngos,
phone,pass,Published phone: 0 011-2-68555,https://ngosec.gov.lk/about/registered-inactive-ngos,
phone,pass,Published phone: 077-2-993977 ,https://ngosec.gov.lk/about/registered-inactive-ngos,
phone,pass,Published phone: 011-2-790038 ,https://ngosec.gov.lk/about/registered-inactive-ngos,
phone,pass,Published phone: 0777-135745,https://ngosec.gov.lk/about/registered-inactive-ngos,
phone,pass,Published phone: 032-22-23699 ,https://ngosec.gov.lk/about/registered-inactive-ngos,
phone,pass,Published phone: 0726-366914 ,https://ngosec.gov.lk/about/registered-inactive-ngos,
phone,pass,Published phone: 011-2-464441 ,https://ngosec.gov.lk/about/registered-inactive-ngos,
phone,pass,Published phone: 0777-345572 ,https://ngosec.gov.lk/about/registered-inactive-ngos,
phone,pass,Published phone: 045-2279160,https://ngosec.gov.lk/about/registered-inactive-ngos,
phone,pass,Published phone: 031-5-612180 ,https://ngosec.gov.lk/about/registered-inactive-ngos,
phone,pass,Published phone: 011-2-922940 ,https://ngosec.gov.lk/about/registered-inactive-ngos,
phone,pass,Published phone: 011-2971005-,https://ngosec.gov.lk/about/registered-inactive-ngos,
phone,pass,Published phone: 011-4-698938. ,https://ngosec.gov.lk/about/registered-inactive-ngos,
phone,pass,Published phone: 011-2-958267 ,https://ngosec.gov.lk/about/registered-inactive-ngos,
phone,pass,Published phone: 011-4-304355 ,https://ngosec.gov.lk/about/registered-inactive-ngos,
phone,pass,Published phone: 071-2-218064,https://ngosec.gov.lk/about/registered-inactive-ngos,
phone,pass,Published phone: 011-5-655588 ,https://ngosec.gov.lk/about/registered-inactive-ngos,
phone,pass,Published phone: 011-2-765885 ,https://ngosec.gov.lk/about/registered-inactive-ngos,
phone,pass,Published phone: 0 011-2-67328,https://ngosec.gov.lk/about/registered-inactive-ngos,
phone,pass,Published phone: 081-4-923284 ,https://ngosec.gov.lk/about/registered-inactive-ngos,
phone,pass,Published phone: 036-22-58394 ,https://ngosec.gov.lk/about/registered-inactive-ngos,
phone,pass,Published phone: 011-4-514122 ,https://ngosec.gov.lk/about/registered-inactive-ngos,
phone,pass,Published phone: 077-6-400212 ,https://ngosec.gov.lk/about/registered-inactive-ngos,
phone,pass,Published phone: 077-3-225586 ,https://ngosec.gov.lk/about/registered-inactive-ngos,
phone,pass,Published phone: 033-2292595 ,https://ngosec.gov.lk/about/registered-inactive-ngos,
phone,pass,Published phone: 02 011-2-3080,https://ngosec.gov.lk/about/registered-inactive-ngos,
phone,pass,Published phone: 011-2-587258,https://ngosec.gov.lk/about/registered-inactive-ngos,
phone,pass,Published phone: 011-2-826024,https://ngosec.gov.lk/about/registered-inactive-ngos,
phone,pass,Published phone: 011-2-681310 ,https://ngosec.gov.lk/about/registered-inactive-ngos,
phone,pass,Published phone: 081-2-384436 ,https://ngosec.gov.lk/about/registered-inactive-ngos,
phone,pass,Published phone: 011-2-851431 ,https://ngosec.gov.lk/about/registered-inactive-ngos,
phone,pass,Published phone: 011-2-695249,https://ngosec.gov.lk/about/registered-inactive-ngos,
phone,pass,Published phone: 0777-841620,https://ngosec.gov.lk/about/registered-inactive-ngos,
phone,pass,Published phone: 011-2-584375 ,https://ngosec.gov.lk/about/registered-inactive-ngos,
phone,pass,Published phone: 011-5-654532 ,https://ngosec.gov.lk/about/registered-inactive-ngos,
phone,pass,Published phone: 0771-928989 ,https://ngosec.gov.lk/about/registered-inactive-ngos,
phone,pass,Published phone: 0773255396 ,https://ngosec.gov.lk/about/registered-inactive-ngos,
phone,pass,Published phone: 011-4-516022 ,https://ngosec.gov.lk/about/registered-inactive-ngos,
phone,pass,Published phone: 038-22-35412,https://ngosec.gov.lk/about/registered-inactive-ngos,
phone,pass,Published phone: 011-2-834479,https://ngosec.gov.lk/about/registered-inactive-ngos,
phone,pass,Published phone: 091-22-92242 ,https://ngosec.gov.lk/about/registered-inactive-ngos,
phone,pass,Published phone: 07. 011-2-5932,https://ngosec.gov.lk/about/registered-inactive-ngos,
phone,pass,Published phone: 011-2-686350 ,https://ngosec.gov.lk/about/registered-inactive-ngos,
phone,pass,Published phone: 011-2581281 ,https://ngosec.gov.lk/about/registered-inactive-ngos,
phone,pass,Published phone: 077-3-519106 ,https://ngosec.gov.lk/about/registered-inactive-ngos,
phone,pass,Published phone: 037-22-75312 ,https://ngosec.gov.lk/about/registered-inactive-ngos,
phone,pass,Published phone: 055-22-74523 ,https://ngosec.gov.lk/about/registered-inactive-ngos,
phone,pass,Published phone: 011-2-572205 ,https://ngosec.gov.lk/about/registered-inactive-ngos,
phone,pass,Published phone: 091-22-23427 ,https://ngosec.gov.lk/about/registered-inactive-ngos,
phone,pass,Published phone: 0718-116536,https://ngosec.gov.lk/about/registered-inactive-ngos,
phone,pass,Published phone: 011-2-632948,https://ngosec.gov.lk/about/registered-inactive-ngos,
phone,pass,Published phone: 091-22-58592,https://ngosec.gov.lk/about/registered-inactive-ngos,
phone,pass,Published phone: 011-2-582256 ,https://ngosec.gov.lk/about/registered-inactive-ngos,
phone,pass,Published phone: 035-22-23707,https://ngosec.gov.lk/about/registered-inactive-ngos,
phone,pass,Published phone: 011-2-568432 ,https://ngosec.gov.lk/about/registered-inactive-ngos,
phone,pass,Published phone: 011-4-210228 ,https://ngosec.gov.lk/about/registered-inactive-ngos,
phone,pass,Published phone: 07. 07731707,https://ngosec.gov.lk/about/registered-inactive-ngos,
phone,pass,Published phone: 037-22-88207 ,https://ngosec.gov.lk/about/registered-inactive-ngos,
phone,pass,Published phone: 011-2-913409,https://ngosec.gov.lk/about/registered-inactive-ngos,
phone,pass,Published phone: 011-2-688133 ,https://ngosec.gov.lk/about/registered-inactive-ngos,
phone,pass,Published phone: 04 011-4-5242,https://ngosec.gov.lk/about/registered-inactive-ngos,
phone,pass,Published phone: 011-2-303436 ,https://ngosec.gov.lk/about/registered-inactive-ngos,
phone,pass,Published phone: 031-22-69309 ,https://ngosec.gov.lk/about/registered-inactive-ngos,
phone,pass,Published phone: 011-4-308719 ,https://ngosec.gov.lk/about/registered-inactive-ngos,
phone,pass,Published phone: 081-2-222704 ,https://ngosec.gov.lk/about/registered-inactive-ngos,
phone,pass,Published phone: 011-2-846198,https://ngosec.gov.lk/about/registered-inactive-ngos,
phone,pass,Published phone: 011-2-874416,https://ngosec.gov.lk/about/registered-inactive-ngos,
phone,pass,Published phone: 076-6390932 ,https://ngosec.gov.lk/about/registered-inactive-ngos,
phone,pass,Published phone: 081-2-420332 ,https://ngosec.gov.lk/about/registered-inactive-ngos,
phone,pass,Published phone: 091-22-47970 ,https://ngosec.gov.lk/about/registered-inactive-ngos,
phone,pass,Published phone: 011-2-828138 ,https://ngosec.gov.lk/about/registered-inactive-ngos,
phone,pass,Published phone: 07. 071-7-5616,https://ngosec.gov.lk/about/registered-inactive-ngos,
phone,pass,Published phone: 031-22-35522 ,https://ngosec.gov.lk/about/registered-inactive-ngos,
phone,pass,Published phone: 011-2-325253 ,https://ngosec.gov.lk/about/registered-inactive-ngos,
phone,pass,Published phone: 011-2-440262 ,https://ngosec.gov.lk/about/registered-inactive-ngos,
phone,pass,Published phone: 011-2-698403 ,https://ngosec.gov.lk/about/registered-inactive-ngos,
phone,pass,Published phone: 034-22-55779 ,https://ngosec.gov.lk/about/registered-inactive-ngos,
phone,pass,Published phone: 0777-610865 ,https://ngosec.gov.lk/about/registered-inactive-ngos,
phone,pass,Published phone: 011-2-717116 ,https://ngosec.gov.lk/about/registered-inactive-ngos,
phone,pass,Published phone: 091-22-22704 ,https://ngosec.gov.lk/about/registered-inactive-ngos,
phone,pass,Published phone: 011-5-736674 ,https://ngosec.gov.lk/about/registered-inactive-ngos,
phone,pass,Published phone: 011-4-406649 ,https://ngosec.gov.lk/about/registered-inactive-ngos,
phone,pass,Published phone: 071-4-494096 ,https://ngosec.gov.lk/about/registered-inactive-ngos,
phone,pass,Published phone: 011-2-591150 ,https://ngosec.gov.lk/about/registered-inactive-ngos,
phone,pass,Published phone: 072-2-409936 ,https://ngosec.gov.lk/about/registered-inactive-ngos,
phone,pass,Published phone: 011-2-792721 ,https://ngosec.gov.lk/about/registered-inactive-ngos,
phone,pass,Published phone: 011-2-681126 ,https://ngosec.gov.lk/about/registered-inactive-ngos,
phone,pass,Published phone: 037-22-25270 ,https://ngosec.gov.lk/about/registered-inactive-ngos,
phone,pass,Published phone: 011-2-765886,https://ngosec.gov.lk/about/registered-inactive-ngos,
phone,pass,Published phone: 07 077-9-0132,https://ngosec.gov.lk/about/registered-inactive-ngos,
phone,pass,Published phone: 066-22-22274,https://ngosec.gov.lk/about/registered-inactive-ngos,
phone,pass,Published phone: 011-4-796796,https://ngosec.gov.lk/about/registered-inactive-ngos,
phone,pass,Published phone: 011-4-840317 ,https://ngosec.gov.lk/about/registered-inactive-ngos,
phone,pass,Published phone: 03 077-8-2711,https://ngosec.gov.lk/about/registered-inactive-ngos,
phone,pass,Published phone: 011-2-502695 ,https://ngosec.gov.lk/about/registered-inactive-ngos,
phone,pass,Published phone: 05 011-2-5999,https://ngosec.gov.lk/about/registered-inactive-ngos,
phone,pass,Published phone: 05 011-2-5125,https://ngosec.gov.lk/about/registered-inactive-ngos,
phone,pass,Published phone: 066-22-46455 ,https://ngosec.gov.lk/about/registered-inactive-ngos,
phone,pass,Published phone: 071-4-437182 ,https://ngosec.gov.lk/about/registered-inactive-ngos,
phone,pass,Published phone: 05 011-2-8216,https://ngosec.gov.lk/about/registered-inactive-ngos,
phone,pass,Published phone: 071-4-306187 ,https://ngosec.gov.lk/about/registered-inactive-ngos,
phone,pass,Published phone: 0777-212269 ,https://ngosec.gov.lk/about/registered-inactive-ngos,
phone,pass,Published phone: 0777-482662 ,https://ngosec.gov.lk/about/registered-inactive-ngos,
phone,pass,Published phone: 011-2-694438 ,https://ngosec.gov.lk/about/registered-inactive-ngos,
phone,pass,Published phone: 011-4-944633,https://ngosec.gov.lk/about/registered-inactive-ngos,
phone,pass,Published phone: 025-22-57963,https://ngosec.gov.lk/about/registered-inactive-ngos,
phone,pass,Published phone: 0772-200187,https://ngosec.gov.lk/about/registered-inactive-ngos,
phone,pass,Published phone: 011-2-847760,https://ngosec.gov.lk/about/registered-inactive-ngos,
phone,pass,Published phone: 07. 011-2-5773,https://ngosec.gov.lk/about/registered-inactive-ngos,
phone,pass,Published phone: 05 0777-7049,https://ngosec.gov.lk/about/registered-inactive-ngos,
phone,pass,Published phone: 081-5-670198,https://ngosec.gov.lk/about/registered-inactive-ngos,
phone,pass,Published phone: 0772438884,https://ngosec.gov.lk/about/registered-inactive-ngos,
phone,pass,Published phone: 0776-725047 ,https://ngosec.gov.lk/about/registered-inactive-ngos,
phone,pass,Published phone: 06. 071-6-4307,https://ngosec.gov.lk/about/registered-inactive-ngos,
phone,pass,Published phone: 077-9-966413 ,https://ngosec.gov.lk/about/registered-inactive-ngos,
phone,pass,Published phone: 065-22-22713 ,https://ngosec.gov.lk/about/registered-inactive-ngos,
phone,pass,Published phone: 077-5-047592,https://ngosec.gov.lk/about/registered-inactive-ngos,
phone,pass,Published phone: 011-2-301350 ,https://ngosec.gov.lk/about/registered-inactive-ngos,
phone,pass,Published phone: 07 011-2-6887,https://ngosec.gov.lk/about/registered-inactive-ngos,
phone,pass,Published phone: 011-2-726293 ,https://ngosec.gov.lk/about/registered-inactive-ngos,
phone,pass,Published phone: 091-22-91806,https://ngosec.gov.lk/about/registered-inactive-ngos,
phone,pass,Published phone: 011-2-581182 ,https://ngosec.gov.lk/about/registered-inactive-ngos,
phone,pass,Published phone: 06 011-4-7219,https://ngosec.gov.lk/about/registered-inactive-ngos,
phone,pass,Published phone: 011-2-840465,https://ngosec.gov.lk/about/registered-inactive-ngos,
phone,pass,Published phone: 011-4-203650 ,https://ngosec.gov.lk/about/registered-inactive-ngos,
phone,pass,Published phone: 07. 011-2-6973,https://ngosec.gov.lk/about/registered-inactive-ngos,
phone,pass,Published phone: 081-2-421163 ,https://ngosec.gov.lk/about/registered-inactive-ngos,
phone,pass,Published phone: 06. 071-2-7975,https://ngosec.gov.lk/about/registered-inactive-ngos,
phone,pass,Published phone: 011-2-304885 ,https://ngosec.gov.lk/about/registered-inactive-ngos,
phone,pass,Published phone: 011-2-505835 ,https://ngosec.gov.lk/about/registered-inactive-ngos,
phone,pass,Published phone: 011-2-269121 ,https://ngosec.gov.lk/about/registered-inactive-ngos,
phone,pass,Published phone: 011-2-239491 ,https://ngosec.gov.lk/about/registered-inactive-ngos,
phone,pass,Published phone: 011-2-885175 ,https://ngosec.gov.lk/about/registered-inactive-ngos,
phone,pass,Published phone: 077-2-387977 ,https://ngosec.gov.lk/about/registered-inactive-ngos,
phone,pass,Published phone: 011-4-715578 ,https://ngosec.gov.lk/about/registered-inactive-ngos,
phone,pass,Published phone: 011-5-368082 ,https://ngosec.gov.lk/about/registered-inactive-ngos,
phone,pass,Published phone: 011-2-812397 ,https://ngosec.gov.lk/about/registered-inactive-ngos,
phone,pass,Published phone: 0728-476757,https://ngosec.gov.lk/about/registered-inactive-ngos,
phone,pass,Published phone: 011-5-323324,https://ngosec.gov.lk/about/registered-inactive-ngos,
phone,pass,Published phone: 0718035353 ,https://ngosec.gov.lk/about/registered-inactive-ngos,
phone,pass,Published phone: 05 011-2-7782,https://ngosec.gov.lk/about/registered-inactive-ngos,
phone,pass,Published phone: 07 011-26792,https://ngosec.gov.lk/about/registered-inactive-ngos,
phone,pass,Published phone: 081-2225629,https://ngosec.gov.lk/about/registered-inactive-ngos,
phone,pass,Published phone: 045-22-24601 ,https://ngosec.gov.lk/about/registered-inactive-ngos,
phone,pass,Published phone: 077-5-140089 ,https://ngosec.gov.lk/about/registered-inactive-ngos,
phone,pass,Published phone: 011-7-399092 ,https://ngosec.gov.lk/about/registered-inactive-ngos,
phone,pass,Published phone: 011-2-554531 ,https://ngosec.gov.lk/about/registered-inactive-ngos,
phone,pass,Published phone: 033-22-83375,https://ngosec.gov.lk/about/registered-inactive-ngos,
phone,pass,Published phone: 037-4-692132 ,https://ngosec.gov.lk/about/registered-inactive-ngos,
phone,pass,Published phone: 011-2-930831 ,https://ngosec.gov.lk/about/registered-inactive-ngos,
phone,pass,Published phone: 011-2-714274,https://ngosec.gov.lk/about/registered-inactive-ngos,
phone,pass,Published phone: 011-4-837931,https://ngosec.gov.lk/about/registered-inactive-ngos,
phone,pass,Published phone: 033-5-622490,https://ngosec.gov.lk/about/registered-inactive-ngos,
phone,pass,Published phone: 011-2-633337 ,https://ngosec.gov.lk/about/registered-inactive-ngos,
phone,pass,Published phone: 011-2-871418,https://ngosec.gov.lk/about/registered-inactive-ngos,
phone,pass,Published phone: 07. 011-4-5121,https://ngosec.gov.lk/about/registered-inactive-ngos,
phone,pass,Published phone: 06 011-2-3605,https://ngosec.gov.lk/about/registered-inactive-ngos,
phone,pass,Published phone: 077-8035006,https://ngosec.gov.lk/about/registered-inactive-ngos,
phone,pass,Published phone: 047-4-378676,https://ngosec.gov.lk/about/registered-inactive-ngos,
phone,pass,Published phone: 011-2-239291,https://ngosec.gov.lk/about/registered-inactive-ngos,
phone,pass,Published phone: 011-2-505372 ,https://ngosec.gov.lk/about/registered-inactive-ngos,
phone,pass,Published phone: 011-2-685501 ,https://ngosec.gov.lk/about/registered-inactive-ngos,
phone,pass,Published phone: 08 011-2-6872,https://ngosec.gov.lk/about/registered-inactive-ngos,
phone,pass,Published phone: 011-5-345846 ,https://ngosec.gov.lk/about/registered-inactive-ngos,
phone,pass,Published phone: 0718303030 ,https://ngosec.gov.lk/about/registered-inactive-ngos,
phone,pass,Published phone: 0712-738897,https://ngosec.gov.lk/about/registered-inactive-ngos,
phone,pass,Published phone: 077-9-235423,https://ngosec.gov.lk/about/registered-inactive-ngos,
phone,pass,Published phone: 081-4-223378 ,https://ngosec.gov.lk/about/registered-inactive-ngos,
phone,pass,Published phone: 07 011-2-5842,https://ngosec.gov.lk/about/registered-inactive-ngos,
phone,pass,Published phone: 047-4-378675 ,https://ngosec.gov.lk/about/registered-inactive-ngos,
phone,pass,Published phone: 011-2-488341,https://ngosec.gov.lk/about/registered-inactive-ngos,
phone,pass,Published phone: 03 0777-8801,https://ngosec.gov.lk/about/registered-inactive-ngos,
phone,pass,Published phone: 04 011-2-5054,https://ngosec.gov.lk/about/registered-inactive-ngos,
phone,pass,Published phone: 077-7-033576 ,https://ngosec.gov.lk/about/registered-inactive-ngos,
phone,pass,Published phone: 011-2-595168,https://ngosec.gov.lk/about/registered-inactive-ngos,
phone,pass,Published phone: 060-21-64382,https://ngosec.gov.lk/about/registered-inactive-ngos,
phone,pass,Published phone: 011-2-810964 ,https://ngosec.gov.lk/about/registered-inactive-ngos,
phone,pass,Published phone: 011-2-614042,https://ngosec.gov.lk/about/registered-inactive-ngos,
phone,pass,Published phone: 081-3-801948 ,https://ngosec.gov.lk/about/registered-inactive-ngos,
phone,pass,Published phone: 078-6-247242 ,https://ngosec.gov.lk/about/registered-inactive-ngos,
phone,pass,Published phone: 072-2-280558,https://ngosec.gov.lk/about/registered-inactive-ngos,
phone,pass,Published phone: 081-4-470649 ,https://ngosec.gov.lk/about/registered-inactive-ngos,
phone,pass,Published phone: 034-2-233250 ,https://ngosec.gov.lk/about/registered-inactive-ngos,
phone,pass,Published phone: 011-2-727777,https://ngosec.gov.lk/about/registered-inactive-ngos,
phone,pass,Published phone: 071-2-786416 ,https://ngosec.gov.lk/about/registered-inactive-ngos,
phone,pass,Published phone: 071-0-119373 ,https://ngosec.gov.lk/about/registered-inactive-ngos,
phone,pass,Published phone: 011-5-347378 ,https://ngosec.gov.lk/about/registered-inactive-ngos,
phone,pass,Published phone: 011-2-681601,https://ngosec.gov.lk/about/registered-inactive-ngos,
phone,pass,Published phone: 011-2-637799,https://ngosec.gov.lk/about/registered-inactive-ngos,
phone,pass,Published phone: 081-4-170566 ,https://ngosec.gov.lk/about/registered-inactive-ngos,
phone,pass,Published phone: 011-2-320304 ,https://ngosec.gov.lk/about/registered-inactive-ngos,
phone,pass,Published phone: 011-5-332937 ,https://ngosec.gov.lk/about/registered-inactive-ngos,
phone,pass,Published phone: 0716899760 ,https://ngosec.gov.lk/about/registered-inactive-ngos,
phone,pass,Published phone: 066-22-44529 ,https://ngosec.gov.lk/about/registered-inactive-ngos,
phone,pass,Published phone: 033-5-674312 ,https://ngosec.gov.lk/about/registered-inactive-ngos,
phone,pass,Published phone: 03 011-2-5749,https://ngosec.gov.lk/about/registered-inactive-ngos,
phone,pass,Published phone: 0777-494242 ,https://ngosec.gov.lk/about/registered-inactive-ngos,
phone,pass,Published phone: 091-22-42271 ,https://ngosec.gov.lk/about/registered-inactive-ngos,
phone,pass,Published phone: 032-5-672876 ,https://ngosec.gov.lk/about/registered-inactive-ngos,
phone,pass,Published phone: 011-2-725190 ,https://ngosec.gov.lk/about/registered-inactive-ngos,
phone,pass,Published phone: 05 011-2-5128,https://ngosec.gov.lk/about/registered-inactive-ngos,
phone,pass,Published phone: 011-4-832196,https://ngosec.gov.lk/about/registered-inactive-ngos,
phone,pass,Published phone: 077-9-581911 ,https://ngosec.gov.lk/about/registered-inactive-ngos,
phone,pass,Published phone: 033-22-31873,https://ngosec.gov.lk/about/registered-inactive-ngos,
phone,pass,Published phone: 036-22-30613 ,https://ngosec.gov.lk/about/registered-inactive-ngos,
phone,pass,Published phone: 011-2-837930 ,https://ngosec.gov.lk/about/registered-inactive-ngos,
phone,pass,Published phone: 075-7-475055 ,https://ngosec.gov.lk/about/registered-inactive-ngos,
phone,pass,Published phone: 03. 01176328,https://ngosec.gov.lk/about/registered-inactive-ngos,
phone,pass,Published phone: 0. 0714-23875,https://ngosec.gov.lk/about/registered-inactive-ngos,
phone,pass,Published phone: 011-4-302827 ,https://ngosec.gov.lk/about/registered-inactive-ngos,
phone,pass,Published phone: 02 011-2-4484,https://ngosec.gov.lk/about/registered-inactive-ngos,
phone,pass,Published phone: 081-2-467299 ,https://ngosec.gov.lk/about/registered-inactive-ngos,
phone,pass,Published phone: 071-2-788835,https://ngosec.gov.lk/about/registered-inactive-ngos,
phone,pass,Published phone: 034-7-200981,https://ngosec.gov.lk/about/registered-inactive-ngos,
phone,pass,Published phone: 0117-392322 ,https://ngosec.gov.lk/about/registered-inactive-ngos,
phone,pass,Published phone: 071-2-297799,https://ngosec.gov.lk/about/registered-inactive-ngos,
phone,pass,Published phone: 0779-047324 ,https://ngosec.gov.lk/about/registered-inactive-ngos,
phone,pass,Published phone: 081-2-467360 ,https://ngosec.gov.lk/about/registered-inactive-ngos,
phone,pass,Published phone: 011-2-399834 ,https://ngosec.gov.lk/about/registered-inactive-ngos,
phone,pass,Published phone: 035-22-66903,https://ngosec.gov.lk/about/registered-inactive-ngos,
phone,pass,Published phone: 011-3-175889 ,https://ngosec.gov.lk/about/registered-inactive-ngos,
phone,pass,Published phone: 041-22-92089,https://ngosec.gov.lk/about/registered-inactive-ngos,
phone,pass,Published phone: 055-22-23667 ,https://ngosec.gov.lk/about/registered-inactive-ngos,
phone,pass,Published phone: 0. 011-2-67100,https://ngosec.gov.lk/about/registered-inactive-ngos,
phone,pass,Published phone: 011-2-505834,https://ngosec.gov.lk/about/registered-inactive-ngos,
phone,pass,Published phone: 0785-220947 ,https://ngosec.gov.lk/about/registered-inactive-ngos,
phone,pass,Published phone: 011-2-868637 ,https://ngosec.gov.lk/about/registered-inactive-ngos,
phone,pass,Published phone: 011-4-306376 ,https://ngosec.gov.lk/about/registered-inactive-ngos,
phone,pass,Published phone: 011-2-449594 ,https://ngosec.gov.lk/about/registered-inactive-ngos,
phone,pass,Published phone: 0777-327022 ,https://ngosec.gov.lk/about/registered-inactive-ngos,
phone,pass,Published phone: 0779128208,https://ngosec.gov.lk/about/registered-inactive-ngos,
phone,pass,Published phone: 05 011-5-3456,https://ngosec.gov.lk/about/registered-inactive-ngos,
phone,pass,Published phone: 055-22-76084 ,https://ngosec.gov.lk/about/registered-inactive-ngos,
phone,pass,Published phone: 071-0656500,https://ngosec.gov.lk/about/registered-inactive-ngos,
phone,pass,Published phone: 011-2-738275,https://ngosec.gov.lk/about/registered-inactive-ngos,
phone,pass,Published phone: 081-2-226728 ,https://ngosec.gov.lk/about/registered-inactive-ngos,
phone,pass,Published phone: 081-2-492221 ,https://ngosec.gov.lk/about/registered-inactive-ngos,
phone,pass,Published phone: 0715-677055,https://ngosec.gov.lk/about/registered-inactive-ngos,
phone,pass,Published phone: 011-2-869115 ,https://ngosec.gov.lk/about/registered-inactive-ngos,
phone,pass,Published phone: 05 060-21-695,https://ngosec.gov.lk/about/registered-inactive-ngos,
phone,pass,Published phone: 011-2-424585 ,https://ngosec.gov.lk/about/registered-inactive-ngos,
phone,pass,Published phone: 032-22-47646 ,https://ngosec.gov.lk/about/registered-inactive-ngos,
phone,pass,Published phone: 034-22-40002 ,https://ngosec.gov.lk/about/registered-inactive-ngos,
phone,pass,Published phone: 011-2-812022 ,https://ngosec.gov.lk/about/registered-inactive-ngos,
phone,pass,Published phone: 081-2-350557 ,https://ngosec.gov.lk/about/registered-inactive-ngos,
phone,pass,Published phone: 0777-608593 ,https://ngosec.gov.lk/about/registered-inactive-ngos,
phone,pass,Published phone: 038-22-90763,https://ngosec.gov.lk/about/registered-inactive-ngos,
phone,pass,Published phone: 041-22-24665 ,https://ngosec.gov.lk/about/registered-inactive-ngos,
phone,pass,Published phone: 033-22-31253 ,https://ngosec.gov.lk/about/registered-inactive-ngos,
phone,pass,Published phone: 071-9-000999,https://ngosec.gov.lk/about/registered-inactive-ngos,
phone,pass,Published phone: 011-2-869490,https://ngosec.gov.lk/about/registered-inactive-ngos,
phone,pass,Published phone: 08 011-2-6693,https://ngosec.gov.lk/about/registered-inactive-ngos,
phone,pass,Published phone: 077-1-775875,https://ngosec.gov.lk/about/registered-inactive-ngos,
phone,pass,Published phone: 0776047803,https://ngosec.gov.lk/about/registered-inactive-ngos,
phone,pass,Published phone: 011-2-504219 ,https://ngosec.gov.lk/about/registered-inactive-ngos,
phone,pass,Published phone: 0777-879094,https://ngosec.gov.lk/about/registered-inactive-ngos,
phone,pass,Published phone: 011-4-204221 ,https://ngosec.gov.lk/about/registered-inactive-ngos,
phone,pass,Published phone: 034-22-29886,https://ngosec.gov.lk/about/registered-inactive-ngos,
phone,pass,Published phone: 041-22-22480,https://ngosec.gov.lk/about/registered-inactive-ngos,
phone,pass,Published phone: 07 011-2-6793,https://ngosec.gov.lk/about/registered-inactive-ngos,
phone,pass,Published phone: 077-6-390370 ,https://ngosec.gov.lk/about/registered-inactive-ngos,
phone,pass,Published phone: 026-22-27700 ,https://ngosec.gov.lk/about/registered-inactive-ngos,
phone,pass,Published phone: 011-2-519543 ,https://ngosec.gov.lk/about/registered-inactive-ngos,
phone,pass,Published phone: 011-2-911705 ,https://ngosec.gov.lk/about/registered-inactive-ngos,
phone,pass,Published phone: 0. 011-2-69920,https://ngosec.gov.lk/about/registered-inactive-ngos,
phone,pass,Published phone: 072-2-619038 ,https://ngosec.gov.lk/about/registered-inactive-ngos,
phone,pass,Published phone: 011-2-842050,https://ngosec.gov.lk/about/registered-inactive-ngos,
phone,pass,Published phone: 031-22-46104 ,https://ngosec.gov.lk/about/registered-inactive-ngos,
phone,pass,Published phone: 033-22-62555 ,https://ngosec.gov.lk/about/registered-inactive-ngos,
phone,pass,Published phone: 03. 011-2-5885,https://ngosec.gov.lk/about/registered-inactive-ngos,
phone,pass,Published phone: 027-22-47663,https://ngosec.gov.lk/about/registered-inactive-ngos,
phone,pass,Published phone: 0777-414669 ,https://ngosec.gov.lk/about/registered-inactive-ngos,
phone,pass,Published phone: 011-5-654216,https://ngosec.gov.lk/about/registered-inactive-ngos,
phone,pass,Published phone: 077-3-400732 ,https://ngosec.gov.lk/about/registered-inactive-ngos,
phone,pass,Published phone: 011-4-382034 ,https://ngosec.gov.lk/about/registered-inactive-ngos,
phone,pass,Published phone: 037-4-128687 ,https://ngosec.gov.lk/about/registered-inactive-ngos,
phone,pass,Published phone: 011-2-591925 ,https://ngosec.gov.lk/about/registered-inactive-ngos,
phone,pass,Published phone: 011-4-405822 ,https://ngosec.gov.lk/about/registered-inactive-ngos,
phone,pass,Published phone: 021-22-25219 ,https://ngosec.gov.lk/about/registered-inactive-ngos,
phone,pass,Published phone: 072-2-675423,https://ngosec.gov.lk/about/registered-inactive-ngos,
phone,pass,Published phone: 077-6-915832,https://ngosec.gov.lk/about/registered-inactive-ngos,
phone,pass,Published phone: 091-4-385035,https://ngosec.gov.lk/about/registered-inactive-ngos,
phone,pass,Published phone: 0777-507407 ,https://ngosec.gov.lk/about/registered-inactive-ngos,
phone,pass,Published phone: 011-4-308877,https://ngosec.gov.lk/about/registered-inactive-ngos,
phone,pass,Published phone: 071-8827204,https://ngosec.gov.lk/about/registered-inactive-ngos,
phone,pass,Published phone: 011-2-866300 ,https://ngosec.gov.lk/about/registered-inactive-ngos,
phone,pass,Published phone: 011-2-739671,https://ngosec.gov.lk/about/registered-inactive-ngos,
phone,pass,Published phone: 011-2-785778 ,https://ngosec.gov.lk/about/registered-inactive-ngos,
phone,pass,Published phone: 07 011-2-6971,https://ngosec.gov.lk/about/registered-inactive-ngos,
phone,pass,Published phone: 05 011-2-5882,https://ngosec.gov.lk/about/registered-inactive-ngos,
phone,pass,Published phone: 071-9-379248 ,https://ngosec.gov.lk/about/registered-inactive-ngos,
phone,pass,Published phone: 011-4-602360 ,https://ngosec.gov.lk/about/registered-inactive-ngos,
phone,pass,Published phone: 011-2-877472 ,https://ngosec.gov.lk/about/registered-inactive-ngos,
phone,pass,Published phone: 072-2-843347,https://ngosec.gov.lk/about/registered-inactive-ngos,
phone,pass,Published phone: 091-22-56050 ,https://ngosec.gov.lk/about/registered-inactive-ngos,
phone,pass,Published phone: 033-22-75868,https://ngosec.gov.lk/about/registered-inactive-ngos,
phone,pass,Published phone: 011-2-574901 ,https://ngosec.gov.lk/about/registered-inactive-ngos,
phone,pass,Published phone: 011-2-342801,https://ngosec.gov.lk/about/registered-inactive-ngos,
phone,pass,Published phone: 011-2-745611 ,https://ngosec.gov.lk/about/registered-inactive-ngos,
phone,pass,Published phone: 033-22-22250 ,https://ngosec.gov.lk/about/registered-inactive-ngos,
phone,pass,Published phone: 081-2-232343 ,https://ngosec.gov.lk/about/registered-inactive-ngos,
phone,pass,Published phone: 011-4-203648 ,https://ngosec.gov.lk/about/registered-inactive-ngos,
phone,pass,Published phone: 011-2- 636965 ,https://ngosec.gov.lk/about/registered-inactive-ngos,
phone,pass,Published phone: 0767046970) ,https://ngosec.gov.lk/about/registered-inactive-ngos,
phone,pass,Published phone: 011-4-541169 ,https://ngosec.gov.lk/about/registered-inactive-ngos,
phone,pass,Published phone: 011-2-888425,https://ngosec.gov.lk/about/registered-inactive-ngos,
phone,pass,Published phone: 011-2-614444 ,https://ngosec.gov.lk/about/registered-inactive-ngos,
phone,pass,Published phone: 05 011-2-3685,https://ngosec.gov.lk/about/registered-inactive-ngos,
phone,pass,Published phone: 011-2-810864 ,https://ngosec.gov.lk/about/registered-inactive-ngos,
phone,pass,Published phone: 011-2-748672,https://ngosec.gov.lk/about/registered-inactive-ngos,
phone,pass,Published phone: 011-7-208068,https://ngosec.gov.lk/about/registered-inactive-ngos,
phone,pass,Published phone: 077-6-261669 ,https://ngosec.gov.lk/about/registered-inactive-ngos,
phone,pass,Published phone: 0778-191331 ,https://ngosec.gov.lk/about/registered-inactive-ngos,
phone,pass,Published phone: 011-2-344720 ,https://ngosec.gov.lk/about/registered-inactive-ngos,
phone,pass,Published phone: 067-22-24372 ,https://ngosec.gov.lk/about/registered-inactive-ngos,
phone,pass,Published phone: 011-5-347378,https://ngosec.gov.lk/about/registered-inactive-ngos,
phone,pass,Published phone: 011-2-087502 ,https://ngosec.gov.lk/about/registered-inactive-ngos,
phone,pass,Published phone: 063-22-22066 ,https://ngosec.gov.lk/about/registered-inactive-ngos,
phone,pass,Published phone: 071-6-132590 ,https://ngosec.gov.lk/about/registered-inactive-ngos,
phone,pass,Published phone: 011-2-810638,https://ngosec.gov.lk/about/registered-inactive-ngos,
phone,pass,Published phone: 011-2-851742 ,https://ngosec.gov.lk/about/registered-inactive-ngos,
phone,pass,Published phone: 031-5-671688 ,https://ngosec.gov.lk/about/registered-inactive-ngos,
phone,pass,Published phone: 011-4-367641,https://ngosec.gov.lk/about/registered-inactive-ngos,
phone,pass,Published phone: 025-22-69996,https://ngosec.gov.lk/about/registered-inactive-ngos,
phone,pass,Published phone: 011-2-722028 ,https://ngosec.gov.lk/about/registered-inactive-ngos,
phone,pass,Published phone: 011-2- 597567,https://ngosec.gov.lk/about/registered-inactive-ngos,
phone,pass,Published phone: 011-4-944634 ,https://ngosec.gov.lk/about/registered-inactive-ngos,
phone,pass,Published phone: 091-22-57931,https://ngosec.gov.lk/about/registered-inactive-ngos,
phone,pass,Published phone: 023-22-33055 ,https://ngosec.gov.lk/about/registered-inactive-ngos,
phone,pass,Published phone: 072-2-688749,https://ngosec.gov.lk/about/registered-inactive-ngos,
phone,pass,Published phone: 057-22-45033 ,https://ngosec.gov.lk/about/registered-inactive-ngos,
phone,pass,Published phone: 0778-597561,https://ngosec.gov.lk/about/registered-inactive-ngos,
phone,pass,Published phone: 026-22-21845,https://ngosec.gov.lk/about/registered-inactive-ngos,
phone,pass,Published phone: 033-22-36936 ,https://ngosec.gov.lk/about/registered-inactive-ngos,
phone,pass,Published phone: 077-2-748055 ,https://ngosec.gov.lk/about/registered-inactive-ngos,
phone,pass,Published phone: 033-22-63242,https://ngosec.gov.lk/about/registered-inactive-ngos,
phone,pass,Published phone: 08. 011-2-6890,https://ngosec.gov.lk/about/registered-inactive-ngos,
phone,pass,Published phone: 05. 072-2-2452,https://ngosec.gov.lk/about/registered-inactive-ngos,
phone,pass,Published phone: 0774104572,https://ngosec.gov.lk/about/registered-inactive-ngos,
phone,pass,Published phone: 071-2-724877 ,https://ngosec.gov.lk/about/registered-inactive-ngos,
phone,pass,Published phone: 077-7-288713,https://ngosec.gov.lk/about/registered-inactive-ngos,
phone,pass,Published phone: 077-3186065 ,https://ngosec.gov.lk/about/registered-inactive-ngos,
phone,pass,Published phone: 035-22-22422 ,https://ngosec.gov.lk/about/registered-inactive-ngos,
phone,pass,Published phone: 011-2-850511 ,https://ngosec.gov.lk/about/registered-inactive-ngos,
phone,pass,Published phone: 011-2-574453 ,https://ngosec.gov.lk/about/registered-inactive-ngos,
phone,pass,Published phone: 0777-515555,https://ngosec.gov.lk/about/registered-inactive-ngos,
phone,pass,Published phone: 011-5-662622,https://ngosec.gov.lk/about/registered-inactive-ngos,
phone,pass,Published phone: 011-4-518851 ,https://ngosec.gov.lk/about/registered-inactive-ngos,
phone,pass,Published phone: 011-2-733572 ,https://ngosec.gov.lk/about/registered-inactive-ngos,
phone,pass,Published phone: 011-2076160 ,https://ngosec.gov.lk/about/registered-inactive-ngos,
phone,pass,Published phone: 081-4-473468,https://ngosec.gov.lk/about/registered-inactive-ngos,
phone,pass,Published phone: 0777-324326 ,https://ngosec.gov.lk/about/registered-inactive-ngos,
phone,pass,Published phone: 011-2-507010,https://ngosec.gov.lk/about/registered-inactive-ngos,
phone,pass,Published phone: 088288 1241 ,https://ngosec.gov.lk/about/registered-inactive-ngos,
phone,pass,Published phone: 011-2-592945,https://ngosec.gov.lk/about/registered-inactive-ngos,
phone,pass,Published phone: 077-6-309710,https://ngosec.gov.lk/about/registered-inactive-ngos,
phone,pass,Published phone: 072-3-854191 ,https://ngosec.gov.lk/about/registered-inactive-ngos,
phone,pass,Published phone: 071-2-049280,https://ngosec.gov.lk/about/registered-inactive-ngos,
phone,pass,Published phone: 07 011-2-3753,https://ngosec.gov.lk/about/registered-inactive-ngos,
phone,pass,Published phone: 011-2-584044 ,https://ngosec.gov.lk/about/registered-inactive-ngos,
phone,pass,Published phone: 011-2-739684 ,https://ngosec.gov.lk/about/registered-inactive-ngos,
phone,pass,Published phone: 071-2-365778 ,https://ngosec.gov.lk/about/registered-inactive-ngos,
phone,pass,Published phone: 060-2903694 ,https://ngosec.gov.lk/about/registered-inactive-ngos,
phone,pass,Published phone: 038-22-98386,https://ngosec.gov.lk/about/registered-inactive-ngos,
phone,pass,Published phone: 076-8-430461,https://ngosec.gov.lk/about/registered-inactive-ngos,
phone,pass,Published phone: 077-9970414 ,https://ngosec.gov.lk/about/registered-inactive-ngos,
phone,pass,Published phone: 027-22-46730 ,https://ngosec.gov.lk/about/registered-inactive-ngos,
phone,pass,Published phone: 038-22-34369 ,https://ngosec.gov.lk/about/registered-inactive-ngos,
phone,pass,Published phone: 011-2-646361 ,https://ngosec.gov.lk/about/registered-inactive-ngos,
phone,pass,Published phone: +94) 112884612 ,https://ngosec.gov.lk/about/registered-inactive-ngos,
phone,pass,Published phone: 071-8-439037 ,https://ngosec.gov.lk/about/registered-inactive-ngos,
phone,pass,Published phone: 0714419131 ,https://ngosec.gov.lk/about/registered-inactive-ngos,
phone,pass,Published phone: 011-2-290697 ,https://ngosec.gov.lk/about/registered-inactive-ngos,
phone,pass,Published phone: 026-22-38012 ,https://ngosec.gov.lk/about/registered-inactive-ngos,
phone,pass,Published phone: 011-2-303435 ,https://ngosec.gov.lk/about/registered-inactive-ngos,
phone,pass,Published phone: 011-2-853058 ,https://ngosec.gov.lk/about/registered-inactive-ngos,
phone,pass,Published phone: 055-22-94304 ,https://ngosec.gov.lk/about/registered-inactive-ngos,
phone,pass,Published phone: 021-22-22416 ,https://ngosec.gov.lk/about/registered-inactive-ngos,
phone,pass,Published phone: 071-6-860523 ,https://ngosec.gov.lk/about/registered-inactive-ngos,
phone,pass,Published phone: 011-4-888323,https://ngosec.gov.lk/about/registered-inactive-ngos,
phone,pass,Published phone: 077-9-685111 ,https://ngosec.gov.lk/about/registered-inactive-ngos,
phone,pass,Published phone: 011-2-605210,https://ngosec.gov.lk/about/registered-inactive-ngos,
phone,pass,Published phone: 032-22-47200 ,https://ngosec.gov.lk/about/registered-inactive-ngos,
phone,pass,Published phone: 0777-652001 ,https://ngosec.gov.lk/about/registered-inactive-ngos,
phone,pass,Published phone: 055-22-77098,https://ngosec.gov.lk/about/registered-inactive-ngos,
phone,pass,Published phone: 033-22-55854,https://ngosec.gov.lk/about/registered-inactive-ngos,
phone,pass,Published phone: 011-2-911717,https://ngosec.gov.lk/about/registered-inactive-ngos,
phone,pass,Published phone: 045-5-285302,https://ngosec.gov.lk/about/registered-inactive-ngos,
phone,pass,Published phone: 072-2-664838 ,https://ngosec.gov.lk/about/registered-inactive-ngos,
phone,pass,Published phone: 011-2-683016 ,https://ngosec.gov.lk/about/registered-inactive-ngos,
phone,pass,Published phone: 077-9-994311 ,https://ngosec.gov.lk/about/registered-inactive-ngos,
phone,pass,Published phone: 077-7254245 ,https://ngosec.gov.lk/about/registered-inactive-ngos,
phone,pass,Published phone: 071-2-640065 ,https://ngosec.gov.lk/about/registered-inactive-ngos,
phone,pass,Published phone: 091-4-921802 ,https://ngosec.gov.lk/about/registered-inactive-ngos,
phone,pass,Published phone: 011-2-814925,https://ngosec.gov.lk/about/registered-inactive-ngos,
phone,pass,Published phone: 067-22-60001 ,https://ngosec.gov.lk/about/registered-inactive-ngos,
phone,pass,Published phone: 071-8039952 ,https://ngosec.gov.lk/about/registered-inactive-ngos,
phone,pass,Published phone: 0777-476595 ,https://ngosec.gov.lk/about/registered-inactive-ngos,
phone,pass,Published phone: 011-4-972687,https://ngosec.gov.lk/about/registered-inactive-ngos,
phone,pass,Published phone: 011-2-839538,https://ngosec.gov.lk/about/registered-inactive-ngos,
phone,pass,Published phone: 037-22-91103 ,https://ngosec.gov.lk/about/registered-inactive-ngos,
phone,pass,Published phone: 071-4533744 ,https://ngosec.gov.lk/about/registered-inactive-ngos,
phone,pass,Published phone: 011-4-727010,https://ngosec.gov.lk/about/registered-inactive-ngos,
phone,pass,Published phone: 011-2-922357,https://ngosec.gov.lk/about/registered-inactive-ngos,
phone,pass,Published phone: 011-2-682055,https://ngosec.gov.lk/about/registered-inactive-ngos,
phone,pass,Published phone: 052-22-22509,https://ngosec.gov.lk/about/registered-inactive-ngos,
phone,pass,Published phone: 081-2-300485,https://ngosec.gov.lk/about/registered-inactive-ngos,
phone,pass,Published phone: 011-2-324900,https://ngosec.gov.lk/about/registered-inactive-ngos,
phone,pass,Published phone: 07 011-2-6833,https://ngosec.gov.lk/about/registered-inactive-ngos,
phone,pass,Published phone: 071-4-181270,https://ngosec.gov.lk/about/registered-inactive-ngos,
phone,pass,Published phone: 011-2-696133 ,https://ngosec.gov.lk/about/registered-inactive-ngos,
phone,pass,Published phone: 041-22-23054 ,https://ngosec.gov.lk/about/registered-inactive-ngos,
phone,pass,Published phone: 011-4-892369 ,https://ngosec.gov.lk/about/registered-inactive-ngos,
phone,pass,Published phone: 077-2-664480,https://ngosec.gov.lk/about/registered-inactive-ngos,
phone,pass,Published phone: 072-2-892968 ,https://ngosec.gov.lk/about/registered-inactive-ngos,
phone,pass,Published phone: 07. 071-2-7406,https://ngosec.gov.lk/about/registered-inactive-ngos,
phone,pass,Published phone: 011-2-842262,https://ngosec.gov.lk/about/registered-inactive-ngos,
phone,pass,Published phone: 072-4191867 ,https://ngosec.gov.lk/about/registered-inactive-ngos,
phone,pass,Published phone: 065-22-46677 ,https://ngosec.gov.lk/about/registered-inactive-ngos,
phone,pass,Published phone: 011-2-734373 ,https://ngosec.gov.lk/about/registered-inactive-ngos,
phone,pass,Published phone: 0777-473419 ,https://ngosec.gov.lk/about/registered-inactive-ngos,
phone,pass,Published phone: 011-2-508756,https://ngosec.gov.lk/about/registered-inactive-ngos,
phone,pass,Published phone: 011-5-238423 ,https://ngosec.gov.lk/about/registered-inactive-ngos,
phone,pass,Published phone: 041-22-51576 ,https://ngosec.gov.lk/about/registered-inactive-ngos,
phone,pass,Published phone: 011-2-834680 ,https://ngosec.gov.lk/about/registered-inactive-ngos,
phone,pass,Published phone: 011-2-815287 ,https://ngosec.gov.lk/about/registered-inactive-ngos,
phone,pass,Published phone: 051-22-22332,https://ngosec.gov.lk/about/registered-inactive-ngos,
phone,pass,Published phone: 011-5-340026 ,https://ngosec.gov.lk/about/registered-inactive-ngos,
phone,pass,Published phone: 011-2-956446 ,https://ngosec.gov.lk/about/registered-inactive-ngos,
phone,pass,Published phone: 09 011-2-6736,https://ngosec.gov.lk/about/registered-inactive-ngos,
phone,pass,Published phone: 034-22-46425 ,https://ngosec.gov.lk/about/registered-inactive-ngos,
phone,pass,Published phone: 08 067-22-784,https://ngosec.gov.lk/about/registered-inactive-ngos,
phone,pass,Published phone: 066-22-30289,https://ngosec.gov.lk/about/registered-inactive-ngos,
phone,pass,Published phone: 011-2-814921-,https://ngosec.gov.lk/about/registered-inactive-ngos,
phone,pass,Published phone: 011-2-736797 ,https://ngosec.gov.lk/about/registered-inactive-ngos,
phone,pass,Published phone: 077-5257096,https://ngosec.gov.lk/about/registered-inactive-ngos,
phone,pass,Published phone: 065-5-673667 ,https://ngosec.gov.lk/about/registered-inactive-ngos,
phone,pass,Published phone: 011-2-956293,https://ngosec.gov.lk/about/registered-inactive-ngos,
phone,pass,Published phone: 077-7-879646 ,https://ngosec.gov.lk/about/registered-inactive-ngos,
phone,pass,Published phone: 0777-134040 ,https://ngosec.gov.lk/about/registered-inactive-ngos,
phone,pass,Published phone: 011-2-896592,https://ngosec.gov.lk/about/registered-inactive-ngos,
phone,pass,Published phone: 077-1-302885 ,https://ngosec.gov.lk/about/registered-inactive-ngos,
phone,pass,Published phone: 037-22-44602 ,https://ngosec.gov.lk/about/registered-inactive-ngos,
phone,pass,Published phone: 01 011-2-3815,https://ngosec.gov.lk/about/registered-inactive-ngos,
phone,pass,Published phone: 077-5-609584 ,https://ngosec.gov.lk/about/registered-inactive-ngos,
phone,pass,Published phone: 011-2-869216 ,https://ngosec.gov.lk/about/registered-inactive-ngos,
phone,pass,Published phone: 0771-002498 ,https://ngosec.gov.lk/about/registered-inactive-ngos,
phone,pass,Published phone: 077-3408487 ,https://ngosec.gov.lk/about/registered-inactive-ngos,
phone,pass,Published phone: 063-222-4465 ,https://ngosec.gov.lk/about/registered-inactive-ngos,
phone,pass,Published phone: 011-2-561324,https://ngosec.gov.lk/about/registered-inactive-ngos,
phone,pass,Published phone: 011-2-735408 ,https://ngosec.gov.lk/about/registered-inactive-ngos,
phone,pass,Published phone: 011-2-682653 ,https://ngosec.gov.lk/about/registered-inactive-ngos,
phone,pass,Published phone: 072-4-179145 ,https://ngosec.gov.lk/about/registered-inactive-ngos,
phone,pass,Published phone: 07 011-2-5922,https://ngosec.gov.lk/about/registered-inactive-ngos,
phone,pass,Published phone: 05 011-2-5986,https://ngosec.gov.lk/about/registered-inactive-ngos,
phone,pass,Published phone: 034-5-080579 ,https://ngosec.gov.lk/about/registered-inactive-ngos,
phone,pass,Published phone: 021-22-90505 ,https://ngosec.gov.lk/about/registered-inactive-ngos,
phone,pass,Published phone: 011-2-897290 ,https://ngosec.gov.lk/about/registered-inactive-ngos,
phone,pass,Published phone: 033-22-87164 ,https://ngosec.gov.lk/about/registered-inactive-ngos,
phone,pass,Published phone: 011-2-716203 ,https://ngosec.gov.lk/about/registered-inactive-ngos,
phone,pass,Published phone: 011-2835499,https://ngosec.gov.lk/about/registered-inactive-ngos,
phone,pass,Published phone: 05 011-2-5101,https://ngosec.gov.lk/about/registered-inactive-ngos,
phone,pass,Published phone: 08. 071-9-5521,https://ngosec.gov.lk/about/registered-inactive-ngos,
phone,pass,Published phone: 011-2-864484 ,https://ngosec.gov.lk/about/registered-inactive-ngos,
phone,pass,Published phone: 034-22-29864 ,https://ngosec.gov.lk/about/registered-inactive-ngos,
phone,pass,Published phone: 011-2-863568,https://ngosec.gov.lk/about/registered-inactive-ngos,
phone,pass,Published phone: 011-2-647518 ,https://ngosec.gov.lk/about/registered-inactive-ngos,
phone,pass,Published phone: 011-2-866260,https://ngosec.gov.lk/about/registered-inactive-ngos,
phone,pass,Published phone: 047-22-40310 ,https://ngosec.gov.lk/about/registered-inactive-ngos,
phone,pass,Published phone: 08 011-2-6967,https://ngosec.gov.lk/about/registered-inactive-ngos,
phone,pass,Published phone: 011-2-931734 ,https://ngosec.gov.lk/about/registered-inactive-ngos,
phone,pass,Published phone: 066-22-22651 ,https://ngosec.gov.lk/about/registered-inactive-ngos,
phone,pass,Published phone: 041-34-44600,https://ngosec.gov.lk/about/registered-inactive-ngos,
phone,pass,Published phone: 011-2-796062,https://ngosec.gov.lk/about/registered-inactive-ngos,
phone,pass,Published phone: 03 077-9-0127,https://ngosec.gov.lk/about/registered-inactive-ngos,
phone,pass,Published phone: 077-6-959046 ,https://ngosec.gov.lk/about/registered-inactive-ngos,
phone,pass,Published phone: 038-22-34396 ,https://ngosec.gov.lk/about/registered-inactive-ngos,
phone,pass,Published phone: 036-22-32025 ,https://ngosec.gov.lk/about/registered-inactive-ngos,
phone,pass,Published phone: 033-22-82184 ,https://ngosec.gov.lk/about/registered-inactive-ngos,
phone,pass,Published phone: 077-3-586279 ,https://ngosec.gov.lk/about/registered-inactive-ngos,
phone,pass,Published phone: 077-6-891045 ,https://ngosec.gov.lk/about/registered-inactive-ngos,
phone,pass,Published phone: 0. 011-4-61771,https://ngosec.gov.lk/about/registered-inactive-ngos,
phone,pass,Published phone: 011-2-545362-,https://ngosec.gov.lk/about/registered-inactive-ngos,
phone,pass,Published phone: 0773-545211 ,https://ngosec.gov.lk/about/registered-inactive-ngos,
phone,pass,Published phone: 091-22-34528 ,https://ngosec.gov.lk/about/registered-inactive-ngos,
phone,pass,Published phone: 011-2-556175 ,https://ngosec.gov.lk/about/registered-inactive-ngos,
phone,pass,Published phone: 027-22-47212 ,https://ngosec.gov.lk/about/registered-inactive-ngos,
phone,pass,Published phone: 077-5-159968 ,https://ngosec.gov.lk/about/registered-inactive-ngos,
phone,pass,Published phone: 011-2-575248 ,https://ngosec.gov.lk/about/registered-inactive-ngos,
phone,pass,Published phone: 091-4-935347,https://ngosec.gov.lk/about/registered-inactive-ngos,
phone,pass,Published phone: 077-3-409787,https://ngosec.gov.lk/about/registered-inactive-ngos,
phone,pass,Published phone: 011-2-815174,https://ngosec.gov.lk/about/registered-inactive-ngos,
phone,pass,Published phone: 036-22-33272,https://ngosec.gov.lk/about/registered-inactive-ngos,
phone,pass,Published phone: 01 011-2-3933,https://ngosec.gov.lk/about/registered-inactive-ngos,
phone,pass,Published phone: 078-8-673595 ,https://ngosec.gov.lk/about/registered-inactive-ngos,
phone,pass,Published phone: 055-22-76249 ,https://ngosec.gov.lk/about/registered-inactive-ngos,
phone,pass,Published phone: 011-2-730145,https://ngosec.gov.lk/about/registered-inactive-ngos,
phone,pass,Published phone: 011-2-638897 ,https://ngosec.gov.lk/about/registered-inactive-ngos,
phone,pass,Published phone: 032-22-68537 ,https://ngosec.gov.lk/about/registered-inactive-ngos,
phone,pass,Published phone: 011-2-637557,https://ngosec.gov.lk/about/registered-inactive-ngos,
phone,pass,Published phone: 04 011-2-5046,https://ngosec.gov.lk/about/registered-inactive-ngos,
phone,pass,Published phone: 011-5-631462 ,https://ngosec.gov.lk/about/registered-inactive-ngos,
phone,pass,Published phone: 071-1-442726,https://ngosec.gov.lk/about/registered-inactive-ngos,
phone,pass,Published phone: 077-6028125,https://ngosec.gov.lk/about/registered-inactive-ngos,
phone,pass,Published phone: 024-4-920206 ,https://ngosec.gov.lk/about/registered-inactive-ngos,
phone,pass,Published phone: 025-22-35299 ,https://ngosec.gov.lk/about/registered-inactive-ngos,
phone,pass,Published phone: 011-2-864483 ,https://ngosec.gov.lk/about/registered-inactive-ngos,
phone,pass,Published phone: 011-2-505414 ,https://ngosec.gov.lk/about/registered-inactive-ngos,
phone,pass,Published phone: 05 011-5-5246,https://ngosec.gov.lk/about/registered-inactive-ngos,
phone,pass,Published phone: 011-4-303926,https://ngosec.gov.lk/about/registered-inactive-ngos,
phone,pass,Published phone: 011-2-529057,https://ngosec.gov.lk/about/registered-inactive-ngos,
phone,pass,Published phone: 04 011-2-5040,https://ngosec.gov.lk/about/registered-inactive-ngos,
phone,pass,Published phone: 072-2-864304,https://ngosec.gov.lk/about/registered-inactive-ngos,
phone,pass,Published phone: 025-3-242804,https://ngosec.gov.lk/about/registered-inactive-ngos,
phone,pass,Published phone: 011-2-876008 ,https://ngosec.gov.lk/about/registered-inactive-ngos,
phone,pass,Published phone: 011-2-701079 ,https://ngosec.gov.lk/about/registered-inactive-ngos,
phone,pass,Published phone: 011-2-559275 ,https://ngosec.gov.lk/about/registered-inactive-ngos,
phone,pass,Published phone: 011-2-653580,https://ngosec.gov.lk/about/registered-inactive-ngos,
phone,pass,Published phone: 081-2-224179 ,https://ngosec.gov.lk/about/registered-inactive-ngos,
phone,pass,Published phone: 011-2-588396,https://ngosec.gov.lk/about/registered-inactive-ngos,
phone,pass,Published phone: 071-6-010716 ,https://ngosec.gov.lk/about/registered-inactive-ngos,
phone,pass,Published phone: 011-2-869261,https://ngosec.gov.lk/about/registered-inactive-ngos,
phone,pass,Published phone: 011-2-582975 ,https://ngosec.gov.lk/about/registered-inactive-ngos,
phone,pass,Published phone: 091-22-41026,https://ngosec.gov.lk/about/registered-inactive-ngos,
phone,pass,Published phone: 011-4-513539 ,https://ngosec.gov.lk/about/registered-inactive-ngos,
phone,pass,Published phone: 0777-746987 ,https://ngosec.gov.lk/about/registered-inactive-ngos,
phone,pass,Published phone: 011-5-011-7-07,https://ngosec.gov.lk/about/registered-inactive-ngos,
phone,pass,Published phone: 077-3-113498 ,https://ngosec.gov.lk/about/registered-inactive-ngos,
phone,pass,Published phone: 077-7-413543,https://ngosec.gov.lk/about/registered-inactive-ngos,
phone,pass,Published phone: 011-2-858853 ,https://ngosec.gov.lk/about/registered-inactive-ngos,
phone,pass,Published phone: 011-4-400141 ,https://ngosec.gov.lk/about/registered-inactive-ngos,
phone,pass,Published phone: 011-2-861122 ,https://ngosec.gov.lk/about/registered-inactive-ngos,
phone,pass,Published phone: 081-2-387854 ,https://ngosec.gov.lk/about/registered-inactive-ngos,
phone,pass,Published phone: 0777-368338 ,https://ngosec.gov.lk/about/registered-inactive-ngos,
phone,pass,Published phone: 071-3-075870,https://ngosec.gov.lk/about/registered-inactive-ngos,
phone,pass,Published phone: 071-2-742917,https://ngosec.gov.lk/about/registered-inactive-ngos,
phone,pass,Published phone: 011-2-221206 ,https://ngosec.gov.lk/about/registered-inactive-ngos,
phone,pass,Published phone: 011-7506513 ,https://ngosec.gov.lk/about/registered-inactive-ngos,
phone,pass,Published phone: 011-2-688676 ,https://ngosec.gov.lk/about/registered-inactive-ngos,
phone,pass,Published phone: 08 011-2-6953,https://ngosec.gov.lk/about/registered-inactive-ngos,
phone,pass,Published phone: 081-2-467603,https://ngosec.gov.lk/about/registered-inactive-ngos,
phone,pass,Published phone: 032-22-49766 ,https://ngosec.gov.lk/about/registered-inactive-ngos,
phone,pass,Published phone: 011-2-523988,https://ngosec.gov.lk/about/registered-inactive-ngos,
phone,pass,Published phone: 077-1690559,https://ngosec.gov.lk/about/registered-inactive-ngos,
phone,pass,Published phone: 011-2-586928,https://ngosec.gov.lk/about/registered-inactive-ngos,
phone,pass,Published phone: 011-2-734540 ,https://ngosec.gov.lk/about/registered-inactive-ngos,
phone,pass,Published phone: 011-2-342993 ,https://ngosec.gov.lk/about/registered-inactive-ngos,
phone,pass,Published phone: 011-2-655203 ,https://ngosec.gov.lk/about/registered-inactive-ngos,
phone,pass,Published phone: 032-22-65667 ,https://ngosec.gov.lk/about/registered-inactive-ngos,
phone,pass,Published phone: 071-4-206472 ,https://ngosec.gov.lk/about/registered-inactive-ngos,
phone,pass,Published phone: 067-22-78948 ,https://ngosec.gov.lk/about/registered-inactive-ngos,
phone,pass,Published phone: 047-22-38010,https://ngosec.gov.lk/about/registered-inactive-ngos,
phone,pass,Published phone: 055-22-88344 ,https://ngosec.gov.lk/about/registered-inactive-ngos,
phone,pass,Published phone: 011-2569231,https://ngosec.gov.lk/about/registered-inactive-ngos,
phone,pass,Published phone: 011-2-873131,https://ngosec.gov.lk/about/registered-inactive-ngos,
phone,pass,Published phone: 041-22-27590,https://ngosec.gov.lk/about/registered-inactive-ngos,
phone,pass,Published phone: 04 011-2-6725,https://ngosec.gov.lk/about/registered-inactive-ngos,
phone,pass,Published phone: 011-4-430789,https://ngosec.gov.lk/about/registered-inactive-ngos,
phone,pass,Published phone: 033-22-20324 ,https://ngosec.gov.lk/about/registered-inactive-ngos,
phone,pass,Published phone: 04 011-25933,https://ngosec.gov.lk/about/registered-inactive-ngos,
phone,pass,Published phone: 011-2-325270 ,https://ngosec.gov.lk/about/registered-inactive-ngos,
phone,pass,Published phone: 041-22-45672,https://ngosec.gov.lk/about/registered-inactive-ngos,
phone,pass,Published phone: 011-2-624059,https://ngosec.gov.lk/about/registered-inactive-ngos,
phone,pass,Published phone: 011-2-622632,https://ngosec.gov.lk/about/registered-inactive-ngos,
phone,pass,Published phone: 011-2-413500,https://ngosec.gov.lk/about/registered-inactive-ngos,
phone,pass,Published phone: 011-2-695568 ,https://ngosec.gov.lk/about/registered-inactive-ngos,
phone,pass,Published phone: 071-2-320855 ,https://ngosec.gov.lk/about/registered-inactive-ngos,
phone,pass,Published phone: 077-9-968669 ,https://ngosec.gov.lk/about/registered-inactive-ngos,
phone,pass,Published phone: 072-2-617914 ,https://ngosec.gov.lk/about/registered-inactive-ngos,
phone,pass,Published phone: 0777-497230,https://ngosec.gov.lk/about/registered-inactive-ngos,
phone,pass,Published phone: 0714-275660 ,https://ngosec.gov.lk/about/registered-inactive-ngos,
phone,pass,Published phone: 011-2-671667 ,https://ngosec.gov.lk/about/registered-inactive-ngos,
phone,pass,Published phone: 011-2-545166 ,https://ngosec.gov.lk/about/registered-inactive-ngos,
phone,pass,Published phone: 067-22-77313,https://ngosec.gov.lk/about/registered-inactive-ngos,
phone,pass,Published phone: 011-2-689159 ,https://ngosec.gov.lk/about/registered-inactive-ngos,
phone,pass,Published phone: 011-2-597308,https://ngosec.gov.lk/about/registered-inactive-ngos,
phone,pass,Published phone: 027-22-50118 ,https://ngosec.gov.lk/about/registered-inactive-ngos,
phone,pass,Published phone: 011-2-673702 ,https://ngosec.gov.lk/about/registered-inactive-ngos,
phone,pass,Published phone: 034-22-98807,https://ngosec.gov.lk/about/registered-inactive-ngos,
phone,pass,Published phone: 060-2902304 ,https://ngosec.gov.lk/about/registered-inactive-ngos,
phone,pass,Published phone: 0716-823339,https://ngosec.gov.lk/about/registered-inactive-ngos,
phone,pass,Published phone: 05 011-2-5834,https://ngosec.gov.lk/about/registered-inactive-ngos,
phone,pass,Published phone: 071-4-421916 ,https://ngosec.gov.lk/about/registered-inactive-ngos,
phone,pass,Published phone: 011-2-694648 ,https://ngosec.gov.lk/about/registered-inactive-ngos,
phone,pass,Published phone: 037-22-75478 ,https://ngosec.gov.lk/about/registered-inactive-ngos,
phone,pass,Published phone: 07 011-2-6716,https://ngosec.gov.lk/about/registered-inactive-ngos,
phone,pass,Published phone: 077-3-014539 ,https://ngosec.gov.lk/about/registered-inactive-ngos,
phone,pass,Published phone: 055-22-22056,https://ngosec.gov.lk/about/registered-inactive-ngos,
phone,pass,Published phone: 077-9-197655 ,https://ngosec.gov.lk/about/registered-inactive-ngos,
phone,pass,Published phone: 060-24-16967 ,https://ngosec.gov.lk/about/registered-inactive-ngos,
phone,pass,Published phone: 071-2-213803 ,https://ngosec.gov.lk/about/registered-inactive-ngos,
phone,pass,Published phone: 0777-682448 ,https://ngosec.gov.lk/about/registered-inactive-ngos,
phone,pass,Published phone: 027-22-25678,https://ngosec.gov.lk/about/registered-inactive-ngos,
phone,pass,Published phone: 011-2-505415,https://ngosec.gov.lk/about/registered-inactive-ngos,
phone,pass,Published phone: 02 060-26-514,https://ngosec.gov.lk/about/registered-inactive-ngos,
phone,pass,Published phone: 011-2-413505 ,https://ngosec.gov.lk/about/registered-inactive-ngos,
phone,pass,Published phone: 035-22-22622 ,https://ngosec.gov.lk/about/registered-inactive-ngos,
phone,pass,Published phone: 071-8-020313,https://ngosec.gov.lk/about/registered-inactive-ngos,
phone,pass,Published phone: 081-2-225061,https://ngosec.gov.lk/about/registered-inactive-ngos,
phone,pass,Published phone: 0779-392646,https://ngosec.gov.lk/about/registered-inactive-ngos,
phone,pass,Published phone: 06. 011-2-5855,https://ngosec.gov.lk/about/registered-inactive-ngos,
phone,pass,Published phone: 071-8-374688 ,https://ngosec.gov.lk/about/registered-inactive-ngos,
phone,pass,Published phone: 011-2-843842,https://ngosec.gov.lk/about/registered-inactive-ngos,
phone,pass,Published phone: 072-4-336333 ,https://ngosec.gov.lk/about/registered-inactive-ngos,
phone,pass,Published phone: 0777-666734 ,https://ngosec.gov.lk/about/registered-inactive-ngos,
phone,pass,Published phone: 011-2-579013 ,https://ngosec.gov.lk/about/registered-inactive-ngos,
phone,pass,Published phone: 06 077-6-9484,https://ngosec.gov.lk/about/registered-inactive-ngos,
phone,pass,Published phone: 05 011-5-5146,https://ngosec.gov.lk/about/registered-inactive-ngos,
phone,pass,Published phone: 011-4-569166 ,https://ngosec.gov.lk/about/registered-inactive-ngos,
phone,pass,Published phone: 011-5-362559,https://ngosec.gov.lk/about/registered-inactive-ngos,
phone,pass,Published phone: 071-8-348082,https://ngosec.gov.lk/about/registered-inactive-ngos,
phone,pass,Published phone: 047-22-37856,https://ngosec.gov.lk/about/registered-inactive-ngos,
phone,pass,Published phone: 0114-572325,https://ngosec.gov.lk/about/registered-inactive-ngos,
phone,pass,Published phone: 011-2-615981 ,https://ngosec.gov.lk/about/registered-inactive-ngos,
phone,pass,Published phone: 077-3-013033 ,https://ngosec.gov.lk/about/registered-inactive-ngos,
phone,pass,Published phone: 0777-597105 ,https://ngosec.gov.lk/about/registered-inactive-ngos,
phone,pass,Published phone: 011-4-298104 ,https://ngosec.gov.lk/about/registered-inactive-ngos,
phone,pass,Published phone: 011-5-450404 ,https://ngosec.gov.lk/about/registered-inactive-ngos,
phone,pass,Published phone: 011-4-419200 ,https://ngosec.gov.lk/about/registered-inactive-ngos,
phone,pass,Published phone: 081-2-933682,https://ngosec.gov.lk/about/registered-inactive-ngos,
phone,pass,Published phone: 025-22-35140 ,https://ngosec.gov.lk/about/registered-inactive-ngos,
phone,pass,Published phone: 011-2-675598,https://ngosec.gov.lk/about/registered-inactive-ngos,
phone,pass,Published phone: 04 011-2-5071,https://ngosec.gov.lk/about/registered-inactive-ngos,
phone,pass,Published phone: 07 011-2-5559,https://ngosec.gov.lk/about/registered-inactive-ngos,
phone,pass,Published phone: 081-22-10510,https://ngosec.gov.lk/about/registered-inactive-ngos,
phone,pass,Published phone: 077-2-225209 ,https://ngosec.gov.lk/about/registered-inactive-ngos,
phone,pass,Published phone: 072-2-521888 ,https://ngosec.gov.lk/about/registered-inactive-ngos,
phone,pass,Published phone: 060-2-652600,https://ngosec.gov.lk/about/registered-inactive-ngos,
phone,pass,Published phone: 0714-052950 ,https://ngosec.gov.lk/about/registered-inactive-ngos,
phone,pass,Published phone: 081-2-420704 ,https://ngosec.gov.lk/about/registered-inactive-ngos,
phone,pass,Published phone: 021-4-925973 ,https://ngosec.gov.lk/about/registered-inactive-ngos,
phone,pass,Published phone: 05 011-2-8535,https://ngosec.gov.lk/about/registered-inactive-ngos,
phone,pass,Published phone: 0776-221444 ,https://ngosec.gov.lk/about/registered-inactive-ngos,
phone,pass,Published phone: 0722-228006,https://ngosec.gov.lk/about/registered-inactive-ngos,
phone,pass,Published phone: 081-2-592709 ,https://ngosec.gov.lk/about/registered-inactive-ngos,
phone,pass,Published phone: 08 011-4-4013,https://ngosec.gov.lk/about/registered-inactive-ngos,
phone,pass,Published phone: 011-2-686844 ,https://ngosec.gov.lk/about/registered-inactive-ngos,
phone,pass,Published phone: 066-22-22275 ,https://ngosec.gov.lk/about/registered-inactive-ngos,
phone,pass,Published phone: 032-22-48707,https://ngosec.gov.lk/about/registered-inactive-ngos,
phone,pass,Published phone: 011-5-534407 ,https://ngosec.gov.lk/about/registered-inactive-ngos,
phone,pass,Published phone: 041-22-94203 ,https://ngosec.gov.lk/about/registered-inactive-ngos,
phone,pass,Published phone: 07. 027-22-481,https://ngosec.gov.lk/about/registered-inactive-ngos,
phone,pass,Published phone: 011-2-562811,https://ngosec.gov.lk/about/registered-inactive-ngos,
phone,pass,Published phone: 011-2- 871672 ,https://ngosec.gov.lk/about/registered-inactive-ngos,
phone,pass,Published phone: 011-2-445255 ,https://ngosec.gov.lk/about/registered-inactive-ngos,
phone,pass,Published phone: 071-7-567211,https://ngosec.gov.lk/about/registered-inactive-ngos,
phone,pass,Published phone: 077-7580913,https://ngosec.gov.lk/about/registered-inactive-ngos,
phone,pass,Published phone: 011-2-696701,https://ngosec.gov.lk/about/registered-inactive-ngos,
phone,pass,Published phone: 011-2-910642 ,https://ngosec.gov.lk/about/registered-inactive-ngos,
phone,pass,Published phone: 035-5-675015 ,https://ngosec.gov.lk/about/registered-inactive-ngos,
phone,pass,Published phone: 036-22-47281 ,https://ngosec.gov.lk/about/registered-inactive-ngos,
phone,pass,Published phone: 047-22-38010 ,https://ngosec.gov.lk/about/registered-inactive-ngos,
phone,pass,Published phone: 077-9-958153,https://ngosec.gov.lk/about/registered-inactive-ngos,
phone,pass,Published phone: 09 0717-1834,https://ngosec.gov.lk/about/registered-inactive-ngos,
phone,pass,Published phone: 011-2-787993 ,https://ngosec.gov.lk/about/registered-inactive-ngos,
phone,pass,Published phone: 041-22-55501 ,https://ngosec.gov.lk/about/registered-inactive-ngos,
phone,pass,Published phone: 0777-675981 ,https://ngosec.gov.lk/about/registered-inactive-ngos,
phone,pass,Published phone: 011-2-432926 ,https://ngosec.gov.lk/about/registered-inactive-ngos,
phone,pass,Published phone: 060-23-21380 ,https://ngosec.gov.lk/about/registered-inactive-ngos,
phone,pass,Published phone: 034-22-29706,https://ngosec.gov.lk/about/registered-inactive-ngos,
phone,pass,Published phone: 07 011-2-6931,https://ngosec.gov.lk/about/registered-inactive-ngos,
phone,pass,Published phone: 077-9167390,https://ngosec.gov.lk/about/registered-inactive-ngos,
phone,pass,Published phone: 035-22-66690 ,https://ngosec.gov.lk/about/registered-inactive-ngos,
phone,pass,Published phone: 036-22-58212 ,https://ngosec.gov.lk/about/registered-inactive-ngos,
phone,pass,Published phone: 011-2-524218 ,https://ngosec.gov.lk/about/registered-inactive-ngos,
phone,pass,Published phone: 011-5-220000,https://ngosec.gov.lk/about/registered-inactive-ngos,
phone,pass,Published phone: 03 011-5-3533,https://ngosec.gov.lk/about/registered-inactive-ngos,
phone,pass,Published phone: 011-2-928912 ,https://ngosec.gov.lk/about/registered-inactive-ngos,
phone,pass,Published phone: 047-22-42543 ,https://ngosec.gov.lk/about/registered-inactive-ngos,
phone,pass,Published phone: 033-22-24906 ,https://ngosec.gov.lk/about/registered-inactive-ngos,
phone,pass,Published phone: 077-9-183248 ,https://ngosec.gov.lk/about/registered-inactive-ngos,
phone,pass,Published phone: 0777-396717 ,https://ngosec.gov.lk/about/registered-inactive-ngos,
phone,pass,Published phone: 0773-698524,https://ngosec.gov.lk/about/registered-inactive-ngos,
phone,pass,Published phone: 011-2-645542,https://ngosec.gov.lk/about/registered-inactive-ngos,
phone,pass,Published phone: 060--2553885 ,https://ngosec.gov.lk/about/registered-inactive-ngos,
phone,pass,Published phone: 011-2-500570 ,https://ngosec.gov.lk/about/registered-inactive-ngos,
phone,pass,Published phone: 021-22-23734 ,https://ngosec.gov.lk/about/registered-inactive-ngos,
phone,pass,Published phone: 033-22-55340 ,https://ngosec.gov.lk/about/registered-inactive-ngos,
phone,pass,Published phone: 072-634364 7,https://ngosec.gov.lk/about/registered-inactive-ngos,
phone,pass,Published phone: 071-1209209 ,https://ngosec.gov.lk/about/registered-inactive-ngos,
phone,pass,Published phone: 011-5-514687 ,https://ngosec.gov.lk/about/registered-inactive-ngos,
phone,pass,Published phone: 011-4-822001,https://ngosec.gov.lk/about/registered-inactive-ngos,
phone,pass,Published phone: 0716-904713 ,https://ngosec.gov.lk/about/registered-inactive-ngos,
phone,pass,Published phone: 0777-200073,https://ngosec.gov.lk/about/registered-inactive-ngos,
phone,pass,Published phone: 011-2-500229,https://ngosec.gov.lk/about/registered-inactive-ngos,
phone,pass,Published phone: 03 011-2-5753,https://ngosec.gov.lk/about/registered-inactive-ngos,
phone,pass,Published phone: 04 011-2-5545,https://ngosec.gov.lk/about/registered-inactive-ngos,
phone,pass,Published phone: 076-4221941 ,https://ngosec.gov.lk/about/registered-inactive-ngos,
phone,pass,Published phone: 071-8-438243,https://ngosec.gov.lk/about/registered-inactive-ngos,
phone,pass,Published phone: 0777-830926 ,https://ngosec.gov.lk/about/registered-inactive-ngos,
phone,pass,Published phone: 0777-388090,https://ngosec.gov.lk/about/registered-inactive-ngos,
phone,pass,Published phone: 011-2-960686 ,https://ngosec.gov.lk/about/registered-inactive-ngos,
phone,pass,Published phone: 011-2- 575004 ,https://ngosec.gov.lk/about/registered-inactive-ngos,
phone,pass,Published phone: 011-4-690457 ,https://ngosec.gov.lk/about/registered-inactive-ngos,
phone,pass,Published phone: 072-2-849813 ,https://ngosec.gov.lk/about/registered-inactive-ngos,
phone,pass,Published phone: 033-22-89492 ,https://ngosec.gov.lk/about/registered-inactive-ngos,
phone,pass,Published phone: 02. 071-9-0004,https://ngosec.gov.lk/about/registered-inactive-ngos,
phone,pass,Published phone: 077-3-031730 ,https://ngosec.gov.lk/about/registered-inactive-ngos,
phone,pass,Published phone: 031-5-310035 ,https://ngosec.gov.lk/about/registered-inactive-ngos,
phone,pass,Published phone: 011-2-819664,https://ngosec.gov.lk/about/registered-inactive-ngos,
phone,pass,Published phone: 067-2250189 ,https://ngosec.gov.lk/about/registered-inactive-ngos,
phone,pass,Published phone: 06 11269925,https://ngosec.gov.lk/about/registered-inactive-ngos,
phone,pass,Published phone: 055-22-29892 ,https://ngosec.gov.lk/about/registered-inactive-ngos,
phone,pass,Published phone: 05. 011-2-5953,https://ngosec.gov.lk/about/registered-inactive-ngos,
phone,pass,Published phone: 011-2-348185,https://ngosec.gov.lk/about/registered-inactive-ngos,
phone,pass,Published phone: 011-2-615592 ,https://ngosec.gov.lk/about/registered-inactive-ngos,
phone,pass,Published phone: 071-2-780604 ,https://ngosec.gov.lk/about/registered-inactive-ngos,
phone,pass,Published phone: 011-4-204007,https://ngosec.gov.lk/about/registered-inactive-ngos,
phone,pass,Published phone: 011-2-307592 ,https://ngosec.gov.lk/about/registered-inactive-ngos,
phone,pass,Published phone: 011-2-768784,https://ngosec.gov.lk/about/registered-inactive-ngos,
phone,pass,Published phone: 011-2-874636 ,https://ngosec.gov.lk/about/registered-inactive-ngos,
phone,pass,Published phone: 011-2-892380 ,https://ngosec.gov.lk/about/registered-inactive-ngos,
phone,pass,Published phone: 011-4-471525 ,https://ngosec.gov.lk/about/registered-inactive-ngos,
phone,pass,Published phone: 0777-421375 ,https://ngosec.gov.lk/about/registered-inactive-ngos,
phone,pass,Published phone: 0776-560766 ,https://ngosec.gov.lk/about/registered-inactive-ngos,
phone,pass,Published phone: 011-2-675670 ,https://ngosec.gov.lk/about/registered-inactive-ngos,
phone,pass,Published phone: 045-22-86429 ,https://ngosec.gov.lk/about/registered-inactive-ngos,
phone,pass,Published phone: 078-8-820045,https://ngosec.gov.lk/about/registered-inactive-ngos,
phone,pass,Published phone: 060-23-38257 ,https://ngosec.gov.lk/about/registered-inactive-ngos,
phone,pass,Published phone: 0774151763,https://ngosec.gov.lk/about/registered-inactive-ngos,
phone,pass,Published phone: 011-2-826120,https://ngosec.gov.lk/about/registered-inactive-ngos,
phone,pass,Published phone: 01 011-5-2200,https://ngosec.gov.lk/about/registered-inactive-ngos,
phone,pass,Published phone: 08 011-2-6849,https://ngosec.gov.lk/about/registered-inactive-ngos,
phone,pass,Published phone: 011-4-204008,https://ngosec.gov.lk/about/registered-inactive-ngos,
phone,pass,Published phone: 032-22-65688 ,https://ngosec.gov.lk/about/registered-inactive-ngos,
phone,pass,Published phone: 011-2-853445,https://ngosec.gov.lk/about/registered-inactive-ngos,
phone,pass,Published phone: 071-4-086220 ,https://ngosec.gov.lk/about/registered-inactive-ngos,
phone,pass,Published phone: 06 011-4-5107,https://ngosec.gov.lk/about/registered-inactive-ngos,
phone,pass,Published phone: 011-2-694582 ,https://ngosec.gov.lk/about/registered-inactive-ngos,
phone,pass,Published phone: 06. 011-2-3659,https://ngosec.gov.lk/about/registered-inactive-ngos,
phone,pass,Published phone: 011-2-252087 ,https://ngosec.gov.lk/about/registered-inactive-ngos,
phone,pass,Published phone: 077-3-081919 ,https://ngosec.gov.lk/about/registered-inactive-ngos,
phone,pass,Published phone: 0777-304626,https://ngosec.gov.lk/about/registered-inactive-ngos,
phone,pass,Published phone: 0777-709755 ,https://ngosec.gov.lk/about/registered-inactive-ngos,
phone,pass,Published phone: 011-4-305265 ,https://ngosec.gov.lk/about/registered-inactive-ngos,
phone,pass,Published phone: 011-2-910146 ,https://ngosec.gov.lk/about/registered-inactive-ngos,
phone,pass,Published phone: 034-22-51315 ,https://ngosec.gov.lk/about/registered-inactive-ngos,
phone,pass,Published phone: 011-2-871419,https://ngosec.gov.lk/about/registered-inactive-ngos,
phone,pass,Published phone: 03. 011-2-5006,https://ngosec.gov.lk/about/registered-inactive-ngos,
phone,pass,Published phone: 011-5-378561 ,https://ngosec.gov.lk/about/registered-inactive-ngos,
phone,pass,Published phone: 091-22-24216 ,https://ngosec.gov.lk/about/registered-inactive-ngos,
phone,pass,Published phone: 011-5-331433 ,https://ngosec.gov.lk/about/registered-inactive-ngos,
phone,pass,Published phone: 063-22-48450 ,https://ngosec.gov.lk/about/registered-inactive-ngos,
phone,pass,Published phone: 077-5-783236 ,https://ngosec.gov.lk/about/registered-inactive-ngos,
phone,pass,Published phone: 077-6-573872 ,https://ngosec.gov.lk/about/registered-inactive-ngos,
phone,pass,Published phone: 034-22-24402 ,https://ngosec.gov.lk/about/registered-inactive-ngos,
phone,pass,Published phone: 011-2-799109 ,https://ngosec.gov.lk/about/registered-inactive-ngos,
phone,pass,Published phone: 05 011-2-8530,https://ngosec.gov.lk/about/registered-inactive-ngos,
phone,pass,Published phone: 011-2-509265,https://ngosec.gov.lk/about/registered-inactive-ngos,
phone,pass,Published phone: 011-2-381513 ,https://ngosec.gov.lk/about/registered-inactive-ngos,
phone,pass,Published phone: 077-2-289301,https://ngosec.gov.lk/about/registered-inactive-ngos,
phone,pass,Published phone: 011-4-811463 ,https://ngosec.gov.lk/about/registered-inactive-ngos,
phone,pass,Published phone: 07 011-2-6713,https://ngosec.gov.lk/about/registered-inactive-ngos,
phone,pass,Published phone: 05. 011-4-5164,https://ngosec.gov.lk/about/registered-inactive-ngos,
phone,pass,Published phone: 011-2-242884,https://ngosec.gov.lk/about/registered-inactive-ngos,
phone,pass,Published phone: 011-5-353478,https://ngosec.gov.lk/about/registered-inactive-ngos,
phone,pass,Published phone: 051-22-22041 ,https://ngosec.gov.lk/about/registered-inactive-ngos,
phone,pass,Published phone: 011-2-713125,https://ngosec.gov.lk/about/registered-inactive-ngos,
phone,pass,Published phone: 02 011-2-4845,https://ngosec.gov.lk/about/registered-inactive-ngos,
phone,pass,Published phone: 077-9-736833,https://ngosec.gov.lk/about/registered-inactive-ngos,
phone,pass,Published phone: 011-5-351097,https://ngosec.gov.lk/about/registered-inactive-ngos,
phone,pass,Published phone: 032-22-67432,https://ngosec.gov.lk/about/registered-inactive-ngos,
phone,pass,Published phone: 091-22-23644,https://ngosec.gov.lk/about/registered-inactive-ngos,
phone,pass,Published phone: 07 011-2-3881,https://ngosec.gov.lk/about/registered-inactive-ngos,
phone,pass,Published phone: 072-2-682650 ,https://ngosec.gov.lk/about/registered-inactive-ngos,
phone,pass,Published phone: 037-22-81352 ,https://ngosec.gov.lk/about/registered-inactive-ngos,
phone,pass,Published phone: 011-2-784498,https://ngosec.gov.lk/about/registered-inactive-ngos,
phone,pass,Published phone: 0771385206 ,https://ngosec.gov.lk/about/registered-inactive-ngos,
phone,pass,Published phone: 011-2-871801 ,https://ngosec.gov.lk/about/registered-inactive-ngos,
phone,pass,Published phone: 011-2-560488,https://ngosec.gov.lk/about/registered-inactive-ngos,
phone,pass,Published phone: 041-22-22021 ,https://ngosec.gov.lk/about/registered-inactive-ngos,
phone,pass,Published phone: 011-2-327082 ,https://ngosec.gov.lk/about/registered-inactive-ngos,
phone,pass,Published phone: 033-4-928828 ,https://ngosec.gov.lk/about/registered-inactive-ngos,
phone,pass,Published phone: 011-4-870305 ,https://ngosec.gov.lk/about/registered-inactive-ngos,
phone,pass,Published phone: 047-22-30669 ,https://ngosec.gov.lk/about/registered-inactive-ngos,
phone,pass,Published phone: 011-2-911197 ,https://ngosec.gov.lk/about/registered-inactive-ngos,
phone,pass,Published phone: 0777-906300,https://ngosec.gov.lk/about/registered-inactive-ngos,
phone,pass,Published phone: 03 0773-6833,https://ngosec.gov.lk/about/registered-inactive-ngos,
phone,pass,Published phone: 05 011-2-6861,https://ngosec.gov.lk/about/registered-inactive-ngos,
phone,pass,Published phone: 067-22-23872 ,https://ngosec.gov.lk/about/registered-inactive-ngos,
phone,pass,Published phone: 011-2-897035 ,https://ngosec.gov.lk/about/registered-inactive-ngos,
phone,pass,Published phone: 0777-381334,https://ngosec.gov.lk/about/registered-inactive-ngos,
phone,pass,Published phone: 011-2-562004 ,https://ngosec.gov.lk/about/registered-inactive-ngos,
phone,pass,Published phone: 06. 0777-7330,https://ngosec.gov.lk/about/registered-inactive-ngos,
phone,pass,Published phone: 081-2-476662 ,https://ngosec.gov.lk/about/registered-inactive-ngos,
phone,pass,Published phone: 011-2-447002 ,https://ngosec.gov.lk/about/registered-inactive-ngos,
phone,pass,Published phone: 045-2279877 ,https://ngosec.gov.lk/about/registered-inactive-ngos,
phone,pass,Published phone: 011-2-673604 ,https://ngosec.gov.lk/about/registered-inactive-ngos,
phone,pass,Published phone: 0777-347103 ,https://ngosec.gov.lk/about/registered-inactive-ngos,
phone,pass,Published phone: 071-3-977977,https://ngosec.gov.lk/about/registered-inactive-ngos,
phone,pass,Published phone: 06. 011-2-5042,https://ngosec.gov.lk/about/registered-inactive-ngos,
phone,pass,Published phone: 011-2-862666,https://ngosec.gov.lk/about/registered-inactive-ngos,
phone,pass,Published phone: 011-5-338367 ,https://ngosec.gov.lk/about/registered-inactive-ngos,
phone,pass,Published phone: 034-22-61653,https://ngosec.gov.lk/about/registered-inactive-ngos,
phone,pass,Published phone: 081-2-387523,https://ngosec.gov.lk/about/registered-inactive-ngos,
phone,pass,Published phone: 011-4-204575 ,https://ngosec.gov.lk/about/registered-inactive-ngos,
phone,pass,Published phone: 066-4-833003 ,https://ngosec.gov.lk/about/registered-inactive-ngos,
phone,pass,Published phone: 077-4-967926 ,https://ngosec.gov.lk/about/registered-inactive-ngos,
phone,pass,Published phone: 011-4-201789,https://ngosec.gov.lk/about/registered-inactive-ngos,
phone,pass,Published phone: 011-2-912021 ,https://ngosec.gov.lk/about/registered-inactive-ngos,
phone,pass,Published phone: 011-2-578841 ,https://ngosec.gov.lk/about/registered-inactive-ngos,
phone,pass,Published phone: 072-2-636277 ,https://ngosec.gov.lk/about/registered-inactive-ngos,
phone,pass,Published phone: 031-22-77186,https://ngosec.gov.lk/about/registered-inactive-ngos,
phone,pass,Published phone: 057-22-68491 ,https://ngosec.gov.lk/about/registered-inactive-ngos,
phone,pass,Published phone: 071-8040713 ,https://ngosec.gov.lk/about/registered-inactive-ngos,
phone,pass,Published phone: 0777-777800 ,https://ngosec.gov.lk/about/registered-inactive-ngos,
phone,pass,Published phone: 011-2-500734,https://ngosec.gov.lk/about/registered-inactive-ngos,
phone,pass,Published phone: 011-5-835893,https://ngosec.gov.lk/about/registered-inactive-ngos,
phone,pass,Published phone: 077-6-380116 ,https://ngosec.gov.lk/about/registered-inactive-ngos,
phone,pass,Published phone: 011-4-861208,https://ngosec.gov.lk/about/registered-inactive-ngos,
phone,pass,Published phone: 05 011-2-8542,https://ngosec.gov.lk/about/registered-inactive-ngos,
phone,pass,Published phone: 047-22-46289 ,https://ngosec.gov.lk/about/registered-inactive-ngos,
phone,pass,Published phone: 0777-604960 ,https://ngosec.gov.lk/about/registered-inactive-ngos,
phone,pass,Published phone: 011-2-510101 ,https://ngosec.gov.lk/about/registered-inactive-ngos,
phone,pass,Published phone: 0713043433 ,https://ngosec.gov.lk/about/registered-inactive-ngos,
phone,pass,Published phone: 047-4914880 ,https://ngosec.gov.lk/about/registered-inactive-ngos,
phone,pass,Published phone: 011-2-735801,https://ngosec.gov.lk/about/registered-inactive-ngos,
phone,pass,Published phone: 011-2-811760 ,https://ngosec.gov.lk/about/registered-inactive-ngos,
phone,pass,Published phone: 011-2609892,https://ngosec.gov.lk/about/registered-inactive-ngos,
phone,pass,Published phone: 011-2-788005 ,https://ngosec.gov.lk/about/registered-inactive-ngos,
phone,pass,Published phone: 06. 067-22-782,https://ngosec.gov.lk/about/registered-inactive-ngos,
phone,pass,Published phone: 077-7804662,https://ngosec.gov.lk/about/registered-inactive-ngos,
phone,pass,Published phone: 077-7-256768 ,https://ngosec.gov.lk/about/registered-inactive-ngos,
phone,pass,Published phone: 026-2223320,https://ngosec.gov.lk/about/registered-inactive-ngos,
phone,pass,Published phone: 091-4-922645,https://ngosec.gov.lk/about/registered-inactive-ngos,
phone,pass,Published phone: 063-22-48041 -,https://ngosec.gov.lk/about/registered-inactive-ngos,
phone,pass,Published phone: 038-4-283308 ,https://ngosec.gov.lk/about/registered-inactive-ngos,
phone,pass,Published phone: 077-3-987517 ,https://ngosec.gov.lk/about/registered-inactive-ngos,
phone,pass,Published phone: 0777-890640,https://ngosec.gov.lk/about/registered-inactive-ngos,
phone,pass,Published phone: 077-2-289300,https://ngosec.gov.lk/about/registered-inactive-ngos,
phone,pass,Published phone: 011-2-840019,https://ngosec.gov.lk/about/registered-inactive-ngos,
phone,pass,Published phone: 011-5-653802 ,https://ngosec.gov.lk/about/registered-inactive-ngos,
phone,pass,Published phone: 011-2-822189,https://ngosec.gov.lk/about/registered-inactive-ngos,
phone,pass,Published phone: 047-22-41197 ,https://ngosec.gov.lk/about/registered-inactive-ngos,
phone,pass,Published phone: 0777-728666 ,https://ngosec.gov.lk/about/registered-inactive-ngos,
phone,pass,Published phone: 011-2-727494 ,https://ngosec.gov.lk/about/registered-inactive-ngos,
phone,pass,Published phone: 011-2-826024 ,https://ngosec.gov.lk/about/registered-inactive-ngos,
phone,pass,Published phone: 011-2- 851440 ,https://ngosec.gov.lk/about/registered-inactive-ngos,
phone,pass,Published phone: 011-2-333717 ,https://ngosec.gov.lk/about/registered-inactive-ngos,
phone,pass,Published phone: 07 011-2-6925,https://ngosec.gov.lk/about/registered-inactive-ngos,
phone,pass,Published phone: 011-2-691006 ,https://ngosec.gov.lk/about/registered-inactive-ngos,
phone,pass,Published phone: 011-2-645385 ,https://ngosec.gov.lk/about/registered-inactive-ngos,
phone,pass,Published phone: 036-22-31752,https://ngosec.gov.lk/about/registered-inactive-ngos,
phone,pass,Published phone: 034-22-20819 ,https://ngosec.gov.lk/about/registered-inactive-ngos,
phone,pass,Published phone: 05. 011-2-5926,https://ngosec.gov.lk/about/registered-inactive-ngos,
phone,pass,Published phone: 0771-000123,https://ngosec.gov.lk/about/registered-inactive-ngos,
phone,pass,Published phone: 071-2-776778 ,https://ngosec.gov.lk/about/registered-inactive-ngos,
phone,pass,Published phone: 047-22-23658 ,https://ngosec.gov.lk/about/registered-inactive-ngos,
phone,pass,Published phone: 011-2-500742 ,https://ngosec.gov.lk/about/registered-inactive-ngos,
phone,pass,Published phone: 0777-771416 ,https://ngosec.gov.lk/about/registered-inactive-ngos,
phone,pass,Published phone: 011-2-850302 ,https://ngosec.gov.lk/about/registered-inactive-ngos,
phone,pass,Published phone: 011-2-820207 ,https://ngosec.gov.lk/about/registered-inactive-ngos,
phone,pass,Published phone: 041-22-92643,https://ngosec.gov.lk/about/registered-inactive-ngos,
phone,pass,Published phone: 045-22-23284,https://ngosec.gov.lk/about/registered-inactive-ngos,
phone,pass,Published phone: 011-2-907658 ,https://ngosec.gov.lk/about/registered-inactive-ngos,
phone,pass,Published phone: 077-9-864262 ,https://ngosec.gov.lk/about/registered-inactive-ngos,
phone,pass,Published phone: 011-2-872122,https://ngosec.gov.lk/about/registered-inactive-ngos,
phone,pass,Published phone: 011-2-477684 ,https://ngosec.gov.lk/about/registered-inactive-ngos,
phone,pass,Published phone: 011-2-716314 ,https://ngosec.gov.lk/about/registered-inactive-ngos,
phone,pass,Published phone: 011-2-693926 ,https://ngosec.gov.lk/about/registered-inactive-ngos,
phone,pass,Published phone: 03 011-2-5061,https://ngosec.gov.lk/about/registered-inactive-ngos,
phone,pass,Published phone: 011-2-584883 ,https://ngosec.gov.lk/about/registered-inactive-ngos,
phone,pass,Published phone: 011-4-305274 ,https://ngosec.gov.lk/about/registered-inactive-ngos,
phone,pass,Published phone: 0777-354795 ,https://ngosec.gov.lk/about/registered-inactive-ngos,
phone,pass,Published phone: 071-2-578568,https://ngosec.gov.lk/about/registered-inactive-ngos,
phone,pass,Published phone: 055-22-94089 ,https://ngosec.gov.lk/about/registered-inactive-ngos,
phone,pass,Published phone: 031-22-32933,https://ngosec.gov.lk/about/registered-inactive-ngos,
phone,pass,Published phone: 011-5-372717,https://ngosec.gov.lk/about/registered-inactive-ngos,
phone,pass,Published phone: 02 067-22-786,https://ngosec.gov.lk/about/registered-inactive-ngos,
phone,pass,Published phone: 011-2- 826607 ,https://ngosec.gov.lk/about/registered-inactive-ngos,
phone,pass,Published phone: 011-2-869300,https://ngosec.gov.lk/about/registered-inactive-ngos,
phone,pass,Published phone: 071-8-151312,https://ngosec.gov.lk/about/registered-inactive-ngos,
phone,pass,Published phone: 0. 011-5-33168,https://ngosec.gov.lk/about/registered-inactive-ngos,
phone,pass,Published phone: 0722247236 ,https://ngosec.gov.lk/about/registered-inactive-ngos,
phone,pass,Published phone: 04. 011-2-5995,https://ngosec.gov.lk/about/registered-inactive-ngos,
phone,pass,Published phone: 011-2-869411 ,https://ngosec.gov.lk/about/registered-inactive-ngos,
phone,pass,Published phone: 011-4-204014 ,https://ngosec.gov.lk/about/registered-inactive-ngos,
phone,pass,Published phone: 071-2-519184,https://ngosec.gov.lk/about/registered-inactive-ngos,
phone,pass,Published phone: 063-22-22443,https://ngosec.gov.lk/about/registered-inactive-ngos,
phone,pass,Published phone: 0777-739261 ,https://ngosec.gov.lk/about/registered-inactive-ngos,
phone,pass,Published phone: 011-2-861220 ,https://ngosec.gov.lk/about/registered-inactive-ngos,
phone,pass,Published phone: 055-22-23498 ,https://ngosec.gov.lk/about/registered-inactive-ngos,
phone,pass,Published phone: 011-2- 698549 ,https://ngosec.gov.lk/about/registered-inactive-ngos,
phone,pass,Published phone: 011-2-436065 ,https://ngosec.gov.lk/about/registered-inactive-ngos,
phone,pass,Published phone: 011-2-741879 ,https://ngosec.gov.lk/about/registered-inactive-ngos,
phone,pass,Published phone: 011-2-671738 ,https://ngosec.gov.lk/about/registered-inactive-ngos,
phone,pass,Published phone: 011-2-593123 ,https://ngosec.gov.lk/about/registered-inactive-ngos,
phone,pass,Published phone: 06 067-22-782,https://ngosec.gov.lk/about/registered-inactive-ngos,
phone,pass,Published phone: 011-2-896497 ,https://ngosec.gov.lk/about/registered-inactive-ngos,
phone,pass,Published phone: 011-2-821020 ,https://ngosec.gov.lk/about/registered-inactive-ngos,
phone,pass,Published phone: 037-22-26261,https://ngosec.gov.lk/about/registered-inactive-ngos,
phone,pass,Published phone: 0777-689932,https://ngosec.gov.lk/about/registered-inactive-ngos,
phone,pass,Published phone: 011-4-510827,https://ngosec.gov.lk/about/registered-inactive-ngos,
phone,pass,Published phone: 011-5-679582,https://ngosec.gov.lk/about/registered-inactive-ngos,
phone,pass,Published phone: 0. 011-2-68150,https://ngosec.gov.lk/about/registered-inactive-ngos,
phone,pass,Published phone: 05. 011-2-5027,https://ngosec.gov.lk/about/registered-inactive-ngos,
phone,pass,Published phone: 033-22-92595,https://ngosec.gov.lk/about/registered-inactive-ngos,
phone,pass,Published phone: 071-4-232810,https://ngosec.gov.lk/about/registered-inactive-ngos,
phone,pass,Published phone: 03 011-47270,https://ngosec.gov.lk/about/registered-inactive-ngos,
phone,pass,Published phone: 011-2-575472,https://ngosec.gov.lk/about/registered-inactive-ngos,
phone,pass,Published phone: 047-2240400 ,https://ngosec.gov.lk/about/registered-inactive-ngos,
phone,pass,Published phone: 011-2-819649,https://ngosec.gov.lk/about/registered-inactive-ngos,
phone,pass,Published phone: 091-22-67199,https://ngosec.gov.lk/about/registered-inactive-ngos,
phone,pass,Published phone: 03 011-2-5742,https://ngosec.gov.lk/about/registered-inactive-ngos,
phone,pass,Published phone: 011-2-856188 ,https://ngosec.gov.lk/about/registered-inactive-ngos,
phone,pass,Published phone: 055-22-30398 ,https://ngosec.gov.lk/about/registered-inactive-ngos,
phone,pass,Published phone: 071-8-079900,https://ngosec.gov.lk/about/registered-inactive-ngos,
phone,pass,Published phone: 0714-191960 ,https://ngosec.gov.lk/about/registered-inactive-ngos,
phone,pass,Published phone: 037-4-690270 ,https://ngosec.gov.lk/about/registered-inactive-ngos,
phone,pass,Published phone: 09 011-2-6713,https://ngosec.gov.lk/about/registered-inactive-ngos,
phone,pass,Published phone: 065-22-27437,https://ngosec.gov.lk/about/registered-inactive-ngos,
phone,pass,Published phone: 07. 077-3-9546,https://ngosec.gov.lk/about/registered-inactive-ngos,
phone,pass,Published phone: 011-2-787572 ,https://ngosec.gov.lk/about/registered-inactive-ngos,
phone,pass,Published phone: 063-5-671430 ,https://ngosec.gov.lk/about/registered-inactive-ngos,
phone,pass,Published phone: 011-2-432291,https://ngosec.gov.lk/about/registered-inactive-ngos,
phone,pass,Published phone: 027-22-24922 ,https://ngosec.gov.lk/about/registered-inactive-ngos,
phone,pass,Published phone: 05 011-2-5043,https://ngosec.gov.lk/about/registered-inactive-ngos,
phone,pass,Published phone: 011-2-578334 ,https://ngosec.gov.lk/about/registered-inactive-ngos,
phone,pass,Published phone: 077-9-207320 ,https://ngosec.gov.lk/about/registered-inactive-ngos,
phone,pass,Published phone: 011-2-873337 ,https://ngosec.gov.lk/about/registered-inactive-ngos,
phone,pass,Published phone: 011-2-552329 ,https://ngosec.gov.lk/about/registered-inactive-ngos,
phone,pass,Published phone: 036-22-66769 ,https://ngosec.gov.lk/about/registered-inactive-ngos,
phone,pass,Published phone: 011-2-862177,https://ngosec.gov.lk/about/registered-inactive-ngos,
phone,pass,Published phone: 047-22-37442 ,https://ngosec.gov.lk/about/registered-inactive-ngos,
phone,pass,Published phone: 011-5-532188 ,https://ngosec.gov.lk/about/registered-inactive-ngos,
phone,pass,Published phone: 031-22-69264,https://ngosec.gov.lk/about/registered-inactive-ngos,
phone,pass,Published phone: 011-2- 865819,https://ngosec.gov.lk/about/registered-inactive-ngos,
phone,pass,Published phone: 011-2-595243 ,https://ngosec.gov.lk/about/registered-inactive-ngos,
phone,pass,Published phone: 0711-129012 ,https://ngosec.gov.lk/about/registered-inactive-ngos,
phone,pass,Published phone: 035-22-65380 ,https://ngosec.gov.lk/about/registered-inactive-ngos,
phone,pass,Published phone: 011-2-717890 ,https://ngosec.gov.lk/about/registered-inactive-ngos,
phone,pass,Published phone: 077-2-220327 ,https://ngosec.gov.lk/about/registered-inactive-ngos,
phone,pass,Published phone: 055-22-65450,https://ngosec.gov.lk/about/registered-inactive-ngos,
phone,pass,Published phone: 011-2-393458 ,https://ngosec.gov.lk/about/registered-inactive-ngos,
phone,pass,Published phone: 037-22-23251 ,https://ngosec.gov.lk/about/registered-inactive-ngos,
phone,pass,Published phone: 011-2-785311,https://ngosec.gov.lk/about/registered-inactive-ngos,
phone,pass,Published phone: 091-22-23941,https://ngosec.gov.lk/about/registered-inactive-ngos,
phone,pass,Published phone: 011-2-329564 ,https://ngosec.gov.lk/about/registered-inactive-ngos,
phone,pass,Published phone: 011-2690322 ,https://ngosec.gov.lk/about/registered-inactive-ngos,
phone,pass,Published phone: 011-2-956115 ,https://ngosec.gov.lk/about/registered-inactive-ngos,
phone,pass,Published phone: 047-22-22399 ,https://ngosec.gov.lk/about/registered-inactive-ngos,
phone,pass,Published phone: 060-28-16514 ,https://ngosec.gov.lk/about/registered-inactive-ngos,
phone,pass,Published phone: 078-5-155495,https://ngosec.gov.lk/about/registered-inactive-ngos,
phone,pass,Published phone: 011-2-775022 ,https://ngosec.gov.lk/about/registered-inactive-ngos,
phone,pass,Published phone: 037-22-89325,https://ngosec.gov.lk/about/registered-inactive-ngos,
phone,pass,Published phone: 047-22-41639 ,https://ngosec.gov.lk/about/registered-inactive-ngos,
phone,pass,Published phone: 037-22-88841,https://ngosec.gov.lk/about/registered-inactive-ngos,
phone,pass,Published phone: 041-5-620331 ,https://ngosec.gov.lk/about/registered-inactive-ngos,
phone,pass,Published phone: 071-8-464298,https://ngosec.gov.lk/about/registered-inactive-ngos,
phone,pass,Published phone: 011-2-509460 ,https://ngosec.gov.lk/about/registered-inactive-ngos,
phone,pass,Published phone: 081-2-388080 ,https://ngosec.gov.lk/about/registered-inactive-ngos,
phone,pass,Published phone: 03. 011-2-5749,https://ngosec.gov.lk/about/registered-inactive-ngos,
phone,pass,Published phone: 067-22-77696 ,https://ngosec.gov.lk/about/registered-inactive-ngos,
phone,pass,Published phone: 077-3177232,https://ngosec.gov.lk/about/registered-inactive-ngos,
phone,pass,Published phone: 071-4-739711 ,https://ngosec.gov.lk/about/registered-inactive-ngos,
phone,pass,Published phone: 011-5-688924,https://ngosec.gov.lk/about/registered-inactive-ngos,
phone,pass,Published phone: 0112437744,https://ngosec.gov.lk/about/registered-inactive-ngos,
phone,pass,Published phone: 077-7-300258 ,https://ngosec.gov.lk/about/registered-inactive-ngos,
phone,pass,Published phone: 011-2-375327 ,https://ngosec.gov.lk/about/registered-inactive-ngos,
phone,pass,Published phone: 0777-740922,https://ngosec.gov.lk/about/registered-inactive-ngos,
phone,pass,Published phone: 05 011-2-5523,https://ngosec.gov.lk/about/registered-inactive-ngos,
phone,pass,Published phone: 011-2-504322,https://ngosec.gov.lk/about/registered-inactive-ngos,
phone,pass,Published phone: 077-4-143222 ,https://ngosec.gov.lk/about/registered-inactive-ngos,
phone,pass,Published phone: 011-2-737985 ,https://ngosec.gov.lk/about/registered-inactive-ngos,
phone,pass,Published phone: 011-4-406219 ,https://ngosec.gov.lk/about/registered-inactive-ngos,
phone,pass,Published phone: 077-5-548813 ,https://ngosec.gov.lk/about/registered-inactive-ngos,
phone,pass,Published phone: 09 067-5-6700,https://ngosec.gov.lk/about/registered-inactive-ngos,
phone,pass,Published phone: 011-4-211444 ,https://ngosec.gov.lk/about/registered-inactive-ngos,
phone,pass,Published phone: 0777577179,https://ngosec.gov.lk/about/registered-inactive-ngos,
phone,pass,Published phone: 011-2-673603,https://ngosec.gov.lk/about/registered-inactive-ngos,
phone,pass,Published phone: 011-2-830585 ,https://ngosec.gov.lk/about/registered-inactive-ngos,
phone,pass,Published phone: 011-4-419151,https://ngosec.gov.lk/about/registered-inactive-ngos,
phone,pass,Published phone: 026-22-27038 ,https://ngosec.gov.lk/about/registered-inactive-ngos,
phone,pass,Published phone: 011-2-646144 ,https://ngosec.gov.lk/about/registered-inactive-ngos,
phone,pass,Published phone: 047-5614214,https://ngosec.gov.lk/about/registered-inactive-ngos,
phone,pass,Published phone: 08 011-4-6135,https://ngosec.gov.lk/about/registered-inactive-ngos,
phone,pass,Published phone: 037-2252031,https://ngosec.gov.lk/about/registered-inactive-ngos,
phone,pass,Published phone: 033-22-71400 ,https://ngosec.gov.lk/about/registered-inactive-ngos,
phone,pass,Published phone: 081-2-498891,https://ngosec.gov.lk/about/registered-inactive-ngos,
phone,pass,Published phone: 011-2-449909 ,https://ngosec.gov.lk/about/registered-inactive-ngos,
phone,pass,Published phone: 011-2-847438 ,https://ngosec.gov.lk/about/registered-inactive-ngos,
phone,pass,Published phone: 011-5-338632,https://ngosec.gov.lk/about/registered-inactive-ngos,
phone,pass,Published phone: 071-2-718793,https://ngosec.gov.lk/about/registered-inactive-ngos,
phone,pass,Published phone: 033-22-87988 ,https://ngosec.gov.lk/about/registered-inactive-ngos,
phone,pass,Published phone: 011-2-689057 ,https://ngosec.gov.lk/about/registered-inactive-ngos,
phone,pass,Published phone: 041-22-55650 ,https://ngosec.gov.lk/about/registered-inactive-ngos,
phone,pass,Published phone: 081-22-22282 ,https://ngosec.gov.lk/about/registered-inactive-ngos,
phone,pass,Published phone: 077-8-077760 ,https://ngosec.gov.lk/about/registered-inactive-ngos,
phone,pass,Published phone: 032-22-47444 ,https://ngosec.gov.lk/about/registered-inactive-ngos,
phone,pass,Published phone: 02 011-2-6940,https://ngosec.gov.lk/about/registered-inactive-ngos,
phone,pass,Published phone: 011-2-544544 ,https://ngosec.gov.lk/about/registered-inactive-ngos,
phone,pass,Published phone: 011-5-349618 ,https://ngosec.gov.lk/about/registered-inactive-ngos,
phone,pass,Published phone: 011-2-868636,https://ngosec.gov.lk/about/registered-inactive-ngos,
phone,pass,Published phone: 011-4-305422 ,https://ngosec.gov.lk/about/registered-inactive-ngos,
phone,pass,Published phone: 031-22-41175 ,https://ngosec.gov.lk/about/registered-inactive-ngos,
phone,pass,Published phone: 011-2-518289,https://ngosec.gov.lk/about/registered-inactive-ngos,
phone,pass,Published phone: 011-4-412974 ,https://ngosec.gov.lk/about/registered-inactive-ngos,
phone,pass,Published phone: 033-22-48869 ,https://ngosec.gov.lk/about/registered-inactive-ngos,
phone,pass,Published phone: 011-4-304075 ,https://ngosec.gov.lk/about/registered-inactive-ngos,
phone,pass,Published phone: 052-22-23354 ,https://ngosec.gov.lk/about/registered-inactive-ngos,
phone,pass,Published phone: 08. 011-2-6917,https://ngosec.gov.lk/about/registered-inactive-ngos,
phone,pass,Published phone: 0777-671254 ,https://ngosec.gov.lk/about/registered-inactive-ngos,
phone,pass,Published phone: 071-2-306474 ,https://ngosec.gov.lk/about/registered-inactive-ngos,
phone,pass,Published phone: 0718601560) ,https://ngosec.gov.lk/about/registered-inactive-ngos,
phone,pass,Published phone: 011-2-767758 ,https://ngosec.gov.lk/about/registered-inactive-ngos,
phone,pass,Published phone: 0 077-3-15193,https://ngosec.gov.lk/about/registered-inactive-ngos,
phone,pass,Published phone: 0777-636990 ,https://ngosec.gov.lk/about/registered-inactive-ngos,
phone,pass,Published phone: 077-9-656504 ,https://ngosec.gov.lk/about/registered-inactive-ngos,
phone,pass,Published phone: 0777-326463 ,https://ngosec.gov.lk/about/registered-inactive-ngos,
phone,pass,Published phone: 077-3-788788,https://ngosec.gov.lk/about/registered-inactive-ngos,
phone,pass,Published phone: 091-22-77990,https://ngosec.gov.lk/about/registered-inactive-ngos,
phone,pass,Published phone: 091-22-02443,https://ngosec.gov.lk/about/registered-inactive-ngos,
phone,pass,Published phone: 011-5-732075,https://ngosec.gov.lk/about/registered-inactive-ngos,
phone,pass,Published phone: 072-5087456 ,https://ngosec.gov.lk/about/registered-inactive-ngos,
phone,pass,Published phone: 077-3-763558 ,https://ngosec.gov.lk/about/registered-inactive-ngos,
phone,pass,Published phone: 038-22-40871 ,https://ngosec.gov.lk/about/registered-inactive-ngos,
phone,pass,Published phone: 0777-561040 ,https://ngosec.gov.lk/about/registered-inactive-ngos,
phone,pass,Published phone: 02 011-2-6960,https://ngosec.gov.lk/about/registered-inactive-ngos,
phone,pass,Published phone: 09. 011-2-6952,https://ngosec.gov.lk/about/registered-inactive-ngos,
phone,pass,Published phone: 0777-252415,https://ngosec.gov.lk/about/registered-inactive-ngos,
phone,pass,Published phone: 011-2- 769157,https://ngosec.gov.lk/about/registered-inactive-ngos,
phone,pass,Published phone: 011-2-674435 ,https://ngosec.gov.lk/about/registered-inactive-ngos,
phone,pass,Published phone: 05 011-5-3525,https://ngosec.gov.lk/about/registered-inactive-ngos,
phone,pass,Published phone: 011-5-520163 ,https://ngosec.gov.lk/about/registered-inactive-ngos,
phone,pass,Published phone: 077-7-909228,https://ngosec.gov.lk/about/registered-inactive-ngos,
phone,pass,Published phone: 011-2-592253 ,https://ngosec.gov.lk/about/registered-inactive-ngos,
phone,pass,Published phone: 011-2-725275 ,https://ngosec.gov.lk/about/registered-inactive-ngos,
phone,pass,Published phone: 05 011-2-5848,https://ngosec.gov.lk/about/registered-inactive-ngos,
phone,pass,Published phone: 081-2-224279 ,https://ngosec.gov.lk/about/registered-inactive-ngos,
phone,pass,Published phone: 011-2-237329 ,https://ngosec.gov.lk/about/registered-inactive-ngos,
phone,pass,Published phone: 011-4951904 ,https://ngosec.gov.lk/about/registered-inactive-ngos,
phone,pass,Published phone: 066-22-47301,https://ngosec.gov.lk/about/registered-inactive-ngos,
phone,pass,Published phone: 055-22-74905,https://ngosec.gov.lk/about/registered-inactive-ngos,
phone,pass,Published phone: 077-5-109253 ,https://ngosec.gov.lk/about/registered-inactive-ngos,
phone,pass,Published phone: 055-22-65790 ,https://ngosec.gov.lk/about/registered-inactive-ngos,
phone,pass,Published phone: 077-6285434 ,https://ngosec.gov.lk/about/registered-inactive-ngos,
phone,pass,Published phone: 011-2-840534 ,https://ngosec.gov.lk/about/registered-inactive-ngos,
phone,pass,Published phone: 055-35-93656 ,https://ngosec.gov.lk/about/registered-inactive-ngos,
phone,pass,Published phone: 071-8-739645 ,https://ngosec.gov.lk/about/registered-inactive-ngos,
phone,pass,Published phone: 08 011-4-6166,https://ngosec.gov.lk/about/registered-inactive-ngos,
phone,pass,Published phone: 081-2-420336 ,https://ngosec.gov.lk/about/registered-inactive-ngos,
phone,pass,Published phone: 011-2-727665 ,https://ngosec.gov.lk/about/registered-inactive-ngos,
phone,pass,Published phone: 033-22-28322 ,https://ngosec.gov.lk/about/registered-inactive-ngos,
phone,pass,Published phone: 06. 011-2-5550,https://ngosec.gov.lk/about/registered-inactive-ngos,
phone,pass,Published phone: 0773-868228 ,https://ngosec.gov.lk/about/registered-inactive-ngos,
phone,pass,Published phone: 091-3-903880,https://ngosec.gov.lk/about/registered-inactive-ngos,
phone,pass,Published phone: 041-4904106,https://ngosec.gov.lk/about/registered-inactive-ngos,
phone,pass,Published phone: 011-2-395223 ,https://ngosec.gov.lk/about/registered-inactive-ngos,
phone,pass,Published phone: 03. 025-4-9008,https://ngosec.gov.lk/about/registered-inactive-ngos,
phone,pass,Published phone: 011-4-618487 ,https://ngosec.gov.lk/about/registered-inactive-ngos,
phone,pass,Published phone: 05 011-2-5552,https://ngosec.gov.lk/about/registered-inactive-ngos,
phone,pass,Published phone: 077-2-223930 ,https://ngosec.gov.lk/about/registered-inactive-ngos,
phone,pass,Published phone: 072-2-665272 ,https://ngosec.gov.lk/about/registered-inactive-ngos,
phone,pass,Published phone: 05. 011-2-8289,https://ngosec.gov.lk/about/registered-inactive-ngos,
phone,pass,Published phone: 011-2-873445,https://ngosec.gov.lk/about/registered-inactive-ngos,
phone,pass,Published phone: 011-2-802277 ,https://ngosec.gov.lk/about/registered-inactive-ngos,
phone,pass,Published phone: 011-2-844345 ,https://ngosec.gov.lk/about/registered-inactive-ngos,
phone,pass,Published phone: 055-22-94211,https://ngosec.gov.lk/about/registered-inactive-ngos,
phone,pass,Published phone: 06 077-3-7493,https://ngosec.gov.lk/about/registered-inactive-ngos,
phone,pass,Published phone: 06 011-2-5892,https://ngosec.gov.lk/about/registered-inactive-ngos,
phone,pass,Published phone: 011-4-513754 ,https://ngosec.gov.lk/about/registered-inactive-ngos,
phone,pass,Published phone: 055-22-31220 ,https://ngosec.gov.lk/about/registered-inactive-ngos,
phone,pass,Published phone: 011-2-874740,https://ngosec.gov.lk/about/registered-inactive-ngos,
phone,pass,Published phone: 034-22-62613 ,https://ngosec.gov.lk/about/registered-inactive-ngos,
phone,pass,Published phone: 037-22-23288,https://ngosec.gov.lk/about/registered-inactive-ngos,
phone,pass,Published phone: 011-5-740070 ,https://ngosec.gov.lk/about/registered-inactive-ngos,
phone,pass,Published phone: 072-2-620026 ,https://ngosec.gov.lk/about/registered-inactive-ngos,
phone,pass,Published phone: 06. 011-2-5019,https://ngosec.gov.lk/about/registered-inactive-ngos,
phone,pass,Published phone: 077-2-672024 ,https://ngosec.gov.lk/about/registered-inactive-ngos,
phone,pass,Published phone: 011-2-543465 ,https://ngosec.gov.lk/about/registered-inactive-ngos,
phone,pass,Published phone: 0773-155100,https://ngosec.gov.lk/about/registered-inactive-ngos,
phone,pass,Published phone: 011-2-390478 ,https://ngosec.gov.lk/about/registered-inactive-ngos,
phone,pass,Published phone: 077-3-131099,https://ngosec.gov.lk/about/registered-inactive-ngos,
phone,pass,Published phone: 077-0-044660 ,https://ngosec.gov.lk/about/registered-inactive-ngos,
phone,pass,Published phone: 011-5-551444,https://ngosec.gov.lk/about/registered-inactive-ngos,
phone,pass,Published phone: 081-2-463059,https://ngosec.gov.lk/about/registered-inactive-ngos,
phone,pass,Published phone: 071-2-780337 ,https://ngosec.gov.lk/about/registered-inactive-ngos,
phone,pass,Published phone: 011-2-718485,https://ngosec.gov.lk/about/registered-inactive-ngos,
phone,pass,Published phone: 077-1-880209 ,https://ngosec.gov.lk/about/registered-inactive-ngos,
phone,pass,Published phone: 0777-676979 ,https://ngosec.gov.lk/about/registered-inactive-ngos,
phone,pass,Published phone: 0777-562327 ,https://ngosec.gov.lk/about/registered-inactive-ngos,
phone,pass,Published phone: 037-5-621490 ,https://ngosec.gov.lk/about/registered-inactive-ngos,
phone,pass,Published phone: 011-2-920891,https://ngosec.gov.lk/about/registered-inactive-ngos,
phone,pass,Published phone: 0112341736,https://ngosec.gov.lk/about/registered-inactive-ngos,
phone,pass,Published phone: 011-2-421258 ,https://ngosec.gov.lk/about/registered-inactive-ngos,
phone,pass,Published phone: 011-4-822000,https://ngosec.gov.lk/about/registered-inactive-ngos,
phone,pass,Published phone: 011-2-554537 ,https://ngosec.gov.lk/about/registered-inactive-ngos,
phone,pass,Published phone: 011-4-513091 ,https://ngosec.gov.lk/about/registered-inactive-ngos,
phone,pass,Published phone: 037-22-20555 ,https://ngosec.gov.lk/about/registered-inactive-ngos,
phone,pass,Published phone: 032-5-678921 ,https://ngosec.gov.lk/about/registered-inactive-ngos,
phone,pass,Published phone: 011-2-446312 ,https://ngosec.gov.lk/about/registered-inactive-ngos,
phone,pass,Published phone: 011-2-840755,https://ngosec.gov.lk/about/registered-inactive-ngos,
phone,pass,Published phone: 011- 4732611,https://ngosec.gov.lk/about/registered-inactive-ngos,
phone,pass,Published phone: 03. 011-2-5766,https://ngosec.gov.lk/about/registered-inactive-ngos,
phone,pass,Published phone: 06 011-2-5834,https://ngosec.gov.lk/about/registered-inactive-ngos,
phone,pass,Published phone: 071-2-247742,https://ngosec.gov.lk/about/registered-inactive-ngos,
phone,pass,Published phone: 011-2-842664,https://ngosec.gov.lk/about/registered-inactive-ngos,
phone,pass,Published phone: 0775-115528 ,https://ngosec.gov.lk/about/registered-inactive-ngos,
phone,pass,Published phone: 011-2-439195 ,https://ngosec.gov.lk/about/registered-inactive-ngos,
phone,pass,Published phone: 0777-396742 ,https://ngosec.gov.lk/about/registered-inactive-ngos,
phone,pass,Published phone: 055-22-23709,https://ngosec.gov.lk/about/registered-inactive-ngos,
phone,pass,Published phone: 072-2-967646,https://ngosec.gov.lk/about/registered-inactive-ngos,
phone,pass,Published phone: 04 011-2-5558,https://ngosec.gov.lk/about/registered-inactive-ngos,
phone,pass,Published phone: 011-4-945928 ,https://ngosec.gov.lk/about/registered-inactive-ngos,
phone,pass,Published phone: 077-3-501624 ,https://ngosec.gov.lk/about/registered-inactive-ngos,
phone,pass,Published phone: 033-22-82479 ,https://ngosec.gov.lk/about/registered-inactive-ngos,
phone,pass,Published phone: 047-22-46356 ,https://ngosec.gov.lk/about/registered-inactive-ngos,
phone,pass,Published phone: 011-2-610648 ,https://ngosec.gov.lk/about/registered-inactive-ngos,
phone,pass,Published phone: 091-4-924675,https://ngosec.gov.lk/about/registered-inactive-ngos,
phone,pass,Published phone: 011-4-406701 ,https://ngosec.gov.lk/about/registered-inactive-ngos,
phone,pass,Published phone: 011-2-554570 ,https://ngosec.gov.lk/about/registered-inactive-ngos,
phone,pass,Published phone: 077-9170932 ,https://ngosec.gov.lk/about/registered-inactive-ngos,
phone,pass,Published phone: 011-4-303927 ,https://ngosec.gov.lk/about/registered-inactive-ngos,
phone,pass,Published phone: 011-2-615606 ,https://ngosec.gov.lk/about/registered-inactive-ngos,
phone,pass,Published phone: 011-4-853063 ,https://ngosec.gov.lk/about/registered-inactive-ngos,
phone,pass,Published phone: 081-2-300150,https://ngosec.gov.lk/about/registered-inactive-ngos,
phone,pass,Published phone: 035-22-32891 ,https://ngosec.gov.lk/about/registered-inactive-ngos,
phone,pass,Published phone: 011-2-971004 ,https://ngosec.gov.lk/about/registered-inactive-ngos,
phone,pass,Published phone: 033-22-28827,https://ngosec.gov.lk/about/registered-inactive-ngos,
phone,pass,Published phone: 011-2-729517 ,https://ngosec.gov.lk/about/registered-inactive-ngos,
phone,pass,Published phone: 08. 011-2-6956,https://ngosec.gov.lk/about/registered-inactive-ngos,
phone,pass,Published phone: 081-22-11506,https://ngosec.gov.lk/about/registered-inactive-ngos,
phone,pass,Published phone: 071-8-361780,https://ngosec.gov.lk/about/registered-inactive-ngos,
phone,pass,Published phone: 011-2-827200 ,https://ngosec.gov.lk/about/registered-inactive-ngos,
phone,pass,Published phone: 011-5-830833,https://ngosec.gov.lk/about/registered-inactive-ngos,
phone,pass,Published phone: 077-4797017 ,https://ngosec.gov.lk/about/registered-inactive-ngos,
phone,pass,Published phone: 011-2-578238 ,https://ngosec.gov.lk/about/registered-inactive-ngos,
phone,pass,Published phone: 011-4-408004 ,https://ngosec.gov.lk/about/registered-inactive-ngos,
phone,pass,Published phone: 035-4-920436 ,https://ngosec.gov.lk/about/registered-inactive-ngos,
phone,pass,Published phone: 091-22-32804 ,https://ngosec.gov.lk/about/registered-inactive-ngos,
phone,pass,Published phone: 077-4-143222,https://ngosec.gov.lk/about/registered-inactive-ngos,
phone,pass,Published phone: 011-2-574024 ,https://ngosec.gov.lk/about/registered-inactive-ngos,
phone,pass,Published phone: 011-2- 597522,https://ngosec.gov.lk/about/registered-inactive-ngos,
phone,pass,Published phone: 011-2-598979 ,https://ngosec.gov.lk/about/registered-inactive-ngos,
phone,pass,Published phone: 077-0-040177,https://ngosec.gov.lk/about/registered-inactive-ngos,
phone,pass,Published phone: 011-2-551176 ,https://ngosec.gov.lk/about/registered-inactive-ngos,
phone,pass,Published phone: 011-2-597156 ,https://ngosec.gov.lk/about/registered-inactive-ngos,
phone,pass,Published phone: 011-2514141 ,https://ngosec.gov.lk/about/registered-inactive-ngos,
phone,pass,Published phone: 067-22-65192 ,https://ngosec.gov.lk/about/registered-inactive-ngos,
phone,pass,Published phone: 063-22-22314 ,https://ngosec.gov.lk/about/registered-inactive-ngos,
phone,pass,Published phone: 011-2-575770 ,https://ngosec.gov.lk/about/registered-inactive-ngos,
phone,pass,Published phone: 011-2-334949 ,https://ngosec.gov.lk/about/registered-inactive-ngos,
phone,pass,Published phone: 011-2-580095 ,https://ngosec.gov.lk/about/registered-inactive-ngos,
phone,pass,Published phone: 077-1-619300,https://ngosec.gov.lk/about/registered-inactive-ngos,
phone,pass,Published phone: 02 011-2-4312,https://ngosec.gov.lk/about/registered-inactive-ngos,
phone,pass,Published phone: 065-22-46095 ,https://ngosec.gov.lk/about/registered-inactive-ngos,
phone,pass,Published phone: 011-2-719982,https://ngosec.gov.lk/about/registered-inactive-ngos,
phone,pass,Published phone: 011-2-696100 ,https://ngosec.gov.lk/about/registered-inactive-ngos,
phone,pass,Published phone: 067-22-21876 ,https://ngosec.gov.lk/about/registered-inactive-ngos,
phone,pass,Published phone: 011-2-810286 ,https://ngosec.gov.lk/about/registered-inactive-ngos,
phone,pass,Published phone: 026 -4920048,https://ngosec.gov.lk/about/registered-inactive-ngos,
phone,pass,Published phone: 011-2-686351 ,https://ngosec.gov.lk/about/registered-inactive-ngos,
phone,pass,Published phone: 011-4-258169 ,https://ngosec.gov.lk/about/registered-inactive-ngos,
phone,pass,Published phone: 011-2-864530 ,https://ngosec.gov.lk/about/registered-inactive-ngos,
phone,pass,Published phone: 081-2-301628 ,https://ngosec.gov.lk/about/registered-inactive-ngos,
phone,pass,Published phone: 011-2-229352 ,https://ngosec.gov.lk/about/registered-inactive-ngos,
phone,pass,Published phone: 032- 22-22441 ,https://ngosec.gov.lk/about/registered-inactive-ngos,
phone,pass,Published phone: 011-2-552417 ,https://ngosec.gov.lk/about/registered-inactive-ngos,
phone,pass,Published phone: 011-2-768469 ,https://ngosec.gov.lk/about/registered-inactive-ngos,
phone,pass,Published phone: 081-2205909 ,https://ngosec.gov.lk/about/registered-inactive-ngos,
phone,pass,Published phone: 045-2279377,https://ngosec.gov.lk/about/registered-inactive-ngos,
phone,pass,Published phone: 078-6147952,https://ngosec.gov.lk/about/registered-inactive-ngos,
phone,pass,Published phone: 011-2-683848 ,https://ngosec.gov.lk/about/registered-inactive-ngos,
phone,pass,Published phone: 071-1343094 ,https://ngosec.gov.lk/about/registered-inactive-ngos,
phone,pass,Published phone: 072-2-198871 ,https://ngosec.gov.lk/about/registered-inactive-ngos,
phone,pass,Published phone: 077-3-258607 ,https://ngosec.gov.lk/about/registered-inactive-ngos,
phone,pass,Published phone: 077-6273534 ,https://ngosec.gov.lk/about/registered-inactive-ngos,
phone,pass,Published phone: 071-2-330599 ,https://ngosec.gov.lk/about/registered-inactive-ngos,
phone,pass,Published phone: 011-4-201867,https://ngosec.gov.lk/about/registered-inactive-ngos,
phone,pass,Published phone: 0 011-2-55502,https://ngosec.gov.lk/about/registered-inactive-ngos,
phone,pass,Published phone: 011-2- 506944 ,https://ngosec.gov.lk/about/registered-inactive-ngos,
phone,pass,Published phone: 037-22-93676 ,https://ngosec.gov.lk/about/registered-inactive-ngos,
phone,pass,Published phone: 011-2-509829 ,https://ngosec.gov.lk/about/registered-inactive-ngos,
phone,pass,Published phone: 011-4-202393 ,https://ngosec.gov.lk/about/registered-inactive-ngos,
phone,pass,Published phone: 08. 077-6-6142,https://ngosec.gov.lk/about/registered-inactive-ngos,
phone,pass,Published phone: 0777-623530 ,https://ngosec.gov.lk/about/registered-inactive-ngos,
phone,pass,Published phone: 071-2-761602 ,https://ngosec.gov.lk/about/registered-inactive-ngos,
phone,pass,Published phone: 04. 011-2-5993,https://ngosec.gov.lk/about/registered-inactive-ngos,
phone,pass,Published phone: 011-5-353038,https://ngosec.gov.lk/about/registered-inactive-ngos,
phone,pass,Published phone: 011-2-290999 ,https://ngosec.gov.lk/about/registered-inactive-ngos,
phone,pass,Published phone: 055-22-29310 ,https://ngosec.gov.lk/about/registered-inactive-ngos,
phone,pass,Published phone: 077-7-274313 ,https://ngosec.gov.lk/about/registered-inactive-ngos,
phone,pass,Published phone: 011-2972002,https://ngosec.gov.lk/about/registered-inactive-ngos,
phone,pass,Published phone: 035-22-32154,https://ngosec.gov.lk/about/registered-inactive-ngos,
phone,pass,Published phone: 011-4-541941 ,https://ngosec.gov.lk/about/registered-inactive-ngos,
phone,pass,Published phone: 071-2-210061 ,https://ngosec.gov.lk/about/registered-inactive-ngos,
phone,pass,Published phone: 01 011-2-4212,https://ngosec.gov.lk/about/registered-inactive-ngos,
phone,pass,Published phone: 091-22-58355 ,https://ngosec.gov.lk/about/registered-inactive-ngos,
phone,pass,Published phone: 033-22-92030 ,https://ngosec.gov.lk/about/registered-inactive-ngos,
phone,pass,Published phone: 011-4-449750 ,https://ngosec.gov.lk/about/registered-inactive-ngos,
phone,pass,Published phone: 011-2-805953 ,https://ngosec.gov.lk/about/registered-inactive-ngos,
phone,pass,Published phone: 011-2-911875 ,https://ngosec.gov.lk/about/registered-inactive-ngos,
phone,pass,Published phone: 078-8-662130 ,https://ngosec.gov.lk/about/registered-inactive-ngos,
phone,pass,Published phone: 081-2-234739 ,https://ngosec.gov.lk/about/registered-inactive-ngos,
phone,pass,Published phone: 055-22-65603 ,https://ngosec.gov.lk/about/registered-inactive-ngos,
phone,pass,Published phone: 011-2-875019,https://ngosec.gov.lk/about/registered-inactive-ngos,
phone,pass,Published phone: 060-23-84257 ,https://ngosec.gov.lk/about/registered-inactive-ngos,
phone,pass,Published phone: 077-9-848492 ,https://ngosec.gov.lk/about/registered-inactive-ngos,
phone,pass,Published phone: 035-22-47696 ,https://ngosec.gov.lk/about/registered-inactive-ngos,
phone,pass,Published phone: 067-22-50504,https://ngosec.gov.lk/about/registered-inactive-ngos,
phone,pass,Published phone: 036-22-66829 ,https://ngosec.gov.lk/about/registered-inactive-ngos,
phone,pass,Published phone: 05 011-2-9254,https://ngosec.gov.lk/about/registered-inactive-ngos,
phone,pass,Published phone: 071-2-299006 ,https://ngosec.gov.lk/about/registered-inactive-ngos,
phone,pass,Published phone: 011-2-841871,https://ngosec.gov.lk/about/registered-inactive-ngos,
phone,pass,Published phone: 011-2-354676 ,https://ngosec.gov.lk/about/registered-inactive-ngos,
phone,pass,Published phone: 011-2-926776,https://ngosec.gov.lk/about/registered-inactive-ngos,
phone,pass,Published phone: 0. 011-2-68680,https://ngosec.gov.lk/about/registered-inactive-ngos,
phone,pass,Published phone: 011-2-304858,https://ngosec.gov.lk/about/registered-inactive-ngos,
phone,pass,Published phone: 011-2-604813 ,https://ngosec.gov.lk/about/registered-inactive-ngos,
phone,pass,Published phone: 08 011-2-6882,https://ngosec.gov.lk/about/registered-inactive-ngos,
phone,pass,Published phone: 07. 011-2-6988,https://ngosec.gov.lk/about/registered-inactive-ngos,
phone,pass,Published phone: 0777-270662 ,https://ngosec.gov.lk/about/registered-inactive-ngos,
phone,pass,Published phone: 091-22-24613,https://ngosec.gov.lk/about/registered-inactive-ngos,
phone,pass,Published phone: 091-22-46328 ,https://ngosec.gov.lk/about/registered-inactive-ngos,
phone,pass,Published phone: 077-6-400238 ,https://ngosec.gov.lk/about/registered-inactive-ngos,
phone,pass,Published phone: 06 071-4-0203,https://ngosec.gov.lk/about/registered-inactive-ngos,
phone,pass,Published phone: 07. 011-42091,https://ngosec.gov.lk/about/registered-inactive-ngos,
phone,pass,Published phone: 011-3-188154,https://ngosec.gov.lk/about/registered-inactive-ngos,
phone,pass,Published phone: 0777-413029 ,https://ngosec.gov.lk/about/registered-inactive-ngos,
phone,pass,Published phone: 0714-435007,https://ngosec.gov.lk/about/registered-inactive-ngos,
phone,pass,Published phone: 024-22-25842 ,https://ngosec.gov.lk/about/registered-inactive-ngos,
phone,pass,Published phone: 011-2-554220 ,https://ngosec.gov.lk/about/registered-inactive-ngos,
phone,pass,Published phone: 0777-272439 ,https://ngosec.gov.lk/about/registered-inactive-ngos,
phone,pass,Published phone: 065-22-22776,https://ngosec.gov.lk/about/registered-inactive-ngos,
phone,pass,Published phone: 06 011-2-5866,https://ngosec.gov.lk/about/registered-inactive-ngos,
phone,pass,Published phone: 011-2-850770,https://ngosec.gov.lk/about/registered-inactive-ngos,
phone,pass,Published phone: 011-4-419155,https://ngosec.gov.lk/about/registered-inactive-ngos,
phone,pass,Published phone: 078-8-854354 ,https://ngosec.gov.lk/about/registered-inactive-ngos,
phone,pass,Published phone: 011-2-685684,https://ngosec.gov.lk/about/registered-inactive-ngos,
phone,pass,Published phone: 041-22-50337 ,https://ngosec.gov.lk/about/registered-inactive-ngos,
phone,pass,Published phone: 067-22-29389 ,https://ngosec.gov.lk/about/registered-inactive-ngos,
phone,pass,Published phone: 077-3-387688 ,https://ngosec.gov.lk/about/registered-inactive-ngos,
phone,pass,Published phone: 011-2-773929 ,https://ngosec.gov.lk/about/registered-inactive-ngos,
phone,pass,Published phone: 011-4-338336 ,https://ngosec.gov.lk/about/registered-inactive-ngos,
phone,pass,Published phone: 075-5359547 ,https://ngosec.gov.lk/about/registered-inactive-ngos,
phone,pass,Published phone: 077-9-852367 ,https://ngosec.gov.lk/about/registered-inactive-ngos,
phone,pass,Published phone: 011-2-780936 ,https://ngosec.gov.lk/about/registered-inactive-ngos,
phone,pass,Published phone: 077-6-912558,https://ngosec.gov.lk/about/registered-inactive-ngos,
phone,pass,Published phone: 05 011-2-3689,https://ngosec.gov.lk/about/registered-inactive-ngos,
phone,pass,Published phone: 06. 011-4-8802,https://ngosec.gov.lk/about/registered-inactive-ngos,
phone,pass,Published phone: 011-2-694058,https://ngosec.gov.lk/about/registered-inactive-ngos,
phone,pass,Published phone: 011-5-730056 ,https://ngosec.gov.lk/about/registered-inactive-ngos,
phone,pass,Published phone: 0777-420540 ,https://ngosec.gov.lk/about/registered-inactive-ngos,
phone,pass,Published phone: 011-2-815162,https://ngosec.gov.lk/about/registered-inactive-ngos,
phone,pass,Published phone: 091-22-34281 ,https://ngosec.gov.lk/about/registered-inactive-ngos,
phone,pass,Published phone: 032-22-66247 ,https://ngosec.gov.lk/about/registered-inactive-ngos,
phone,pass,Published phone: 051-22-42316 ,https://ngosec.gov.lk/about/registered-inactive-ngos,
phone,pass,Published phone: 032-22-47665 ,https://ngosec.gov.lk/about/registered-inactive-ngos,
phone,pass,Published phone: 021-22-25086 ,https://ngosec.gov.lk/about/registered-inactive-ngos,
phone,pass,Published phone: 011-2-724004 ,https://ngosec.gov.lk/about/registered-inactive-ngos,
phone,pass,Published phone: 03 011-2-3753,https://ngosec.gov.lk/about/registered-inactive-ngos,
phone,pass,Published phone: 037-22-93514 ,https://ngosec.gov.lk/about/registered-inactive-ngos,
phone,pass,Published phone: 05 011-2-3684,https://ngosec.gov.lk/about/registered-inactive-ngos,
phone,pass,Published phone: 05 011-4-3610,https://ngosec.gov.lk/about/registered-inactive-ngos,
phone,pass,Published phone: 0718-042328 ,https://ngosec.gov.lk/about/registered-inactive-ngos,
phone,pass,Published phone: 011-2-391777 ,https://ngosec.gov.lk/about/registered-inactive-ngos,
phone,pass,Published phone: 011 -2-448493 ,https://ngosec.gov.lk/about/registered-inactive-ngos,
phone,pass,Published phone: 011-2-823101 ,https://ngosec.gov.lk/about/registered-inactive-ngos,
phone,pass,Published phone: 067-22-50501,https://ngosec.gov.lk/about/registered-inactive-ngos,
phone,pass,Published phone: 041-22-24666 ,https://ngosec.gov.lk/about/registered-inactive-ngos,
phone,pass,Published phone: 065-22-23108,https://ngosec.gov.lk/about/registered-inactive-ngos,
phone,pass,Published phone: 011-2-595354 ,https://ngosec.gov.lk/about/registered-inactive-ngos,
phone,pass,Published phone: 077-6-736061 ,https://ngosec.gov.lk/about/registered-inactive-ngos,
phone,pass,Published phone: 033-22-26137,https://ngosec.gov.lk/about/registered-inactive-ngos,
phone,pass,Published phone: 025-22-47442 ,https://ngosec.gov.lk/about/registered-inactive-ngos,
phone,pass,Published phone: 05 011-5-5185,https://ngosec.gov.lk/about/registered-inactive-ngos,
phone,pass,Published phone: 08. 011-2-6902,https://ngosec.gov.lk/about/registered-inactive-ngos,
phone,pass,Published phone: 011-3-065838,https://ngosec.gov.lk/about/registered-inactive-ngos,
phone,pass,Published phone: 081-2-375189 ,https://ngosec.gov.lk/about/registered-inactive-ngos,
phone,pass,Published phone: 011-2-787236,https://ngosec.gov.lk/about/registered-inactive-ngos,
phone,pass,Published phone: 057-22-22698 ,https://ngosec.gov.lk/about/registered-inactive-ngos,
phone,pass,Published phone: 011-2-793060 ,https://ngosec.gov.lk/about/registered-inactive-ngos,
phone,pass,Published phone: 0711-003284 ,https://ngosec.gov.lk/about/registered-inactive-ngos,
phone,pass,Published phone: 011-2-507112 ,https://ngosec.gov.lk/about/registered-inactive-ngos,
phone,pass,Published phone: 011-2-555887 ,https://ngosec.gov.lk/about/registered-inactive-ngos,
phone,pass,Published phone: 045-22-62530,https://ngosec.gov.lk/about/registered-inactive-ngos,
phone,pass,Published phone: 038-22-93078 ,https://ngosec.gov.lk/about/registered-inactive-ngos,
phone,pass,Published phone: 047-22-23485 ,https://ngosec.gov.lk/about/registered-inactive-ngos,
phone,pass,Published phone: 032-4-920489 ,https://ngosec.gov.lk/about/registered-inactive-ngos,
phone,pass,Published phone: 077-6-440578 ,https://ngosec.gov.lk/about/registered-inactive-ngos,
phone,pass,Published phone: 011-2-665966 ,https://ngosec.gov.lk/about/registered-inactive-ngos,
phone,pass,Published phone: 011-2- 655122,https://ngosec.gov.lk/about/registered-inactive-ngos,
phone,pass,Published phone: 011-2-871377 ,https://ngosec.gov.lk/about/registered-inactive-ngos,
phone,pass,Published phone: 011-4-402721 ,https://ngosec.gov.lk/about/registered-inactive-ngos,
phone,pass,Published phone: 072-2-223857,https://ngosec.gov.lk/about/registered-inactive-ngos,
phone,pass,Published phone: 0777-388553 ,https://ngosec.gov.lk/about/registered-inactive-ngos,
phone,pass,Published phone: 051-2223511 ,https://ngosec.gov.lk/about/registered-inactive-ngos,
phone,pass,Published phone: 011-2-448664 ,https://ngosec.gov.lk/about/registered-inactive-ngos,
phone,pass,Published phone: 0777-472594 ,https://ngosec.gov.lk/about/registered-inactive-ngos,
phone,pass,Published phone: 011-2-591122 ,https://ngosec.gov.lk/about/registered-inactive-ngos,
phone,pass,Published phone: 060-2902635 ,https://ngosec.gov.lk/about/registered-inactive-ngos,
phone,pass,Published phone: 08. 077-72644,https://ngosec.gov.lk/about/registered-inactive-ngos,
phone,pass,Published phone: 011-2-784158 ,https://ngosec.gov.lk/about/registered-inactive-ngos,
phone,pass,Published phone: 033-22-87610,https://ngosec.gov.lk/about/registered-inactive-ngos,
phone,pass,Published phone: 011-2-514542 ,https://ngosec.gov.lk/about/registered-inactive-ngos,
phone,pass,Published phone: 011-2-301460 ,https://ngosec.gov.lk/about/registered-inactive-ngos,
phone,pass,Published phone: 060-2336915 ,https://ngosec.gov.lk/about/registered-inactive-ngos,
phone,pass,Published phone: 034-22-52206 ,https://ngosec.gov.lk/about/registered-inactive-ngos,
phone,pass,Published phone: 011-5-352247 ,https://ngosec.gov.lk/about/registered-inactive-ngos,
phone,pass,Published phone: 011-2-872449 ,https://ngosec.gov.lk/about/registered-inactive-ngos,
phone,pass,Published phone: 071-2-756833 ,https://ngosec.gov.lk/about/registered-inactive-ngos,
phone,pass,Published phone: 038-2234073 ,https://ngosec.gov.lk/about/registered-inactive-ngos,
phone,pass,Published phone: 011-2-694496 ,https://ngosec.gov.lk/about/registered-inactive-ngos,
phone,pass,Published phone: 011-5-341943,https://ngosec.gov.lk/about/registered-inactive-ngos,
phone,pass,Published phone: 07 011-2-5070,https://ngosec.gov.lk/about/registered-inactive-ngos,
phone,pass,Published phone: 0777-872219 ,https://ngosec.gov.lk/about/registered-inactive-ngos,
phone,pass,Published phone: 011-4-440944,https://ngosec.gov.lk/about/registered-inactive-ngos,
phone,pass,Published phone: 071-4-064116,https://ngosec.gov.lk/about/registered-inactive-ngos,
phone,pass,Published phone: 07 077-44899,https://ngosec.gov.lk/about/registered-inactive-ngos,
phone,pass,Published phone: 077-2597377,https://ngosec.gov.lk/about/registered-inactive-ngos,
phone,pass,Published phone: 037-22-99085 ,https://ngosec.gov.lk/about/registered-inactive-ngos,
phone,pass,Published phone: 091-22-34629 ,https://ngosec.gov.lk/about/registered-inactive-ngos,
phone,pass,Published phone: 011-4-616894,https://ngosec.gov.lk/about/registered-inactive-ngos,
phone,pass,Published phone: 091-22-59492,https://ngosec.gov.lk/about/registered-inactive-ngos,
phone,pass,Published phone: 077-7767646 ,https://ngosec.gov.lk/about/registered-inactive-ngos,
phone,pass,Published phone: 011-2-365958 ,https://ngosec.gov.lk/about/registered-inactive-ngos,
phone,pass,Published phone: 04 011-2-5543,https://ngosec.gov.lk/about/registered-inactive-ngos,
phone,pass,Published phone: 066-22-22277 ,https://ngosec.gov.lk/about/registered-inactive-ngos,
phone,pass,Published phone: 025-22-78319,https://ngosec.gov.lk/about/registered-inactive-ngos,
phone,pass,Published phone: 011-5-533542 ,https://ngosec.gov.lk/about/registered-inactive-ngos,
phone,pass,Published phone: 077-7-479046 ,https://ngosec.gov.lk/about/registered-inactive-ngos,
phone,pass,Published phone: 011-2-671723 ,https://ngosec.gov.lk/about/registered-inactive-ngos,
phone,pass,Published phone: 03 011-2-7364,https://ngosec.gov.lk/about/registered-inactive-ngos,
phone,pass,Published phone: 011-2-592688 ,https://ngosec.gov.lk/about/registered-inactive-ngos,
phone,pass,Published phone: 011-2-669320 ,https://ngosec.gov.lk/about/registered-inactive-ngos,
phone,pass,Published phone: 011-2-434929 ,https://ngosec.gov.lk/about/registered-inactive-ngos,
phone,pass,Published phone: 01. 037-56116,https://ngosec.gov.lk/about/registered-inactive-ngos,
phone,pass,Published phone: 033-22-56167,https://ngosec.gov.lk/about/registered-inactive-ngos,
phone,pass,Published phone: 011-2-653881,https://ngosec.gov.lk/about/registered-inactive-ngos,
phone,pass,Published phone: 045-5-673354 ,https://ngosec.gov.lk/about/registered-inactive-ngos,
phone,pass,Published phone: 05 011-2-5840,https://ngosec.gov.lk/about/registered-inactive-ngos,
phone,pass,Published phone: 071-2-775901 ,https://ngosec.gov.lk/about/registered-inactive-ngos,
phone,pass,Published phone: 081-2-498854,https://ngosec.gov.lk/about/registered-inactive-ngos,
phone,pass,Published phone: 011-2-510104 ,https://ngosec.gov.lk/about/registered-inactive-ngos,
phone,pass,Published phone: 011-2-906834 ,https://ngosec.gov.lk/about/registered-inactive-ngos,
phone,pass,Published phone: 077-7-797747 ,https://ngosec.gov.lk/about/registered-inactive-ngos,
phone,pass,Published phone: 035-22-28612 ,https://ngosec.gov.lk/about/registered-inactive-ngos,
phone,pass,Published phone: 071-4-230089,https://ngosec.gov.lk/about/registered-inactive-ngos,
phone,pass,Published phone: 047-22-20193 ,https://ngosec.gov.lk/about/registered-inactive-ngos,
phone,pass,Published phone: 072-2-252301 ,https://ngosec.gov.lk/about/registered-inactive-ngos,
phone,pass,Published phone: 011-2-869393 ,https://ngosec.gov.lk/about/registered-inactive-ngos,
phone,pass,Published phone: 081-4-813680,https://ngosec.gov.lk/about/registered-inactive-ngos,
phone,pass,Published phone: 037-22-60555 ,https://ngosec.gov.lk/about/registered-inactive-ngos,
phone,pass,Published phone: 011-2-852315 ,https://ngosec.gov.lk/about/registered-inactive-ngos,
phone,pass,Published phone: 077-6986961,https://ngosec.gov.lk/about/registered-inactive-ngos,
phone,pass,Published phone: 011-4-712329,https://ngosec.gov.lk/about/registered-inactive-ngos,
phone,pass,Published phone: 021-3210489 ,https://ngosec.gov.lk/about/registered-inactive-ngos,
phone,pass,Published phone: 011-2-916147 ,https://ngosec.gov.lk/about/registered-inactive-ngos,
phone,pass,Published phone: 0400 011-4-97,https://ngosec.gov.lk/about/registered-inactive-ngos,
phone,pass,Published phone: 060-22-41516 ,https://ngosec.gov.lk/about/registered-inactive-ngos,
phone,pass,Published phone: 0714040848 ,https://ngosec.gov.lk/about/registered-inactive-ngos,
phone,pass,Published phone: 03 011-2-3656,https://ngosec.gov.lk/about/registered-inactive-ngos,
phone,pass,Published phone: 03 011-2-5414,https://ngosec.gov.lk/about/registered-inactive-ngos,
phone,pass,Published phone: 025-4-581120-,https://ngosec.gov.lk/about/registered-inactive-ngos,
phone,pass,Published phone: 011-2-868638 ,https://ngosec.gov.lk/about/registered-inactive-ngos,
phone,pass,Published phone: 011-2-324488 ,https://ngosec.gov.lk/about/registered-inactive-ngos,
phone,pass,Published phone: 071-4-075922,https://ngosec.gov.lk/about/registered-inactive-ngos,
phone,pass,Published phone: 077-6-503742 ,https://ngosec.gov.lk/about/registered-inactive-ngos,
phone,pass,Published phone: 011-2-850761 ,https://ngosec.gov.lk/about/registered-inactive-ngos,
phone,pass,Published phone: 05. 011-5-3331,https://ngosec.gov.lk/about/registered-inactive-ngos,
phone,pass,Published phone: 077-6959038 ,https://ngosec.gov.lk/about/registered-inactive-ngos,
phone,pass,Published phone: 011-4-202271 ,https://ngosec.gov.lk/about/registered-inactive-ngos,
phone,pass,Published phone: 041-22-27934,https://ngosec.gov.lk/about/registered-inactive-ngos,
phone,pass,Published phone: 011-4-516024 ,https://ngosec.gov.lk/about/registered-inactive-ngos,
phone,pass,Published phone: 072-5746488 ,https://ngosec.gov.lk/about/registered-inactive-ngos,
phone,pass,Published phone: 011-2-846949,https://ngosec.gov.lk/about/registered-inactive-ngos,
phone,pass,Published phone: 055-22-23166 ,https://ngosec.gov.lk/about/registered-inactive-ngos,
phone,pass,Published phone: 02 011-2-8149,https://ngosec.gov.lk/about/registered-inactive-ngos,
phone,pass,Published phone: 0112-727941,https://ngosec.gov.lk/about/registered-inactive-ngos,
phone,pass,Published phone: 011-4-983610 ,https://ngosec.gov.lk/about/registered-inactive-ngos,
phone,pass,Published phone: 033-22-92031 ,https://ngosec.gov.lk/about/registered-inactive-ngos,
phone,pass,Published phone: 0777-116627 ,https://ngosec.gov.lk/about/registered-inactive-ngos,
phone,pass,Published phone: 011-2-309333 ,https://ngosec.gov.lk/about/registered-inactive-ngos,
phone,pass,Published phone: 011-2-786807 ,https://ngosec.gov.lk/about/registered-inactive-ngos,
phone,pass,Published phone: 035-22-30269 ,https://ngosec.gov.lk/about/registered-inactive-ngos,
phone,pass,Published phone: 055-22-88090 ,https://ngosec.gov.lk/about/registered-inactive-ngos,
phone,pass,Published phone: 045-22-30375,https://ngosec.gov.lk/about/registered-inactive-ngos,
phone,pass,Published phone: 05 011-2-6988,https://ngosec.gov.lk/about/registered-inactive-ngos,
phone,pass,Published phone: 034-22-43301,https://ngosec.gov.lk/about/registered-inactive-ngos,
phone,pass,Published phone: 07 078-5-6558,https://ngosec.gov.lk/about/registered-inactive-ngos,
phone,pass,Published phone: 045-22-30683 ,https://ngosec.gov.lk/about/registered-inactive-ngos,
phone,pass,Published phone: 011-4-442750,https://ngosec.gov.lk/about/registered-inactive-ngos,
phone,pass,Published phone: 07. 011-2-5033,https://ngosec.gov.lk/about/registered-inactive-ngos,
phone,pass,Published phone: 047-22-22333 ,https://ngosec.gov.lk/about/registered-inactive-ngos,
phone,pass,Published phone: 011-2- 844863 ,https://ngosec.gov.lk/about/registered-inactive-ngos,
phone,pass,Published phone: 02 011-2-3246,https://ngosec.gov.lk/about/registered-inactive-ngos,
phone,pass,Published phone: 027-22-50330,https://ngosec.gov.lk/about/registered-inactive-ngos,
phone,pass,Published phone: 0112437745,https://ngosec.gov.lk/about/registered-inactive-ngos,
phone,pass,Published phone: 07. 011-5-3233,https://ngosec.gov.lk/about/registered-inactive-ngos,
phone,pass,Published phone: 063-22-24308 ,https://ngosec.gov.lk/about/registered-inactive-ngos,
phone,pass,Published phone: 011-4-209677 ,https://ngosec.gov.lk/about/registered-inactive-ngos,
phone,pass,Published phone: 071-2-727741 ,https://ngosec.gov.lk/about/registered-inactive-ngos,
phone,pass,Published phone: 011-2-300997 ,https://ngosec.gov.lk/about/registered-inactive-ngos,
phone,pass,Published phone: 011-4-406082 ,https://ngosec.gov.lk/about/registered-inactive-ngos,
phone,pass,Published phone: 06 011-2-6655,https://ngosec.gov.lk/about/registered-inactive-ngos,
phone,pass,Published phone: 077-1-542119 ,https://ngosec.gov.lk/about/registered-inactive-ngos,
phone,pass,Published phone: 047-22-37489 ,https://ngosec.gov.lk/about/registered-inactive-ngos,
phone,pass,Published phone: 071-2-762454,https://ngosec.gov.lk/about/registered-inactive-ngos,
phone,pass,Published phone: 011-2-343953 ,https://ngosec.gov.lk/about/registered-inactive-ngos,
phone,pass,Published phone: 032-22-68685 ,https://ngosec.gov.lk/about/registered-inactive-ngos,
phone,pass,Published phone: 011-2-576460 ,https://ngosec.gov.lk/about/registered-inactive-ngos,
phone,pass,Published phone: 021-22-07579 ,https://ngosec.gov.lk/about/registered-inactive-ngos,
phone,pass,Published phone: 011-2-878710 ,https://ngosec.gov.lk/about/registered-inactive-ngos,
phone,pass,Published phone: 011-2-693082,https://ngosec.gov.lk/about/registered-inactive-ngos,
phone,pass,Published phone: 077-9-512496 ,https://ngosec.gov.lk/about/registered-inactive-ngos,
phone,pass,Published phone: 011-2-862655 ,https://ngosec.gov.lk/about/registered-inactive-ngos,
phone,pass,Published phone: 011-2-723947 ,https://ngosec.gov.lk/about/registered-inactive-ngos,
phone,pass,Published phone: 05 011-2-7129,https://ngosec.gov.lk/about/registered-inactive-ngos,
phone,pass,Published phone: 0117-918839,https://ngosec.gov.lk/about/registered-inactive-ngos,
phone,pass,Published phone: 071-4401511,https://ngosec.gov.lk/about/registered-inactive-ngos,
phone,pass,Published phone: 011-4-200559 ,https://ngosec.gov.lk/about/registered-inactive-ngos,
phone,pass,Published phone: 071-4-143907,https://ngosec.gov.lk/about/registered-inactive-ngos,
phone,pass,Published phone: 091-22-45863,https://ngosec.gov.lk/about/registered-inactive-ngos,
phone,pass,Published phone: 033-22-79321 ,https://ngosec.gov.lk/about/registered-inactive-ngos,
phone,pass,Published phone: 011-2-559221 ,https://ngosec.gov.lk/about/registered-inactive-ngos,
phone,pass,Published phone: 077-6-517213,https://ngosec.gov.lk/about/registered-inactive-ngos,
phone,pass,Published phone: 011-5-359259 ,https://ngosec.gov.lk/about/registered-inactive-ngos,
phone,pass,Published phone: 05. 011-4-5411,https://ngosec.gov.lk/about/registered-inactive-ngos,
phone,pass,Published phone: 011-5-342479 ,https://ngosec.gov.lk/about/registered-inactive-ngos,
phone,pass,Published phone: 011-2-843600 ,https://ngosec.gov.lk/about/registered-inactive-ngos,
phone,pass,Published phone: 072-2-689242 ,https://ngosec.gov.lk/about/registered-inactive-ngos,
phone,pass,Published phone: 05 011-5-3001,https://ngosec.gov.lk/about/registered-inactive-ngos,
phone,pass,Published phone: 011-2-829043 ,https://ngosec.gov.lk/about/registered-inactive-ngos,
phone,pass,Published phone: 047-4917231 ,https://ngosec.gov.lk/about/registered-inactive-ngos,
phone,pass,Published phone: 011-2-801960 ,https://ngosec.gov.lk/about/registered-inactive-ngos,
phone,pass,Published phone: 091-22-46035 ,https://ngosec.gov.lk/about/registered-inactive-ngos,
phone,pass,Published phone: 072-3-586227,https://ngosec.gov.lk/about/registered-inactive-ngos,
phone,pass,Published phone: 05 071-2-7377,https://ngosec.gov.lk/about/registered-inactive-ngos,
phone,pass,Published phone: 081-3803046 ,https://ngosec.gov.lk/about/registered-inactive-ngos,
phone,pass,Published phone: 011-2-472535 ,https://ngosec.gov.lk/about/registered-inactive-ngos,
phone,pass,Published phone: 047-22- 38011,https://ngosec.gov.lk/about/registered-inactive-ngos,
phone,pass,Published phone: 024-22-25234 ,https://ngosec.gov.lk/about/registered-inactive-ngos,
phone,pass,Published phone: 011-2-694999 ,https://ngosec.gov.lk/about/registered-inactive-ngos,
phone,pass,Published phone: 021-32-13293 ,https://ngosec.gov.lk/about/registered-inactive-ngos,
phone,pass,Published phone: 011-4-201275 ,https://ngosec.gov.lk/about/registered-inactive-ngos,
phone,pass,Published phone: 011-4- 524812 ,https://ngosec.gov.lk/about/registered-inactive-ngos,
phone,pass,Published phone: 081-2-375006,https://ngosec.gov.lk/about/registered-inactive-ngos,
phone,pass,Published phone: 011-4-304116,https://ngosec.gov.lk/about/registered-inactive-ngos,
phone,pass,Published phone: 025-22-20178 ,https://ngosec.gov.lk/about/registered-inactive-ngos,
phone,pass,Published phone: 041-22-92288 ,https://ngosec.gov.lk/about/registered-inactive-ngos,
phone,pass,Published phone: 09 077-7-5173,https://ngosec.gov.lk/about/registered-inactive-ngos,
phone,pass,Published phone: 011-2-851309 ,https://ngosec.gov.lk/about/registered-inactive-ngos,
phone,pass,Published phone: 055-22-73400 ,https://ngosec.gov.lk/about/registered-inactive-ngos,
phone,pass,Published phone: 076-5454188 ,https://ngosec.gov.lk/about/registered-inactive-ngos,
phone,pass,Published phone: 077-2516970,https://ngosec.gov.lk/about/registered-inactive-ngos,
phone,pass,Published phone: 091-22-77495 ,https://ngosec.gov.lk/about/registered-inactive-ngos,
phone,pass,Published phone: 077-7-738685,https://ngosec.gov.lk/about/registered-inactive-ngos,
phone,pass,Published phone: 0777-656050 ,https://ngosec.gov.lk/about/registered-inactive-ngos,
phone,pass,Published phone: 011-4-419150,https://ngosec.gov.lk/about/registered-inactive-ngos,
phone,pass,Published phone: 066-22-30829 ,https://ngosec.gov.lk/about/registered-inactive-ngos,
phone,pass,Published phone: 081-2-055049,https://ngosec.gov.lk/about/registered-inactive-ngos,
phone,pass,Published phone: 085-542-9357(,https://ngosec.gov.lk/about/registered-inactive-ngos,
phone,pass,Published phone: 011-2-529256 ,https://ngosec.gov.lk/about/registered-inactive-ngos,
phone,pass,Published phone: 011-2-290288 ,https://ngosec.gov.lk/about/registered-inactive-ngos,
phone,pass,Published phone: 077-4578791 ,https://ngosec.gov.lk/about/registered-inactive-ngos,
phone,pass,Published phone: 026-22-36973 ,https://ngosec.gov.lk/about/registered-inactive-ngos,
phone,pass,Published phone: 091-4-925484 ,https://ngosec.gov.lk/about/registered-inactive-ngos,
phone,pass,Published phone: 011-2-698183 ,https://ngosec.gov.lk/about/registered-inactive-ngos,
phone,pass,Published phone: 06 011-2-5049,https://ngosec.gov.lk/about/registered-inactive-ngos,
phone,pass,Published phone: 03 077-3-3316,https://ngosec.gov.lk/about/registered-inactive-ngos,
phone,pass,Published phone: 011-7-399090,https://ngosec.gov.lk/about/registered-inactive-ngos,
phone,pass,Published phone: 011-2-805367-,https://ngosec.gov.lk/about/registered-inactive-ngos,
phone,pass,Published phone: 091-4-920054,https://ngosec.gov.lk/about/registered-inactive-ngos,
phone,pass,Published phone: 02. 0777-3143,https://ngosec.gov.lk/about/registered-inactive-ngos,
phone,pass,Published phone: 05 011-2-5595,https://ngosec.gov.lk/about/registered-inactive-ngos,
phone,pass,Published phone: 011-2-869623 ,https://ngosec.gov.lk/about/registered-inactive-ngos,
phone,pass,Published phone: 057-22-23157,https://ngosec.gov.lk/about/registered-inactive-ngos,
phone,pass,Published phone: 071-9-896035,https://ngosec.gov.lk/about/registered-inactive-ngos,
phone,pass,Published phone: 06 0777-8044,https://ngosec.gov.lk/about/registered-inactive-ngos,
phone,pass,Published phone: 072-3-386455 ,https://ngosec.gov.lk/about/registered-inactive-ngos,
phone,pass,Published phone: 071-8-272150 ,https://ngosec.gov.lk/about/registered-inactive-ngos,
phone,pass,Published phone: 055-7-200121,https://ngosec.gov.lk/about/registered-inactive-ngos,
phone,pass,Published phone: 011-5-364764,https://ngosec.gov.lk/about/registered-inactive-ngos,
phone,pass,Published phone: 04 011-5-3382,https://ngosec.gov.lk/about/registered-inactive-ngos,
phone,pass,Published phone: 0 011-2-67681,https://ngosec.gov.lk/about/registered-inactive-ngos,
phone,pass,Published phone: 05. 011-2-8294,https://ngosec.gov.lk/about/registered-inactive-ngos,
phone,pass,Published phone: 065-22-58051 ,https://ngosec.gov.lk/about/registered-inactive-ngos,
phone,pass,Published phone: 011-2-614316 ,https://ngosec.gov.lk/about/registered-inactive-ngos,
phone,pass,Published phone: 05 077-3-0608,https://ngosec.gov.lk/about/registered-inactive-ngos,
phone,pass,Published phone: 011-2-679537 ,https://ngosec.gov.lk/about/registered-inactive-ngos,
phone,pass,Published phone: 011-4-965511 ,https://ngosec.gov.lk/about/registered-inactive-ngos,
phone,pass,Published phone: 011-2-932789 ,https://ngosec.gov.lk/about/registered-inactive-ngos,
phone,pass,Published phone: 081-2-369911 ,https://ngosec.gov.lk/about/registered-inactive-ngos,
phone,pass,Published phone: 067-22-29511 ,https://ngosec.gov.lk/about/registered-inactive-ngos,
phone,pass,Published phone: 011-2864205,https://ngosec.gov.lk/about/registered-inactive-ngos,
phone,pass,Published phone: 011-2-585270 ,https://ngosec.gov.lk/about/registered-inactive-ngos,
phone,pass,Published phone: 07 011-4-5127,https://ngosec.gov.lk/about/registered-inactive-ngos,
phone,pass,Published phone: 037-22-38130 ,https://ngosec.gov.lk/about/registered-inactive-ngos,
phone,pass,Published phone: 060-21-19008 ,https://ngosec.gov.lk/about/registered-inactive-ngos,
phone,pass,Published phone: 067-3696426,https://ngosec.gov.lk/about/registered-inactive-ngos,
phone,pass,Published phone: 072-2-424540 ,https://ngosec.gov.lk/about/registered-inactive-ngos,
phone,pass,Published phone: 011-4-943198 ,https://ngosec.gov.lk/about/registered-inactive-ngos,
phone,pass,Published phone: 032-22-55155 ,https://ngosec.gov.lk/about/registered-inactive-ngos,
phone,pass,Published phone: 032-22-52265 ,https://ngosec.gov.lk/about/registered-inactive-ngos,
phone,pass,Published phone: 077-3-245660 ,https://ngosec.gov.lk/about/registered-inactive-ngos,
phone,pass,Published phone: 071-2934553 ,https://ngosec.gov.lk/about/registered-inactive-ngos,
phone,pass,Published phone: 011-4-303887,https://ngosec.gov.lk/about/registered-inactive-ngos,
phone,pass,Published phone: 011-2-869901 ,https://ngosec.gov.lk/about/registered-inactive-ngos,
phone,pass,Published phone: 077-5-241862 ,https://ngosec.gov.lk/about/registered-inactive-ngos,
phone,pass,Published phone: 011-2-811825 ,https://ngosec.gov.lk/about/registered-inactive-ngos,
phone,pass,Published phone: 011-2-703914 ,https://ngosec.gov.lk/about/registered-inactive-ngos,
phone,pass,Published phone: 037-22-93104 ,https://ngosec.gov.lk/about/registered-inactive-ngos,
phone,pass,Published phone: 011-2-576280 ,https://ngosec.gov.lk/about/registered-inactive-ngos,
phone,pass,Published phone: 081-2-461418 ,https://ngosec.gov.lk/about/registered-inactive-ngos,
phone,pass,Published phone: 011-2-802611,https://ngosec.gov.lk/about/registered-inactive-ngos,
phone,pass,Published phone: 055-22-94463 ,https://ngosec.gov.lk/about/registered-inactive-ngos,
phone,pass,Published phone: 011-2-508561,https://ngosec.gov.lk/about/registered-inactive-ngos,
phone,pass,Published phone: 011-2-503257 ,https://ngosec.gov.lk/about/registered-inactive-ngos,
phone,pass,Published phone: 04. 011-5-3382,https://ngosec.gov.lk/about/registered-inactive-ngos,
phone,pass,Published phone: 035-22-32678,https://ngosec.gov.lk/about/registered-inactive-ngos,
phone,pass,Published phone: 011-4-405902 ,https://ngosec.gov.lk/about/registered-inactive-ngos,
phone,pass,Published phone: 077-4480255 ,https://ngosec.gov.lk/about/registered-inactive-ngos,
phone,pass,Published phone: 02 011-2-3004,https://ngosec.gov.lk/about/registered-inactive-ngos,
phone,pass,Published phone: 031-7-200028,https://ngosec.gov.lk/about/registered-inactive-ngos,
phone,pass,Published phone: 045-22-73192 ,https://ngosec.gov.lk/about/registered-inactive-ngos,
phone,pass,Published phone: 08. 011-2-6872,https://ngosec.gov.lk/about/registered-inactive-ngos,
phone,pass,Published phone: 077-7-390290 ,https://ngosec.gov.lk/about/registered-inactive-ngos,
phone,pass,Published phone: 038-22-35532,https://ngosec.gov.lk/about/registered-inactive-ngos,
phone,pass,Published phone: 011-2-734882 ,https://ngosec.gov.lk/about/registered-inactive-ngos,
phone,pass,Published phone: 067-22-78195 ,https://ngosec.gov.lk/about/registered-inactive-ngos,
phone,pass,Published phone: 0777-342192 ,https://ngosec.gov.lk/about/registered-inactive-ngos,
phone,pass,Published phone: 011-2-738313,https://ngosec.gov.lk/about/registered-inactive-ngos,
phone,pass,Published phone: 06 011-2-5952,https://ngosec.gov.lk/about/registered-inactive-ngos,
phone,pass,Published phone: 077-3-011488 ,https://ngosec.gov.lk/about/registered-inactive-ngos,
phone,pass,Published phone: 077-3-213164 ,https://ngosec.gov.lk/about/registered-inactive-ngos,
phone,pass,Published phone: 0777-363319 ,https://ngosec.gov.lk/about/registered-inactive-ngos,
phone,pass,Published phone: 011-2-588575 ,https://ngosec.gov.lk/about/registered-inactive-ngos,
phone,pass,Published phone: 011-2-647658 ,https://ngosec.gov.lk/about/registered-inactive-ngos,
phone,pass,Published phone: 011-2-865421 ,https://ngosec.gov.lk/about/registered-inactive-ngos,
phone,pass,Published phone: 060-29-09500 ,https://ngosec.gov.lk/about/registered-inactive-ngos,
phone,pass,Published phone: 077-0-264616,https://ngosec.gov.lk/about/registered-inactive-ngos,
phone,pass,Published phone: 077-3500395 ,https://ngosec.gov.lk/about/registered-inactive-ngos,
phone,pass,Published phone: 060-23-27068,https://ngosec.gov.lk/about/registered-inactive-ngos,
phone,pass,Published phone: 081-2-467201 ,https://ngosec.gov.lk/about/registered-inactive-ngos,
phone,pass,Published phone: 0727292018 ,https://ngosec.gov.lk/about/registered-inactive-ngos,
phone,pass,Published phone: 057-22-22337,https://ngosec.gov.lk/about/registered-inactive-ngos,
phone,pass,Published phone: 065-22-58017 ,https://ngosec.gov.lk/about/registered-inactive-ngos,
phone,pass,Published phone: 072-4-608103 ,https://ngosec.gov.lk/about/registered-inactive-ngos,
phone,pass,Published phone: 011-2-892979 ,https://ngosec.gov.lk/about/registered-inactive-ngos,
phone,pass,Published phone: 011-2-337709 ,https://ngosec.gov.lk/about/registered-inactive-ngos,
phone,pass,Published phone: 077-6-751251 ,https://ngosec.gov.lk/about/registered-inactive-ngos,
phone,pass,Published phone: 011-4-720480 ,https://ngosec.gov.lk/about/registered-inactive-ngos,
phone,pass,Published phone: 077-6-435624 ,https://ngosec.gov.lk/about/registered-inactive-ngos,
phone,pass,Published phone: 011-2-864721,https://ngosec.gov.lk/about/registered-inactive-ngos,
phone,pass,Published phone: 0777-281750,https://ngosec.gov.lk/about/registered-inactive-ngos,
phone,pass,Published phone: 0777-559331 ,https://ngosec.gov.lk/about/registered-inactive-ngos,
phone,pass,Published phone: 0719-266590 ,https://ngosec.gov.lk/about/registered-inactive-ngos,
phone,pass,Published phone: 0777-308420 ,https://ngosec.gov.lk/about/registered-inactive-ngos,
phone,pass,Published phone: 011-4-204009 ,https://ngosec.gov.lk/about/registered-inactive-ngos,
phone,pass,Published phone: 077-7-360530,https://ngosec.gov.lk/about/registered-inactive-ngos,
phone,pass,Published phone: 081-2-490848,https://ngosec.gov.lk/about/registered-inactive-ngos,
phone,pass,Published phone: 052-22-65317 ,https://ngosec.gov.lk/about/registered-inactive-ngos,
phone,pass,Published phone: 011-2-727503 ,https://ngosec.gov.lk/about/registered-inactive-ngos,
phone,pass,Published phone: 077-6-724427 ,https://ngosec.gov.lk/about/registered-inactive-ngos,
phone,pass,Published phone: 07 077-3-1707,https://ngosec.gov.lk/about/registered-inactive-ngos,
phone,pass,Published phone: 011-2-824448 ,https://ngosec.gov.lk/about/registered-inactive-ngos,
phone,pass,Published phone: 011-2-612840,https://ngosec.gov.lk/about/registered-inactive-ngos,
phone,pass,Published phone: 072-2-812273 ,https://ngosec.gov.lk/about/registered-inactive-ngos,
phone,pass,Published phone: 047-22-51093 ,https://ngosec.gov.lk/about/registered-inactive-ngos,
phone,pass,Published phone: 011-2-501570 ,https://ngosec.gov.lk/about/registered-inactive-ngos,
phone,pass,Published phone: 035-22-67138,https://ngosec.gov.lk/about/registered-inactive-ngos,
phone,pass,Published phone: 078-5-680393 ,https://ngosec.gov.lk/about/registered-inactive-ngos,
phone,pass,Published phone: 011-2-841219 ,https://ngosec.gov.lk/about/registered-inactive-ngos,
phone,pass,Published phone: 011-2-674847 ,https://ngosec.gov.lk/about/registered-inactive-ngos,
phone,pass,Published phone: 011-2-423355 ,https://ngosec.gov.lk/about/registered-inactive-ngos,
phone,pass,Published phone: 011-2-768623,https://ngosec.gov.lk/about/registered-inactive-ngos,
phone,pass,Published phone: 077-7-277136,https://ngosec.gov.lk/about/registered-inactive-ngos,
phone,pass,Published phone: 091-22-34447 ,https://ngosec.gov.lk/about/registered-inactive-ngos,
phone,pass,Published phone: 011-2-598980 ,https://ngosec.gov.lk/about/registered-inactive-ngos,
phone,pass,Published phone: 077-3-073355,https://ngosec.gov.lk/about/registered-inactive-ngos,
phone,pass,Published phone: 038-22-36295,https://ngosec.gov.lk/about/registered-inactive-ngos,
phone,pass,Published phone: 034-5-625400,https://ngosec.gov.lk/about/registered-inactive-ngos,
phone,pass,Published phone: 055-22-31655,https://ngosec.gov.lk/about/registered-inactive-ngos,
phone,pass,Published phone: 072-2-241569 ,https://ngosec.gov.lk/about/registered-inactive-ngos,
phone,pass,Published phone: 08 011-2-6870,https://ngosec.gov.lk/about/registered-inactive-ngos,
phone,pass,Published phone: 077-3722354 ,https://ngosec.gov.lk/about/registered-inactive-ngos,
phone,pass,Published phone: 03 011-2-5917,https://ngosec.gov.lk/about/registered-inactive-ngos,
phone,pass,Published phone: 067-22-50268 ,https://ngosec.gov.lk/about/registered-inactive-ngos,
phone,pass,Published phone: 09 011-2-6841,https://ngosec.gov.lk/about/registered-inactive-ngos,
phone,pass,Published phone: 08 011-2-6959,https://ngosec.gov.lk/about/registered-inactive-ngos,
phone,pass,Published phone: 081-7-000331 ,https://ngosec.gov.lk/about/registered-inactive-ngos,
phone,pass,Published phone: 011-2-689734 ,https://ngosec.gov.lk/about/registered-inactive-ngos,
phone,pass,Published phone: 071-2-263989 ,https://ngosec.gov.lk/about/registered-inactive-ngos,
phone,pass,Published phone: 011-2-303318 ,https://ngosec.gov.lk/about/registered-inactive-ngos,
phone,pass,Published phone: 071-8199966 ,https://ngosec.gov.lk/about/registered-inactive-ngos,
phone,pass,Published phone: 071-9-999667 ,https://ngosec.gov.lk/about/registered-inactive-ngos,
phone,pass,Published phone: 065-22-22524,https://ngosec.gov.lk/about/registered-inactive-ngos,
phone,pass,Published phone: 057-22-57768 ,https://ngosec.gov.lk/about/registered-inactive-ngos,
phone,pass,Published phone: 072-2-556073 ,https://ngosec.gov.lk/about/registered-inactive-ngos,
phone,pass,Published phone: 0777-822560 ,https://ngosec.gov.lk/about/registered-inactive-ngos,
phone,pass,Published phone: 081-2-384053,https://ngosec.gov.lk/about/registered-inactive-ngos,
phone,pass,Published phone: 0777-420811,https://ngosec.gov.lk/about/registered-inactive-ngos,
phone,pass,Published phone: 037-22-20999 ,https://ngosec.gov.lk/about/registered-inactive-ngos,
phone,pass,Published phone: 011-4-304235 ,https://ngosec.gov.lk/about/registered-inactive-ngos,
phone,pass,Published phone: 055-22-94278,https://ngosec.gov.lk/about/registered-inactive-ngos,
phone,pass,Published phone: 07 011-2-6958,https://ngosec.gov.lk/about/registered-inactive-ngos,
phone,pass,Published phone: 0777-587750 ,https://ngosec.gov.lk/about/registered-inactive-ngos,
phone,pass,Published phone: 071-8729604,https://ngosec.gov.lk/about/registered-inactive-ngos,
phone,pass,Published phone: 011-5-337193 ,https://ngosec.gov.lk/about/registered-inactive-ngos,
phone,pass,Published phone: 07. 011-2-6893,https://ngosec.gov.lk/about/registered-inactive-ngos,
phone,pass,Published phone: 011-2-844263 ,https://ngosec.gov.lk/about/registered-inactive-ngos,
phone,pass,Published phone: 0. 011-269499,https://ngosec.gov.lk/about/registered-inactive-ngos,
phone,pass,Published phone: 011-4-367632,https://ngosec.gov.lk/about/registered-inactive-ngos,
phone,pass,Published phone: 077-3095793,https://ngosec.gov.lk/about/registered-inactive-ngos,
phone,pass,Published phone: 07 011-2-6916,https://ngosec.gov.lk/about/registered-inactive-ngos,
phone,pass,Published phone: 011-4-870308 ,https://ngosec.gov.lk/about/registered-inactive-ngos,
phone,pass,Published phone: 071-2-264119 ,https://ngosec.gov.lk/about/registered-inactive-ngos,
phone,pass,Published phone: 011-2-304855 ,https://ngosec.gov.lk/about/registered-inactive-ngos,
phone,pass,Published phone: 07. 011-2-6937,https://ngosec.gov.lk/about/registered-inactive-ngos,
phone,pass,Published phone: 011-5-107177,https://ngosec.gov.lk/about/registered-inactive-ngos,
phone,pass,Published phone: 071-6-077753,https://ngosec.gov.lk/about/registered-inactive-ngos,
phone,pass,Published phone: 011-2-649232,https://ngosec.gov.lk/about/registered-inactive-ngos,
phone,pass,Published phone: 0 077-3-82669,https://ngosec.gov.lk/about/registered-inactive-ngos,
phone,pass,Published phone: 07 011-2-6941,https://ngosec.gov.lk/about/registered-inactive-ngos,
phone,pass,Published phone: 0777-269828 ,https://ngosec.gov.lk/about/registered-inactive-ngos,
phone,pass,Published phone: 0776-974709,https://ngosec.gov.lk/about/registered-inactive-ngos,
phone,pass,Published phone: 011-2-687687 ,https://ngosec.gov.lk/about/registered-inactive-ngos,
phone,pass,Published phone: 011-2-852549 ,https://ngosec.gov.lk/about/registered-inactive-ngos,
phone,pass,Published phone: 011-2-671721,https://ngosec.gov.lk/about/registered-inactive-ngos,
phone,pass,Published phone: 066-22-32115,https://ngosec.gov.lk/about/registered-inactive-ngos,
phone,pass,Published phone: 08 011-4-4060,https://ngosec.gov.lk/about/registered-inactive-ngos,
phone,pass,Published phone: 011-2-867091 ,https://ngosec.gov.lk/about/registered-inactive-ngos,
phone,pass,Published phone: 0777-959599 ,https://ngosec.gov.lk/about/registered-inactive-ngos,
phone,pass,Published phone: 011-2-694128 ,https://ngosec.gov.lk/about/registered-inactive-ngos,
phone,pass,Published phone: 05 011-2-5953,https://ngosec.gov.lk/about/registered-inactive-ngos,
phone,pass,Published phone: 037-22-23952 ,https://ngosec.gov.lk/about/registered-inactive-ngos,
phone,pass,Published phone: 011-2-683038 ,https://ngosec.gov.lk/about/registered-inactive-ngos,
phone,pass,Published phone: 011-2-432653,https://ngosec.gov.lk/about/registered-inactive-ngos,
phone,pass,Published phone: 05 0777-7723,https://ngosec.gov.lk/about/registered-inactive-ngos,
phone,pass,Published phone: 0777-452464 ,https://ngosec.gov.lk/about/registered-inactive-ngos,
phone,pass,Published phone: 011-2-518680 ,https://ngosec.gov.lk/about/registered-inactive-ngos,
phone,pass,Published phone: 011-2-873254,https://ngosec.gov.lk/about/registered-inactive-ngos,
phone,pass,Published phone: 077-9-273042,https://ngosec.gov.lk/about/registered-inactive-ngos,
phone,pass,Published phone: 036-22-58797,https://ngosec.gov.lk/about/registered-inactive-ngos,
phone,pass,Published phone: 011-5-053491,https://ngosec.gov.lk/about/registered-inactive-ngos,
phone,pass,Published phone: 011-2-254056 ,https://ngosec.gov.lk/about/registered-inactive-ngos,
phone,pass,Published phone: 021-22-27435 ,https://ngosec.gov.lk/about/registered-inactive-ngos,
phone,pass,Published phone: 011-2-415143,https://ngosec.gov.lk/about/registered-inactive-ngos,
phone,pass,Published phone: 037-22-91081 ,https://ngosec.gov.lk/about/registered-inactive-ngos,
phone,pass,Published phone: 072-3224051,https://ngosec.gov.lk/about/registered-inactive-ngos,
phone,pass,Published phone: 07. 011-2-6746,https://ngosec.gov.lk/about/registered-inactive-ngos,
phone,pass,Published phone: 027-22-42335 ,https://ngosec.gov.lk/about/registered-inactive-ngos,
phone,pass,Published phone: 011-2-861123 ,https://ngosec.gov.lk/about/registered-inactive-ngos,
phone,pass,Published phone: 071-2-250659 ,https://ngosec.gov.lk/about/registered-inactive-ngos,
phone,pass,Published phone: 011-2-821425 ,https://ngosec.gov.lk/about/registered-inactive-ngos,
phone,pass,Published phone: 07. 011-2-6991,https://ngosec.gov.lk/about/registered-inactive-ngos,
phone,pass,Published phone: 05 011-4-5148,https://ngosec.gov.lk/about/registered-inactive-ngos,
phone,pass,Published phone: 011-2-636619 ,https://ngosec.gov.lk/about/registered-inactive-ngos,
phone,pass,Published phone: 011-2-574857 ,https://ngosec.gov.lk/about/registered-inactive-ngos,
phone,pass,Published phone: 091-22-46452 ,https://ngosec.gov.lk/about/registered-inactive-ngos,
phone,pass,Published phone: 037-22-38182,https://ngosec.gov.lk/about/registered-inactive-ngos,
phone,pass,Published phone: 072-3-676430,https://ngosec.gov.lk/about/registered-inactive-ngos,
phone,pass,Published phone: 011-4-300103 ,https://ngosec.gov.lk/about/registered-inactive-ngos,
phone,pass,Published phone: 057-22-22701 ,https://ngosec.gov.lk/about/registered-inactive-ngos,
phone,pass,Published phone: 011-4-401319 ,https://ngosec.gov.lk/about/registered-inactive-ngos,
phone,pass,Published phone: 0777-830909,https://ngosec.gov.lk/about/registered-inactive-ngos,
phone,pass,Published phone: 011-2-578234,https://ngosec.gov.lk/about/registered-inactive-ngos,
phone,pass,Published phone: 011-2-822952 ,https://ngosec.gov.lk/about/registered-inactive-ngos,
phone,pass,Published phone: 011-2-413499 ,https://ngosec.gov.lk/about/registered-inactive-ngos,
phone,pass,Published phone: 0777-046806 ,https://ngosec.gov.lk/about/registered-inactive-ngos,
phone,pass,Published phone: 025-22-66696,https://ngosec.gov.lk/about/registered-inactive-ngos,
phone,pass,Published phone: 077-3-177039 ,https://ngosec.gov.lk/about/registered-inactive-ngos,
phone,pass,Published phone: 025-22-78341 ,https://ngosec.gov.lk/about/registered-inactive-ngos,
phone,pass,Published phone: 041-22-32975 ,https://ngosec.gov.lk/about/registered-inactive-ngos,
phone,pass,Published phone: 011-2-699156 ,https://ngosec.gov.lk/about/registered-inactive-ngos,
phone,pass,Published phone: 063-22-24927 ,https://ngosec.gov.lk/about/registered-inactive-ngos,
phone,pass,Published phone: 072-2-912732 ,https://ngosec.gov.lk/about/registered-inactive-ngos,
phone,pass,Published phone: 081-2-233337,https://ngosec.gov.lk/about/registered-inactive-ngos,
phone,pass,Published phone: 0777-347249 ,https://ngosec.gov.lk/about/registered-inactive-ngos,
phone,pass,Published phone: 011-2-738705,https://ngosec.gov.lk/about/registered-inactive-ngos,
phone,pass,Published phone: 09 011-2-6629,https://ngosec.gov.lk/about/registered-inactive-ngos,
phone,pass,Published phone: 011-2-593754 ,https://ngosec.gov.lk/about/registered-inactive-ngos,
phone,pass,Published phone: 077-3157250 ,https://ngosec.gov.lk/about/registered-inactive-ngos,
phone,pass,Published phone: 011-2-559207 ,https://ngosec.gov.lk/about/registered-inactive-ngos,
phone,pass,Published phone: 011-2-802611 ,https://ngosec.gov.lk/about/registered-inactive-ngos,
phone,pass,Published phone: 077-3-749071 ,https://ngosec.gov.lk/about/registered-inactive-ngos,
phone,pass,Published phone: 0777-846450 ,https://ngosec.gov.lk/about/registered-inactive-ngos,
phone,pass,Published phone: 011-2-736089 ,https://ngosec.gov.lk/about/registered-inactive-ngos,
phone,pass,Published phone: 0778-677736 ,https://ngosec.gov.lk/about/registered-inactive-ngos,
phone,pass,Published phone: 071-4-902269 ,https://ngosec.gov.lk/about/registered-inactive-ngos,
phone,pass,Published phone: 011-2-714945 ,https://ngosec.gov.lk/about/registered-inactive-ngos,
phone,pass,Published phone: 041-22-73368 ,https://ngosec.gov.lk/about/registered-inactive-ngos,
phone,pass,Published phone: 011-2561227 ,https://ngosec.gov.lk/about/registered-inactive-ngos,
phone,pass,Published phone: 072-7-619300 ,https://ngosec.gov.lk/about/registered-inactive-ngos,
phone,pass,Published phone: 03 011-5-3521,https://ngosec.gov.lk/about/registered-inactive-ngos,
phone,pass,Published phone: 011-2- 815679 ,https://ngosec.gov.lk/about/registered-inactive-ngos,
phone,pass,Published phone: 027-3-270464 ,https://ngosec.gov.lk/about/registered-inactive-ngos,
phone,pass,Published phone: 047-22-38011 ,https://ngosec.gov.lk/about/registered-inactive-ngos,
phone,pass,Published phone: 0777-749353,https://ngosec.gov.lk/about/registered-inactive-ngos,
phone,pass,Published phone: 078-8-621542 ,https://ngosec.gov.lk/about/registered-inactive-ngos,
phone,pass,Published phone: 057-22-45246 ,https://ngosec.gov.lk/about/registered-inactive-ngos,
phone,pass,Published phone: 0777-543206 ,https://ngosec.gov.lk/about/registered-inactive-ngos,
phone,pass,Published phone: 071-44-67876,https://ngosec.gov.lk/about/registered-inactive-ngos,
phone,pass,Published phone: 077-6-923260,https://ngosec.gov.lk/about/registered-inactive-ngos,
phone,pass,Published phone: 037-22-24099 ,https://ngosec.gov.lk/about/registered-inactive-ngos,
phone,pass,Published phone: 0777-596700 ,https://ngosec.gov.lk/about/registered-inactive-ngos,
phone,pass,Published phone: 0777-598750 ,https://ngosec.gov.lk/about/registered-inactive-ngos,
phone,pass,Published phone: 077-3-777506 ,https://ngosec.gov.lk/about/registered-inactive-ngos,
phone,pass,Published phone: 078-8-668613,https://ngosec.gov.lk/about/registered-inactive-ngos,
phone,pass,Published phone: 011-2-580080 ,https://ngosec.gov.lk/about/registered-inactive-ngos,
phone,pass,Published phone: 072-6-936656 ,https://ngosec.gov.lk/about/registered-inactive-ngos,
phone,pass,Published phone: 011-2-236499 ,https://ngosec.gov.lk/about/registered-inactive-ngos,
phone,pass,Published phone: 055-22-65560 ,https://ngosec.gov.lk/about/registered-inactive-ngos,
phone,pass,Published phone: 05 011-2-5827,https://ngosec.gov.lk/about/registered-inactive-ngos,
phone,pass,Published phone: 072-2-552972 ,https://ngosec.gov.lk/about/registered-inactive-ngos,
phone,pass,Published phone: 011-2-809091,https://ngosec.gov.lk/about/registered-inactive-ngos,
phone,pass,Published phone: 031-22-24745 ,https://ngosec.gov.lk/about/registered-inactive-ngos,
phone,pass,Published phone: 011-2-826233,https://ngosec.gov.lk/about/registered-inactive-ngos,
phone,pass,Published phone: 0 011-2-68811,https://ngosec.gov.lk/about/registered-inactive-ngos,
phone,pass,Published phone: 011-2-897337,https://ngosec.gov.lk/about/registered-inactive-ngos,
phone,pass,Published phone: 011-5-341942 ,https://ngosec.gov.lk/about/registered-inactive-ngos,
phone,pass,Published phone: 035-22-67138 ,https://ngosec.gov.lk/about/registered-inactive-ngos,
phone,pass,Published phone: 011-2-244687 ,https://ngosec.gov.lk/about/registered-inactive-ngos,
phone,pass,Published phone: 0777-137346,https://ngosec.gov.lk/about/registered-inactive-ngos,
phone,pass,Published phone: 011-2-862791,https://ngosec.gov.lk/about/registered-inactive-ngos,
phone,pass,Published phone: 077-9-806642 ,https://ngosec.gov.lk/about/registered-inactive-ngos,
phone,pass,Published phone: 05 011-2-7696,https://ngosec.gov.lk/about/registered-inactive-ngos,
phone,pass,Published phone: 011-2-235599 ,https://ngosec.gov.lk/about/registered-inactive-ngos,
phone,pass,Published phone: 011-2-811527,https://ngosec.gov.lk/about/registered-inactive-ngos,
phone,pass,Published phone: 011-2-591724 ,https://ngosec.gov.lk/about/registered-inactive-ngos,
phone,pass,Published phone: 034-2298321 ,https://ngosec.gov.lk/about/registered-inactive-ngos,
phone,pass,Published phone: 011-4-212448 ,https://ngosec.gov.lk/about/registered-inactive-ngos,
phone,pass,Published phone: 035-22-83364 ,https://ngosec.gov.lk/about/registered-inactive-ngos,
phone,pass,Published phone: 077-4-980834 ,https://ngosec.gov.lk/about/registered-inactive-ngos,
phone,pass,Published phone: 0777-688692,https://ngosec.gov.lk/about/registered-inactive-ngos,
phone,pass,Published phone: 033-4-936790 ,https://ngosec.gov.lk/about/registered-inactive-ngos,
phone,pass,Published phone: 011-4-308045,https://ngosec.gov.lk/about/registered-inactive-ngos,
phone,pass,Published phone: 072-2-602379 ,https://ngosec.gov.lk/about/registered-inactive-ngos,
phone,pass,Published phone: 011-2-545362,https://ngosec.gov.lk/about/registered-inactive-ngos,
phone,pass,Published phone: 077-6-948041 ,https://ngosec.gov.lk/about/registered-inactive-ngos,
phone,pass,Published phone: 065-22-46098 ,https://ngosec.gov.lk/about/registered-inactive-ngos,
phone,pass,Published phone: 077-6-964550 ,https://ngosec.gov.lk/about/registered-inactive-ngos,
phone,pass,Published phone: 0 077-3-60117,https://ngosec.gov.lk/about/registered-inactive-ngos,
phone,pass,Published phone: 0777639656 ,https://ngosec.gov.lk/about/registered-inactive-ngos,
phone,pass,Published phone: 035-22-65369 ,https://ngosec.gov.lk/about/registered-inactive-ngos,
phone,pass,Published phone: 011-2-454297 ,https://ngosec.gov.lk/about/registered-inactive-ngos,
phone,pass,Published phone: 072-3-668336 ,https://ngosec.gov.lk/about/registered-inactive-ngos,
phone,pass,Published phone: 011-5-515462 ,https://ngosec.gov.lk/about/registered-inactive-ngos,
phone,pass,Published phone: 07. 011-2-4452,https://ngosec.gov.lk/about/registered-inactive-ngos,
phone,pass,Published phone: 05 011-5-3250,https://ngosec.gov.lk/about/registered-inactive-ngos,
phone,pass,Published phone: 011-2-568585,https://ngosec.gov.lk/about/registered-inactive-ngos,
phone,pass,Published phone: 045-22-23665 ,https://ngosec.gov.lk/about/registered-inactive-ngos,
phone,pass,Published phone: 05. 011-2-5898,https://ngosec.gov.lk/about/registered-inactive-ngos,
phone,pass,Published phone: 011-4-940274,https://ngosec.gov.lk/about/registered-inactive-ngos,
phone,pass,Published phone: 011-2-505372,https://ngosec.gov.lk/about/registered-inactive-ngos,
phone,pass,Published phone: 038-22-43480 ,https://ngosec.gov.lk/about/registered-inactive-ngos,
phone,pass,Published phone: 011-2-910864 ,https://ngosec.gov.lk/about/registered-inactive-ngos,
phone,pass,Published phone: 0777-364820,https://ngosec.gov.lk/about/registered-inactive-ngos,
phone,pass,Published phone: 011-2- 971435 ,https://ngosec.gov.lk/about/registered-inactive-ngos,
phone,pass,Published phone: 011-2-691433 ,https://ngosec.gov.lk/about/registered-inactive-ngos,
phone,pass,Published phone: 011-4-338339 ,https://ngosec.gov.lk/about/registered-inactive-ngos,
phone,pass,Published phone: 011-4-300391 ,https://ngosec.gov.lk/about/registered-inactive-ngos,
phone,pass,Published phone: 011-2-698800 ,https://ngosec.gov.lk/about/registered-inactive-ngos,
phone,pass,Published phone: 067-22-78610 ,https://ngosec.gov.lk/about/registered-inactive-ngos,
phone,pass,Published phone: 011-2-686568,https://ngosec.gov.lk/about/registered-inactive-ngos,
phone,pass,Published phone: 011-2-290047 ,https://ngosec.gov.lk/about/registered-inactive-ngos,
phone,pass,Published phone: 071-8-668971,https://ngosec.gov.lk/about/registered-inactive-ngos,
phone,pass,Published phone: 011-2-776643,https://ngosec.gov.lk/about/registered-inactive-ngos,
phone,pass,Published phone: 011-5-553330 ,https://ngosec.gov.lk/about/registered-inactive-ngos,
phone,pass,Published phone: 011-5-700400 ,https://ngosec.gov.lk/about/registered-inactive-ngos,
phone,pass,Published phone: 011-3-030179 ,https://ngosec.gov.lk/about/registered-inactive-ngos,
phone,pass,Published phone: 077-2-359767 ,https://ngosec.gov.lk/about/registered-inactive-ngos,
phone,pass,Published phone: 011-2--614996 ,https://ngosec.gov.lk/about/registered-inactive-ngos,
phone,pass,Published phone: 011-2-883187 ,https://ngosec.gov.lk/about/registered-inactive-ngos,
phone,pass,Published phone: 05 011-7-3923,https://ngosec.gov.lk/about/registered-inactive-ngos,
phone,pass,Published phone: 077-3-020113 ,https://ngosec.gov.lk/about/registered-inactive-ngos,
phone,pass,Published phone: 065-22-22786 ,https://ngosec.gov.lk/about/registered-inactive-ngos,
phone,pass,Published phone: 011-5-558081 ,https://ngosec.gov.lk/about/registered-inactive-ngos,
phone,pass,Published phone: 025-22-35140,https://ngosec.gov.lk/about/registered-inactive-ngos,
phone,pass,Published phone: 011-2-669759 ,https://ngosec.gov.lk/about/registered-inactive-ngos,
phone,pass,Published phone: 011-2-833908 ,https://ngosec.gov.lk/about/registered-inactive-ngos,
phone,pass,Published phone: 077-9200713,https://ngosec.gov.lk/about/registered-inactive-ngos,
phone,pass,Published phone: 011-2-741878,https://ngosec.gov.lk/about/registered-inactive-ngos,
phone,pass,Published phone: 077-3-512827,https://ngosec.gov.lk/about/registered-inactive-ngos,
phone,pass,Published phone: 077-7-724935 ,https://ngosec.gov.lk/about/registered-inactive-ngos,
phone,pass,Published phone: 011-4-406258,https://ngosec.gov.lk/about/registered-inactive-ngos,
phone,pass,Published phone: 0722-832412,https://ngosec.gov.lk/about/registered-inactive-ngos,
phone,pass,Published phone: 037-22-79154 ,https://ngosec.gov.lk/about/registered-inactive-ngos,
phone,pass,Published phone: 032-22-65106 ,https://ngosec.gov.lk/about/registered-inactive-ngos,
phone,pass,Published phone: 011-2-655659,https://ngosec.gov.lk/about/registered-inactive-ngos,
phone,pass,Published phone: 011-2-610872 ,https://ngosec.gov.lk/about/registered-inactive-ngos,
phone,pass,Published phone: 04 011-2-5822,https://ngosec.gov.lk/about/registered-inactive-ngos,
phone,pass,Published phone: 011-2-505858 ,https://ngosec.gov.lk/about/registered-inactive-ngos,
phone,pass,Published phone: 041-5676722 ,https://ngosec.gov.lk/about/registered-inactive-ngos,
phone,pass,Published phone: 077-3-902382 ,https://ngosec.gov.lk/about/registered-inactive-ngos,
phone,pass,Published phone: 025-22-21092 ,https://ngosec.gov.lk/about/registered-inactive-ngos,
phone,pass,Published phone: 035-22-67150 ,https://ngosec.gov.lk/about/registered-inactive-ngos,
phone,pass,Published phone: 0779-686596,https://ngosec.gov.lk/about/registered-inactive-ngos,
phone,pass,Published phone: 066-22-44340 ,https://ngosec.gov.lk/about/registered-inactive-ngos,
phone,pass,Published phone: 011-2-736354,https://ngosec.gov.lk/about/registered-inactive-ngos,
phone,pass,Published phone: 01 011-2-5955,https://ngosec.gov.lk/about/registered-inactive-ngos,
phone,pass,Published phone: 011-2-688211 ,https://ngosec.gov.lk/about/registered-inactive-ngos,
phone,pass,Published phone: 011-2-502958 ,https://ngosec.gov.lk/about/registered-inactive-ngos,
phone,pass,Published phone: 076-6-360794 ,https://ngosec.gov.lk/about/registered-inactive-ngos,
phone,pass,Published phone: 033-22-68321,https://ngosec.gov.lk/about/registered-inactive-ngos,
phone,pass,Published phone: 071-2-873156 ,https://ngosec.gov.lk/about/registered-inactive-ngos,
phone,pass,Published phone: 0777-786636,https://ngosec.gov.lk/about/registered-inactive-ngos,
phone,pass,Published phone: 063-22-23363 ,https://ngosec.gov.lk/about/registered-inactive-ngos,
phone,pass,Published phone: 033-22-84263 ,https://ngosec.gov.lk/about/registered-inactive-ngos,
phone,pass,Published phone: 078-5-281686 ,https://ngosec.gov.lk/about/registered-inactive-ngos,
phone,pass,Published phone: 011-2-577690 ,https://ngosec.gov.lk/about/registered-inactive-ngos,
phone,pass,Published phone: 05. 011-2-5858,https://ngosec.gov.lk/about/registered-inactive-ngos,
phone,pass,Published phone: 0777-760331 ,https://ngosec.gov.lk/about/registered-inactive-ngos,
phone,pass,Published phone: 011-2-584861 ,https://ngosec.gov.lk/about/registered-inactive-ngos,
phone,pass,Published phone: 011-2-624172 ,https://ngosec.gov.lk/about/registered-inactive-ngos,
phone,pass,Published phone: 011-4-403177,https://ngosec.gov.lk/about/registered-inactive-ngos,
phone,pass,Published phone: 033-22-94213 ,https://ngosec.gov.lk/about/registered-inactive-ngos,
phone,pass,Published phone: 011-2-500590 ,https://ngosec.gov.lk/about/registered-inactive-ngos,
phone,pass,Published phone: 034-22-29129,https://ngosec.gov.lk/about/registered-inactive-ngos,
phone,pass,Published phone: 0714-522888,https://ngosec.gov.lk/about/registered-inactive-ngos,
phone,pass,Published phone: 067-22-77877,https://ngosec.gov.lk/about/registered-inactive-ngos,
phone,pass,Published phone: 011-2-530426 ,https://ngosec.gov.lk/about/registered-inactive-ngos,
phone,pass,Published phone: 011-2-872769 ,https://ngosec.gov.lk/about/registered-inactive-ngos,
phone,pass,Published phone: 011-2-813689 ,https://ngosec.gov.lk/about/registered-inactive-ngos,
phone,pass,Published phone: 011-2-863019 ,https://ngosec.gov.lk/about/registered-inactive-ngos,
phone,pass,Published phone: 035-22-65436 ,https://ngosec.gov.lk/about/registered-inactive-ngos,
phone,pass,Published phone: 011-4-400159 ,https://ngosec.gov.lk/about/registered-inactive-ngos,
phone,pass,Published phone: 077-3-021910 ,https://ngosec.gov.lk/about/registered-inactive-ngos,
phone,pass,Published phone: 077-3-732795 ,https://ngosec.gov.lk/about/registered-inactive-ngos,
phone,pass,Published phone: 011-2805331 ,https://ngosec.gov.lk/about/registered-inactive-ngos,
phone,pass,Published phone: 0777-600570 ,https://ngosec.gov.lk/about/registered-inactive-ngos,
phone,pass,Published phone: 071-6110347,https://ngosec.gov.lk/about/registered-inactive-ngos,
phone,pass,Published phone: 04. 011-4-5134,https://ngosec.gov.lk/about/registered-inactive-ngos,
phone,pass,Published phone: 011-7-392323 ,https://ngosec.gov.lk/about/registered-inactive-ngos,
phone,pass,Published phone: 011-5-644477 ,https://ngosec.gov.lk/about/registered-inactive-ngos,
phone,pass,Published phone: 011-2-647658,https://ngosec.gov.lk/about/registered-inactive-ngos,
phone,pass,Published phone: 011-2-867073 ,https://ngosec.gov.lk/about/registered-inactive-ngos,
phone,pass,Published phone: 0773-545377 ,https://ngosec.gov.lk/about/registered-inactive-ngos,
phone,pass,Published phone: 077-5-321567 ,https://ngosec.gov.lk/about/registered-inactive-ngos,
phone,pass,Published phone: 036-22-30760 ,https://ngosec.gov.lk/about/registered-inactive-ngos,
phone,pass,Published phone: 077-2-622441 ,https://ngosec.gov.lk/about/registered-inactive-ngos,
phone,pass,Published phone: 011-5-339511 ,https://ngosec.gov.lk/about/registered-inactive-ngos,
phone,pass,Published phone: 091-4-384248 ,https://ngosec.gov.lk/about/registered-inactive-ngos,
phone,pass,Published phone: 055-3550821,https://ngosec.gov.lk/about/registered-inactive-ngos,
phone,pass,Published phone: 011-4-609698 ,https://ngosec.gov.lk/about/registered-inactive-ngos,
phone,pass,Published phone: 011-2-863910 ,https://ngosec.gov.lk/about/registered-inactive-ngos,
phone,pass,Published phone: 011-2-847729 ,https://ngosec.gov.lk/about/registered-inactive-ngos,
phone,pass,Published phone: 011-2-439373 ,https://ngosec.gov.lk/about/registered-inactive-ngos,
phone,pass,Published phone: 04043 01125,https://ngosec.gov.lk/about/registered-inactive-ngos,
phone,pass,Published phone: 0777414616 ,https://ngosec.gov.lk/about/registered-inactive-ngos,
phone,pass,Published phone: 034-22-62306,https://ngosec.gov.lk/about/registered-inactive-ngos,
phone,pass,Published phone: 091-22-46552,https://ngosec.gov.lk/about/registered-inactive-ngos,
phone,pass,Published phone: 0777-204185 ,https://ngosec.gov.lk/about/registered-inactive-ngos,
phone,pass,Published phone: 07 011-2-6671,https://ngosec.gov.lk/about/registered-inactive-ngos,
phone,pass,Published phone: 0777-727527 ,https://ngosec.gov.lk/about/registered-inactive-ngos,
phone,pass,Published phone: 011-7506511 ,https://ngosec.gov.lk/about/registered-inactive-ngos,
phone,pass,Published phone: 011-2-593711 ,https://ngosec.gov.lk/about/registered-inactive-ngos,
phone,pass,Published phone: 047-22-43724 ,https://ngosec.gov.lk/about/registered-inactive-ngos,
phone,pass,Published phone: 05. 011-2-9268,https://ngosec.gov.lk/about/registered-inactive-ngos,
phone,pass,Published phone: 055-22-94332,https://ngosec.gov.lk/about/registered-inactive-ngos,
phone,pass,Published phone: 01. 065-22-573,https://ngosec.gov.lk/about/registered-inactive-ngos,
phone,pass,Published phone: 011-2- 862145 ,https://ngosec.gov.lk/about/registered-inactive-ngos,
phone,pass,Published phone: 077-6-714881,https://ngosec.gov.lk/about/registered-inactive-ngos,
phone,pass,Published phone: 047-22-40371,https://ngosec.gov.lk/about/registered-inactive-ngos,
phone,pass,Published phone: 011-2-820707 ,https://ngosec.gov.lk/about/registered-inactive-ngos,
phone,pass,Published phone: 091-4-210644 ,https://ngosec.gov.lk/about/registered-inactive-ngos,
phone,pass,Published phone: 077-9-055326 ,https://ngosec.gov.lk/about/registered-inactive-ngos,
phone,pass,Published phone: 071-7-831111 ,https://ngosec.gov.lk/about/registered-inactive-ngos,
phone,pass,Published phone: 011-2-788626 ,https://ngosec.gov.lk/about/registered-inactive-ngos,
phone,pass,Published phone: 0779144661,https://ngosec.gov.lk/about/registered-inactive-ngos,
phone,pass,Published phone: 06 011-2-5138,https://ngosec.gov.lk/about/registered-inactive-ngos,
phone,pass,Published phone: 033-22-31785,https://ngosec.gov.lk/about/registered-inactive-ngos,
phone,pass,Published phone: 077-3-846627 ,https://ngosec.gov.lk/about/registered-inactive-ngos,
phone,pass,Published phone: 011-2- 852441 ,https://ngosec.gov.lk/about/registered-inactive-ngos,
phone,pass,Published phone: 026-22-21205 ,https://ngosec.gov.lk/about/registered-inactive-ngos,
phone,pass,Published phone: 052-22-34918 ,https://ngosec.gov.lk/about/registered-inactive-ngos,
phone,pass,Published phone: 077-3-527013 ,https://ngosec.gov.lk/about/registered-inactive-ngos,
phone,pass,Published phone: 011-2-883330,https://ngosec.gov.lk/about/registered-inactive-ngos,
phone,pass,Published phone: 011-2- 622618 ,https://ngosec.gov.lk/about/registered-inactive-ngos,
phone,pass,Published phone: 0. 011-4-59399,https://ngosec.gov.lk/about/registered-inactive-ngos,
phone,pass,Published phone: 011-2-918856 ,https://ngosec.gov.lk/about/registered-inactive-ngos,
phone,pass,Published phone: 091-22-24452 ,https://ngosec.gov.lk/about/registered-inactive-ngos,
phone,pass,Published phone: 011-2- 805216 ,https://ngosec.gov.lk/about/registered-inactive-ngos,
phone,pass,Published phone: 0777-327112 ,https://ngosec.gov.lk/about/registered-inactive-ngos,
phone,pass,Published phone: 037-22-32769 ,https://ngosec.gov.lk/about/registered-inactive-ngos,
phone,pass,Published phone: 05 011-2-5058,https://ngosec.gov.lk/about/registered-inactive-ngos,
phone,pass,Published phone: 072-2-564356,https://ngosec.gov.lk/about/registered-inactive-ngos,
phone,pass,Published phone: 077-3-021095 ,https://ngosec.gov.lk/about/registered-inactive-ngos,
phone,pass,Published phone: 011-2-863150 ,https://ngosec.gov.lk/about/registered-inactive-ngos,
phone,pass,Published phone: 055-22-65662 ,https://ngosec.gov.lk/about/registered-inactive-ngos,
phone,pass,Published phone: 011-2-838110 ,https://ngosec.gov.lk/about/registered-inactive-ngos,
phone,pass,Published phone: 0777-746075 ,https://ngosec.gov.lk/about/registered-inactive-ngos,
phone,pass,Published phone: 024-22-21487,https://ngosec.gov.lk/about/registered-inactive-ngos,
phone,pass,Published phone: 077-7040268 ,https://ngosec.gov.lk/about/registered-inactive-ngos,
phone,pass,Published phone: 081-2-301948,https://ngosec.gov.lk/about/registered-inactive-ngos,
phone,pass,Published phone: 011-4-616911 ,https://ngosec.gov.lk/about/registered-inactive-ngos,
phone,pass,Published phone: 07 011-26995,https://ngosec.gov.lk/about/registered-inactive-ngos,
phone,pass,Published phone: 011-2-843728,https://ngosec.gov.lk/about/registered-inactive-ngos,
email,pass,Published email: ckandanarrachchi@gmail.com,https://ngosec.gov.lk/about/registered-inactive-ngos,
email,pass,Published email: arogyafoundation.lk@gmail.com,https://ngosec.gov.lk/about/registered-inactive-ngos,
email,pass,Published email: nfpo@sri.lanka.net,https://ngosec.gov.lk/about/registered-inactive-ngos,
email,pass,Published email: peoplepeopleto@yahoo.com,https://ngosec.gov.lk/about/registered-inactive-ngos,
email,pass,Published email: annalisa.lombardo@enfantsetdeveloppement.org,https://ngosec.gov.lk/about/registered-inactive-ngos,
email,pass,Published email: slwpf1250@gmail.com,https://ngosec.gov.lk/about/registered-inactive-ngos,
email,pass,Published email: acsturtlecba@gmail.com,https://ngosec.gov.lk/about/registered-inactive-ngos,
email,pass,Published email: info@sethsirifoundation.org,https://ngosec.gov.lk/about/registered-inactive-ngos,
email,pass,Published email: jayodanaya@sltnet.lk,https://ngosec.gov.lk/about/registered-inactive-ngos,
email,pass,Published email: aarsrilanka@54.dion.ne.jp,https://ngosec.gov.lk/about/registered-inactive-ngos,
email,pass,Published email: anton@dedunu.org,https://ngosec.gov.lk/about/registered-inactive-ngos,
email,pass,Published email: aya-manju@sltnet.lk,https://ngosec.gov.lk/about/registered-inactive-ngos,
email,pass,Published email: directors@ittpo.org,https://ngosec.gov.lk/about/registered-inactive-ngos,
email,pass,Published email: cprcd2003@yahoo.com,https://ngosec.gov.lk/about/registered-inactive-ngos,
email,pass,Published email: trincomalee@medicosdelmundo.org,https://ngosec.gov.lk/about/registered-inactive-ngos,
email,pass,Published email: nnaf@sltnet.lk,https://ngosec.gov.lk/about/registered-inactive-ngos,
email,pass,Published email: swarna.kodagoda@gmail.com,https://ngosec.gov.lk/about/registered-inactive-ngos,
email,pass,Published email: shafnaz@mailandnews.com,https://ngosec.gov.lk/about/registered-inactive-ngos,
email,pass,Published email: mdmp-lisboa@medicosdomundo.pt,https://ngosec.gov.lk/about/registered-inactive-ngos,
email,pass,Published email: sffl@sri.lanka.net,https://ngosec.gov.lk/about/registered-inactive-ngos,
email,pass,Published email: slagm2014@gmail.com,https://ngosec.gov.lk/about/registered-inactive-ngos,
email,pass,Published email: ngosecretariat.gov@gmail.com/,https://ngosec.gov.lk/about/registered-inactive-ngos,
email,pass,Published email: amdasri@sri.lanka.net,https://ngosec.gov.lk/about/registered-inactive-ngos,
email,pass,Published email: info@issolk.org,https://ngosec.gov.lk/about/registered-inactive-ngos,
email,pass,Published email: siyath@zeynet.com,https://ngosec.gov.lk/about/registered-inactive-ngos,
email,pass,Published email: sirirevathad@gmail.com,https://ngosec.gov.lk/about/registered-inactive-ngos,
email,pass,Published email: global@gvscf.com,https://ngosec.gov.lk/about/registered-inactive-ngos,
email,pass,Published email: SRI_LEADERSHIP@sri.salvationarmy.org,https://ngosec.gov.lk/about/registered-inactive-ngos,
email,pass,Published email: wijesuriyaann@gmail.com,https://ngosec.gov.lk/about/registered-inactive-ngos,
email,pass,Published email: thilakarathna@ourkidslk.org,https://ngosec.gov.lk/about/registered-inactive-ngos,
email,pass,Published email: helpthem@workforwidows.com,https://ngosec.gov.lk/about/registered-inactive-ngos,
email,pass,Published email: swogl@sltnet.lk,https://ngosec.gov.lk/about/registered-inactive-ngos,
email,pass,Published email: ktst@celltelnet.lk,https://ngosec.gov.lk/about/registered-inactive-ngos,
email,pass,Published email: threshold@sltnet.lk,https://ngosec.gov.lk/about/registered-inactive-ngos,
email,pass,Published email: yesl@eureka.lk,https://ngosec.gov.lk/about/registered-inactive-ngos,
email,pass,Published email: srilanka@coopi.org,https://ngosec.gov.lk/about/registered-inactive-ngos,
email,pass,Published email: lankachina@isplanka.lk,https://ngosec.gov.lk/about/registered-inactive-ngos,
email,pass,Published email: esnavaratnam@sltnet.lk,https://ngosec.gov.lk/about/registered-inactive-ngos,
email,pass,Published email: udelcons@sltnet.lk,https://ngosec.gov.lk/about/registered-inactive-ngos,
email,pass,Published email: HSDFSL@gmail.com,https://ngosec.gov.lk/about/registered-inactive-ngos,
email,pass,Published email: collanka@sltnet.lk,https://ngosec.gov.lk/about/registered-inactive-ngos,
email,pass,Published email: ukwatta@gmail.com,https://ngosec.gov.lk/about/registered-inactive-ngos,
email,pass,Published email: info@srilankawilderness.org,https://ngosec.gov.lk/about/registered-inactive-ngos,
email,pass,Published email: lakshi@dialogsl.net,https://ngosec.gov.lk/about/registered-inactive-ngos,
email,pass,Published email: royalcharity@gmail.com,https://ngosec.gov.lk/about/registered-inactive-ngos,
email,pass,Published email: waterdecade@itmin.com,https://ngosec.gov.lk/about/registered-inactive-ngos,
email,pass,Published email: ssknet@hotmail.com,https://ngosec.gov.lk/about/registered-inactive-ngos,
email,pass,Published email: flanka@bellmail.lk,https://ngosec.gov.lk/about/registered-inactive-ngos,
email,pass,Published email: srilanka@projects-abroad.org,https://ngosec.gov.lk/about/registered-inactive-ngos,
email,pass,Published email: siyapathadf@yahoo.com,https://ngosec.gov.lk/about/registered-inactive-ngos,
email,pass,Published email: ngss@sltnet.lk,https://ngosec.gov.lk/about/registered-inactive-ngos,
email,pass,Published email: lakshi@sewalank.org,https://ngosec.gov.lk/about/registered-inactive-ngos,
email,pass,Published email: slpeoplesaid@yahoo.com,https://ngosec.gov.lk/about/registered-inactive-ngos,
email,pass,Published email: nplanka@nonviolentpeaceforce.org,https://ngosec.gov.lk/about/registered-inactive-ngos,
email,pass,Published email: rajinda@ri.org,https://ngosec.gov.lk/about/registered-inactive-ngos,
email,pass,Published email: internationalbFoundation@gmail.com,https://ngosec.gov.lk/about/registered-inactive-ngos,
email,pass,Published email: coj@sri.lanka.net,https://ngosec.gov.lk/about/registered-inactive-ngos,
email,pass,Published email: longtafashi@gmail.com,https://ngosec.gov.lk/about/registered-inactive-ngos,
email,pass,Published email: Gordon.Bacon@theirc.org,https://ngosec.gov.lk/about/registered-inactive-ngos,
email,pass,Published email: rain@vinet.lk,https://ngosec.gov.lk/about/registered-inactive-ngos,
email,pass,Published email: chulaslk@yahoo.com,https://ngosec.gov.lk/about/registered-inactive-ngos,
email,pass,Published email: artofliving@sltnet.lk,https://ngosec.gov.lk/about/registered-inactive-ngos,
email,pass,Published email: hq@eureka.lk,https://ngosec.gov.lk/about/registered-inactive-ngos,
email,pass,Published email: iohs@slt.lk,https://ngosec.gov.lk/about/registered-inactive-ngos,
email,pass,Published email: anne.omahony@concern.net,https://ngosec.gov.lk/about/registered-inactive-ngos,
email,pass,Published email: Bfworld1691@hanmail.net,https://ngosec.gov.lk/about/registered-inactive-ngos,
email,pass,Published email: erangadilan@gmail.com,https://ngosec.gov.lk/about/registered-inactive-ngos,
email,pass,Published email: pe-srilanka@yahoo.co.fr,https://ngosec.gov.lk/about/registered-inactive-ngos,
email,pass,Published email: aisdosociety@yahoo.com,https://ngosec.gov.lk/about/registered-inactive-ngos,
email,pass,Published email: bandula1@sri.lanka.net,https://ngosec.gov.lk/about/registered-inactive-ngos,
email,pass,Published email: he_mo_su@hotmail.net,https://ngosec.gov.lk/about/registered-inactive-ngos,
email,pass,Published email: rajeendra-na@yahoo.com,https://ngosec.gov.lk/about/registered-inactive-ngos,
email,pass,Published email: adrc_lk@adrc.or.jp,https://ngosec.gov.lk/about/registered-inactive-ngos,
email,pass,Published email: pagunara@gmail.com,https://ngosec.gov.lk/about/registered-inactive-ngos,
email,pass,Published email: fecs@efsl.lk,https://ngosec.gov.lk/about/registered-inactive-ngos,
email,pass,Published email: wijayanandaherath@ymail.com,https://ngosec.gov.lk/about/registered-inactive-ngos,
email,pass,Published email: methsuwa@mail.ewisl.net,https://ngosec.gov.lk/about/registered-inactive-ngos,
email,pass,Published email: info@asiarelief.org,https://ngosec.gov.lk/about/registered-inactive-ngos,
email,pass,Published email: ccouncil@sltnet.lk,https://ngosec.gov.lk/about/registered-inactive-ngos,
email,pass,Published email: prasad@itmin.com,https://ngosec.gov.lk/about/registered-inactive-ngos,
email,pass,Published email: tzuchi.lanka@gmail.com,https://ngosec.gov.lk/about/registered-inactive-ngos,
email,pass,Published email: foundation@fcoex.com,https://ngosec.gov.lk/about/registered-inactive-ngos,
email,pass,Published email: lankakinderhilfe@yahoo.com,https://ngosec.gov.lk/about/registered-inactive-ngos,
email,pass,Published email: showboat@srilanka.net,https://ngosec.gov.lk/about/registered-inactive-ngos,
email,pass,Published email: upul.udagedara@gmail.com,https://ngosec.gov.lk/about/registered-inactive-ngos,
email,pass,Published email: aispo@hsr.it,https://ngosec.gov.lk/about/registered-inactive-ngos,
email,pass,Published email: rdabeywardena@sltnet.lk,https://ngosec.gov.lk/about/registered-inactive-ngos,
email,pass,Published email: amali.dgaj@gmail.com,https://ngosec.gov.lk/about/registered-inactive-ngos,
email,pass,Published email: ihrorganization@gmail.com,https://ngosec.gov.lk/about/registered-inactive-ngos,
email,pass,Published email: kudali@sltnet.lk,https://ngosec.gov.lk/about/registered-inactive-ngos,
email,pass,Published email: chamindri.vithanage@basicneeds.org,https://ngosec.gov.lk/about/registered-inactive-ngos,
email,pass,Published email: self@tissajinasenagroup.com,https://ngosec.gov.lk/about/registered-inactive-ngos,
email,pass,Published email: baj-cmb@eureka.lk,https://ngosec.gov.lk/about/registered-inactive-ngos,
email,pass,Published email: rlp_srilanka@sltnet.lk,https://ngosec.gov.lk/about/registered-inactive-ngos,
email,pass,Published email: csmakurana@hotmail.com,https://ngosec.gov.lk/about/registered-inactive-ngos,
email,pass,Published email: tissal@tpg.com.au,https://ngosec.gov.lk/about/registered-inactive-ngos,
email,pass,Published email: marry@slspo.com,https://ngosec.gov.lk/about/registered-inactive-ngos,
email,pass,Published email: wasanthaWIG@yahoo.com,https://ngosec.gov.lk/about/registered-inactive-ngos,
email,pass,Published email: macademy@kc.rr.com,https://ngosec.gov.lk/about/registered-inactive-ngos,
email,pass,Published email: abeydil@yahoo.com,https://ngosec.gov.lk/about/registered-inactive-ngos,
email,pass,Published email: lovencare-int@outlook.com,https://ngosec.gov.lk/about/registered-inactive-ngos,
email,pass,Published email: ahimsasl@sltnet.lk,https://ngosec.gov.lk/about/registered-inactive-ngos,
email,pass,Published email: opydsrilanka@yahoo.com,https://ngosec.gov.lk/about/registered-inactive-ngos,
email,pass,Published email: office@hwa.or.at,https://ngosec.gov.lk/about/registered-inactive-ngos,
email,pass,Published email: asia@cisp-ngo.org,https://ngosec.gov.lk/about/registered-inactive-ngos,
email,pass,Published email: manoriu46@gmail.com,https://ngosec.gov.lk/about/registered-inactive-ngos,
email,pass,Published email: runalijayasinghe@gmail.com,https://ngosec.gov.lk/about/registered-inactive-ngos,
email,pass,Published email: info@tsunami-animal.org,https://ngosec.gov.lk/about/registered-inactive-ngos,
email,pass,Published email: norsk.folkehjelp@npaid.org,https://ngosec.gov.lk/about/registered-inactive-ngos,
email,pass,Published email: acossed@gmail.com,https://ngosec.gov.lk/about/registered-inactive-ngos,
email,pass,Published email: elisabeth.dallas@gmail.com,https://ngosec.gov.lk/about/registered-inactive-ngos,
email,pass,Published email: info@sarvatra.org,https://ngosec.gov.lk/about/registered-inactive-ngos,
email,pass,Published email: damrivi@sltnet.lk,https://ngosec.gov.lk/about/registered-inactive-ngos,
email,pass,Published email: aryabodicf@sltnet.lk,https://ngosec.gov.lk/about/registered-inactive-ngos,
email,pass,Published email: pujitha.jeyam@plan-international.org,https://ngosec.gov.lk/about/registered-inactive-ngos,
email,pass,Published email: ydhammananda@yahoo.com,https://ngosec.gov.lk/about/registered-inactive-ngos,
email,pass,Published email: mawatha3@gmail.com,https://ngosec.gov.lk/about/registered-inactive-ngos,
email,pass,Published email: kavimedialk@gmail.com,https://ngosec.gov.lk/about/registered-inactive-ngos,
email,pass,Published email: friedrich.machein@arche-nova.org,https://ngosec.gov.lk/about/registered-inactive-ngos,
email,pass,Published email: consept.srilanka@gmail.com,https://ngosec.gov.lk/about/registered-inactive-ngos,
email,pass,Published email: bosathfoundation@yahoo.com,https://ngosec.gov.lk/about/registered-inactive-ngos,
email,pass,Published email: slimgnet@sltnet.lk,https://ngosec.gov.lk/about/registered-inactive-ngos,
email,pass,Published email: operations@srilnakcricket.lk,https://ngosec.gov.lk/about/registered-inactive-ngos,
email,pass,Published email: jpaula@watermissions.org,https://ngosec.gov.lk/about/registered-inactive-ngos,
email,pass,Published email: icph@sltnet.lk,https://ngosec.gov.lk/about/registered-inactive-ngos,
email,pass,Published email: jayanthaa@wow.lk,https://ngosec.gov.lk/about/registered-inactive-ngos,
email,pass,Published email: kajana13@hotmail.com,https://ngosec.gov.lk/about/registered-inactive-ngos,
email,pass,Published email: bapkarun@sltnet.lk,https://ngosec.gov.lk/about/registered-inactive-ngos,
email,pass,Published email: rsf@hlcmb.com,https://ngosec.gov.lk/about/registered-inactive-ngos,
email,pass,Published email: preserve@sltnet.lk,https://ngosec.gov.lk/about/registered-inactive-ngos,
email,pass,Published email: cdomullaitivu@gmail.com,https://ngosec.gov.lk/about/registered-inactive-ngos,
email,pass,Published email: ormin@sltnet.lk,https://ngosec.gov.lk/about/registered-inactive-ngos,
email,pass,Published email: doug@caspinc.com,https://ngosec.gov.lk/about/registered-inactive-ngos,
email,pass,Published email: dhurmafriends2013@yahoo.com,https://ngosec.gov.lk/about/registered-inactive-ngos,
email,pass,Published email: csdsrilanka@gmail.com,https://ngosec.gov.lk/about/registered-inactive-ngos,
email,pass,Published email: mailbox@damsaviya.org,https://ngosec.gov.lk/about/registered-inactive-ngos,
email,pass,Published email: healthelife@gmail.com,https://ngosec.gov.lk/about/registered-inactive-ngos,
email,pass,Published email: peoplespeace@sltnet.lk,https://ngosec.gov.lk/about/registered-inactive-ngos,
email,pass,Published email: SoOthersMaySee@gmail.com,https://ngosec.gov.lk/about/registered-inactive-ngos,
email,pass,Published email: shalini@musicaressrilanka.org,https://ngosec.gov.lk/about/registered-inactive-ngos,
email,pass,Published email: jayampathi@bpl.lk,https://ngosec.gov.lk/about/registered-inactive-ngos,
email,pass,Published email: sdbdel@slt.lk,https://ngosec.gov.lk/about/registered-inactive-ngos,
email,pass,Published email: info@mywishproject.org,https://ngosec.gov.lk/about/registered-inactive-ngos,
email,pass,Published email: slmdf@sltnet.lk,https://ngosec.gov.lk/about/registered-inactive-ngos,
email,pass,Published email: sitharaart@yahoo.com,https://ngosec.gov.lk/about/registered-inactive-ngos,
email,pass,Published email: rakithamalewana@gmail.com,https://ngosec.gov.lk/about/registered-inactive-ngos,
email,pass,Published email: saddatissa@yahoo.com,https://ngosec.gov.lk/about/registered-inactive-ngos,
email,pass,Published email: info@sodi.de,https://ngosec.gov.lk/about/registered-inactive-ngos,
email,pass,Published email: Dharma77herath@gmail.com,https://ngosec.gov.lk/about/registered-inactive-ngos,
email,pass,Published email: childreh@sltnet.lk,https://ngosec.gov.lk/about/registered-inactive-ngos,
email,pass,Published email: idea@sltnet.lk,https://ngosec.gov.lk/about/registered-inactive-ngos,
email,pass,Published email: nations_vitality@yahoo.com,https://ngosec.gov.lk/about/registered-inactive-ngos,
email,pass,Published email: youthdevelopmentp@yahoo.com,https://ngosec.gov.lk/about/registered-inactive-ngos,
email,pass,Published email: artofliving@serendib.ws,https://ngosec.gov.lk/about/registered-inactive-ngos,
email,pass,Published email: dedunuproject@yahoo.com,https://ngosec.gov.lk/about/registered-inactive-ngos,
email,pass,Published email: visionlanka2010@gmail.com,https://ngosec.gov.lk/about/registered-inactive-ngos,
email,pass,Published email: desmond@eureka.lk,https://ngosec.gov.lk/about/registered-inactive-ngos,
email,pass,Published email: yasas@acsmail.net.au,https://ngosec.gov.lk/about/registered-inactive-ngos,
email,pass,Published email: info@srimunisiripa.net,https://ngosec.gov.lk/about/registered-inactive-ngos,
email,pass,Published email: naha@zeylan.net,https://ngosec.gov.lk/about/registered-inactive-ngos,
email,pass,Published email: pidagrc@lanka.ccom.lk,https://ngosec.gov.lk/about/registered-inactive-ngos,
email,pass,Published email: nishantha667@hotmail.com,https://ngosec.gov.lk/about/registered-inactive-ngos,
email,pass,Published email: arpaid@iscos-cisl.org,https://ngosec.gov.lk/about/registered-inactive-ngos,
email,pass,Published email: setckandy@gmail.com,https://ngosec.gov.lk/about/registered-inactive-ngos,
email,pass,Published email: baptiss@lanka.ccom.lk,https://ngosec.gov.lk/about/registered-inactive-ngos,
email,pass,Published email: rev.fatherasanga@yahoo.com,https://ngosec.gov.lk/about/registered-inactive-ngos,
email,pass,Published email: mettassf@yahoo.com.sg,https://ngosec.gov.lk/about/registered-inactive-ngos,
email,pass,Published email: dinnaisuru@yahoo.com,https://ngosec.gov.lk/about/registered-inactive-ngos,
email,pass,Published email: christoph.lettgen@gmx.de,https://ngosec.gov.lk/about/registered-inactive-ngos,
email,pass,Published email: macfedg@yahoo.com,https://ngosec.gov.lk/about/registered-inactive-ngos,
email,pass,Published email: rep@adrc.or.jp,https://ngosec.gov.lk/about/registered-inactive-ngos,
email,pass,Published email: trajeswaran5@gmail.com,https://ngosec.gov.lk/about/registered-inactive-ngos,
email,pass,Published email: saitea@dynaweb.lk,https://ngosec.gov.lk/about/registered-inactive-ngos,
email,pass,Published email: telemarts@hotmail.com,https://ngosec.gov.lk/about/registered-inactive-ngos,
email,pass,Published email: info@archi-urgent.com,https://ngosec.gov.lk/about/registered-inactive-ngos,
email,pass,Published email: info@cupsl.org,https://ngosec.gov.lk/about/registered-inactive-ngos,
email,pass,Published email: hettiaratchi@wow.lk,https://ngosec.gov.lk/about/registered-inactive-ngos,
email,pass,Published email: daj@sltnet.lk,https://ngosec.gov.lk/about/registered-inactive-ngos,
email,pass,Published email: AFMAL@MELOGRANO.IT,https://ngosec.gov.lk/about/registered-inactive-ngos,
email,pass,Published email: sajith@panlanka.net,https://ngosec.gov.lk/about/registered-inactive-ngos,
email,pass,Published email: srilanka@amurt.org,https://ngosec.gov.lk/about/registered-inactive-ngos,
email,pass,Published email: akaramlanka@gmail.com,https://ngosec.gov.lk/about/registered-inactive-ngos,
email,pass,Published email: ralf.thill@asb.lk,https://ngosec.gov.lk/about/registered-inactive-ngos,
email,pass,Published email: jayodadf@yahoo.com,https://ngosec.gov.lk/about/registered-inactive-ngos,
email,pass,Published email: circle_manager@sltnet.lk,https://ngosec.gov.lk/about/registered-inactive-ngos,
email,pass,Published email: gothirdeye.lanka@gmail.com,https://ngosec.gov.lk/about/registered-inactive-ngos,
email,pass,Published email: srilanka@oxfam.org.au,https://ngosec.gov.lk/about/registered-inactive-ngos,
email,pass,Published email: sengos.island@yahoo.com,https://ngosec.gov.lk/about/registered-inactive-ngos,
email,pass,Published email: hambantotabf@sltnet.lk,https://ngosec.gov.lk/about/registered-inactive-ngos,
email,pass,Published email: fredb1@optusnet.com.au,https://ngosec.gov.lk/about/registered-inactive-ngos,
email,pass,Published email: theepf@gmail.com,https://ngosec.gov.lk/about/registered-inactive-ngos,
email,pass,Published email: pldfeheliyagoda@gmail.com,https://ngosec.gov.lk/about/registered-inactive-ngos,
email,pass,Published email: itshe@tsedmail.com,https://ngosec.gov.lk/about/registered-inactive-ngos,
email,pass,Published email: niam.lanka@gmail.com,https://ngosec.gov.lk/about/registered-inactive-ngos,
email,pass,Published email: inspire@eureka.lk,https://ngosec.gov.lk/about/registered-inactive-ngos,
email,pass,Published email: nkks@sltnet.lk,https://ngosec.gov.lk/about/registered-inactive-ngos,
email,pass,Published email: ica@sltnet.lk,https://ngosec.gov.lk/about/registered-inactive-ngos,
email,pass,Published email: jeyamurugam@hotmail.com,https://ngosec.gov.lk/about/registered-inactive-ngos,
email,pass,Published email: hbssl@sltnet.lk,https://ngosec.gov.lk/about/registered-inactive-ngos,
email,pass,Published email: sdsfsl2015@gmail.com,https://ngosec.gov.lk/about/registered-inactive-ngos,
email,pass,Published email: channa@makeitsimple4u.com,https://ngosec.gov.lk/about/registered-inactive-ngos,
email,pass,Published email: podi@sri.lanka.net,https://ngosec.gov.lk/about/registered-inactive-ngos,
email,pass,Published email: info@kvsaccounts.co.uk,https://ngosec.gov.lk/about/registered-inactive-ngos,
email,pass,Published email: kirsti.palonen@welho.com,https://ngosec.gov.lk/about/registered-inactive-ngos,
email,pass,Published email: office@frdasia.org,https://ngosec.gov.lk/about/registered-inactive-ngos,
email,pass,Published email: rowshantha@yahoo.com,https://ngosec.gov.lk/about/registered-inactive-ngos,
email,pass,Published email: santhushyasuvimali@live.com,https://ngosec.gov.lk/about/registered-inactive-ngos,
email,pass,Published email: citrooils@sltnet.lk,https://ngosec.gov.lk/about/registered-inactive-ngos,
email,pass,Published email: andra.dhanapala@gmail.com,https://ngosec.gov.lk/about/registered-inactive-ngos,
email,pass,Published email: roger2r@sltnet.lk,https://ngosec.gov.lk/about/registered-inactive-ngos,
email,pass,Published email: cedsrieanka@yahoo.com,https://ngosec.gov.lk/about/registered-inactive-ngos,
email,pass,Published email: sumithra@keells.com,https://ngosec.gov.lk/about/registered-inactive-ngos,
email,pass,Published email: slef@sltnet.lk,https://ngosec.gov.lk/about/registered-inactive-ngos,
email,pass,Published email: mago@ayurveda-center-maho.de,https://ngosec.gov.lk/about/registered-inactive-ngos,
email,pass,Published email: alq@sltnet.lk,https://ngosec.gov.lk/about/registered-inactive-ngos,
email,pass,Published email: ahimsa@sltnet.lk,https://ngosec.gov.lk/about/registered-inactive-ngos,
email,pass,Published email: saranapaper@yahoo.com,https://ngosec.gov.lk/about/registered-inactive-ngos,
email,pass,Published email: srilanka@fsd.ch,https://ngosec.gov.lk/about/registered-inactive-ngos,
email,pass,Published email: shanika@soulpbo.com,https://ngosec.gov.lk/about/registered-inactive-ngos,
email,pass,Published email: berier@jhelp-ev.de,https://ngosec.gov.lk/about/registered-inactive-ngos,
email,pass,Published email: iwthitst@sltnet.lk,https://ngosec.gov.lk/about/registered-inactive-ngos,
email,pass,Published email: helpsorg@gmail.com,https://ngosec.gov.lk/about/registered-inactive-ngos,
email,pass,Published email: paulellmes@giveafigvolunteering.com,https://ngosec.gov.lk/about/registered-inactive-ngos,
email,pass,Published email: healthylifefoundationsl@gmail.com,https://ngosec.gov.lk/about/registered-inactive-ngos,
email,pass,Published email: info@sabaragamu.com,https://ngosec.gov.lk/about/registered-inactive-ngos,
email,pass,Published email: taprobanica@sltnet.lk,https://ngosec.gov.lk/about/registered-inactive-ngos,
email,pass,Published email: drsomaedirisinghe@gmail.com,https://ngosec.gov.lk/about/registered-inactive-ngos,
email,pass,Published email: elive@cytouet.co.cy,https://ngosec.gov.lk/about/registered-inactive-ngos,
email,pass,Published email: kalmunai@kinderberg.org,https://ngosec.gov.lk/about/registered-inactive-ngos,
email,pass,Published email: lifeforall@gmail.com,https://ngosec.gov.lk/about/registered-inactive-ngos,
email,pass,Published email: shanika@lanka.ccom.lk,https://ngosec.gov.lk/about/registered-inactive-ngos,
email,pass,Published email: mwrafs@sltnet.lk,https://ngosec.gov.lk/about/registered-inactive-ngos,
email,pass,Published email: udanascc@yahoo.com,https://ngosec.gov.lk/about/registered-inactive-ngos,
email,pass,Published email: chopadithya@gmail.com,https://ngosec.gov.lk/about/registered-inactive-ngos,
email,pass,Published email: shilant@sltnet.lk,https://ngosec.gov.lk/about/registered-inactive-ngos,
email,pass,Published email: info@jandiriya.lk,https://ngosec.gov.lk/about/registered-inactive-ngos,
email,pass,Published email: tyrol@sri.lanka.net,https://ngosec.gov.lk/about/registered-inactive-ngos,
email,pass,Published email: jgosl@sltnet.lk,https://ngosec.gov.lk/about/registered-inactive-ngos,
email,pass,Published email: members@amda.or.jp,https://ngosec.gov.lk/about/registered-inactive-ngos,
email,pass,Published email: nswb@cinec.edu,https://ngosec.gov.lk/about/registered-inactive-ngos,
email,pass,Published email: jarunaf@gmail.com,https://ngosec.gov.lk/about/registered-inactive-ngos,
email,pass,Published email: inspirelifeinstitute@gmail.com,https://ngosec.gov.lk/about/registered-inactive-ngos,
email,pass,Published email: cd-srilanka@medair.automail.com,https://ngosec.gov.lk/about/registered-inactive-ngos,
email,pass,Published email: srilankadeamanager@gmail.com,https://ngosec.gov.lk/about/registered-inactive-ngos,
email,pass,Published email: drc-sl@slt.lk,https://ngosec.gov.lk/about/registered-inactive-ngos,
email,pass,Published email: kumar.periasamy@ob.org,https://ngosec.gov.lk/about/registered-inactive-ngos,
email,pass,Published email: rohanambadalge@yahoo.com,https://ngosec.gov.lk/about/registered-inactive-ngos,
email,pass,Published email: hampathama@yahoo.com,https://ngosec.gov.lk/about/registered-inactive-ngos,
email,pass,Published email: daffrel@sltnet.lk,https://ngosec.gov.lk/about/registered-inactive-ngos,
email,pass,Published email: jagath.kulasinghe@wlasl.com,https://ngosec.gov.lk/about/registered-inactive-ngos,
email,pass,Published email: hopelk@sltnet.lk,https://ngosec.gov.lk/about/registered-inactive-ngos,
email,pass,Published email: pacca.srilanka@gmail.com,https://ngosec.gov.lk/about/registered-inactive-ngos,
email,pass,Published email: handicapchildrenshome@gmail.com,https://ngosec.gov.lk/about/registered-inactive-ngos,
email,pass,Published email: torontomahavihara@rogers.com,https://ngosec.gov.lk/about/registered-inactive-ngos,
email,pass,Published email: slnf_2011@hotmail.com,https://ngosec.gov.lk/about/registered-inactive-ngos,
email,pass,Published email: kamal.subramaniam@dilmatea.com,https://ngosec.gov.lk/about/registered-inactive-ngos,
email,pass,Published email: alecpr@sltnet.lk,https://ngosec.gov.lk/about/registered-inactive-ngos,
email,pass,Published email: champakandy@yahoo.co.in,https://ngosec.gov.lk/about/registered-inactive-ngos,
email,pass,Published email: akurataathwelak@yahoo.com,https://ngosec.gov.lk/about/registered-inactive-ngos,
email,pass,Published email: shf@slt.lk,https://ngosec.gov.lk/about/registered-inactive-ngos,
email,pass,Published email: dirhelp@sltnet.lk,https://ngosec.gov.lk/about/registered-inactive-ngos,
email,pass,Published email: budupahan_mulastanaya@yahoo.com,https://ngosec.gov.lk/about/registered-inactive-ngos,
email,pass,Published email: monglimited@gmail.com,https://ngosec.gov.lk/about/registered-inactive-ngos,
email,pass,Published email: ni@degreensinternational.com,https://ngosec.gov.lk/about/registered-inactive-ngos,
email,pass,Published email: theresa.hwang@dowusa.org,https://ngosec.gov.lk/about/registered-inactive-ngos,
email,pass,Published email: nscprsfoundation@gmail.com,https://ngosec.gov.lk/about/registered-inactive-ngos,
email,pass,Published email: wif@pan.lk,https://ngosec.gov.lk/about/registered-inactive-ngos,
email,pass,Published email: pm@ddg.lk,https://ngosec.gov.lk/about/registered-inactive-ngos,
email,pass,Published email: suchara2000@yahoo.com,https://ngosec.gov.lk/about/registered-inactive-ngos,
email,pass,Published email: raj@sltnet.lk,https://ngosec.gov.lk/about/registered-inactive-ngos,
email,pass,Published email: sbntonsberg@gmail.com,https://ngosec.gov.lk/about/registered-inactive-ngos,
email,pass,Published email: athu@ukonline.co.uk,https://ngosec.gov.lk/about/registered-inactive-ngos,
email,pass,Published email: shanthip@sri.lanka.net,https://ngosec.gov.lk/about/registered-inactive-ngos,
email,pass,Published email: tomorrowlanka82@gmail.com,https://ngosec.gov.lk/about/registered-inactive-ngos,
email,pass,Published email: anusha@nr.lk,https://ngosec.gov.lk/about/registered-inactive-ngos,
email,pass,Published email: bracsrilanka@brac.net,https://ngosec.gov.lk/about/registered-inactive-ngos,
email,pass,Published email: terredeshomes@tdh.ch,https://ngosec.gov.lk/about/registered-inactive-ngos,
email,pass,Published email: wayne@fcm.lk,https://ngosec.gov.lk/about/registered-inactive-ngos,
email,pass,Published email: jtrt@loadstarlk.com,https://ngosec.gov.lk/about/registered-inactive-ngos,
email,pass,Published email: cydaorg@ymail.com,https://ngosec.gov.lk/about/registered-inactive-ngos,
email,pass,Published email: hiaslj@wow.lk,https://ngosec.gov.lk/about/registered-inactive-ngos,
email,pass,Published email: sumi.desilva@gmail.com,https://ngosec.gov.lk/about/registered-inactive-ngos,
email,pass,Published email: ufdf@sltnet.lk,https://ngosec.gov.lk/about/registered-inactive-ngos,
email,pass,Published email: jagathbds@gmail.com,https://ngosec.gov.lk/about/registered-inactive-ngos,
email,pass,Published email: daniel@blueresources.org,https://ngosec.gov.lk/about/registered-inactive-ngos,
email,pass,Published email: patric.Proctor@vsoint.org,https://ngosec.gov.lk/about/registered-inactive-ngos,
email,pass,Published email: media@sunerafoundation.com,https://ngosec.gov.lk/about/registered-inactive-ngos,
email,pass,Published email: rbohoran@yahoo.com,https://ngosec.gov.lk/about/registered-inactive-ngos,
email,pass,Published email: matyf@gmail.com,https://ngosec.gov.lk/about/registered-inactive-ngos,
email,pass,Published email: bluganga@sltnet.lk,https://ngosec.gov.lk/about/registered-inactive-ngos,
email,pass,Published email: manamendra@hotmail.com,https://ngosec.gov.lk/about/registered-inactive-ngos,
email,pass,Published email: panguwa@gmail.com,https://ngosec.gov.lk/about/registered-inactive-ngos,
email,pass,Published email: Ifi@eureka.lk,https://ngosec.gov.lk/about/registered-inactive-ngos,
email,pass,Published email: info@janadiriya.lk,https://ngosec.gov.lk/about/registered-inactive-ngos,
email,pass,Published email: juh-ausland3@onlinepost.de,https://ngosec.gov.lk/about/registered-inactive-ngos,
email,pass,Published email: ruwanpal@hotmail.com,https://ngosec.gov.lk/about/registered-inactive-ngos,
email,pass,Published email: anne@slspo.com,https://ngosec.gov.lk/about/registered-inactive-ngos,
email,pass,Published email: info@ngosec.gov.lk,https://ngosec.gov.lk/about/registered-inactive-ngos,
email,pass,Published email: malkie@sltnet.lk,https://ngosec.gov.lk/about/registered-inactive-ngos,
email,pass,Published email: forut@sri.lanka.net,https://ngosec.gov.lk/about/registered-inactive-ngos,
email,pass,Published email: srilanka@practicalaction.org.lk,https://ngosec.gov.lk/about/registered-inactive-ngos,
email,pass,Published email: medhanandah@yahoo.com,https://ngosec.gov.lk/about/registered-inactive-ngos,
email,pass,Published email: mcsl@lk.mercycorps.org,https://ngosec.gov.lk/about/registered-inactive-ngos,
email,pass,Published email: sheryll.jinasena@l-m-j.com,https://ngosec.gov.lk/about/registered-inactive-ngos,
email,pass,Published email: ivorfdo@gmail.com,https://ngosec.gov.lk/about/registered-inactive-ngos,
email,pass,Published email: nri@itmin.com,https://ngosec.gov.lk/about/registered-inactive-ngos,
email,pass,Published email: oerfoundation@yahoo.com,https://ngosec.gov.lk/about/registered-inactive-ngos,
email,pass,Published email: samasewayaorg@gmail.com,https://ngosec.gov.lk/about/registered-inactive-ngos,
email,pass,Published email: crda@sltnet.lk,https://ngosec.gov.lk/about/registered-inactive-ngos,
email,pass,Published email: friendsdear@gmail.com,https://ngosec.gov.lk/about/registered-inactive-ngos,
email,pass,Published email: AnushaA@brandix.com,https://ngosec.gov.lk/about/registered-inactive-ngos,
email,pass,Published email: srilanka@thdi.org,https://ngosec.gov.lk/about/registered-inactive-ngos,
email,pass,Published email: isfslt@yahoo.com,https://ngosec.gov.lk/about/registered-inactive-ngos,
email,pass,Published email: acsp@sltnet.lk,https://ngosec.gov.lk/about/registered-inactive-ngos,
email,pass,Published email: chairmanhelaboduneguma@gmail.com,https://ngosec.gov.lk/about/registered-inactive-ngos,
email,pass,Published email: k.c.soma@gmail.com,https://ngosec.gov.lk/about/registered-inactive-ngos,
email,pass,Published email: sumpdo@yahoo.com,https://ngosec.gov.lk/about/registered-inactive-ngos,
email,pass,Published email: aproci@lanka.ccom.lk,https://ngosec.gov.lk/about/registered-inactive-ngos,
email,pass,Published email: jim@oiww.org,https://ngosec.gov.lk/about/registered-inactive-ngos,
email,pass,Published email: rohan@mncoviation.com,https://ngosec.gov.lk/about/registered-inactive-ngos,
email,pass,Published email: seeds.srilanka@yahoo.com,https://ngosec.gov.lk/about/registered-inactive-ngos,
email,pass,Published email: Greenlanka@agdomain.com,https://ngosec.gov.lk/about/registered-inactive-ngos,
email,pass,Published email: ers@visual.lk,https://ngosec.gov.lk/about/registered-inactive-ngos,
email,pass,Published email: srilanka@cohre.org,https://ngosec.gov.lk/about/registered-inactive-ngos,
email,pass,Published email: lankajanasahana@gmail.com,https://ngosec.gov.lk/about/registered-inactive-ngos,
email,pass,Published email: healtheworld.srilanka@gmail.com,https://ngosec.gov.lk/about/registered-inactive-ngos,
email,pass,Published email: gushscv@yahoo.com,https://ngosec.gov.lk/about/registered-inactive-ngos,
email,pass,Published email: sunrise@yahoo.com,https://ngosec.gov.lk/about/registered-inactive-ngos,
email,pass,Published email: stjohnsl@sltnet.lk,https://ngosec.gov.lk/about/registered-inactive-ngos,
email,pass,Published email: mnka@sltnet.lk,https://ngosec.gov.lk/about/registered-inactive-ngos,
email,pass,Published email: gcorglanka@sltnet.lk,https://ngosec.gov.lk/about/registered-inactive-ngos,
email,pass,Published email: cai_uk@compuserve.com,https://ngosec.gov.lk/about/registered-inactive-ngos,
email,pass,Published email: beren@sltnet.lk,https://ngosec.gov.lk/about/registered-inactive-ngos,
email,pass,Published email: bksr@sltnet.lk,https://ngosec.gov.lk/about/registered-inactive-ngos,
email,pass,Published email: rsslaw@sltnet.lk,https://ngosec.gov.lk/about/registered-inactive-ngos,
email,pass,Published email: samithah@yahoo.com,https://ngosec.gov.lk/about/registered-inactive-ngos,
email,pass,Published email: klittle@samariton.org,https://ngosec.gov.lk/about/registered-inactive-ngos,
email,pass,Published email: cccsl@hotmail.com,https://ngosec.gov.lk/about/registered-inactive-ngos,
email,pass,Published email: pfocy2k@sltnet.lk,https://ngosec.gov.lk/about/registered-inactive-ngos,
email,pass,Published email: araliyaads@gedara.com,https://ngosec.gov.lk/about/registered-inactive-ngos,
email,pass,Published email: ruchiragunathilaka@yahoo.com,https://ngosec.gov.lk/about/registered-inactive-ngos,
email,pass,Published email: bestsaverssl@gmail.com,https://ngosec.gov.lk/about/registered-inactive-ngos,
email,pass,Published email: info@renewlanka.com,https://ngosec.gov.lk/about/registered-inactive-ngos,
email,pass,Published email: ceyleisure@yahoo.com,https://ngosec.gov.lk/about/registered-inactive-ngos,
email,pass,Published email: abey6933@gmail.com,https://ngosec.gov.lk/about/registered-inactive-ngos,
email,pass,Published email: slcfed@sltnet.lk,https://ngosec.gov.lk/about/registered-inactive-ngos,
email,pass,Published email: autobann@cga.slt.lk,https://ngosec.gov.lk/about/registered-inactive-ngos,
email,pass,Published email: calltosharecare@gmail.com,https://ngosec.gov.lk/about/registered-inactive-ngos,
email,pass,Published email: juliet@ncasl.org,https://ngosec.gov.lk/about/registered-inactive-ngos,
email,pass,Published email: palafaf@hotmail.com,https://ngosec.gov.lk/about/registered-inactive-ngos,
email,pass,Published email: ejparkinson@you-shall-love.org,https://ngosec.gov.lk/about/registered-inactive-ngos,
email,pass,Published email: socialaidsl@yahoo.com,https://ngosec.gov.lk/about/registered-inactive-ngos,
email,pass,Published email: sunrisecomputer.lk@gmail.com,https://ngosec.gov.lk/about/registered-inactive-ngos,
email,pass,Published email: safelam@sltnet.lk,https://ngosec.gov.lk/about/registered-inactive-ngos,
email,pass,Published email: rrorainbow@yahoo.com,https://ngosec.gov.lk/about/registered-inactive-ngos,
email,pass,Published email: h.tanaka@jade.or.jp,https://ngosec.gov.lk/about/registered-inactive-ngos,
email,pass,Published email: apengamata@yahoo.com,https://ngosec.gov.lk/about/registered-inactive-ngos,
email,pass,Published email: horizon_hig2@hotmail.com,https://ngosec.gov.lk/about/registered-inactive-ngos,
email,pass,Published email: seekofcrown@gmail.com,https://ngosec.gov.lk/about/registered-inactive-ngos,
email,pass,Published email: mahamevnawa@mahamevna.org,https://ngosec.gov.lk/about/registered-inactive-ngos,
email,pass,Published email: jternhout@medicalteams.org,https://ngosec.gov.lk/about/registered-inactive-ngos,
email,pass,Published email: info@goal.ie,https://ngosec.gov.lk/about/registered-inactive-ngos,
email,pass,Published email: reliance@eureka.lk,https://ngosec.gov.lk/about/registered-inactive-ngos,
email,pass,Published email: awa.ngosl@gmail.com,https://ngosec.gov.lk/about/registered-inactive-ngos,
email,pass,Published email: matsl@sltnet.lk,https://ngosec.gov.lk/about/registered-inactive-ngos,
email,pass,Published email: janadevelop@sltnet.lk,https://ngosec.gov.lk/about/registered-inactive-ngos,
email,pass,Published email: accdc@usa.net,https://ngosec.gov.lk/about/registered-inactive-ngos,
email,pass,Published email: llcfkk@gmail.com,https://ngosec.gov.lk/about/registered-inactive-ngos,
email,pass,Published email: info@visionlanka.org,https://ngosec.gov.lk/about/registered-inactive-ngos,
email,pass,Published email: naal207@sltnet.lk,https://ngosec.gov.lk/about/registered-inactive-ngos,
email,pass,Published email: chrisernesti@web.de,https://ngosec.gov.lk/about/registered-inactive-ngos,
email,pass,Published email: cdcsrilanka@gmail.com,https://ngosec.gov.lk/about/registered-inactive-ngos,
email,pass,Published email: srjg@srilankan.net,https://ngosec.gov.lk/about/registered-inactive-ngos,
email,pass,Published email: admin@merlin-sri-lanka.org,https://ngosec.gov.lk/about/registered-inactive-ngos,
email,pass,Published email: gmahinga@sltnet.lk,https://ngosec.gov.lk/about/registered-inactive-ngos,
email,pass,Published email: yowunsaviya@gmail.com,https://ngosec.gov.lk/about/registered-inactive-ngos,
email,pass,Published email: suranjani567@yahoo.com,https://ngosec.gov.lk/about/registered-inactive-ngos,
email,pass,Published email: ecov@sltnet.lk,https://ngosec.gov.lk/about/registered-inactive-ngos,
email,pass,Published email: cynthia@sltnet.lk,https://ngosec.gov.lk/about/registered-inactive-ngos,
email,pass,Published email: info@slctrust.org,https://ngosec.gov.lk/about/registered-inactive-ngos,
email,pass,Published email: thethbima@gmail.com,https://ngosec.gov.lk/about/registered-inactive-ngos,
email,pass,Published email: hifsrilanka@gmail.com,https://ngosec.gov.lk/about/registered-inactive-ngos,
email,pass,Published email: nilaweera@sltnet.lk,https://ngosec.gov.lk/about/registered-inactive-ngos,
email,pass,Published email: olivesorg@gmail.com,https://ngosec.gov.lk/about/registered-inactive-ngos,
email,pass,Published email: SRIANANDABODHI@gmail.com,https://ngosec.gov.lk/about/registered-inactive-ngos,
email,pass,Published email: srilanka@servicepartners.org,https://ngosec.gov.lk/about/registered-inactive-ngos,
email,pass,Published email: cordaid@sri.lanka.net,https://ngosec.gov.lk/about/registered-inactive-ngos,
email,pass,Published email: ihdt@sltnet.lk,https://ngosec.gov.lk/about/registered-inactive-ngos,
email,pass,Published email: bharathalanka@yahoo.com,https://ngosec.gov.lk/about/registered-inactive-ngos,
email,pass,Published email: nfctsar@wow.lk,https://ngosec.gov.lk/about/registered-inactive-ngos,
email,pass,Published email: otto@redheartsociety.org,https://ngosec.gov.lk/about/registered-inactive-ngos,
email,pass,Published email: ccfc@slt.lk,https://ngosec.gov.lk/about/registered-inactive-ngos,
email,pass,Published email: info@livingheritge.org,https://ngosec.gov.lk/about/registered-inactive-ngos,
email,pass,Published email: wwickrema@comcast.net,https://ngosec.gov.lk/about/registered-inactive-ngos,
email,pass,Published email: sweden.lanka.friends@gmail.com,https://ngosec.gov.lk/about/registered-inactive-ngos,
email,pass,Published email: rp@aitkenspence.lk,https://ngosec.gov.lk/about/registered-inactive-ngos,
email,pass,Published email: sclr@gmail.com,https://ngosec.gov.lk/about/registered-inactive-ngos,
email,pass,Published email: aromachildcare@yahoo.com,https://ngosec.gov.lk/about/registered-inactive-ngos,
email,pass,Published email: wamy-lanka@eureka.lk,https://ngosec.gov.lk/about/registered-inactive-ngos,
email,pass,Published email: alisha_abeywickrama@yahoo.com,https://ngosec.gov.lk/about/registered-inactive-ngos,
email,pass,Published email: unitetglobal@gmail.com,https://ngosec.gov.lk/about/registered-inactive-ngos,
email,pass,Published email: Gisela-Pfau@web.de,https://ngosec.gov.lk/about/registered-inactive-ngos,
email,pass,Published email: info@kidcare.lk,https://ngosec.gov.lk/about/registered-inactive-ngos,
email,pass,Published email: ucdc@sltnet.lk,https://ngosec.gov.lk/about/registered-inactive-ngos,
email,pass,Published email: pipa.srilanka@freeside.sk,https://ngosec.gov.lk/about/registered-inactive-ngos,
email,pass,Published email: nobleton@live.com,https://ngosec.gov.lk/about/registered-inactive-ngos,
email,pass,Published email: agone777@aol.com,https://ngosec.gov.lk/about/registered-inactive-ngos,
email,pass,Published email: office@apcas.jpn.org,https://ngosec.gov.lk/about/registered-inactive-ngos,
email,pass,Published email: info@adh102030.de,https://ngosec.gov.lk/about/registered-inactive-ngos,
email,pass,Published email: rvbmeeriyagalla@gmail.com,https://ngosec.gov.lk/about/registered-inactive-ngos,
email,pass,Published email: info@SoOthersMaySee.net,https://ngosec.gov.lk/about/registered-inactive-ngos,
email,pass,Published email: colombo@aibi.it,https://ngosec.gov.lk/about/registered-inactive-ngos,
email,pass,Published email: adminmanager@ddg.lk,https://ngosec.gov.lk/about/registered-inactive-ngos,
email,pass,Published email: baurs@baurs.com,https://ngosec.gov.lk/about/registered-inactive-ngos,
email,pass,Published email: Rjayaratne@gmail.com,https://ngosec.gov.lk/about/registered-inactive-ngos,
email,pass,Published email: wijayagroup-cib@yahoo.com,https://ngosec.gov.lk/about/registered-inactive-ngos,
email,pass,Published email: neel@sri.lanka.net,https://ngosec.gov.lk/about/registered-inactive-ngos,
email,pass,Published email: waththepitiya@yahoo.com,https://ngosec.gov.lk/about/registered-inactive-ngos,
email,pass,Published email: margaya@sltnet.lk,https://ngosec.gov.lk/about/registered-inactive-ngos,
email,pass,Published email: nuwanmr@hotmail.com,https://ngosec.gov.lk/about/registered-inactive-ngos,
email,pass,Published email: malani_fonseka@yahoo.com,https://ngosec.gov.lk/about/registered-inactive-ngos,
email,pass,Published email: sethsirifoundation@gmail.com,https://ngosec.gov.lk/about/registered-inactive-ngos,
email,pass,Published email: colombo@malteser-international.org,https://ngosec.gov.lk/about/registered-inactive-ngos,
email,pass,Published email: ahhsrilanka@gmail.com,https://ngosec.gov.lk/about/registered-inactive-ngos,
email,pass,Published email: rperera@americares.org,https://ngosec.gov.lk/about/registered-inactive-ngos,
email,pass,Published email: iec@worldviewsrilanka.org,https://ngosec.gov.lk/about/registered-inactive-ngos,
email,pass,Published email: info@nerdo.lk,https://ngosec.gov.lk/about/registered-inactive-ngos,
email,pass,Published email: jeeve@sri.lanka.net,https://ngosec.gov.lk/about/registered-inactive-ngos,
email,pass,Published email: thenationhopeof@gmail.com,https://ngosec.gov.lk/about/registered-inactive-ngos,
email,pass,Published email: tan-chi-keong@mr.tzuchi.org,https://ngosec.gov.lk/about/registered-inactive-ngos,
email,pass,Published email: nature_friends@hotmail.com,https://ngosec.gov.lk/about/registered-inactive-ngos,
email,pass,Published email: krico@sltnet.lk,https://ngosec.gov.lk/about/registered-inactive-ngos,
email,pass,Published email: ygsoc@sltnet.lk,https://ngosec.gov.lk/about/registered-inactive-ngos,
email,pass,Published email: info@centrerc.org,https://ngosec.gov.lk/about/registered-inactive-ngos,
email,pass,Published email: chandra@eureka.lk,https://ngosec.gov.lk/about/registered-inactive-ngos,
email,pass,Published email: infor.srilanka@basicneed.org,https://ngosec.gov.lk/about/registered-inactive-ngos,
email,pass,Published email: greenspine.reforestationsl@gmail.com,https://ngosec.gov.lk/about/registered-inactive-ngos,
email,pass,Published email: prathichakra@yahoo.com,https://ngosec.gov.lk/about/registered-inactive-ngos,
email,pass,Published email: ifbmgnt@sltnet.lk,https://ngosec.gov.lk/about/registered-inactive-ngos,
email,pass,Published email: gsudattal1973@hotmail.com,https://ngosec.gov.lk/about/registered-inactive-ngos,
email,pass,Published email: chamaravs@yahoo.com,https://ngosec.gov.lk/about/registered-inactive-ngos,
email,pass,Published email: ladanihome@yahoo.com,https://ngosec.gov.lk/about/registered-inactive-ngos,
email,pass,Published email: jayasekaracms@gmail.com,https://ngosec.gov.lk/about/registered-inactive-ngos,
email,pass,Published email: slceforg@gmail.com,https://ngosec.gov.lk/about/registered-inactive-ngos,
email,pass,Published email: helpandcare@diyakada.com,https://ngosec.gov.lk/about/registered-inactive-ngos,
email,pass,Published email: info@humanitariandevelopment.org,https://ngosec.gov.lk/about/registered-inactive-ngos,
email,pass,Published email: msff-colombo-sat@paris.msf.org,https://ngosec.gov.lk/about/registered-inactive-ngos,
email,pass,Published email: msfh-srilanka-home@field.amsterdam.msf.org,https://ngosec.gov.lk/about/registered-inactive-ngos,
email,pass,Published email: kapdecsl@yahoo.com,https://ngosec.gov.lk/about/registered-inactive-ngos,
email,pass,Published email: trro2006@yahoo.co.uk,https://ngosec.gov.lk/about/registered-inactive-ngos,
email,pass,Published email: faizer.khan@muslimaidsl.org,https://ngosec.gov.lk/about/registered-inactive-ngos,
email,pass,Published email: ceo@senolak.org,https://ngosec.gov.lk/about/registered-inactive-ngos,
email,pass,Published email: chakra@sltnet.lk,https://ngosec.gov.lk/about/registered-inactive-ngos,
email,pass,Published email: europers_srilanka@yahoo.gr,https://ngosec.gov.lk/about/registered-inactive-ngos,
email,pass,Published email: diripiyasa6@sltnet.lk,https://ngosec.gov.lk/about/registered-inactive-ngos,
email,pass,Published email: anuruddha@euraka.lk,https://ngosec.gov.lk/about/registered-inactive-ngos,
email,pass,Published email: colombo@lwr.lankacom.net,https://ngosec.gov.lk/about/registered-inactive-ngos,
email,pass,Published email: lionel@lankemplantations.lk,https://ngosec.gov.lk/about/registered-inactive-ngos,
email,pass,Published email: coresh@itmin.com,https://ngosec.gov.lk/about/registered-inactive-ngos,
email,pass,Published email: samadhirajapaksa@yahoo.com,https://ngosec.gov.lk/about/registered-inactive-ngos,
email,pass,Published email: mdm@aias.net,https://ngosec.gov.lk/about/registered-inactive-ngos,
email,pass,Published email: heinoonte@yahoo.co.uk,https://ngosec.gov.lk/about/registered-inactive-ngos,
email,pass,Published email: gracious@sltnet.lk,https://ngosec.gov.lk/about/registered-inactive-ngos,
email,pass,Published email: tsomes@sri.lanka.net,https://ngosec.gov.lk/about/registered-inactive-ngos,
email,pass,Published email: cmcbandara@sltnet.lk,https://ngosec.gov.lk/about/registered-inactive-ngos,
email,pass,Published email: chrd06@yahoo.com,https://ngosec.gov.lk/about/registered-inactive-ngos,
email,pass,Published email: caryl-archenova@hotmail.com,https://ngosec.gov.lk/about/registered-inactive-ngos,
email,pass,Published email: jayalath@mpsl.slt.lk,https://ngosec.gov.lk/about/registered-inactive-ngos,
email,pass,Published email: scbuddhist2020@gmail.com,https://ngosec.gov.lk/about/registered-inactive-ngos,
email,pass,Published email: dwdn@dwdnetwork.org,https://ngosec.gov.lk/about/registered-inactive-ngos,
email,pass,Published email: spnithiyaraj@international-alert.org,https://ngosec.gov.lk/about/registered-inactive-ngos,
email,pass,Published email: Prajashanthisl@gmail.com,https://ngosec.gov.lk/about/registered-inactive-ngos,
email,pass,Published email: yenichambalantota@yahoo.com,https://ngosec.gov.lk/about/registered-inactive-ngos,
email,pass,Published email: sheedfoundation@gmail.com,https://ngosec.gov.lk/about/registered-inactive-ngos,
email,pass,Published email: hashitha@saferworld.org.uk,https://ngosec.gov.lk/about/registered-inactive-ngos,
email,pass,Published email: ranjita@sri.lanka.net,https://ngosec.gov.lk/about/registered-inactive-ngos,
email,pass,Published email: PCDGSL@yahoo.com,https://ngosec.gov.lk/about/registered-inactive-ngos,
email,pass,Published email: secaccord@yahoo.com,https://ngosec.gov.lk/about/registered-inactive-ngos,
email,pass,Published email: info@linkupaid.org,https://ngosec.gov.lk/about/registered-inactive-ngos,
email,pass,Published email: sivaji.de.zoysa@amwltd.com,https://ngosec.gov.lk/about/registered-inactive-ngos,
email,pass,Published email: aaloka27@hotmail.com,https://ngosec.gov.lk/about/registered-inactive-ngos,
email,pass,Published email: fffj1997@yahoo.cvo.uk,https://ngosec.gov.lk/about/registered-inactive-ngos,
email,pass,Published email: dammikegreenlionvolunteer@gmail.com,https://ngosec.gov.lk/about/registered-inactive-ngos,
email,pass,Published email: colombo@centreforhealthcare.org,https://ngosec.gov.lk/about/registered-inactive-ngos,
email,pass,Published email: scslgen@sltnet.lk,https://ngosec.gov.lk/about/registered-inactive-ngos,
email,pass,Published email: chandana@phys.cmb.ac.lk,https://ngosec.gov.lk/about/registered-inactive-ngos,
email,pass,Published email: manjariplk@yahoo.com,https://ngosec.gov.lk/about/registered-inactive-ngos,
email,pass,Published email: anushapw@bv.edu,https://ngosec.gov.lk/about/registered-inactive-ngos,
email,pass,Published email: info@gusitalia.it,https://ngosec.gov.lk/about/registered-inactive-ngos,
email,pass,Published email: agriadm@sri.lanka.net,https://ngosec.gov.lk/about/registered-inactive-ngos,
email,pass,Published email: info@seekofcrown.lk,https://ngosec.gov.lk/about/registered-inactive-ngos,
email,pass,Published email: pcpsrilanka@yahoo.com,https://ngosec.gov.lk/about/registered-inactive-ngos,
email,pass,Published email: kingleymunaweera652@hotmail.com,https://ngosec.gov.lk/about/registered-inactive-ngos,
email,pass,Published email: lanka@peopleinneed.cz,https://ngosec.gov.lk/about/registered-inactive-ngos,
email,pass,Published email: paramita.sl@gmail.com,https://ngosec.gov.lk/about/registered-inactive-ngos,
email,pass,Published email: sridhammalankara@gmail.com,https://ngosec.gov.lk/about/registered-inactive-ngos,
email,pass,Published email: Cl.Foundation.lk@gmail.com,https://ngosec.gov.lk/about/registered-inactive-ngos,
email,pass,Published email: dhammarc@yahoo.com,https://ngosec.gov.lk/about/registered-inactive-ngos,
email,pass,Published email: drcputtalam@gmail.com,https://ngosec.gov.lk/about/registered-inactive-ngos,
email,pass,Published email: sathsethalanka@yahoo.com,https://ngosec.gov.lk/about/registered-inactive-ngos,
email,pass,Published email: info@slacd.org,https://ngosec.gov.lk/about/registered-inactive-ngos,
email,pass,Published email: ruwanwanrekha@gmail.com,https://ngosec.gov.lk/about/registered-inactive-ngos,
email,pass,Published email: info@sareeram.org,https://ngosec.gov.lk/about/registered-inactive-ngos,
email,pass,Published email: prrerakoncy@gmail.com,https://ngosec.gov.lk/about/registered-inactive-ngos,
email,pass,Published email: sammadhitti@itcom.lk,https://ngosec.gov.lk/about/registered-inactive-ngos,
email,pass,Published email: info@widefoundation.com,https://ngosec.gov.lk/about/registered-inactive-ngos,
email,pass,Published email: spsamara@bot.ruh.ac.lk,https://ngosec.gov.lk/about/registered-inactive-ngos,
email,pass,Published email: pdfo@sltnet.lk,https://ngosec.gov.lk/about/registered-inactive-ngos,
email,pass,Published email: eweinman@tpg.com.au,https://ngosec.gov.lk/about/registered-inactive-ngos,
email,pass,Published email: info@ihrsrilanka.org,https://ngosec.gov.lk/about/registered-inactive-ngos,
email,pass,Published email: info@olivesngo.org,https://ngosec.gov.lk/about/registered-inactive-ngos,
email,pass,Published email: ga_m@hotmail.com,https://ngosec.gov.lk/about/registered-inactive-ngos,
email,pass,Published email: assist.lanka@yahoo.com,https://ngosec.gov.lk/about/registered-inactive-ngos,
email,pass,Published email: cpburger@sltnet.lk,https://ngosec.gov.lk/about/registered-inactive-ngos,
email,pass,Published email: wecancj@gmail.com,https://ngosec.gov.lk/about/registered-inactive-ngos,
email,pass,Published email: info@irdsl.org,https://ngosec.gov.lk/about/registered-inactive-ngos,
email,pass,Published email: chilan@sltnet.lk,https://ngosec.gov.lk/about/registered-inactive-ngos,
email,pass,Published email: dcsngo_srilanka@yahoo.gr,https://ngosec.gov.lk/about/registered-inactive-ngos,
email,pass,Published email: shirly.p.2008@hotmail.com,https://ngosec.gov.lk/about/registered-inactive-ngos,
email,pass,Published email: ngosecretariat.gov@gmail.com,https://ngosec.gov.lk/about/registered-inactive-ngos,
email,pass,Published email: moviorg@yahoo.com,https://ngosec.gov.lk/about/registered-inactive-ngos,
email,pass,Published email: sugathsamaraweera@yahoo.com,https://ngosec.gov.lk/about/registered-inactive-ngos,
email,pass,Published email: parveend@eureka.lk,https://ngosec.gov.lk/about/registered-inactive-ngos,
email,pass,Published email: abimanifoundation@gmail.com,https://ngosec.gov.lk/about/registered-inactive-ngos,
email,pass,Published email: irisasia@sltnet.lk,https://ngosec.gov.lk/about/registered-inactive-ngos,
email,pass,Published email: avincent1938@gmail.com,https://ngosec.gov.lk/about/registered-inactive-ngos,
email,pass,Published email: gdf@eureka.lk,https://ngosec.gov.lk/about/registered-inactive-ngos,
email,pass,Published email: sjpugsk@slt.net,https://ngosec.gov.lk/about/registered-inactive-ngos,
email,pass,Published email: hom.lk@cam-int.org,https://ngosec.gov.lk/about/registered-inactive-ngos,
email,pass,Published email: planetml@sltnet.lk,https://ngosec.gov.lk/about/registered-inactive-ngos,
email,pass,Published email: sevavanitha@yahoo.com,https://ngosec.gov.lk/about/registered-inactive-ngos,
email,pass,Published email: helpsorganization@hotmail.com,https://ngosec.gov.lk/about/registered-inactive-ngos,
email,pass,Published email: agent@ag_ent.lanka.net,https://ngosec.gov.lk/about/registered-inactive-ngos,
email,pass,Published email: gangaedirisinghe@yahoo.com,https://ngosec.gov.lk/about/registered-inactive-ngos,
email,pass,Published email: haiap@eureka.lk,https://ngosec.gov.lk/about/registered-inactive-ngos,
email,pass,Published email: tro@net2000.com.au,https://ngosec.gov.lk/about/registered-inactive-ngos,
email,pass,Published email: srilanka@oxfam.org.it,https://ngosec.gov.lk/about/registered-inactive-ngos,
email,pass,Published email: lasa-ray@yahoo.com,https://ngosec.gov.lk/about/registered-inactive-ngos,
email,pass,Published email: parakramaplace@gmail.com,https://ngosec.gov.lk/about/registered-inactive-ngos,
email,pass,Published email: u.brunner@apotheker-ohne-brenzen.de,https://ngosec.gov.lk/about/registered-inactive-ngos,
email,pass,Published email: fl463@hotmail.com,https://ngosec.gov.lk/about/registered-inactive-ngos,
email,pass,Published email: naturesrilanka@gmail.com,https://ngosec.gov.lk/about/registered-inactive-ngos,
email,pass,Published email: vikasithamal@sltnet.lk,https://ngosec.gov.lk/about/registered-inactive-ngos,
email,pass,Published email: lakdarupadanamalakdaru@gmail.com,https://ngosec.gov.lk/about/registered-inactive-ngos,
email,pass,Published email: globalactionsl@yahoo.co.uk,https://ngosec.gov.lk/about/registered-inactive-ngos,
email,pass,Published email: ddgg@han.lk,https://ngosec.gov.lk/about/registered-inactive-ngos,
email,pass,Published email: jestapurawasiorg@slt.lk,https://ngosec.gov.lk/about/registered-inactive-ngos,
email,pass,Published email: nophrnr@gmail.com,https://ngosec.gov.lk/about/registered-inactive-ngos,
email,pass,Published email: dhammissara122@yahoo.com,https://ngosec.gov.lk/about/registered-inactive-ngos,
email,pass,Published email: admin@goalsrilanka.com,https://ngosec.gov.lk/about/registered-inactive-ngos,
email,pass,Published email: manojbandara@sltnet.lk,https://ngosec.gov.lk/about/registered-inactive-ngos,
email,pass,Published email: gamiseva@sltnet.lk,https://ngosec.gov.lk/about/registered-inactive-ngos,
email,pass,Published email: dstp@sltnet.lk,https://ngosec.gov.lk/about/registered-inactive-ngos,
email,pass,Published email: newton@srilankachauffeurguide.com,https://ngosec.gov.lk/about/registered-inactive-ngos,
email,pass,Published email: yasasango@hotmail.com,https://ngosec.gov.lk/about/registered-inactive-ngos,
email,pass,Published email: chandakitthi@yahoo.com,https://ngosec.gov.lk/about/registered-inactive-ngos,
email,pass,Published email: chanika.gunawardena@nrc.lk,https://ngosec.gov.lk/about/registered-inactive-ngos,
email,pass,Published email: flink@sltnet.lk,https://ngosec.gov.lk/about/registered-inactive-ngos,
email,pass,Published email: magis@gesuiti.it,https://ngosec.gov.lk/about/registered-inactive-ngos,
email,pass,Published email: nimaldes@vinet.lk,https://ngosec.gov.lk/about/registered-inactive-ngos,
email,pass,Published email: chandrak@sltnet.lk,https://ngosec.gov.lk/about/registered-inactive-ngos,
email,pass,Published email: anil@idfab.com,https://ngosec.gov.lk/about/registered-inactive-ngos,
email,pass,Published email: log.admin.lka@cam-int.org,https://ngosec.gov.lk/about/registered-inactive-ngos,
email,pass,Published email: apelamai@ymail.com,https://ngosec.gov.lk/about/registered-inactive-ngos,
email,pass,Published email: neifr.reconcil@gmail.com,https://ngosec.gov.lk/about/registered-inactive-ngos,
email,pass,Published email: indrani.hewagama@yahoo.com,https://ngosec.gov.lk/about/registered-inactive-ngos,
email,pass,Published email: ashwinh@sltnet.lk,https://ngosec.gov.lk/about/registered-inactive-ngos,
email,pass,Published email: info@jdcsl.lk,https://ngosec.gov.lk/about/registered-inactive-ngos,
email,pass,Published email: info@ndisl.org,https://ngosec.gov.lk/about/registered-inactive-ngos,
email,pass,Published email: siege@planete-enfants.org,https://ngosec.gov.lk/about/registered-inactive-ngos,
email,pass,Published email: womedia@sltnet.lk,https://ngosec.gov.lk/about/registered-inactive-ngos,
email,pass,Published email: koyama@fidr.or.jp,https://ngosec.gov.lk/about/registered-inactive-ngos,
email,pass,Published email: asiaserendib@yahoo.it,https://ngosec.gov.lk/about/registered-inactive-ngos,
email,pass,Published email: info@sethmasethlanka.org,https://ngosec.gov.lk/about/registered-inactive-ngos,
email,pass,Published email: JTF@tissajinasenagroup.com,https://ngosec.gov.lk/about/registered-inactive-ngos,
email,pass,Published email: ysirisumanahimi@gmail.com,https://ngosec.gov.lk/about/registered-inactive-ngos,
email,pass,Published email: charuka@eureka.lk,https://ngosec.gov.lk/about/registered-inactive-ngos,
email,pass,Published email: postmaster@memisa.nl,https://ngosec.gov.lk/about/registered-inactive-ngos,
email,pass,Published email: terada@kyoto.nicco.org,https://ngosec.gov.lk/about/registered-inactive-ngos,
email,pass,Published email: gen-zai@honganji.net,https://ngosec.gov.lk/about/registered-inactive-ngos,
email,pass,Published email: tedna@sltnet.lk,https://ngosec.gov.lk/about/registered-inactive-ngos,
email,pass,Published email: commffound@yahoo.com,https://ngosec.gov.lk/about/registered-inactive-ngos,
email,pass,Published email: office@youth.lk,https://ngosec.gov.lk/about/registered-inactive-ngos,
email,pass,Published email: alison@shininglife.org,https://ngosec.gov.lk/about/registered-inactive-ngos,
email,pass,Published email: gowree@sltnet.lk,https://ngosec.gov.lk/about/registered-inactive-ngos,
email,pass,Published email: helpchild2011@yahoo.com,https://ngosec.gov.lk/about/registered-inactive-ngos,
email,pass,Published email: greenrayfound@gmail.com,https://ngosec.gov.lk/about/registered-inactive-ngos,
email,pass,Published email: ciksecretary.general@yahoo.com,https://ngosec.gov.lk/about/registered-inactive-ngos,
email,pass,Published email: diginity@slt.lk,https://ngosec.gov.lk/about/registered-inactive-ngos,
email,pass,Published email: vaddudevelop@yahoo.com,https://ngosec.gov.lk/about/registered-inactive-ngos,
email,pass,Published email: hirand@panlanka.net,https://ngosec.gov.lk/about/registered-inactive-ngos,
email,pass,Published email: rajeswarant@yahoo.com,https://ngosec.gov.lk/about/registered-inactive-ngos,
email,pass,Published email: namal@houston.rr.com,https://ngosec.gov.lk/about/registered-inactive-ngos,
email,pass,Published email: sirig@sltnet.lk,https://ngosec.gov.lk/about/registered-inactive-ngos,
email,pass,Published email: motivationlk@yahoogroups.com,https://ngosec.gov.lk/about/registered-inactive-ngos,
email,pass,Published email: pushparf@gmail.com,https://ngosec.gov.lk/about/registered-inactive-ngos,
email,pass,Published email: ahdfsrilanka@sltnet.lk,https://ngosec.gov.lk/about/registered-inactive-ngos,
email,pass,Published email: field2@md.neweb.ne.jp,https://ngosec.gov.lk/about/registered-inactive-ngos,
email,pass,Published email: overseas.srilanka@yahoo.it,https://ngosec.gov.lk/about/registered-inactive-ngos,
email,pass,Published email: buddhistbrotherhood.net@gmail.com,https://ngosec.gov.lk/about/registered-inactive-ngos,
email,pass,Published email: micsrilanka@yahoo.co.uk,https://ngosec.gov.lk/about/registered-inactive-ngos,
email,pass,Published email: kswf3100@gmail.com,https://ngosec.gov.lk/about/registered-inactive-ngos,
email,pass,Published email: srikaranpaul@online.de,https://ngosec.gov.lk/about/registered-inactive-ngos,
email,pass,Published email: hopeforchildren@lineone.net,https://ngosec.gov.lk/about/registered-inactive-ngos,
email,pass,Published email: wforum@etfsrilanka.org,https://ngosec.gov.lk/about/registered-inactive-ngos,
email,pass,Published email: dhammajothi@yahoo.com,https://ngosec.gov.lk/about/registered-inactive-ngos,
email,pass,Published email: cd@goalsrilanka.com,https://ngosec.gov.lk/about/registered-inactive-ngos,
email,pass,Published email: tsfsrilanka@sltnet.lkcontact,https://ngosec.gov.lk/about/registered-inactive-ngos,
email,pass,Published email: rohan.dissanayake@hotmail.com,https://ngosec.gov.lk/about/registered-inactive-ngos,
email,pass,Published email: info@bsedc.org,https://ngosec.gov.lk/about/registered-inactive-ngos,
email,pass,Published email: senaka_jayathilaka@yahoo.com,https://ngosec.gov.lk/about/registered-inactive-ngos,
email,pass,Published email: rahuma@gmail.com,https://ngosec.gov.lk/about/registered-inactive-ngos,
email,pass,Published email: thuruliya@gmail.com,https://ngosec.gov.lk/about/registered-inactive-ngos,
email,pass,Published email: srilanka@intersos.org,https://ngosec.gov.lk/about/registered-inactive-ngos,
email,pass,Published email: duslanka@eureka.lk,https://ngosec.gov.lk/about/registered-inactive-ngos,
email,pass,Published email: Jacob@fridsro.org,https://ngosec.gov.lk/about/registered-inactive-ngos,
email,pass,Published email: southulhaq@yahoo.com,https://ngosec.gov.lk/about/registered-inactive-ngos,
email,pass,Published email: haroun@inwahoidings.com,https://ngosec.gov.lk/about/registered-inactive-ngos,
email,pass,Published email: info@bmsdfoundation.org,https://ngosec.gov.lk/about/registered-inactive-ngos,
email,pass,Published email: starlink@eureka.lk,https://ngosec.gov.lk/about/registered-inactive-ngos,
email,pass,Published email: colombo@oxfam.lk,https://ngosec.gov.lk/about/registered-inactive-ngos,
email,pass,Published email: hbaid@hbaid.org,https://ngosec.gov.lk/about/registered-inactive-ngos,
email,pass,Published email: matt434@gmail.com,https://ngosec.gov.lk/about/registered-inactive-ngos,
email,pass,Published email: kerdfoundation@gmail.com,https://ngosec.gov.lk/about/registered-inactive-ngos,
email,pass,Published email: jutta@sltnet.lk,https://ngosec.gov.lk/about/registered-inactive-ngos,
email,pass,Published email: chery@agrisud.org,https://ngosec.gov.lk/about/registered-inactive-ngos,
email,pass,Published email: ekwemusrilanka@gmail.com,https://ngosec.gov.lk/about/registered-inactive-ngos,
email,pass,Published email: mre@tdh.ch,https://ngosec.gov.lk/about/registered-inactive-ngos,
email,pass,Published email: pdf@stmail.lk,https://ngosec.gov.lk/about/registered-inactive-ngos,
email,pass,Published email: Socialpower@sltnet.lk,https://ngosec.gov.lk/about/registered-inactive-ngos,
postal_address,pass,"Published postal address: Contact Details 1 FL13305 Medecins Sans Frontieres (French Section) 251/37,Kirula Road,Colombo 05 011-2-368555/ Fax: 011",https://ngosec.gov.lk/about/registered-inactive-ngos,
named_responsibility,pass,Published named responsibility: director,https://ngosec.gov.lk/about/registered-inactive-ngos,
legal_basis,pass,Published legal basis: circular,https://ngosec.gov.lk/about/registered-inactive-ngos,
fees_and_payment,pass,"Published fees and payment: rs,",https://ngosec.gov.lk/about/registered-inactive-ngos,
published_update_date,pass,Published published update date: 24 July 2026,https://ngosec.gov.lk/about/registered-inactive-ngos,
phone,pass,Published phone: 067-2220401 ,https://ngosec.gov.lk/about/district-level-registered-ngo-list,
phone,pass,Published phone: 021 222 8093 ,https://ngosec.gov.lk/about/district-level-registered-ngo-list,
phone,pass,Published phone: 071-8861514 ,https://ngosec.gov.lk/about/district-level-registered-ngo-list,
phone,pass,Published phone: 0672260483,https://ngosec.gov.lk/about/district-level-registered-ngo-list,
phone,pass,Published phone: 021 222 3699,https://ngosec.gov.lk/about/district-level-registered-ngo-list,
phone,pass,Published phone: 0112-519843 ,https://ngosec.gov.lk/about/district-level-registered-ngo-list,
phone,pass,Published phone: 065-2227517 ,https://ngosec.gov.lk/about/district-level-registered-ngo-list,
phone,pass,Published phone: 076-9654555 ,https://ngosec.gov.lk/about/district-level-registered-ngo-list,
phone,pass,Published phone: 077 919 1529,https://ngosec.gov.lk/about/district-level-registered-ngo-list,
phone,pass,Published phone: 077 326 4571,https://ngosec.gov.lk/about/district-level-registered-ngo-list,
phone,pass,Published phone: 08 67227823,https://ngosec.gov.lk/about/district-level-registered-ngo-list,
phone,pass,Published phone: 077-4734753 ,https://ngosec.gov.lk/about/district-level-registered-ngo-list,
phone,pass,Published phone: 09 67222932,https://ngosec.gov.lk/about/district-level-registered-ngo-list,
phone,pass,Published phone: 065-2226972 ,https://ngosec.gov.lk/about/district-level-registered-ngo-list,
phone,pass,Published phone: 08. 67227727,https://ngosec.gov.lk/about/district-level-registered-ngo-list,
phone,pass,Published phone: 0719152470 ,https://ngosec.gov.lk/about/district-level-registered-ngo-list,
phone,pass,Published phone: 076-7462655 ,https://ngosec.gov.lk/about/district-level-registered-ngo-list,
phone,pass,Published phone: 01 67227879,https://ngosec.gov.lk/about/district-level-registered-ngo-list,
phone,pass,Published phone: 0362258108,https://ngosec.gov.lk/about/district-level-registered-ngo-list,
phone,pass,Published phone: 06 77919758,https://ngosec.gov.lk/about/district-level-registered-ngo-list,
phone,pass,Published phone: 077-3782098 ,https://ngosec.gov.lk/about/district-level-registered-ngo-list,
phone,pass,Published phone: 071-1923755 ,https://ngosec.gov.lk/about/district-level-registered-ngo-list,
phone,pass,Published phone: 0112-175150 ,https://ngosec.gov.lk/about/district-level-registered-ngo-list,
phone,pass,Published phone: 077-9669314 ,https://ngosec.gov.lk/about/district-level-registered-ngo-list,
phone,pass,Published phone: 065-2222800 ,https://ngosec.gov.lk/about/district-level-registered-ngo-list,
phone,pass,Published phone: 077-7860621 ,https://ngosec.gov.lk/about/district-level-registered-ngo-list,
phone,pass,Published phone: 05 67225505,https://ngosec.gov.lk/about/district-level-registered-ngo-list,
phone,pass,Published phone: 021 222 9115 ,https://ngosec.gov.lk/about/district-level-registered-ngo-list,
phone,pass,Published phone: 09. 77758442,https://ngosec.gov.lk/about/district-level-registered-ngo-list,
phone,pass,Published phone: 021 222 7012 ,https://ngosec.gov.lk/about/district-level-registered-ngo-list,
phone,pass,Published phone: 065-2225576 ,https://ngosec.gov.lk/about/district-level-registered-ngo-list,
phone,pass,Published phone: 0718422614 ,https://ngosec.gov.lk/about/district-level-registered-ngo-list,
phone,pass,Published phone: 065-2059744 ,https://ngosec.gov.lk/about/district-level-registered-ngo-list,
phone,pass,Published phone: 077-9803170 ,https://ngosec.gov.lk/about/district-level-registered-ngo-list,
phone,pass,Published phone: 077-8340179 ,https://ngosec.gov.lk/about/district-level-registered-ngo-list,
phone,pass,Published phone: 021 222 8025,https://ngosec.gov.lk/about/district-level-registered-ngo-list,
phone,pass,Published phone: 065-2224728 ,https://ngosec.gov.lk/about/district-level-registered-ngo-list,
phone,pass,Published phone: 04 67222259 ,https://ngosec.gov.lk/about/district-level-registered-ngo-list,
phone,pass,Published phone: 071-7836803 ,https://ngosec.gov.lk/about/district-level-registered-ngo-list,
phone,pass,Published phone: 065-2222495 ,https://ngosec.gov.lk/about/district-level-registered-ngo-list,
phone,pass,Published phone: 081-2420255 ,https://ngosec.gov.lk/about/district-level-registered-ngo-list,
phone,pass,Published phone: 077-6072323 ,https://ngosec.gov.lk/about/district-level-registered-ngo-list,
phone,pass,Published phone: 065-2258000 ,https://ngosec.gov.lk/about/district-level-registered-ngo-list,
phone,pass,Published phone: 077 497 2020,https://ngosec.gov.lk/about/district-level-registered-ngo-list,
phone,pass,Published phone: 065-2225539 ,https://ngosec.gov.lk/about/district-level-registered-ngo-list,
phone,pass,Published phone: 078 934 6577 ,https://ngosec.gov.lk/about/district-level-registered-ngo-list,
phone,pass,Published phone: 065-2245556 ,https://ngosec.gov.lk/about/district-level-registered-ngo-list,
phone,pass,Published phone: 065-2227416 ,https://ngosec.gov.lk/about/district-level-registered-ngo-list,
phone,pass,Published phone: 071-8166654 ,https://ngosec.gov.lk/about/district-level-registered-ngo-list,
phone,pass,Published phone: 065-2227169 ,https://ngosec.gov.lk/about/district-level-registered-ngo-list,
phone,pass,Published phone: 077 934 6577 ,https://ngosec.gov.lk/about/district-level-registered-ngo-list,
phone,pass,Published phone: 071-4430503 ,https://ngosec.gov.lk/about/district-level-registered-ngo-list,
phone,pass,Published phone: 08 07742842,https://ngosec.gov.lk/about/district-level-registered-ngo-list,
phone,pass,Published phone: 021 320 5015 ,https://ngosec.gov.lk/about/district-level-registered-ngo-list,
phone,pass,Published phone: 05 077-74144,https://ngosec.gov.lk/about/district-level-registered-ngo-list,
phone,pass,Published phone: 071-4495354 ,https://ngosec.gov.lk/about/district-level-registered-ngo-list,
phone,pass,Published phone: 077-2967679,https://ngosec.gov.lk/about/district-level-registered-ngo-list,
phone,pass,Published phone: 021 222 2970 ,https://ngosec.gov.lk/about/district-level-registered-ngo-list,
phone,pass,Published phone: 071-4247600 ,https://ngosec.gov.lk/about/district-level-registered-ngo-list,
phone,pass,Published phone: 0452224255,https://ngosec.gov.lk/about/district-level-registered-ngo-list,
phone,pass,Published phone: 077 376 0039,https://ngosec.gov.lk/about/district-level-registered-ngo-list,
phone,pass,Published phone: 03. 77745748,https://ngosec.gov.lk/about/district-level-registered-ngo-list,
phone,pass,Published phone: 077 728 1879,https://ngosec.gov.lk/about/district-level-registered-ngo-list,
phone,pass,Published phone: 077-2888955 ,https://ngosec.gov.lk/about/district-level-registered-ngo-list,
phone,pass,Published phone: 0672260019,https://ngosec.gov.lk/about/district-level-registered-ngo-list,
phone,pass,Published phone: 071-4405940 ,https://ngosec.gov.lk/about/district-level-registered-ngo-list,
phone,pass,Published phone: 0112-852595 ,https://ngosec.gov.lk/about/district-level-registered-ngo-list,
phone,pass,Published phone: 09. 67222976,https://ngosec.gov.lk/about/district-level-registered-ngo-list,
phone,pass,Published phone: 021 222 8130 ,https://ngosec.gov.lk/about/district-level-registered-ngo-list,
phone,pass,Published phone: 01 67222178,https://ngosec.gov.lk/about/district-level-registered-ngo-list,
phone,pass,Published phone: 05 67222182,https://ngosec.gov.lk/about/district-level-registered-ngo-list,
phone,pass,Published phone: 021 222 8966 ,https://ngosec.gov.lk/about/district-level-registered-ngo-list,
phone,pass,Published phone: 0714451470 ,https://ngosec.gov.lk/about/district-level-registered-ngo-list,
phone,pass,Published phone: 077-9083057 ,https://ngosec.gov.lk/about/district-level-registered-ngo-list,
phone,pass,Published phone: 065-2224169,https://ngosec.gov.lk/about/district-level-registered-ngo-list,
phone,pass,Published phone: 0777-902266 ,https://ngosec.gov.lk/about/district-level-registered-ngo-list,
phone,pass,Published phone: 0777-673738 ,https://ngosec.gov.lk/about/district-level-registered-ngo-list,
phone,pass,Published phone: 0 718141206 ,https://ngosec.gov.lk/about/district-level-registered-ngo-list,
phone,pass,Published phone: 021 205 2630,https://ngosec.gov.lk/about/district-level-registered-ngo-list,
phone,pass,Published phone: 0112-803955 ,https://ngosec.gov.lk/about/district-level-registered-ngo-list,
phone,pass,Published phone: 078-8408425 ,https://ngosec.gov.lk/about/district-level-registered-ngo-list,
phone,pass,Published phone: 021 222 3668,https://ngosec.gov.lk/about/district-level-registered-ngo-list,
phone,pass,Published phone: 060 221 7298,https://ngosec.gov.lk/about/district-level-registered-ngo-list,
phone,pass,Published phone: 021 222 4033 ,https://ngosec.gov.lk/about/district-level-registered-ngo-list,
phone,pass,Published phone: 077 974 2097 ,https://ngosec.gov.lk/about/district-level-registered-ngo-list,
phone,pass,Published phone: 05 67490012,https://ngosec.gov.lk/about/district-level-registered-ngo-list,
phone,pass,Published phone: 071-4272416 ,https://ngosec.gov.lk/about/district-level-registered-ngo-list,
phone,pass,Published phone: 060-2653058 ,https://ngosec.gov.lk/about/district-level-registered-ngo-list,
phone,pass,Published phone: 08 71553399,https://ngosec.gov.lk/about/district-level-registered-ngo-list,
phone,pass,Published phone: 021 222 5932 ,https://ngosec.gov.lk/about/district-level-registered-ngo-list,
phone,pass,Published phone: 065-2222584 ,https://ngosec.gov.lk/about/district-level-registered-ngo-list,
phone,pass,Published phone: 0452226224 ,https://ngosec.gov.lk/about/district-level-registered-ngo-list,
phone,pass,Published phone: 071-8315958 ,https://ngosec.gov.lk/about/district-level-registered-ngo-list,
phone,pass,Published phone: 02 77263551,https://ngosec.gov.lk/about/district-level-registered-ngo-list,
phone,pass,Published phone: 065-2224825 ,https://ngosec.gov.lk/about/district-level-registered-ngo-list,
phone,pass,Published phone: +94) 112877376 ,https://ngosec.gov.lk/about/district-level-registered-ngo-list,
phone,pass,Published phone: 065-2224345 ,https://ngosec.gov.lk/about/district-level-registered-ngo-list,
phone,pass,Published phone: 08. 67567002,https://ngosec.gov.lk/about/district-level-registered-ngo-list,
phone,pass,Published phone: 06. 67490077,https://ngosec.gov.lk/about/district-level-registered-ngo-list,
phone,pass,Published phone: 065-2222049 ,https://ngosec.gov.lk/about/district-level-registered-ngo-list,
phone,pass,Published phone: 071-8579185 ,https://ngosec.gov.lk/about/district-level-registered-ngo-list,
phone,pass,Published phone: 0777-670534 ,https://ngosec.gov.lk/about/district-level-registered-ngo-list,
phone,pass,Published phone: 065-2225656 ,https://ngosec.gov.lk/about/district-level-registered-ngo-list,
phone,pass,Published phone: 04 77936034,https://ngosec.gov.lk/about/district-level-registered-ngo-list,
phone,pass,Published phone: 0 672278254,https://ngosec.gov.lk/about/district-level-registered-ngo-list,
phone,pass,Published phone: 021 222 6514 ,https://ngosec.gov.lk/about/district-level-registered-ngo-list,
phone,pass,Published phone: 011-2512457 ,https://ngosec.gov.lk/about/district-level-registered-ngo-list,
phone,pass,Published phone: 01. 77654200,https://ngosec.gov.lk/about/district-level-registered-ngo-list,
phone,pass,Published phone: 077 171 0201,https://ngosec.gov.lk/about/district-level-registered-ngo-list,
phone,pass,Published phone: 065-2226414 ,https://ngosec.gov.lk/about/district-level-registered-ngo-list,
phone,pass,Published phone: 077 977 9774 ,https://ngosec.gov.lk/about/district-level-registered-ngo-list,
phone,pass,Published phone: 065-2223034 ,https://ngosec.gov.lk/about/district-level-registered-ngo-list,
phone,pass,Published phone: 077-5052497 ,https://ngosec.gov.lk/about/district-level-registered-ngo-list,
phone,pass,Published phone: 0 771276680 ,https://ngosec.gov.lk/about/district-level-registered-ngo-list,
phone,pass,Published phone: 0702992327,https://ngosec.gov.lk/about/district-level-registered-ngo-list,
phone,pass,Published phone: 0776015453 ,https://ngosec.gov.lk/about/district-level-registered-ngo-list,
phone,pass,Published phone: 065-2250189 ,https://ngosec.gov.lk/about/district-level-registered-ngo-list,
phone,pass,Published phone: 065-2223297 ,https://ngosec.gov.lk/about/district-level-registered-ngo-list,
phone,pass,Published phone: 065-5686861 ,https://ngosec.gov.lk/about/district-level-registered-ngo-list,
phone,pass,Published phone: 0217201511,https://ngosec.gov.lk/about/district-level-registered-ngo-list,
phone,pass,Published phone: 065-2229039 ,https://ngosec.gov.lk/about/district-level-registered-ngo-list,
phone,pass,Published phone: 023 2222 113,https://ngosec.gov.lk/about/district-level-registered-ngo-list,
phone,pass,Published phone: 052-2222776,https://ngosec.gov.lk/about/district-level-registered-ngo-list,
phone,pass,Published phone: 04. 67567252,https://ngosec.gov.lk/about/district-level-registered-ngo-list,
phone,pass,Published phone: 021 222 3113 ,https://ngosec.gov.lk/about/district-level-registered-ngo-list,
phone,pass,Published phone: 0779035218,https://ngosec.gov.lk/about/district-level-registered-ngo-list,
phone,pass,Published phone: +94) 112884612 ,https://ngosec.gov.lk/about/district-level-registered-ngo-list,
phone,pass,Published phone: 060-2658890 ,https://ngosec.gov.lk/about/district-level-registered-ngo-list,
phone,pass,Published phone: 081-2476427 ,https://ngosec.gov.lk/about/district-level-registered-ngo-list,
phone,pass,Published phone: 065-2224498 ,https://ngosec.gov.lk/about/district-level-registered-ngo-list,
phone,pass,Published phone: 071-8137181 ,https://ngosec.gov.lk/about/district-level-registered-ngo-list,
phone,pass,Published phone: 065-2226409 ,https://ngosec.gov.lk/about/district-level-registered-ngo-list,
phone,pass,Published phone: 021 222 7320 ,https://ngosec.gov.lk/about/district-level-registered-ngo-list,
phone,pass,Published phone: 065-2250997 ,https://ngosec.gov.lk/about/district-level-registered-ngo-list,
phone,pass,Published phone: 01 011 239 43,https://ngosec.gov.lk/about/district-level-registered-ngo-list,
phone,pass,Published phone: 065-2250745 ,https://ngosec.gov.lk/about/district-level-registered-ngo-list,
phone,pass,Published phone: 0777-330715 ,https://ngosec.gov.lk/about/district-level-registered-ngo-list,
phone,pass,Published phone: 072-4863976 ,https://ngosec.gov.lk/about/district-level-registered-ngo-list,
phone,pass,Published phone: 065-2251186 ,https://ngosec.gov.lk/about/district-level-registered-ngo-list,
phone,pass,Published phone: 01 60267448,https://ngosec.gov.lk/about/district-level-registered-ngo-list,
phone,pass,Published phone: 021 222 7443 ,https://ngosec.gov.lk/about/district-level-registered-ngo-list,
phone,pass,Published phone: 077-5339026 ,https://ngosec.gov.lk/about/district-level-registered-ngo-list,
phone,pass,Published phone: 0776763057 ,https://ngosec.gov.lk/about/district-level-registered-ngo-list,
phone,pass,Published phone: 060-2653274 ,https://ngosec.gov.lk/about/district-level-registered-ngo-list,
phone,pass,Published phone: 072-9532505 ,https://ngosec.gov.lk/about/district-level-registered-ngo-list,
phone,pass,Published phone: 0777-911875 ,https://ngosec.gov.lk/about/district-level-registered-ngo-list,
phone,pass,Published phone: 021 222 3940 ,https://ngosec.gov.lk/about/district-level-registered-ngo-list,
phone,pass,Published phone: 081-2223529 ,https://ngosec.gov.lk/about/district-level-registered-ngo-list,
phone,pass,Published phone: 04 67227869,https://ngosec.gov.lk/about/district-level-registered-ngo-list,
phone,pass,Published phone: 060 221 6911 ,https://ngosec.gov.lk/about/district-level-registered-ngo-list,
phone,pass,Published phone: 03. 77963552,https://ngosec.gov.lk/about/district-level-registered-ngo-list,
phone,pass,Published phone: 065-2228676 ,https://ngosec.gov.lk/about/district-level-registered-ngo-list,
phone,pass,Published phone: 077-7278404 ,https://ngosec.gov.lk/about/district-level-registered-ngo-list,
phone,pass,Published phone: 01 07612287,https://ngosec.gov.lk/about/district-level-registered-ngo-list,
phone,pass,Published phone: 08 077-77061,https://ngosec.gov.lk/about/district-level-registered-ngo-list,
phone,pass,Published phone: 0773510871 ,https://ngosec.gov.lk/about/district-level-registered-ngo-list,
phone,pass,Published phone: 065-2227528 ,https://ngosec.gov.lk/about/district-level-registered-ngo-list,
phone,pass,Published phone: 060-2652600 ,https://ngosec.gov.lk/about/district-level-registered-ngo-list,
phone,pass,Published phone: 021 222 2416 ,https://ngosec.gov.lk/about/district-level-registered-ngo-list,
phone,pass,Published phone: 02 67222431 ,https://ngosec.gov.lk/about/district-level-registered-ngo-list,
phone,pass,Published phone: 071-5748662 ,https://ngosec.gov.lk/about/district-level-registered-ngo-list,
phone,pass,Published phone: 0773308282,https://ngosec.gov.lk/about/district-level-registered-ngo-list,
phone,pass,Published phone: 0452223135,https://ngosec.gov.lk/about/district-level-registered-ngo-list,
phone,pass,Published phone: 065-2223489 ,https://ngosec.gov.lk/about/district-level-registered-ngo-list,
phone,pass,Published phone: 065-2225573 ,https://ngosec.gov.lk/about/district-level-registered-ngo-list,
phone,pass,Published phone: 065-2250647,https://ngosec.gov.lk/about/district-level-registered-ngo-list,
phone,pass,Published phone: 021 222 3734 ,https://ngosec.gov.lk/about/district-level-registered-ngo-list,
phone,pass,Published phone: 077-3765679 ,https://ngosec.gov.lk/about/district-level-registered-ngo-list,
phone,pass,Published phone: 01 67227862,https://ngosec.gov.lk/about/district-level-registered-ngo-list,
phone,pass,Published phone: 071-6572545 ,https://ngosec.gov.lk/about/district-level-registered-ngo-list,
phone,pass,Published phone: 077-2320414 ,https://ngosec.gov.lk/about/district-level-registered-ngo-list,
phone,pass,Published phone: 08 76651095,https://ngosec.gov.lk/about/district-level-registered-ngo-list,
phone,pass,Published phone: 021 222 2076 ,https://ngosec.gov.lk/about/district-level-registered-ngo-list,
phone,pass,Published phone: 065-2222559 ,https://ngosec.gov.lk/about/district-level-registered-ngo-list,
phone,pass,Published phone: 065-2225684 ,https://ngosec.gov.lk/about/district-level-registered-ngo-list,
phone,pass,Published phone: 077-7749234 ,https://ngosec.gov.lk/about/district-level-registered-ngo-list,
phone,pass,Published phone: 06. 67227773,https://ngosec.gov.lk/about/district-level-registered-ngo-list,
phone,pass,Published phone: 0715795666 ,https://ngosec.gov.lk/about/district-level-registered-ngo-list,
phone,pass,Published phone: 021 222 3218,https://ngosec.gov.lk/about/district-level-registered-ngo-list,
phone,pass,Published phone: 065-2228561 ,https://ngosec.gov.lk/about/district-level-registered-ngo-list,
phone,pass,Published phone: 065-2051010 ,https://ngosec.gov.lk/about/district-level-registered-ngo-list,
email,pass,Published email: ccc.srilanka@gmail.com,https://ngosec.gov.lk/about/district-level-registered-ngo-list,
email,pass,Published email: awesrilanka@gmail.com,https://ngosec.gov.lk/about/district-level-registered-ngo-list,
email,pass,Published email: adccanuradhapura@gmail.com,https://ngosec.gov.lk/about/district-level-registered-ngo-list,
email,pass,Published email: admin@anathi.org,https://ngosec.gov.lk/about/district-level-registered-ngo-list,
email,pass,Published email: dianatrading.md@gmail.com,https://ngosec.gov.lk/about/district-level-registered-ngo-list,
email,pass,Published email: ponnandarajha@yahoo.com,https://ngosec.gov.lk/about/district-level-registered-ngo-list,
email,pass,Published email: tubercropgrowers@gmail.com,https://ngosec.gov.lk/about/district-level-registered-ngo-list,
email,pass,Published email: eksath.lanka@yahoo.com,https://ngosec.gov.lk/about/district-level-registered-ngo-list,
email,pass,Published email: athulasamanweerasinha@gmail.com,https://ngosec.gov.lk/about/district-level-registered-ngo-list,
email,pass,Published email: wwds.996@yahoo.com,https://ngosec.gov.lk/about/district-level-registered-ngo-list,
email,pass,Published email: thusithabodikotuwa@gmail.com,https://ngosec.gov.lk/about/district-level-registered-ngo-list,
email,pass,Published email: awf@sltnet.lk,https://ngosec.gov.lk/about/district-level-registered-ngo-list,
email,pass,Published email: kiriellarohankunara@gmail.com,https://ngosec.gov.lk/about/district-level-registered-ngo-list,
email,pass,Published email: sriahunmuni@gmail.com,https://ngosec.gov.lk/about/district-level-registered-ngo-list,
email,pass,Published email: dissanayakaswarna@gmail.com,https://ngosec.gov.lk/about/district-level-registered-ngo-list,
email,pass,Published email: ngosecretariat.gov@gmail.com/,https://ngosec.gov.lk/about/district-level-registered-ngo-list,
email,pass,Published email: aswaslorg@gamil.com,https://ngosec.gov.lk/about/district-level-registered-ngo-list,
email,pass,Published email: ppdorbatti@yahoo.com,https://ngosec.gov.lk/about/district-level-registered-ngo-list,
email,pass,Published email: prajashakthirabawa@gmail.com,https://ngosec.gov.lk/about/district-level-registered-ngo-list,
email,pass,Published email: ysrajan@amcor.lk,https://ngosec.gov.lk/about/district-level-registered-ngo-list,
email,pass,Published email: childarnwithspecialneedsunion@gmail.com,https://ngosec.gov.lk/about/district-level-registered-ngo-list,
email,pass,Published email: janothsa@gmail.com,https://ngosec.gov.lk/about/district-level-registered-ngo-list,
email,pass,Published email: udugamaeksathweera@gmail.com,https://ngosec.gov.lk/about/district-level-registered-ngo-list,
email,pass,Published email: nadiforchange8@gmail.com,https://ngosec.gov.lk/about/district-level-registered-ngo-list,
email,pass,Published email: florak04@gmail.com,https://ngosec.gov.lk/about/district-level-registered-ngo-list,
email,pass,Published email: 141bdc@gmail.com,https://ngosec.gov.lk/about/district-level-registered-ngo-list,
email,pass,Published email: noelaberathna@gmail.com,https://ngosec.gov.lk/about/district-level-registered-ngo-list,
email,pass,Published email: hrdvishionmtsl@gmail.com,https://ngosec.gov.lk/about/district-level-registered-ngo-list,
email,pass,Published email: ecdicratnapura@gmail.com,https://ngosec.gov.lk/about/district-level-registered-ngo-list,
email,pass,Published email: vovcodvavuniya@gmail.com,https://ngosec.gov.lk/about/district-level-registered-ngo-list,
email,pass,Published email: Ahimsaorganization@gamil.com,https://ngosec.gov.lk/about/district-level-registered-ngo-list,
email,pass,Published email: shankarsivasothy@gmail.com,https://ngosec.gov.lk/about/district-level-registered-ngo-list,
email,pass,Published email: mahasakthywf@gmail.com,https://ngosec.gov.lk/about/district-level-registered-ngo-list,
email,pass,Published email: polonfed@gmail.com,https://ngosec.gov.lk/about/district-level-registered-ngo-list,
email,pass,Published email: mkarankal@gamil.com,https://ngosec.gov.lk/about/district-level-registered-ngo-list,
email,pass,Published email: jsacjaffan@gmail.com,https://ngosec.gov.lk/about/district-level-registered-ngo-list,
email,pass,Published email: 1@gmail.com,https://ngosec.gov.lk/about/district-level-registered-ngo-list,
email,pass,Published email: ecrdf1989@yahoo.com,https://ngosec.gov.lk/about/district-level-registered-ngo-list,
email,pass,Published email: vogt.jaffna@hotmail.com,https://ngosec.gov.lk/about/district-level-registered-ngo-list,
email,pass,Published email: pldfeheliyagoda@gmail.com,https://ngosec.gov.lk/about/district-level-registered-ngo-list,
email,pass,Published email: ngosecretariat.gov@gmail.com,https://ngosec.gov.lk/about/district-level-registered-ngo-list,
email,pass,Published email: ramyakum@sltnet.lk,https://ngosec.gov.lk/about/district-level-registered-ngo-list,
email,pass,Published email: helpinghandsjada@gmail.com,https://ngosec.gov.lk/about/district-level-registered-ngo-list,
email,pass,Published email: dsutt@sltnet.lk,https://ngosec.gov.lk/about/district-level-registered-ngo-list,
email,pass,Published email: seeda@sltnet.lk,https://ngosec.gov.lk/about/district-level-registered-ngo-list,
email,pass,Published email: namaltfoundation@gmail.com,https://ngosec.gov.lk/about/district-level-registered-ngo-list,
email,pass,Published email: rgnktbt@gmail.com,https://ngosec.gov.lk/about/district-level-registered-ngo-list,
email,pass,Published email: shedevrsl@gmail.com,https://ngosec.gov.lk/about/district-level-registered-ngo-list,
email,pass,Published email: stedoimc@gmail.com,https://ngosec.gov.lk/about/district-level-registered-ngo-list,
email,pass,Published email: escobatti@gmail.com,https://ngosec.gov.lk/about/district-level-registered-ngo-list,
email,pass,Published email: osedsl@hotmail.com,https://ngosec.gov.lk/about/district-level-registered-ngo-list,
email,pass,Published email: chandiwdc@sltnet.lk,https://ngosec.gov.lk/about/district-level-registered-ngo-list,
email,pass,Published email: sasibatti@gmail.com,https://ngosec.gov.lk/about/district-level-registered-ngo-list,
email,pass,Published email: gamisarana553@gmail.com,https://ngosec.gov.lk/about/district-level-registered-ngo-list,
email,pass,Published email: rakulan.save@gmail.com,https://ngosec.gov.lk/about/district-level-registered-ngo-list,
email,pass,Published email: fosdoovavuniya@gmail.com,https://ngosec.gov.lk/about/district-level-registered-ngo-list,
email,pass,Published email: btnf@slnet.lk,https://ngosec.gov.lk/about/district-level-registered-ngo-list,
email,pass,Published email: ngoconsortiumkilinochchi@gmail.com,https://ngosec.gov.lk/about/district-level-registered-ngo-list,
email,pass,Published email: sdfjaffna@yahoo.com,https://ngosec.gov.lk/about/district-level-registered-ngo-list,
email,pass,Published email: national.aid4humanity@gmail.com,https://ngosec.gov.lk/about/district-level-registered-ngo-list,
email,pass,Published email: tpalitha@yahoo.com,https://ngosec.gov.lk/about/district-level-registered-ngo-list,
email,pass,Published email: mwsomarathne@yahooo.com,https://ngosec.gov.lk/about/district-level-registered-ngo-list,
email,pass,Published email: alithkumarafoundation@gamil.com,https://ngosec.gov.lk/about/district-level-registered-ngo-list,
email,pass,Published email: hopedf@gmail.com,https://ngosec.gov.lk/about/district-level-registered-ngo-list,
email,pass,Published email: ymcabatt@sltnet.lk,https://ngosec.gov.lk/about/district-level-registered-ngo-list,
email,pass,Published email: sathmagam@slt.net,https://ngosec.gov.lk/about/district-level-registered-ngo-list,
email,pass,Published email: herosofmatale@gmail.com,https://ngosec.gov.lk/about/district-level-registered-ngo-list,
email,pass,Published email: nishanthahettiarachchi@gmail.com,https://ngosec.gov.lk/about/district-level-registered-ngo-list,
email,pass,Published email: linkssupd@gmail.com,https://ngosec.gov.lk/about/district-level-registered-ngo-list,
email,pass,Published email: cdepsbatti@gmail.com,https://ngosec.gov.lk/about/district-level-registered-ngo-list,
email,pass,Published email: nertarabattic@yahoo.com,https://ngosec.gov.lk/about/district-level-registered-ngo-list,
email,pass,Published email: kiliwdf@gmail.com,https://ngosec.gov.lk/about/district-level-registered-ngo-list,
email,pass,Published email: gampahahadda@gmail.com,https://ngosec.gov.lk/about/district-level-registered-ngo-list,
email,pass,Published email: marrmannar@gmail.com,https://ngosec.gov.lk/about/district-level-registered-ngo-list,
email,pass,Published email: ugathi@yahoo.com,https://ngosec.gov.lk/about/district-level-registered-ngo-list,
email,pass,Published email: mugunuwela@gmail.com,https://ngosec.gov.lk/about/district-level-registered-ngo-list,
email,pass,Published email: dukrunanayake119@gmai.com,https://ngosec.gov.lk/about/district-level-registered-ngo-list,
email,pass,Published email: managementitham2012@gmail.com,https://ngosec.gov.lk/about/district-level-registered-ngo-list,
email,pass,Published email: v4cefoundation@gmail.com,https://ngosec.gov.lk/about/district-level-registered-ngo-list,
email,pass,Published email: sedogltd8@yahoo.com,https://ngosec.gov.lk/about/district-level-registered-ngo-list,
email,pass,Published email: siyanafloura@gmail.com,https://ngosec.gov.lk/about/district-level-registered-ngo-list,
email,pass,Published email: wonder-action@yahoo.com,https://ngosec.gov.lk/about/district-level-registered-ngo-list,
email,pass,Published email: shyama0303@gmail.com,https://ngosec.gov.lk/about/district-level-registered-ngo-list,
email,pass,Published email: info.mathahu@gamil.com,https://ngosec.gov.lk/about/district-level-registered-ngo-list,
email,pass,Published email: jayamahes24@gmail.com,https://ngosec.gov.lk/about/district-level-registered-ngo-list,
email,pass,Published email: vovcodbatti@gamil.com,https://ngosec.gov.lk/about/district-level-registered-ngo-list,
email,pass,Published email: gentlewaysrilanka@gmail.com,https://ngosec.gov.lk/about/district-level-registered-ngo-list,
email,pass,Published email: risingwoman21@gmail.com,https://ngosec.gov.lk/about/district-level-registered-ngo-list,
email,pass,Published email: euwokantale@gmail.com,https://ngosec.gov.lk/about/district-level-registered-ngo-list,
email,pass,Published email: shdow@eureka.lk,https://ngosec.gov.lk/about/district-level-registered-ngo-list,
email,pass,Published email: cdfsl@yahoo.com,https://ngosec.gov.lk/about/district-level-registered-ngo-list,
email,pass,Published email: tctmc@gmail.com,https://ngosec.gov.lk/about/district-level-registered-ngo-list,
email,pass,Published email: pedo@slnet.lk,https://ngosec.gov.lk/about/district-level-registered-ngo-list,
email,pass,Published email: skgroupfoundation@gmail.com,https://ngosec.gov.lk/about/district-level-registered-ngo-list,
email,pass,Published email: Kaviyasdwc@slnet.lk,https://ngosec.gov.lk/about/district-level-registered-ngo-list,
email,pass,Published email: buddhashrawaka@gamil.com,https://ngosec.gov.lk/about/district-level-registered-ngo-list,
email,pass,Published email: women4justice.lk@gmail.com,https://ngosec.gov.lk/about/district-level-registered-ngo-list,
email,pass,Published email: orhanvavuniya@gmail.com,https://ngosec.gov.lk/about/district-level-registered-ngo-list,
email,pass,Published email: nmsanamalgama@gmail.com,https://ngosec.gov.lk/about/district-level-registered-ngo-list,
email,pass,Published email: kumudunie.wijerathna@gmail.com,https://ngosec.gov.lk/about/district-level-registered-ngo-list,
email,pass,Published email: arugamdayata@yahoo.com,https://ngosec.gov.lk/about/district-level-registered-ngo-list,
email,pass,Published email: kilieducation@gmail.com,https://ngosec.gov.lk/about/district-level-registered-ngo-list,
email,pass,Published email: ydokilinochchi@gmail.com,https://ngosec.gov.lk/about/district-level-registered-ngo-list,
email,pass,Published email: Shanthimohidieen2020@gmail.com,https://ngosec.gov.lk/about/district-level-registered-ngo-list,
email,pass,Published email: irsd.anu@gmail.com,https://ngosec.gov.lk/about/district-level-registered-ngo-list,
email,pass,Published email: wwdf@slnet.lk,https://ngosec.gov.lk/about/district-level-registered-ngo-list,
email,pass,Published email: sathjanaofficial@gmail.com,https://ngosec.gov.lk/about/district-level-registered-ngo-list,
email,pass,Published email: Batticaloprofessional@gamil.com,https://ngosec.gov.lk/about/district-level-registered-ngo-list,
email,pass,Published email: info@yourthvishionmatale.org,https://ngosec.gov.lk/about/district-level-registered-ngo-list,
email,pass,Published email: harithaflora@gmail.com,https://ngosec.gov.lk/about/district-level-registered-ngo-list,
email,pass,Published email: ppcc@slnet.lk,https://ngosec.gov.lk/about/district-level-registered-ngo-list,
email,pass,Published email: Peera.batti@gamil.com,https://ngosec.gov.lk/about/district-level-registered-ngo-list,
email,pass,Published email: gthorningo@yahoo.com,https://ngosec.gov.lk/about/district-level-registered-ngo-list,
email,pass,Published email: turuorganisason@gmail.com,https://ngosec.gov.lk/about/district-level-registered-ngo-list,
email,pass,Published email: smshussa@gmail.com,https://ngosec.gov.lk/about/district-level-registered-ngo-list,
email,pass,Published email: thupakumara@gmail.com,https://ngosec.gov.lk/about/district-level-registered-ngo-list,
email,pass,Published email: manudiriyamjs@gmail.com,https://ngosec.gov.lk/about/district-level-registered-ngo-list,
email,pass,Published email: ranjithilleperuma@gmail.com,https://ngosec.gov.lk/about/district-level-registered-ngo-list,
email,pass,Published email: info@thamizharitham.org,https://ngosec.gov.lk/about/district-level-registered-ngo-list,
email,pass,Published email: bedsbatti@gmail.com,https://ngosec.gov.lk/about/district-level-registered-ngo-list,
email,pass,Published email: shaalu_pathman@yahoo.com,https://ngosec.gov.lk/about/district-level-registered-ngo-list,
email,pass,Published email: aranatrust@gmail.com,https://ngosec.gov.lk/about/district-level-registered-ngo-list,
email,pass,Published email: kugan@yahoo.com,https://ngosec.gov.lk/about/district-level-registered-ngo-list,
email,pass,Published email: chrdbattic@yahoo.co.uk,https://ngosec.gov.lk/about/district-level-registered-ngo-list,
email,pass,Published email: hrdvishionjm@gmail.com,https://ngosec.gov.lk/about/district-level-registered-ngo-list,
email,pass,Published email: vancongo@gmail.com,https://ngosec.gov.lk/about/district-level-registered-ngo-list,
email,pass,Published email: cecd.kilinochchi@gmail.com,https://ngosec.gov.lk/about/district-level-registered-ngo-list,
email,pass,Published email: oferrceylon@gmail.com,https://ngosec.gov.lk/about/district-level-registered-ngo-list,
email,pass,Published email: peramagasl@gamil.com,https://ngosec.gov.lk/about/district-level-registered-ngo-list,
email,pass,Published email: nalinfernando2019@gamil.com,https://ngosec.gov.lk/about/district-level-registered-ngo-list,
email,pass,Published email: Swolk.org@gmail.com,https://ngosec.gov.lk/about/district-level-registered-ngo-list,
email,pass,Published email: butterflypeacegardenbatticalo@gamil.com,https://ngosec.gov.lk/about/district-level-registered-ngo-list,
email,pass,Published email: sideafyothassociation@gamai.com,https://ngosec.gov.lk/about/district-level-registered-ngo-list,
email,pass,Published email: lovebirdsyouthorcanization@gmail.com,https://ngosec.gov.lk/about/district-level-registered-ngo-list,
email,pass,Published email: herartceylonfoundation@gmail.com,https://ngosec.gov.lk/about/district-level-registered-ngo-list,
email,pass,Published email: sgiropbatti@slnet.lk,https://ngosec.gov.lk/about/district-level-registered-ngo-list,
email,pass,Published email: ifavier2000@yahoo.co.uk,https://ngosec.gov.lk/about/district-level-registered-ngo-list,
email,pass,Published email: Nesamsl@yahoo.com,https://ngosec.gov.lk/about/district-level-registered-ngo-list,
email,pass,Published email: colombojournalist.lk@gmail.com,https://ngosec.gov.lk/about/district-level-registered-ngo-list,
email,pass,Published email: info@bsedc.org,https://ngosec.gov.lk/about/district-level-registered-ngo-list,
email,pass,Published email: krkelwala@gmail.com,https://ngosec.gov.lk/about/district-level-registered-ngo-list,
email,pass,Published email: mahatmagandi.ic15@gmail.com,https://ngosec.gov.lk/about/district-level-registered-ngo-list,
email,pass,Published email: siyapathfoundation@gmail.com,https://ngosec.gov.lk/about/district-level-registered-ngo-list,
email,pass,Published email: chandrabakg@gmail.com,https://ngosec.gov.lk/about/district-level-registered-ngo-list,
email,pass,Published email: yowupawra@gmail.com,https://ngosec.gov.lk/about/district-level-registered-ngo-list,
email,pass,Published email: jaffnacngos@gmail.com,https://ngosec.gov.lk/about/district-level-registered-ngo-list,
email,pass,Published email: inayambaticalo@gmail.com,https://ngosec.gov.lk/about/district-level-registered-ngo-list,
email,pass,Published email: muthu.kusum@gmail.com,https://ngosec.gov.lk/about/district-level-registered-ngo-list,
email,pass,Published email: inrahimsocialsirvices@yahoo.com,https://ngosec.gov.lk/about/district-level-registered-ngo-list,
email,pass,Published email: sdm.mediahous@gmail.com,https://ngosec.gov.lk/about/district-level-registered-ngo-list,
email,pass,Published email: mencafepne@gmail.com,https://ngosec.gov.lk/about/district-level-registered-ngo-list,
email,pass,Published email: info@ngosec.gov.lk,https://ngosec.gov.lk/about/district-level-registered-ngo-list,
email,pass,Published email: lasanthaabimana@yahoo.com,https://ngosec.gov.lk/about/district-level-registered-ngo-list,
email,pass,Published email: fwcjaffna@gmail.com,https://ngosec.gov.lk/about/district-level-registered-ngo-list,
email,pass,Published email: sudha.adt@gmail.com,https://ngosec.gov.lk/about/district-level-registered-ngo-list,
email,pass,Published email: salmahamza@slnet.lk,https://ngosec.gov.lk/about/district-level-registered-ngo-list,
email,pass,Published email: Kones2005@gamil.cokm,https://ngosec.gov.lk/about/district-level-registered-ngo-list,
email,pass,Published email: wayfoundation.uoj@gmail.com,https://ngosec.gov.lk/about/district-level-registered-ngo-list,
email,pass,Published email: Rights2022.@outlook.com,https://ngosec.gov.lk/about/district-level-registered-ngo-list,
email,pass,Published email: batti@gmail.com,https://ngosec.gov.lk/about/district-level-registered-ngo-list,
email,pass,Published email: rrwapolonnaruwa@gmail.cm,https://ngosec.gov.lk/about/district-level-registered-ngo-list,
email,pass,Published email: thaneshangelo@gmail.com,https://ngosec.gov.lk/about/district-level-registered-ngo-list,
email,pass,Published email: Mwdf2011@gamil.com,https://ngosec.gov.lk/about/district-level-registered-ngo-list,
email,pass,Published email: suvirafoundation@gmail.com,https://ngosec.gov.lk/about/district-level-registered-ngo-list,
email,pass,Published email: serosrilanka@gmial.com,https://ngosec.gov.lk/about/district-level-registered-ngo-list,
email,pass,Published email: anuradhapurahoteliers@gmail.com,https://ngosec.gov.lk/about/district-level-registered-ngo-list,
email,pass,Published email: brahmaviharimmbuf@gmail.com,https://ngosec.gov.lk/about/district-level-registered-ngo-list,
email,pass,Published email: ygrosoc@gmail.com,https://ngosec.gov.lk/about/district-level-registered-ngo-list,
postal_address,pass,"Published postal address: Contact Details District Current Status OOTRU Organization Puloly South, Point Pedro 021 222 4033 Jaffna Active The Refu",https://ngosec.gov.lk/about/district-level-registered-ngo-list,
named_responsibility,pass,Published named responsibility: director,https://ngosec.gov.lk/about/district-level-registered-ngo-list,
fees_and_payment,pass,"Published fees and payment: rs 240,",https://ngosec.gov.lk/about/district-level-registered-ngo-list,
published_update_date,pass,Published published update date: 04 August 2026,https://ngosec.gov.lk/about/district-level-registered-ngo-list,
phone,pass,Published phone: 0776822100) ,https://ngosec.gov.lk/about/list-of-microfinance-ngos-in-sri-lanka,
phone,pass,Published phone: 0771379020) ,https://ngosec.gov.lk/about/list-of-microfinance-ngos-in-sri-lanka,
phone,pass,Published phone: 0714519395 ,https://ngosec.gov.lk/about/list-of-microfinance-ngos-in-sri-lanka,
phone,pass,Published phone: 0475676748 ,https://ngosec.gov.lk/about/list-of-microfinance-ngos-in-sri-lanka,
phone,pass,Published phone: 0714296460) - ,https://ngosec.gov.lk/about/list-of-microfinance-ngos-in-sri-lanka,
phone,pass,Published phone: 0711327730) ,https://ngosec.gov.lk/about/list-of-microfinance-ngos-in-sri-lanka,
phone,pass,Published phone: 0112638772) ,https://ngosec.gov.lk/about/list-of-microfinance-ngos-in-sri-lanka,
phone,pass,Published phone: 0374995368 ,https://ngosec.gov.lk/about/list-of-microfinance-ngos-in-sri-lanka,
phone,pass,Published phone: +94) 112877376 ,https://ngosec.gov.lk/about/list-of-microfinance-ngos-in-sri-lanka,
phone,pass,Published phone: 0472257227 ,https://ngosec.gov.lk/about/list-of-microfinance-ngos-in-sri-lanka,
phone,pass,Published phone: 0776318321 ) ,https://ngosec.gov.lk/about/list-of-microfinance-ngos-in-sri-lanka,
phone,pass,Published phone: 0552230072 ,https://ngosec.gov.lk/about/list-of-microfinance-ngos-in-sri-lanka,
phone,pass,Published phone: 0550512705 ,https://ngosec.gov.lk/about/list-of-microfinance-ngos-in-sri-lanka,
phone,pass,Published phone: 0472257548 ,https://ngosec.gov.lk/about/list-of-microfinance-ngos-in-sri-lanka,
phone,pass,Published phone: 0252245755,https://ngosec.gov.lk/about/list-of-microfinance-ngos-in-sri-lanka,
phone,pass,Published phone: 0714063015) ,https://ngosec.gov.lk/about/list-of-microfinance-ngos-in-sri-lanka,
phone,pass,Published phone: 0373616675) - ,https://ngosec.gov.lk/about/list-of-microfinance-ngos-in-sri-lanka,
phone,pass,Published phone: 0713360894) ,https://ngosec.gov.lk/about/list-of-microfinance-ngos-in-sri-lanka,
phone,pass,Published phone: 0342282548 ,https://ngosec.gov.lk/about/list-of-microfinance-ngos-in-sri-lanka,
phone,pass,Published phone: 0415632611,https://ngosec.gov.lk/about/list-of-microfinance-ngos-in-sri-lanka,
phone,pass,Published phone: 0779941116) ,https://ngosec.gov.lk/about/list-of-microfinance-ngos-in-sri-lanka,
phone,pass,Published phone: 0652246677) ,https://ngosec.gov.lk/about/list-of-microfinance-ngos-in-sri-lanka,
phone,pass,Published phone: 0724432832) ,https://ngosec.gov.lk/about/list-of-microfinance-ngos-in-sri-lanka,
phone,pass,Published phone: 0915783233) ,https://ngosec.gov.lk/about/list-of-microfinance-ngos-in-sri-lanka,
phone,pass,Published phone: 0778604140) ,https://ngosec.gov.lk/about/list-of-microfinance-ngos-in-sri-lanka,
phone,pass,Published phone: 0914923616) ,https://ngosec.gov.lk/about/list-of-microfinance-ngos-in-sri-lanka,
phone,pass,Published phone: 0774576468) ,https://ngosec.gov.lk/about/list-of-microfinance-ngos-in-sri-lanka,
phone,pass,Published phone: 0716476013) ,https://ngosec.gov.lk/about/list-of-microfinance-ngos-in-sri-lanka,
phone,pass,Published phone: 0112294627) ,https://ngosec.gov.lk/about/list-of-microfinance-ngos-in-sri-lanka,
phone,pass,Published phone: 0702717509) - ,https://ngosec.gov.lk/about/list-of-microfinance-ngos-in-sri-lanka,
phone,pass,Published phone: 0771171690) - ,https://ngosec.gov.lk/about/list-of-microfinance-ngos-in-sri-lanka,
phone,pass,Published phone: 0412223900 ,https://ngosec.gov.lk/about/list-of-microfinance-ngos-in-sri-lanka,
phone,pass,Published phone: 0710520409) ,https://ngosec.gov.lk/about/list-of-microfinance-ngos-in-sri-lanka,
phone,pass,Published phone: 0115235447 ,https://ngosec.gov.lk/about/list-of-microfinance-ngos-in-sri-lanka,
phone,pass,Published phone: 0472221022,https://ngosec.gov.lk/about/list-of-microfinance-ngos-in-sri-lanka,
phone,pass,Published phone: 0714730507 ,https://ngosec.gov.lk/about/list-of-microfinance-ngos-in-sri-lanka,
phone,pass,Published phone: 0773219009) ,https://ngosec.gov.lk/about/list-of-microfinance-ngos-in-sri-lanka,
phone,pass,Published phone: 0777274908) ,https://ngosec.gov.lk/about/list-of-microfinance-ngos-in-sri-lanka,
phone,pass,Published phone: 0652246095 ,https://ngosec.gov.lk/about/list-of-microfinance-ngos-in-sri-lanka,
phone,pass,Published phone: 0912282599 ,https://ngosec.gov.lk/about/list-of-microfinance-ngos-in-sri-lanka,
phone,pass,Published phone: 0112298324 ,https://ngosec.gov.lk/about/list-of-microfinance-ngos-in-sri-lanka,
phone,pass,Published phone: 0814929946) - ,https://ngosec.gov.lk/about/list-of-microfinance-ngos-in-sri-lanka,
phone,pass,Published phone: 0719734664,https://ngosec.gov.lk/about/list-of-microfinance-ngos-in-sri-lanka,
phone,pass,Published phone: 0252052451) - ,https://ngosec.gov.lk/about/list-of-microfinance-ngos-in-sri-lanka,
phone,pass,Published phone: 0721809952) ,https://ngosec.gov.lk/about/list-of-microfinance-ngos-in-sri-lanka,
phone,pass,Published phone: 0713572650) ,https://ngosec.gov.lk/about/list-of-microfinance-ngos-in-sri-lanka,
phone,pass,Published phone: 0778443331) ,https://ngosec.gov.lk/about/list-of-microfinance-ngos-in-sri-lanka,
phone,pass,Published phone: 0602409048 ,https://ngosec.gov.lk/about/list-of-microfinance-ngos-in-sri-lanka,
phone,pass,Published phone: 0472220499 ,https://ngosec.gov.lk/about/list-of-microfinance-ngos-in-sri-lanka,
phone,pass,Published phone: 0112343470) ,https://ngosec.gov.lk/about/list-of-microfinance-ngos-in-sri-lanka,
phone,pass,Published phone: 0114200680 ,https://ngosec.gov.lk/about/list-of-microfinance-ngos-in-sri-lanka,
phone,pass,Published phone: +94) 112884612 ,https://ngosec.gov.lk/about/list-of-microfinance-ngos-in-sri-lanka,
phone,pass,Published phone: 0741081177) ,https://ngosec.gov.lk/about/list-of-microfinance-ngos-in-sri-lanka,
phone,pass,Published phone: 0252053356 ,https://ngosec.gov.lk/about/list-of-microfinance-ngos-in-sri-lanka,
phone,pass,Published phone: 0912282039) ,https://ngosec.gov.lk/about/list-of-microfinance-ngos-in-sri-lanka,
phone,pass,Published phone: 0912248169 ,https://ngosec.gov.lk/about/list-of-microfinance-ngos-in-sri-lanka,
phone,pass,Published phone: 0719330023) ,https://ngosec.gov.lk/about/list-of-microfinance-ngos-in-sri-lanka,
phone,pass,Published phone: 0572223130) ,https://ngosec.gov.lk/about/list-of-microfinance-ngos-in-sri-lanka,
phone,pass,Published phone: 0913784854 ,https://ngosec.gov.lk/about/list-of-microfinance-ngos-in-sri-lanka,
phone,pass,Published phone: 0702319014) ,https://ngosec.gov.lk/about/list-of-microfinance-ngos-in-sri-lanka,
phone,pass,Published phone: 0702622953) ,https://ngosec.gov.lk/about/list-of-microfinance-ngos-in-sri-lanka,
phone,pass,Published phone: 02451652 41 ,https://ngosec.gov.lk/about/list-of-microfinance-ngos-in-sri-lanka,
phone,pass,Published phone: 0714209068) ,https://ngosec.gov.lk/about/list-of-microfinance-ngos-in-sri-lanka,
phone,pass,Published phone: 0702165587) ,https://ngosec.gov.lk/about/list-of-microfinance-ngos-in-sri-lanka,
phone,pass,Published phone: 0715325711) ,https://ngosec.gov.lk/about/list-of-microfinance-ngos-in-sri-lanka,
phone,pass,Published phone: 0253243345 ,https://ngosec.gov.lk/about/list-of-microfinance-ngos-in-sri-lanka,
phone,pass,Published phone: 0775931044) ,https://ngosec.gov.lk/about/list-of-microfinance-ngos-in-sri-lanka,
phone,pass,Published phone: 0412254677 ,https://ngosec.gov.lk/about/list-of-microfinance-ngos-in-sri-lanka,
phone,pass,Published phone: 0777730248 ,https://ngosec.gov.lk/about/list-of-microfinance-ngos-in-sri-lanka,
phone,pass,Published phone: 0112870690,https://ngosec.gov.lk/about/list-of-microfinance-ngos-in-sri-lanka,
phone,pass,Published phone: 0374545540 ,https://ngosec.gov.lk/about/list-of-microfinance-ngos-in-sri-lanka,
phone,pass,Published phone: 0252055389 ,https://ngosec.gov.lk/about/list-of-microfinance-ngos-in-sri-lanka,
phone,pass,Published phone: 0776626606) - ,https://ngosec.gov.lk/about/list-of-microfinance-ngos-in-sri-lanka,
phone,pass,Published phone: 0252266104) - ,https://ngosec.gov.lk/about/list-of-microfinance-ngos-in-sri-lanka,
phone,pass,Published phone: 0702898475,https://ngosec.gov.lk/about/list-of-microfinance-ngos-in-sri-lanka,
email,pass,Published email: ngosecretariat.gov@gmail.com,https://ngosec.gov.lk/about/list-of-microfinance-ngos-in-sri-lanka,
email,pass,Published email: ngosecretariat.gov@gmail.com/,https://ngosec.gov.lk/about/list-of-microfinance-ngos-in-sri-lanka,
email,pass,Published email: info@ngosec.gov.lk,https://ngosec.gov.lk/about/list-of-microfinance-ngos-in-sri-lanka,
postal_address,pass,Published postal address: of the Organization Name of the Key Contact Person Contact Details 1 Galle Saesatha Economic Livelihood & Association Re,https://ngosec.gov.lk/about/list-of-microfinance-ngos-in-sri-lanka,
published_update_date,fail,Published published update date: 01 March 2024,https://ngosec.gov.lk/about/list-of-microfinance-ngos-in-sri-lanka,
phone,pass,Published phone: +94) 112884612 ,https://ngosec.gov.lk/about/staff,
phone,pass,Published phone: +94) 112877376 ,https://ngosec.gov.lk/about/staff,
phone,pass,Published phone: 017-9569-070,https://ngosec.gov.lk/about/staff,
email,pass,Published email: registration@ngosec.gov.lk,https://ngosec.gov.lk/about/staff,
email,pass,Published email: dg@ngosec.gov.lk,https://ngosec.gov.lk/about/staff,
email,pass,Published email: info@ngosec.gov.lk,https://ngosec.gov.lk/about/staff,
email,pass,Published email: visa@ngosec.gov.lk,https://ngosec.gov.lk/about/staff,
email,pass,Published email: monitoring@ngosec.gov.lk,https://ngosec.gov.lk/about/staff,
email,pass,Published email: ngosecretariat.gov@gmail.com,https://ngosec.gov.lk/about/staff,
email,pass,Published email: ngosecretariat.gov@gmail.com/,https://ngosec.gov.lk/about/staff,
email,pass,Published email: inquiry@ngosec.gov.lk,https://ngosec.gov.lk/about/staff,
email,pass,Published email: admin@ngosec.gov.lk,https://ngosec.gov.lk/about/staff,
email,pass,Published email: dir@ngosec.gov.lk,https://ngosec.gov.lk/about/staff,
named_responsibility,pass,Published named responsibility: director,https://ngosec.gov.lk/about/staff,
phone,pass,Published phone: +94) 112884612 ,https://ngosec.gov.lk/about/ngo-coordinators,
phone,pass,Published phone: +94) 112877376 ,https://ngosec.gov.lk/about/ngo-coordinators,
phone,pass,Published phone: 017-9569-070,https://ngosec.gov.lk/about/ngo-coordinators,
email,pass,Published email: nuwaraeliya.dc@ngosec.gov.lk,https://ngosec.gov.lk/about/ngo-coordinators,
email,pass,Published email: ratnapura.dc@ngosec.gov.lk,https://ngosec.gov.lk/about/ngo-coordinators,
email,pass,Published email: ngosecretariat.gov@gmail.com,https://ngosec.gov.lk/about/ngo-coordinators,
email,pass,Published email: ampara.dc@ngosec.gov.lk,https://ngosec.gov.lk/about/ngo-coordinators,
email,pass,Published email: kurunegala.mf@ngosec.gov.lk,https://ngosec.gov.lk/about/ngo-coordinators,
email,pass,Published email: jaffna.dc@ngosec.gov.lk,https://ngosec.gov.lk/about/ngo-coordinators,
email,pass,Published email: hambantota.dc@ngosec.gov.lk,https://ngosec.gov.lk/about/ngo-coordinators,
email,pass,Published email: ngosecretariat.gov@gmail.com/,https://ngosec.gov.lk/about/ngo-coordinators,
email,pass,Published email: matale.dc@ngosec.gov.lk,https://ngosec.gov.lk/about/ngo-coordinators,
email,pass,Published email: gampaha.dc@ngosec.gov.lk,https://ngosec.gov.lk/about/ngo-coordinators,
email,pass,Published email: galle.dc@ngosec.gov.lk,https://ngosec.gov.lk/about/ngo-coordinators,
email,pass,Published email: anuradhapura.dc@ngosec.gov.lk,https://ngosec.gov.lk/about/ngo-coordinators,
email,pass,Published email: mullaitivu.dc@ngosec.gov.lk,https://ngosec.gov.lk/about/ngo-coordinators,
email,pass,Published email: kilinochchi.dc@ngosec.gov.lk,https://ngosec.gov.lk/about/ngo-coordinators,
email,pass,Published email: info@ngosec.gov.lk,https://ngosec.gov.lk/about/ngo-coordinators,
email,pass,Published email: kurunegala.dc@ngosec.gov.lk,https://ngosec.gov.lk/about/ngo-coordinators,
email,pass,Published email: mannar.dc@ngosec.gov.lk,https://ngosec.gov.lk/about/ngo-coordinators,
email,pass,Published email: trincomalee.dc@ngosec.gov.lk,https://ngosec.gov.lk/about/ngo-coordinators,
email,pass,Published email: polonnaruwa.dc@ngosec.gov.lk,https://ngosec.gov.lk/about/ngo-coordinators,
email,pass,Published email: kegalle.dc@ngosec.gov.lk,https://ngosec.gov.lk/about/ngo-coordinators,
email,pass,Published email: batticaloa.mf@ngosec.gov.lk,https://ngosec.gov.lk/about/ngo-coordinators,
email,pass,Published email: kalutara.dc@ngosec.gov.lk,https://ngosec.gov.lk/about/ngo-coordinators,
email,pass,Published email: puttalam.dc@ngosec.gov.lk,https://ngosec.gov.lk/about/ngo-coordinators,
email,pass,Published email: colombo.dc@ngosec.gov.lk,https://ngosec.gov.lk/about/ngo-coordinators,
email,pass,Published email: batticaloa.dc@ngosec.gov.lk,https://ngosec.gov.lk/about/ngo-coordinators,
email,pass,Published email: anuradhapura.mf@ngosec.gov.lk,https://ngosec.gov.lk/about/ngo-coordinators,
email,pass,Published email: matara.dc@ngosec.gov.lk,https://ngosec.gov.lk/about/ngo-coordinators,
email,pass,Published email: badulla.dc@ngosec.gov.lk,https://ngosec.gov.lk/about/ngo-coordinators,
email,pass,Published email: kandy.dc@ngosec.gov.lk,https://ngosec.gov.lk/about/ngo-coordinators,
email,pass,Published email: galle.mf@ngosec.gov.lk,https://ngosec.gov.lk/about/ngo-coordinators,
email,pass,Published email: trincomalee.mf@ngosec.gov.lk,https://ngosec.gov.lk/about/ngo-coordinators,
email,pass,Published email: monaragala.dc@ngosec.gov.lk,https://ngosec.gov.lk/about/ngo-coordinators,
page_text,pass,Substantive page content: 164941 visible characters across 14 pages,https://ngosec.gov.lk/,
