check,status,detail,source,observed_at
dns,pass,Public DNS resolved,,2026-09-09T00:07:59.806199+05:30
domain_registration,error,Domain is absent from RDAP,,2026-09-09T00:07:59.806218+05:30
tls,pass,TLS certificate valid,,2026-09-09T00:07:59.869045+05:30
http,pass,Probe 1: HTTP 200 at https://rti.gov.lk/,https://rti.gov.lk/,2026-09-09T00:08:13.081874+05:30
http,pass,Probe 2: HTTP 200 at http://rti.gov.lk/,http://rti.gov.lk/,2026-09-09T00:08:13.081897+05:30
http,pass,Probe 3: HTTP 200 at https://rti.gov.lk/,https://rti.gov.lk/,2026-09-09T00:08:13.081900+05:30
http,pass,Probe 4: HTTP 200 at http://rti.gov.lk/,http://rti.gov.lk/,2026-09-09T00:08:13.081903+05:30
http,pass,Probe 5: HTTP 200 at http://rti.gov.lk/contact-info/,http://rti.gov.lk/contact-info/,2026-09-09T00:08:13.081905+05:30
http,pass,Probe 6: HTTP 200 at http://rti.gov.lk/do-list/,http://rti.gov.lk/do-list/,2026-09-09T00:08:13.081908+05:30
http,pass,Probe 7: HTTP 200 at http://rti.gov.lk/io-list/,http://rti.gov.lk/io-list/,2026-09-09T00:08:13.081910+05:30
http,pass,Probe 8: HTTP 200 at http://rti.gov.lk/rti-unit/,http://rti.gov.lk/rti-unit/,2026-09-09T00:08:13.081913+05:30
http,pass,Probe 9: HTTP 200 at http://rti.gov.lk/rti-forms/,http://rti.gov.lk/rti-forms/,2026-09-09T00:08:13.081915+05:30
http,pass,Probe 10: HTTP 200 at http://rti.gov.lk/media/,http://rti.gov.lk/media/,2026-09-09T00:08:13.081918+05:30
http,pass,Probe 11: HTTP 200 at http://rti.gov.lk/news-and-articles/,http://rti.gov.lk/news-and-articles/,2026-09-09T00:08:13.081920+05:30
http,pass,Probe 12: HTTP 200 at http://rti.gov.lk/faq/,http://rti.gov.lk/faq/,2026-09-09T00:08:13.081923+05:30
http,pass,Probe 13: HTTP 200 at http://rti.gov.lk/checkout/,http://rti.gov.lk/checkout/,2026-09-09T00:08:13.081926+05:30
http,pass,Probe 14: HTTP 200 at http://rti.gov.lk/my-account/,http://rti.gov.lk/my-account/,2026-09-09T00:08:13.081928+05:30
phone,pass,Published phone: 0 221 -36 32 -10,https://rti.gov.lk/,
phone,pass,Published phone: 095 -270 -1585 -,https://rti.gov.lk/,
phone,pass,Published phone: 0 273 275 326 ,https://rti.gov.lk/,
phone,pass,Published phone: 0 45 -18 66 -18 5,https://rti.gov.lk/,
phone,pass,Published phone: 0 202 137 225 ,https://rti.gov.lk/,
phone,pass,Published phone: 07 132 -981 25 -,https://rti.gov.lk/,
phone,pass,Published phone: 0 123 61 2 0 -10 -,https://rti.gov.lk/,
phone,pass,Published phone: 0 14 -18 113 -40 ,https://rti.gov.lk/,
phone,pass,Published phone: 0 107 52 107 1,https://rti.gov.lk/,
phone,pass,Published phone: 0 -263 -110 -324 -,https://rti.gov.lk/,
phone,pass,Published phone: 08 -262 593 -44,https://rti.gov.lk/,
phone,pass,Published phone: +94 112 515700 ,https://rti.gov.lk/,
phone,pass,Published phone: 0 0 70 -86 122 -1,https://rti.gov.lk/,
phone,pass,Published phone: 0 76 -36 113 -56,https://rti.gov.lk/,
phone,pass,Published phone: 06 314 -532 46,https://rti.gov.lk/,
phone,pass,Published phone: 0 36 67 87 -16 2,https://rti.gov.lk/,
phone,pass,Published phone: 0 -38 163 -166 3,https://rti.gov.lk/,
phone,pass,Published phone: 0 -13 -295 52 -53 ,https://rti.gov.lk/,
phone,pass,Published phone: 07 990 -497 24,https://rti.gov.lk/,
phone,pass,Published phone: 00 -5 -401 -72 -25,https://rti.gov.lk/,
phone,pass,Published phone: 0 15 31 17 60 1,https://rti.gov.lk/,
phone,pass,Published phone: 0 114 -284 457 -,https://rti.gov.lk/,
phone,pass,Published phone: 03 122 121 25,https://rti.gov.lk/,
phone,pass,Published phone: 0 -98 131 -148 1,https://rti.gov.lk/,
phone,pass,Published phone: 0 -86 209 -89 21,https://rti.gov.lk/,
phone,pass,Published phone: 0 128 143 306 ,https://rti.gov.lk/,
phone,pass,Published phone: 0 -42 -48 -48 -103 -,https://rti.gov.lk/,
phone,pass,Published phone: 04 -459 -423 -48,https://rti.gov.lk/,
phone,pass,Published phone: 0 -16 -233 -242 -3,https://rti.gov.lk/,
phone,pass,Published phone: 0 27 69 37 214 ,https://rti.gov.lk/,
phone,pass,Published phone: 0 -107 -173 -107 -,https://rti.gov.lk/,
phone,pass,Published phone: 01 -76 -368 -76 -1,https://rti.gov.lk/,
phone,pass,Published phone: 045 392 1455 ,https://rti.gov.lk/,
phone,pass,Published phone: 0 -241 119 -326 ,https://rti.gov.lk/,
phone,pass,Published phone: 0 126 -108 162 -,https://rti.gov.lk/,
phone,pass,Published phone: 0 174 -41 79 -30,https://rti.gov.lk/,
phone,pass,Published phone: 06 731 -260 98 ,https://rti.gov.lk/,
phone,pass,Published phone: 04 19 -94 39 -18,https://rti.gov.lk/,
phone,pass,Published phone: 0 14 -50 54 -80 1,https://rti.gov.lk/,
phone,pass,Published phone: 0 -190 -395 -379 -,https://rti.gov.lk/,
phone,pass,Published phone: 02 0 -56 133 -37,https://rti.gov.lk/,
phone,pass,Published phone: 0 16 31 87 366 ,https://rti.gov.lk/,
phone,pass,Published phone: 0 -96 -229 -47 -21,https://rti.gov.lk/,
phone,pass,Published phone: 0 -55 33 -94 87 -1,https://rti.gov.lk/,
phone,pass,Published phone: 04 -326 360 -67 ,https://rti.gov.lk/,
phone,pass,Published phone: 00 0 39 -1 41 -12,https://rti.gov.lk/,
phone,pass,Published phone: 0 -80 34 0 48 6 7,https://rti.gov.lk/,
phone,pass,Published phone: 0 -946 591 -147,https://rti.gov.lk/,
phone,pass,Published phone: 0 -124 456 -258 ,https://rti.gov.lk/,
phone,pass,Published phone: 0 -319 -155 -123 -,https://rti.gov.lk/,
phone,pass,Published phone: +94 112 515701 ,https://rti.gov.lk/,
phone,pass,Published phone: 0 -211 15 -242 3,https://rti.gov.lk/,
phone,pass,Published phone: 0 -236 14 -368 7,https://rti.gov.lk/,
phone,pass,Published phone: 09 -223 -461 -29,https://rti.gov.lk/,
phone,pass,Published phone: 0 -74 310 0 370 ,https://rti.gov.lk/,
phone,pass,Published phone: 0 29 -41 0 -53 -5 -7,https://rti.gov.lk/,
phone,pass,Published phone: 0 -12 -29 -10 -49 2,https://rti.gov.lk/,
phone,pass,Published phone: 084 153 49 29,https://rti.gov.lk/,
phone,pass,Published phone: 04 67 -13 90 8 2,https://rti.gov.lk/,
phone,pass,Published phone: 0 -58 -105 -190 -1,https://rti.gov.lk/,
phone,pass,Published phone: 0 30 -99 39 -137 ,https://rti.gov.lk/,
phone,pass,Published phone: 08 97 206 80 1,https://rti.gov.lk/,
email,pass,Published email: rtiunitsl@gmail.com,https://rti.gov.lk/,
email,pass,Published email: rti@media.gov.lk,https://rti.gov.lk/,
postal_address,pass,"Published postal address: 163, Asidisi Medura, Kirulapone Mawatha, Polhengoda, Colombo 05, Sri Lanka RTI 10 Steps Process New Email Please copy (C",https://rti.gov.lk/,
phone,pass,Published phone: 0 221 -36 32 -10,http://rti.gov.lk/,
phone,pass,Published phone: 095 -270 -1585 -,http://rti.gov.lk/,
phone,pass,Published phone: 0 273 275 326 ,http://rti.gov.lk/,
phone,pass,Published phone: 0 45 -18 66 -18 5,http://rti.gov.lk/,
phone,pass,Published phone: 0 202 137 225 ,http://rti.gov.lk/,
phone,pass,Published phone: 07 132 -981 25 -,http://rti.gov.lk/,
phone,pass,Published phone: 0 123 61 2 0 -10 -,http://rti.gov.lk/,
phone,pass,Published phone: 0 14 -18 113 -40 ,http://rti.gov.lk/,
phone,pass,Published phone: 0 107 52 107 1,http://rti.gov.lk/,
phone,pass,Published phone: 0 -263 -110 -324 -,http://rti.gov.lk/,
phone,pass,Published phone: 08 -262 593 -44,http://rti.gov.lk/,
phone,pass,Published phone: +94 112 515700 ,http://rti.gov.lk/,
phone,pass,Published phone: 0 0 70 -86 122 -1,http://rti.gov.lk/,
phone,pass,Published phone: 0 76 -36 113 -56,http://rti.gov.lk/,
phone,pass,Published phone: 06 314 -532 46,http://rti.gov.lk/,
phone,pass,Published phone: 0 36 67 87 -16 2,http://rti.gov.lk/,
phone,pass,Published phone: 0 -38 163 -166 3,http://rti.gov.lk/,
phone,pass,Published phone: 0 -13 -295 52 -53 ,http://rti.gov.lk/,
phone,pass,Published phone: 07 990 -497 24,http://rti.gov.lk/,
phone,pass,Published phone: 00 -5 -401 -72 -25,http://rti.gov.lk/,
phone,pass,Published phone: 0 15 31 17 60 1,http://rti.gov.lk/,
phone,pass,Published phone: 0 114 -284 457 -,http://rti.gov.lk/,
phone,pass,Published phone: 03 122 121 25,http://rti.gov.lk/,
phone,pass,Published phone: 0 -98 131 -148 1,http://rti.gov.lk/,
phone,pass,Published phone: 0 -86 209 -89 21,http://rti.gov.lk/,
phone,pass,Published phone: 0 128 143 306 ,http://rti.gov.lk/,
phone,pass,Published phone: 0 -42 -48 -48 -103 -,http://rti.gov.lk/,
phone,pass,Published phone: 04 -459 -423 -48,http://rti.gov.lk/,
phone,pass,Published phone: 0 -16 -233 -242 -3,http://rti.gov.lk/,
phone,pass,Published phone: 0 27 69 37 214 ,http://rti.gov.lk/,
phone,pass,Published phone: 0 -107 -173 -107 -,http://rti.gov.lk/,
phone,pass,Published phone: 01 -76 -368 -76 -1,http://rti.gov.lk/,
phone,pass,Published phone: 045 392 1455 ,http://rti.gov.lk/,
phone,pass,Published phone: 0 -241 119 -326 ,http://rti.gov.lk/,
phone,pass,Published phone: 0 126 -108 162 -,http://rti.gov.lk/,
phone,pass,Published phone: 0 174 -41 79 -30,http://rti.gov.lk/,
phone,pass,Published phone: 06 731 -260 98 ,http://rti.gov.lk/,
phone,pass,Published phone: 04 19 -94 39 -18,http://rti.gov.lk/,
phone,pass,Published phone: 0 14 -50 54 -80 1,http://rti.gov.lk/,
phone,pass,Published phone: 0 -190 -395 -379 -,http://rti.gov.lk/,
phone,pass,Published phone: 02 0 -56 133 -37,http://rti.gov.lk/,
phone,pass,Published phone: 0 16 31 87 366 ,http://rti.gov.lk/,
phone,pass,Published phone: 0 -96 -229 -47 -21,http://rti.gov.lk/,
phone,pass,Published phone: 0 -55 33 -94 87 -1,http://rti.gov.lk/,
phone,pass,Published phone: 04 -326 360 -67 ,http://rti.gov.lk/,
phone,pass,Published phone: 00 0 39 -1 41 -12,http://rti.gov.lk/,
phone,pass,Published phone: 0 -80 34 0 48 6 7,http://rti.gov.lk/,
phone,pass,Published phone: 0 -946 591 -147,http://rti.gov.lk/,
phone,pass,Published phone: 0 -124 456 -258 ,http://rti.gov.lk/,
phone,pass,Published phone: 0 -319 -155 -123 -,http://rti.gov.lk/,
phone,pass,Published phone: +94 112 515701 ,http://rti.gov.lk/,
phone,pass,Published phone: 0 -211 15 -242 3,http://rti.gov.lk/,
phone,pass,Published phone: 0 -236 14 -368 7,http://rti.gov.lk/,
phone,pass,Published phone: 09 -223 -461 -29,http://rti.gov.lk/,
phone,pass,Published phone: 0 -74 310 0 370 ,http://rti.gov.lk/,
phone,pass,Published phone: 0 29 -41 0 -53 -5 -7,http://rti.gov.lk/,
phone,pass,Published phone: 0 -12 -29 -10 -49 2,http://rti.gov.lk/,
phone,pass,Published phone: 084 153 49 29,http://rti.gov.lk/,
phone,pass,Published phone: 04 67 -13 90 8 2,http://rti.gov.lk/,
phone,pass,Published phone: 0 -58 -105 -190 -1,http://rti.gov.lk/,
phone,pass,Published phone: 0 30 -99 39 -137 ,http://rti.gov.lk/,
phone,pass,Published phone: 08 97 206 80 1,http://rti.gov.lk/,
email,pass,Published email: rtiunitsl@gmail.com,http://rti.gov.lk/,
email,pass,Published email: rti@media.gov.lk,http://rti.gov.lk/,
postal_address,pass,"Published postal address: 163, Asidisi Medura, Kirulapone Mawatha, Polhengoda, Colombo 05, Sri Lanka RTI 10 Steps Process New Email Please copy (C",http://rti.gov.lk/,
phone,pass,Published phone: 0 221 -36 32 -10,https://rti.gov.lk/,
phone,pass,Published phone: 095 -270 -1585 -,https://rti.gov.lk/,
phone,pass,Published phone: 0 273 275 326 ,https://rti.gov.lk/,
phone,pass,Published phone: 0 45 -18 66 -18 5,https://rti.gov.lk/,
phone,pass,Published phone: 0 202 137 225 ,https://rti.gov.lk/,
phone,pass,Published phone: 07 132 -981 25 -,https://rti.gov.lk/,
phone,pass,Published phone: 0 123 61 2 0 -10 -,https://rti.gov.lk/,
phone,pass,Published phone: 0 14 -18 113 -40 ,https://rti.gov.lk/,
phone,pass,Published phone: 0 107 52 107 1,https://rti.gov.lk/,
phone,pass,Published phone: 0 -263 -110 -324 -,https://rti.gov.lk/,
phone,pass,Published phone: 08 -262 593 -44,https://rti.gov.lk/,
phone,pass,Published phone: +94 112 515700 ,https://rti.gov.lk/,
phone,pass,Published phone: 0 0 70 -86 122 -1,https://rti.gov.lk/,
phone,pass,Published phone: 0 76 -36 113 -56,https://rti.gov.lk/,
phone,pass,Published phone: 06 314 -532 46,https://rti.gov.lk/,
phone,pass,Published phone: 0 36 67 87 -16 2,https://rti.gov.lk/,
phone,pass,Published phone: 0 -38 163 -166 3,https://rti.gov.lk/,
phone,pass,Published phone: 0 -13 -295 52 -53 ,https://rti.gov.lk/,
phone,pass,Published phone: 07 990 -497 24,https://rti.gov.lk/,
phone,pass,Published phone: 00 -5 -401 -72 -25,https://rti.gov.lk/,
phone,pass,Published phone: 0 15 31 17 60 1,https://rti.gov.lk/,
phone,pass,Published phone: 0 114 -284 457 -,https://rti.gov.lk/,
phone,pass,Published phone: 03 122 121 25,https://rti.gov.lk/,
phone,pass,Published phone: 0 -98 131 -148 1,https://rti.gov.lk/,
phone,pass,Published phone: 0 -86 209 -89 21,https://rti.gov.lk/,
phone,pass,Published phone: 0 128 143 306 ,https://rti.gov.lk/,
phone,pass,Published phone: 0 -42 -48 -48 -103 -,https://rti.gov.lk/,
phone,pass,Published phone: 04 -459 -423 -48,https://rti.gov.lk/,
phone,pass,Published phone: 0 -16 -233 -242 -3,https://rti.gov.lk/,
phone,pass,Published phone: 0 27 69 37 214 ,https://rti.gov.lk/,
phone,pass,Published phone: 0 -107 -173 -107 -,https://rti.gov.lk/,
phone,pass,Published phone: 01 -76 -368 -76 -1,https://rti.gov.lk/,
phone,pass,Published phone: 045 392 1455 ,https://rti.gov.lk/,
phone,pass,Published phone: 0 -241 119 -326 ,https://rti.gov.lk/,
phone,pass,Published phone: 0 126 -108 162 -,https://rti.gov.lk/,
phone,pass,Published phone: 0 174 -41 79 -30,https://rti.gov.lk/,
phone,pass,Published phone: 06 731 -260 98 ,https://rti.gov.lk/,
phone,pass,Published phone: 04 19 -94 39 -18,https://rti.gov.lk/,
phone,pass,Published phone: 0 14 -50 54 -80 1,https://rti.gov.lk/,
phone,pass,Published phone: 0 -190 -395 -379 -,https://rti.gov.lk/,
phone,pass,Published phone: 02 0 -56 133 -37,https://rti.gov.lk/,
phone,pass,Published phone: 0 16 31 87 366 ,https://rti.gov.lk/,
phone,pass,Published phone: 0 -96 -229 -47 -21,https://rti.gov.lk/,
phone,pass,Published phone: 0 -55 33 -94 87 -1,https://rti.gov.lk/,
phone,pass,Published phone: 04 -326 360 -67 ,https://rti.gov.lk/,
phone,pass,Published phone: 00 0 39 -1 41 -12,https://rti.gov.lk/,
phone,pass,Published phone: 0 -80 34 0 48 6 7,https://rti.gov.lk/,
phone,pass,Published phone: 0 -946 591 -147,https://rti.gov.lk/,
phone,pass,Published phone: 0 -124 456 -258 ,https://rti.gov.lk/,
phone,pass,Published phone: 0 -319 -155 -123 -,https://rti.gov.lk/,
phone,pass,Published phone: +94 112 515701 ,https://rti.gov.lk/,
phone,pass,Published phone: 0 -211 15 -242 3,https://rti.gov.lk/,
phone,pass,Published phone: 0 -236 14 -368 7,https://rti.gov.lk/,
phone,pass,Published phone: 09 -223 -461 -29,https://rti.gov.lk/,
phone,pass,Published phone: 0 -74 310 0 370 ,https://rti.gov.lk/,
phone,pass,Published phone: 0 29 -41 0 -53 -5 -7,https://rti.gov.lk/,
phone,pass,Published phone: 0 -12 -29 -10 -49 2,https://rti.gov.lk/,
phone,pass,Published phone: 084 153 49 29,https://rti.gov.lk/,
phone,pass,Published phone: 04 67 -13 90 8 2,https://rti.gov.lk/,
phone,pass,Published phone: 0 -58 -105 -190 -1,https://rti.gov.lk/,
phone,pass,Published phone: 0 30 -99 39 -137 ,https://rti.gov.lk/,
phone,pass,Published phone: 08 97 206 80 1,https://rti.gov.lk/,
email,pass,Published email: rtiunitsl@gmail.com,https://rti.gov.lk/,
email,pass,Published email: rti@media.gov.lk,https://rti.gov.lk/,
postal_address,pass,"Published postal address: 163, Asidisi Medura, Kirulapone Mawatha, Polhengoda, Colombo 05, Sri Lanka RTI 10 Steps Process New Email Please copy (C",https://rti.gov.lk/,
phone,pass,Published phone: 0 221 -36 32 -10,http://rti.gov.lk/,
phone,pass,Published phone: 095 -270 -1585 -,http://rti.gov.lk/,
phone,pass,Published phone: 0 273 275 326 ,http://rti.gov.lk/,
phone,pass,Published phone: 0 45 -18 66 -18 5,http://rti.gov.lk/,
phone,pass,Published phone: 0 202 137 225 ,http://rti.gov.lk/,
phone,pass,Published phone: 07 132 -981 25 -,http://rti.gov.lk/,
phone,pass,Published phone: 0 123 61 2 0 -10 -,http://rti.gov.lk/,
phone,pass,Published phone: 0 14 -18 113 -40 ,http://rti.gov.lk/,
phone,pass,Published phone: 0 107 52 107 1,http://rti.gov.lk/,
phone,pass,Published phone: 0 -263 -110 -324 -,http://rti.gov.lk/,
phone,pass,Published phone: 08 -262 593 -44,http://rti.gov.lk/,
phone,pass,Published phone: +94 112 515700 ,http://rti.gov.lk/,
phone,pass,Published phone: 0 0 70 -86 122 -1,http://rti.gov.lk/,
phone,pass,Published phone: 0 76 -36 113 -56,http://rti.gov.lk/,
phone,pass,Published phone: 06 314 -532 46,http://rti.gov.lk/,
phone,pass,Published phone: 0 36 67 87 -16 2,http://rti.gov.lk/,
phone,pass,Published phone: 0 -38 163 -166 3,http://rti.gov.lk/,
phone,pass,Published phone: 0 -13 -295 52 -53 ,http://rti.gov.lk/,
phone,pass,Published phone: 07 990 -497 24,http://rti.gov.lk/,
phone,pass,Published phone: 00 -5 -401 -72 -25,http://rti.gov.lk/,
phone,pass,Published phone: 0 15 31 17 60 1,http://rti.gov.lk/,
phone,pass,Published phone: 0 114 -284 457 -,http://rti.gov.lk/,
phone,pass,Published phone: 03 122 121 25,http://rti.gov.lk/,
phone,pass,Published phone: 0 -98 131 -148 1,http://rti.gov.lk/,
phone,pass,Published phone: 0 -86 209 -89 21,http://rti.gov.lk/,
phone,pass,Published phone: 0 128 143 306 ,http://rti.gov.lk/,
phone,pass,Published phone: 0 -42 -48 -48 -103 -,http://rti.gov.lk/,
phone,pass,Published phone: 04 -459 -423 -48,http://rti.gov.lk/,
phone,pass,Published phone: 0 -16 -233 -242 -3,http://rti.gov.lk/,
phone,pass,Published phone: 0 27 69 37 214 ,http://rti.gov.lk/,
phone,pass,Published phone: 0 -107 -173 -107 -,http://rti.gov.lk/,
phone,pass,Published phone: 01 -76 -368 -76 -1,http://rti.gov.lk/,
phone,pass,Published phone: 045 392 1455 ,http://rti.gov.lk/,
phone,pass,Published phone: 0 -241 119 -326 ,http://rti.gov.lk/,
phone,pass,Published phone: 0 126 -108 162 -,http://rti.gov.lk/,
phone,pass,Published phone: 0 174 -41 79 -30,http://rti.gov.lk/,
phone,pass,Published phone: 06 731 -260 98 ,http://rti.gov.lk/,
phone,pass,Published phone: 04 19 -94 39 -18,http://rti.gov.lk/,
phone,pass,Published phone: 0 14 -50 54 -80 1,http://rti.gov.lk/,
phone,pass,Published phone: 0 -190 -395 -379 -,http://rti.gov.lk/,
phone,pass,Published phone: 02 0 -56 133 -37,http://rti.gov.lk/,
phone,pass,Published phone: 0 16 31 87 366 ,http://rti.gov.lk/,
phone,pass,Published phone: 0 -96 -229 -47 -21,http://rti.gov.lk/,
phone,pass,Published phone: 0 -55 33 -94 87 -1,http://rti.gov.lk/,
phone,pass,Published phone: 04 -326 360 -67 ,http://rti.gov.lk/,
phone,pass,Published phone: 00 0 39 -1 41 -12,http://rti.gov.lk/,
phone,pass,Published phone: 0 -80 34 0 48 6 7,http://rti.gov.lk/,
phone,pass,Published phone: 0 -946 591 -147,http://rti.gov.lk/,
phone,pass,Published phone: 0 -124 456 -258 ,http://rti.gov.lk/,
phone,pass,Published phone: 0 -319 -155 -123 -,http://rti.gov.lk/,
phone,pass,Published phone: +94 112 515701 ,http://rti.gov.lk/,
phone,pass,Published phone: 0 -211 15 -242 3,http://rti.gov.lk/,
phone,pass,Published phone: 0 -236 14 -368 7,http://rti.gov.lk/,
phone,pass,Published phone: 09 -223 -461 -29,http://rti.gov.lk/,
phone,pass,Published phone: 0 -74 310 0 370 ,http://rti.gov.lk/,
phone,pass,Published phone: 0 29 -41 0 -53 -5 -7,http://rti.gov.lk/,
phone,pass,Published phone: 0 -12 -29 -10 -49 2,http://rti.gov.lk/,
phone,pass,Published phone: 084 153 49 29,http://rti.gov.lk/,
phone,pass,Published phone: 04 67 -13 90 8 2,http://rti.gov.lk/,
phone,pass,Published phone: 0 -58 -105 -190 -1,http://rti.gov.lk/,
phone,pass,Published phone: 0 30 -99 39 -137 ,http://rti.gov.lk/,
phone,pass,Published phone: 08 97 206 80 1,http://rti.gov.lk/,
email,pass,Published email: rtiunitsl@gmail.com,http://rti.gov.lk/,
email,pass,Published email: rti@media.gov.lk,http://rti.gov.lk/,
postal_address,pass,"Published postal address: 163, Asidisi Medura, Kirulapone Mawatha, Polhengoda, Colombo 05, Sri Lanka RTI 10 Steps Process New Email Please copy (C",http://rti.gov.lk/,
phone,pass,Published phone: 0 221 -36 32 -10,http://rti.gov.lk/contact-info/,
phone,pass,Published phone: 095 -270 -1585 -,http://rti.gov.lk/contact-info/,
phone,pass,Published phone: 0 273 275 326 ,http://rti.gov.lk/contact-info/,
phone,pass,Published phone: 0 45 -18 66 -18 5,http://rti.gov.lk/contact-info/,
phone,pass,Published phone: 0 202 137 225 ,http://rti.gov.lk/contact-info/,
phone,pass,Published phone: 07 132 -981 25 -,http://rti.gov.lk/contact-info/,
phone,pass,Published phone: 0 123 61 2 0 -10 -,http://rti.gov.lk/contact-info/,
phone,pass,Published phone: 0 14 -18 113 -40 ,http://rti.gov.lk/contact-info/,
phone,pass,Published phone: 0 107 52 107 1,http://rti.gov.lk/contact-info/,
phone,pass,Published phone: 0 -263 -110 -324 -,http://rti.gov.lk/contact-info/,
phone,pass,Published phone: 08 -262 593 -44,http://rti.gov.lk/contact-info/,
phone,pass,Published phone: +94 112 515700 ,http://rti.gov.lk/contact-info/,
phone,pass,Published phone: 0 0 70 -86 122 -1,http://rti.gov.lk/contact-info/,
phone,pass,Published phone: 0 76 -36 113 -56,http://rti.gov.lk/contact-info/,
phone,pass,Published phone: 06 314 -532 46,http://rti.gov.lk/contact-info/,
phone,pass,Published phone: 0 36 67 87 -16 2,http://rti.gov.lk/contact-info/,
phone,pass,Published phone: 0 -38 163 -166 3,http://rti.gov.lk/contact-info/,
phone,pass,Published phone: 0 -13 -295 52 -53 ,http://rti.gov.lk/contact-info/,
phone,pass,Published phone: 07 990 -497 24,http://rti.gov.lk/contact-info/,
phone,pass,Published phone: 00 -5 -401 -72 -25,http://rti.gov.lk/contact-info/,
phone,pass,Published phone: 0 15 31 17 60 1,http://rti.gov.lk/contact-info/,
phone,pass,Published phone: 0 114 -284 457 -,http://rti.gov.lk/contact-info/,
phone,pass,Published phone: 03 122 121 25,http://rti.gov.lk/contact-info/,
phone,pass,Published phone: 0 -98 131 -148 1,http://rti.gov.lk/contact-info/,
phone,pass,Published phone: 0 -86 209 -89 21,http://rti.gov.lk/contact-info/,
phone,pass,Published phone: 0 128 143 306 ,http://rti.gov.lk/contact-info/,
phone,pass,Published phone: 0 -42 -48 -48 -103 -,http://rti.gov.lk/contact-info/,
phone,pass,Published phone: 04 -459 -423 -48,http://rti.gov.lk/contact-info/,
phone,pass,Published phone: 0 -16 -233 -242 -3,http://rti.gov.lk/contact-info/,
phone,pass,Published phone: 0 27 69 37 214 ,http://rti.gov.lk/contact-info/,
phone,pass,Published phone: +94 11 2515 700 ,http://rti.gov.lk/contact-info/,
phone,pass,Published phone: 0 -107 -173 -107 -,http://rti.gov.lk/contact-info/,
phone,pass,Published phone: 01 -76 -368 -76 -1,http://rti.gov.lk/contact-info/,
phone,pass,Published phone: 045 392 1455 ,http://rti.gov.lk/contact-info/,
phone,pass,Published phone: 0 -241 119 -326 ,http://rti.gov.lk/contact-info/,
phone,pass,Published phone: 0 126 -108 162 -,http://rti.gov.lk/contact-info/,
phone,pass,Published phone: 0 174 -41 79 -30,http://rti.gov.lk/contact-info/,
phone,pass,Published phone: 06 731 -260 98 ,http://rti.gov.lk/contact-info/,
phone,pass,Published phone: 04 19 -94 39 -18,http://rti.gov.lk/contact-info/,
phone,pass,Published phone: 0 14 -50 54 -80 1,http://rti.gov.lk/contact-info/,
phone,pass,Published phone: 0 -190 -395 -379 -,http://rti.gov.lk/contact-info/,
phone,pass,Published phone: 02 0 -56 133 -37,http://rti.gov.lk/contact-info/,
phone,pass,Published phone: 0 16 31 87 366 ,http://rti.gov.lk/contact-info/,
phone,pass,Published phone: 0 -96 -229 -47 -21,http://rti.gov.lk/contact-info/,
phone,pass,Published phone: 0 -55 33 -94 87 -1,http://rti.gov.lk/contact-info/,
phone,pass,Published phone: 04 -326 360 -67 ,http://rti.gov.lk/contact-info/,
phone,pass,Published phone: +9411 2515 701 ,http://rti.gov.lk/contact-info/,
phone,pass,Published phone: 00 0 39 -1 41 -12,http://rti.gov.lk/contact-info/,
phone,pass,Published phone: 0 -80 34 0 48 6 7,http://rti.gov.lk/contact-info/,
phone,pass,Published phone: 0 -946 591 -147,http://rti.gov.lk/contact-info/,
phone,pass,Published phone: 0 -124 456 -258 ,http://rti.gov.lk/contact-info/,
phone,pass,Published phone: 0 -319 -155 -123 -,http://rti.gov.lk/contact-info/,
phone,pass,Published phone: +94 112 515701 ,http://rti.gov.lk/contact-info/,
phone,pass,Published phone: 0 -211 15 -242 3,http://rti.gov.lk/contact-info/,
phone,pass,Published phone: 0 -236 14 -368 7,http://rti.gov.lk/contact-info/,
phone,pass,Published phone: 09 -223 -461 -29,http://rti.gov.lk/contact-info/,
phone,pass,Published phone: 0 -74 310 0 370 ,http://rti.gov.lk/contact-info/,
phone,pass,Published phone: 0 29 -41 0 -53 -5 -7,http://rti.gov.lk/contact-info/,
phone,pass,Published phone: 0 -12 -29 -10 -49 2,http://rti.gov.lk/contact-info/,
phone,pass,Published phone: 084 153 49 29,http://rti.gov.lk/contact-info/,
phone,pass,Published phone: 04 67 -13 90 8 2,http://rti.gov.lk/contact-info/,
phone,pass,Published phone: 0 -58 -105 -190 -1,http://rti.gov.lk/contact-info/,
phone,pass,Published phone: 0 30 -99 39 -137 ,http://rti.gov.lk/contact-info/,
phone,pass,Published phone: 08 97 206 80 1,http://rti.gov.lk/contact-info/,
email,pass,Published email: rtiunitsl@gmail.com,http://rti.gov.lk/contact-info/,
email,pass,Published email: rti@media.gov.lk,http://rti.gov.lk/contact-info/,
postal_address,pass,"Published postal address: 163, Asidisi Medura, Kirulapone Mawatha, Polhengoda, Colombo 05, Sri Lanka RTI 10 Steps Process New Email Please copy (C",http://rti.gov.lk/contact-info/,
phone,pass,Published phone: 095 -270 -1585 -,http://rti.gov.lk/do-list/,
phone,pass,Published phone: 011 277 8621 ,http://rti.gov.lk/do-list/,
phone,pass,Published phone: 023 222 2269 ,http://rti.gov.lk/do-list/,
phone,pass,Published phone: 081 242 4326 ,http://rti.gov.lk/do-list/,
phone,pass,Published phone: 025 223 7569 ,http://rti.gov.lk/do-list/,
phone,pass,Published phone: 032 225 9783 ,http://rti.gov.lk/do-list/,
phone,pass,Published phone: 071 362 2148 ,http://rti.gov.lk/do-list/,
phone,pass,Published phone: 021 228 4240 ,http://rti.gov.lk/do-list/,
phone,pass,Published phone: 070 270 3219 ,http://rti.gov.lk/do-list/,
phone,pass,Published phone: 027 205 0562 ,http://rti.gov.lk/do-list/,
phone,pass,Published phone: 07 011 269 10,http://rti.gov.lk/do-list/,
phone,pass,Published phone: 011 209 2654 ,http://rti.gov.lk/do-list/,
phone,pass,Published phone: 071 479 6288 ,http://rti.gov.lk/do-list/,
phone,pass,Published phone: 037-2223630 ,http://rti.gov.lk/do-list/,
phone,pass,Published phone: 077 691 6176 ,http://rti.gov.lk/do-list/,
phone,pass,Published phone: 071 874 7172 ,http://rti.gov.lk/do-list/,
phone,pass,Published phone: 011 254 8493 ,http://rti.gov.lk/do-list/,
phone,pass,Published phone: 071 825 4969 ,http://rti.gov.lk/do-list/,
phone,pass,Published phone: 081 205 2101 ,http://rti.gov.lk/do-list/,
phone,pass,Published phone: 011 217 7216 ,http://rti.gov.lk/do-list/,
phone,pass,Published phone: 071 442 0542 ,http://rti.gov.lk/do-list/,
phone,pass,Published phone: 045-2230137 ,http://rti.gov.lk/do-list/,
phone,pass,Published phone: 011 232 9102 ,http://rti.gov.lk/do-list/,
phone,pass,Published phone: 011 288 3301 ,http://rti.gov.lk/do-list/,
phone,pass,Published phone: 071-4402270 ,http://rti.gov.lk/do-list/,
phone,pass,Published phone: 08 011 267 46,http://rti.gov.lk/do-list/,
phone,pass,Published phone: 072 473 1333 ,http://rti.gov.lk/do-list/,
phone,pass,Published phone: 071 835 0715 ,http://rti.gov.lk/do-list/,
phone,pass,Published phone: 011-2712752 ,http://rti.gov.lk/do-list/,
phone,pass,Published phone: 077 224 2222 ,http://rti.gov.lk/do-list/,
phone,pass,Published phone: 011 288 7228 ,http://rti.gov.lk/do-list/,
phone,pass,Published phone: 065-2229104 ,http://rti.gov.lk/do-list/,
phone,pass,Published phone: 011 277 8915 ,http://rti.gov.lk/do-list/,
phone,pass,Published phone: 011 288 8619 ,http://rti.gov.lk/do-list/,
phone,pass,Published phone: 071 826 5487 ,http://rti.gov.lk/do-list/,
phone,pass,Published phone: 011 242 3606 ,http://rti.gov.lk/do-list/,
phone,pass,Published phone: 011 233 7326 ,http://rti.gov.lk/do-list/,
phone,pass,Published phone: 077 757 2958 ,http://rti.gov.lk/do-list/,
phone,pass,Published phone: 011 262 4191 ,http://rti.gov.lk/do-list/,
phone,pass,Published phone: 037-2221698 ,http://rti.gov.lk/do-list/,
phone,pass,Published phone: 011 263 8015 ,http://rti.gov.lk/do-list/,
phone,pass,Published phone: 045-2230932 ,http://rti.gov.lk/do-list/,
phone,pass,Published phone: 027 492 4174 ,http://rti.gov.lk/do-list/,
phone,pass,Published phone: 081 238 8333 ,http://rti.gov.lk/do-list/,
phone,pass,Published phone: 037-2281114 ,http://rti.gov.lk/do-list/,
phone,pass,Published phone: 07 011 250 82,http://rti.gov.lk/do-list/,
phone,pass,Published phone: 091 223 4480 ,http://rti.gov.lk/do-list/,
phone,pass,Published phone: 071 214 3127 ,http://rti.gov.lk/do-list/,
phone,pass,Published phone: 071 871 4219 ,http://rti.gov.lk/do-list/,
phone,pass,Published phone: 091 225 8275 ,http://rti.gov.lk/do-list/,
phone,pass,Published phone: 01 011 248 46,http://rti.gov.lk/do-list/,
phone,pass,Published phone: 011-2435446 ,http://rti.gov.lk/do-list/,
phone,pass,Published phone: 011 218 6160 ,http://rti.gov.lk/do-list/,
phone,pass,Published phone: 037-2288360 ,http://rti.gov.lk/do-list/,
phone,pass,Published phone: 01 011-248 49,http://rti.gov.lk/do-list/,
phone,pass,Published phone: 011 239 6190 ,http://rti.gov.lk/do-list/,
phone,pass,Published phone: 071 600 7343 ,http://rti.gov.lk/do-list/,
phone,pass,Published phone: 01 011 207 72,http://rti.gov.lk/do-list/,
phone,pass,Published phone: 055 227 5186 ,http://rti.gov.lk/do-list/,
phone,pass,Published phone: 01 011 248 47,http://rti.gov.lk/do-list/,
phone,pass,Published phone: 011 298 7058 ,http://rti.gov.lk/do-list/,
phone,pass,Published phone: 071 489 9607 ,http://rti.gov.lk/do-list/,
phone,pass,Published phone: 065 224 0486 ,http://rti.gov.lk/do-list/,
phone,pass,Published phone: 011 269 1064 ,http://rti.gov.lk/do-list/,
phone,pass,Published phone: 011 209 2710 ,http://rti.gov.lk/do-list/,
phone,pass,Published phone: 07 011 268 75,http://rti.gov.lk/do-list/,
phone,pass,Published phone: 077 019 7007 ,http://rti.gov.lk/do-list/,
phone,pass,Published phone: 011 258 7239 ,http://rti.gov.lk/do-list/,
phone,pass,Published phone: 071-8206526 ,http://rti.gov.lk/do-list/,
phone,pass,Published phone: 0 011 213 131,http://rti.gov.lk/do-list/,
phone,pass,Published phone: 027 225 9095 ,http://rti.gov.lk/do-list/,
phone,pass,Published phone: 011 288 9440 ,http://rti.gov.lk/do-list/,
phone,pass,Published phone: 0 011 267 736,http://rti.gov.lk/do-list/,
phone,pass,Published phone: 011 286 8795 ,http://rti.gov.lk/do-list/,
phone,pass,Published phone: 077 259 9020 ,http://rti.gov.lk/do-list/,
phone,pass,Published phone: 021 205 3001 ,http://rti.gov.lk/do-list/,
phone,pass,Published phone: 091 378 3038 ,http://rti.gov.lk/do-list/,
phone,pass,Published phone: 071 443 2519 ,http://rti.gov.lk/do-list/,
phone,pass,Published phone: 071 772 0200 ,http://rti.gov.lk/do-list/,
phone,pass,Published phone: 011 287 9528 ,http://rti.gov.lk/do-list/,
phone,pass,Published phone: 011 332 6075 ,http://rti.gov.lk/do-list/,
phone,pass,Published phone: 025 229 8675 ,http://rti.gov.lk/do-list/,
phone,pass,Published phone: 071 850 1298 ,http://rti.gov.lk/do-list/,
phone,pass,Published phone: 055 222 2114 ,http://rti.gov.lk/do-list/,
phone,pass,Published phone: 025 226 4275 ,http://rti.gov.lk/do-list/,
phone,pass,Published phone: 011 277 4591 ,http://rti.gov.lk/do-list/,
phone,pass,Published phone: 011 286 4483 ,http://rti.gov.lk/do-list/,
phone,pass,Published phone: 091 226 7180 ,http://rti.gov.lk/do-list/,
phone,pass,Published phone: 077 954 2355 ,http://rti.gov.lk/do-list/,
phone,pass,Published phone: 077 570 4250 ,http://rti.gov.lk/do-list/,
phone,pass,Published phone: 037-2231739 ,http://rti.gov.lk/do-list/,
phone,pass,Published phone: 011 232 6606 ,http://rti.gov.lk/do-list/,
phone,pass,Published phone: 077 540 4885 ,http://rti.gov.lk/do-list/,
phone,pass,Published phone: 011 287 3637 ,http://rti.gov.lk/do-list/,
phone,pass,Published phone: 021-2217930 ,http://rti.gov.lk/do-list/,
phone,pass,Published phone: 025 227 8442 ,http://rti.gov.lk/do-list/,
phone,pass,Published phone: 071 775 9087 ,http://rti.gov.lk/do-list/,
phone,pass,Published phone: 071 835 2570 ,http://rti.gov.lk/do-list/,
phone,pass,Published phone: 026 223 4275 ,http://rti.gov.lk/do-list/,
phone,pass,Published phone: 04 011 250 11,http://rti.gov.lk/do-list/,
phone,pass,Published phone: 055-2258335 ,http://rti.gov.lk/do-list/,
phone,pass,Published phone: 041 223 8878 ,http://rti.gov.lk/do-list/,
phone,pass,Published phone: 021-2061719 ,http://rti.gov.lk/do-list/,
phone,pass,Published phone: 011 271 7673 ,http://rti.gov.lk/do-list/,
phone,pass,Published phone: 021 229 0221 ,http://rti.gov.lk/do-list/,
phone,pass,Published phone: 037 229 9275 ,http://rti.gov.lk/do-list/,
phone,pass,Published phone: 077 639 3857 ,http://rti.gov.lk/do-list/,
phone,pass,Published phone: 057 222 8575 ,http://rti.gov.lk/do-list/,
phone,pass,Published phone: 0 -946 591 -147,http://rti.gov.lk/do-list/,
phone,pass,Published phone: 076 339 9629 ,http://rti.gov.lk/do-list/,
phone,pass,Published phone: 011 288 9595 ,http://rti.gov.lk/do-list/,
phone,pass,Published phone: 021 205 8866 ,http://rti.gov.lk/do-list/,
phone,pass,Published phone: 011 254 7827 ,http://rti.gov.lk/do-list/,
phone,pass,Published phone: 07 011 267 47,http://rti.gov.lk/do-list/,
phone,pass,Published phone: 037 224 9681 ,http://rti.gov.lk/do-list/,
phone,pass,Published phone: 071 810 8718 ,http://rti.gov.lk/do-list/,
phone,pass,Published phone: 071-9336600 ,http://rti.gov.lk/do-list/,
phone,pass,Published phone: 036 226 5275 ,http://rti.gov.lk/do-list/,
phone,pass,Published phone: 011-2632027 ,http://rti.gov.lk/do-list/,
phone,pass,Published phone: 045 223 1866 ,http://rti.gov.lk/do-list/,
phone,pass,Published phone: 071-6504399 ,http://rti.gov.lk/do-list/,
phone,pass,Published phone: 071 821 5812 ,http://rti.gov.lk/do-list/,
phone,pass,Published phone: 077 361 2140 ,http://rti.gov.lk/do-list/,
phone,pass,Published phone: 011 287 9944 ,http://rti.gov.lk/do-list/,
phone,pass,Published phone: 045-2225310 ,http://rti.gov.lk/do-list/,
phone,pass,Published phone: 01 0223572 5,http://rti.gov.lk/do-list/,
phone,pass,Published phone: +94 112 515700 ,http://rti.gov.lk/do-list/,
phone,pass,Published phone: 011 267 8517 ,http://rti.gov.lk/do-list/,
phone,pass,Published phone: 077-9787215 ,http://rti.gov.lk/do-list/,
phone,pass,Published phone: 01 0571162 1,http://rti.gov.lk/do-list/,
phone,pass,Published phone: 011 209 2563 ,http://rti.gov.lk/do-list/,
phone,pass,Published phone: 037 122 2276 ,http://rti.gov.lk/do-list/,
phone,pass,Published phone: 011 269 5137 ,http://rti.gov.lk/do-list/,
phone,pass,Published phone: 0 011 232 927,http://rti.gov.lk/do-list/,
phone,pass,Published phone: 091 224 6242 ,http://rti.gov.lk/do-list/,
phone,pass,Published phone: 071-6359035 ,http://rti.gov.lk/do-list/,
phone,pass,Published phone: 037-2281245 ,http://rti.gov.lk/do-list/,
phone,pass,Published phone: 077 298 5488 ,http://rti.gov.lk/do-list/,
phone,pass,Published phone: 01 011 232 66,http://rti.gov.lk/do-list/,
phone,pass,Published phone: 05 011 268 36,http://rti.gov.lk/do-list/,
phone,pass,Published phone: 037-2227958 ,http://rti.gov.lk/do-list/,
phone,pass,Published phone: 024 222 8659 ,http://rti.gov.lk/do-list/,
phone,pass,Published phone: 025 493 4658 ,http://rti.gov.lk/do-list/,
phone,pass,Published phone: 011 287 6181 ,http://rti.gov.lk/do-list/,
phone,pass,Published phone: 071 265 7142 ,http://rti.gov.lk/do-list/,
phone,pass,Published phone: 077-7142018 ,http://rti.gov.lk/do-list/,
phone,pass,Published phone: 034 224 3236 ,http://rti.gov.lk/do-list/,
phone,pass,Published phone: 05 011 308 53,http://rti.gov.lk/do-list/,
phone,pass,Published phone: 077 684 8850 ,http://rti.gov.lk/do-list/,
phone,pass,Published phone: 076 973 2176 ,http://rti.gov.lk/do-list/,
phone,pass,Published phone: 0 071 237 250,http://rti.gov.lk/do-list/,
phone,pass,Published phone: 077 386 8584 ,http://rti.gov.lk/do-list/,
phone,pass,Published phone: 091-2246740 ,http://rti.gov.lk/do-list/,
phone,pass,Published phone: 052 225 8590 ,http://rti.gov.lk/do-list/,
phone,pass,Published phone: 077 517 0204 ,http://rti.gov.lk/do-list/,
phone,pass,Published phone: 036 222 2575 ,http://rti.gov.lk/do-list/,
phone,pass,Published phone: 021 229 0070 ,http://rti.gov.lk/do-list/,
phone,pass,Published phone: 077 774 6667 ,http://rti.gov.lk/do-list/,
phone,pass,Published phone: 02 011 232 40,http://rti.gov.lk/do-list/,
phone,pass,Published phone: 037 222 4879 ,http://rti.gov.lk/do-list/,
phone,pass,Published phone: 037-2222748 ,http://rti.gov.lk/do-list/,
phone,pass,Published phone: 07 011 268 74,http://rti.gov.lk/do-list/,
phone,pass,Published phone: 011 209 2709 ,http://rti.gov.lk/do-list/,
phone,pass,Published phone: 077 779 9066 ,http://rti.gov.lk/do-list/,
phone,pass,Published phone: 011 218 7117 ,http://rti.gov.lk/do-list/,
phone,pass,Published phone: 011 238 2490 ,http://rti.gov.lk/do-list/,
phone,pass,Published phone: 0 36 67 87 -16 2,http://rti.gov.lk/do-list/,
phone,pass,Published phone: 077 744 7620 ,http://rti.gov.lk/do-list/,
phone,pass,Published phone: 02 011 232 55,http://rti.gov.lk/do-list/,
phone,pass,Published phone: 011-2698169 ,http://rti.gov.lk/do-list/,
phone,pass,Published phone: 011 204 5043 ,http://rti.gov.lk/do-list/,
phone,pass,Published phone: 071 874 8372 ,http://rti.gov.lk/do-list/,
phone,pass,Published phone: 077 798 2302 ,http://rti.gov.lk/do-list/,
phone,pass,Published phone: 02 011 233 30,http://rti.gov.lk/do-list/,
phone,pass,Published phone: 07 011 267 25,http://rti.gov.lk/do-list/,
phone,pass,Published phone: 032 222 2275 ,http://rti.gov.lk/do-list/,
phone,pass,Published phone: 04 -459 -423 -48,http://rti.gov.lk/do-list/,
phone,pass,Published phone: 07 011 267 45,http://rti.gov.lk/do-list/,
phone,pass,Published phone: 091 222 8160 ,http://rti.gov.lk/do-list/,
phone,pass,Published phone: 081 448 1322 ,http://rti.gov.lk/do-list/,
phone,pass,Published phone: 045-2224562 ,http://rti.gov.lk/do-list/,
phone,pass,Published phone: 055 222 2203 ,http://rti.gov.lk/do-list/,
phone,pass,Published phone: 032 226 6786 ,http://rti.gov.lk/do-list/,
phone,pass,Published phone: 075 969 9899 ,http://rti.gov.lk/do-list/,
phone,pass,Published phone: 055 227 5187 ,http://rti.gov.lk/do-list/,
phone,pass,Published phone: 011 209 2601 ,http://rti.gov.lk/do-list/,
phone,pass,Published phone: 091 226 0554 ,http://rti.gov.lk/do-list/,
phone,pass,Published phone: 037-2222217 ,http://rti.gov.lk/do-list/,
phone,pass,Published phone: 01 011 239 26,http://rti.gov.lk/do-list/,
phone,pass,Published phone: 091 378 3005 ,http://rti.gov.lk/do-list/,
phone,pass,Published phone: 011 269 5279 ,http://rti.gov.lk/do-list/,
phone,pass,Published phone: 011 281 2574 ,http://rti.gov.lk/do-list/,
phone,pass,Published phone: 077 417 7023 ,http://rti.gov.lk/do-list/,
phone,pass,Published phone: 047 225 6727 ,http://rti.gov.lk/do-list/,
phone,pass,Published phone: 071 332 0585 ,http://rti.gov.lk/do-list/,
phone,pass,Published phone: 036 225 8014 ,http://rti.gov.lk/do-list/,
phone,pass,Published phone: 071 124 6474 ,http://rti.gov.lk/do-list/,
phone,pass,Published phone: 032 224 7675 ,http://rti.gov.lk/do-list/,
phone,pass,Published phone: 077 844 9764 ,http://rti.gov.lk/do-list/,
phone,pass,Published phone: 071 881 5554 ,http://rti.gov.lk/do-list/,
phone,pass,Published phone: 071 984 5451 ,http://rti.gov.lk/do-list/,
phone,pass,Published phone: 071 907 4713 ,http://rti.gov.lk/do-list/,
phone,pass,Published phone: 021-2220880 ,http://rti.gov.lk/do-list/,
phone,pass,Published phone: 011 286 8794 ,http://rti.gov.lk/do-list/,
phone,pass,Published phone: 07 011-23926,http://rti.gov.lk/do-list/,
phone,pass,Published phone: 011 277 8911 ,http://rti.gov.lk/do-list/,
phone,pass,Published phone: 034 226 1275 ,http://rti.gov.lk/do-list/,
phone,pass,Published phone: 070 550 3033 ,http://rti.gov.lk/do-list/,
phone,pass,Published phone: 070 598 3908 ,http://rti.gov.lk/do-list/,
phone,pass,Published phone: 052-2259880 ,http://rti.gov.lk/do-list/,
phone,pass,Published phone: 067 205 7751 ,http://rti.gov.lk/do-list/,
phone,pass,Published phone: 071 441 9772 ,http://rti.gov.lk/do-list/,
phone,pass,Published phone: 091 223 3366 ,http://rti.gov.lk/do-list/,
phone,pass,Published phone: 071 810 0819 ,http://rti.gov.lk/do-list/,
phone,pass,Published phone: 071 839 4107 ,http://rti.gov.lk/do-list/,
phone,pass,Published phone: 041 228 3175 ,http://rti.gov.lk/do-list/,
phone,pass,Published phone: 077-2105363 ,http://rti.gov.lk/do-list/,
phone,pass,Published phone: 023 205 1720 ,http://rti.gov.lk/do-list/,
phone,pass,Published phone: 025 205 1760 ,http://rti.gov.lk/do-list/,
phone,pass,Published phone: 024 205 3084 ,http://rti.gov.lk/do-list/,
phone,pass,Published phone: 077 770 2069 ,http://rti.gov.lk/do-list/,
phone,pass,Published phone: 071 555 0739 ,http://rti.gov.lk/do-list/,
phone,pass,Published phone: 077 117 7566 ,http://rti.gov.lk/do-list/,
phone,pass,Published phone: 011 250 2640 ,http://rti.gov.lk/do-list/,
phone,pass,Published phone: 041 2237 397 ,http://rti.gov.lk/do-list/,
phone,pass,Published phone: 045 222 2143 ,http://rti.gov.lk/do-list/,
phone,pass,Published phone: 037 226 0275 ,http://rti.gov.lk/do-list/,
phone,pass,Published phone: 011 244 0651 ,http://rti.gov.lk/do-list/,
phone,pass,Published phone: 0012 045-228,http://rti.gov.lk/do-list/,
phone,pass,Published phone: 0141 045-228,http://rti.gov.lk/do-list/,
phone,pass,Published phone: 081 247 6036 ,http://rti.gov.lk/do-list/,
phone,pass,Published phone: 011-2323688 ,http://rti.gov.lk/do-list/,
phone,pass,Published phone: 071-0219222 ,http://rti.gov.lk/do-list/,
phone,pass,Published phone: 077 872 7721 ,http://rti.gov.lk/do-list/,
phone,pass,Published phone: 081 242 4372 ,http://rti.gov.lk/do-list/,
phone,pass,Published phone: 0 011 268 103,http://rti.gov.lk/do-list/,
phone,pass,Published phone: 011 232 1985 ,http://rti.gov.lk/do-list/,
phone,pass,Published phone: 011 266 9885 ,http://rti.gov.lk/do-list/,
phone,pass,Published phone: 021 225 1735 ,http://rti.gov.lk/do-list/,
phone,pass,Published phone: 071-9084032 ,http://rti.gov.lk/do-list/,
phone,pass,Published phone: 037-2223470 ,http://rti.gov.lk/do-list/,
phone,pass,Published phone: 071 441 8334 ,http://rti.gov.lk/do-list/,
phone,pass,Published phone: 066 228 4539 ,http://rti.gov.lk/do-list/,
phone,pass,Published phone: 045 2228089 ,http://rti.gov.lk/do-list/,
phone,pass,Published phone: 07 011 239 26,http://rti.gov.lk/do-list/,
phone,pass,Published phone: 025 205 3550 ,http://rti.gov.lk/do-list/,
phone,pass,Published phone: 057 222 2275 ,http://rti.gov.lk/do-list/,
phone,pass,Published phone: 011 218 7015 ,http://rti.gov.lk/do-list/,
phone,pass,Published phone: 071 802 2555 ,http://rti.gov.lk/do-list/,
phone,pass,Published phone: 0 011 234 207,http://rti.gov.lk/do-list/,
phone,pass,Published phone: 081 235 6372 ,http://rti.gov.lk/do-list/,
phone,pass,Published phone: 037-2229819 ,http://rti.gov.lk/do-list/,
phone,pass,Published phone: 021 228 2926 ,http://rti.gov.lk/do-list/,
phone,pass,Published phone: 0 011 232 706,http://rti.gov.lk/do-list/,
phone,pass,Published phone: 071 821 4896 ,http://rti.gov.lk/do-list/,
phone,pass,Published phone: 071 966 6772 ,http://rti.gov.lk/do-list/,
phone,pass,Published phone: 071-8510623 ,http://rti.gov.lk/do-list/,
phone,pass,Published phone: 055 227 6081 ,http://rti.gov.lk/do-list/,
phone,pass,Published phone: 0 011 464 180,http://rti.gov.lk/do-list/,
phone,pass,Published phone: 047 222 0340 ,http://rti.gov.lk/do-list/,
phone,pass,Published phone: 047 228 8212 ,http://rti.gov.lk/do-list/,
phone,pass,Published phone: 037 222 3211 ,http://rti.gov.lk/do-list/,
phone,pass,Published phone: 01 011 466 94,http://rti.gov.lk/do-list/,
phone,pass,Published phone: 011 205 8229 ,http://rti.gov.lk/do-list/,
phone,pass,Published phone: 08 011 266 79,http://rti.gov.lk/do-list/,
phone,pass,Published phone: 037 229 3474 ,http://rti.gov.lk/do-list/,
phone,pass,Published phone: 026-2225990 ,http://rti.gov.lk/do-list/,
phone,pass,Published phone: 091 223 2794 ,http://rti.gov.lk/do-list/,
phone,pass,Published phone: 037-2228153 ,http://rti.gov.lk/do-list/,
phone,pass,Published phone: 011 255 2474 ,http://rti.gov.lk/do-list/,
phone,pass,Published phone: 011 255 5007 ,http://rti.gov.lk/do-list/,
phone,pass,Published phone: 011 232 5522 ,http://rti.gov.lk/do-list/,
phone,pass,Published phone: 038 339 2551 ,http://rti.gov.lk/do-list/,
phone,pass,Published phone: 011 288 7909 ,http://rti.gov.lk/do-list/,
phone,pass,Published phone: 02 011 242 40,http://rti.gov.lk/do-list/,
phone,pass,Published phone: 077-7880963 ,http://rti.gov.lk/do-list/,
phone,pass,Published phone: 091 225 8285 ,http://rti.gov.lk/do-list/,
phone,pass,Published phone: 07 011 258 02,http://rti.gov.lk/do-list/,
phone,pass,Published phone: 021-2285726 ,http://rti.gov.lk/do-list/,
phone,pass,Published phone: 011 460 7011 ,http://rti.gov.lk/do-list/,
phone,pass,Published phone: 00 011 258 19,http://rti.gov.lk/do-list/,
phone,pass,Published phone: 011 260 5394 ,http://rti.gov.lk/do-list/,
phone,pass,Published phone: 055 227 3976 ,http://rti.gov.lk/do-list/,
phone,pass,Published phone: 047 223 7275 ,http://rti.gov.lk/do-list/,
phone,pass,Published phone: 071-0458682 ,http://rti.gov.lk/do-list/,
phone,pass,Published phone: 03 011-25598,http://rti.gov.lk/do-list/,
phone,pass,Published phone: 077 556 8272 ,http://rti.gov.lk/do-list/,
phone,pass,Published phone: 011 288 4626 ,http://rti.gov.lk/do-list/,
phone,pass,Published phone: 023-2051488 ,http://rti.gov.lk/do-list/,
phone,pass,Published phone: 011 286 2588 ,http://rti.gov.lk/do-list/,
phone,pass,Published phone: 021 221 5728 ,http://rti.gov.lk/do-list/,
phone,pass,Published phone: 077 386 8567 ,http://rti.gov.lk/do-list/,
phone,pass,Published phone: 011 243 6000 ,http://rti.gov.lk/do-list/,
phone,pass,Published phone: 071 448 7430 ,http://rti.gov.lk/do-list/,
phone,pass,Published phone: 077 363 9365 ,http://rti.gov.lk/do-list/,
phone,pass,Published phone: 026-2223085 ,http://rti.gov.lk/do-list/,
phone,pass,Published phone: 0 011 267 222,http://rti.gov.lk/do-list/,
phone,pass,Published phone: 047 222 8275 ,http://rti.gov.lk/do-list/,
phone,pass,Published phone: 021 224 0327 ,http://rti.gov.lk/do-list/,
phone,pass,Published phone: 077-3082587 ,http://rti.gov.lk/do-list/,
phone,pass,Published phone: 077 363 7050 ,http://rti.gov.lk/do-list/,
phone,pass,Published phone: 036 225 8012 ,http://rti.gov.lk/do-list/,
phone,pass,Published phone: 07 011 202 66,http://rti.gov.lk/do-list/,
phone,pass,Published phone: 071-4474902 ,http://rti.gov.lk/do-list/,
phone,pass,Published phone: 02 0 -56 133 -37,http://rti.gov.lk/do-list/,
phone,pass,Published phone: 052 222 9819 ,http://rti.gov.lk/do-list/,
phone,pass,Published phone: 011 287 3862 ,http://rti.gov.lk/do-list/,
phone,pass,Published phone: 037 222 2378 ,http://rti.gov.lk/do-list/,
phone,pass,Published phone: 071 119 0119 ,http://rti.gov.lk/do-list/,
phone,pass,Published phone: 091 223 4837 ,http://rti.gov.lk/do-list/,
phone,pass,Published phone: 071 832 6619 ,http://rti.gov.lk/do-list/,
phone,pass,Published phone: 0 071 534 910,http://rti.gov.lk/do-list/,
phone,pass,Published phone: 025 225 8875 ,http://rti.gov.lk/do-list/,
phone,pass,Published phone: 071-4961007 ,http://rti.gov.lk/do-list/,
phone,pass,Published phone: 071 835 6903 ,http://rti.gov.lk/do-list/,
phone,pass,Published phone: 037 225 8021 ,http://rti.gov.lk/do-list/,
phone,pass,Published phone: 011 232 8060 ,http://rti.gov.lk/do-list/,
phone,pass,Published phone: 077-6408886 ,http://rti.gov.lk/do-list/,
phone,pass,Published phone: 037-2228758 ,http://rti.gov.lk/do-list/,
phone,pass,Published phone: 011 257 4918 ,http://rti.gov.lk/do-list/,
phone,pass,Published phone: 077 397 7876 ,http://rti.gov.lk/do-list/,
phone,pass,Published phone: 011 287 2035 ,http://rti.gov.lk/do-list/,
phone,pass,Published phone: 021 222 6715 ,http://rti.gov.lk/do-list/,
phone,pass,Published phone: 057 222 2517 ,http://rti.gov.lk/do-list/,
phone,pass,Published phone: 077 710 8080 ,http://rti.gov.lk/do-list/,
phone,pass,Published phone: 011-2802293 ,http://rti.gov.lk/do-list/,
phone,pass,Published phone: 01 011 232 43,http://rti.gov.lk/do-list/,
phone,pass,Published phone: 077 900 0574 ,http://rti.gov.lk/do-list/,
phone,pass,Published phone: 037 228 1114 ,http://rti.gov.lk/do-list/,
phone,pass,Published phone: 09 011 269 21,http://rti.gov.lk/do-list/,
phone,pass,Published phone: 011-2853731 ,http://rti.gov.lk/do-list/,
phone,pass,Published phone: 011 269 2834 ,http://rti.gov.lk/do-list/,
phone,pass,Published phone: 065-2240531 ,http://rti.gov.lk/do-list/,
phone,pass,Published phone: 0 011 255 264,http://rti.gov.lk/do-list/,
phone,pass,Published phone: 035 223 2295 ,http://rti.gov.lk/do-list/,
phone,pass,Published phone: 033 333 8892 ,http://rti.gov.lk/do-list/,
phone,pass,Published phone: 011 268 7063 ,http://rti.gov.lk/do-list/,
phone,pass,Published phone: 047 225 8098 ,http://rti.gov.lk/do-list/,
phone,pass,Published phone: 021 226 3271 ,http://rti.gov.lk/do-list/,
phone,pass,Published phone: 011-2867533 ,http://rti.gov.lk/do-list/,
phone,pass,Published phone: 035 222 2631 ,http://rti.gov.lk/do-list/,
phone,pass,Published phone: 021 221 1541 ,http://rti.gov.lk/do-list/,
phone,pass,Published phone: 091-2223237 ,http://rti.gov.lk/do-list/,
phone,pass,Published phone: 081 223 2002 ,http://rti.gov.lk/do-list/,
phone,pass,Published phone: 071 209 7970 ,http://rti.gov.lk/do-list/,
phone,pass,Published phone: 00 011 233 77,http://rti.gov.lk/do-list/,
phone,pass,Published phone: 026-2222678 ,http://rti.gov.lk/do-list/,
phone,pass,Published phone: 024-2222347 ,http://rti.gov.lk/do-list/,
phone,pass,Published phone: 0 -55 33 -94 87 -1,http://rti.gov.lk/do-list/,
phone,pass,Published phone: 037-2224879 ,http://rti.gov.lk/do-list/,
phone,pass,Published phone: 011-2806577 ,http://rti.gov.lk/do-list/,
phone,pass,Published phone: 070 271 7497 ,http://rti.gov.lk/do-list/,
phone,pass,Published phone: 065-2240730 ,http://rti.gov.lk/do-list/,
phone,pass,Published phone: 077 078 9281 ,http://rti.gov.lk/do-list/,
phone,pass,Published phone: 045 223 1222 ,http://rti.gov.lk/do-list/,
phone,pass,Published phone: 021 226 5610 ,http://rti.gov.lk/do-list/,
phone,pass,Published phone: 077 360 4296 ,http://rti.gov.lk/do-list/,
phone,pass,Published phone: 052 225 7767 ,http://rti.gov.lk/do-list/,
phone,pass,Published phone: 0 221 -36 32 -10,http://rti.gov.lk/do-list/,
phone,pass,Published phone: 071 125 7004 ,http://rti.gov.lk/do-list/,
phone,pass,Published phone: 024-2225367 ,http://rti.gov.lk/do-list/,
phone,pass,Published phone: 071 762 7070 ,http://rti.gov.lk/do-list/,
phone,pass,Published phone: 037-2231769 ,http://rti.gov.lk/do-list/,
phone,pass,Published phone: 071 800 3969 ,http://rti.gov.lk/do-list/,
phone,pass,Published phone: 011-2914474 ,http://rti.gov.lk/do-list/,
phone,pass,Published phone: 077 394 1044 ,http://rti.gov.lk/do-list/,
phone,pass,Published phone: 047 768 4110 ,http://rti.gov.lk/do-list/,
phone,pass,Published phone: 047 222 9022 ,http://rti.gov.lk/do-list/,
phone,pass,Published phone: 021 206 0855 ,http://rti.gov.lk/do-list/,
phone,pass,Published phone: 011 258 0316 ,http://rti.gov.lk/do-list/,
phone,pass,Published phone: 070 345 5782 ,http://rti.gov.lk/do-list/,
phone,pass,Published phone: 070 656 8656 ,http://rti.gov.lk/do-list/,
phone,pass,Published phone: 045 228 7275 ,http://rti.gov.lk/do-list/,
phone,pass,Published phone: 037 222 3562 ,http://rti.gov.lk/do-list/,
phone,pass,Published phone: 037-2284136 ,http://rti.gov.lk/do-list/,
phone,pass,Published phone: 011 288 9488 ,http://rti.gov.lk/do-list/,
phone,pass,Published phone: 025 227 5625 ,http://rti.gov.lk/do-list/,
phone,pass,Published phone: 077-6220007 ,http://rti.gov.lk/do-list/,
phone,pass,Published phone: 081 223 2001 ,http://rti.gov.lk/do-list/,
phone,pass,Published phone: 011 272 7653 ,http://rti.gov.lk/do-list/,
phone,pass,Published phone: 026 225 5044 ,http://rti.gov.lk/do-list/,
phone,pass,Published phone: 038 229 0035 ,http://rti.gov.lk/do-list/,
phone,pass,Published phone: 081 223 2131 ,http://rti.gov.lk/do-list/,
phone,pass,Published phone: 067 222 9203 ,http://rti.gov.lk/do-list/,
phone,pass,Published phone: 034 225 1203 ,http://rti.gov.lk/do-list/,
phone,pass,Published phone: 071-4511825 ,http://rti.gov.lk/do-list/,
phone,pass,Published phone: 011 218 6017 ,http://rti.gov.lk/do-list/,
phone,pass,Published phone: 077 778 7777 ,http://rti.gov.lk/do-list/,
phone,pass,Published phone: 045 222 3015 ,http://rti.gov.lk/do-list/,
phone,pass,Published phone: 011 284 5537 ,http://rti.gov.lk/do-list/,
phone,pass,Published phone: 037 222 2197 ,http://rti.gov.lk/do-list/,
phone,pass,Published phone: 021 229 0051 ,http://rti.gov.lk/do-list/,
phone,pass,Published phone: 071 230 3824 ,http://rti.gov.lk/do-list/,
phone,pass,Published phone: 041-2250261 ,http://rti.gov.lk/do-list/,
phone,pass,Published phone: 071 444 2004 ,http://rti.gov.lk/do-list/,
phone,pass,Published phone: 01 011 210 04,http://rti.gov.lk/do-list/,
phone,pass,Published phone: 0 011 268 656,http://rti.gov.lk/do-list/,
phone,pass,Published phone: 021-2219251 ,http://rti.gov.lk/do-list/,
phone,pass,Published phone: 034 228 2592 ,http://rti.gov.lk/do-list/,
phone,pass,Published phone: 08 011 243 27,http://rti.gov.lk/do-list/,
phone,pass,Published phone: 026-2224004 ,http://rti.gov.lk/do-list/,
phone,pass,Published phone: 011 286 3936 ,http://rti.gov.lk/do-list/,
phone,pass,Published phone: 045-2222541 ,http://rti.gov.lk/do-list/,
phone,pass,Published phone: 071 563 3834 ,http://rti.gov.lk/do-list/,
phone,pass,Published phone: 011 269 6130 ,http://rti.gov.lk/do-list/,
phone,pass,Published phone: 0 011 220 980,http://rti.gov.lk/do-list/,
phone,pass,Published phone: 037-2222374 ,http://rti.gov.lk/do-list/,
phone,pass,Published phone: 0 0 70 -86 122 -1,http://rti.gov.lk/do-list/,
phone,pass,Published phone: 077 391 2399 ,http://rti.gov.lk/do-list/,
phone,pass,Published phone: 0 011-243818,http://rti.gov.lk/do-list/,
phone,pass,Published phone: 011 218 6171 ,http://rti.gov.lk/do-list/,
phone,pass,Published phone: 081-2388818 ,http://rti.gov.lk/do-list/,
phone,pass,Published phone: 055 226 6474 ,http://rti.gov.lk/do-list/,
phone,pass,Published phone: 047 226 2275 ,http://rti.gov.lk/do-list/,
phone,pass,Published phone: 037 222 2108 ,http://rti.gov.lk/do-list/,
phone,pass,Published phone: 081 238 6084 ,http://rti.gov.lk/do-list/,
phone,pass,Published phone: 071 943 0481 ,http://rti.gov.lk/do-list/,
phone,pass,Published phone: 05 011 248 49,http://rti.gov.lk/do-list/,
phone,pass,Published phone: 077 007 1812 ,http://rti.gov.lk/do-list/,
phone,pass,Published phone: 021 221 3958 ,http://rti.gov.lk/do-list/,
phone,pass,Published phone: 077 284 8804 ,http://rti.gov.lk/do-list/,
phone,pass,Published phone: 081 235 2501 ,http://rti.gov.lk/do-list/,
phone,pass,Published phone: 011 252 2947 ,http://rti.gov.lk/do-list/,
phone,pass,Published phone: 055 224 5675 ,http://rti.gov.lk/do-list/,
phone,pass,Published phone: 07 011 266 88,http://rti.gov.lk/do-list/,
phone,pass,Published phone: 035-2232285 ,http://rti.gov.lk/do-list/,
phone,pass,Published phone: 045 222 2890 ,http://rti.gov.lk/do-list/,
phone,pass,Published phone: 037-2223390 ,http://rti.gov.lk/do-list/,
phone,pass,Published phone: 037 222 5210 ,http://rti.gov.lk/do-list/,
phone,pass,Published phone: 071 688 7862 ,http://rti.gov.lk/do-list/,
phone,pass,Published phone: 038 228 9502 ,http://rti.gov.lk/do-list/,
phone,pass,Published phone: 071 812 7326 ,http://rti.gov.lk/do-list/,
phone,pass,Published phone: 037-2223795 ,http://rti.gov.lk/do-list/,
phone,pass,Published phone: 077 908 2143 ,http://rti.gov.lk/do-list/,
phone,pass,Published phone: 047 223 4075 ,http://rti.gov.lk/do-list/,
phone,pass,Published phone: 037 222 3186 ,http://rti.gov.lk/do-list/,
phone,pass,Published phone: 077-6302472 ,http://rti.gov.lk/do-list/,
phone,pass,Published phone: 037 227 8175 ,http://rti.gov.lk/do-list/,
phone,pass,Published phone: 06 011 244 76,http://rti.gov.lk/do-list/,
phone,pass,Published phone: 011 167 6844 ,http://rti.gov.lk/do-list/,
phone,pass,Published phone: 021 226 5166 ,http://rti.gov.lk/do-list/,
phone,pass,Published phone: 026 222 1495 ,http://rti.gov.lk/do-list/,
phone,pass,Published phone: 077 736 5020 ,http://rti.gov.lk/do-list/,
phone,pass,Published phone: 011 287 7890 ,http://rti.gov.lk/do-list/,
phone,pass,Published phone: 011 257 9184 ,http://rti.gov.lk/do-list/,
phone,pass,Published phone: 01 0222612 6,http://rti.gov.lk/do-list/,
phone,pass,Published phone: 05 077 105 60,http://rti.gov.lk/do-list/,
phone,pass,Published phone: 026 225 5043 ,http://rti.gov.lk/do-list/,
phone,pass,Published phone: 037-2222832 ,http://rti.gov.lk/do-list/,
phone,pass,Published phone: 065-2240490 ,http://rti.gov.lk/do-list/,
phone,pass,Published phone: 05 011 774 72,http://rti.gov.lk/do-list/,
phone,pass,Published phone: 077 730 6968 ,http://rti.gov.lk/do-list/,
phone,pass,Published phone: 072 389 0907 ,http://rti.gov.lk/do-list/,
phone,pass,Published phone: 071 492 6711 ,http://rti.gov.lk/do-list/,
phone,pass,Published phone: 081 247 6275 ,http://rti.gov.lk/do-list/,
phone,pass,Published phone: 0 174 -41 79 -30,http://rti.gov.lk/do-list/,
phone,pass,Published phone: 071 808 4645 ,http://rti.gov.lk/do-list/,
phone,pass,Published phone: 091 229 1261 ,http://rti.gov.lk/do-list/,
phone,pass,Published phone: 02 011 248 48,http://rti.gov.lk/do-list/,
phone,pass,Published phone: 021 222 2275 ,http://rti.gov.lk/do-list/,
phone,pass,Published phone: 026-2050604 ,http://rti.gov.lk/do-list/,
phone,pass,Published phone: 071-8066848 ,http://rti.gov.lk/do-list/,
phone,pass,Published phone: 091 223 4383 ,http://rti.gov.lk/do-list/,
phone,pass,Published phone: 076-4117699 ,http://rti.gov.lk/do-list/,
phone,pass,Published phone: 023 222 3772 ,http://rti.gov.lk/do-list/,
phone,pass,Published phone: 081 224 1065 ,http://rti.gov.lk/do-list/,
phone,pass,Published phone: 0 011 268 295,http://rti.gov.lk/do-list/,
phone,pass,Published phone: 091-2286075 ,http://rti.gov.lk/do-list/,
phone,pass,Published phone: 03 011 257 48,http://rti.gov.lk/do-list/,
phone,pass,Published phone: 011 467 7180 ,http://rti.gov.lk/do-list/,
phone,pass,Published phone: 075 284 0015 ,http://rti.gov.lk/do-list/,
phone,pass,Published phone: 011 250 1126 ,http://rti.gov.lk/do-list/,
phone,pass,Published phone: 021-2270013 ,http://rti.gov.lk/do-list/,
phone,pass,Published phone: 011 285 0473 ,http://rti.gov.lk/do-list/,
phone,pass,Published phone: 021-4054105 ,http://rti.gov.lk/do-list/,
phone,pass,Published phone: 071 802 3962 ,http://rti.gov.lk/do-list/,
phone,pass,Published phone: 026 224 6056 ,http://rti.gov.lk/do-list/,
phone,pass,Published phone: 091 373 0005 ,http://rti.gov.lk/do-list/,
phone,pass,Published phone: 03 011 772 27,http://rti.gov.lk/do-list/,
phone,pass,Published phone: 067 226 5018 ,http://rti.gov.lk/do-list/,
phone,pass,Published phone: 02 011 244 71,http://rti.gov.lk/do-list/,
phone,pass,Published phone: 023 222 2267 ,http://rti.gov.lk/do-list/,
phone,pass,Published phone: 0 011 243 320,http://rti.gov.lk/do-list/,
phone,pass,Published phone: 011 244 6392 ,http://rti.gov.lk/do-list/,
phone,pass,Published phone: 01 0514882 8,http://rti.gov.lk/do-list/,
phone,pass,Published phone: 077-3868567 ,http://rti.gov.lk/do-list/,
phone,pass,Published phone: 045-2223082 ,http://rti.gov.lk/do-list/,
phone,pass,Published phone: 011 280 8200 ,http://rti.gov.lk/do-list/,
phone,pass,Published phone: 011 288 7441 ,http://rti.gov.lk/do-list/,
phone,pass,Published phone: 011 269 2147 ,http://rti.gov.lk/do-list/,
phone,pass,Published phone: 041 225 4752 ,http://rti.gov.lk/do-list/,
phone,pass,Published phone: 021 221 3728 ,http://rti.gov.lk/do-list/,
phone,pass,Published phone: 011 288 8928 ,http://rti.gov.lk/do-list/,
phone,pass,Published phone: 077 622 1813 ,http://rti.gov.lk/do-list/,
phone,pass,Published phone: 07 011 258 16,http://rti.gov.lk/do-list/,
phone,pass,Published phone: 011 285 0889 ,http://rti.gov.lk/do-list/,
phone,pass,Published phone: 076 201 0498 ,http://rti.gov.lk/do-list/,
phone,pass,Published phone: 077 758 3253 ,http://rti.gov.lk/do-list/,
phone,pass,Published phone: 077 080 0199 ,http://rti.gov.lk/do-list/,
phone,pass,Published phone: 011 243 6412 ,http://rti.gov.lk/do-list/,
phone,pass,Published phone: 021-2057116 ,http://rti.gov.lk/do-list/,
phone,pass,Published phone: 011 217 1499 ,http://rti.gov.lk/do-list/,
phone,pass,Published phone: 021 228 5446 ,http://rti.gov.lk/do-list/,
phone,pass,Published phone: 037 224 6069 ,http://rti.gov.lk/do-list/,
phone,pass,Published phone: 047 224 0476 ,http://rti.gov.lk/do-list/,
phone,pass,Published phone: 045 223 0819 ,http://rti.gov.lk/do-list/,
phone,pass,Published phone: 011 213 6643 ,http://rti.gov.lk/do-list/,
phone,pass,Published phone: 08 011 269 23,http://rti.gov.lk/do-list/,
phone,pass,Published phone: 021 221 1518 ,http://rti.gov.lk/do-list/,
phone,pass,Published phone: 011 218 6031 ,http://rti.gov.lk/do-list/,
phone,pass,Published phone: 011 288 7721 ,http://rti.gov.lk/do-list/,
phone,pass,Published phone: 011 248 4612 ,http://rti.gov.lk/do-list/,
phone,pass,Published phone: 025 223 5581 ,http://rti.gov.lk/do-list/,
phone,pass,Published phone: 071 858 9004 ,http://rti.gov.lk/do-list/,
phone,pass,Published phone: 037 337 5278 ,http://rti.gov.lk/do-list/,
phone,pass,Published phone: 071-8963636 ,http://rti.gov.lk/do-list/,
phone,pass,Published phone: 025 226 9127 ,http://rti.gov.lk/do-list/,
phone,pass,Published phone: 055 567 2776 ,http://rti.gov.lk/do-list/,
phone,pass,Published phone: 055 226 5475 ,http://rti.gov.lk/do-list/,
phone,pass,Published phone: 0 011 269 184,http://rti.gov.lk/do-list/,
phone,pass,Published phone: 071-8747179 ,http://rti.gov.lk/do-list/,
phone,pass,Published phone: 0 14 -50 54 -80 1,http://rti.gov.lk/do-list/,
phone,pass,Published phone: 047 224 6376 ,http://rti.gov.lk/do-list/,
phone,pass,Published phone: 025 222 1711 ,http://rti.gov.lk/do-list/,
phone,pass,Published phone: 071 439 7915 ,http://rti.gov.lk/do-list/,
phone,pass,Published phone: 032 226 7916 ,http://rti.gov.lk/do-list/,
phone,pass,Published phone: 047 222 3275 ,http://rti.gov.lk/do-list/,
phone,pass,Published phone: 037 494 1743 ,http://rti.gov.lk/do-list/,
phone,pass,Published phone: 021-2217304 ,http://rti.gov.lk/do-list/,
phone,pass,Published phone: 077 758 2663 ,http://rti.gov.lk/do-list/,
phone,pass,Published phone: 021-2220822 ,http://rti.gov.lk/do-list/,
phone,pass,Published phone: 0 107 52 107 1,http://rti.gov.lk/do-list/,
phone,pass,Published phone: 02 011 248 13,http://rti.gov.lk/do-list/,
phone,pass,Published phone: 07 011 230 76,http://rti.gov.lk/do-list/,
phone,pass,Published phone: 071 829 7868 ,http://rti.gov.lk/do-list/,
phone,pass,Published phone: 01 011 215 14,http://rti.gov.lk/do-list/,
phone,pass,Published phone: 045 222 2793 ,http://rti.gov.lk/do-list/,
phone,pass,Published phone: 034 226 1795 ,http://rti.gov.lk/do-list/,
phone,pass,Published phone: 06 011 288 73,http://rti.gov.lk/do-list/,
phone,pass,Published phone: 025-2266511 ,http://rti.gov.lk/do-list/,
phone,pass,Published phone: 077 310 0852 ,http://rti.gov.lk/do-list/,
phone,pass,Published phone: 011-2421153 ,http://rti.gov.lk/do-list/,
phone,pass,Published phone: 021 229 0847 ,http://rti.gov.lk/do-list/,
phone,pass,Published phone: 011 467 7104 ,http://rti.gov.lk/do-list/,
phone,pass,Published phone: 037-2223539 ,http://rti.gov.lk/do-list/,
phone,pass,Published phone: 011 286 3497 ,http://rti.gov.lk/do-list/,
phone,pass,Published phone: 011 218 7040 ,http://rti.gov.lk/do-list/,
phone,pass,Published phone: 081 257 5475 ,http://rti.gov.lk/do-list/,
phone,pass,Published phone: 011-2233150 ,http://rti.gov.lk/do-list/,
phone,pass,Published phone: 071 116 2282 ,http://rti.gov.lk/do-list/,
phone,pass,Published phone: 091-2234380 ,http://rti.gov.lk/do-list/,
phone,pass,Published phone: 08 011 268 96,http://rti.gov.lk/do-list/,
phone,pass,Published phone: 077 766 4214 ,http://rti.gov.lk/do-list/,
phone,pass,Published phone: 0 -74 310 0 370 ,http://rti.gov.lk/do-list/,
phone,pass,Published phone: 047 224 7275 ,http://rti.gov.lk/do-list/,
phone,pass,Published phone: 024 222 3622 ,http://rti.gov.lk/do-list/,
phone,pass,Published phone: 07 011 268 23,http://rti.gov.lk/do-list/,
phone,pass,Published phone: 08 011 267 82,http://rti.gov.lk/do-list/,
phone,pass,Published phone: 011-2583818 ,http://rti.gov.lk/do-list/,
phone,pass,Published phone: 077 893 9029 ,http://rti.gov.lk/do-list/,
phone,pass,Published phone: 011 250 6907 ,http://rti.gov.lk/do-list/,
phone,pass,Published phone: 037 222 0262 ,http://rti.gov.lk/do-list/,
phone,pass,Published phone: 045 222 2145 ,http://rti.gov.lk/do-list/,
phone,pass,Published phone: 011 233 4815 ,http://rti.gov.lk/do-list/,
phone,pass,Published phone: 0 45 -18 66 -18 5,http://rti.gov.lk/do-list/,
phone,pass,Published phone: 037-2223705 ,http://rti.gov.lk/do-list/,
phone,pass,Published phone: 055 226 5346 ,http://rti.gov.lk/do-list/,
phone,pass,Published phone: 077 659 0419 ,http://rti.gov.lk/do-list/,
phone,pass,Published phone: 065 225 7375 ,http://rti.gov.lk/do-list/,
phone,pass,Published phone: 081 238 8364 ,http://rti.gov.lk/do-list/,
phone,pass,Published phone: 037-2222236 ,http://rti.gov.lk/do-list/,
phone,pass,Published phone: 037-2229688 ,http://rti.gov.lk/do-list/,
phone,pass,Published phone: 037-2228408 ,http://rti.gov.lk/do-list/,
phone,pass,Published phone: 045 222 8083 ,http://rti.gov.lk/do-list/,
phone,pass,Published phone: 037-2228027 ,http://rti.gov.lk/do-list/,
phone,pass,Published phone: 041 2233 801 ,http://rti.gov.lk/do-list/,
phone,pass,Published phone: 021-2231532 ,http://rti.gov.lk/do-list/,
phone,pass,Published phone: 077 630 7862 ,http://rti.gov.lk/do-list/,
phone,pass,Published phone: 071 848 0994 ,http://rti.gov.lk/do-list/,
phone,pass,Published phone: 055 225 7172 ,http://rti.gov.lk/do-list/,
phone,pass,Published phone: 021-2220816 ,http://rti.gov.lk/do-list/,
phone,pass,Published phone: 021 205 0036 ,http://rti.gov.lk/do-list/,
phone,pass,Published phone: 071-4726729 ,http://rti.gov.lk/do-list/,
phone,pass,Published phone: 021 321 1546 ,http://rti.gov.lk/do-list/,
phone,pass,Published phone: 071 355 8848 ,http://rti.gov.lk/do-list/,
phone,pass,Published phone: 024 222 9605 ,http://rti.gov.lk/do-list/,
phone,pass,Published phone: 01 0221552 5,http://rti.gov.lk/do-list/,
phone,pass,Published phone: 077 948 0983 ,http://rti.gov.lk/do-list/,
phone,pass,Published phone: 051 222 2275 ,http://rti.gov.lk/do-list/,
phone,pass,Published phone: 065-2050695 ,http://rti.gov.lk/do-list/,
phone,pass,Published phone: 011 244 0555 ,http://rti.gov.lk/do-list/,
phone,pass,Published phone: 071 840 0098 ,http://rti.gov.lk/do-list/,
phone,pass,Published phone: 077-4330956 ,http://rti.gov.lk/do-list/,
phone,pass,Published phone: 011 218 7132 ,http://rti.gov.lk/do-list/,
phone,pass,Published phone: 077 227 5161 ,http://rti.gov.lk/do-list/,
phone,pass,Published phone: 081 240 6892 ,http://rti.gov.lk/do-list/,
phone,pass,Published phone: 0 011 258 030,http://rti.gov.lk/do-list/,
phone,pass,Published phone: 011 209 2993 ,http://rti.gov.lk/do-list/,
phone,pass,Published phone: 041 225 5275 ,http://rti.gov.lk/do-list/,
phone,pass,Published phone: 011-2385416 ,http://rti.gov.lk/do-list/,
phone,pass,Published phone: 045-2230816 ,http://rti.gov.lk/do-list/,
phone,pass,Published phone: 034 222 2643 ,http://rti.gov.lk/do-list/,
phone,pass,Published phone: 077 757 1228 ,http://rti.gov.lk/do-list/,
phone,pass,Published phone: 033 229 2443 ,http://rti.gov.lk/do-list/,
phone,pass,Published phone: 0 011 268 463,http://rti.gov.lk/do-list/,
phone,pass,Published phone: 071-0703976 ,http://rti.gov.lk/do-list/,
phone,pass,Published phone: 076 260 4966 ,http://rti.gov.lk/do-list/,
phone,pass,Published phone: 011 277 4470 ,http://rti.gov.lk/do-list/,
phone,pass,Published phone: 065-2050066 ,http://rti.gov.lk/do-list/,
phone,pass,Published phone: 038 229 4566 ,http://rti.gov.lk/do-list/,
phone,pass,Published phone: 04 011 247 76,http://rti.gov.lk/do-list/,
phone,pass,Published phone: 021-2285931 ,http://rti.gov.lk/do-list/,
phone,pass,Published phone: 071 865 5254 ,http://rti.gov.lk/do-list/,
phone,pass,Published phone: 041-2227005 ,http://rti.gov.lk/do-list/,
phone,pass,Published phone: 045-2224500 ,http://rti.gov.lk/do-list/,
phone,pass,Published phone: 071-6198563 ,http://rti.gov.lk/do-list/,
phone,pass,Published phone: 021 222 2700 ,http://rti.gov.lk/do-list/,
phone,pass,Published phone: 011 232 2524 ,http://rti.gov.lk/do-list/,
phone,pass,Published phone: 011 263 6449 ,http://rti.gov.lk/do-list/,
phone,pass,Published phone: 077 368 2980 ,http://rti.gov.lk/do-list/,
phone,pass,Published phone: 011 255 6505 ,http://rti.gov.lk/do-list/,
phone,pass,Published phone: 055 223 0959 ,http://rti.gov.lk/do-list/,
phone,pass,Published phone: 037 224 3275 ,http://rti.gov.lk/do-list/,
phone,pass,Published phone: 025 227 6370 ,http://rti.gov.lk/do-list/,
phone,pass,Published phone: 024 222 2219 ,http://rti.gov.lk/do-list/,
phone,pass,Published phone: 076 533 3384 ,http://rti.gov.lk/do-list/,
phone,pass,Published phone: 055 229 4275 ,http://rti.gov.lk/do-list/,
phone,pass,Published phone: 011 204 4851 ,http://rti.gov.lk/do-list/,
phone,pass,Published phone: 023 205 1672 ,http://rti.gov.lk/do-list/,
phone,pass,Published phone: 071 962 0041 ,http://rti.gov.lk/do-list/,
phone,pass,Published phone: 091 229 1539 ,http://rti.gov.lk/do-list/,
phone,pass,Published phone: 071 446 0652 ,http://rti.gov.lk/do-list/,
phone,pass,Published phone: 07 011 267 98,http://rti.gov.lk/do-list/,
phone,pass,Published phone: 011 286 4771 ,http://rti.gov.lk/do-list/,
phone,pass,Published phone: 071 533 8482 ,http://rti.gov.lk/do-list/,
phone,pass,Published phone: 0 011 243 715,http://rti.gov.lk/do-list/,
phone,pass,Published phone: 032 226 0683 ,http://rti.gov.lk/do-list/,
phone,pass,Published phone: 011 280 7400 ,http://rti.gov.lk/do-list/,
phone,pass,Published phone: 071 811 1650 ,http://rti.gov.lk/do-list/,
phone,pass,Published phone: 011 536 9343 ,http://rti.gov.lk/do-list/,
phone,pass,Published phone: 045 222 8084 ,http://rti.gov.lk/do-list/,
phone,pass,Published phone: 077 714 5471 ,http://rti.gov.lk/do-list/,
phone,pass,Published phone: 011 250 5541,http://rti.gov.lk/do-list/,
phone,pass,Published phone: 045 222 3147 ,http://rti.gov.lk/do-list/,
phone,pass,Published phone: 071 479 0801 ,http://rti.gov.lk/do-list/,
phone,pass,Published phone: 033 222 2739 ,http://rti.gov.lk/do-list/,
phone,pass,Published phone: 011-2055601 ,http://rti.gov.lk/do-list/,
phone,pass,Published phone: 033 227 3206 ,http://rti.gov.lk/do-list/,
phone,pass,Published phone: 0 011 269 365,http://rti.gov.lk/do-list/,
phone,pass,Published phone: 011 266 8988 ,http://rti.gov.lk/do-list/,
phone,pass,Published phone: 025 222 2773 ,http://rti.gov.lk/do-list/,
phone,pass,Published phone: 070 355 5800 ,http://rti.gov.lk/do-list/,
phone,pass,Published phone: 07 011 258 64,http://rti.gov.lk/do-list/,
phone,pass,Published phone: 037 222 5340 ,http://rti.gov.lk/do-list/,
phone,pass,Published phone: 011 232 6010 ,http://rti.gov.lk/do-list/,
phone,pass,Published phone: 045 212 1175 ,http://rti.gov.lk/do-list/,
phone,pass,Published phone: 077 313 1003 ,http://rti.gov.lk/do-list/,
phone,pass,Published phone: 011 218 6026 ,http://rti.gov.lk/do-list/,
phone,pass,Published phone: 0 011-269697,http://rti.gov.lk/do-list/,
phone,pass,Published phone: 071 441 6696 ,http://rti.gov.lk/do-list/,
phone,pass,Published phone: 011 242 2334 ,http://rti.gov.lk/do-list/,
phone,pass,Published phone: 0 -211 15 -242 3,http://rti.gov.lk/do-list/,
phone,pass,Published phone: 077 200 4302 ,http://rti.gov.lk/do-list/,
phone,pass,Published phone: 011 255 4303 ,http://rti.gov.lk/do-list/,
phone,pass,Published phone: 037-2222538 ,http://rti.gov.lk/do-list/,
phone,pass,Published phone: 037 229 3076 ,http://rti.gov.lk/do-list/,
phone,pass,Published phone: 04 67 -13 90 8 2,http://rti.gov.lk/do-list/,
phone,pass,Published phone: 037 222 2551 ,http://rti.gov.lk/do-list/,
phone,pass,Published phone: 071 530 7190 ,http://rti.gov.lk/do-list/,
phone,pass,Published phone: 071-9074713 ,http://rti.gov.lk/do-list/,
phone,pass,Published phone: 055-2279166 ,http://rti.gov.lk/do-list/,
phone,pass,Published phone: 011 244 7633 ,http://rti.gov.lk/do-list/,
phone,pass,Published phone: 045 222 3227 ,http://rti.gov.lk/do-list/,
phone,pass,Published phone: 077 899 8273 ,http://rti.gov.lk/do-list/,
phone,pass,Published phone: 011 260 5368 ,http://rti.gov.lk/do-list/,
phone,pass,Published phone: 076 690 7024 ,http://rti.gov.lk/do-list/,
phone,pass,Published phone: 063 224 2014 ,http://rti.gov.lk/do-list/,
phone,pass,Published phone: 011 218 7119 ,http://rti.gov.lk/do-list/,
phone,pass,Published phone: 011 269 7175 ,http://rti.gov.lk/do-list/,
phone,pass,Published phone: 077 075 5225 ,http://rti.gov.lk/do-list/,
phone,pass,Published phone: 011 280 4505 ,http://rti.gov.lk/do-list/,
phone,pass,Published phone: 011 234 6304 ,http://rti.gov.lk/do-list/,
phone,pass,Published phone: 011 243 6114 ,http://rti.gov.lk/do-list/,
phone,pass,Published phone: 036 226 7099 ,http://rti.gov.lk/do-list/,
phone,pass,Published phone: 031 225 7616 ,http://rti.gov.lk/do-list/,
phone,pass,Published phone: 011 258 1569 ,http://rti.gov.lk/do-list/,
phone,pass,Published phone: 076 664 2980 ,http://rti.gov.lk/do-list/,
phone,pass,Published phone: 045-2226746 ,http://rti.gov.lk/do-list/,
phone,pass,Published phone: 077 725 2022 ,http://rti.gov.lk/do-list/,
phone,pass,Published phone: 011-2280604 ,http://rti.gov.lk/do-list/,
phone,pass,Published phone: 045 222 2085 ,http://rti.gov.lk/do-list/,
phone,pass,Published phone: 02 077 36 119,http://rti.gov.lk/do-list/,
phone,pass,Published phone: 0 011 250 391,http://rti.gov.lk/do-list/,
phone,pass,Published phone: 011 251 3638 ,http://rti.gov.lk/do-list/,
phone,pass,Published phone: 071 029 0790 ,http://rti.gov.lk/do-list/,
phone,pass,Published phone: 091 224 6786 ,http://rti.gov.lk/do-list/,
phone,pass,Published phone: 011 257 9182 ,http://rti.gov.lk/do-list/,
phone,pass,Published phone: 071 441 4678 ,http://rti.gov.lk/do-list/,
phone,pass,Published phone: 077 726 5026 ,http://rti.gov.lk/do-list/,
phone,pass,Published phone: 045-2228089 ,http://rti.gov.lk/do-list/,
phone,pass,Published phone: 07 011 267 80,http://rti.gov.lk/do-list/,
phone,pass,Published phone: 077 780 4950 ,http://rti.gov.lk/do-list/,
phone,pass,Published phone: 011 218 7116 ,http://rti.gov.lk/do-list/,
phone,pass,Published phone: 021 228 3478 ,http://rti.gov.lk/do-list/,
phone,pass,Published phone: 025 222 2739 ,http://rti.gov.lk/do-list/,
phone,pass,Published phone: 011 264 5406 ,http://rti.gov.lk/do-list/,
phone,pass,Published phone: 011 268 5753 ,http://rti.gov.lk/do-list/,
phone,pass,Published phone: 077-9285825 ,http://rti.gov.lk/do-list/,
phone,pass,Published phone: 011 239 5643 ,http://rti.gov.lk/do-list/,
phone,pass,Published phone: 026 224 6064 ,http://rti.gov.lk/do-list/,
phone,pass,Published phone: 011 258 0929 ,http://rti.gov.lk/do-list/,
phone,pass,Published phone: 071 021 5701 ,http://rti.gov.lk/do-list/,
phone,pass,Published phone: 077 738 6324 ,http://rti.gov.lk/do-list/,
phone,pass,Published phone: 08 011 268 93,http://rti.gov.lk/do-list/,
phone,pass,Published phone: 011 261 8200 ,http://rti.gov.lk/do-list/,
phone,pass,Published phone: 045-2222590 ,http://rti.gov.lk/do-list/,
phone,pass,Published phone: 011 296 2151 ,http://rti.gov.lk/do-list/,
phone,pass,Published phone: 021 228 5823 ,http://rti.gov.lk/do-list/,
phone,pass,Published phone: 011 269 8377 ,http://rti.gov.lk/do-list/,
phone,pass,Published phone: 011 268 1034 ,http://rti.gov.lk/do-list/,
phone,pass,Published phone: 077 445 7417 ,http://rti.gov.lk/do-list/,
phone,pass,Published phone: 011 241 0770 ,http://rti.gov.lk/do-list/,
phone,pass,Published phone: 045-2226927 ,http://rti.gov.lk/do-list/,
phone,pass,Published phone: 021 224 1547 ,http://rti.gov.lk/do-list/,
phone,pass,Published phone: 045 226 1275 ,http://rti.gov.lk/do-list/,
phone,pass,Published phone: 063 225 0357 ,http://rti.gov.lk/do-list/,
phone,pass,Published phone: 066 228 9219 ,http://rti.gov.lk/do-list/,
phone,pass,Published phone: 0 011 247 218,http://rti.gov.lk/do-list/,
phone,pass,Published phone: 037 222 4976 ,http://rti.gov.lk/do-list/,
phone,pass,Published phone: 021-2220823 ,http://rti.gov.lk/do-list/,
phone,pass,Published phone: 045 223 2327 ,http://rti.gov.lk/do-list/,
phone,pass,Published phone: 021 205 0348 ,http://rti.gov.lk/do-list/,
phone,pass,Published phone: 077 378 2128 ,http://rti.gov.lk/do-list/,
phone,pass,Published phone: 08 -262 593 -44,http://rti.gov.lk/do-list/,
phone,pass,Published phone: 0120 011 288 ,http://rti.gov.lk/do-list/,
phone,pass,Published phone: 055-2226441 ,http://rti.gov.lk/do-list/,
phone,pass,Published phone: 07 011 216 65,http://rti.gov.lk/do-list/,
phone,pass,Published phone: 077 723 5566 ,http://rti.gov.lk/do-list/,
phone,pass,Published phone: 01 0208092 0,http://rti.gov.lk/do-list/,
phone,pass,Published phone: 071-4431820 ,http://rti.gov.lk/do-list/,
phone,pass,Published phone: 011 286 8441 ,http://rti.gov.lk/do-list/,
phone,pass,Published phone: 091 229 1982 ,http://rti.gov.lk/do-list/,
phone,pass,Published phone: 011 267 0642 ,http://rti.gov.lk/do-list/,
phone,pass,Published phone: 011 238 6856 ,http://rti.gov.lk/do-list/,
phone,pass,Published phone: 021 229 1017 ,http://rti.gov.lk/do-list/,
phone,pass,Published phone: 021 228 5781 ,http://rti.gov.lk/do-list/,
phone,pass,Published phone: 077-3739141 ,http://rti.gov.lk/do-list/,
phone,pass,Published phone: 051 222 2276 ,http://rti.gov.lk/do-list/,
phone,pass,Published phone: 07 011 269 52,http://rti.gov.lk/do-list/,
phone,pass,Published phone: 01 011 247 70,http://rti.gov.lk/do-list/,
phone,pass,Published phone: 071 806 5184 ,http://rti.gov.lk/do-list/,
phone,pass,Published phone: 0 017 288 421,http://rti.gov.lk/do-list/,
phone,pass,Published phone: 021 224 3688 ,http://rti.gov.lk/do-list/,
phone,pass,Published phone: 0 273 275 326 ,http://rti.gov.lk/do-list/,
phone,pass,Published phone: 091 227 5114 ,http://rti.gov.lk/do-list/,
phone,pass,Published phone: 066 205 3250 ,http://rti.gov.lk/do-list/,
phone,pass,Published phone: 011 88 2501 0,http://rti.gov.lk/do-list/,
phone,pass,Published phone: 021-2283774 ,http://rti.gov.lk/do-list/,
phone,pass,Published phone: 070 615 1191 ,http://rti.gov.lk/do-list/,
phone,pass,Published phone: 023 205 0321 ,http://rti.gov.lk/do-list/,
phone,pass,Published phone: 011 285 7785 ,http://rti.gov.lk/do-list/,
phone,pass,Published phone: 071 824 1168 ,http://rti.gov.lk/do-list/,
phone,pass,Published phone: 077 877 3833 ,http://rti.gov.lk/do-list/,
phone,pass,Published phone: 011 288 6581 ,http://rti.gov.lk/do-list/,
phone,pass,Published phone: 065 205 6992 ,http://rti.gov.lk/do-list/,
phone,pass,Published phone: 024 324 3544 ,http://rti.gov.lk/do-list/,
phone,pass,Published phone: 021-2216022 ,http://rti.gov.lk/do-list/,
phone,pass,Published phone: 026 222 1019 ,http://rti.gov.lk/do-list/,
phone,pass,Published phone: 037 493 7954 ,http://rti.gov.lk/do-list/,
phone,pass,Published phone: 081 249 9576 ,http://rti.gov.lk/do-list/,
phone,pass,Published phone: 011 269 4640 ,http://rti.gov.lk/do-list/,
phone,pass,Published phone: 026 223 4162 ,http://rti.gov.lk/do-list/,
phone,pass,Published phone: 071 321 2205 ,http://rti.gov.lk/do-list/,
phone,pass,Published phone: 041 227 3375 ,http://rti.gov.lk/do-list/,
phone,pass,Published phone: 011 209 2739 ,http://rti.gov.lk/do-list/,
phone,pass,Published phone: 011 218 7227 ,http://rti.gov.lk/do-list/,
phone,pass,Published phone: 081 312 4224 ,http://rti.gov.lk/do-list/,
phone,pass,Published phone: 071 816 8966 ,http://rti.gov.lk/do-list/,
phone,pass,Published phone: 011 267 6846 ,http://rti.gov.lk/do-list/,
phone,pass,Published phone: 045 228 6596 ,http://rti.gov.lk/do-list/,
phone,pass,Published phone: 011 258 6499 ,http://rti.gov.lk/do-list/,
phone,pass,Published phone: 05 011 258 80,http://rti.gov.lk/do-list/,
phone,pass,Published phone: 041 228 7880 ,http://rti.gov.lk/do-list/,
phone,pass,Published phone: 0 011 269 473,http://rti.gov.lk/do-list/,
phone,pass,Published phone: 011 318 3865 ,http://rti.gov.lk/do-list/,
phone,pass,Published phone: 0 011 234 564,http://rti.gov.lk/do-list/,
phone,pass,Published phone: 071-8600660 ,http://rti.gov.lk/do-list/,
phone,pass,Published phone: 011 269 3658 ,http://rti.gov.lk/do-list/,
phone,pass,Published phone: 011 258 8010 ,http://rti.gov.lk/do-list/,
phone,pass,Published phone: 033 222 2377 ,http://rti.gov.lk/do-list/,
phone,pass,Published phone: 0 011 466 946,http://rti.gov.lk/do-list/,
phone,pass,Published phone: 09 011 545 51,http://rti.gov.lk/do-list/,
phone,pass,Published phone: 071 569 7788 ,http://rti.gov.lk/do-list/,
phone,pass,Published phone: 071 238 1662 ,http://rti.gov.lk/do-list/,
phone,pass,Published phone: 071 440 2317 ,http://rti.gov.lk/do-list/,
phone,pass,Published phone: 067 205 4646 ,http://rti.gov.lk/do-list/,
phone,pass,Published phone: 071 710 4174 ,http://rti.gov.lk/do-list/,
phone,pass,Published phone: 011 204 4850 ,http://rti.gov.lk/do-list/,
phone,pass,Published phone: 011 209 2746 ,http://rti.gov.lk/do-list/,
phone,pass,Published phone: 045-2228414 ,http://rti.gov.lk/do-list/,
phone,pass,Published phone: 077 530 6854 ,http://rti.gov.lk/do-list/,
phone,pass,Published phone: 071 800 3184 ,http://rti.gov.lk/do-list/,
phone,pass,Published phone: 091 224 6622 ,http://rti.gov.lk/do-list/,
phone,pass,Published phone: 0 -190 -395 -379 -,http://rti.gov.lk/do-list/,
phone,pass,Published phone: 034 226 4168 ,http://rti.gov.lk/do-list/,
phone,pass,Published phone: 011 209 2757 ,http://rti.gov.lk/do-list/,
phone,pass,Published phone: 011 287 9063 ,http://rti.gov.lk/do-list/,
phone,pass,Published phone: 011 286 2198 ,http://rti.gov.lk/do-list/,
phone,pass,Published phone: 021-2220660 ,http://rti.gov.lk/do-list/,
phone,pass,Published phone: 084 153 49 29,http://rti.gov.lk/do-list/,
phone,pass,Published phone: 071-3320585 ,http://rti.gov.lk/do-list/,
phone,pass,Published phone: 081 240 2413 ,http://rti.gov.lk/do-list/,
phone,pass,Published phone: 021 225 5614 ,http://rti.gov.lk/do-list/,
phone,pass,Published phone: 077 375 2887 ,http://rti.gov.lk/do-list/,
phone,pass,Published phone: 071 825 1250 ,http://rti.gov.lk/do-list/,
phone,pass,Published phone: 077 417 4889 ,http://rti.gov.lk/do-list/,
phone,pass,Published phone: 071 439 7722 ,http://rti.gov.lk/do-list/,
phone,pass,Published phone: 071 855 5878 ,http://rti.gov.lk/do-list/,
phone,pass,Published phone: 011 288 9259 ,http://rti.gov.lk/do-list/,
phone,pass,Published phone: 07 011 258 72,http://rti.gov.lk/do-list/,
phone,pass,Published phone: 011 215 1425 ,http://rti.gov.lk/do-list/,
phone,pass,Published phone: 045 226 2276 ,http://rti.gov.lk/do-list/,
phone,pass,Published phone: 041 222 2338 ,http://rti.gov.lk/do-list/,
phone,pass,Published phone: 011 209 2730 ,http://rti.gov.lk/do-list/,
phone,pass,Published phone: 0 011 254 118,http://rti.gov.lk/do-list/,
phone,pass,Published phone: 076 449 4418 ,http://rti.gov.lk/do-list/,
phone,pass,Published phone: 077 742 6601 ,http://rti.gov.lk/do-list/,
phone,pass,Published phone: 011 269 3125 ,http://rti.gov.lk/do-list/,
phone,pass,Published phone: 011 218 2253 ,http://rti.gov.lk/do-list/,
phone,pass,Published phone: 07 011 267 70,http://rti.gov.lk/do-list/,
phone,pass,Published phone: 091 222 2498 ,http://rti.gov.lk/do-list/,
phone,pass,Published phone: 037 222 2538 ,http://rti.gov.lk/do-list/,
phone,pass,Published phone: 063 373 0991 ,http://rti.gov.lk/do-list/,
phone,pass,Published phone: 026-2227189 ,http://rti.gov.lk/do-list/,
phone,pass,Published phone: 037-2282758 ,http://rti.gov.lk/do-list/,
phone,pass,Published phone: 011 279 8790 ,http://rti.gov.lk/do-list/,
phone,pass,Published phone: 01 011-24211,http://rti.gov.lk/do-list/,
phone,pass,Published phone: 071 819 1805 ,http://rti.gov.lk/do-list/,
phone,pass,Published phone: 011 233 3988 ,http://rti.gov.lk/do-list/,
phone,pass,Published phone: 033 228 7277 ,http://rti.gov.lk/do-list/,
phone,pass,Published phone: 037 222 3721 ,http://rti.gov.lk/do-list/,
phone,pass,Published phone: 011 232 6774 ,http://rti.gov.lk/do-list/,
phone,pass,Published phone: 011 244 6174 ,http://rti.gov.lk/do-list/,
phone,pass,Published phone: 045 222 8097 ,http://rti.gov.lk/do-list/,
phone,pass,Published phone: 035 222 2467 ,http://rti.gov.lk/do-list/,
phone,pass,Published phone: 037 2220044 ,http://rti.gov.lk/do-list/,
phone,pass,Published phone: 045 222 8049 ,http://rti.gov.lk/do-list/,
phone,pass,Published phone: 0 011 238 915,http://rti.gov.lk/do-list/,
phone,pass,Published phone: 045 2231222 ,http://rti.gov.lk/do-list/,
phone,pass,Published phone: 026-2223870 ,http://rti.gov.lk/do-list/,
phone,pass,Published phone: 071 446 3888 ,http://rti.gov.lk/do-list/,
phone,pass,Published phone: 037 222 8018 ,http://rti.gov.lk/do-list/,
phone,pass,Published phone: 045-2223060 ,http://rti.gov.lk/do-list/,
phone,pass,Published phone: 032-2265321 ,http://rti.gov.lk/do-list/,
phone,pass,Published phone: 036 224 7911 ,http://rti.gov.lk/do-list/,
phone,pass,Published phone: 071-4455337 ,http://rti.gov.lk/do-list/,
phone,pass,Published phone: 076 973 0167 ,http://rti.gov.lk/do-list/,
phone,pass,Published phone: 071 773 6655 ,http://rti.gov.lk/do-list/,
phone,pass,Published phone: 037-2228039 ,http://rti.gov.lk/do-list/,
phone,pass,Published phone: 041 222 2648 ,http://rti.gov.lk/do-list/,
phone,pass,Published phone: 021 2212653 ,http://rti.gov.lk/do-list/,
phone,pass,Published phone: 0 76 -36 113 -56,http://rti.gov.lk/do-list/,
phone,pass,Published phone: 02 011 775 54,http://rti.gov.lk/do-list/,
phone,pass,Published phone: 011 278 6394 ,http://rti.gov.lk/do-list/,
phone,pass,Published phone: 00 -5 -401 -72 -25,http://rti.gov.lk/do-list/,
phone,pass,Published phone: 011 248 4637 ,http://rti.gov.lk/do-list/,
phone,pass,Published phone: 077 305 0535 ,http://rti.gov.lk/do-list/,
phone,pass,Published phone: 045-2223298 ,http://rti.gov.lk/do-list/,
phone,pass,Published phone: 0 011 267 581,http://rti.gov.lk/do-list/,
phone,pass,Published phone: 037-2225210 ,http://rti.gov.lk/do-list/,
phone,pass,Published phone: 0 128 143 306 ,http://rti.gov.lk/do-list/,
phone,pass,Published phone: 011 269 8653 ,http://rti.gov.lk/do-list/,
phone,pass,Published phone: 071 449 1188 ,http://rti.gov.lk/do-list/,
phone,pass,Published phone: 081-2387395 ,http://rti.gov.lk/do-list/,
phone,pass,Published phone: 091 494 4225 ,http://rti.gov.lk/do-list/,
phone,pass,Published phone: 021 206 0032 ,http://rti.gov.lk/do-list/,
phone,pass,Published phone: 041 224 0208 ,http://rti.gov.lk/do-list/,
phone,pass,Published phone: 026 223 6170 ,http://rti.gov.lk/do-list/,
phone,pass,Published phone: 071 649 0030 ,http://rti.gov.lk/do-list/,
phone,pass,Published phone: 045 392 1455 ,http://rti.gov.lk/do-list/,
phone,pass,Published phone: 02 011 232 30,http://rti.gov.lk/do-list/,
phone,pass,Published phone: 011 287 8783 ,http://rti.gov.lk/do-list/,
phone,pass,Published phone: 024-2222892 ,http://rti.gov.lk/do-list/,
phone,pass,Published phone: 071 034 4222 ,http://rti.gov.lk/do-list/,
phone,pass,Published phone: 034 226 1163 ,http://rti.gov.lk/do-list/,
phone,pass,Published phone: 052 225 9573 ,http://rti.gov.lk/do-list/,
phone,pass,Published phone: 021 221 1506 ,http://rti.gov.lk/do-list/,
phone,pass,Published phone: 024 222 1427 ,http://rti.gov.lk/do-list/,
phone,pass,Published phone: 024 567 9210 ,http://rti.gov.lk/do-list/,
phone,pass,Published phone: 065 224 0035 ,http://rti.gov.lk/do-list/,
phone,pass,Published phone: 071 419 8389 ,http://rti.gov.lk/do-list/,
phone,pass,Published phone: 070 255 5586 ,http://rti.gov.lk/do-list/,
phone,pass,Published phone: 011 268 9772 ,http://rti.gov.lk/do-list/,
phone,pass,Published phone: 011 232 8367 ,http://rti.gov.lk/do-list/,
phone,pass,Published phone: 081-2388203 ,http://rti.gov.lk/do-list/,
phone,pass,Published phone: 011 239 6181 ,http://rti.gov.lk/do-list/,
phone,pass,Published phone: 081 235 2203 ,http://rti.gov.lk/do-list/,
phone,pass,Published phone: 011 277 8610 ,http://rti.gov.lk/do-list/,
phone,pass,Published phone: 071 861 3770 ,http://rti.gov.lk/do-list/,
phone,pass,Published phone: 081 238 4032 ,http://rti.gov.lk/do-list/,
phone,pass,Published phone: 03 011 250 89,http://rti.gov.lk/do-list/,
phone,pass,Published phone: 05 011 250 34,http://rti.gov.lk/do-list/,
phone,pass,Published phone: 024 205 0067 ,http://rti.gov.lk/do-list/,
phone,pass,Published phone: 011 269 2840 ,http://rti.gov.lk/do-list/,
phone,pass,Published phone: 071 878 6488 ,http://rti.gov.lk/do-list/,
phone,pass,Published phone: 023-2051489 ,http://rti.gov.lk/do-list/,
phone,pass,Published phone: 071 820 8877 ,http://rti.gov.lk/do-list/,
phone,pass,Published phone: 021 228 3476 ,http://rti.gov.lk/do-list/,
phone,pass,Published phone: 035 222 1406 ,http://rti.gov.lk/do-list/,
phone,pass,Published phone: 067 227 8600 ,http://rti.gov.lk/do-list/,
phone,pass,Published phone: 011 218 7133 ,http://rti.gov.lk/do-list/,
phone,pass,Published phone: 025 226 4276 ,http://rti.gov.lk/do-list/,
phone,pass,Published phone: 01 0208162 1,http://rti.gov.lk/do-list/,
phone,pass,Published phone: 037-2225236 ,http://rti.gov.lk/do-list/,
phone,pass,Published phone: 026 222 0379 ,http://rti.gov.lk/do-list/,
phone,pass,Published phone: 07 011 269 40,http://rti.gov.lk/do-list/,
phone,pass,Published phone: 01 0179302 3,http://rti.gov.lk/do-list/,
phone,pass,Published phone: 077 386 9820 ,http://rti.gov.lk/do-list/,
phone,pass,Published phone: 021 228 5867 ,http://rti.gov.lk/do-list/,
phone,pass,Published phone: 011 286 3786 ,http://rti.gov.lk/do-list/,
phone,pass,Published phone: 021 222 2334 ,http://rti.gov.lk/do-list/,
phone,pass,Published phone: 055 222 6349 ,http://rti.gov.lk/do-list/,
phone,pass,Published phone: 037-2223442 ,http://rti.gov.lk/do-list/,
phone,pass,Published phone: 021-2220882 ,http://rti.gov.lk/do-list/,
phone,pass,Published phone: 07 011 287 93,http://rti.gov.lk/do-list/,
phone,pass,Published phone: 076 690 4905 ,http://rti.gov.lk/do-list/,
phone,pass,Published phone: 077-8797881 ,http://rti.gov.lk/do-list/,
phone,pass,Published phone: 055 493 4502 ,http://rti.gov.lk/do-list/,
phone,pass,Published phone: 011 225 3985 ,http://rti.gov.lk/do-list/,
phone,pass,Published phone: 071 652 7828 ,http://rti.gov.lk/do-list/,
phone,pass,Published phone: 021 226 3249 ,http://rti.gov.lk/do-list/,
phone,pass,Published phone: 081 235 0074 ,http://rti.gov.lk/do-list/,
phone,pass,Published phone: 071-6865311 ,http://rti.gov.lk/do-list/,
phone,pass,Published phone: 037 227 3135 ,http://rti.gov.lk/do-list/,
phone,pass,Published phone: 081 238 6484 ,http://rti.gov.lk/do-list/,
phone,pass,Published phone: 011 286 2712 ,http://rti.gov.lk/do-list/,
phone,pass,Published phone: 026-2222703 ,http://rti.gov.lk/do-list/,
phone,pass,Published phone: 011 466 9429 ,http://rti.gov.lk/do-list/,
phone,pass,Published phone: 070 665 0126 ,http://rti.gov.lk/do-list/,
phone,pass,Published phone: 077 576 9976 ,http://rti.gov.lk/do-list/,
phone,pass,Published phone: 0 011 277 722,http://rti.gov.lk/do-list/,
phone,pass,Published phone: 01 011 232 89,http://rti.gov.lk/do-list/,
phone,pass,Published phone: 081 238 8738 ,http://rti.gov.lk/do-list/,
phone,pass,Published phone: 071 966 5500 ,http://rti.gov.lk/do-list/,
phone,pass,Published phone: 0 011 244 913,http://rti.gov.lk/do-list/,
phone,pass,Published phone: 067 222 1922 ,http://rti.gov.lk/do-list/,
phone,pass,Published phone: 077 284 8807 ,http://rti.gov.lk/do-list/,
phone,pass,Published phone: 011 348 4863 ,http://rti.gov.lk/do-list/,
phone,pass,Published phone: 037-2225545 ,http://rti.gov.lk/do-list/,
phone,pass,Published phone: 011 269 4308 ,http://rti.gov.lk/do-list/,
phone,pass,Published phone: 011 214 4795 ,http://rti.gov.lk/do-list/,
phone,pass,Published phone: 055 223 1670 ,http://rti.gov.lk/do-list/,
phone,pass,Published phone: 071 744 7065 ,http://rti.gov.lk/do-list/,
phone,pass,Published phone: 011 216 6555 ,http://rti.gov.lk/do-list/,
phone,pass,Published phone: 091 229 1981 ,http://rti.gov.lk/do-list/,
phone,pass,Published phone: 077 752 7080 ,http://rti.gov.lk/do-list/,
phone,pass,Published phone: 077 800 3930 ,http://rti.gov.lk/do-list/,
phone,pass,Published phone: 055 222 2363 ,http://rti.gov.lk/do-list/,
phone,pass,Published phone: 011 250 5890 ,http://rti.gov.lk/do-list/,
phone,pass,Published phone: 025 222 4447 ,http://rti.gov.lk/do-list/,
phone,pass,Published phone: 021 222 1506 ,http://rti.gov.lk/do-list/,
phone,pass,Published phone: 011 268 9704 ,http://rti.gov.lk/do-list/,
phone,pass,Published phone: 032 226 5275 ,http://rti.gov.lk/do-list/,
phone,pass,Published phone: 0 -13 -295 52 -53 ,http://rti.gov.lk/do-list/,
phone,pass,Published phone: 021-2215706 ,http://rti.gov.lk/do-list/,
phone,pass,Published phone: 037-2222326 ,http://rti.gov.lk/do-list/,
phone,pass,Published phone: 045-2222356 ,http://rti.gov.lk/do-list/,
phone,pass,Published phone: 011 267 2706 ,http://rti.gov.lk/do-list/,
phone,pass,Published phone: 026-2220074 ,http://rti.gov.lk/do-list/,
phone,pass,Published phone: 091 228 5373 ,http://rti.gov.lk/do-list/,
phone,pass,Published phone: 033 222 2807 ,http://rti.gov.lk/do-list/,
phone,pass,Published phone: 034 222 4084 ,http://rti.gov.lk/do-list/,
phone,pass,Published phone: 071 033 5230 ,http://rti.gov.lk/do-list/,
phone,pass,Published phone: 011 267 6744 ,http://rti.gov.lk/do-list/,
phone,pass,Published phone: 011 244 9170 ,http://rti.gov.lk/do-list/,
phone,pass,Published phone: 071 854 2691 ,http://rti.gov.lk/do-list/,
phone,pass,Published phone: 041 228 3276 ,http://rti.gov.lk/do-list/,
phone,pass,Published phone: 077-2072838 ,http://rti.gov.lk/do-list/,
phone,pass,Published phone: 075-5005858 ,http://rti.gov.lk/do-list/,
phone,pass,Published phone: 041 228 3277 ,http://rti.gov.lk/do-list/,
phone,pass,Published phone: 091 223 5950 ,http://rti.gov.lk/do-list/,
phone,pass,Published phone: 026-2220379 ,http://rti.gov.lk/do-list/,
phone,pass,Published phone: 041 225 3930 ,http://rti.gov.lk/do-list/,
phone,pass,Published phone: 047 223 7701 ,http://rti.gov.lk/do-list/,
phone,pass,Published phone: 011 218 2252 ,http://rti.gov.lk/do-list/,
phone,pass,Published phone: 011 247 0009 ,http://rti.gov.lk/do-list/,
phone,pass,Published phone: 01 0253672 6,http://rti.gov.lk/do-list/,
phone,pass,Published phone: 063 205 1899 ,http://rti.gov.lk/do-list/,
phone,pass,Published phone: 071 800 9613 ,http://rti.gov.lk/do-list/,
phone,pass,Published phone: 07 071 689 52,http://rti.gov.lk/do-list/,
phone,pass,Published phone: 037 222 8039,http://rti.gov.lk/do-list/,
phone,pass,Published phone: 01 0223242 2,http://rti.gov.lk/do-list/,
phone,pass,Published phone: 081 238 8651 ,http://rti.gov.lk/do-list/,
phone,pass,Published phone: 00 011 260 62,http://rti.gov.lk/do-list/,
phone,pass,Published phone: 077 313 0027 ,http://rti.gov.lk/do-list/,
phone,pass,Published phone: 071 685 7417 ,http://rti.gov.lk/do-list/,
phone,pass,Published phone: 021 226 3276 ,http://rti.gov.lk/do-list/,
phone,pass,Published phone: 011 275 7508 ,http://rti.gov.lk/do-list/,
phone,pass,Published phone: 01 011 232 97,http://rti.gov.lk/do-list/,
phone,pass,Published phone: 011 278 6497 ,http://rti.gov.lk/do-list/,
phone,pass,Published phone: 01 011 247 75,http://rti.gov.lk/do-list/,
phone,pass,Published phone: 026-2228881 ,http://rti.gov.lk/do-list/,
phone,pass,Published phone: 077 726 4240 ,http://rti.gov.lk/do-list/,
phone,pass,Published phone: 071 690 4383 ,http://rti.gov.lk/do-list/,
phone,pass,Published phone: 011 209 2705 ,http://rti.gov.lk/do-list/,
phone,pass,Published phone: 035 222 2275 ,http://rti.gov.lk/do-list/,
phone,pass,Published phone: 0 -86 209 -89 21,http://rti.gov.lk/do-list/,
phone,pass,Published phone: 021-2220661 ,http://rti.gov.lk/do-list/,
phone,pass,Published phone: 05 011 251 36,http://rti.gov.lk/do-list/,
phone,pass,Published phone: 091 227 7396 ,http://rti.gov.lk/do-list/,
phone,pass,Published phone: 070 274 9873 ,http://rti.gov.lk/do-list/,
phone,pass,Published phone: 011 268 9741 ,http://rti.gov.lk/do-list/,
phone,pass,Published phone: 024-2222352 ,http://rti.gov.lk/do-list/,
phone,pass,Published phone: 071 344 3860 ,http://rti.gov.lk/do-list/,
phone,pass,Published phone: 00 0 39 -1 41 -12,http://rti.gov.lk/do-list/,
phone,pass,Published phone: 011 388 8805 ,http://rti.gov.lk/do-list/,
phone,pass,Published phone: 041 225 4287 ,http://rti.gov.lk/do-list/,
phone,pass,Published phone: 011 286 2795 ,http://rti.gov.lk/do-list/,
phone,pass,Published phone: 01 0222192 1,http://rti.gov.lk/do-list/,
phone,pass,Published phone: 081 249 1477 ,http://rti.gov.lk/do-list/,
phone,pass,Published phone: 011-2674659 ,http://rti.gov.lk/do-list/,
phone,pass,Published phone: 077 335 9734 ,http://rti.gov.lk/do-list/,
phone,pass,Published phone: 01 0223522 5,http://rti.gov.lk/do-list/,
phone,pass,Published phone: 037-2259651 ,http://rti.gov.lk/do-list/,
phone,pass,Published phone: 037 222 2274 ,http://rti.gov.lk/do-list/,
phone,pass,Published phone: 071 692 7855 ,http://rti.gov.lk/do-list/,
phone,pass,Published phone: 011 482 4824 ,http://rti.gov.lk/do-list/,
phone,pass,Published phone: 071 532 0029 ,http://rti.gov.lk/do-list/,
phone,pass,Published phone: 011 278 6495 ,http://rti.gov.lk/do-list/,
phone,pass,Published phone: 011 233 3067 ,http://rti.gov.lk/do-list/,
phone,pass,Published phone: 071 534 4129 ,http://rti.gov.lk/do-list/,
phone,pass,Published phone: 071 841 1806 ,http://rti.gov.lk/do-list/,
phone,pass,Published phone: 037 228 6577 ,http://rti.gov.lk/do-list/,
phone,pass,Published phone: 011 281 9064 ,http://rti.gov.lk/do-list/,
phone,pass,Published phone: 011 286 5824 ,http://rti.gov.lk/do-list/,
phone,pass,Published phone: 03 011 238 58,http://rti.gov.lk/do-list/,
phone,pass,Published phone: 034 223 7011 ,http://rti.gov.lk/do-list/,
phone,pass,Published phone: 037-2231381 ,http://rti.gov.lk/do-list/,
phone,pass,Published phone: 07 011 268 70,http://rti.gov.lk/do-list/,
phone,pass,Published phone: 070 3379974 ,http://rti.gov.lk/do-list/,
phone,pass,Published phone: 02 011 243 00,http://rti.gov.lk/do-list/,
phone,pass,Published phone: 045-2222298 ,http://rti.gov.lk/do-list/,
phone,pass,Published phone: 011 284 1937 ,http://rti.gov.lk/do-list/,
phone,pass,Published phone: 011 271 0196 ,http://rti.gov.lk/do-list/,
phone,pass,Published phone: 0 011 255 470,http://rti.gov.lk/do-list/,
phone,pass,Published phone: 011 236 8718 ,http://rti.gov.lk/do-list/,
phone,pass,Published phone: 037-2281246 ,http://rti.gov.lk/do-list/,
phone,pass,Published phone: 063 225 0355 ,http://rti.gov.lk/do-list/,
phone,pass,Published phone: 037 225 2075 ,http://rti.gov.lk/do-list/,
phone,pass,Published phone: 011 466 9463 ,http://rti.gov.lk/do-list/,
phone,pass,Published phone: 071 277 1960 ,http://rti.gov.lk/do-list/,
phone,pass,Published phone: 026 224 6055 ,http://rti.gov.lk/do-list/,
phone,pass,Published phone: 011 277 7100 ,http://rti.gov.lk/do-list/,
phone,pass,Published phone: 071 800 4213 ,http://rti.gov.lk/do-list/,
phone,pass,Published phone: 035-2222467 ,http://rti.gov.lk/do-list/,
phone,pass,Published phone: 066 224 7453 ,http://rti.gov.lk/do-list/,
phone,pass,Published phone: 077 220 1770 ,http://rti.gov.lk/do-list/,
phone,pass,Published phone: 011 232 4873 ,http://rti.gov.lk/do-list/,
phone,pass,Published phone: 011 233 3545 ,http://rti.gov.lk/do-list/,
phone,pass,Published phone: 011 207 4250 ,http://rti.gov.lk/do-list/,
phone,pass,Published phone: 021-2220818 ,http://rti.gov.lk/do-list/,
phone,pass,Published phone: 037 222 8758 ,http://rti.gov.lk/do-list/,
phone,pass,Published phone: 045-2226374 ,http://rti.gov.lk/do-list/,
phone,pass,Published phone: 035-2232295 ,http://rti.gov.lk/do-list/,
phone,pass,Published phone: 021-2217303 ,http://rti.gov.lk/do-list/,
phone,pass,Published phone: 081 242 5394 ,http://rti.gov.lk/do-list/,
phone,pass,Published phone: 011 286 4110 ,http://rti.gov.lk/do-list/,
phone,pass,Published phone: 08 011 269 51,http://rti.gov.lk/do-list/,
phone,pass,Published phone: 077 777 4424 ,http://rti.gov.lk/do-list/,
phone,pass,Published phone: 011 257 4752 ,http://rti.gov.lk/do-list/,
phone,pass,Published phone: 045-2223052 ,http://rti.gov.lk/do-list/,
phone,pass,Published phone: 091 223 4980 ,http://rti.gov.lk/do-list/,
phone,pass,Published phone: 045 493 0830 ,http://rti.gov.lk/do-list/,
phone,pass,Published phone: 071 813 5277 ,http://rti.gov.lk/do-list/,
phone,pass,Published phone: 071 448 4102 ,http://rti.gov.lk/do-list/,
phone,pass,Published phone: 023 222 2275 ,http://rti.gov.lk/do-list/,
phone,pass,Published phone: 025 205 5456 ,http://rti.gov.lk/do-list/,
phone,pass,Published phone: 045 222 3052 ,http://rti.gov.lk/do-list/,
phone,pass,Published phone: 071 805 5979 ,http://rti.gov.lk/do-list/,
phone,pass,Published phone: 077 739 2204 ,http://rti.gov.lk/do-list/,
phone,pass,Published phone: 081 238 8238 ,http://rti.gov.lk/do-list/,
phone,pass,Published phone: 011 285 0470 ,http://rti.gov.lk/do-list/,
phone,pass,Published phone: 09 0514882 8,http://rti.gov.lk/do-list/,
phone,pass,Published phone: 091 438 4715 ,http://rti.gov.lk/do-list/,
phone,pass,Published phone: 071 494 0117 ,http://rti.gov.lk/do-list/,
phone,pass,Published phone: 021 228 5690 ,http://rti.gov.lk/do-list/,
phone,pass,Published phone: 034 228 3175 ,http://rti.gov.lk/do-list/,
phone,pass,Published phone: 041 228 6275 ,http://rti.gov.lk/do-list/,
phone,pass,Published phone: 011 258 5526 ,http://rti.gov.lk/do-list/,
phone,pass,Published phone: 037-2234566 ,http://rti.gov.lk/do-list/,
phone,pass,Published phone: 081 238 8157 ,http://rti.gov.lk/do-list/,
phone,pass,Published phone: 091 222 2437 ,http://rti.gov.lk/do-list/,
phone,pass,Published phone: 0 011 244 919,http://rti.gov.lk/do-list/,
phone,pass,Published phone: 05 011 235 21,http://rti.gov.lk/do-list/,
phone,pass,Published phone: 091 223 4574 ,http://rti.gov.lk/do-list/,
phone,pass,Published phone: 011 258 5425 ,http://rti.gov.lk/do-list/,
phone,pass,Published phone: 07 011 432 07,http://rti.gov.lk/do-list/,
phone,pass,Published phone: 011 286 2506 ,http://rti.gov.lk/do-list/,
phone,pass,Published phone: 041 222 5685 ,http://rti.gov.lk/do-list/,
phone,pass,Published phone: 0 011 248 488,http://rti.gov.lk/do-list/,
phone,pass,Published phone: 024-2222357 ,http://rti.gov.lk/do-list/,
phone,pass,Published phone: 011 277 7463 ,http://rti.gov.lk/do-list/,
phone,pass,Published phone: 037 225 3081 ,http://rti.gov.lk/do-list/,
phone,pass,Published phone: 038 223 2275 ,http://rti.gov.lk/do-list/,
phone,pass,Published phone: 045-2224049 ,http://rti.gov.lk/do-list/,
phone,pass,Published phone: 081 235 2275 ,http://rti.gov.lk/do-list/,
phone,pass,Published phone: 024 222 2275 ,http://rti.gov.lk/do-list/,
phone,pass,Published phone: 071 930 0300 ,http://rti.gov.lk/do-list/,
phone,pass,Published phone: 011 277 8913 ,http://rti.gov.lk/do-list/,
phone,pass,Published phone: 077 512 8928 ,http://rti.gov.lk/do-list/,
phone,pass,Published phone: 077-3048417 ,http://rti.gov.lk/do-list/,
phone,pass,Published phone: 066 228 4400 ,http://rti.gov.lk/do-list/,
phone,pass,Published phone: 011 208 9232 ,http://rti.gov.lk/do-list/,
phone,pass,Published phone: 071 820 2223 ,http://rti.gov.lk/do-list/,
phone,pass,Published phone: 091 229 1275 ,http://rti.gov.lk/do-list/,
phone,pass,Published phone: 011 287 8052 ,http://rti.gov.lk/do-list/,
phone,pass,Published phone: 055 222 2055 ,http://rti.gov.lk/do-list/,
phone,pass,Published phone: 011 218 6276 ,http://rti.gov.lk/do-list/,
phone,pass,Published phone: 077 785 8345 ,http://rti.gov.lk/do-list/,
phone,pass,Published phone: 071 682 1879 ,http://rti.gov.lk/do-list/,
phone,pass,Published phone: 076 082 9712 ,http://rti.gov.lk/do-list/,
phone,pass,Published phone: 037-2223195 ,http://rti.gov.lk/do-list/,
phone,pass,Published phone: 077-5901530 ,http://rti.gov.lk/do-list/,
phone,pass,Published phone: 037 494 7844 ,http://rti.gov.lk/do-list/,
phone,pass,Published phone: 07 011 269 68,http://rti.gov.lk/do-list/,
phone,pass,Published phone: 07 011 258 81,http://rti.gov.lk/do-list/,
phone,pass,Published phone: 036 227 0237 ,http://rti.gov.lk/do-list/,
phone,pass,Published phone: 037-2284137 ,http://rti.gov.lk/do-list/,
phone,pass,Published phone: 070-2461378 ,http://rti.gov.lk/do-list/,
phone,pass,Published phone: 011 269 1495 ,http://rti.gov.lk/do-list/,
phone,pass,Published phone: 045-2222175 ,http://rti.gov.lk/do-list/,
phone,pass,Published phone: 011 288 3355 ,http://rti.gov.lk/do-list/,
phone,pass,Published phone: 011 268 7154 ,http://rti.gov.lk/do-list/,
phone,pass,Published phone: 077 222 9007 ,http://rti.gov.lk/do-list/,
phone,pass,Published phone: 011 269 6250 ,http://rti.gov.lk/do-list/,
phone,pass,Published phone: 011 253 2044 ,http://rti.gov.lk/do-list/,
phone,pass,Published phone: 063 222 3007 ,http://rti.gov.lk/do-list/,
phone,pass,Published phone: 077 040 2551 ,http://rti.gov.lk/do-list/,
phone,pass,Published phone: 0112 695 822 ,http://rti.gov.lk/do-list/,
phone,pass,Published phone: 037-2233131 ,http://rti.gov.lk/do-list/,
phone,pass,Published phone: 037 222 4970 ,http://rti.gov.lk/do-list/,
phone,pass,Published phone: 074 353 7381 ,http://rti.gov.lk/do-list/,
phone,pass,Published phone: 071 859 2022 ,http://rti.gov.lk/do-list/,
phone,pass,Published phone: 037-2221686 ,http://rti.gov.lk/do-list/,
phone,pass,Published phone: 011 288 5970 ,http://rti.gov.lk/do-list/,
phone,pass,Published phone: 05 011 258 89,http://rti.gov.lk/do-list/,
phone,pass,Published phone: 0 126 -108 162 -,http://rti.gov.lk/do-list/,
phone,pass,Published phone: 077 721 1154 ,http://rti.gov.lk/do-list/,
phone,pass,Published phone: 011 244 1044 ,http://rti.gov.lk/do-list/,
phone,pass,Published phone: 011 218 7045 ,http://rti.gov.lk/do-list/,
phone,pass,Published phone: 0 011 207 727,http://rti.gov.lk/do-list/,
phone,pass,Published phone: 08 0173032 0,http://rti.gov.lk/do-list/,
phone,pass,Published phone: 032 225 4276 ,http://rti.gov.lk/do-list/,
phone,pass,Published phone: 011 258 0131 ,http://rti.gov.lk/do-list/,
phone,pass,Published phone: 011 247 8872 ,http://rti.gov.lk/do-list/,
phone,pass,Published phone: 091-4119011 ,http://rti.gov.lk/do-list/,
phone,pass,Published phone: 077-1802970 ,http://rti.gov.lk/do-list/,
phone,pass,Published phone: 077 359 6401 ,http://rti.gov.lk/do-list/,
phone,pass,Published phone: 041 224 5275 ,http://rti.gov.lk/do-list/,
phone,pass,Published phone: 011 210 1551 ,http://rti.gov.lk/do-list/,
phone,pass,Published phone: 024 205 3014 ,http://rti.gov.lk/do-list/,
phone,pass,Published phone: 071 275 5474 ,http://rti.gov.lk/do-list/,
phone,pass,Published phone: 026-2221495 ,http://rti.gov.lk/do-list/,
phone,pass,Published phone: 077 367 0480 ,http://rti.gov.lk/do-list/,
phone,pass,Published phone: 045-2222055 ,http://rti.gov.lk/do-list/,
phone,pass,Published phone: 036 222 2275 ,http://rti.gov.lk/do-list/,
phone,pass,Published phone: 091 228 3302 ,http://rti.gov.lk/do-list/,
phone,pass,Published phone: 047 567 9560 ,http://rti.gov.lk/do-list/,
phone,pass,Published phone: 071 476 4731 ,http://rti.gov.lk/do-list/,
phone,pass,Published phone: 01 0857262 2,http://rti.gov.lk/do-list/,
phone,pass,Published phone: 07 011 266 20,http://rti.gov.lk/do-list/,
phone,pass,Published phone: 011 288 5850 ,http://rti.gov.lk/do-list/,
phone,pass,Published phone: 045-2222792 ,http://rti.gov.lk/do-list/,
phone,pass,Published phone: 011 218 6016 ,http://rti.gov.lk/do-list/,
phone,pass,Published phone: 032 226 8002 ,http://rti.gov.lk/do-list/,
phone,pass,Published phone: 091 223 2343 ,http://rti.gov.lk/do-list/,
phone,pass,Published phone: 055 222 4781 ,http://rti.gov.lk/do-list/,
phone,pass,Published phone: 0 -241 119 -326 ,http://rti.gov.lk/do-list/,
phone,pass,Published phone: 077 330 1277 ,http://rti.gov.lk/do-list/,
phone,pass,Published phone: 071 473 4302 ,http://rti.gov.lk/do-list/,
phone,pass,Published phone: 04 19 -94 39 -18,http://rti.gov.lk/do-list/,
phone,pass,Published phone: 025 205 1765 ,http://rti.gov.lk/do-list/,
phone,pass,Published phone: 026-2222012 ,http://rti.gov.lk/do-list/,
phone,pass,Published phone: 021 226 0233 ,http://rti.gov.lk/do-list/,
phone,pass,Published phone: 011 233 3426 ,http://rti.gov.lk/do-list/,
phone,pass,Published phone: 076 591 2380 ,http://rti.gov.lk/do-list/,
phone,pass,Published phone: 081 237 5624 ,http://rti.gov.lk/do-list/,
phone,pass,Published phone: 074 020 1502 ,http://rti.gov.lk/do-list/,
phone,pass,Published phone: 091 223 1115 ,http://rti.gov.lk/do-list/,
phone,pass,Published phone: 07 011-20337,http://rti.gov.lk/do-list/,
phone,pass,Published phone: 011 286 7369 ,http://rti.gov.lk/do-list/,
phone,pass,Published phone: 077 341 9498 ,http://rti.gov.lk/do-list/,
phone,pass,Published phone: 077-3068908 ,http://rti.gov.lk/do-list/,
phone,pass,Published phone: 021 224 3271 ,http://rti.gov.lk/do-list/,
phone,pass,Published phone: 021 228 3475 ,http://rti.gov.lk/do-list/,
phone,pass,Published phone: 077 400 0545 ,http://rti.gov.lk/do-list/,
phone,pass,Published phone: 071 632 8659 ,http://rti.gov.lk/do-list/,
phone,pass,Published phone: 052 225 8275 ,http://rti.gov.lk/do-list/,
phone,pass,Published phone: 071 466 8264 ,http://rti.gov.lk/do-list/,
phone,pass,Published phone: 045 226 0275 ,http://rti.gov.lk/do-list/,
phone,pass,Published phone: 011 239 4908 ,http://rti.gov.lk/do-list/,
phone,pass,Published phone: 0 011 266 996,http://rti.gov.lk/do-list/,
phone,pass,Published phone: 026 223 6233 ,http://rti.gov.lk/do-list/,
phone,pass,Published phone: 021 206 0012 ,http://rti.gov.lk/do-list/,
phone,pass,Published phone: 011 288 9002 ,http://rti.gov.lk/do-list/,
phone,pass,Published phone: 09 011 267 00,http://rti.gov.lk/do-list/,
phone,pass,Published phone: 077 148 9754 ,http://rti.gov.lk/do-list/,
phone,pass,Published phone: 011 257 2271 ,http://rti.gov.lk/do-list/,
phone,pass,Published phone: 03 011 255 36,http://rti.gov.lk/do-list/,
phone,pass,Published phone: 045-2222145 ,http://rti.gov.lk/do-list/,
phone,pass,Published phone: 077 859 6823 ,http://rti.gov.lk/do-list/,
phone,pass,Published phone: 011-2176801 ,http://rti.gov.lk/do-list/,
phone,pass,Published phone: 024 324 8346 ,http://rti.gov.lk/do-list/,
phone,pass,Published phone: 011 288 7466 ,http://rti.gov.lk/do-list/,
phone,pass,Published phone: 081 570 5238 ,http://rti.gov.lk/do-list/,
phone,pass,Published phone: 011 269 2092 ,http://rti.gov.lk/do-list/,
phone,pass,Published phone: 0 011 266 917,http://rti.gov.lk/do-list/,
phone,pass,Published phone: 081 240 4175 ,http://rti.gov.lk/do-list/,
phone,pass,Published phone: 055 225 7275 ,http://rti.gov.lk/do-list/,
phone,pass,Published phone: 077 731 3751 ,http://rti.gov.lk/do-list/,
phone,pass,Published phone: 045 222 3082 ,http://rti.gov.lk/do-list/,
phone,pass,Published phone: 07 011 268 42,http://rti.gov.lk/do-list/,
phone,pass,Published phone: 077 303 6518 ,http://rti.gov.lk/do-list/,
phone,pass,Published phone: 01 011 232 92,http://rti.gov.lk/do-list/,
phone,pass,Published phone: 011 209 2753 ,http://rti.gov.lk/do-list/,
phone,pass,Published phone: 0 077 739 598,http://rti.gov.lk/do-list/,
phone,pass,Published phone: 026-2222520 ,http://rti.gov.lk/do-list/,
phone,pass,Published phone: 071-8211271 ,http://rti.gov.lk/do-list/,
phone,pass,Published phone: 011 217 7215 ,http://rti.gov.lk/do-list/,
phone,pass,Published phone: 0 -98 131 -148 1,http://rti.gov.lk/do-list/,
phone,pass,Published phone: 047 222 5279 ,http://rti.gov.lk/do-list/,
phone,pass,Published phone: 091 222 8811 ,http://rti.gov.lk/do-list/,
phone,pass,Published phone: 047 226 1674 ,http://rti.gov.lk/do-list/,
phone,pass,Published phone: 055 222 9626 ,http://rti.gov.lk/do-list/,
phone,pass,Published phone: 081 247 5850 ,http://rti.gov.lk/do-list/,
phone,pass,Published phone: 077 655 6949 ,http://rti.gov.lk/do-list/,
phone,pass,Published phone: 047 224 0475 ,http://rti.gov.lk/do-list/,
phone,pass,Published phone: 045 227 4375 ,http://rti.gov.lk/do-list/,
phone,pass,Published phone: 05 011 210 48,http://rti.gov.lk/do-list/,
phone,pass,Published phone: 071 245 3771 ,http://rti.gov.lk/do-list/,
phone,pass,Published phone: 011 466 9475 ,http://rti.gov.lk/do-list/,
phone,pass,Published phone: 045-2222793 ,http://rti.gov.lk/do-list/,
phone,pass,Published phone: 021 226 5291 ,http://rti.gov.lk/do-list/,
phone,pass,Published phone: 011 278 5013 ,http://rti.gov.lk/do-list/,
phone,pass,Published phone: 075 058 8145 ,http://rti.gov.lk/do-list/,
phone,pass,Published phone: 027 205 7051 ,http://rti.gov.lk/do-list/,
phone,pass,Published phone: 041 228 3275 ,http://rti.gov.lk/do-list/,
phone,pass,Published phone: 057 226 8275 ,http://rti.gov.lk/do-list/,
phone,pass,Published phone: 0 30 -99 39 -137 ,http://rti.gov.lk/do-list/,
phone,pass,Published phone: 071-4412907 ,http://rti.gov.lk/do-list/,
phone,pass,Published phone: 011 288 9491 ,http://rti.gov.lk/do-list/,
phone,pass,Published phone: 024-2222264 ,http://rti.gov.lk/do-list/,
phone,pass,Published phone: 011 269 7936 ,http://rti.gov.lk/do-list/,
phone,pass,Published phone: 077 967 9223 ,http://rti.gov.lk/do-list/,
phone,pass,Published phone: 011 233 4323 ,http://rti.gov.lk/do-list/,
phone,pass,Published phone: 077-0429834 ,http://rti.gov.lk/do-list/,
phone,pass,Published phone: 032 567 7052 ,http://rti.gov.lk/do-list/,
phone,pass,Published phone: 071 447 9842 ,http://rti.gov.lk/do-list/,
phone,pass,Published phone: 011 232 6075 ,http://rti.gov.lk/do-list/,
phone,pass,Published phone: 01 0208232 2,http://rti.gov.lk/do-list/,
phone,pass,Published phone: 011 251 7489 ,http://rti.gov.lk/do-list/,
phone,pass,Published phone: 011 267 4657 ,http://rti.gov.lk/do-list/,
phone,pass,Published phone: 037-2260682 ,http://rti.gov.lk/do-list/,
phone,pass,Published phone: 037-2223674 ,http://rti.gov.lk/do-list/,
phone,pass,Published phone: 021 225 0144 ,http://rti.gov.lk/do-list/,
phone,pass,Published phone: 077 118 2580 ,http://rti.gov.lk/do-list/,
phone,pass,Published phone: 011 305 6703 ,http://rti.gov.lk/do-list/,
phone,pass,Published phone: 032 224 5888 ,http://rti.gov.lk/do-list/,
phone,pass,Published phone: 021 221 5211 ,http://rti.gov.lk/do-list/,
phone,pass,Published phone: 024-2222219 ,http://rti.gov.lk/do-list/,
phone,pass,Published phone: 0 011 268 016,http://rti.gov.lk/do-list/,
phone,pass,Published phone: 025 225 5209 ,http://rti.gov.lk/do-list/,
phone,pass,Published phone: 076 575 2753 ,http://rti.gov.lk/do-list/,
phone,pass,Published phone: 0 011 313 729,http://rti.gov.lk/do-list/,
phone,pass,Published phone: 071 318 8793 ,http://rti.gov.lk/do-list/,
phone,pass,Published phone: 071-8666664 ,http://rti.gov.lk/do-list/,
phone,pass,Published phone: 021 222 2654 ,http://rti.gov.lk/do-list/,
phone,pass,Published phone: 023-2222155 ,http://rti.gov.lk/do-list/,
phone,pass,Published phone: 077 352 4284 ,http://rti.gov.lk/do-list/,
phone,pass,Published phone: 021 229 0316 ,http://rti.gov.lk/do-list/,
phone,pass,Published phone: 077 786 0982 ,http://rti.gov.lk/do-list/,
phone,pass,Published phone: 025 223 4767 ,http://rti.gov.lk/do-list/,
phone,pass,Published phone: 00 011 247 70,http://rti.gov.lk/do-list/,
phone,pass,Published phone: 037-2275874 ,http://rti.gov.lk/do-list/,
phone,pass,Published phone: 034 225 2170 ,http://rti.gov.lk/do-list/,
phone,pass,Published phone: 011 258 2122 ,http://rti.gov.lk/do-list/,
phone,pass,Published phone: 081 257 1275 ,http://rti.gov.lk/do-list/,
phone,pass,Published phone: 041 225 5313 ,http://rti.gov.lk/do-list/,
phone,pass,Published phone: 070 771 3585 ,http://rti.gov.lk/do-list/,
phone,pass,Published phone: 037 222 3720 ,http://rti.gov.lk/do-list/,
phone,pass,Published phone: 025 226 3273 ,http://rti.gov.lk/do-list/,
phone,pass,Published phone: 024 205 1911 ,http://rti.gov.lk/do-list/,
phone,pass,Published phone: 023 222 2286 ,http://rti.gov.lk/do-list/,
phone,pass,Published phone: 071-4471541 ,http://rti.gov.lk/do-list/,
phone,pass,Published phone: 011 203 3293 ,http://rti.gov.lk/do-list/,
phone,pass,Published phone: 032 222 2276 ,http://rti.gov.lk/do-list/,
phone,pass,Published phone: 0 -124 456 -258 ,http://rti.gov.lk/do-list/,
phone,pass,Published phone: 0 -319 -155 -123 -,http://rti.gov.lk/do-list/,
phone,pass,Published phone: 011 215 0132 ,http://rti.gov.lk/do-list/,
phone,pass,Published phone: 077-3596401 ,http://rti.gov.lk/do-list/,
phone,pass,Published phone: 067-2053330 ,http://rti.gov.lk/do-list/,
phone,pass,Published phone: 035 225 8075 ,http://rti.gov.lk/do-list/,
phone,pass,Published phone: 081 257 9463 ,http://rti.gov.lk/do-list/,
phone,pass,Published phone: 011 286 2255 ,http://rti.gov.lk/do-list/,
phone,pass,Published phone: 026 222 5217 ,http://rti.gov.lk/do-list/,
phone,pass,Published phone: 01 011 248 48,http://rti.gov.lk/do-list/,
phone,pass,Published phone: 071 241 5152 ,http://rti.gov.lk/do-list/,
phone,pass,Published phone: 075 692 4688 ,http://rti.gov.lk/do-list/,
phone,pass,Published phone: 066 224 7208 ,http://rti.gov.lk/do-list/,
phone,pass,Published phone: 011 233 4562 ,http://rti.gov.lk/do-list/,
phone,pass,Published phone: 011-2521932 ,http://rti.gov.lk/do-list/,
phone,pass,Published phone: 091 222 3726 ,http://rti.gov.lk/do-list/,
phone,pass,Published phone: 07 011 255 49,http://rti.gov.lk/do-list/,
phone,pass,Published phone: 034 225 1478 ,http://rti.gov.lk/do-list/,
phone,pass,Published phone: 032 226 3275 ,http://rti.gov.lk/do-list/,
phone,pass,Published phone: 011 298 4095 ,http://rti.gov.lk/do-list/,
phone,pass,Published phone: 011-2850229 ,http://rti.gov.lk/do-list/,
phone,pass,Published phone: 025 222 2276 ,http://rti.gov.lk/do-list/,
phone,pass,Published phone: 055 2288274 ,http://rti.gov.lk/do-list/,
phone,pass,Published phone: 07 011 269 41,http://rti.gov.lk/do-list/,
phone,pass,Published phone: 071 475 3421 ,http://rti.gov.lk/do-list/,
phone,pass,Published phone: 011 257 9950 ,http://rti.gov.lk/do-list/,
phone,pass,Published phone: 0 011 243 334,http://rti.gov.lk/do-list/,
phone,pass,Published phone: 071-8564795 ,http://rti.gov.lk/do-list/,
phone,pass,Published phone: 023-2250748 ,http://rti.gov.lk/do-list/,
phone,pass,Published phone: 07 011 269 51,http://rti.gov.lk/do-list/,
phone,pass,Published phone: 091 223 4576 ,http://rti.gov.lk/do-list/,
phone,pass,Published phone: 071 747 0777 ,http://rti.gov.lk/do-list/,
phone,pass,Published phone: 0 14 -18 113 -40 ,http://rti.gov.lk/do-list/,
phone,pass,Published phone: 037-2222108 ,http://rti.gov.lk/do-list/,
phone,pass,Published phone: 011 214 7011 ,http://rti.gov.lk/do-list/,
phone,pass,Published phone: 071 688 6565 ,http://rti.gov.lk/do-list/,
phone,pass,Published phone: 032 205 2975 ,http://rti.gov.lk/do-list/,
phone,pass,Published phone: 011 234 0797 ,http://rti.gov.lk/do-list/,
phone,pass,Published phone: 076 693 4441 ,http://rti.gov.lk/do-list/,
phone,pass,Published phone: 0 011 230 740,http://rti.gov.lk/do-list/,
phone,pass,Published phone: 071 024 0058 ,http://rti.gov.lk/do-list/,
phone,pass,Published phone: 071 800 3817 ,http://rti.gov.lk/do-list/,
phone,pass,Published phone: 02 011 482 48,http://rti.gov.lk/do-list/,
phone,pass,Published phone: 011 214 7001 ,http://rti.gov.lk/do-list/,
phone,pass,Published phone: 011 269 3271 ,http://rti.gov.lk/do-list/,
phone,pass,Published phone: 055 228 8622 ,http://rti.gov.lk/do-list/,
phone,pass,Published phone: 071-8190950 ,http://rti.gov.lk/do-list/,
phone,pass,Published phone: 081 238 6169 ,http://rti.gov.lk/do-list/,
phone,pass,Published phone: 077-7772302 ,http://rti.gov.lk/do-list/,
phone,pass,Published phone: 077 669 3448 ,http://rti.gov.lk/do-list/,
phone,pass,Published phone: 037 224 3274 ,http://rti.gov.lk/do-list/,
phone,pass,Published phone: 071-8714270 ,http://rti.gov.lk/do-list/,
phone,pass,Published phone: 077 194 6566 ,http://rti.gov.lk/do-list/,
phone,pass,Published phone: 081 247 2028 ,http://rti.gov.lk/do-list/,
phone,pass,Published phone: 077 593 1754 ,http://rti.gov.lk/do-list/,
phone,pass,Published phone: 0113 329 270 ,http://rti.gov.lk/do-list/,
phone,pass,Published phone: 071 535 0340 ,http://rti.gov.lk/do-list/,
phone,pass,Published phone: 01 071 832 16,http://rti.gov.lk/do-list/,
phone,pass,Published phone: 071-3622246 ,http://rti.gov.lk/do-list/,
phone,pass,Published phone: 031 222 2276 ,http://rti.gov.lk/do-list/,
phone,pass,Published phone: 011 288 5705 ,http://rti.gov.lk/do-list/,
phone,pass,Published phone: 0 011 268 964,http://rti.gov.lk/do-list/,
phone,pass,Published phone: 037 222 0207 ,http://rti.gov.lk/do-list/,
phone,pass,Published phone: 055-2222363 ,http://rti.gov.lk/do-list/,
phone,pass,Published phone: 045-2230819 ,http://rti.gov.lk/do-list/,
phone,pass,Published phone: 041 222 2274 ,http://rti.gov.lk/do-list/,
phone,pass,Published phone: 07 011 269 53,http://rti.gov.lk/do-list/,
phone,pass,Published phone: 057 224 5973 ,http://rti.gov.lk/do-list/,
phone,pass,Published phone: 06 731 -260 98 ,http://rti.gov.lk/do-list/,
phone,pass,Published phone: 011 243 0270 ,http://rti.gov.lk/do-list/,
phone,pass,Published phone: 037-2231322 ,http://rti.gov.lk/do-list/,
phone,pass,Published phone: 011 232 1983 ,http://rti.gov.lk/do-list/,
phone,pass,Published phone: 036 227 1675 ,http://rti.gov.lk/do-list/,
phone,pass,Published phone: 071 663 0487 ,http://rti.gov.lk/do-list/,
phone,pass,Published phone: 077-2228018 ,http://rti.gov.lk/do-list/,
phone,pass,Published phone: 081 238 8363 ,http://rti.gov.lk/do-list/,
phone,pass,Published phone: 071 525 5383 ,http://rti.gov.lk/do-list/,
phone,pass,Published phone: 045 227 4993 ,http://rti.gov.lk/do-list/,
phone,pass,Published phone: 0 011 267 664,http://rti.gov.lk/do-list/,
phone,pass,Published phone: 011 238 9398 ,http://rti.gov.lk/do-list/,
phone,pass,Published phone: 027 222 2275 ,http://rti.gov.lk/do-list/,
phone,pass,Published phone: 011 247 3856 ,http://rti.gov.lk/do-list/,
phone,pass,Published phone: 011 243 3805 ,http://rti.gov.lk/do-list/,
phone,pass,Published phone: 071 781 0990 ,http://rti.gov.lk/do-list/,
phone,pass,Published phone: 041 225 0274 ,http://rti.gov.lk/do-list/,
phone,pass,Published phone: 021 225 5381 ,http://rti.gov.lk/do-list/,
phone,pass,Published phone: 071 986 8446 ,http://rti.gov.lk/do-list/,
phone,pass,Published phone: 011-2911485 ,http://rti.gov.lk/do-list/,
phone,pass,Published phone: 045-2230184 ,http://rti.gov.lk/do-list/,
phone,pass,Published phone: 077-3876356 ,http://rti.gov.lk/do-list/,
phone,pass,Published phone: 037-2222325 ,http://rti.gov.lk/do-list/,
phone,pass,Published phone: 037 224 9275 ,http://rti.gov.lk/do-list/,
phone,pass,Published phone: 071 851 5232 ,http://rti.gov.lk/do-list/,
phone,pass,Published phone: 01 011 250 16,http://rti.gov.lk/do-list/,
phone,pass,Published phone: 032 226 7917 ,http://rti.gov.lk/do-list/,
phone,pass,Published phone: 045-2228083 ,http://rti.gov.lk/do-list/,
phone,pass,Published phone: 0 -16 -233 -242 -3,http://rti.gov.lk/do-list/,
phone,pass,Published phone: 011 760 8000 ,http://rti.gov.lk/do-list/,
phone,pass,Published phone: 021 228 5440 ,http://rti.gov.lk/do-list/,
phone,pass,Published phone: 071 803 3026 ,http://rti.gov.lk/do-list/,
phone,pass,Published phone: 071-5917771 ,http://rti.gov.lk/do-list/,
phone,pass,Published phone: 077-5925072 ,http://rti.gov.lk/do-list/,
phone,pass,Published phone: 011 255 2825 ,http://rti.gov.lk/do-list/,
phone,pass,Published phone: 071 021 5029 ,http://rti.gov.lk/do-list/,
phone,pass,Published phone: 041 222 7535 ,http://rti.gov.lk/do-list/,
phone,pass,Published phone: 077 201 8736 ,http://rti.gov.lk/do-list/,
phone,pass,Published phone: 045 227 9275 ,http://rti.gov.lk/do-list/,
phone,pass,Published phone: 071 773 1748 ,http://rti.gov.lk/do-list/,
phone,pass,Published phone: 024 222 1955 ,http://rti.gov.lk/do-list/,
phone,pass,Published phone: 071-8177483 ,http://rti.gov.lk/do-list/,
phone,pass,Published phone: 071 613 9566 ,http://rti.gov.lk/do-list/,
phone,pass,Published phone: 063-2223767 ,http://rti.gov.lk/do-list/,
phone,pass,Published phone: 033 227 3282 ,http://rti.gov.lk/do-list/,
phone,pass,Published phone: 01 011 233 54,http://rti.gov.lk/do-list/,
phone,pass,Published phone: 081 222 3921 ,http://rti.gov.lk/do-list/,
phone,pass,Published phone: 037 203 0500 ,http://rti.gov.lk/do-list/,
phone,pass,Published phone: 035 224 6275 ,http://rti.gov.lk/do-list/,
phone,pass,Published phone: 021 222 3410 ,http://rti.gov.lk/do-list/,
phone,pass,Published phone: 01 011 238 68,http://rti.gov.lk/do-list/,
phone,pass,Published phone: 037 205 3688 ,http://rti.gov.lk/do-list/,
phone,pass,Published phone: 037-2231792 ,http://rti.gov.lk/do-list/,
phone,pass,Published phone: 011 203 4126 ,http://rti.gov.lk/do-list/,
phone,pass,Published phone: 021 228 4572 ,http://rti.gov.lk/do-list/,
phone,pass,Published phone: 011 234 0784 ,http://rti.gov.lk/do-list/,
phone,pass,Published phone: 0 202 137 225 ,http://rti.gov.lk/do-list/,
phone,pass,Published phone: 011 269 4383 ,http://rti.gov.lk/do-list/,
phone,pass,Published phone: 071 449 1505 ,http://rti.gov.lk/do-list/,
phone,pass,Published phone: 025 320 0000 ,http://rti.gov.lk/do-list/,
phone,pass,Published phone: 071 547 1445 ,http://rti.gov.lk/do-list/,
phone,pass,Published phone: 037 494 7212 ,http://rti.gov.lk/do-list/,
phone,pass,Published phone: 037-2283165 ,http://rti.gov.lk/do-list/,
phone,pass,Published phone: 037 228 6973 ,http://rti.gov.lk/do-list/,
phone,pass,Published phone: 011 287 6366 ,http://rti.gov.lk/do-list/,
phone,pass,Published phone: 091 229 2275 ,http://rti.gov.lk/do-list/,
phone,pass,Published phone: 011 532 9500 ,http://rti.gov.lk/do-list/,
phone,pass,Published phone: 011 278 5211 ,http://rti.gov.lk/do-list/,
phone,pass,Published phone: 071 441 5160 ,http://rti.gov.lk/do-list/,
phone,pass,Published phone: 091 223 4380 ,http://rti.gov.lk/do-list/,
phone,pass,Published phone: 011 248 4816 ,http://rti.gov.lk/do-list/,
phone,pass,Published phone: 077-6110180 ,http://rti.gov.lk/do-list/,
phone,pass,Published phone: 037 223 1531 ,http://rti.gov.lk/do-list/,
phone,pass,Published phone: 011 277 3289 ,http://rti.gov.lk/do-list/,
phone,pass,Published phone: 021-2054074 ,http://rti.gov.lk/do-list/,
phone,pass,Published phone: 071 445 1077 ,http://rti.gov.lk/do-list/,
phone,pass,Published phone: 011 286 4051 ,http://rti.gov.lk/do-list/,
phone,pass,Published phone: 021 229 0001 ,http://rti.gov.lk/do-list/,
phone,pass,Published phone: 0 -96 -229 -47 -21,http://rti.gov.lk/do-list/,
phone,pass,Published phone: 011 264 5302 ,http://rti.gov.lk/do-list/,
phone,pass,Published phone: 011 243 0233 ,http://rti.gov.lk/do-list/,
phone,pass,Published phone: 077 330 3052 ,http://rti.gov.lk/do-list/,
phone,pass,Published phone: 024-2222324 ,http://rti.gov.lk/do-list/,
phone,pass,Published phone: 0 -58 -105 -190 -1,http://rti.gov.lk/do-list/,
phone,pass,Published phone: 011 272 9792 ,http://rti.gov.lk/do-list/,
phone,pass,Published phone: 07 011 269 16,http://rti.gov.lk/do-list/,
phone,pass,Published phone: 071-8261043 ,http://rti.gov.lk/do-list/,
phone,pass,Published phone: 011 257 1200 ,http://rti.gov.lk/do-list/,
phone,pass,Published phone: 021 2211 626 ,http://rti.gov.lk/do-list/,
phone,pass,Published phone: 0 011 267 684,http://rti.gov.lk/do-list/,
phone,pass,Published phone: 021 227 0041 ,http://rti.gov.lk/do-list/,
phone,pass,Published phone: 0 077 310 899,http://rti.gov.lk/do-list/,
phone,pass,Published phone: 011 209 2599 ,http://rti.gov.lk/do-list/,
phone,pass,Published phone: 037-2223806 ,http://rti.gov.lk/do-list/,
phone,pass,Published phone: 0 -263 -110 -324 -,http://rti.gov.lk/do-list/,
phone,pass,Published phone: 06 314 -532 46,http://rti.gov.lk/do-list/,
phone,pass,Published phone: 011 286 8606 ,http://rti.gov.lk/do-list/,
phone,pass,Published phone: 011 286 5478 ,http://rti.gov.lk/do-list/,
phone,pass,Published phone: 071 444 0505 ,http://rti.gov.lk/do-list/,
phone,pass,Published phone: 03 011 234 07,http://rti.gov.lk/do-list/,
phone,pass,Published phone: 091 229 1516 ,http://rti.gov.lk/do-list/,
phone,pass,Published phone: 045 222 2792 ,http://rti.gov.lk/do-list/,
phone,pass,Published phone: 070 667 7979 ,http://rti.gov.lk/do-list/,
phone,pass,Published phone: 011 237 5163 ,http://rti.gov.lk/do-list/,
phone,pass,Published phone: 037 227 8747 ,http://rti.gov.lk/do-list/,
phone,pass,Published phone: 011 554 9502 ,http://rti.gov.lk/do-list/,
phone,pass,Published phone: 011 209 2712 ,http://rti.gov.lk/do-list/,
phone,pass,Published phone: 0777 361 280 ,http://rti.gov.lk/do-list/,
phone,pass,Published phone: 091 224 2786 ,http://rti.gov.lk/do-list/,
phone,pass,Published phone: 021-2224782 ,http://rti.gov.lk/do-list/,
phone,pass,Published phone: 011-2437500 ,http://rti.gov.lk/do-list/,
phone,pass,Published phone: 011 266 2039 ,http://rti.gov.lk/do-list/,
phone,pass,Published phone: 071-4416435 ,http://rti.gov.lk/do-list/,
phone,pass,Published phone: 057 205 0033 ,http://rti.gov.lk/do-list/,
phone,pass,Published phone: 070 520 6816 ,http://rti.gov.lk/do-list/,
phone,pass,Published phone: 081 230 2682 ,http://rti.gov.lk/do-list/,
phone,pass,Published phone: 067 205 4647 ,http://rti.gov.lk/do-list/,
phone,pass,Published phone: 011 225 4584 ,http://rti.gov.lk/do-list/,
phone,pass,Published phone: 041 228 2276 ,http://rti.gov.lk/do-list/,
phone,pass,Published phone: 071 541 0342 ,http://rti.gov.lk/do-list/,
phone,pass,Published phone: 077-1805957 ,http://rti.gov.lk/do-list/,
phone,pass,Published phone: 026-2221017 ,http://rti.gov.lk/do-list/,
phone,pass,Published phone: 071 861 5184 ,http://rti.gov.lk/do-list/,
phone,pass,Published phone: 091 225 8738 ,http://rti.gov.lk/do-list/,
phone,pass,Published phone: 07 011 258 73,http://rti.gov.lk/do-list/,
phone,pass,Published phone: 065 225 0075 ,http://rti.gov.lk/do-list/,
phone,pass,Published phone: 023 225 1898 ,http://rti.gov.lk/do-list/,
phone,pass,Published phone: 07 011 268 97,http://rti.gov.lk/do-list/,
phone,pass,Published phone: 00 011 232 31,http://rti.gov.lk/do-list/,
phone,pass,Published phone: 011 287 1354 ,http://rti.gov.lk/do-list/,
phone,pass,Published phone: 02 011 248 15,http://rti.gov.lk/do-list/,
phone,pass,Published phone: 077 883 5489 ,http://rti.gov.lk/do-list/,
phone,pass,Published phone: 081-2024463 ,http://rti.gov.lk/do-list/,
phone,pass,Published phone: 011 248 4960 ,http://rti.gov.lk/do-list/,
phone,pass,Published phone: 081 222 2275 ,http://rti.gov.lk/do-list/,
phone,pass,Published phone: 037-2228018 ,http://rti.gov.lk/do-list/,
phone,pass,Published phone: 037-2260354 ,http://rti.gov.lk/do-list/,
phone,pass,Published phone: 024 205 1910 ,http://rti.gov.lk/do-list/,
phone,pass,Published phone: 011 286 6901 ,http://rti.gov.lk/do-list/,
phone,pass,Published phone: 071 587 6892 ,http://rti.gov.lk/do-list/,
phone,pass,Published phone: 077 476 4343 ,http://rti.gov.lk/do-list/,
phone,pass,Published phone: 011-2586059 ,http://rti.gov.lk/do-list/,
phone,pass,Published phone: 057 224 5175 ,http://rti.gov.lk/do-list/,
phone,pass,Published phone: 011 218 7205 ,http://rti.gov.lk/do-list/,
phone,pass,Published phone: 077 599 2960 ,http://rti.gov.lk/do-list/,
phone,pass,Published phone: 071 439 6559 ,http://rti.gov.lk/do-list/,
phone,pass,Published phone: 011-2416958 ,http://rti.gov.lk/do-list/,
phone,pass,Published phone: 07 011 237 09,http://rti.gov.lk/do-list/,
phone,pass,Published phone: 011 288 8946 ,http://rti.gov.lk/do-list/,
phone,pass,Published phone: 011-2638656 ,http://rti.gov.lk/do-list/,
phone,pass,Published phone: 045-2232078 ,http://rti.gov.lk/do-list/,
phone,pass,Published phone: 0 123 61 2 0 -10 -,http://rti.gov.lk/do-list/,
phone,pass,Published phone: 023-2222261 ,http://rti.gov.lk/do-list/,
phone,pass,Published phone: 065 224 1329 ,http://rti.gov.lk/do-list/,
phone,pass,Published phone: 011 287 1672 ,http://rti.gov.lk/do-list/,
phone,pass,Published phone: 011 209 2736 ,http://rti.gov.lk/do-list/,
phone,pass,Published phone: 071 512 6373 ,http://rti.gov.lk/do-list/,
phone,pass,Published phone: 081 238 8619 ,http://rti.gov.lk/do-list/,
phone,pass,Published phone: 011 287 9512 ,http://rti.gov.lk/do-list/,
phone,pass,Published phone: 011 244 9402 ,http://rti.gov.lk/do-list/,
phone,pass,Published phone: 026-2227696 ,http://rti.gov.lk/do-list/,
phone,pass,Published phone: 011 287 2272 ,http://rti.gov.lk/do-list/,
phone,pass,Published phone: 0 -42 -48 -48 -103 -,http://rti.gov.lk/do-list/,
phone,pass,Published phone: 0 011 269 163,http://rti.gov.lk/do-list/,
phone,pass,Published phone: 01 011 232 55,http://rti.gov.lk/do-list/,
phone,pass,Published phone: 071 712 9363 ,http://rti.gov.lk/do-list/,
phone,pass,Published phone: 071-8738962 ,http://rti.gov.lk/do-list/,
phone,pass,Published phone: 021-2290006 ,http://rti.gov.lk/do-list/,
phone,pass,Published phone: 032 222 2147 ,http://rti.gov.lk/do-list/,
phone,pass,Published phone: 077 777 5601 ,http://rti.gov.lk/do-list/,
phone,pass,Published phone: 025-2266501 ,http://rti.gov.lk/do-list/,
phone,pass,Published phone: 037-222 2297 ,http://rti.gov.lk/do-list/,
phone,pass,Published phone: 032-2222387 ,http://rti.gov.lk/do-list/,
phone,pass,Published phone: 011 298 4099 ,http://rti.gov.lk/do-list/,
phone,pass,Published phone: 011 268 4636 ,http://rti.gov.lk/do-list/,
phone,pass,Published phone: 023 205 1198 ,http://rti.gov.lk/do-list/,
phone,pass,Published phone: 065 205 4670 ,http://rti.gov.lk/do-list/,
phone,pass,Published phone: 045-2231866 ,http://rti.gov.lk/do-list/,
phone,pass,Published phone: 091 223 0336 ,http://rti.gov.lk/do-list/,
phone,pass,Published phone: 08 011 269 14,http://rti.gov.lk/do-list/,
phone,pass,Published phone: 011 244 5582 ,http://rti.gov.lk/do-list/,
phone,pass,Published phone: 074 309 0456 ,http://rti.gov.lk/do-list/,
phone,pass,Published phone: 011 260 7002 ,http://rti.gov.lk/do-list/,
phone,pass,Published phone: 071 630 7006 ,http://rti.gov.lk/do-list/,
phone,pass,Published phone: 011 243 6284 ,http://rti.gov.lk/do-list/,
phone,pass,Published phone: 011 243 2770 ,http://rti.gov.lk/do-list/,
phone,pass,Published phone: 041 224 5276 ,http://rti.gov.lk/do-list/,
phone,pass,Published phone: 011 224 3880 ,http://rti.gov.lk/do-list/,
phone,pass,Published phone: 011 287 8792 ,http://rti.gov.lk/do-list/,
phone,pass,Published phone: 037-2228189 ,http://rti.gov.lk/do-list/,
phone,pass,Published phone: 011 235 8881 ,http://rti.gov.lk/do-list/,
phone,pass,Published phone: 021-2060012 ,http://rti.gov.lk/do-list/,
phone,pass,Published phone: 071 862 7020 ,http://rti.gov.lk/do-list/,
phone,pass,Published phone: 031 225 3249 ,http://rti.gov.lk/do-list/,
phone,pass,Published phone: 057 205 0032 ,http://rti.gov.lk/do-list/,
phone,pass,Published phone: 037-2259280 ,http://rti.gov.lk/do-list/,
phone,pass,Published phone: 0 071 773 876,http://rti.gov.lk/do-list/,
phone,pass,Published phone: 011 218 6093 ,http://rti.gov.lk/do-list/,
phone,pass,Published phone: 066 225 6675 ,http://rti.gov.lk/do-list/,
phone,pass,Published phone: 027 225 0349 ,http://rti.gov.lk/do-list/,
phone,pass,Published phone: 077 999 9578 ,http://rti.gov.lk/do-list/,
phone,pass,Published phone: 011 284 4357 ,http://rti.gov.lk/do-list/,
phone,pass,Published phone: 077-7616138 ,http://rti.gov.lk/do-list/,
phone,pass,Published phone: 037 222 2700 ,http://rti.gov.lk/do-list/,
phone,pass,Published phone: 077-7804950 ,http://rti.gov.lk/do-list/,
phone,pass,Published phone: 031 223 2392 ,http://rti.gov.lk/do-list/,
phone,pass,Published phone: 021-2231724 ,http://rti.gov.lk/do-list/,
phone,pass,Published phone: 036 224 7335 ,http://rti.gov.lk/do-list/,
phone,pass,Published phone: 0 -80 34 0 48 6 7,http://rti.gov.lk/do-list/,
phone,pass,Published phone: 01 011 248 49,http://rti.gov.lk/do-list/,
phone,pass,Published phone: 027 225 0329 ,http://rti.gov.lk/do-list/,
phone,pass,Published phone: 011 288 5358 ,http://rti.gov.lk/do-list/,
phone,pass,Published phone: 045 255 5275 ,http://rti.gov.lk/do-list/,
phone,pass,Published phone: 024 222 2736 ,http://rti.gov.lk/do-list/,
phone,pass,Published phone: 011 288 7445 ,http://rti.gov.lk/do-list/,
phone,pass,Published phone: 036 226 8525 ,http://rti.gov.lk/do-list/,
phone,pass,Published phone: 038 229 4567 ,http://rti.gov.lk/do-list/,
phone,pass,Published phone: 011 287 2609 ,http://rti.gov.lk/do-list/,
phone,pass,Published phone: 057 226 8075 ,http://rti.gov.lk/do-list/,
phone,pass,Published phone: 011-2437530 ,http://rti.gov.lk/do-list/,
phone,pass,Published phone: 055 222 4783 ,http://rti.gov.lk/do-list/,
phone,pass,Published phone: 011 287 7128 ,http://rti.gov.lk/do-list/,
phone,pass,Published phone: 07 011 258 49,http://rti.gov.lk/do-list/,
phone,pass,Published phone: 025 222 7735 ,http://rti.gov.lk/do-list/,
phone,pass,Published phone: 034 229 0646 ,http://rti.gov.lk/do-list/,
phone,pass,Published phone: 076 699 0303 ,http://rti.gov.lk/do-list/,
phone,pass,Published phone: 011 232 0042 ,http://rti.gov.lk/do-list/,
phone,pass,Published phone: 0 011 242 233,http://rti.gov.lk/do-list/,
phone,pass,Published phone: 032 225 9780 ,http://rti.gov.lk/do-list/,
phone,pass,Published phone: 011 218 6023 ,http://rti.gov.lk/do-list/,
phone,pass,Published phone: 011 267 4787 ,http://rti.gov.lk/do-list/,
phone,pass,Published phone: 03 122 121 25,http://rti.gov.lk/do-list/,
phone,pass,Published phone: 076 309 0546 ,http://rti.gov.lk/do-list/,
phone,pass,Published phone: 057 224 5233 ,http://rti.gov.lk/do-list/,
phone,pass,Published phone: 077 759 1025 ,http://rti.gov.lk/do-list/,
phone,pass,Published phone: 011 210 6768 ,http://rti.gov.lk/do-list/,
phone,pass,Published phone: 011 287 5937 ,http://rti.gov.lk/do-list/,
phone,pass,Published phone: 071-8219382 ,http://rti.gov.lk/do-list/,
phone,pass,Published phone: 045-2231222 ,http://rti.gov.lk/do-list/,
phone,pass,Published phone: 021-2231725 ,http://rti.gov.lk/do-list/,
phone,pass,Published phone: 071 446 1001 ,http://rti.gov.lk/do-list/,
phone,pass,Published phone: 037-2228407 ,http://rti.gov.lk/do-list/,
phone,pass,Published phone: 035-2221406 ,http://rti.gov.lk/do-list/,
phone,pass,Published phone: 055 222 9318 ,http://rti.gov.lk/do-list/,
phone,pass,Published phone: 037-2223885 ,http://rti.gov.lk/do-list/,
phone,pass,Published phone: 077 615 5999 ,http://rti.gov.lk/do-list/,
phone,pass,Published phone: 026-2222152 ,http://rti.gov.lk/do-list/,
phone,pass,Published phone: 071 745 0704 ,http://rti.gov.lk/do-list/,
phone,pass,Published phone: 02 011 233 46,http://rti.gov.lk/do-list/,
phone,pass,Published phone: 011 288 4612 ,http://rti.gov.lk/do-list/,
phone,pass,Published phone: 07 132 -981 25 -,http://rti.gov.lk/do-list/,
phone,pass,Published phone: 070 735 0340 ,http://rti.gov.lk/do-list/,
phone,pass,Published phone: 071 812 9008 ,http://rti.gov.lk/do-list/,
phone,pass,Published phone: 077-3287444 ,http://rti.gov.lk/do-list/,
phone,pass,Published phone: 0 011 269 689,http://rti.gov.lk/do-list/,
phone,pass,Published phone: 071 447 7670 ,http://rti.gov.lk/do-list/,
phone,pass,Published phone: 071 445 1310 ,http://rti.gov.lk/do-list/,
phone,pass,Published phone: 076 962 0422 ,http://rti.gov.lk/do-list/,
phone,pass,Published phone: 077 488 1854 ,http://rti.gov.lk/do-list/,
phone,pass,Published phone: 091 222 2375 ,http://rti.gov.lk/do-list/,
phone,pass,Published phone: 011 484 991 0,http://rti.gov.lk/do-list/,
phone,pass,Published phone: 041 226 0268 ,http://rti.gov.lk/do-list/,
phone,pass,Published phone: 041 225 0261 ,http://rti.gov.lk/do-list/,
phone,pass,Published phone: 021-2220809 ,http://rti.gov.lk/do-list/,
phone,pass,Published phone: 04 -326 360 -67 ,http://rti.gov.lk/do-list/,
phone,pass,Published phone: 037 222 9542 ,http://rti.gov.lk/do-list/,
phone,pass,Published phone: 0 16 31 87 366 ,http://rti.gov.lk/do-list/,
phone,pass,Published phone: 01 011 232 02,http://rti.gov.lk/do-list/,
phone,pass,Published phone: 011 450 0504 ,http://rti.gov.lk/do-list/,
phone,pass,Published phone: 071 844 7839 ,http://rti.gov.lk/do-list/,
phone,pass,Published phone: 011 240 3194 ,http://rti.gov.lk/do-list/,
phone,pass,Published phone: 037 229 9821 ,http://rti.gov.lk/do-list/,
phone,pass,Published phone: 081 247 2341 ,http://rti.gov.lk/do-list/,
phone,pass,Published phone: 011 266 9997 ,http://rti.gov.lk/do-list/,
phone,pass,Published phone: 066 225 5274 ,http://rti.gov.lk/do-list/,
phone,pass,Published phone: 081 2388 238 ,http://rti.gov.lk/do-list/,
phone,pass,Published phone: 038 223 2276 ,http://rti.gov.lk/do-list/,
phone,pass,Published phone: 037-2281392 ,http://rti.gov.lk/do-list/,
phone,pass,Published phone: 037 222 2746 ,http://rti.gov.lk/do-list/,
phone,pass,Published phone: 025-2222615 ,http://rti.gov.lk/do-list/,
phone,pass,Published phone: 071 377 6363 ,http://rti.gov.lk/do-list/,
phone,pass,Published phone: 071-6886098 ,http://rti.gov.lk/do-list/,
phone,pass,Published phone: 041 228 4175 ,http://rti.gov.lk/do-list/,
phone,pass,Published phone: 032-2223457 ,http://rti.gov.lk/do-list/,
phone,pass,Published phone: 011 244 5146 ,http://rti.gov.lk/do-list/,
phone,pass,Published phone: 076 667 2980 ,http://rti.gov.lk/do-list/,
phone,pass,Published phone: 011 244 9496 ,http://rti.gov.lk/do-list/,
phone,pass,Published phone: 074 320 2588 ,http://rti.gov.lk/do-list/,
phone,pass,Published phone: 026 205 0356 ,http://rti.gov.lk/do-list/,
phone,pass,Published phone: 05 011 574 63,http://rti.gov.lk/do-list/,
phone,pass,Published phone: 00 011 215 14,http://rti.gov.lk/do-list/,
phone,pass,Published phone: 091 226 0241 ,http://rti.gov.lk/do-list/,
phone,pass,Published phone: 066 225 5275 ,http://rti.gov.lk/do-list/,
phone,pass,Published phone: 03 011 269 65,http://rti.gov.lk/do-list/,
phone,pass,Published phone: 011-2911391 ,http://rti.gov.lk/do-list/,
phone,pass,Published phone: 026-2225217 ,http://rti.gov.lk/do-list/,
phone,pass,Published phone: 011-2881206 ,http://rti.gov.lk/do-list/,
phone,pass,Published phone: 026-2222216 ,http://rti.gov.lk/do-list/,
phone,pass,Published phone: 01 011 248 45,http://rti.gov.lk/do-list/,
phone,pass,Published phone: 07 011 269 57,http://rti.gov.lk/do-list/,
phone,pass,Published phone: 077 775 9169 ,http://rti.gov.lk/do-list/,
phone,pass,Published phone: 077 906 5017 ,http://rti.gov.lk/do-list/,
phone,pass,Published phone: 021-2222387 ,http://rti.gov.lk/do-list/,
phone,pass,Published phone: 077 820 8401 ,http://rti.gov.lk/do-list/,
phone,pass,Published phone: 01 011 235 43,http://rti.gov.lk/do-list/,
phone,pass,Published phone: 011 243 1620 ,http://rti.gov.lk/do-list/,
phone,pass,Published phone: 011 278 6493 ,http://rti.gov.lk/do-list/,
phone,pass,Published phone: 035-2222274 ,http://rti.gov.lk/do-list/,
phone,pass,Published phone: 052 222 9822 ,http://rti.gov.lk/do-list/,
phone,pass,Published phone: 045 225 0087 ,http://rti.gov.lk/do-list/,
phone,pass,Published phone: 0 011 268 749,http://rti.gov.lk/do-list/,
phone,pass,Published phone: 076-3243822 ,http://rti.gov.lk/do-list/,
phone,pass,Published phone: 011 261 3317 ,http://rti.gov.lk/do-list/,
phone,pass,Published phone: 037-2223186 ,http://rti.gov.lk/do-list/,
phone,pass,Published phone: 047 225 6279 ,http://rti.gov.lk/do-list/,
phone,pass,Published phone: 011 209 2562 ,http://rti.gov.lk/do-list/,
phone,pass,Published phone: 011 244 0440 ,http://rti.gov.lk/do-list/,
phone,pass,Published phone: 0 -38 163 -166 3,http://rti.gov.lk/do-list/,
phone,pass,Published phone: 011 267 2223 ,http://rti.gov.lk/do-list/,
phone,pass,Published phone: 07 011 269 32,http://rti.gov.lk/do-list/,
phone,pass,Published phone: 071-6600126 ,http://rti.gov.lk/do-list/,
phone,pass,Published phone: 037 223 3848 ,http://rti.gov.lk/do-list/,
phone,pass,Published phone: 077-6067125 ,http://rti.gov.lk/do-list/,
phone,pass,Published phone: 071-6814708 ,http://rti.gov.lk/do-list/,
phone,pass,Published phone: 071 439 6547 ,http://rti.gov.lk/do-list/,
phone,pass,Published phone: 011 218 6025 ,http://rti.gov.lk/do-list/,
phone,pass,Published phone: 011 243 5082 ,http://rti.gov.lk/do-list/,
phone,pass,Published phone: 071 307 8625 ,http://rti.gov.lk/do-list/,
phone,pass,Published phone: 047 224 7375 ,http://rti.gov.lk/do-list/,
phone,pass,Published phone: 021 222 0138 ,http://rti.gov.lk/do-list/,
phone,pass,Published phone: 077 954 8939 ,http://rti.gov.lk/do-list/,
phone,pass,Published phone: 066 228 6755 ,http://rti.gov.lk/do-list/,
phone,pass,Published phone: 026-2222509 ,http://rti.gov.lk/do-list/,
phone,pass,Published phone: 07 011 278 55,http://rti.gov.lk/do-list/,
phone,pass,Published phone: 027 222 2184 ,http://rti.gov.lk/do-list/,
phone,pass,Published phone: 031 225 5276 ,http://rti.gov.lk/do-list/,
phone,pass,Published phone: 070 351 2434 ,http://rti.gov.lk/do-list/,
phone,pass,Published phone: 067 222 9496 ,http://rti.gov.lk/do-list/,
phone,pass,Published phone: 077-8409524 ,http://rti.gov.lk/do-list/,
phone,pass,Published phone: 011 239 9149 ,http://rti.gov.lk/do-list/,
phone,pass,Published phone: 04 011 250 55,http://rti.gov.lk/do-list/,
phone,pass,Published phone: 071 686 3046 ,http://rti.gov.lk/do-list/,
phone,pass,Published phone: 070 210 4455 ,http://rti.gov.lk/do-list/,
phone,pass,Published phone: 011 287 5901 ,http://rti.gov.lk/do-list/,
phone,pass,Published phone: 066 228 4571 ,http://rti.gov.lk/do-list/,
phone,pass,Published phone: 011-2876386 ,http://rti.gov.lk/do-list/,
phone,pass,Published phone: 011-2673978 ,http://rti.gov.lk/do-list/,
phone,pass,Published phone: 024 226 0913 ,http://rti.gov.lk/do-list/,
phone,pass,Published phone: 041-2260267 ,http://rti.gov.lk/do-list/,
phone,pass,Published phone: 023 205 0652 ,http://rti.gov.lk/do-list/,
phone,pass,Published phone: 071 036 1010 ,http://rti.gov.lk/do-list/,
phone,pass,Published phone: 05 011 258 72,http://rti.gov.lk/do-list/,
phone,pass,Published phone: 033 222 3392 ,http://rti.gov.lk/do-list/,
phone,pass,Published phone: 00 011 267 47,http://rti.gov.lk/do-list/,
phone,pass,Published phone: 021 228 4532 ,http://rti.gov.lk/do-list/,
phone,pass,Published phone: 011 286 6460 ,http://rti.gov.lk/do-list/,
phone,pass,Published phone: 045 222 8038 ,http://rti.gov.lk/do-list/,
phone,pass,Published phone: 070 255 2704 ,http://rti.gov.lk/do-list/,
phone,pass,Published phone: 011 286 8613 ,http://rti.gov.lk/do-list/,
phone,pass,Published phone: 037-2228151 ,http://rti.gov.lk/do-list/,
phone,pass,Published phone: 045-222 2403 ,http://rti.gov.lk/do-list/,
phone,pass,Published phone: 021-2212618 ,http://rti.gov.lk/do-list/,
phone,pass,Published phone: 055 226 8124 ,http://rti.gov.lk/do-list/,
phone,pass,Published phone: 07 011 267 60,http://rti.gov.lk/do-list/,
phone,pass,Published phone: 011 250 2611 ,http://rti.gov.lk/do-list/,
phone,pass,Published phone: 024 222 1956 ,http://rti.gov.lk/do-list/,
phone,pass,Published phone: 04 011 269 83,http://rti.gov.lk/do-list/,
phone,pass,Published phone: 071-6076605 ,http://rti.gov.lk/do-list/,
phone,pass,Published phone: 091 221 0997 ,http://rti.gov.lk/do-list/,
phone,pass,Published phone: 01 0900062 0,http://rti.gov.lk/do-list/,
phone,pass,Published phone: 045 222 8042 ,http://rti.gov.lk/do-list/,
phone,pass,Published phone: 011 257 2254 ,http://rti.gov.lk/do-list/,
phone,pass,Published phone: 077 744 6324 ,http://rti.gov.lk/do-list/,
phone,pass,Published phone: 077 770 0645 ,http://rti.gov.lk/do-list/,
phone,pass,Published phone: 077-7449899 ,http://rti.gov.lk/do-list/,
phone,pass,Published phone: 081 247 6276 ,http://rti.gov.lk/do-list/,
phone,pass,Published phone: 08 97 206 80 1,http://rti.gov.lk/do-list/,
phone,pass,Published phone: 036-2267099 ,http://rti.gov.lk/do-list/,
phone,pass,Published phone: 037-2223720 ,http://rti.gov.lk/do-list/,
phone,pass,Published phone: 071 444 6767 ,http://rti.gov.lk/do-list/,
phone,pass,Published phone: 091 562 0303 ,http://rti.gov.lk/do-list/,
phone,pass,Published phone: 034 227 5419 ,http://rti.gov.lk/do-list/,
phone,pass,Published phone: 011 233 7350 ,http://rti.gov.lk/do-list/,
phone,pass,Published phone: 071 431 6425 ,http://rti.gov.lk/do-list/,
phone,pass,Published phone: 091 494 6587 ,http://rti.gov.lk/do-list/,
phone,pass,Published phone: 071 646 0010 ,http://rti.gov.lk/do-list/,
phone,pass,Published phone: 07 990 -497 24,http://rti.gov.lk/do-list/,
phone,pass,Published phone: 011 242 4167 ,http://rti.gov.lk/do-list/,
phone,pass,Published phone: 011 215 1418 ,http://rti.gov.lk/do-list/,
phone,pass,Published phone: 021-2285440 ,http://rti.gov.lk/do-list/,
phone,pass,Published phone: 055-2222055 ,http://rti.gov.lk/do-list/,
phone,pass,Published phone: 071-6304760 ,http://rti.gov.lk/do-list/,
phone,pass,Published phone: 0112 329 270 ,http://rti.gov.lk/do-list/,
phone,pass,Published phone: 00 011 243 02,http://rti.gov.lk/do-list/,
phone,pass,Published phone: 034 222 2568 ,http://rti.gov.lk/do-list/,
phone,pass,Published phone: 05 011 250 17,http://rti.gov.lk/do-list/,
phone,pass,Published phone: 011 232 8370 ,http://rti.gov.lk/do-list/,
phone,pass,Published phone: 091 494 4224 ,http://rti.gov.lk/do-list/,
phone,pass,Published phone: 021-2285327 ,http://rti.gov.lk/do-list/,
phone,pass,Published phone: 091-2235950 ,http://rti.gov.lk/do-list/,
phone,pass,Published phone: 011 277 4489 ,http://rti.gov.lk/do-list/,
phone,pass,Published phone: 05 011 250 56,http://rti.gov.lk/do-list/,
phone,pass,Published phone: 07 011 279 73,http://rti.gov.lk/do-list/,
phone,pass,Published phone: 07 077 395 79,http://rti.gov.lk/do-list/,
phone,pass,Published phone: 0 011 238 003,http://rti.gov.lk/do-list/,
phone,pass,Published phone: 041 228 2275 ,http://rti.gov.lk/do-list/,
phone,pass,Published phone: 077 105 4859 ,http://rti.gov.lk/do-list/,
phone,pass,Published phone: 045-222 8197 ,http://rti.gov.lk/do-list/,
phone,pass,Published phone: 076 962 4536 ,http://rti.gov.lk/do-list/,
phone,pass,Published phone: 077 618 1442 ,http://rti.gov.lk/do-list/,
phone,pass,Published phone: 0 011 242 128,http://rti.gov.lk/do-list/,
phone,pass,Published phone: 011 278 6380 ,http://rti.gov.lk/do-list/,
phone,pass,Published phone: 077 601 6083 ,http://rti.gov.lk/do-list/,
phone,pass,Published phone: 036 226 7275 ,http://rti.gov.lk/do-list/,
phone,pass,Published phone: 011 257 4713 ,http://rti.gov.lk/do-list/,
phone,pass,Published phone: 011 255 2529 ,http://rti.gov.lk/do-list/,
phone,pass,Published phone: 0 114 -284 457 -,http://rti.gov.lk/do-list/,
phone,pass,Published phone: 091-2246299 ,http://rti.gov.lk/do-list/,
phone,pass,Published phone: 011 236 8253 ,http://rti.gov.lk/do-list/,
phone,pass,Published phone: 077-7381635 ,http://rti.gov.lk/do-list/,
phone,pass,Published phone: 033 222 2077 ,http://rti.gov.lk/do-list/,
phone,pass,Published phone: 091 229 6518 ,http://rti.gov.lk/do-list/,
phone,pass,Published phone: 055 224 5775 ,http://rti.gov.lk/do-list/,
phone,pass,Published phone: 0 -107 -173 -107 -,http://rti.gov.lk/do-list/,
phone,pass,Published phone: 011 287 8798 ,http://rti.gov.lk/do-list/,
phone,pass,Published phone: 091 226 7576 ,http://rti.gov.lk/do-list/,
phone,pass,Published phone: 021 228 2929 ,http://rti.gov.lk/do-list/,
phone,pass,Published phone: 071 294 8050 ,http://rti.gov.lk/do-list/,
phone,pass,Published phone: 071 822 0272 ,http://rti.gov.lk/do-list/,
phone,pass,Published phone: 077-2649251 ,http://rti.gov.lk/do-list/,
phone,pass,Published phone: 076 657 2437 ,http://rti.gov.lk/do-list/,
phone,pass,Published phone: 055-2276175 ,http://rti.gov.lk/do-list/,
phone,pass,Published phone: 077-4455134 ,http://rti.gov.lk/do-list/,
phone,pass,Published phone: 071 467 7104 ,http://rti.gov.lk/do-list/,
phone,pass,Published phone: 077 795 7585 ,http://rti.gov.lk/do-list/,
phone,pass,Published phone: 071-5353485 ,http://rti.gov.lk/do-list/,
phone,pass,Published phone: 011 288 9484 ,http://rti.gov.lk/do-list/,
phone,pass,Published phone: 077-6944144 ,http://rti.gov.lk/do-list/,
phone,pass,Published phone: 011 263 3936 ,http://rti.gov.lk/do-list/,
phone,pass,Published phone: 011 246 7618 ,http://rti.gov.lk/do-list/,
phone,pass,Published phone: 071 349 0919 ,http://rti.gov.lk/do-list/,
phone,pass,Published phone: 052 227 9410 ,http://rti.gov.lk/do-list/,
phone,pass,Published phone: 077-3037535 ,http://rti.gov.lk/do-list/,
phone,pass,Published phone: 091 228 3276 ,http://rti.gov.lk/do-list/,
phone,pass,Published phone: 077-9590476 ,http://rti.gov.lk/do-list/,
phone,pass,Published phone: 026-2221019 ,http://rti.gov.lk/do-list/,
phone,pass,Published phone: 047 224 6375 ,http://rti.gov.lk/do-list/,
phone,pass,Published phone: 047 224 0275 ,http://rti.gov.lk/do-list/,
phone,pass,Published phone: 077 479 7017 ,http://rti.gov.lk/do-list/,
phone,pass,Published phone: 03 011 232 25,http://rti.gov.lk/do-list/,
phone,pass,Published phone: 01 011 232 96,http://rti.gov.lk/do-list/,
phone,pass,Published phone: 08 011 267 66,http://rti.gov.lk/do-list/,
phone,pass,Published phone: 011 233 3482 ,http://rti.gov.lk/do-list/,
phone,pass,Published phone: 070 271 4462 ,http://rti.gov.lk/do-list/,
phone,pass,Published phone: 071 715 4407 ,http://rti.gov.lk/do-list/,
phone,pass,Published phone: 081 242 4938 ,http://rti.gov.lk/do-list/,
phone,pass,Published phone: 037 229 1075 ,http://rti.gov.lk/do-list/,
phone,pass,Published phone: 0 011 269 851,http://rti.gov.lk/do-list/,
phone,pass,Published phone: 011 209 2703 ,http://rti.gov.lk/do-list/,
phone,pass,Published phone: 011 252 5065 ,http://rti.gov.lk/do-list/,
phone,pass,Published phone: 01 -76 -368 -76 -1,http://rti.gov.lk/do-list/,
phone,pass,Published phone: 011 280 4500 ,http://rti.gov.lk/do-list/,
phone,pass,Published phone: 037 226 7275 ,http://rti.gov.lk/do-list/,
phone,pass,Published phone: 04 011 268 88,http://rti.gov.lk/do-list/,
phone,pass,Published phone: 077 162 3915 ,http://rti.gov.lk/do-list/,
phone,pass,Published phone: 071 827 8794 ,http://rti.gov.lk/do-list/,
phone,pass,Published phone: 011 278 5220 ,http://rti.gov.lk/do-list/,
phone,pass,Published phone: 011 288 5208 ,http://rti.gov.lk/do-list/,
phone,pass,Published phone: 091 228 6075 ,http://rti.gov.lk/do-list/,
phone,pass,Published phone: 011 287 7374 ,http://rti.gov.lk/do-list/,
phone,pass,Published phone: 034 222 1787 ,http://rti.gov.lk/do-list/,
phone,pass,Published phone: 037 2224796 ,http://rti.gov.lk/do-list/,
phone,pass,Published phone: 071 448 9586 ,http://rti.gov.lk/do-list/,
phone,pass,Published phone: 070 335 5289 ,http://rti.gov.lk/do-list/,
phone,pass,Published phone: 021 226 3213 ,http://rti.gov.lk/do-list/,
phone,pass,Published phone: 041 222 9512 ,http://rti.gov.lk/do-list/,
phone,pass,Published phone: 034 228 4024 ,http://rti.gov.lk/do-list/,
phone,pass,Published phone: 011 288 2018 ,http://rti.gov.lk/do-list/,
phone,pass,Published phone: 011 572 905 0,http://rti.gov.lk/do-list/,
phone,pass,Published phone: 03 011 257 31,http://rti.gov.lk/do-list/,
phone,pass,Published phone: 021 224 5063 ,http://rti.gov.lk/do-list/,
phone,pass,Published phone: 077 657 6160 ,http://rti.gov.lk/do-list/,
phone,pass,Published phone: 011 288 5207 ,http://rti.gov.lk/do-list/,
phone,pass,Published phone: 05 011 250 78,http://rti.gov.lk/do-list/,
phone,pass,Published phone: 026-2225708 ,http://rti.gov.lk/do-list/,
phone,pass,Published phone: 08 071 088 26,http://rti.gov.lk/do-list/,
phone,pass,Published phone: 011 279 7200 ,http://rti.gov.lk/do-list/,
phone,pass,Published phone: 077 557 0332 ,http://rti.gov.lk/do-list/,
phone,pass,Published phone: 047 224 3280 ,http://rti.gov.lk/do-list/,
phone,pass,Published phone: 025 205 5015 ,http://rti.gov.lk/do-list/,
phone,pass,Published phone: 011 257 3346 ,http://rti.gov.lk/do-list/,
phone,pass,Published phone: 065 225 9877 ,http://rti.gov.lk/do-list/,
phone,pass,Published phone: 032 222 3708 ,http://rti.gov.lk/do-list/,
phone,pass,Published phone: 011 244 6111 ,http://rti.gov.lk/do-list/,
phone,pass,Published phone: 021 227 0079 ,http://rti.gov.lk/do-list/,
phone,pass,Published phone: 076 817 6421 ,http://rti.gov.lk/do-list/,
phone,pass,Published phone: 054 222 2275 ,http://rti.gov.lk/do-list/,
phone,pass,Published phone: 081 238 8195 ,http://rti.gov.lk/do-list/,
phone,pass,Published phone: 071 489 9609 ,http://rti.gov.lk/do-list/,
phone,pass,Published phone: 07 011-25031,http://rti.gov.lk/do-list/,
phone,pass,Published phone: 02 076 873 42,http://rti.gov.lk/do-list/,
phone,pass,Published phone: 011 388 8023 ,http://rti.gov.lk/do-list/,
phone,pass,Published phone: 068 226 5417 ,http://rti.gov.lk/do-list/,
phone,pass,Published phone: 071 819 6836 ,http://rti.gov.lk/do-list/,
phone,pass,Published phone: 011 234 8228 ,http://rti.gov.lk/do-list/,
phone,pass,Published phone: 034 222 7004 ,http://rti.gov.lk/do-list/,
phone,pass,Published phone: 077 465 6973 ,http://rti.gov.lk/do-list/,
phone,pass,Published phone: 021 221 5003 ,http://rti.gov.lk/do-list/,
phone,pass,Published phone: 011 286 8791 ,http://rti.gov.lk/do-list/,
phone,pass,Published phone: 071 684 9531 ,http://rti.gov.lk/do-list/,
phone,pass,Published phone: 03 011 237 51,http://rti.gov.lk/do-list/,
phone,pass,Published phone: 06 011 281 83,http://rti.gov.lk/do-list/,
phone,pass,Published phone: 01 011 213 13,http://rti.gov.lk/do-list/,
phone,pass,Published phone: 041 227 3275 ,http://rti.gov.lk/do-list/,
phone,pass,Published phone: 03 011 243 61,http://rti.gov.lk/do-list/,
phone,pass,Published phone: 026-2221210 ,http://rti.gov.lk/do-list/,
phone,pass,Published phone: 071-8001952 ,http://rti.gov.lk/do-list/,
phone,pass,Published phone: 077 364 1563 ,http://rti.gov.lk/do-list/,
phone,pass,Published phone: 0 -236 14 -368 7,http://rti.gov.lk/do-list/,
phone,pass,Published phone: 09 -223 -461 -29,http://rti.gov.lk/do-list/,
phone,pass,Published phone: 071 845 6105 ,http://rti.gov.lk/do-list/,
phone,pass,Published phone: 021 206 1640 ,http://rti.gov.lk/do-list/,
phone,pass,Published phone: 023 205 0002 ,http://rti.gov.lk/do-list/,
phone,pass,Published phone: 025 222 2729 ,http://rti.gov.lk/do-list/,
phone,pass,Published phone: 077-3553156 ,http://rti.gov.lk/do-list/,
phone,pass,Published phone: 011 268 9367 ,http://rti.gov.lk/do-list/,
phone,pass,Published phone: 071 859 1004 ,http://rti.gov.lk/do-list/,
phone,pass,Published phone: 011 268 0163 ,http://rti.gov.lk/do-list/,
phone,pass,Published phone: 055 301 2584 ,http://rti.gov.lk/do-list/,
phone,pass,Published phone: 011 209 2998 ,http://rti.gov.lk/do-list/,
phone,pass,Published phone: 071-8273615 ,http://rti.gov.lk/do-list/,
phone,pass,Published phone: 077 188 1829 ,http://rti.gov.lk/do-list/,
phone,pass,Published phone: 077 678 7969 ,http://rti.gov.lk/do-list/,
phone,pass,Published phone: 011 251 4753 ,http://rti.gov.lk/do-list/,
phone,pass,Published phone: 0120 011 277 ,http://rti.gov.lk/do-list/,
phone,pass,Published phone: 05 011 258 54,http://rti.gov.lk/do-list/,
phone,pass,Published phone: 025 205 3057 ,http://rti.gov.lk/do-list/,
phone,pass,Published phone: 041 222 2906 ,http://rti.gov.lk/do-list/,
phone,pass,Published phone: 011 267 1647 ,http://rti.gov.lk/do-list/,
phone,pass,Published phone: 077 293 1090 ,http://rti.gov.lk/do-list/,
phone,pass,Published phone: 077 778 5924 ,http://rti.gov.lk/do-list/,
phone,pass,Published phone: 057 222 2875 ,http://rti.gov.lk/do-list/,
phone,pass,Published phone: +94 112 515701 ,http://rti.gov.lk/do-list/,
phone,pass,Published phone: 026-2222749 ,http://rti.gov.lk/do-list/,
phone,pass,Published phone: 0 011 269 973,http://rti.gov.lk/do-list/,
phone,pass,Published phone: 011 279 8782 ,http://rti.gov.lk/do-list/,
phone,pass,Published phone: 011 203 5468 ,http://rti.gov.lk/do-list/,
phone,pass,Published phone: 0 -12 -29 -10 -49 2,http://rti.gov.lk/do-list/,
phone,pass,Published phone: 011 287 2359 ,http://rti.gov.lk/do-list/,
phone,pass,Published phone: 024-2222269 ,http://rti.gov.lk/do-list/,
phone,pass,Published phone: 041 229 3639 ,http://rti.gov.lk/do-list/,
phone,pass,Published phone: 055 227 6175 ,http://rti.gov.lk/do-list/,
phone,pass,Published phone: 071 479 4490 ,http://rti.gov.lk/do-list/,
phone,pass,Published phone: 071 434 3939 ,http://rti.gov.lk/do-list/,
phone,pass,Published phone: 02 011 233 35,http://rti.gov.lk/do-list/,
phone,pass,Published phone: 077-3464766 ,http://rti.gov.lk/do-list/,
phone,pass,Published phone: 071-4031173 ,http://rti.gov.lk/do-list/,
phone,pass,Published phone: 0 15 31 17 60 1,http://rti.gov.lk/do-list/,
phone,pass,Published phone: 070 270 3277 ,http://rti.gov.lk/do-list/,
phone,pass,Published phone: 077 381 4854 ,http://rti.gov.lk/do-list/,
phone,pass,Published phone: 075 757 5351 ,http://rti.gov.lk/do-list/,
phone,pass,Published phone: 09 011 247 76,http://rti.gov.lk/do-list/,
phone,pass,Published phone: 03 011 267 45,http://rti.gov.lk/do-list/,
phone,pass,Published phone: 037-2225581 ,http://rti.gov.lk/do-list/,
phone,pass,Published phone: 071 424 1571 ,http://rti.gov.lk/do-list/,
phone,pass,Published phone: 065 225 7429 ,http://rti.gov.lk/do-list/,
phone,pass,Published phone: 0 011 232 373,http://rti.gov.lk/do-list/,
phone,pass,Published phone: 03 011 239 40,http://rti.gov.lk/do-list/,
phone,pass,Published phone: 037-2275873 ,http://rti.gov.lk/do-list/,
phone,pass,Published phone: 071 857 9369 ,http://rti.gov.lk/do-list/,
phone,pass,Published phone: 041 222 2571 ,http://rti.gov.lk/do-list/,
phone,pass,Published phone: 077 075 5291 ,http://rti.gov.lk/do-list/,
phone,pass,Published phone: 011 287 2061 ,http://rti.gov.lk/do-list/,
phone,pass,Published phone: 070 011 244 7,http://rti.gov.lk/do-list/,
phone,pass,Published phone: 041 224 0093 ,http://rti.gov.lk/do-list/,
phone,pass,Published phone: 055 227 7306 ,http://rti.gov.lk/do-list/,
phone,pass,Published phone: 021 228 3848 ,http://rti.gov.lk/do-list/,
phone,pass,Published phone: 011 284 7555 ,http://rti.gov.lk/do-list/,
phone,pass,Published phone: 063 205 0181 ,http://rti.gov.lk/do-list/,
phone,pass,Published phone: 021 205 8867 ,http://rti.gov.lk/do-list/,
phone,pass,Published phone: 035 226 5275 ,http://rti.gov.lk/do-list/,
phone,pass,Published phone: 01 0853272 2,http://rti.gov.lk/do-list/,
phone,pass,Published phone: 071 444 7393 ,http://rti.gov.lk/do-list/,
phone,pass,Published phone: 063 224 0481 ,http://rti.gov.lk/do-list/,
phone,pass,Published phone: 021-2060011 ,http://rti.gov.lk/do-list/,
phone,pass,Published phone: 0 27 69 37 214 ,http://rti.gov.lk/do-list/,
phone,pass,Published phone: 067 225 5138 ,http://rti.gov.lk/do-list/,
phone,pass,Published phone: 076 136 3830 ,http://rti.gov.lk/do-list/,
phone,pass,Published phone: 09 011 545 54,http://rti.gov.lk/do-list/,
phone,pass,Published phone: 091 222 9811 ,http://rti.gov.lk/do-list/,
phone,pass,Published phone: 0 011 243 277,http://rti.gov.lk/do-list/,
phone,pass,Published phone: 077 789 9920 ,http://rti.gov.lk/do-list/,
phone,pass,Published phone: 037 227 5275 ,http://rti.gov.lk/do-list/,
phone,pass,Published phone: 07 011 269 94,http://rti.gov.lk/do-list/,
phone,pass,Published phone: 011 232 8486 ,http://rti.gov.lk/do-list/,
phone,pass,Published phone: 076 776 6593 ,http://rti.gov.lk/do-list/,
phone,pass,Published phone: 091 223 4937 ,http://rti.gov.lk/do-list/,
phone,pass,Published phone: 055-2250175 ,http://rti.gov.lk/do-list/,
phone,pass,Published phone: 0 29 -41 0 -53 -5 -7,http://rti.gov.lk/do-list/,
phone,pass,Published phone: 077 730 8008 ,http://rti.gov.lk/do-list/,
phone,pass,Published phone: 011 252 1932 ,http://rti.gov.lk/do-list/,
phone,pass,Published phone: 011 207 5231 ,http://rti.gov.lk/do-list/,
phone,pass,Published phone: 055 227 4875 ,http://rti.gov.lk/do-list/,
phone,pass,Published phone: 067 227 7375 ,http://rti.gov.lk/do-list/,
phone,pass,Published phone: 011-2438181 ,http://rti.gov.lk/do-list/,
phone,pass,Published phone: 08 0160222 2,http://rti.gov.lk/do-list/,
phone,pass,Published phone: 063 205 1935 ,http://rti.gov.lk/do-list/,
phone,pass,Published phone: 011 286 3737 ,http://rti.gov.lk/do-list/,
phone,pass,Published phone: 026-2225993 ,http://rti.gov.lk/do-list/,
phone,pass,Published phone: 011 287 2046 ,http://rti.gov.lk/do-list/,
phone,pass,Published phone: 07 011 305 43,http://rti.gov.lk/do-list/,
phone,pass,Published phone: 021-2285446 ,http://rti.gov.lk/do-list/,
phone,pass,Published phone: 047 493 5400 ,http://rti.gov.lk/do-list/,
phone,pass,Published phone: 037 222 9688 ,http://rti.gov.lk/do-list/,
phone,pass,Published phone: 077 342 0513 ,http://rti.gov.lk/do-list/,
phone,pass,Published phone: 071 826 3525 ,http://rti.gov.lk/do-list/,
phone,pass,Published phone: 071 809 7765 ,http://rti.gov.lk/do-list/,
phone,pass,Published phone: 071 884 6659 ,http://rti.gov.lk/do-list/,
phone,pass,Published phone: 026-2226053 ,http://rti.gov.lk/do-list/,
phone,pass,Published phone: 021-2220657 ,http://rti.gov.lk/do-list/,
phone,pass,Published phone: 037 229 1117 ,http://rti.gov.lk/do-list/,
phone,pass,Published phone: 06933 0112 6,http://rti.gov.lk/do-list/,
phone,pass,Published phone: 011 248 4962 ,http://rti.gov.lk/do-list/,
phone,pass,Published phone: 011 285 0265 ,http://rti.gov.lk/do-list/,
phone,pass,Published phone: 07 011 269 11,http://rti.gov.lk/do-list/,
phone,pass,Published phone: 071-7707272 ,http://rti.gov.lk/do-list/,
phone,pass,Published phone: 071 816 5570 ,http://rti.gov.lk/do-list/,
phone,pass,Published phone: 072 284 2562 ,http://rti.gov.lk/do-list/,
phone,pass,Published phone: 05 011 255 42,http://rti.gov.lk/do-list/,
phone,pass,Published phone: 07 011 230 70,http://rti.gov.lk/do-list/,
email,pass,Published email: councilsecsgpc@gmail.com,http://rti.gov.lk/do-list/,
email,pass,Published email: info@spc.spgov.lk,http://rti.gov.lk/do-list/,
email,pass,Published email: housingcommissionerwp@gmail.com,http://rti.gov.lk/do-list/,
email,pass,Published email: msep_ps@yahoo.com,http://rti.gov.lk/do-list/,
email,pass,Published email: secretary@mws.gov.lk,http://rti.gov.lk/do-list/,
email,pass,Published email: dmblogu@gmail.com,http://rti.gov.lk/do-list/,
email,pass,Published email: uchaputale@gmail.com,http://rti.gov.lk/do-list/,
email,pass,Published email: deputyregistrarsvias@gmail.com,http://rti.gov.lk/do-list/,
email,pass,Published email: udeshika.gmage@gmail.com,http://rti.gov.lk/do-list/,
email,pass,Published email: pathahewahetaps@gmail.com,http://rti.gov.lk/do-list/,
email,pass,Published email: nindmaligawattee@gmail.com,http://rti.gov.lk/do-list/,
email,pass,Published email: chairmanlrc@sltnet.lk,http://rti.gov.lk/do-list/,
email,pass,Published email: ta.cpclk@gmail.com,http://rti.gov.lk/do-list/,
email,pass,Published email: dgc@doc.gov.lk,http://rti.gov.lk/do-list/,
email,pass,Published email: dvc@uom.lk,http://rti.gov.lk/do-list/,
email,pass,Published email: rgd@sltnet.lk,http://rti.gov.lk/do-list/,
email,pass,Published email: agrisabara@gmail.com,http://rti.gov.lk/do-list/,
email,pass,Published email: secofsports@gmail.com,http://rti.gov.lk/do-list/,
email,pass,Published email: hapuprasa@yahoo.com,http://rti.gov.lk/do-list/,
email,pass,Published email: pskpattu@gmail.com,http://rti.gov.lk/do-list/,
email,pass,Published email: kolonnapss@gmail.com,http://rti.gov.lk/do-list/,
email,pass,Published email: dg@aib.gov.lk,http://rti.gov.lk/do-list/,
email,pass,Published email: dkpsgep@gmail.com,http://rti.gov.lk/do-list/,
email,pass,Published email: dgms@msd.treasury.gov.lk,http://rti.gov.lk/do-list/,
email,pass,Published email: peanwp@sltnet.lk,http://rti.gov.lk/do-list/,
email,pass,Published email: nwpgiri@yahoo.com,http://rti.gov.lk/do-list/,
email,pass,Published email: hattonuc@gmail.com,http://rti.gov.lk/do-list/,
email,pass,Published email: wpcoopec@gmail.com,http://rti.gov.lk/do-list/,
email,pass,Published email: priyanthwijesundare@gmail.com,http://rti.gov.lk/do-list/,
email,pass,Published email: Sagarika80@gmail.com,http://rti.gov.lk/do-list/,
email,pass,Published email: ayurmc@sltnet.lk,http://rti.gov.lk/do-list/,
email,pass,Published email: raclgmannar@gmail.com,http://rti.gov.lk/do-list/,
email,pass,Published email: zoeplmaho@gmail.com,http://rti.gov.lk/do-list/,
email,pass,Published email: yatinuwarapradeshiyasabha@gmail.com,http://rti.gov.lk/do-list/,
email,pass,Published email: esbnewtown@gmail.com,http://rti.gov.lk/do-list/,
email,pass,Published email: sisira128@gmail.com,http://rti.gov.lk/do-list/,
email,pass,Published email: appealofficer@parliament.lk,http://rti.gov.lk/do-list/,
email,pass,Published email: mannaruc154@gmail.com,http://rti.gov.lk/do-list/,
email,pass,Published email: athu1970@yahoo.com,http://rti.gov.lk/do-list/,
email,pass,Published email: spcaudit@gmail.com,http://rti.gov.lk/do-list/,
email,pass,Published email: Directorcultural22@gmail.com,http://rti.gov.lk/do-list/,
email,pass,Published email: dg@pureceylontea.com,http://rti.gov.lk/do-list/,
email,pass,Published email: dgblsec@gmail.com,http://rti.gov.lk/do-list/,
email,pass,Published email: commissionerrevenuewp@gmail.com,http://rti.gov.lk/do-list/,
email,pass,Published email: uceravur@gmail.com,http://rti.gov.lk/do-list/,
email,pass,Published email: arandara71@gmail.com,http://rti.gov.lk/do-list/,
email,pass,Published email: gm@smib.lk,http://rti.gov.lk/do-list/,
email,pass,Published email: cg@imexport.gov.lk,http://rti.gov.lk/do-list/,
email,pass,Published email: kulamini@gmail.com,http://rti.gov.lk/do-list/,
email,pass,Published email: minhealth@ep.gov.lk,http://rti.gov.lk/do-list/,
email,pass,Published email: uc_hikkaduwa@yahoo.com,http://rti.gov.lk/do-list/,
email,pass,Published email: igp@police.lk,http://rti.gov.lk/do-list/,
email,pass,Published email: narmadaegodagedara@gmail.com,http://rti.gov.lk/do-list/,
email,pass,Published email: ehelips@gmail.com,http://rti.gov.lk/do-list/,
email,pass,Published email: nuwaraeliyaps@yahoo.com,http://rti.gov.lk/do-list/,
email,pass,Published email: Neluwaps@gmail.com,http://rti.gov.lk/do-list/,
email,pass,Published email: rubbdev@gmail.com,http://rti.gov.lk/do-list/,
email,pass,Published email: buwijesekara@gmail.com,http://rti.gov.lk/do-list/,
email,pass,Published email: natmin@sltnet.lk,http://rti.gov.lk/do-list/,
email,pass,Published email: establishment@iim.cmb.ac.lk,http://rti.gov.lk/do-list/,
email,pass,Published email: commissioner@probation.gov.lk,http://rti.gov.lk/do-list/,
email,pass,Published email: bpshead@gmail.com,http://rti.gov.lk/do-list/,
email,pass,Published email: nwpcouncil@gmail.com,http://rti.gov.lk/do-list/,
email,pass,Published email: info@mepa.gov.lk,http://rti.gov.lk/do-list/,
email,pass,Published email: chairman@slt.lk,http://rti.gov.lk/do-list/,
email,pass,Published email: adaphjaffna@gmail.com,http://rti.gov.lk/do-list/,
email,pass,Published email: galewelapradeshiyasabha@yahoo.com,http://rti.gov.lk/do-list/,
email,pass,Published email: raclgjaffna@gmail.com,http://rti.gov.lk/do-list/,
email,pass,Published email: vswps@yahoo.com,http://rti.gov.lk/do-list/,
email,pass,Published email: chiefsecretary@wpc.gov.lk,http://rti.gov.lk/do-list/,
email,pass,Published email: finance@pim.sjp.ac.lk,http://rti.gov.lk/do-list/,
email,pass,Published email: rdhsvavuniya@gmail.com,http://rti.gov.lk/do-list/,
email,pass,Published email: sports@ep.gov.lk,http://rti.gov.lk/do-list/,
email,pass,Published email: dvc@kdu.ac.lk,http://rti.gov.lk/do-list/,
email,pass,Published email: info@slpdmogov.lk,http://rti.gov.lk/do-list/,
email,pass,Published email: dagadm.2024@gmail.com,http://rti.gov.lk/do-list/,
email,pass,Published email: motortraffic@ep.gov.lk,http://rti.gov.lk/do-list/,
email,pass,Published email: kpchandith@presidentsoffice.lk,http://rti.gov.lk/do-list/,
email,pass,Published email: info@smoud.gov.lk,http://rti.gov.lk/do-list/,
email,pass,Published email: samantha@erd.gov.lk,http://rti.gov.lk/do-list/,
email,pass,Published email: kurumc@gmail.com,http://rti.gov.lk/do-list/,
email,pass,Published email: psmadulla@gmail.com,http://rti.gov.lk/do-list/,
email,pass,Published email: dadadditionalcg@gmail.com,http://rti.gov.lk/do-list/,
email,pass,Published email: npdaph@yahoo.com,http://rti.gov.lk/do-list/,
email,pass,Published email: kaytsps@gmail.com,http://rti.gov.lk/do-list/,
email,pass,Published email: lal@cert.gov.lk,http://rti.gov.lk/do-list/,
email,pass,Published email: dgma@dma.treasury.gov.lk,http://rti.gov.lk/do-list/,
email,pass,Published email: Nanupaprasa@gmail.com,http://rti.gov.lk/do-list/,
email,pass,Published email: niyagamaps@gmail.com,http://rti.gov.lk/do-list/,
email,pass,Published email: zonecolombo@gmail.com,http://rti.gov.lk/do-list/,
email,pass,Published email: chandrikajayaweera66@gmail.com,http://rti.gov.lk/do-list/,
email,pass,Published email: housing@ep.gov.lk,http://rti.gov.lk/do-list/,
email,pass,Published email: muhandiramgelk@gmail.com,http://rti.gov.lk/do-list/,
email,pass,Published email: info@slelections.gov.lk,http://rti.gov.lk/do-list/,
email,pass,Published email: jananiisurika@gmail.com,http://rti.gov.lk/do-list/,
email,pass,Published email: vc@kln.ac.lk,http://rti.gov.lk/do-list/,
email,pass,Published email: mineducation@ep.gov.lk,http://rti.gov.lk/do-list/,
email,pass,Published email: addlsadmin@mohsl.gov.lk,http://rti.gov.lk/do-list/,
email,pass,Published email: jagoffice@army.lk,http://rti.gov.lk/do-list/,
email,pass,Published email: Shelomi28@hotmail.com,http://rti.gov.lk/do-list/,
email,pass,Published email: jrclibray@gmail.com,http://rti.gov.lk/do-list/,
email,pass,Published email: bulathsinghalaaps@yahoo.com,http://rti.gov.lk/do-list/,
email,pass,Published email: prasabaput@yahoo.com,http://rti.gov.lk/do-list/,
email,pass,Published email: chairman@slpa.lk,http://rti.gov.lk/do-list/,
email,pass,Published email: pcmcentral@gmail.com,http://rti.gov.lk/do-list/,
email,pass,Published email: pubad.secretary@sltnet.lk,http://rti.gov.lk/do-list/,
email,pass,Published email: dg@dwc.gov.lk,http://rti.gov.lk/do-list/,
email,pass,Published email: Rambewaps2015@gmail.com,http://rti.gov.lk/do-list/,
email,pass,Published email: coopecnwp@gmail.com,http://rti.gov.lk/do-list/,
email,pass,Published email: seceducentral@gmail.com,http://rti.gov.lk/do-list/,
email,pass,Published email: mail@nddcb.gov.lk,http://rti.gov.lk/do-list/,
email,pass,Published email: vc@admin.ruh.ac.lk,http://rti.gov.lk/do-list/,
email,pass,Published email: mckaduwela@gmail.com,http://rti.gov.lk/do-list/,
email,pass,Published email: walapanewps@gmail.com,http://rti.gov.lk/do-list/,
email,pass,Published email: gayathrigalmeida@gmail.com,http://rti.gov.lk/do-list/,
email,pass,Published email: damitha@pucsl.gov.lk,http://rti.gov.lk/do-list/,
email,pass,Published email: kumara@milco.lk,http://rti.gov.lk/do-list/,
email,pass,Published email: estabbranch@gmail.com,http://rti.gov.lk/do-list/,
email,pass,Published email: sar@ibmbb.cmb.ac.lk,http://rti.gov.lk/do-list/,
email,pass,Published email: vspsch@gmail.com,http://rti.gov.lk/do-list/,
email,pass,Published email: irrimin123@gmail.com,http://rti.gov.lk/do-list/,
email,pass,Published email: info@slic.gov.lk,http://rti.gov.lk/do-list/,
email,pass,Published email: ayagamaps@gmail.com,http://rti.gov.lk/do-list/,
email,pass,Published email: kilinorthzeoplan@gmail.com,http://rti.gov.lk/do-list/,
email,pass,Published email: madurawalaps@gmail.com,http://rti.gov.lk/do-list/,
email,pass,Published email: rti@cabinetoffice.gov.lk,http://rti.gov.lk/do-list/,
email,pass,Published email: gdeo.sw@gmail.com,http://rti.gov.lk/do-list/,
email,pass,Published email: hrd@ep.gov.lk,http://rti.gov.lk/do-list/,
email,pass,Published email: accdwp@gmail.com,http://rti.gov.lk/do-list/,
email,pass,Published email: zonalpl@gmail.com,http://rti.gov.lk/do-list/,
email,pass,Published email: Mawanellaps@gmail.com,http://rti.gov.lk/do-list/,
email,pass,Published email: director@muslimaffairs.gov.lk,http://rti.gov.lk/do-list/,
email,pass,Published email: npcadre@gmail.com,http://rti.gov.lk/do-list/,
email,pass,Published email: secretary@psc.spgov.lk,http://rti.gov.lk/do-list/,
email,pass,Published email: mdagamps@gmail.com,http://rti.gov.lk/do-list/,
email,pass,Published email: npc.culture@yahoo.com,http://rti.gov.lk/do-list/,
email,pass,Published email: probationsab@gmail.com,http://rti.gov.lk/do-list/,
email,pass,Published email: pcec.np@gmail.com,http://rti.gov.lk/do-list/,
email,pass,Published email: elpitiyapradeshiyasaba@gmail.com,http://rti.gov.lk/do-list/,
email,pass,Published email: accdkalutara@gmail.com,http://rti.gov.lk/do-list/,
email,pass,Published email: vcplnec@slt.lk,http://rti.gov.lk/do-list/,
email,pass,Published email: halielapradeshiyasabhawa@gmail.com,http://rti.gov.lk/do-list/,
email,pass,Published email: agmcs@ceb.lk,http://rti.gov.lk/do-list/,
email,pass,Published email: admvada@gmail.com,http://rti.gov.lk/do-list/,
email,pass,Published email: empcommicoopsp@sltnet.lk,http://rti.gov.lk/do-list/,
email,pass,Published email: athuraliyaps@gmail.com,http://rti.gov.lk/do-list/,
email,pass,Published email: admin@ep.gov.lk,http://rti.gov.lk/do-list/,
email,pass,Published email: urbancounciltangalle@yahoo.com,http://rti.gov.lk/do-list/,
email,pass,Published email: joe@peace-srilanka.org,http://rti.gov.lk/do-list/,
email,pass,Published email: roads@ep.gov.lk,http://rti.gov.lk/do-list/,
email,pass,Published email: kekirawasabha@gmail.com,http://rti.gov.lk/do-list/,
email,pass,Published email: wps875@gmail.com,http://rti.gov.lk/do-list/,
email,pass,Published email: aja@ucsc.cmb.ac.lk,http://rti.gov.lk/do-list/,
email,pass,Published email: pspallepola@gmail.com,http://rti.gov.lk/do-list/,
email,pass,Published email: katunayakaseeduwauc@gmail.com,http://rti.gov.lk/do-list/,
email,pass,Published email: balaprasabha@yahoo.com,http://rti.gov.lk/do-list/,
email,pass,Published email: pradeshiyasabha@gmail.com,http://rti.gov.lk/do-list/,
email,pass,Published email: gm@cma.lk,http://rti.gov.lk/do-list/,
email,pass,Published email: accdmullai@yahoo.com,http://rti.gov.lk/do-list/,
email,pass,Published email: pathadumbaraps@gmail.com,http://rti.gov.lk/do-list/,
email,pass,Published email: vadaswps@gmail.com,http://rti.gov.lk/do-list/,
email,pass,Published email: hakmanaps@ymail.com,http://rti.gov.lk/do-list/,
email,pass,Published email: finance@ep.gov.lk,http://rti.gov.lk/do-list/,
email,pass,Published email: mendis.n@mo.treasury.gov.lk,http://rti.gov.lk/do-list/,
email,pass,Published email: dg@ircsl.gov.lk,http://rti.gov.lk/do-list/,
email,pass,Published email: kuruwitaps@sltnet.lk,http://rti.gov.lk/do-list/,
email,pass,Published email: sec@env.gov.lk,http://rti.gov.lk/do-list/,
email,pass,Published email: dscscsl@gmail.com,http://rti.gov.lk/do-list/,
email,pass,Published email: bhmedi@gmail.com,http://rti.gov.lk/do-list/,
email,pass,Published email: prdd@sltnet.lk,http://rti.gov.lk/do-list/,
email,pass,Published email: governsecspc@sltnet.lk,http://rti.gov.lk/do-list/,
email,pass,Published email: gmr-sir@sltnet.lk,http://rti.gov.lk/do-list/,
email,pass,Published email: info@healthdept.nw.gov.lk,http://rti.gov.lk/do-list/,
email,pass,Published email: info@balangoda.uc.gov.lk,http://rti.gov.lk/do-list/,
email,pass,Published email: docsdgshq@gmail.com,http://rti.gov.lk/do-list/,
email,pass,Published email: copgampaha@gmail.com,http://rti.gov.lk/do-list/,
email,pass,Published email: culture@ep.gov.lk,http://rti.gov.lk/do-list/,
email,pass,Published email: spcdaph@hgmail.com,http://rti.gov.lk/do-list/,
email,pass,Published email: cinnamondept@gmail.com,http://rti.gov.lk/do-list/,
email,pass,Published email: mail@nitf.lk,http://rti.gov.lk/do-list/,
email,pass,Published email: dga@airforce.lk,http://rti.gov.lk/do-list/,
email,pass,Published email: pctinp@gmail.com,http://rti.gov.lk/do-list/,
email,pass,Published email: secretaryasc@sltnet.lk,http://rti.gov.lk/do-list/,
email,pass,Published email: mcpolonnaruwa@gmail.com,http://rti.gov.lk/do-list/,
email,pass,Published email: sec@mip.gov.lk,http://rti.gov.lk/do-list/,
email,pass,Published email: hrdanwp@yahoo.com,http://rti.gov.lk/do-list/,
email,pass,Published email: sprptaratnapura@gmail.com,http://rti.gov.lk/do-list/,
email,pass,Published email: dg.naqda@gmail.com,http://rti.gov.lk/do-list/,
email,pass,Published email: aclgmonaragala@gmail.com,http://rti.gov.lk/do-list/,
email,pass,Published email: director@slilg.gov.lk,http://rti.gov.lk/do-list/,
email,pass,Published email: zeothen@yahoo.com,http://rti.gov.lk/do-list/,
email,pass,Published email: bsfund@mbs.gov.lk,http://rti.gov.lk/do-list/,
email,pass,Published email: sgp@parliament.lk,http://rti.gov.lk/do-list/,
email,pass,Published email: mirigamaps@gmail.com,http://rti.gov.lk/do-list/,
email,pass,Published email: aranayakeps@gmail.com,http://rti.gov.lk/do-list/,
email,pass,Published email: a.pattu.ps@gmail.com,http://rti.gov.lk/do-list/,
email,pass,Published email: dbacgoffice@gmail.com,http://rti.gov.lk/do-list/,
email,pass,Published email: socialwelfare.sg@gmail.com,http://rti.gov.lk/do-list/,
email,pass,Published email: irrigationnp@yahoo.com,http://rti.gov.lk/do-list/,
email,pass,Published email: dadanurapura@gmail.com,http://rti.gov.lk/do-list/,
email,pass,Published email: pitabaddaraps@gmail.com,http://rti.gov.lk/do-list/,
email,pass,Published email: psh.mahirajapiyapura@gmail.com,http://rti.gov.lk/do-list/,
email,pass,Published email: nldbch@gmail.com,http://rti.gov.lk/do-list/,
email,pass,Published email: spcclg@mail.com,http://rti.gov.lk/do-list/,
email,pass,Published email: industries@ep.gov.lk,http://rti.gov.lk/do-list/,
email,pass,Published email: probationssab@gmail.com,http://rti.gov.lk/do-list/,
email,pass,Published email: Cheddikulamie357@gmail.com,http://rti.gov.lk/do-list/,
email,pass,Published email: motortraffic.westernprovince@gmail.com,http://rti.gov.lk/do-list/,
email,pass,Published email: wijerama@yahoo.com,http://rti.gov.lk/do-list/,
email,pass,Published email: agriculture@ep.gov.lk,http://rti.gov.lk/do-list/,
email,pass,Published email: Devinuwara.ps@gmail.com,http://rti.gov.lk/do-list/,
email,pass,Published email: ayurvedidanp@yahoo.com,http://rti.gov.lk/do-list/,
email,pass,Published email: pogahawelaps1@gmail.com,http://rti.gov.lk/do-list/,
email,pass,Published email: htdibibile055@gmail.com,http://rti.gov.lk/do-list/,
email,pass,Published email: pspujapitiya@gmail.com,http://rti.gov.lk/do-list/,
email,pass,Published email: Weeraprasa@gmail.com,http://rti.gov.lk/do-list/,
email,pass,Published email: dgnb@nbd.treasury.gov.lk,http://rti.gov.lk/do-list/,
email,pass,Published email: ecg@excise.gov.lk,http://rti.gov.lk/do-list/,
email,pass,Published email: secretaryucppd@gmail.com,http://rti.gov.lk/do-list/,
email,pass,Published email: chairman@ecsl.lk,http://rti.gov.lk/do-list/,
email,pass,Published email: dg.ccd@coastal.gov.lk,http://rti.gov.lk/do-list/,
email,pass,Published email: info@slfea.lk,http://rti.gov.lk/do-list/,
email,pass,Published email: samanthilakewp@gmail.com,http://rti.gov.lk/do-list/,
email,pass,Published email: dayaratne.ks@treasury.gov.lk,http://rti.gov.lk/do-list/,
email,pass,Published email: ccd.sab@gmail.com,http://rti.gov.lk/do-list/,
email,pass,Published email: aclgmullaitivu@gmail.com,http://rti.gov.lk/do-list/,
email,pass,Published email: info@healthmin.wpc.gov.lk,http://rti.gov.lk/do-list/,
email,pass,Published email: ruraldev@ep.gov.lk,http://rti.gov.lk/do-list/,
email,pass,Published email: habaprasa@gmail.com,http://rti.gov.lk/do-list/,
email,pass,Published email: nikaweratiyaps@yahoo.com,http://rti.gov.lk/do-list/,
email,pass,Published email: pannalaps@gmail.com,http://rti.gov.lk/do-list/,
email,pass,Published email: audit@ep.gov.lk,http://rti.gov.lk/do-list/,
email,pass,Published email: ncrstransport@gmail.com,http://rti.gov.lk/do-list/,
email,pass,Published email: olcommission@gmail.com,http://rti.gov.lk/do-list/,
email,pass,Published email: info@nisd.ac.lk,http://rti.gov.lk/do-list/,
email,pass,Published email: sladsl@yahoo.com,http://rti.gov.lk/do-list/,
email,pass,Published email: thayaparan@vau.jfn.ac.lk,http://rti.gov.lk/do-list/,
email,pass,Published email: southerncoopd@gmail.com,http://rti.gov.lk/do-list/,
email,pass,Published email: registrar@busl.ac.lk,http://rti.gov.lk/do-list/,
email,pass,Published email: dgmscm@boc.lk,http://rti.gov.lk/do-list/,
email,pass,Published email: dgi@irrigationgov.lk,http://rti.gov.lk/do-list/,
email,pass,Published email: prisons@sltnet.lk,http://rti.gov.lk/do-list/,
email,pass,Published email: lalithjayasundara@gmail.com,http://rti.gov.lk/do-list/,
email,pass,Published email: kotapolaps@gmail.com,http://rti.gov.lk/do-list/,
email,pass,Published email: Thihagodaps@.gmail.com,http://rti.gov.lk/do-list/,
email,pass,Published email: rathnapuraps@gmail.com,http://rti.gov.lk/do-list/,
email,pass,Published email: admin@kuplt.com,http://rti.gov.lk/do-list/,
email,pass,Published email: deptbnrwp@gmail.com,http://rti.gov.lk/do-list/,
email,pass,Published email: mahoprasa@yahoo.com,http://rti.gov.lk/do-list/,
email,pass,Published email: mcbadulla@hotmail.com,http://rti.gov.lk/do-list/,
email,pass,Published email: wdps2006@gmail.com,http://rti.gov.lk/do-list/,
email,pass,Published email: ddaextvavuniya@gmail.com,http://rti.gov.lk/do-list/,
email,pass,Published email: pde@edudept.wp.gov.lk,http://rti.gov.lk/do-list/,
email,pass,Published email: arachchikattuwa.ps@gmail.com,http://rti.gov.lk/do-list/,
email,pass,Published email: mon.prasabawa@gmail.com,http://rti.gov.lk/do-list/,
email,pass,Published email: cheddips@gmail.com,http://rti.gov.lk/do-list/,
email,pass,Published email: slmc@lankabellnet.com,http://rti.gov.lk/do-list/,
email,pass,Published email: ibbaps@gmail.com,http://rti.gov.lk/do-list/,
email,pass,Published email: chairman@gjrti.gov.lk,http://rti.gov.lk/do-list/,
email,pass,Published email: secretariat@cpstl.lk,http://rti.gov.lk/do-list/,
email,pass,Published email: dg.usda16@gmail.com,http://rti.gov.lk/do-list/,
email,pass,Published email: ps.thawalama@gmail.com,http://rti.gov.lk/do-list/,
email,pass,Published email: tsecretarydelft@yahoo.com,http://rti.gov.lk/do-list/,
email,pass,Published email: velanaips@gmail.com,http://rti.gov.lk/do-list/,
email,pass,Published email: pdspaph@sltnet.lk,http://rti.gov.lk/do-list/,
email,pass,Published email: pscnwp@gmail.com,http://rti.gov.lk/do-list/,
email,pass,Published email: panaduraps@gmail.com,http://rti.gov.lk/do-list/,
email,pass,Published email: chiefsec1@sltne.lk,http://rti.gov.lk/do-list/,
email,pass,Published email: ddamullaitivu@gmail.com,http://rti.gov.lk/do-list/,
email,pass,Published email: info@mip.gov.lk,http://rti.gov.lk/do-list/,
email,pass,Published email: agrimannar@yahoo.com,http://rti.gov.lk/do-list/,
email,pass,Published email: Chandanalh74@gmail.com,http://rti.gov.lk/do-list/,
email,pass,Published email: kandaudac@gmail.com,http://rti.gov.lk/do-list/,
email,pass,Published email: accdvavuniya@gmail.com,http://rti.gov.lk/do-list/,
email,pass,Published email: Chairmanprda@gmail.com,http://rti.gov.lk/do-list/,
email,pass,Published email: nwpirridep2015@yahoo.com,http://rti.gov.lk/do-list/,
email,pass,Published email: agriuva@gmail.com,http://rti.gov.lk/do-list/,
email,pass,Published email: ccdnwp@yahoo.com,http://rti.gov.lk/do-list/,
email,pass,Published email: pmrsbaragamuwa@yahoo.com,http://rti.gov.lk/do-list/,
email,pass,Published email: auditnwp@gmail.com,http://rti.gov.lk/do-list/,
email,pass,Published email: gmsdcc1@gmail.com,http://rti.gov.lk/do-list/,
email,pass,Published email: pscncp@gmail.com,http://rti.gov.lk/do-list/,
email,pass,Published email: neekanthw@isb.lk,http://rti.gov.lk/do-list/,
email,pass,Published email: Ps_Karaitivu@yahoo.com,http://rti.gov.lk/do-list/,
email,pass,Published email: dgna@archieves.gov.lk,http://rti.gov.lk/do-list/,
email,pass,Published email: Janakala92@gmail.com,http://rti.gov.lk/do-list/,
email,pass,Published email: nfpbsamanthi@gmail.com,http://rti.gov.lk/do-list/,
email,pass,Published email: chanuka@cert.gov.lk,http://rti.gov.lk/do-list/,
email,pass,Published email: info@slpost.lk,http://rti.gov.lk/do-list/,
email,pass,Published email: artscouncil@yahoo.com,http://rti.gov.lk/do-list/,
email,pass,Published email: dg@fisheriesdept.gov.lk,http://rti.gov.lk/do-list/,
email,pass,Published email: gmaofficer@gmail.com,http://rti.gov.lk/do-list/,
email,pass,Published email: rtiunitsl@gmail.com,http://rti.gov.lk/do-list/,
email,pass,Published email: minroad@ep.gov.lk,http://rti.gov.lk/do-list/,
email,pass,Published email: dgmm@dlb.com,http://rti.gov.lk/do-list/,
email,pass,Published email: ps@outlook.com,http://rti.gov.lk/do-list/,
email,pass,Published email: vc@sab.ac.lk,http://rti.gov.lk/do-list/,
email,pass,Published email: janakala92@gmail.com,http://rti.gov.lk/do-list/,
email,pass,Published email: rti@cbsl.lk,http://rti.gov.lk/do-list/,
email,pass,Published email: meakurunegala@gmail.com,http://rti.gov.lk/do-list/,
email,pass,Published email: galgamuwaps@yahoo.com,http://rti.gov.lk/do-list/,
email,pass,Published email: secagriwp@sltnet.lk,http://rti.gov.lk/do-list/,
email,pass,Published email: kandaketiyaps@gmail.com,http://rti.gov.lk/do-list/,
email,pass,Published email: registrar@wyb.ac.lk,http://rti.gov.lk/do-list/,
email,pass,Published email: info@custom.gov.lk,http://rti.gov.lk/do-list/,
email,pass,Published email: dgmbr@cecb.lk,http://rti.gov.lk/do-list/,
email,pass,Published email: psminipe@gmail.com,http://rti.gov.lk/do-list/,
email,pass,Published email: kandymcsec@gmail.com,http://rti.gov.lk/do-list/,
email,pass,Published email: st@mo.treasury.gov.lk,http://rti.gov.lk/do-list/,
email,pass,Published email: accdjaffna@gmail.com,http://rti.gov.lk/do-list/,
email,pass,Published email: gm@cecb.lk,http://rti.gov.lk/do-list/,
email,pass,Published email: Hambantotamc@gmail.com,http://rti.gov.lk/do-list/,
email,pass,Published email: dirssdss@gmail.com,http://rti.gov.lk/do-list/,
email,pass,Published email: info@psc.gov.lk,http://rti.gov.lk/do-list/,
email,pass,Published email: Secretay@helth.gov.lk,http://rti.gov.lk/do-list/,
email,pass,Published email: ad.smehci@gmail.com,http://rti.gov.lk/do-list/,
email,pass,Published email: valdept.west.north@gmail.com,http://rti.gov.lk/do-list/,
email,pass,Published email: dilini.pandula@gmail.com,http://rti.gov.lk/do-list/,
email,pass,Published email: seccm@ep.gov.lk,http://rti.gov.lk/do-list/,
email,pass,Published email: legal@ep.gov.lk,http://rti.gov.lk/do-list/,
email,pass,Published email: coopdpwe@gmail.com,http://rti.gov.lk/do-list/,
email,pass,Published email: dgcaa@sltnet.lk,http://rti.gov.lk/do-list/,
email,pass,Published email: manthaieastps1@yahoo.com,http://rti.gov.lk/do-list/,
email,pass,Published email: chiefsecretary@sg.gov.lk,http://rti.gov.lk/do-list/,
email,pass,Published email: kiti.iwm@gmail.com,http://rti.gov.lk/do-list/,
email,pass,Published email: aku.physics@yahoo.com,http://rti.gov.lk/do-list/,
email,pass,Published email: accdmannar@gmail.com,http://rti.gov.lk/do-list/,
email,pass,Published email: lahugalaps@yahoo.com,http://rti.gov.lk/do-list/,
email,pass,Published email: slandcom@gmail.com,http://rti.gov.lk/do-list/,
email,pass,Published email: kobeiganeps@yahoo.com,http://rti.gov.lk/do-list/,
email,pass,Published email: secretary.ellaps@gmail.com,http://rti.gov.lk/do-list/,
email,pass,Published email: valdept.dcv5thamara@gmail.com,http://rti.gov.lk/do-list/,
email,pass,Published email: info@engdept.nw.gov.lk,http://rti.gov.lk/do-list/,
email,pass,Published email: pmg@slpost.lk,http://rti.gov.lk/do-list/,
email,pass,Published email: chavauc@gmail.com,http://rti.gov.lk/do-list/,
email,pass,Published email: municipalcouncilmatara@gmail.com,http://rti.gov.lk/do-list/,
email,pass,Published email: chilawprasa@yahoo.com,http://rti.gov.lk/do-list/,
email,pass,Published email: info@itn.lk,http://rti.gov.lk/do-list/,
email,pass,Published email: bdpradeshsabha@gmail.com,http://rti.gov.lk/do-list/,
email,pass,Published email: secretary@nifs.ac.lk,http://rti.gov.lk/do-list/,
email,pass,Published email: upalikodikara52@gmail.com,http://rti.gov.lk/do-list/,
email,pass,Published email: info@pensions.gov.lk,http://rti.gov.lk/do-list/,
email,pass,Published email: adahmn@gmail.com,http://rti.gov.lk/do-list/,
email,pass,Published email: minagriculture@ep.gov.lk,http://rti.gov.lk/do-list/,
email,pass,Published email: com.gerneral.drp@gmail.com,http://rti.gov.lk/do-list/,
email,pass,Published email: ombudssl@gmail.com,http://rti.gov.lk/do-list/,
email,pass,Published email: chandana@powermin.gov.lk,http://rti.gov.lk/do-list/,
email,pass,Published email: vnpskks@yahoo.com,http://rti.gov.lk/do-list/,
email,pass,Published email: vcbpusl@gmail.com,http://rti.gov.lk/do-list/,
email,pass,Published email: Lgdwpgam@gmail.com,http://rti.gov.lk/do-list/,
email,pass,Published email: dirnfs@agrimin.gov.lk,http://rti.gov.lk/do-list/,
email,pass,Published email: gm@nlb.lk,http://rti.gov.lk/do-list/,
email,pass,Published email: psgomarankadawala@gmail.com,http://rti.gov.lk/do-list/,
email,pass,Published email: clguva@gmail.com,http://rti.gov.lk/do-list/,
email,pass,Published email: vc@esn.ac.lk,http://rti.gov.lk/do-list/,
email,pass,Published email: chairmansps2022@gmail.com,http://rti.gov.lk/do-list/,
email,pass,Published email: palitha.gamage@hdfc.lk,http://rti.gov.lk/do-list/,
email,pass,Published email: gm@dlb.com,http://rti.gov.lk/do-list/,
email,pass,Published email: dgdf@dfd.treasury.gov.lk,http://rti.gov.lk/do-list/,
email,pass,Published email: coopemcom@ep.gov.lk,http://rti.gov.lk/do-list/,
email,pass,Published email: senerathd61@yahoo.com,http://rti.gov.lk/do-list/,
email,pass,Published email: dg@ngosec.gov.lk,http://rti.gov.lk/do-list/,
email,pass,Published email: rajapaksha@yahoo.com,http://rti.gov.lk/do-list/,
email,pass,Published email: infodept@slt.lk,http://rti.gov.lk/do-list/,
email,pass,Published email: ariyapalapg@gmail.com,http://rti.gov.lk/do-list/,
email,pass,Published email: rdadgo@gmail.com,http://rti.gov.lk/do-list/,
email,pass,Published email: boralasgamuwauc@gmail.com,http://rti.gov.lk/do-list/,
email,pass,Published email: ccdnp@gmail.com,http://rti.gov.lk/do-list/,
email,pass,Published email: rkj@pmoffice.gov.lk,http://rti.gov.lk/do-list/,
email,pass,Published email: addlsecadmin@env.gov.lk,http://rti.gov.lk/do-list/,
email,pass,Published email: coopdepwp@gmail.com,http://rti.gov.lk/do-list/,
email,pass,Published email: mproadswp@gmail.com,http://rti.gov.lk/do-list/,
email,pass,Published email: df@phdt.lk,http://rti.gov.lk/do-list/,
email,pass,Published email: lcg@landcom.gov.lk,http://rti.gov.lk/do-list/,
email,pass,Published email: general.ltsd@gmail.com,http://rti.gov.lk/do-list/,
email,pass,Published email: WayambaTourismi@gmail.com,http://rti.gov.lk/do-list/,
email,pass,Published email: healthnwp@gmail.com,http://rti.gov.lk/do-list/,
email,pass,Published email: directorgwai@kin.ac.lk,http://rti.gov.lk/do-list/,
email,pass,Published email: serasinghes@gmail.com,http://rti.gov.lk/do-list/,
email,pass,Published email: Ganganiliyanage5@gmail.com,http://rti.gov.lk/do-list/,
email,pass,Published email: dolgnwp@gmail.com,http://rti.gov.lk/do-list/,
email,pass,Published email: chairmanoffice@vtasl.gov.lk,http://rti.gov.lk/do-list/,
email,pass,Published email: ipalogamaps1987@gmail.com,http://rti.gov.lk/do-list/,
email,pass,Published email: senadhe52@gmail.com,http://rti.gov.lk/do-list/,
email,pass,Published email: uppsabha@gmail.com,http://rti.gov.lk/do-list/,
email,pass,Published email: info@vpa.ac.lk,http://rti.gov.lk/do-list/,
email,pass,Published email: urbancouncilgampola@yahoo.com,http://rti.gov.lk/do-list/,
email,pass,Published email: ajith@erd.gov.lk,http://rti.gov.lk/do-list/,
email,pass,Published email: sltnet@gmail.com,http://rti.gov.lk/do-list/,
email,pass,Published email: dcbcorrection@gmail.com,http://rti.gov.lk/do-list/,
email,pass,Published email: psaththanagalla@gmail.com,http://rti.gov.lk/do-list/,
email,pass,Published email: dg@iti.lk,http://rti.gov.lk/do-list/,
email,pass,Published email: ravindra@slpa.lk,http://rti.gov.lk/do-list/,
email,pass,Published email: sec.indus73@gmail.com,http://rti.gov.lk/do-list/,
email,pass,Published email: info@mot.gov.lk,http://rti.gov.lk/do-list/,
email,pass,Published email: chairman@naita.gov.lk,http://rti.gov.lk/do-list/,
email,pass,Published email: cgir@ird.gov.lk,http://rti.gov.lk/do-list/,
email,pass,Published email: rubberdev@gmail.com,http://rti.gov.lk/do-list/,
email,pass,Published email: sar@ace.cmb.lk,http://rti.gov.lk/do-list/,
email,pass,Published email: dg@uda.gov.lk,http://rti.gov.lk/do-list/,
email,pass,Published email: dgagriculture@gmail.com,http://rti.gov.lk/do-list/,
email,pass,Published email: hpsdevelop@gmail.com,http://rti.gov.lk/do-list/,
email,pass,Published email: updcspalana@gmail.com,http://rti.gov.lk/do-list/,
email,pass,Published email: addlgmimp@sllrdc.lk,http://rti.gov.lk/do-list/,
email,pass,Published email: psbaddegama@gmail.com,http://rti.gov.lk/do-list/,
email,pass,Published email: wpsmeegahathanna55@gmail.com,http://rti.gov.lk/do-list/,
email,pass,Published email: hathila@hotmail.com,http://rti.gov.lk/do-list/,
email,pass,Published email: info@idb.gov.lk,http://rti.gov.lk/do-list/,
email,pass,Published email: info@bibile.ps.gov.lk,http://rti.gov.lk/do-list/,
email,pass,Published email: ppsewpse@sltnet.lk,http://rti.gov.lk/do-list/,
email,pass,Published email: rathnaseela.ea@pfd.treasury.gov.lk,http://rti.gov.lk/do-list/,
email,pass,Published email: zoosl@sltnet.lk,http://rti.gov.lk/do-list/,
email,pass,Published email: dgmlegal@nhda.lk,http://rti.gov.lk/do-list/,
email,pass,Published email: nbro@sltnet.lk,http://rti.gov.lk/do-list/,
email,pass,Published email: nsaratchige@gmail.com,http://rti.gov.lk/do-list/,
email,pass,Published email: industries.nwp@gmail.com,http://rti.gov.lk/do-list/,
email,pass,Published email: narammalaps@gmail.com,http://rti.gov.lk/do-list/,
email,pass,Published email: secretary@landmin.gov.lk,http://rti.gov.lk/do-list/,
email,pass,Published email: dg@cea.lk,http://rti.gov.lk/do-list/,
email,pass,Published email: nwpedu@nwppdu.lk,http://rti.gov.lk/do-list/,
email,pass,Published email: vc@ou.ac.lk,http://rti.gov.lk/do-list/,
email,pass,Published email: cj@cscl.lk,http://rti.gov.lk/do-list/,
email,pass,Published email: murukanie@gmail.com,http://rti.gov.lk/do-list/,
email,pass,Published email: nara@ac.lk,http://rti.gov.lk/do-list/,
email,pass,Published email: pkipsmullai@gmail.com,http://rti.gov.lk/do-list/,
email,pass,Published email: cs@ep.gov.lk,http://rti.gov.lk/do-list/,
email,pass,Published email: polpithigamaps@gmail.com,http://rti.gov.lk/do-list/,
email,pass,Published email: zdevnorth@gmail.com,http://rti.gov.lk/do-list/,
email,pass,Published email: info@balangoda.us.gov.lk,http://rti.gov.lk/do-list/,
email,pass,Published email: chairman@nerdc.lk,http://rti.gov.lk/do-list/,
email,pass,Published email: elaharapradeshiyasaba@gmail.com,http://rti.gov.lk/do-list/,
email,pass,Published email: nattandiyaps@gmail.com,http://rti.gov.lk/do-list/,
email,pass,Published email: riapp@presidentsoffice.lk,http://rti.gov.lk/do-list/,
email,pass,Published email: ncpcuturalaffairs@gmail.com,http://rti.gov.lk/do-list/,
email,pass,Published email: cplchairmanceo@gmail.com,http://rti.gov.lk/do-list/,
email,pass,Published email: pradeshiyasabharattota@gmail.com,http://rti.gov.lk/do-list/,
email,pass,Published email: valdept.sec@gmail.com,http://rti.gov.lk/do-list/,
email,pass,Published email: Maheshkroo@yahoo.com,http://rti.gov.lk/do-list/,
email,pass,Published email: irr.eng.mik@gmail.com,http://rti.gov.lk/do-list/,
email,pass,Published email: ddkilinochchi@gmail.com,http://rti.gov.lk/do-list/,
email,pass,Published email: rohankrs@gmail.com,http://rti.gov.lk/do-list/,
email,pass,Published email: probationdepartmentwp@yahoo.com,http://rti.gov.lk/do-list/,
email,pass,Published email: spcclg@gmail.com,http://rti.gov.lk/do-list/,
email,pass,Published email: nochchiyagamapsn@gmail.com,http://rti.gov.lk/do-list/,
email,pass,Published email: registrar@uwu.ac.lk,http://rti.gov.lk/do-list/,
email,pass,Published email: info@lg.dept.spgov.lk,http://rti.gov.lk/do-list/,
email,pass,Published email: transport@ep.gov.lk,http://rti.gov.lk/do-list/,
email,pass,Published email: biyankag@yahoo.com,http://rti.gov.lk/do-list/,
email,pass,Published email: cpclandc@gmail.com,http://rti.gov.lk/do-list/,
email,pass,Published email: madadumbaraps@gmail.com,http://rti.gov.lk/do-list/,
email,pass,Published email: dgadd@dmc.gov.lk,http://rti.gov.lk/do-list/,
email,pass,Published email: info@pdmt.spgov.lk,http://rti.gov.lk/do-list/,
email,pass,Published email: edusabaram@gmail.com,http://rti.gov.lk/do-list/,
email,pass,Published email: npminagri@yahoo.com,http://rti.gov.lk/do-list/,
email,pass,Published email: pointpedrops@gmail.com,http://rti.gov.lk/do-list/,
email,pass,Published email: dgcensus@statistics.gov.lk,http://rti.gov.lk/do-list/,
email,pass,Published email: departmentofayurveda@gmail.com,http://rti.gov.lk/do-list/,
email,pass,Published email: Gm2_ccb@yahoo.com,http://rti.gov.lk/do-list/,
email,pass,Published email: weliprasa@gmail.com,http://rti.gov.lk/do-list/,
email,pass,Published email: info@salacine.lk,http://rti.gov.lk/do-list/,
email,pass,Published email: chairman@vtasl.gov.lk,http://rti.gov.lk/do-list/,
email,pass,Published email: tissasabha01@gmail.com,http://rti.gov.lk/do-list/,
email,pass,Published email: secretary@plantation.gov.lk,http://rti.gov.lk/do-list/,
email,pass,Published email: pd@healthdept.wp.gov.lk,http://rti.gov.lk/do-list/,
email,pass,Published email: rajgamaps@gmail.com,http://rti.gov.lk/do-list/,
email,pass,Published email: chandwick@gmail.com,http://rti.gov.lk/do-list/,
email,pass,Published email: rti@media.gov.lk,http://rti.gov.lk/do-list/,
email,pass,Published email: dg.ccd.lk@gmail.com,http://rti.gov.lk/do-list/,
email,pass,Published email: director@mri.gov.lk,http://rti.gov.lk/do-list/,
email,pass,Published email: nwpgovernor@gmail.com,http://rti.gov.lk/do-list/,
email,pass,Published email: seethawakapurauc@gmail.com,http://rti.gov.lk/do-list/,
email,pass,Published email: filmcorp@sltnet.lk,http://rti.gov.lk/do-list/,
email,pass,Published email: sec_nhpara@gmail.com,http://rti.gov.lk/do-list/,
email,pass,Published email: kplkumarage@gmail.com,http://rti.gov.lk/do-list/,
email,pass,Published email: hpshorowpothana@gmail.com,http://rti.gov.lk/do-list/,
email,pass,Published email: ocdsmail@gmail.com,http://rti.gov.lk/do-list/,
email,pass,Published email: edudptadm@gmail.com,http://rti.gov.lk/do-list/,
email,pass,Published email: tanamalwilapradeshiyasabawa@gmail.com,http://rti.gov.lk/do-list/,
email,pass,Published email: ayurvedicdrugs@sltnet.lk,http://rti.gov.lk/do-list/,
email,pass,Published email: panwilaps@gmail.com,http://rti.gov.lk/do-list/,
email,pass,Published email: chairma@cfhc.gov.lk,http://rti.gov.lk/do-list/,
email,pass,Published email: chilawurbancouncil@gmail.com,http://rti.gov.lk/do-list/,
email,pass,Published email: npagriculture@gmail.com,http://rti.gov.lk/do-list/,
email,pass,Published email: tkvpstham@gmail.com,http://rti.gov.lk/do-list/,
email,pass,Published email: nmdep@slt.lk,http://rti.gov.lk/do-list/,
email,pass,Published email: secretary@fisheries.gov.lk,http://rti.gov.lk/do-list/,
email,pass,Published email: NiranjalaKarunaratne456@gmail.com,http://rti.gov.lk/do-list/,
email,pass,Published email: neluwaaps@gmail.com,http://rti.gov.lk/do-list/,
email,pass,Published email: pdcriwmp@gmail.com,http://rti.gov.lk/do-list/,
email,pass,Published email: desportsnwp@hotmail.com,http://rti.gov.lk/do-list/,
email,pass,Published email: sidathwipula@gmail.com,http://rti.gov.lk/do-list/,
email,pass,Published email: supremecourt@sltnet.lk,http://rti.gov.lk/do-list/,
email,pass,Published email: dg@idb.gov.lk,http://rti.gov.lk/do-list/,
email,pass,Published email: vsspsvavuniya@gmail.com,http://rti.gov.lk/do-list/,
email,pass,Published email: tmrtennakoon@aeb.gov.lk,http://rti.gov.lk/do-list/,
email,pass,Published email: revenue@ep.gov.lk,http://rti.gov.lk/do-list/,
email,pass,Published email: Shemal1216@gmail.com,http://rti.gov.lk/do-list/,
email,pass,Published email: Cg@immigration.gov.lk,http://rti.gov.lk/do-list/,
email,pass,Published email: pstangalle@gmail.com,http://rti.gov.lk/do-list/,
email,pass,Published email: libraryserviceboardcpc@gmail.com,http://rti.gov.lk/do-list/,
email,pass,Published email: dehiwalamcoffice@gmail.com,http://rti.gov.lk/do-list/,
email,pass,Published email: sg@survey.gov.lk,http://rti.gov.lk/do-list/,
email,pass,Published email: aovsouth@gmail.com,http://rti.gov.lk/do-list/,
email,pass,Published email: land@ep.gov.lk,http://rti.gov.lk/do-list/,
email,pass,Published email: mvpsvavunativu@gmail.com,http://rti.gov.lk/do-list/,
email,pass,Published email: kundasalepradeshiyasabha@gmail.com,http://rti.gov.lk/do-list/,
email,pass,Published email: chairman@nlb.lk,http://rti.gov.lk/do-list/,
email,pass,Published email: minchris@sltnet.lk,http://rti.gov.lk/do-list/,
email,pass,Published email: plantationad2016@gmail.com,http://rti.gov.lk/do-list/,
email,pass,Published email: apandh@ep.gov.lk,http://rti.gov.lk/do-list/,
email,pass,Published email: addsecadmin@health.gov.lk,http://rti.gov.lk/do-list/,
email,pass,Published email: dgtsl@trc.gov.lk,http://rti.gov.lk/do-list/,
email,pass,Published email: parakramage@yahoo.com,http://rti.gov.lk/do-list/,
email,pass,Published email: cpc.gkpsk@gmail.com,http://rti.gov.lk/do-list/,
email,pass,Published email: rti.commission16@gmail.com,http://rti.gov.lk/do-list/,
email,pass,Published email: kmpsdev@gmail.com,http://rti.gov.lk/do-list/,
email,pass,Published email: alawwa_ps@yahoo.com,http://rti.gov.lk/do-list/,
email,pass,Published email: dambullapras@yahoo.com,http://rti.gov.lk/do-list/,
email,pass,Published email: bawelaprasa@gmail.com,http://rti.gov.lk/do-list/,
email,pass,Published email: welfarebenefitboard2016@gmail.com,http://rti.gov.lk/do-list/,
email,pass,Published email: building@ep.gov.lk,http://rti.gov.lk/do-list/,
email,pass,Published email: mangalatiss@yahoo.com,http://rti.gov.lk/do-list/,
email,pass,Published email: kpps2006@yahoo.com,http://rti.gov.lk/do-list/,
email,pass,Published email: indmedicine@ep.gov.lk,http://rti.gov.lk/do-list/,
email,pass,Published email: dgdaph@sltnet.lk,http://rti.gov.lk/do-list/,
email,pass,Published email: bandara.hmvc@ird.gov.lk,http://rti.gov.lk/do-list/,
email,pass,Published email: gmaofficeslr@gmail.com,http://rti.gov.lk/do-list/,
email,pass,Published email: valikamamzeo@gmail.com,http://rti.gov.lk/do-list/,
email,pass,Published email: dgtip@tipd.treasury.gov.lk,http://rti.gov.lk/do-list/,
email,pass,Published email: dgitm@itmd.treasury.gov.lk,http://rti.gov.lk/do-list/,
email,pass,Published email: dgsa@sad.treasury.gov.lk,http://rti.gov.lk/do-list/,
email,pass,Published email: awelianga@hotmail.com,http://rti.gov.lk/do-list/,
email,pass,Published email: zeomadhu1@gmail.com,http://rti.gov.lk/do-list/,
email,pass,Published email: admnwpcs@gmail.com,http://rti.gov.lk/do-list/,
email,pass,Published email: sripuraps@gmail.com,http://rti.gov.lk/do-list/,
email,pass,Published email: sunild@bmich.com,http://rti.gov.lk/do-list/,
email,pass,Published email: soranatotaps@gmail.com,http://rti.gov.lk/do-list/,
email,pass,Published email: thunukkaizone@yahoo.com,http://rti.gov.lk/do-list/,
email,pass,Published email: dgluppd@gmail.com,http://rti.gov.lk/do-list/,
email,pass,Published email: sg@nprocom.gov.lk,http://rti.gov.lk/do-list/,
email,pass,Published email: rptanwp@gmail.com,http://rti.gov.lk/do-list/,
email,pass,Published email: pdhssp@yahoo.com,http://rti.gov.lk/do-list/,
email,pass,Published email: commissioner@colombo.mc.gov.lk,http://rti.gov.lk/do-list/,
email,pass,Published email: clg@ep.gov.lk,http://rti.gov.lk/do-list/,
email,pass,Published email: dater@caa.lk,http://rti.gov.lk/do-list/,
email,pass,Published email: engineering@ep.gov.lk,http://rti.gov.lk/do-list/,
email,pass,Published email: mannarzone@gmail.com,http://rti.gov.lk/do-list/,
email,pass,Published email: ceolankasalt@gmail.com,http://rti.gov.lk/do-list/,
email,pass,Published email: minagrinp@gmail.com,http://rti.gov.lk/do-list/,
email,pass,Published email: ag@auditorgeneral.gov.lk,http://rti.gov.lk/do-list/,
email,pass,Published email: npvavddi@yahoo.com,http://rti.gov.lk/do-list/,
email,pass,Published email: ddg-tsmsl@gmail.com,http://rti.gov.lk/do-list/,
email,pass,Published email: vcseu@seu.ac.lk,http://rti.gov.lk/do-list/,
email,pass,Published email: dtetdg@gmail.com,http://rti.gov.lk/do-list/,
email,pass,Published email: ppsc_spc@sltnet.lk,http://rti.gov.lk/do-list/,
email,pass,Published email: valiwestps@gmail.com,http://rti.gov.lk/do-list/,
email,pass,Published email: nilanthimathsabara@yahoo.com,http://rti.gov.lk/do-list/,
email,pass,Published email: secretary@moj.gov.lk,http://rti.gov.lk/do-list/,
email,pass,Published email: uckesbewa@gmail.com,http://rti.gov.lk/do-list/,
email,pass,Published email: ucambalangoda@yahoo.com,http://rti.gov.lk/do-list/,
email,pass,Published email: bpsbuttala@gmail.com,http://rti.gov.lk/do-list/,
email,pass,Published email: yakkalamullapsgov@gmail.com,http://rti.gov.lk/do-list/,
email,pass,Published email: janakasubasinghe15@yahoo.com,http://rti.gov.lk/do-list/,
email,pass,Published email: kuruzonaleduca@yahoo.com,http://rti.gov.lk/do-list/,
email,pass,Published email: embilipitiyapsnew@gmail.com,http://rti.gov.lk/do-list/,
email,pass,Published email: Kamburupitiyaps@gmail.com,http://rti.gov.lk/do-list/,
email,pass,Published email: registraofca@gmail.com,http://rti.gov.lk/do-list/,
email,pass,Published email: dg@gmail.com,http://rti.gov.lk/do-list/,
email,pass,Published email: legaloff@nmra.gov.lk,http://rti.gov.lk/do-list/,
email,pass,Published email: panduwsps@gmail.com,http://rti.gov.lk/do-list/,
email,pass,Published email: moratuwamc@gmail.com,http://rti.gov.lk/do-list/,
email,pass,Published email: harshs68@yahoo.com,http://rti.gov.lk/do-list/,
email,pass,Published email: palagalapradeshiyasabha@gmail.com,http://rti.gov.lk/do-list/,
email,pass,Published email: gukalagewattage@gmail.com,http://rti.gov.lk/do-list/,
email,pass,Published email: rambukkanaps@gmail.com,http://rti.gov.lk/do-list/,
email,pass,Published email: ruwanwellaps@gmail.com,http://rti.gov.lk/do-list/,
email,pass,Published email: fdoruwanthi@gmail.com,http://rti.gov.lk/do-list/,
email,pass,Published email: dambullamunicipal@gmail.com,http://rti.gov.lk/do-list/,
email,pass,Published email: spcayurveda@yahoo.com,http://rti.gov.lk/do-list/,
email,pass,Published email: rdhskoc@gmail.com,http://rti.gov.lk/do-list/,
email,pass,Published email: vnpsnk@gmail.com,http://rti.gov.lk/do-list/,
email,pass,Published email: secretary@mwfc.gov.lksathidias,http://rti.gov.lk/do-list/,
email,pass,Published email: spcagri@yahoo.com,http://rti.gov.lk/do-list/,
email,pass,Published email: wmawp.gov@gmail.com,http://rti.gov.lk/do-list/,
email,pass,Published email: bhelpitiya@yahoo.com,http://rti.gov.lk/do-list/,
email,pass,Published email: pskatuwana@gmail.com,http://rti.gov.lk/do-list/,
email,pass,Published email: prddup@gmail.com,http://rti.gov.lk/do-list/,
email,pass,Published email: angupelessaps@gmail.com,http://rti.gov.lk/do-list/,
email,pass,Published email: ministryofroadnwp@yahoo.com,http://rti.gov.lk/do-list/,
email,pass,Published email: mnps2006@gmail.com,http://rti.gov.lk/do-list/,
email,pass,Published email: ucnawalapitiya54@gmail.com,http://rti.gov.lk/do-list/,
email,pass,Published email: mataraps@gmail.com,http://rti.gov.lk/do-list/,
email,pass,Published email: rohannad1964@gmail.com,http://rti.gov.lk/do-list/,
email,pass,Published email: giribawaps@gmail.com,http://rti.gov.lk/do-list/,
email,pass,Published email: pwariyapola@gmail.com,http://rti.gov.lk/do-list/,
email,pass,Published email: Panaduraurbancouncil@gmail.com,http://rti.gov.lk/do-list/,
email,pass,Published email: spgdnps@fmail.com,http://rti.gov.lk/do-list/,
email,pass,Published email: dg.nipos@gmail.com,http://rti.gov.lk/do-list/,
email,pass,Published email: ganesh@lki.lk,http://rti.gov.lk/do-list/,
email,pass,Published email: mbsecoffice@gmail.com,http://rti.gov.lk/do-list/,
email,pass,Published email: urbancouncilweligama@gmail.com,http://rti.gov.lk/do-list/,
email,pass,Published email: agalawattapradeshiyasabha@yahoo.com,http://rti.gov.lk/do-list/,
email,pass,Published email: malimbada.ps@gmail.com,http://rti.gov.lk/do-list/,
email,pass,Published email: prasabhamekivu@sltnet.lk,http://rti.gov.lk/do-list/,
email,pass,Published email: dir.ad.dea@gmail.com,http://rti.gov.lk/do-list/,
email,pass,Published email: dadacg537@gmail.com,http://rti.gov.lk/do-list/,
email,pass,Published email: chavakachcherips1@yahoo.com,http://rti.gov.lk/do-list/,
email,pass,Published email: ucampara@gmail.com,http://rti.gov.lk/do-list/,
email,pass,Published email: tpsabha@gmail.com,http://rti.gov.lk/do-list/,
email,pass,Published email: registrar@sjp.ac.lk,http://rti.gov.lk/do-list/,
email,pass,Published email: admin@labourdept.gov.lk,http://rti.gov.lk/do-list/,
email,pass,Published email: health@ep.gov.lk,http://rti.gov.lk/do-list/,
email,pass,Published email: generalmanager@childprotection.gov.lk,http://rti.gov.lk/do-list/,
email,pass,Published email: adm.slbs@gmail.com,http://rti.gov.lk/do-list/,
email,pass,Published email: mygpsaba@gmail.com,http://rti.gov.lk/do-list/,
email,pass,Published email: lldfl916@gmail.com,http://rti.gov.lk/do-list/,
email,pass,Published email: info@rdb.lk,http://rti.gov.lk/do-list/,
email,pass,Published email: mbc2016.gov@gmail.com,http://rti.gov.lk/do-list/,
email,pass,Published email: marshalsccbnew@sltne.lk,http://rti.gov.lk/do-list/,
email,pass,Published email: ahamed.rahman@gmail.com,http://rti.gov.lk/do-list/,
email,pass,Published email: npsnallur@gmail.com,http://rti.gov.lk/do-list/,
email,pass,Published email: jagath@mepa.gov.lk,http://rti.gov.lk/do-list/,
email,pass,Published email: socialservices@ep.gov.lk,http://rti.gov.lk/do-list/,
email,pass,Published email: Amarasekara35@gmail.com,http://rti.gov.lk/do-list/,
email,pass,Published email: lankaslas@gmail.com,http://rti.gov.lk/do-list/,
email,pass,Published email: sarath1400@yahoo.com,http://rti.gov.lk/do-list/,
email,pass,Published email: kbgps465@gmail.com,http://rti.gov.lk/do-list/,
email,pass,Published email: lady.lochore@gmail.com,http://rti.gov.lk/do-list/,
email,pass,Published email: dr@pgia.ac.lk,http://rti.gov.lk/do-list/,
email,pass,Published email: raclgvavuniya@gmail.com,http://rti.gov.lk/do-list/,
email,pass,Published email: sanjeewaniemanik@gmail.com,http://rti.gov.lk/do-list/,
email,pass,Published email: csecpl@gmail.com,http://rti.gov.lk/do-list/,
email,pass,Published email: irrigation@ep.gov.lk,http://rti.gov.lk/do-list/,
email,pass,Published email: gaks@sltnet.lk,http://rti.gov.lk/do-list/,
email,pass,Published email: binprasa@gmail.com,http://rti.gov.lk/do-list/,
email,pass,Published email: kalpitiyaps@gmail.com,http://rti.gov.lk/do-list/,
email,pass,Published email: additionaldirector@rrisl.gov.lk,http://rti.gov.lk/do-list/,
email,pass,Published email: galnewaps@gmail.com,http://rti.gov.lk/do-list/,
email,pass,Published email: mcjaffnamailc@yahoo.com,http://rti.gov.lk/do-list/,
email,pass,Published email: sglandcom@gmail.com,http://rti.gov.lk/do-list/,
email,pass,Published email: lgwpkal@gmail.com,http://rti.gov.lk/do-list/,
email,pass,Published email: sportsnp@yahoo.com,http://rti.gov.lk/do-list/,
email,pass,Published email: chiefminnwp@sltnet.lk,http://rti.gov.lk/do-list/,
email,pass,Published email: nwp.housing@yahoo.com,http://rti.gov.lk/do-list/,
email,pass,Published email: probccnwp@gmail.com,http://rti.gov.lk/do-list/,
email,pass,Published email: addsgc@survey.gov.lk,http://rti.gov.lk/do-list/,
email,pass,Published email: pswelimada@gmail.com,http://rti.gov.lk/do-list/,
email,pass,Published email: direxag@sltnet.lk,http://rti.gov.lk/do-list/,
email,pass,Published email: ucemb@sltne.lk,http://rti.gov.lk/do-list/,
email,pass,Published email: hadinesh756@gmail.com,http://rti.gov.lk/do-list/,
email,pass,Published email: dolgnwp@yahoo.com,http://rti.gov.lk/do-list/,
email,pass,Published email: pssiya@gmail.com,http://rti.gov.lk/do-list/,
email,pass,Published email: galleaclg@gmail.com,http://rti.gov.lk/do-list/,
email,pass,Published email: amblangodaps@yahoo.com,http://rti.gov.lk/do-list/,
email,pass,Published email: npvstps@yahoo.com,http://rti.gov.lk/do-list/,
email,pass,Published email: coopdev@ep.gov.lk,http://rti.gov.lk/do-list/,
email,pass,Published email: npaphvav@gmail.com,http://rti.gov.lk/do-list/,
email,pass,Published email: uckinniya@gmail.com,http://rti.gov.lk/do-list/,
email,pass,Published email: udubps@gmail.com,http://rti.gov.lk/do-list/,
email,pass,Published email: poonakaryps@yahoo.com,http://rti.gov.lk/do-list/,
email,pass,Published email: thelmahemachandra1973@gmail.com,http://rti.gov.lk/do-list/,
email,pass,Published email: millaniyaps@gmail.com,http://rti.gov.lk/do-list/,
email,pass,Published email: yatiyantotaps@gmail.com,http://rti.gov.lk/do-list/,
email,pass,Published email: assembly@ep.gov.lk,http://rti.gov.lk/do-list/,
email,pass,Published email: info@npc.gov.lk,http://rti.gov.lk/do-list/,
email,pass,Published email: education@ep.gov.lk,http://rti.gov.lk/do-list/,
email,pass,Published email: gm@timco.lk,http://rti.gov.lk/do-list/,
email,pass,Published email: dgpf@pfd.treasury.gov.lk,http://rti.gov.lk/do-list/,
email,pass,Published email: pradeshiyasabhapalmadulla@gmail.com,http://rti.gov.lk/do-list/,
email,pass,Published email: accdkilinochchi@gmail.com,http://rti.gov.lk/do-list/,
email,pass,Published email: grrkaru@yahoo.com,http://rti.gov.lk/do-list/,
email,pass,Published email: puttalamurbancoouncil@gmail.com,http://rti.gov.lk/do-list/,
email,pass,Published email: welikandaps@gmail.com,http://rti.gov.lk/do-list/,
email,pass,Published email: psthunukkai@gmail.com,http://rti.gov.lk/do-list/,
email,pass,Published email: sggovsec@gmail.com,http://rti.gov.lk/do-list/,
email,pass,Published email: kpwps.oddamavadi@gmail.com,http://rti.gov.lk/do-list/,
email,pass,Published email: anamaduwaps@yamail.com,http://rti.gov.lk/do-list/,
email,pass,Published email: addsec.admin@energymin.gov.lk,http://rti.gov.lk/do-list/,
email,pass,Published email: dgsamurdhi@gmail.com,http://rti.gov.lk/do-list/,
email,pass,Published email: a.shamini@yahoo.com,http://rti.gov.lk/do-list/,
email,pass,Published email: idawp@sltnet.lk,http://rti.gov.lk/do-list/,
email,pass,Published email: rajanganayap.sabawa@yahoo.com,http://rti.gov.lk/do-list/,
email,pass,Published email: kuliyaps@yahoo.com,http://rti.gov.lk/do-list/,
email,pass,Published email: pasinduabeysekara@gmail.com,http://rti.gov.lk/do-list/,
email,pass,Published email: anil@aerc.gov.lk,http://rti.gov.lk/do-list/,
email,pass,Published email: uckoff@sltnet.lk,http://rti.gov.lk/do-list/,
email,pass,Published email: hindudir@gmail.com,http://rti.gov.lk/do-list/,
email,pass,Published email: p.sdickwella@rocketmail.com,http://rti.gov.lk/do-list/,
email,pass,Published email: mca.planning@gmail.com,http://rti.gov.lk/do-list/,
email,pass,Published email: dghkoc@gmail.com,http://rti.gov.lk/do-list/,
email,pass,Published email: irr.mul.ddi@gmail.com,http://rti.gov.lk/do-list/,
email,pass,Published email: cgo@mo.treasury.gov.lk,http://rti.gov.lk/do-list/,
email,pass,Published email: gmnwsdb@gmail.com,http://rti.gov.lk/do-list/,
email,pass,Published email: probation@ep.gov.lk,http://rti.gov.lk/do-list/,
email,pass,Published email: secveps@yahoo.com,http://rti.gov.lk/do-list/,
email,pass,Published email: Sanoji_ruvinika@yahoo.com,http://rti.gov.lk/do-list/,
email,pass,Published email: secretary@ugc.ac.lk,http://rti.gov.lk/do-list/,
email,pass,Published email: ncpirrigation@gmail.com,http://rti.gov.lk/do-list/,
email,pass,Published email: nldbhr@gmail.com,http://rti.gov.lk/do-list/,
email,pass,Published email: info@rdtri.gov.lk,http://rti.gov.lk/do-list/,
email,pass,Published email: psirakkamam@gmail.com,http://rti.gov.lk/do-list/,
email,pass,Published email: ecedauthority@gmail.com,http://rti.gov.lk/do-list/,
email,pass,Published email: kilinochchilkps@gmail.com,http://rti.gov.lk/do-list/,
email,pass,Published email: nppd@stlnet.lk,http://rti.gov.lk/do-list/,
email,pass,Published email: kilinochchidda@gmail.com,http://rti.gov.lk/do-list/,
email,pass,Published email: nanattanpsabha@gmail.com,http://rti.gov.lk/do-list/,
email,pass,Published email: bwmcuva@gmail.com,http://rti.gov.lk/do-list/,
email,pass,Published email: ambalantotaaps@gmail.com,http://rti.gov.lk/do-list/,
email,pass,Published email: revdepnwp@gmail.com,http://rti.gov.lk/do-list/,
email,pass,Published email: vimalk@tipd.treasury.gov.lk,http://rti.gov.lk/do-list/,
email,pass,Published email: uce2006@gmail.com,http://rti.gov.lk/do-list/,
email,pass,Published email: nawapra@gmail.com,http://rti.gov.lk/do-list/,
email,pass,Published email: rthamilmaran@gmail.com,http://rti.gov.lk/do-list/,
email,pass,Published email: arunu74@gmail.com,http://rti.gov.lk/do-list/,
email,pass,Published email: ssdeptnp@gmail.com,http://rti.gov.lk/do-list/,
email,pass,Published email: harispaththuwaps@gmail.com,http://rti.gov.lk/do-list/,
email,pass,Published email: srksilva@gmail.com,http://rti.gov.lk/do-list/,
email,pass,Published email: rdhsmtv@gmail.com,http://rti.gov.lk/do-list/,
email,pass,Published email: badalkumburaps1@gmail.com,http://rti.gov.lk/do-list/,
email,pass,Published email: zeoislands@gmail.com,http://rti.gov.lk/do-list/,
email,pass,Published email: mawathagamaps@gmail.com,http://rti.gov.lk/do-list/,
email,pass,Published email: sklenaduwa@gmail.com,http://rti.gov.lk/do-list/,
email,pass,Published email: agriesnwp@gmail.com,http://rti.gov.lk/do-list/,
email,pass,Published email: mucmaharagama@gmail.com,http://rti.gov.lk/do-list/,
email,pass,Published email: kilizeodev2020@gmail.com,http://rti.gov.lk/do-list/,
email,pass,Published email: dgf.dg.gov.@gmail.com,http://rti.gov.lk/do-list/,
email,pass,Published email: karuwalagaswewaps@gmail.com,http://rti.gov.lk/do-list/,
email,pass,Published email: opsslcg@gmail.com,http://rti.gov.lk/do-list/,
email,pass,Published email: bentotaps@yahoo.com,http://rti.gov.lk/do-list/,
email,pass,Published email: anton.de.menz@gmail.com,http://rti.gov.lk/do-list/,
email,pass,Published email: sec@olhp.gov.lk,http://rti.gov.lk/do-list/,
email,pass,Published email: dcsadrti@gmail.com,http://rti.gov.lk/do-list/,
email,pass,Published email: psridegama@gmail.com,http://rti.gov.lk/do-list/,
email,pass,Published email: coopdepartmentsp@gmail.com,http://rti.gov.lk/do-list/,
email,pass,Published email: dhmannar@yahoo.com,http://rti.gov.lk/do-list/,
email,pass,Published email: raclgkilinochchi@gmail.com,http://rti.gov.lk/do-list/,
email,pass,Published email: sooriyawewapradeshiyasabha@gmail.com,http://rti.gov.lk/do-list/,
email,pass,Published email: nivitigalaps@gmail.com,http://rti.gov.lk/do-list/,
email,pass,Published email: towersl@ltnet.lk,http://rti.gov.lk/do-list/,
email,pass,Published email: dehiowitaps@yahoo.com,http://rti.gov.lk/do-list/,
email,pass,Published email: admindirector.hrcsl@gmail.com,http://rti.gov.lk/do-list/,
email,pass,Published email: excisen@slt.lk,http://rti.gov.lk/do-list/,
email,pass,Published email: chairman@ceynor.lk,http://rti.gov.lk/do-list/,
email,pass,Published email: info@tvec.gov.lk,http://rti.gov.lk/do-list/,
email,pass,Published email: Kolonnawauc123@gmail.com,http://rti.gov.lk/do-list/,
email,pass,Published email: excisen@sltnet.lk,http://rti.gov.lk/do-list/,
email,pass,Published email: haldummulla11ps@gmail.com,http://rti.gov.lk/do-list/,
email,pass,Published email: registrar@pdn.ac.lk,http://rti.gov.lk/do-list/,
email,pass,Published email: Kalutaraps@gmail.com,http://rti.gov.lk/do-list/,
email,pass,Published email: dep.ruralwp@gmail.com,http://rti.gov.lk/do-list/,
email,pass,Published email: kuliyauc@gmail.com,http://rti.gov.lk/do-list/,
email,pass,Published email: Akmeemanaps@gmail.com,http://rti.gov.lk/do-list/,
email,pass,Published email: ucwattegama@yahoo.com,http://rti.gov.lk/do-list/,
email,pass,Published email: Bopepoddala@gmail.com,http://rti.gov.lk/do-list/,
email,pass,Published email: nandi@crib.lk,http://rti.gov.lk/do-list/,
email,pass,Published email: indikaicta@gmail.com,http://rti.gov.lk/do-list/,
email,pass,Published email: dfiu@cbsl.lk,http://rti.gov.lk/do-list/,
email,pass,Published email: pspassara@gmail.com,http://rti.gov.lk/do-list/,
email,pass,Published email: pshbeli@sltnet.lk,http://rti.gov.lk/do-list/,
email,pass,Published email: Kantale123ps@gmail.com,http://rti.gov.lk/do-list/,
email,pass,Published email: controller@immigration.gov.lk,http://rti.gov.lk/do-list/,
email,pass,Published email: rmimajinna@gmail.com,http://rti.gov.lk/do-list/,
email,pass,Published email: pallaips@gmail.com,http://rti.gov.lk/do-list/,
email,pass,Published email: seruwilaps@gmail.com,http://rti.gov.lk/do-list/,
email,pass,Published email: doindwp@gmail.com,http://rti.gov.lk/do-list/,
email,pass,Published email: gm@rpta.wp.gov.lk,http://rti.gov.lk/do-list/,
email,pass,Published email: wanathps@gmail.com,http://rti.gov.lk/do-list/,
email,pass,Published email: namaloyaps@gmail.com,http://rti.gov.lk/do-list/,
email,pass,Published email: publictrusteesl@gmail.com,http://rti.gov.lk/do-list/,
email,pass,Published email: karainagarps@gmail.com,http://rti.gov.lk/do-list/,
email,pass,Published email: addsecadmin3@health.gov.lk,http://rti.gov.lk/do-list/,
email,pass,Published email: perera.kdsr@npd.treasury.gov.lk,http://rti.gov.lk/do-list/,
email,pass,Published email: lakshika@dlcsrilanka.org,http://rti.gov.lk/do-list/,
email,pass,Published email: nwpmoe@gmail.com,http://rti.gov.lk/do-list/,
email,pass,Published email: wennappuwaps@gmail.com,http://rti.gov.lk/do-list/,
email,pass,Published email: Rideemaliyaddaps@gmail.com,http://rti.gov.lk/do-list/,
email,pass,Published email: mhealthnpc@gmail.com,http://rti.gov.lk/do-list/,
email,pass,Published email: Nandanie.rng@gmail.com,http://rti.gov.lk/do-list/,
email,pass,Published email: hambantotapradeshiyasabha@yahoo.com,http://rti.gov.lk/do-list/,
email,pass,Published email: dadm@airforce.lk,http://rti.gov.lk/do-list/,
email,pass,Published email: pslunugamwehera@gmail.com,http://rti.gov.lk/do-list/,
email,pass,Published email: urbancouncilvvtd@gmail.com,http://rti.gov.lk/do-list/,
email,pass,Published email: dgmadmin@sltb.lk,http://rti.gov.lk/do-list/,
email,pass,Published email: ucvavuniya@yahoo.com,http://rti.gov.lk/do-list/,
email,pass,Published email: karandeniyaps@ymail.com,http://rti.gov.lk/do-list/,
email,pass,Published email: md@ceypetco.gov.lk,http://rti.gov.lk/do-list/,
email,pass,Published email: horanauc.main@gmail.com,http://rti.gov.lk/do-list/,
email,pass,Published email: socidepnwp@gmail.com,http://rti.gov.lk/do-list/,
email,pass,Published email: commissionerdoe@gmail.com,http://rti.gov.lk/do-list/,
email,pass,Published email: desilvacg@skillsdevelp.lk,http://rti.gov.lk/do-list/,
email,pass,Published email: gm@ssb.gov.lk,http://rti.gov.lk/do-list/,
email,pass,Published email: kurunegalaps@gmail.com,http://rti.gov.lk/do-list/,
email,pass,Published email: pdoanwp@gmail.com,http://rti.gov.lk/do-list/,
email,pass,Published email: uhana.ps@gmail.com,http://rti.gov.lk/do-list/,
email,pass,Published email: lalekenayake@yahoo.com,http://rti.gov.lk/do-list/,
email,pass,Published email: hazeem.mtdcra@gmail.com,http://rti.gov.lk/do-list/,
email,pass,Published email: pdhsnp@gmail.com,http://rti.gov.lk/do-list/,
postal_address,pass,Published postal address: 01 Address 02 Address 03 Telephone 01 Fax Moblie No Email Mr K. Prasanjith President’s Senior Additional Secretary Desig,http://rti.gov.lk/do-list/,
named_responsibility,pass,Published named responsibility: officer in charge,http://rti.gov.lk/do-list/,
legal_basis,pass,Published legal basis: circular,http://rti.gov.lk/do-list/,
fees_and_payment,pass,"Published fees and payment: rs,",http://rti.gov.lk/do-list/,
phone,pass,Published phone: 095 -270 -1585 -,http://rti.gov.lk/io-list/,
phone,pass,Published phone: 021 224 0195 ,http://rti.gov.lk/io-list/,
phone,pass,Published phone: 011 277 8621 ,http://rti.gov.lk/io-list/,
phone,pass,Published phone: 021 223 0014 ,http://rti.gov.lk/io-list/,
phone,pass,Published phone: 011 252 2683 ,http://rti.gov.lk/io-list/,
phone,pass,Published phone: 081 242 4326 ,http://rti.gov.lk/io-list/,
phone,pass,Published phone: 071 859 2643 ,http://rti.gov.lk/io-list/,
phone,pass,Published phone: 03 011 362 09,http://rti.gov.lk/io-list/,
phone,pass,Published phone: 045 222 4765 ,http://rti.gov.lk/io-list/,
phone,pass,Published phone: 071 809 8360 ,http://rti.gov.lk/io-list/,
phone,pass,Published phone: 011 243 6711 ,http://rti.gov.lk/io-list/,
phone,pass,Published phone: 026 205 2564 ,http://rti.gov.lk/io-list/,
phone,pass,Published phone: 077 442 2743 ,http://rti.gov.lk/io-list/,
phone,pass,Published phone: 00 021 206 00,http://rti.gov.lk/io-list/,
phone,pass,Published phone: 071 603 7756 ,http://rti.gov.lk/io-list/,
phone,pass,Published phone: 07 011 269 10,http://rti.gov.lk/io-list/,
phone,pass,Published phone: 067 222 6436 ,http://rti.gov.lk/io-list/,
phone,pass,Published phone: 077 061 5961 ,http://rti.gov.lk/io-list/,
phone,pass,Published phone: 071 859 1834 ,http://rti.gov.lk/io-list/,
phone,pass,Published phone: 041 222 2681 ,http://rti.gov.lk/io-list/,
phone,pass,Published phone: 021 223 1211 ,http://rti.gov.lk/io-list/,
phone,pass,Published phone: 037 222 4131 ,http://rti.gov.lk/io-list/,
phone,pass,Published phone: 065 222 4374 ,http://rti.gov.lk/io-list/,
phone,pass,Published phone: 024-2222265 ,http://rti.gov.lk/io-list/,
phone,pass,Published phone: 081 242 4919 ,http://rti.gov.lk/io-list/,
phone,pass,Published phone: 05 011 255 44,http://rti.gov.lk/io-list/,
phone,pass,Published phone: 075 653 5886 ,http://rti.gov.lk/io-list/,
phone,pass,Published phone: 011 269 7388 ,http://rti.gov.lk/io-list/,
phone,pass,Published phone: 01 011 243 34,http://rti.gov.lk/io-list/,
phone,pass,Published phone: 055 227 6137 ,http://rti.gov.lk/io-list/,
phone,pass,Published phone: 037 222 2356 ,http://rti.gov.lk/io-list/,
phone,pass,Published phone: 011-2881094 ,http://rti.gov.lk/io-list/,
phone,pass,Published phone: 047 222 8299 ,http://rti.gov.lk/io-list/,
phone,pass,Published phone: 011 232 6217 ,http://rti.gov.lk/io-list/,
phone,pass,Published phone: 011 233 4575 ,http://rti.gov.lk/io-list/,
phone,pass,Published phone: 011 522 6104 ,http://rti.gov.lk/io-list/,
phone,pass,Published phone: 077 152 8938 ,http://rti.gov.lk/io-list/,
phone,pass,Published phone: 081 242 0613 ,http://rti.gov.lk/io-list/,
phone,pass,Published phone: 071 832 6587 ,http://rti.gov.lk/io-list/,
phone,pass,Published phone: 011 288 6584 ,http://rti.gov.lk/io-list/,
phone,pass,Published phone: 011 267 1660 ,http://rti.gov.lk/io-list/,
phone,pass,Published phone: 077 314 2042 ,http://rti.gov.lk/io-list/,
phone,pass,Published phone: 011 278 4217 ,http://rti.gov.lk/io-list/,
phone,pass,Published phone: 021 222 2355 ,http://rti.gov.lk/io-list/,
phone,pass,Published phone: 081 238 8220 ,http://rti.gov.lk/io-list/,
phone,pass,Published phone: 01 011 269 74,http://rti.gov.lk/io-list/,
phone,pass,Published phone: 011 269 8664 ,http://rti.gov.lk/io-list/,
phone,pass,Published phone: 021 222 7207 ,http://rti.gov.lk/io-list/,
phone,pass,Published phone: 011 277 8915 ,http://rti.gov.lk/io-list/,
phone,pass,Published phone: 05 011 310 07,http://rti.gov.lk/io-list/,
phone,pass,Published phone: 055 222 4272 ,http://rti.gov.lk/io-list/,
phone,pass,Published phone: 071 859 2606 ,http://rti.gov.lk/io-list/,
phone,pass,Published phone: 00 011 239 15,http://rti.gov.lk/io-list/,
phone,pass,Published phone: 071 819 1196 ,http://rti.gov.lk/io-list/,
phone,pass,Published phone: 081 246 4180 ,http://rti.gov.lk/io-list/,
phone,pass,Published phone: 091 223 4582 ,http://rti.gov.lk/io-list/,
phone,pass,Published phone: 071 265 8358 ,http://rti.gov.lk/io-list/,
phone,pass,Published phone: 011 239 5218 ,http://rti.gov.lk/io-list/,
phone,pass,Published phone: 07 011 268 49,http://rti.gov.lk/io-list/,
phone,pass,Published phone: 011 262 4191 ,http://rti.gov.lk/io-list/,
phone,pass,Published phone: 052 222 3476 ,http://rti.gov.lk/io-list/,
phone,pass,Published phone: 011 243 5157 ,http://rti.gov.lk/io-list/,
phone,pass,Published phone: 071 449 8801 ,http://rti.gov.lk/io-list/,
phone,pass,Published phone: 05 011 268 09,http://rti.gov.lk/io-list/,
phone,pass,Published phone: 011 388 8830 ,http://rti.gov.lk/io-list/,
phone,pass,Published phone: 011 277 5483 ,http://rti.gov.lk/io-list/,
phone,pass,Published phone: 081 206 8216 ,http://rti.gov.lk/io-list/,
phone,pass,Published phone: 081 238 6270 ,http://rti.gov.lk/io-list/,
phone,pass,Published phone: 01 011 248 46,http://rti.gov.lk/io-list/,
phone,pass,Published phone: 05 011 268 11,http://rti.gov.lk/io-list/,
phone,pass,Published phone: 011 288 7404 ,http://rti.gov.lk/io-list/,
phone,pass,Published phone: 011 218 6160 ,http://rti.gov.lk/io-list/,
phone,pass,Published phone: 091 229 0011 ,http://rti.gov.lk/io-list/,
phone,pass,Published phone: 081-2389026 ,http://rti.gov.lk/io-list/,
phone,pass,Published phone: 071 608 1781 ,http://rti.gov.lk/io-list/,
phone,pass,Published phone: 011 239 6190 ,http://rti.gov.lk/io-list/,
phone,pass,Published phone: 011 243 5845 ,http://rti.gov.lk/io-list/,
phone,pass,Published phone: 011 243 2805 ,http://rti.gov.lk/io-list/,
phone,pass,Published phone: 077 780 8638 ,http://rti.gov.lk/io-list/,
phone,pass,Published phone: 033 2239988 ,http://rti.gov.lk/io-list/,
phone,pass,Published phone: 011 288 3973 ,http://rti.gov.lk/io-list/,
phone,pass,Published phone: 011 288 7542 ,http://rti.gov.lk/io-list/,
phone,pass,Published phone: 011-2861332 ,http://rti.gov.lk/io-list/,
phone,pass,Published phone: 01 011 207 72,http://rti.gov.lk/io-list/,
phone,pass,Published phone: 011 287 7515 ,http://rti.gov.lk/io-list/,
phone,pass,Published phone: 011 288 3891 ,http://rti.gov.lk/io-list/,
phone,pass,Published phone: 011 268 4053 ,http://rti.gov.lk/io-list/,
phone,pass,Published phone: 037 223 1829 ,http://rti.gov.lk/io-list/,
phone,pass,Published phone: 021 224 3520 ,http://rti.gov.lk/io-list/,
phone,pass,Published phone: 01 011 248 47,http://rti.gov.lk/io-list/,
phone,pass,Published phone: 011 238 2491 ,http://rti.gov.lk/io-list/,
phone,pass,Published phone: 011 298 7058 ,http://rti.gov.lk/io-list/,
phone,pass,Published phone: 070 279 5244 ,http://rti.gov.lk/io-list/,
phone,pass,Published phone: 055 227 6018 ,http://rti.gov.lk/io-list/,
phone,pass,Published phone: 033 223 9988 ,http://rti.gov.lk/io-list/,
phone,pass,Published phone: 071 802 2460 ,http://rti.gov.lk/io-list/,
phone,pass,Published phone: 011 269 1064 ,http://rti.gov.lk/io-list/,
phone,pass,Published phone: 065 222 2641 ,http://rti.gov.lk/io-list/,
phone,pass,Published phone: 0 011 268 965,http://rti.gov.lk/io-list/,
phone,pass,Published phone: 037 222 8818 ,http://rti.gov.lk/io-list/,
phone,pass,Published phone: 07 011 268 75,http://rti.gov.lk/io-list/,
phone,pass,Published phone: 077 232 5572 ,http://rti.gov.lk/io-list/,
phone,pass,Published phone: 065 222 4412 ,http://rti.gov.lk/io-list/,
phone,pass,Published phone: 071 861 7390 ,http://rti.gov.lk/io-list/,
phone,pass,Published phone: 065 205 6109 ,http://rti.gov.lk/io-list/,
phone,pass,Published phone: 071 804 7510 ,http://rti.gov.lk/io-list/,
phone,pass,Published phone: 066 228 5140 ,http://rti.gov.lk/io-list/,
phone,pass,Published phone: 077 777 5005 ,http://rti.gov.lk/io-list/,
phone,pass,Published phone: 011 255 2953 ,http://rti.gov.lk/io-list/,
phone,pass,Published phone: 011 209 3803 ,http://rti.gov.lk/io-list/,
phone,pass,Published phone: 070 409 1994 ,http://rti.gov.lk/io-list/,
phone,pass,Published phone: 07 011 258 25,http://rti.gov.lk/io-list/,
phone,pass,Published phone: 011 269 0035 ,http://rti.gov.lk/io-list/,
phone,pass,Published phone: 077 734 9929 ,http://rti.gov.lk/io-list/,
phone,pass,Published phone: 026 222 2410 ,http://rti.gov.lk/io-list/,
phone,pass,Published phone: 011 286 8795 ,http://rti.gov.lk/io-list/,
phone,pass,Published phone: 011-572906 0,http://rti.gov.lk/io-list/,
phone,pass,Published phone: 081 246 1403 ,http://rti.gov.lk/io-list/,
phone,pass,Published phone: 063 222 2351 ,http://rti.gov.lk/io-list/,
phone,pass,Published phone: 011 284 4108 ,http://rti.gov.lk/io-list/,
phone,pass,Published phone: 011 288 9493 ,http://rti.gov.lk/io-list/,
phone,pass,Published phone: 071 840 8177 ,http://rti.gov.lk/io-list/,
phone,pass,Published phone: 00 011 466 94,http://rti.gov.lk/io-list/,
phone,pass,Published phone: 08 011 239 26,http://rti.gov.lk/io-list/,
phone,pass,Published phone: 071 446 7977 ,http://rti.gov.lk/io-list/,
phone,pass,Published phone: 065 205 9171 ,http://rti.gov.lk/io-list/,
phone,pass,Published phone: 021 206 1426 ,http://rti.gov.lk/io-list/,
phone,pass,Published phone: 011 243 3119 ,http://rti.gov.lk/io-list/,
phone,pass,Published phone: 081 247 2236 ,http://rti.gov.lk/io-list/,
phone,pass,Published phone: 011 239 1948 ,http://rti.gov.lk/io-list/,
phone,pass,Published phone: 011 217 6831 ,http://rti.gov.lk/io-list/,
phone,pass,Published phone: 066 300 7713 ,http://rti.gov.lk/io-list/,
phone,pass,Published phone: 063 222 2171 ,http://rti.gov.lk/io-list/,
phone,pass,Published phone: 071 816 3732 ,http://rti.gov.lk/io-list/,
phone,pass,Published phone: 031 223 3530 ,http://rti.gov.lk/io-list/,
phone,pass,Published phone: 077 268 6445 ,http://rti.gov.lk/io-list/,
phone,pass,Published phone: 038 223 4315 ,http://rti.gov.lk/io-list/,
phone,pass,Published phone: 071 386 0010 ,http://rti.gov.lk/io-list/,
phone,pass,Published phone: 06 011 258 54,http://rti.gov.lk/io-list/,
phone,pass,Published phone: 077 217 3091 ,http://rti.gov.lk/io-list/,
phone,pass,Published phone: 081 238 4598 ,http://rti.gov.lk/io-list/,
phone,pass,Published phone: 034 228 1673 ,http://rti.gov.lk/io-list/,
phone,pass,Published phone: 011 258 7234 ,http://rti.gov.lk/io-list/,
phone,pass,Published phone: 01 011 267 27,http://rti.gov.lk/io-list/,
phone,pass,Published phone: 011 287 3637 ,http://rti.gov.lk/io-list/,
phone,pass,Published phone: 0 011 269 844,http://rti.gov.lk/io-list/,
phone,pass,Published phone: 070 599 0461 ,http://rti.gov.lk/io-list/,
phone,pass,Published phone: 01 011 21514,http://rti.gov.lk/io-list/,
phone,pass,Published phone: 071 827 9350 ,http://rti.gov.lk/io-list/,
phone,pass,Published phone: 021 226 3272 ,http://rti.gov.lk/io-list/,
phone,pass,Published phone: 081 238 8316 ,http://rti.gov.lk/io-list/,
phone,pass,Published phone: 011 218 7096 ,http://rti.gov.lk/io-list/,
phone,pass,Published phone: 063 222 3004 ,http://rti.gov.lk/io-list/,
phone,pass,Published phone: 0 011 247 868,http://rti.gov.lk/io-list/,
phone,pass,Published phone: 011-2678926 ,http://rti.gov.lk/io-list/,
phone,pass,Published phone: 076 918 5040 ,http://rti.gov.lk/io-list/,
phone,pass,Published phone: 011 239 1301 ,http://rti.gov.lk/io-list/,
phone,pass,Published phone: 023 223 2852 ,http://rti.gov.lk/io-list/,
phone,pass,Published phone: 077 971 9397 ,http://rti.gov.lk/io-list/,
phone,pass,Published phone: 071 859 1392 ,http://rti.gov.lk/io-list/,
phone,pass,Published phone: 011 288 9479 ,http://rti.gov.lk/io-list/,
phone,pass,Published phone: 011 248 4775 ,http://rti.gov.lk/io-list/,
phone,pass,Published phone: 052 222 2398 ,http://rti.gov.lk/io-list/,
phone,pass,Published phone: 011 255 2868 ,http://rti.gov.lk/io-list/,
phone,pass,Published phone: 0 -946 591 -147,http://rti.gov.lk/io-list/,
phone,pass,Published phone: 08 011-26933,http://rti.gov.lk/io-list/,
phone,pass,Published phone: 011 217 9704 ,http://rti.gov.lk/io-list/,
phone,pass,Published phone: 011 257 4880 ,http://rti.gov.lk/io-list/,
phone,pass,Published phone: 055 222 2022 ,http://rti.gov.lk/io-list/,
phone,pass,Published phone: 071 488 3911 ,http://rti.gov.lk/io-list/,
phone,pass,Published phone: 032 226 5326 ,http://rti.gov.lk/io-list/,
phone,pass,Published phone: 07 011 267 47,http://rti.gov.lk/io-list/,
phone,pass,Published phone: 011 258 1167 ,http://rti.gov.lk/io-list/,
phone,pass,Published phone: 027 225 0081 ,http://rti.gov.lk/io-list/,
phone,pass,Published phone: 071 328 4801 ,http://rti.gov.lk/io-list/,
phone,pass,Published phone: 075 976 4527 ,http://rti.gov.lk/io-list/,
phone,pass,Published phone: 0 011 268 921,http://rti.gov.lk/io-list/,
phone,pass,Published phone: 011 286 6623 ,http://rti.gov.lk/io-list/,
phone,pass,Published phone: 011 287 9944 ,http://rti.gov.lk/io-list/,
phone,pass,Published phone: 063 224 0034 ,http://rti.gov.lk/io-list/,
phone,pass,Published phone: 021 222 2412 ,http://rti.gov.lk/io-list/,
phone,pass,Published phone: 05 011 236 90,http://rti.gov.lk/io-list/,
phone,pass,Published phone: 071 666 3095 ,http://rti.gov.lk/io-list/,
phone,pass,Published phone: +94 112 515700 ,http://rti.gov.lk/io-list/,
phone,pass,Published phone: 011 267 8517 ,http://rti.gov.lk/io-list/,
phone,pass,Published phone: 081 238 8142 ,http://rti.gov.lk/io-list/,
phone,pass,Published phone: 071 440 6628 ,http://rti.gov.lk/io-list/,
phone,pass,Published phone: 081 222 5133 ,http://rti.gov.lk/io-list/,
phone,pass,Published phone: 071 645 9064 ,http://rti.gov.lk/io-list/,
phone,pass,Published phone: 011 278 4811 ,http://rti.gov.lk/io-list/,
phone,pass,Published phone: 011 201 3016 ,http://rti.gov.lk/io-list/,
phone,pass,Published phone: 071 979 0509 ,http://rti.gov.lk/io-list/,
phone,pass,Published phone: 071 489 9657 ,http://rti.gov.lk/io-list/,
phone,pass,Published phone: 011 269 7880 ,http://rti.gov.lk/io-list/,
phone,pass,Published phone: 065 222 4426 ,http://rti.gov.lk/io-list/,
phone,pass,Published phone: 071 818 7660 ,http://rti.gov.lk/io-list/,
phone,pass,Published phone: 011 269 5137 ,http://rti.gov.lk/io-list/,
phone,pass,Published phone: 011 205 8548 ,http://rti.gov.lk/io-list/,
phone,pass,Published phone: 037 222 2369 ,http://rti.gov.lk/io-list/,
phone,pass,Published phone: 011 242 1905 ,http://rti.gov.lk/io-list/,
phone,pass,Published phone: 011 243 8635 ,http://rti.gov.lk/io-list/,
phone,pass,Published phone: 011 211 2736 ,http://rti.gov.lk/io-list/,
phone,pass,Published phone: 011 207 6360 ,http://rti.gov.lk/io-list/,
phone,pass,Published phone: 071 525 2717 ,http://rti.gov.lk/io-list/,
phone,pass,Published phone: 0 011 233 046,http://rti.gov.lk/io-list/,
phone,pass,Published phone: 021 222 8469 ,http://rti.gov.lk/io-list/,
phone,pass,Published phone: 081 246 4411 ,http://rti.gov.lk/io-list/,
phone,pass,Published phone: 011 269 3674 ,http://rti.gov.lk/io-list/,
phone,pass,Published phone: 024-2225143 ,http://rti.gov.lk/io-list/,
phone,pass,Published phone: 081 237 4812 ,http://rti.gov.lk/io-list/,
phone,pass,Published phone: 071 691 3395 ,http://rti.gov.lk/io-list/,
phone,pass,Published phone: 05 011 251 43,http://rti.gov.lk/io-list/,
phone,pass,Published phone: 071 800 1437 ,http://rti.gov.lk/io-list/,
phone,pass,Published phone: 011 233 7126 ,http://rti.gov.lk/io-list/,
phone,pass,Published phone: 026 222 2839 ,http://rti.gov.lk/io-list/,
phone,pass,Published phone: 05 011 308 53,http://rti.gov.lk/io-list/,
phone,pass,Published phone: 071 2857568 ,http://rti.gov.lk/io-list/,
phone,pass,Published phone: 055 222 2219 ,http://rti.gov.lk/io-list/,
phone,pass,Published phone: 026 222 2432 ,http://rti.gov.lk/io-list/,
phone,pass,Published phone: 026 326 9035 ,http://rti.gov.lk/io-list/,
phone,pass,Published phone: 01 011 232 32,http://rti.gov.lk/io-list/,
phone,pass,Published phone: 081-2384329 ,http://rti.gov.lk/io-list/,
phone,pass,Published phone: 071 443 1287 ,http://rti.gov.lk/io-list/,
phone,pass,Published phone: 08 011 269 19,http://rti.gov.lk/io-list/,
phone,pass,Published phone: 011 268 8338 ,http://rti.gov.lk/io-list/,
phone,pass,Published phone: 08 011 269 16,http://rti.gov.lk/io-list/,
phone,pass,Published phone: 041 222 4399 ,http://rti.gov.lk/io-list/,
phone,pass,Published phone: 033 222 6530 ,http://rti.gov.lk/io-list/,
phone,pass,Published phone: 011 288 9482 ,http://rti.gov.lk/io-list/,
phone,pass,Published phone: 011 209 2709 ,http://rti.gov.lk/io-list/,
phone,pass,Published phone: 023 222 2009 ,http://rti.gov.lk/io-list/,
phone,pass,Published phone: 067 227 9213 ,http://rti.gov.lk/io-list/,
phone,pass,Published phone: 011 287 7002 ,http://rti.gov.lk/io-list/,
phone,pass,Published phone: 081 238 8770 ,http://rti.gov.lk/io-list/,
phone,pass,Published phone: 011 248 4500 ,http://rti.gov.lk/io-list/,
phone,pass,Published phone: 011 238 2490 ,http://rti.gov.lk/io-list/,
phone,pass,Published phone: 0 36 67 87 -16 2,http://rti.gov.lk/io-list/,
phone,pass,Published phone: 037 222 2532 ,http://rti.gov.lk/io-list/,
phone,pass,Published phone: 071 859 1967 ,http://rti.gov.lk/io-list/,
phone,pass,Published phone: 071 859 1775 ,http://rti.gov.lk/io-list/,
phone,pass,Published phone: 011-2698169 ,http://rti.gov.lk/io-list/,
phone,pass,Published phone: 081 223 4124 ,http://rti.gov.lk/io-list/,
phone,pass,Published phone: 011 253 2259 ,http://rti.gov.lk/io-list/,
phone,pass,Published phone: 081 238 5646 ,http://rti.gov.lk/io-list/,
phone,pass,Published phone: 0 011 236 997,http://rti.gov.lk/io-list/,
phone,pass,Published phone: 011 258 0307 ,http://rti.gov.lk/io-list/,
phone,pass,Published phone: 077 876 4877 ,http://rti.gov.lk/io-list/,
phone,pass,Published phone: 02 011 233 30,http://rti.gov.lk/io-list/,
phone,pass,Published phone: 011-2430233 ,http://rti.gov.lk/io-list/,
phone,pass,Published phone: 021 222 0008 ,http://rti.gov.lk/io-list/,
phone,pass,Published phone: 071 859 1745 ,http://rti.gov.lk/io-list/,
phone,pass,Published phone: 04 -459 -423 -48,http://rti.gov.lk/io-list/,
phone,pass,Published phone: 011 244 7319 ,http://rti.gov.lk/io-list/,
phone,pass,Published phone: 011 268 2120 ,http://rti.gov.lk/io-list/,
phone,pass,Published phone: 025 224 7058 ,http://rti.gov.lk/io-list/,
phone,pass,Published phone: 011 203 4107 ,http://rti.gov.lk/io-list/,
phone,pass,Published phone: 011 239 0941 ,http://rti.gov.lk/io-list/,
phone,pass,Published phone: 047 226 1070 ,http://rti.gov.lk/io-list/,
phone,pass,Published phone: 077 108 8924 ,http://rti.gov.lk/io-list/,
phone,pass,Published phone: 045 224 0227 ,http://rti.gov.lk/io-list/,
phone,pass,Published phone: 07 011 258 14,http://rti.gov.lk/io-list/,
phone,pass,Published phone: 011-2327633 ,http://rti.gov.lk/io-list/,
phone,pass,Published phone: 055 227 6228 ,http://rti.gov.lk/io-list/,
phone,pass,Published phone: 011 232 0965 ,http://rti.gov.lk/io-list/,
phone,pass,Published phone: 081 238 5008 ,http://rti.gov.lk/io-list/,
phone,pass,Published phone: 011 286 8794 ,http://rti.gov.lk/io-list/,
phone,pass,Published phone: 011 277 8911 ,http://rti.gov.lk/io-list/,
phone,pass,Published phone: 011 2911374 ,http://rti.gov.lk/io-list/,
phone,pass,Published phone: 011 247 7681 ,http://rti.gov.lk/io-list/,
phone,pass,Published phone: 091 229 1032 ,http://rti.gov.lk/io-list/,
phone,pass,Published phone: 077 376 9169 ,http://rti.gov.lk/io-list/,
phone,pass,Published phone: 081-2394002 ,http://rti.gov.lk/io-list/,
phone,pass,Published phone: 011 26 73208 ,http://rti.gov.lk/io-list/,
phone,pass,Published phone: 052 222 2261 ,http://rti.gov.lk/io-list/,
phone,pass,Published phone: 027 222 2278 ,http://rti.gov.lk/io-list/,
phone,pass,Published phone: 0 011 230 751,http://rti.gov.lk/io-list/,
phone,pass,Published phone: 081 238 8122 ,http://rti.gov.lk/io-list/,
phone,pass,Published phone: 0 011 269 440,http://rti.gov.lk/io-list/,
phone,pass,Published phone: 077 330 9110 ,http://rti.gov.lk/io-list/,
phone,pass,Published phone: 011-2881207 ,http://rti.gov.lk/io-list/,
phone,pass,Published phone: 011 243 6607 ,http://rti.gov.lk/io-list/,
phone,pass,Published phone: 011 258 4965 ,http://rti.gov.lk/io-list/,
phone,pass,Published phone: 03 011 234 88,http://rti.gov.lk/io-list/,
phone,pass,Published phone: 027 222 2366 ,http://rti.gov.lk/io-list/,
phone,pass,Published phone: 033 222 1064 ,http://rti.gov.lk/io-list/,
phone,pass,Published phone: 07 011 367 14,http://rti.gov.lk/io-list/,
phone,pass,Published phone: 011 286 6731 ,http://rti.gov.lk/io-list/,
phone,pass,Published phone: 0 011 232 066,http://rti.gov.lk/io-list/,
phone,pass,Published phone: 021 228 3847 ,http://rti.gov.lk/io-list/,
phone,pass,Published phone: 071 700 9071 ,http://rti.gov.lk/io-list/,
phone,pass,Published phone: 076 139 7845 ,http://rti.gov.lk/io-list/,
phone,pass,Published phone: 011 244 0651 ,http://rti.gov.lk/io-list/,
phone,pass,Published phone: 011 241 0031 ,http://rti.gov.lk/io-list/,
phone,pass,Published phone: 071 859 1488 ,http://rti.gov.lk/io-list/,
phone,pass,Published phone: 076 976 6990 ,http://rti.gov.lk/io-list/,
phone,pass,Published phone: 021 321 2311 ,http://rti.gov.lk/io-list/,
phone,pass,Published phone: 076 097 2185 ,http://rti.gov.lk/io-list/,
phone,pass,Published phone: 077 790 2230 ,http://rti.gov.lk/io-list/,
phone,pass,Published phone: 045 222 2481 ,http://rti.gov.lk/io-list/,
phone,pass,Published phone: 011-2323688 ,http://rti.gov.lk/io-list/,
phone,pass,Published phone: 063 222 2284 ,http://rti.gov.lk/io-list/,
phone,pass,Published phone: 011 209 2700 ,http://rti.gov.lk/io-list/,
phone,pass,Published phone: 077-0698596 ,http://rti.gov.lk/io-list/,
phone,pass,Published phone: 052 227 8138 ,http://rti.gov.lk/io-list/,
phone,pass,Published phone: 011 247 2470 ,http://rti.gov.lk/io-list/,
phone,pass,Published phone: 025 224 5357 ,http://rti.gov.lk/io-list/,
phone,pass,Published phone: 076 260 5447 ,http://rti.gov.lk/io-list/,
phone,pass,Published phone: 011 232 5135 ,http://rti.gov.lk/io-list/,
phone,pass,Published phone: 011 258 9132 ,http://rti.gov.lk/io-list/,
phone,pass,Published phone: 047 223 7273 ,http://rti.gov.lk/io-list/,
phone,pass,Published phone: 077 629 5612 ,http://rti.gov.lk/io-list/,
phone,pass,Published phone: 011 266 9885 ,http://rti.gov.lk/io-list/,
phone,pass,Published phone: 0 011-268864,http://rti.gov.lk/io-list/,
phone,pass,Published phone: 077 134 2456 ,http://rti.gov.lk/io-list/,
phone,pass,Published phone: 07 011 243 79,http://rti.gov.lk/io-list/,
phone,pass,Published phone: 071 447 0299 ,http://rti.gov.lk/io-list/,
phone,pass,Published phone: 025 226 6915 ,http://rti.gov.lk/io-list/,
phone,pass,Published phone: 0 011 267 040,http://rti.gov.lk/io-list/,
phone,pass,Published phone: 0 011 268 715,http://rti.gov.lk/io-list/,
phone,pass,Published phone: 06 011 255 65,http://rti.gov.lk/io-list/,
phone,pass,Published phone: 021 222 2006 ,http://rti.gov.lk/io-list/,
phone,pass,Published phone: 011 218 7015 ,http://rti.gov.lk/io-list/,
phone,pass,Published phone: 071 015 0800 ,http://rti.gov.lk/io-list/,
phone,pass,Published phone: 071 808 9384 ,http://rti.gov.lk/io-list/,
phone,pass,Published phone: 071 533 8503 ,http://rti.gov.lk/io-list/,
phone,pass,Published phone: 066 205 7689 ,http://rti.gov.lk/io-list/,
phone,pass,Published phone: 071-5519175 ,http://rti.gov.lk/io-list/,
phone,pass,Published phone: 052 223 5389 ,http://rti.gov.lk/io-list/,
phone,pass,Published phone: 077 355 0029 ,http://rti.gov.lk/io-list/,
phone,pass,Published phone: 081 235 6372 ,http://rti.gov.lk/io-list/,
phone,pass,Published phone: 070 271 9852 ,http://rti.gov.lk/io-list/,
phone,pass,Published phone: 011 233 0732 ,http://rti.gov.lk/io-list/,
phone,pass,Published phone: 071 619 3319 ,http://rti.gov.lk/io-list/,
phone,pass,Published phone: 081 203 0040 ,http://rti.gov.lk/io-list/,
phone,pass,Published phone: 047 225 6140 ,http://rti.gov.lk/io-list/,
phone,pass,Published phone: 066 222 2422 ,http://rti.gov.lk/io-list/,
phone,pass,Published phone: 011 239 1104 ,http://rti.gov.lk/io-list/,
phone,pass,Published phone: 023 205 0351 ,http://rti.gov.lk/io-list/,
phone,pass,Published phone: 01 011 466 94,http://rti.gov.lk/io-list/,
phone,pass,Published phone: 024 222 2228 ,http://rti.gov.lk/io-list/,
phone,pass,Published phone: 067-2229236 ,http://rti.gov.lk/io-list/,
phone,pass,Published phone: 081 206 6583 ,http://rti.gov.lk/io-list/,
phone,pass,Published phone: 011 205 8229 ,http://rti.gov.lk/io-list/,
phone,pass,Published phone: 011 258 8460 ,http://rti.gov.lk/io-list/,
phone,pass,Published phone: 071 859 1986 ,http://rti.gov.lk/io-list/,
phone,pass,Published phone: 08 011 266 79,http://rti.gov.lk/io-list/,
phone,pass,Published phone: 081 238 4588 ,http://rti.gov.lk/io-list/,
phone,pass,Published phone: 071 728 8110 ,http://rti.gov.lk/io-list/,
phone,pass,Published phone: 047 225 6409 ,http://rti.gov.lk/io-list/,
phone,pass,Published phone: 077 683 0269 ,http://rti.gov.lk/io-list/,
phone,pass,Published phone: 011 255 2474 ,http://rti.gov.lk/io-list/,
phone,pass,Published phone: 071 834 1251 ,http://rti.gov.lk/io-list/,
phone,pass,Published phone: 026 222 2524 ,http://rti.gov.lk/io-list/,
phone,pass,Published phone: 011 288 7909 ,http://rti.gov.lk/io-list/,
phone,pass,Published phone: 063 205 1853 ,http://rti.gov.lk/io-list/,
phone,pass,Published phone: 021 222 9801 ,http://rti.gov.lk/io-list/,
phone,pass,Published phone: 011 232 3565 ,http://rti.gov.lk/io-list/,
phone,pass,Published phone: 025 222 5097 ,http://rti.gov.lk/io-list/,
phone,pass,Published phone: 02 011 232 71,http://rti.gov.lk/io-list/,
phone,pass,Published phone: 00 011 258 19,http://rti.gov.lk/io-list/,
phone,pass,Published phone: 011 271 2753 ,http://rti.gov.lk/io-list/,
phone,pass,Published phone: 0 011 211 271,http://rti.gov.lk/io-list/,
phone,pass,Published phone: 011 242 3946 ,http://rti.gov.lk/io-list/,
phone,pass,Published phone: 026 225 5036 ,http://rti.gov.lk/io-list/,
phone,pass,Published phone: 011 288 4626 ,http://rti.gov.lk/io-list/,
phone,pass,Published phone: 011 241 9304 ,http://rti.gov.lk/io-list/,
phone,pass,Published phone: 077 724 3386 ,http://rti.gov.lk/io-list/,
phone,pass,Published phone: 052 222 2237 ,http://rti.gov.lk/io-list/,
phone,pass,Published phone: 011 243 0938 ,http://rti.gov.lk/io-list/,
phone,pass,Published phone: 071 442 7094 ,http://rti.gov.lk/io-list/,
phone,pass,Published phone: 011 268 9202 ,http://rti.gov.lk/io-list/,
phone,pass,Published phone: 011 283 7743 ,http://rti.gov.lk/io-list/,
phone,pass,Published phone: 01 011 233 20,http://rti.gov.lk/io-list/,
phone,pass,Published phone: 071 442 0547 ,http://rti.gov.lk/io-list/,
phone,pass,Published phone: 071 946 9303 ,http://rti.gov.lk/io-list/,
phone,pass,Published phone: 071 853 8818 ,http://rti.gov.lk/io-list/,
phone,pass,Published phone: 021 228 0077 ,http://rti.gov.lk/io-list/,
phone,pass,Published phone: 071 117 2255 ,http://rti.gov.lk/io-list/,
phone,pass,Published phone: 071 441 7223 ,http://rti.gov.lk/io-list/,
phone,pass,Published phone: 02 0 -56 133 -37,http://rti.gov.lk/io-list/,
phone,pass,Published phone: 055 222 4273 ,http://rti.gov.lk/io-list/,
phone,pass,Published phone: 011 287 3862 ,http://rti.gov.lk/io-list/,
phone,pass,Published phone: 037 222 7780 ,http://rti.gov.lk/io-list/,
phone,pass,Published phone: 071 346 5185 ,http://rti.gov.lk/io-list/,
phone,pass,Published phone: 011 218 2267 ,http://rti.gov.lk/io-list/,
phone,pass,Published phone: 081 220 3519 ,http://rti.gov.lk/io-list/,
phone,pass,Published phone: 01 011 254 43,http://rti.gov.lk/io-list/,
phone,pass,Published phone: 011 257 8238 ,http://rti.gov.lk/io-list/,
phone,pass,Published phone: 026 222 0038 ,http://rti.gov.lk/io-list/,
phone,pass,Published phone: 071 606 2349 ,http://rti.gov.lk/io-list/,
phone,pass,Published phone: 091 223 4837 ,http://rti.gov.lk/io-list/,
phone,pass,Published phone: 03 011 237 58,http://rti.gov.lk/io-list/,
phone,pass,Published phone: 063 222 4349 ,http://rti.gov.lk/io-list/,
phone,pass,Published phone: 071 859 2622 ,http://rti.gov.lk/io-list/,
phone,pass,Published phone: 065 222 4312 ,http://rti.gov.lk/io-list/,
phone,pass,Published phone: 076 864 6147 ,http://rti.gov.lk/io-list/,
phone,pass,Published phone: 0 011 269 221,http://rti.gov.lk/io-list/,
phone,pass,Published phone: 011 288 7163 ,http://rti.gov.lk/io-list/,
phone,pass,Published phone: 011 269 5002 ,http://rti.gov.lk/io-list/,
phone,pass,Published phone: 063 222 2534 ,http://rti.gov.lk/io-list/,
phone,pass,Published phone: 071 635 8441 ,http://rti.gov.lk/io-list/,
phone,pass,Published phone: 071 232 0704 ,http://rti.gov.lk/io-list/,
phone,pass,Published phone: 091 222 6590 ,http://rti.gov.lk/io-list/,
phone,pass,Published phone: 076 706 1891 ,http://rti.gov.lk/io-list/,
phone,pass,Published phone: 071 817 9063 ,http://rti.gov.lk/io-list/,
phone,pass,Published phone: 091 222 2424 ,http://rti.gov.lk/io-list/,
phone,pass,Published phone: 077 969 4934 ,http://rti.gov.lk/io-list/,
phone,pass,Published phone: 071 859 1011 ,http://rti.gov.lk/io-list/,
phone,pass,Published phone: 0 011 268 974,http://rti.gov.lk/io-list/,
phone,pass,Published phone: 081-2392206 ,http://rti.gov.lk/io-list/,
phone,pass,Published phone: 021 205 9893 ,http://rti.gov.lk/io-list/,
phone,pass,Published phone: 025 227 6238 ,http://rti.gov.lk/io-list/,
phone,pass,Published phone: 077 399 6226 ,http://rti.gov.lk/io-list/,
phone,pass,Published phone: 06 011 233 40,http://rti.gov.lk/io-list/,
phone,pass,Published phone: 081-2388018 ,http://rti.gov.lk/io-list/,
phone,pass,Published phone: 021 229 0879 ,http://rti.gov.lk/io-list/,
phone,pass,Published phone: 071 777 8626 ,http://rti.gov.lk/io-list/,
phone,pass,Published phone: 09 011 269 21,http://rti.gov.lk/io-list/,
phone,pass,Published phone: 027 224 8836 ,http://rti.gov.lk/io-list/,
phone,pass,Published phone: 021 221 2631 ,http://rti.gov.lk/io-list/,
phone,pass,Published phone: 071 491 4452 ,http://rti.gov.lk/io-list/,
phone,pass,Published phone: 026 222 2228 ,http://rti.gov.lk/io-list/,
phone,pass,Published phone: 0 011 255 264,http://rti.gov.lk/io-list/,
phone,pass,Published phone: 077 267 2017 ,http://rti.gov.lk/io-list/,
phone,pass,Published phone: 071 859 1976 ,http://rti.gov.lk/io-list/,
phone,pass,Published phone: 011 267 7932 ,http://rti.gov.lk/io-list/,
phone,pass,Published phone: 071 859 2601 ,http://rti.gov.lk/io-list/,
phone,pass,Published phone: 033 223 6438 ,http://rti.gov.lk/io-list/,
phone,pass,Published phone: 081-2392441 ,http://rti.gov.lk/io-list/,
phone,pass,Published phone: 011 285 7787 ,http://rti.gov.lk/io-list/,
phone,pass,Published phone: 081 223 2002 ,http://rti.gov.lk/io-list/,
phone,pass,Published phone: 07 011 233 30,http://rti.gov.lk/io-list/,
phone,pass,Published phone: 0 -55 33 -94 87 -1,http://rti.gov.lk/io-list/,
phone,pass,Published phone: 00 011 257 67,http://rti.gov.lk/io-list/,
phone,pass,Published phone: 077 544 0375 ,http://rti.gov.lk/io-list/,
phone,pass,Published phone: 065-2240730 ,http://rti.gov.lk/io-list/,
phone,pass,Published phone: 076 563 5110 ,http://rti.gov.lk/io-list/,
phone,pass,Published phone: 05 011 267 83,http://rti.gov.lk/io-list/,
phone,pass,Published phone: 025 205 2671 ,http://rti.gov.lk/io-list/,
phone,pass,Published phone: 071 444 3175 ,http://rti.gov.lk/io-list/,
phone,pass,Published phone: 011 259 3111 ,http://rti.gov.lk/io-list/,
phone,pass,Published phone: 077 732 0818 ,http://rti.gov.lk/io-list/,
phone,pass,Published phone: 071 225 9667 ,http://rti.gov.lk/io-list/,
phone,pass,Published phone: 027 205 1009 ,http://rti.gov.lk/io-list/,
phone,pass,Published phone: 077 460 7229 ,http://rti.gov.lk/io-list/,
phone,pass,Published phone: 026 222 1230 ,http://rti.gov.lk/io-list/,
phone,pass,Published phone: 047 222 8400 ,http://rti.gov.lk/io-list/,
phone,pass,Published phone: 042 2233 801 ,http://rti.gov.lk/io-list/,
phone,pass,Published phone: 05 011 259 56,http://rti.gov.lk/io-list/,
phone,pass,Published phone: 0 221 -36 32 -10,http://rti.gov.lk/io-list/,
phone,pass,Published phone: 071 424 6767 ,http://rti.gov.lk/io-list/,
phone,pass,Published phone: 081-2388158 ,http://rti.gov.lk/io-list/,
phone,pass,Published phone: 063 222 2261 ,http://rti.gov.lk/io-list/,
phone,pass,Published phone: 026 222 4001 ,http://rti.gov.lk/io-list/,
phone,pass,Published phone: 03 011 236 90,http://rti.gov.lk/io-list/,
phone,pass,Published phone: 026 222 2601 ,http://rti.gov.lk/io-list/,
phone,pass,Published phone: 011 287 7694 ,http://rti.gov.lk/io-list/,
phone,pass,Published phone: 011 233 4874 ,http://rti.gov.lk/io-list/,
phone,pass,Published phone: 071 815 2095 ,http://rti.gov.lk/io-list/,
phone,pass,Published phone: 081 223 3190 ,http://rti.gov.lk/io-list/,
phone,pass,Published phone: 011 232 3083 ,http://rti.gov.lk/io-list/,
phone,pass,Published phone: 05 011 250 12,http://rti.gov.lk/io-list/,
phone,pass,Published phone: 075 974 6988 ,http://rti.gov.lk/io-list/,
phone,pass,Published phone: 05 011 236 92,http://rti.gov.lk/io-list/,
phone,pass,Published phone: 034 222 2228 ,http://rti.gov.lk/io-list/,
phone,pass,Published phone: 071 948 6551 ,http://rti.gov.lk/io-list/,
phone,pass,Published phone: 021 222 5681 ,http://rti.gov.lk/io-list/,
phone,pass,Published phone: 07 011 536 35,http://rti.gov.lk/io-list/,
phone,pass,Published phone: 01 011 268 29,http://rti.gov.lk/io-list/,
phone,pass,Published phone: 041-2227008 ,http://rti.gov.lk/io-list/,
phone,pass,Published phone: 011 258 5333 ,http://rti.gov.lk/io-list/,
phone,pass,Published phone: 077 722 1724 ,http://rti.gov.lk/io-list/,
phone,pass,Published phone: 077 667 2725 ,http://rti.gov.lk/io-list/,
phone,pass,Published phone: 011 255 2783 ,http://rti.gov.lk/io-list/,
phone,pass,Published phone: 081-2233186 ,http://rti.gov.lk/io-list/,
phone,pass,Published phone: 035 222 2264 ,http://rti.gov.lk/io-list/,
phone,pass,Published phone: 071 459 1301 ,http://rti.gov.lk/io-list/,
phone,pass,Published phone: 037 226 0343 ,http://rti.gov.lk/io-list/,
phone,pass,Published phone: 026 222 4015 ,http://rti.gov.lk/io-list/,
phone,pass,Published phone: 011 219 3311 ,http://rti.gov.lk/io-list/,
phone,pass,Published phone: 072 230 5229 ,http://rti.gov.lk/io-list/,
phone,pass,Published phone: 03 011 255 43,http://rti.gov.lk/io-list/,
phone,pass,Published phone: 066 222 6618 ,http://rti.gov.lk/io-list/,
phone,pass,Published phone: 0 011 268 593,http://rti.gov.lk/io-list/,
phone,pass,Published phone: 05 011 255 97,http://rti.gov.lk/io-list/,
phone,pass,Published phone: 011 286 3705 ,http://rti.gov.lk/io-list/,
phone,pass,Published phone: 071-0121972 ,http://rti.gov.lk/io-list/,
phone,pass,Published phone: 077 538 1808 ,http://rti.gov.lk/io-list/,
phone,pass,Published phone: 081 242 0491 ,http://rti.gov.lk/io-list/,
phone,pass,Published phone: 011 232 0729 ,http://rti.gov.lk/io-list/,
phone,pass,Published phone: 011 232 7533 ,http://rti.gov.lk/io-list/,
phone,pass,Published phone: 036 225 8304 ,http://rti.gov.lk/io-list/,
phone,pass,Published phone: 071 448 7766 ,http://rti.gov.lk/io-list/,
phone,pass,Published phone: 021 222 4029 ,http://rti.gov.lk/io-list/,
phone,pass,Published phone: 08 011 269 88,http://rti.gov.lk/io-list/,
phone,pass,Published phone: 017 800 9525 ,http://rti.gov.lk/io-list/,
phone,pass,Published phone: 09 011 545 52,http://rti.gov.lk/io-list/,
phone,pass,Published phone: 05 011 254 40,http://rti.gov.lk/io-list/,
phone,pass,Published phone: 05 011 269 43,http://rti.gov.lk/io-list/,
phone,pass,Published phone: 081 208 8154 ,http://rti.gov.lk/io-list/,
phone,pass,Published phone: 011 244 0158 ,http://rti.gov.lk/io-list/,
phone,pass,Published phone: 077 768 6887 ,http://rti.gov.lk/io-list/,
phone,pass,Published phone: 011 266 7909 ,http://rti.gov.lk/io-list/,
phone,pass,Published phone: 032 226 6445 ,http://rti.gov.lk/io-list/,
phone,pass,Published phone: 077 653 1283 ,http://rti.gov.lk/io-list/,
phone,pass,Published phone: 011 245 1367 ,http://rti.gov.lk/io-list/,
phone,pass,Published phone: 071 407 1130 ,http://rti.gov.lk/io-list/,
phone,pass,Published phone: 081 249 1971 ,http://rti.gov.lk/io-list/,
phone,pass,Published phone: 011 269 5274 ,http://rti.gov.lk/io-list/,
phone,pass,Published phone: 076 817 8330 ,http://rti.gov.lk/io-list/,
phone,pass,Published phone: 071 932 1423 ,http://rti.gov.lk/io-list/,
phone,pass,Published phone: 036 222 2118 ,http://rti.gov.lk/io-list/,
phone,pass,Published phone: 032 222 3222 ,http://rti.gov.lk/io-list/,
phone,pass,Published phone: 081 223 2001 ,http://rti.gov.lk/io-list/,
phone,pass,Published phone: 07 011 250 18,http://rti.gov.lk/io-list/,
phone,pass,Published phone: 011 277 7508 ,http://rti.gov.lk/io-list/,
phone,pass,Published phone: 081 223 3604 ,http://rti.gov.lk/io-list/,
phone,pass,Published phone: 081-2394782 ,http://rti.gov.lk/io-list/,
phone,pass,Published phone: 011-268 0277 ,http://rti.gov.lk/io-list/,
phone,pass,Published phone: 077 523 0619 ,http://rti.gov.lk/io-list/,
phone,pass,Published phone: 031 225 6893 ,http://rti.gov.lk/io-list/,
phone,pass,Published phone: 081 223 2131 ,http://rti.gov.lk/io-list/,
phone,pass,Published phone: 011 268 6393 ,http://rti.gov.lk/io-list/,
phone,pass,Published phone: 071 446 3708 ,http://rti.gov.lk/io-list/,
phone,pass,Published phone: 025 226 6658 ,http://rti.gov.lk/io-list/,
phone,pass,Published phone: 070 305 0654 ,http://rti.gov.lk/io-list/,
phone,pass,Published phone: 077 881 4793 ,http://rti.gov.lk/io-list/,
phone,pass,Published phone: 063 222 2131 ,http://rti.gov.lk/io-list/,
phone,pass,Published phone: 011-2399104 ,http://rti.gov.lk/io-list/,
phone,pass,Published phone: 011 284 5537 ,http://rti.gov.lk/io-list/,
phone,pass,Published phone: 071 859 1792 ,http://rti.gov.lk/io-list/,
phone,pass,Published phone: 027 225 9023 ,http://rti.gov.lk/io-list/,
phone,pass,Published phone: 032 222 3200 ,http://rti.gov.lk/io-list/,
phone,pass,Published phone: 081 222 2912 ,http://rti.gov.lk/io-list/,
phone,pass,Published phone: 0 011 266 749,http://rti.gov.lk/io-list/,
phone,pass,Published phone: 041 222 0174 ,http://rti.gov.lk/io-list/,
phone,pass,Published phone: 081 238 8219 ,http://rti.gov.lk/io-list/,
phone,pass,Published phone: 011 247 8044 ,http://rti.gov.lk/io-list/,
phone,pass,Published phone: 041-2250261 ,http://rti.gov.lk/io-list/,
phone,pass,Published phone: 011 230 0176 ,http://rti.gov.lk/io-list/,
phone,pass,Published phone: 011 268 1329 ,http://rti.gov.lk/io-list/,
phone,pass,Published phone: 01 011 210 04,http://rti.gov.lk/io-list/,
phone,pass,Published phone: 077 666 4506 ,http://rti.gov.lk/io-list/,
phone,pass,Published phone: 032 226 5964 ,http://rti.gov.lk/io-list/,
phone,pass,Published phone: 076 280 3351 ,http://rti.gov.lk/io-list/,
phone,pass,Published phone: 077 195 3362 ,http://rti.gov.lk/io-list/,
phone,pass,Published phone: 011287 8793 ,http://rti.gov.lk/io-list/,
phone,pass,Published phone: 011 273 4542 ,http://rti.gov.lk/io-list/,
phone,pass,Published phone: 011 259 6978 ,http://rti.gov.lk/io-list/,
phone,pass,Published phone: 071 846 6033 ,http://rti.gov.lk/io-list/,
phone,pass,Published phone: 091 224 4345 ,http://rti.gov.lk/io-list/,
phone,pass,Published phone: 011 269 9736 ,http://rti.gov.lk/io-list/,
phone,pass,Published phone: 0 011 256 435,http://rti.gov.lk/io-list/,
phone,pass,Published phone: 071 406 6232 ,http://rti.gov.lk/io-list/,
phone,pass,Published phone: 011 287 0659 ,http://rti.gov.lk/io-list/,
phone,pass,Published phone: 011 279 7468 ,http://rti.gov.lk/io-list/,
phone,pass,Published phone: 081 238 8716 ,http://rti.gov.lk/io-list/,
phone,pass,Published phone: 0 0 70 -86 122 -1,http://rti.gov.lk/io-list/,
phone,pass,Published phone: 037 223 4260 ,http://rti.gov.lk/io-list/,
phone,pass,Published phone: 0 011-243818,http://rti.gov.lk/io-list/,
phone,pass,Published phone: 071 838 9302 ,http://rti.gov.lk/io-list/,
phone,pass,Published phone: 076 125 0688 ,http://rti.gov.lk/io-list/,
phone,pass,Published phone: 076 910 0487 ,http://rti.gov.lk/io-list/,
phone,pass,Published phone: 071 859 1723 ,http://rti.gov.lk/io-list/,
phone,pass,Published phone: 02 011 213 13,http://rti.gov.lk/io-list/,
phone,pass,Published phone: 03 011 257 49,http://rti.gov.lk/io-list/,
phone,pass,Published phone: 011 268 6859 ,http://rti.gov.lk/io-list/,
phone,pass,Published phone: 011 232 3082 ,http://rti.gov.lk/io-list/,
phone,pass,Published phone: 081 235 2501 ,http://rti.gov.lk/io-list/,
phone,pass,Published phone: 021 321 7444 ,http://rti.gov.lk/io-list/,
phone,pass,Published phone: 021 228 3930 ,http://rti.gov.lk/io-list/,
phone,pass,Published phone: 038 223 2227 ,http://rti.gov.lk/io-list/,
phone,pass,Published phone: 065 222 2442 ,http://rti.gov.lk/io-list/,
phone,pass,Published phone: 052 222 2414 ,http://rti.gov.lk/io-list/,
phone,pass,Published phone: 091 222 3228 ,http://rti.gov.lk/io-list/,
phone,pass,Published phone: 071 859 1244 ,http://rti.gov.lk/io-list/,
phone,pass,Published phone: 011 286 8448 ,http://rti.gov.lk/io-list/,
phone,pass,Published phone: 0 011 243 145,http://rti.gov.lk/io-list/,
phone,pass,Published phone: 071 848 7807 ,http://rti.gov.lk/io-list/,
phone,pass,Published phone: 027 225 0119 ,http://rti.gov.lk/io-list/,
phone,pass,Published phone: 071 859 1891 ,http://rti.gov.lk/io-list/,
phone,pass,Published phone: 011 254 4317 ,http://rti.gov.lk/io-list/,
phone,pass,Published phone: 011 225 2028 ,http://rti.gov.lk/io-list/,
phone,pass,Published phone: 07 011 278 69,http://rti.gov.lk/io-list/,
phone,pass,Published phone: 027 328 8288 ,http://rti.gov.lk/io-list/,
phone,pass,Published phone: 025 227 5277 ,http://rti.gov.lk/io-list/,
phone,pass,Published phone: 021 229 0137 ,http://rti.gov.lk/io-list/,
phone,pass,Published phone: 026 225 5035 ,http://rti.gov.lk/io-list/,
phone,pass,Published phone: 011 269 5244 ,http://rti.gov.lk/io-list/,
phone,pass,Published phone: 071 836 5022 ,http://rti.gov.lk/io-list/,
phone,pass,Published phone: 011 167 6844 ,http://rti.gov.lk/io-list/,
phone,pass,Published phone: 071 055 4530 ,http://rti.gov.lk/io-list/,
phone,pass,Published phone: 02 011 255 69,http://rti.gov.lk/io-list/,
phone,pass,Published phone: 011 233 7355 ,http://rti.gov.lk/io-list/,
phone,pass,Published phone: 077 790 3407 ,http://rti.gov.lk/io-list/,
phone,pass,Published phone: 071 859 1954 ,http://rti.gov.lk/io-list/,
phone,pass,Published phone: 052 223 5390 ,http://rti.gov.lk/io-list/,
phone,pass,Published phone: 026 222 7395 ,http://rti.gov.lk/io-list/,
phone,pass,Published phone: 065 224 0533 ,http://rti.gov.lk/io-list/,
phone,pass,Published phone: 011 269 8461 ,http://rti.gov.lk/io-list/,
phone,pass,Published phone: 027 222 2377 ,http://rti.gov.lk/io-list/,
phone,pass,Published phone: 011 213 6545 ,http://rti.gov.lk/io-list/,
phone,pass,Published phone: 031 225 5890 ,http://rti.gov.lk/io-list/,
phone,pass,Published phone: 011 276 4160 ,http://rti.gov.lk/io-list/,
phone,pass,Published phone: 032 222 2801 ,http://rti.gov.lk/io-list/,
phone,pass,Published phone: 011 204 4874 ,http://rti.gov.lk/io-list/,
phone,pass,Published phone: 077 636 2383 ,http://rti.gov.lk/io-list/,
phone,pass,Published phone: 071 179 5238 ,http://rti.gov.lk/io-list/,
phone,pass,Published phone: 071 588 1616 ,http://rti.gov.lk/io-list/,
phone,pass,Published phone: 011 243 3964 ,http://rti.gov.lk/io-list/,
phone,pass,Published phone: 027 205 3348 ,http://rti.gov.lk/io-list/,
phone,pass,Published phone: 063 205 0856 ,http://rti.gov.lk/io-list/,
phone,pass,Published phone: 011 278 7534 ,http://rti.gov.lk/io-list/,
phone,pass,Published phone: 011 218 7054 ,http://rti.gov.lk/io-list/,
phone,pass,Published phone: 011 450 0560 ,http://rti.gov.lk/io-list/,
phone,pass,Published phone: 0 174 -41 79 -30,http://rti.gov.lk/io-list/,
phone,pass,Published phone: 071 808 4546 ,http://rti.gov.lk/io-list/,
phone,pass,Published phone: 08 011 268 39,http://rti.gov.lk/io-list/,
phone,pass,Published phone: 011 243 9077 ,http://rti.gov.lk/io-list/,
phone,pass,Published phone: 011 244 1197 ,http://rti.gov.lk/io-list/,
phone,pass,Published phone: 03 011 237 00,http://rti.gov.lk/io-list/,
phone,pass,Published phone: 071 859 1006 ,http://rti.gov.lk/io-list/,
phone,pass,Published phone: 071 976 3983 ,http://rti.gov.lk/io-list/,
phone,pass,Published phone: 047 225 6105 ,http://rti.gov.lk/io-list/,
phone,pass,Published phone: 077 737 7966 ,http://rti.gov.lk/io-list/,
phone,pass,Published phone: 02 011 265 68,http://rti.gov.lk/io-list/,
phone,pass,Published phone: 063 222 4342 ,http://rti.gov.lk/io-list/,
phone,pass,Published phone: 072 290 4551 ,http://rti.gov.lk/io-list/,
phone,pass,Published phone: 011 213 6607 ,http://rti.gov.lk/io-list/,
phone,pass,Published phone: 071 400 3226 ,http://rti.gov.lk/io-list/,
phone,pass,Published phone: 025 222 2789 ,http://rti.gov.lk/io-list/,
phone,pass,Published phone: 071 859 1009 ,http://rti.gov.lk/io-list/,
phone,pass,Published phone: 091 223 4383 ,http://rti.gov.lk/io-list/,
phone,pass,Published phone: 071 859 1991 ,http://rti.gov.lk/io-list/,
phone,pass,Published phone: 071 031 8727 ,http://rti.gov.lk/io-list/,
phone,pass,Published phone: 02 011 232 09,http://rti.gov.lk/io-list/,
phone,pass,Published phone: 021 209 0022 ,http://rti.gov.lk/io-list/,
phone,pass,Published phone: 09 011 251 39,http://rti.gov.lk/io-list/,
phone,pass,Published phone: 0 011 269 816,http://rti.gov.lk/io-list/,
phone,pass,Published phone: 07 011 258 68,http://rti.gov.lk/io-list/,
phone,pass,Published phone: 025 225 7563 ,http://rti.gov.lk/io-list/,
phone,pass,Published phone: 011 251 3462 ,http://rti.gov.lk/io-list/,
phone,pass,Published phone: 055 227 6015 ,http://rti.gov.lk/io-list/,
phone,pass,Published phone: 081 238 8120 ,http://rti.gov.lk/io-list/,
phone,pass,Published phone: 011 467 7180 ,http://rti.gov.lk/io-list/,
phone,pass,Published phone: 077 075 7337 ,http://rti.gov.lk/io-list/,
phone,pass,Published phone: 071 440 2300 ,http://rti.gov.lk/io-list/,
phone,pass,Published phone: 024 222 6712 ,http://rti.gov.lk/io-list/,
phone,pass,Published phone: 077 784 6226 ,http://rti.gov.lk/io-list/,
phone,pass,Published phone: 021 228 0094 ,http://rti.gov.lk/io-list/,
phone,pass,Published phone: 011 250 1126 ,http://rti.gov.lk/io-list/,
phone,pass,Published phone: 076 315 8880 ,http://rti.gov.lk/io-list/,
phone,pass,Published phone: 071 859 1187 ,http://rti.gov.lk/io-list/,
phone,pass,Published phone: 0 011 266 790,http://rti.gov.lk/io-list/,
phone,pass,Published phone: 071 477 3195 ,http://rti.gov.lk/io-list/,
phone,pass,Published phone: 071 859 1838 ,http://rti.gov.lk/io-list/,
phone,pass,Published phone: 025 205 4013 ,http://rti.gov.lk/io-list/,
phone,pass,Published phone: 071 494 2151 ,http://rti.gov.lk/io-list/,
phone,pass,Published phone: 027 225 9097 ,http://rti.gov.lk/io-list/,
phone,pass,Published phone: 066 224 6565 ,http://rti.gov.lk/io-list/,
phone,pass,Published phone: 011 269 3817 ,http://rti.gov.lk/io-list/,
phone,pass,Published phone: 077 578 5990 ,http://rti.gov.lk/io-list/,
phone,pass,Published phone: 071 859 1289 ,http://rti.gov.lk/io-list/,
phone,pass,Published phone: 055 223 1589 ,http://rti.gov.lk/io-list/,
phone,pass,Published phone: 011-484991 0,http://rti.gov.lk/io-list/,
phone,pass,Published phone: 081 238 9115 ,http://rti.gov.lk/io-list/,
phone,pass,Published phone: 025 205 0290 ,http://rti.gov.lk/io-list/,
phone,pass,Published phone: 011 288 7441 ,http://rti.gov.lk/io-list/,
phone,pass,Published phone: 011 269 2147 ,http://rti.gov.lk/io-list/,
phone,pass,Published phone: 041 225 4752 ,http://rti.gov.lk/io-list/,
phone,pass,Published phone: 055 226 5349 ,http://rti.gov.lk/io-list/,
phone,pass,Published phone: 011 288 8928 ,http://rti.gov.lk/io-list/,
phone,pass,Published phone: 011 261 1403 ,http://rti.gov.lk/io-list/,
phone,pass,Published phone: 077 622 1813 ,http://rti.gov.lk/io-list/,
phone,pass,Published phone: 07 011 258 16,http://rti.gov.lk/io-list/,
phone,pass,Published phone: 0 011 269 116,http://rti.gov.lk/io-list/,
phone,pass,Published phone: 071 441 0136 ,http://rti.gov.lk/io-list/,
phone,pass,Published phone: 011 287 6283 ,http://rti.gov.lk/io-list/,
phone,pass,Published phone: 071 121 3535 ,http://rti.gov.lk/io-list/,
phone,pass,Published phone: 011 232 3054 ,http://rti.gov.lk/io-list/,
phone,pass,Published phone: 011 218 7200 ,http://rti.gov.lk/io-list/,
phone,pass,Published phone: 071 383 0824 ,http://rti.gov.lk/io-list/,
phone,pass,Published phone: 0 011 269 215,http://rti.gov.lk/io-list/,
phone,pass,Published phone: 055 205 1221 ,http://rti.gov.lk/io-list/,
phone,pass,Published phone: 026 223 4244 ,http://rti.gov.lk/io-list/,
phone,pass,Published phone: 065 205 6112 ,http://rti.gov.lk/io-list/,
phone,pass,Published phone: 08 011 267 70,http://rti.gov.lk/io-list/,
phone,pass,Published phone: 07 011 266 50,http://rti.gov.lk/io-list/,
phone,pass,Published phone: 071 859 2609 ,http://rti.gov.lk/io-list/,
phone,pass,Published phone: 052 222 2228 ,http://rti.gov.lk/io-list/,
phone,pass,Published phone: 077 120 6220 ,http://rti.gov.lk/io-list/,
phone,pass,Published phone: 067 205 6275 ,http://rti.gov.lk/io-list/,
phone,pass,Published phone: 081 238 4072 ,http://rti.gov.lk/io-list/,
phone,pass,Published phone: 071 448 2292 ,http://rti.gov.lk/io-list/,
phone,pass,Published phone: 011 250 5521 ,http://rti.gov.lk/io-list/,
phone,pass,Published phone: 071 291 2881 ,http://rti.gov.lk/io-list/,
phone,pass,Published phone: 03 011 243 36,http://rti.gov.lk/io-list/,
phone,pass,Published phone: 041 227 3261 ,http://rti.gov.lk/io-list/,
phone,pass,Published phone: 025 227 6214 ,http://rti.gov.lk/io-list/,
phone,pass,Published phone: 011 242 3447 ,http://rti.gov.lk/io-list/,
phone,pass,Published phone: 071 471 9031 ,http://rti.gov.lk/io-list/,
phone,pass,Published phone: 011 214 7400 ,http://rti.gov.lk/io-list/,
phone,pass,Published phone: 071 820 1054 ,http://rti.gov.lk/io-list/,
phone,pass,Published phone: 081-2389726 ,http://rti.gov.lk/io-list/,
phone,pass,Published phone: 011 236 9609 ,http://rti.gov.lk/io-list/,
phone,pass,Published phone: 0 011 210 321,http://rti.gov.lk/io-list/,
phone,pass,Published phone: 025 223 4435 ,http://rti.gov.lk/io-list/,
phone,pass,Published phone: 0 011 269 184,http://rti.gov.lk/io-list/,
phone,pass,Published phone: 0 14 -50 54 -80 1,http://rti.gov.lk/io-list/,
phone,pass,Published phone: 071 449 8389 ,http://rti.gov.lk/io-list/,
phone,pass,Published phone: 011 232 4599 ,http://rti.gov.lk/io-list/,
phone,pass,Published phone: 011 287 6178 ,http://rti.gov.lk/io-list/,
phone,pass,Published phone: 055 227 6315 ,http://rti.gov.lk/io-list/,
phone,pass,Published phone: 071 202 6200 ,http://rti.gov.lk/io-list/,
phone,pass,Published phone: 071 859 1711 ,http://rti.gov.lk/io-list/,
phone,pass,Published phone: 071 859 2641 ,http://rti.gov.lk/io-list/,
phone,pass,Published phone: 065 222 8806 ,http://rti.gov.lk/io-list/,
phone,pass,Published phone: 070 486 1760 ,http://rti.gov.lk/io-list/,
phone,pass,Published phone: 076 699 6650 ,http://rti.gov.lk/io-list/,
phone,pass,Published phone: 071 461 8890 ,http://rti.gov.lk/io-list/,
phone,pass,Published phone: 03 077 739 10,http://rti.gov.lk/io-list/,
phone,pass,Published phone: 070 100 1197 ,http://rti.gov.lk/io-list/,
phone,pass,Published phone: 0 107 52 107 1,http://rti.gov.lk/io-list/,
phone,pass,Published phone: 071 859 2658 ,http://rti.gov.lk/io-list/,
phone,pass,Published phone: 02 011 248 13,http://rti.gov.lk/io-list/,
phone,pass,Published phone: 07 011 230 76,http://rti.gov.lk/io-list/,
phone,pass,Published phone: 081 238 8236 ,http://rti.gov.lk/io-list/,
phone,pass,Published phone: 01 011 215 14,http://rti.gov.lk/io-list/,
phone,pass,Published phone: 011 232 6321 ,http://rti.gov.lk/io-list/,
phone,pass,Published phone: 077 739 3235 ,http://rti.gov.lk/io-list/,
phone,pass,Published phone: 071 202 7427 ,http://rti.gov.lk/io-list/,
phone,pass,Published phone: 025-2266511 ,http://rti.gov.lk/io-list/,
phone,pass,Published phone: 011 234 0785 ,http://rti.gov.lk/io-list/,
phone,pass,Published phone: 011 205 8020 ,http://rti.gov.lk/io-list/,
phone,pass,Published phone: 071-8591950 ,http://rti.gov.lk/io-list/,
phone,pass,Published phone: 071 859 1802 ,http://rti.gov.lk/io-list/,
phone,pass,Published phone: 071 577 8889 ,http://rti.gov.lk/io-list/,
phone,pass,Published phone: 011 286 3497 ,http://rti.gov.lk/io-list/,
phone,pass,Published phone: 011 214 3834 ,http://rti.gov.lk/io-list/,
phone,pass,Published phone: 076 279 9669 ,http://rti.gov.lk/io-list/,
phone,pass,Published phone: 011 284 0488 ,http://rti.gov.lk/io-list/,
phone,pass,Published phone: 0 011 268 940,http://rti.gov.lk/io-list/,
phone,pass,Published phone: 071 690 7108 ,http://rti.gov.lk/io-list/,
phone,pass,Published phone: 011 286 3296 ,http://rti.gov.lk/io-list/,
phone,pass,Published phone: 07 011 267 00,http://rti.gov.lk/io-list/,
phone,pass,Published phone: 071 809 8366 ,http://rti.gov.lk/io-list/,
phone,pass,Published phone: 011 243 2272 ,http://rti.gov.lk/io-list/,
phone,pass,Published phone: 0 011 267 676,http://rti.gov.lk/io-list/,
phone,pass,Published phone: 071 859 1664 ,http://rti.gov.lk/io-list/,
phone,pass,Published phone: 081 249 1925 ,http://rti.gov.lk/io-list/,
phone,pass,Published phone: 081 238 8197 ,http://rti.gov.lk/io-list/,
phone,pass,Published phone: 08 011 268 96,http://rti.gov.lk/io-list/,
phone,pass,Published phone: 011 277 7355 ,http://rti.gov.lk/io-list/,
phone,pass,Published phone: 025 229 8635 ,http://rti.gov.lk/io-list/,
phone,pass,Published phone: 025 227 8610 ,http://rti.gov.lk/io-list/,
phone,pass,Published phone: 0 -74 310 0 370 ,http://rti.gov.lk/io-list/,
phone,pass,Published phone: 081 23 88012 ,http://rti.gov.lk/io-list/,
phone,pass,Published phone: 07 011 268 23,http://rti.gov.lk/io-list/,
phone,pass,Published phone: 011 250 6907 ,http://rti.gov.lk/io-list/,
phone,pass,Published phone: 0 011 268 639,http://rti.gov.lk/io-list/,
phone,pass,Published phone: 077 990 3098 ,http://rti.gov.lk/io-list/,
phone,pass,Published phone: 021 222 3789 ,http://rti.gov.lk/io-list/,
phone,pass,Published phone: 041 222 4967 ,http://rti.gov.lk/io-list/,
phone,pass,Published phone: 055 227 6207 ,http://rti.gov.lk/io-list/,
phone,pass,Published phone: 071 519 5061 ,http://rti.gov.lk/io-list/,
phone,pass,Published phone: 0 45 -18 66 -18 5,http://rti.gov.lk/io-list/,
phone,pass,Published phone: 034 226 1323 ,http://rti.gov.lk/io-list/,
phone,pass,Published phone: 055 226 5346 ,http://rti.gov.lk/io-list/,
phone,pass,Published phone: 011 288 4310 ,http://rti.gov.lk/io-list/,
phone,pass,Published phone: 025 222 2960 ,http://rti.gov.lk/io-list/,
phone,pass,Published phone: 081 238 8364 ,http://rti.gov.lk/io-list/,
phone,pass,Published phone: 055 222 3022 ,http://rti.gov.lk/io-list/,
phone,pass,Published phone: 071 866 7066 ,http://rti.gov.lk/io-list/,
phone,pass,Published phone: 011 252 7817 ,http://rti.gov.lk/io-list/,
phone,pass,Published phone: 065 224 7278 ,http://rti.gov.lk/io-list/,
phone,pass,Published phone: 02 011 230 06,http://rti.gov.lk/io-list/,
phone,pass,Published phone: 011 267 2003 ,http://rti.gov.lk/io-list/,
phone,pass,Published phone: 070 791 0119 ,http://rti.gov.lk/io-list/,
phone,pass,Published phone: 024 222 2273 ,http://rti.gov.lk/io-list/,
phone,pass,Published phone: 011 233 5648 ,http://rti.gov.lk/io-list/,
phone,pass,Published phone: 071 493 7434 ,http://rti.gov.lk/io-list/,
phone,pass,Published phone: 011 243 9149 ,http://rti.gov.lk/io-list/,
phone,pass,Published phone: 063 224 6190 ,http://rti.gov.lk/io-list/,
phone,pass,Published phone: 026 223 4233 ,http://rti.gov.lk/io-list/,
phone,pass,Published phone: 025 225 5234 ,http://rti.gov.lk/io-list/,
phone,pass,Published phone: 071 859 1042 ,http://rti.gov.lk/io-list/,
phone,pass,Published phone: 071 831 1447 ,http://rti.gov.lk/io-list/,
phone,pass,Published phone: 071 816 3624 ,http://rti.gov.lk/io-list/,
phone,pass,Published phone: 027 222 5963 ,http://rti.gov.lk/io-list/,
phone,pass,Published phone: 07 011 258 11,http://rti.gov.lk/io-list/,
phone,pass,Published phone: 081 223 3079 ,http://rti.gov.lk/io-list/,
phone,pass,Published phone: 025 223 5305 ,http://rti.gov.lk/io-list/,
phone,pass,Published phone: 067 227 7452 ,http://rti.gov.lk/io-list/,
phone,pass,Published phone: 081 242 0485 ,http://rti.gov.lk/io-list/,
phone,pass,Published phone: 071 406 8536 ,http://rti.gov.lk/io-list/,
phone,pass,Published phone: 011-2440788 ,http://rti.gov.lk/io-list/,
phone,pass,Published phone: 066-2242628 ,http://rti.gov.lk/io-list/,
phone,pass,Published phone: 011 218 7132 ,http://rti.gov.lk/io-list/,
phone,pass,Published phone: 077 227 5161 ,http://rti.gov.lk/io-list/,
phone,pass,Published phone: 05 011 250 72,http://rti.gov.lk/io-list/,
phone,pass,Published phone: 081 238 8387 ,http://rti.gov.lk/io-list/,
phone,pass,Published phone: 071 859 1565 ,http://rti.gov.lk/io-list/,
phone,pass,Published phone: 05 011 236 86,http://rti.gov.lk/io-list/,
phone,pass,Published phone: 034 222 2643 ,http://rti.gov.lk/io-list/,
phone,pass,Published phone: 02 011 233 01,http://rti.gov.lk/io-list/,
phone,pass,Published phone: 011 284 7551 ,http://rti.gov.lk/io-list/,
phone,pass,Published phone: 077 120 5216 ,http://rti.gov.lk/io-list/,
phone,pass,Published phone: 0 011 269 505,http://rti.gov.lk/io-list/,
phone,pass,Published phone: 063 222 3638 ,http://rti.gov.lk/io-list/,
phone,pass,Published phone: 078 876 1917 ,http://rti.gov.lk/io-list/,
phone,pass,Published phone: 091 223 4301 ,http://rti.gov.lk/io-list/,
phone,pass,Published phone: 071 191 4441 ,http://rti.gov.lk/io-list/,
phone,pass,Published phone: 026 223 4222 ,http://rti.gov.lk/io-list/,
phone,pass,Published phone: 071 448 6415 ,http://rti.gov.lk/io-list/,
phone,pass,Published phone: 011 258 8563 ,http://rti.gov.lk/io-list/,
phone,pass,Published phone: 091 223 4279 ,http://rti.gov.lk/io-list/,
phone,pass,Published phone: 011 244 5088 ,http://rti.gov.lk/io-list/,
phone,pass,Published phone: 011 250 1618 ,http://rti.gov.lk/io-list/,
phone,pass,Published phone: 077 211 0207 ,http://rti.gov.lk/io-list/,
phone,pass,Published phone: 07 011-26968,http://rti.gov.lk/io-list/,
phone,pass,Published phone: 071 414 4560 ,http://rti.gov.lk/io-list/,
phone,pass,Published phone: 034 226 0086 ,http://rti.gov.lk/io-list/,
phone,pass,Published phone: 065 222 3469 ,http://rti.gov.lk/io-list/,
phone,pass,Published phone: 076-7006578 ,http://rti.gov.lk/io-list/,
phone,pass,Published phone: 011 263 6449 ,http://rti.gov.lk/io-list/,
phone,pass,Published phone: 0 011 269 354,http://rti.gov.lk/io-list/,
phone,pass,Published phone: 05 077 105 61,http://rti.gov.lk/io-list/,
phone,pass,Published phone: 051 222 2227 ,http://rti.gov.lk/io-list/,
phone,pass,Published phone: 011 218 7203 ,http://rti.gov.lk/io-list/,
phone,pass,Published phone: 071 601 5944 ,http://rti.gov.lk/io-list/,
phone,pass,Published phone: 071 694 8867 ,http://rti.gov.lk/io-list/,
phone,pass,Published phone: 011 233 9986 ,http://rti.gov.lk/io-list/,
phone,pass,Published phone: 081 238 8507 ,http://rti.gov.lk/io-list/,
phone,pass,Published phone: 041 222 9734 ,http://rti.gov.lk/io-list/,
phone,pass,Published phone: 081 235 1259 ,http://rti.gov.lk/io-list/,
phone,pass,Published phone: 081 231 5653 ,http://rti.gov.lk/io-list/,
phone,pass,Published phone: 0 011 267 007,http://rti.gov.lk/io-list/,
phone,pass,Published phone: 03 011-25596,http://rti.gov.lk/io-list/,
phone,pass,Published phone: 026 223 4116 ,http://rti.gov.lk/io-list/,
phone,pass,Published phone: 011 266 2332 ,http://rti.gov.lk/io-list/,
phone,pass,Published phone: 077 081 9187 ,http://rti.gov.lk/io-list/,
phone,pass,Published phone: 03 011-25910,http://rti.gov.lk/io-list/,
phone,pass,Published phone: 011 232 7706 ,http://rti.gov.lk/io-list/,
phone,pass,Published phone: 0 011 267 018,http://rti.gov.lk/io-list/,
phone,pass,Published phone: 07 011 267 98,http://rti.gov.lk/io-list/,
phone,pass,Published phone: 011 286 4771 ,http://rti.gov.lk/io-list/,
phone,pass,Published phone: 051 224 2760 ,http://rti.gov.lk/io-list/,
phone,pass,Published phone: 077 228 2011 ,http://rti.gov.lk/io-list/,
phone,pass,Published phone: 02 011 756 00,http://rti.gov.lk/io-list/,
phone,pass,Published phone: 066 225 6647 ,http://rti.gov.lk/io-list/,
phone,pass,Published phone: 011 280 7400 ,http://rti.gov.lk/io-list/,
phone,pass,Published phone: 00 011 248 48,http://rti.gov.lk/io-list/,
phone,pass,Published phone: 071 859 1114 ,http://rti.gov.lk/io-list/,
phone,pass,Published phone: 063 222 4442 ,http://rti.gov.lk/io-list/,
phone,pass,Published phone: 011 233 1659 ,http://rti.gov.lk/io-list/,
phone,pass,Published phone: 026 222 2052 ,http://rti.gov.lk/io-list/,
phone,pass,Published phone: 077 770 0054 ,http://rti.gov.lk/io-list/,
phone,pass,Published phone: 034 224 9504 ,http://rti.gov.lk/io-list/,
phone,pass,Published phone: 045 222 2114 ,http://rti.gov.lk/io-list/,
phone,pass,Published phone: 077 776 6805 ,http://rti.gov.lk/io-list/,
phone,pass,Published phone: 055 000 6248 ,http://rti.gov.lk/io-list/,
phone,pass,Published phone: 07 011 269 84,http://rti.gov.lk/io-list/,
phone,pass,Published phone: 021 229 0122 ,http://rti.gov.lk/io-list/,
phone,pass,Published phone: 011 233 9811 ,http://rti.gov.lk/io-list/,
phone,pass,Published phone: 071-4268505 ,http://rti.gov.lk/io-list/,
phone,pass,Published phone: 081 223 7525 ,http://rti.gov.lk/io-list/,
phone,pass,Published phone: 031 226 2809 ,http://rti.gov.lk/io-list/,
phone,pass,Published phone: 01 011 224 84,http://rti.gov.lk/io-list/,
phone,pass,Published phone: 027 222 5818 ,http://rti.gov.lk/io-list/,
phone,pass,Published phone: 011 257 4925 ,http://rti.gov.lk/io-list/,
phone,pass,Published phone: 052 222 2325 ,http://rti.gov.lk/io-list/,
phone,pass,Published phone: 07 011 258 64,http://rti.gov.lk/io-list/,
phone,pass,Published phone: 063 222 2396 ,http://rti.gov.lk/io-list/,
phone,pass,Published phone: 011 288 7036 ,http://rti.gov.lk/io-list/,
phone,pass,Published phone: 011 286 1331 ,http://rti.gov.lk/io-list/,
phone,pass,Published phone: 011 232 6010 ,http://rti.gov.lk/io-list/,
phone,pass,Published phone: 0 011 269 238,http://rti.gov.lk/io-list/,
phone,pass,Published phone: 034 222 2353 ,http://rti.gov.lk/io-list/,
phone,pass,Published phone: 071 214 6288 ,http://rti.gov.lk/io-list/,
phone,pass,Published phone: 077 222 9033 ,http://rti.gov.lk/io-list/,
phone,pass,Published phone: 07 011 259 11,http://rti.gov.lk/io-list/,
phone,pass,Published phone: 03 071 800 18,http://rti.gov.lk/io-list/,
phone,pass,Published phone: 011-28293 07,http://rti.gov.lk/io-list/,
phone,pass,Published phone: 0 011-269697,http://rti.gov.lk/io-list/,
phone,pass,Published phone: 081 242 4125 ,http://rti.gov.lk/io-list/,
phone,pass,Published phone: 081 223 3343 ,http://rti.gov.lk/io-list/,
phone,pass,Published phone: 023 205 1464 ,http://rti.gov.lk/io-list/,
phone,pass,Published phone: 011 242 2334 ,http://rti.gov.lk/io-list/,
phone,pass,Published phone: 081-2388948 ,http://rti.gov.lk/io-list/,
phone,pass,Published phone: 0 -211 15 -242 3,http://rti.gov.lk/io-list/,
phone,pass,Published phone: 021 205 9085 ,http://rti.gov.lk/io-list/,
phone,pass,Published phone: 025 2234035 ,http://rti.gov.lk/io-list/,
phone,pass,Published phone: 06 074 242 74,http://rti.gov.lk/io-list/,
phone,pass,Published phone: 0 011-243636,http://rti.gov.lk/io-list/,
phone,pass,Published phone: 026 223 4079 ,http://rti.gov.lk/io-list/,
phone,pass,Published phone: 05 011 258 69,http://rti.gov.lk/io-list/,
phone,pass,Published phone: 05 011 250 87,http://rti.gov.lk/io-list/,
phone,pass,Published phone: 071 663 5459 ,http://rti.gov.lk/io-list/,
phone,pass,Published phone: 03 011 242 10,http://rti.gov.lk/io-list/,
phone,pass,Published phone: 04 67 -13 90 8 2,http://rti.gov.lk/io-list/,
phone,pass,Published phone: 01 011-71922,http://rti.gov.lk/io-list/,
phone,pass,Published phone: 011 233 8259 ,http://rti.gov.lk/io-list/,
phone,pass,Published phone: 011 212 4000 ,http://rti.gov.lk/io-list/,
phone,pass,Published phone: 071 819 4614 ,http://rti.gov.lk/io-list/,
phone,pass,Published phone: 071-0219284 ,http://rti.gov.lk/io-list/,
phone,pass,Published phone: 011 243 6161 ,http://rti.gov.lk/io-list/,
phone,pass,Published phone: 077 386 5285 ,http://rti.gov.lk/io-list/,
phone,pass,Published phone: 077 285 2830 ,http://rti.gov.lk/io-list/,
phone,pass,Published phone: 02 011 244 79,http://rti.gov.lk/io-list/,
phone,pass,Published phone: 066 222 2733 ,http://rti.gov.lk/io-list/,
phone,pass,Published phone: 011 244 7633 ,http://rti.gov.lk/io-list/,
phone,pass,Published phone: 071 859 2628 ,http://rti.gov.lk/io-list/,
phone,pass,Published phone: 011 267 7660 ,http://rti.gov.lk/io-list/,
phone,pass,Published phone: 011 277 6632 ,http://rti.gov.lk/io-list/,
phone,pass,Published phone: 021 222 2262 ,http://rti.gov.lk/io-list/,
phone,pass,Published phone: 04 071 803 11,http://rti.gov.lk/io-list/,
phone,pass,Published phone: 025 205 0118 ,http://rti.gov.lk/io-list/,
phone,pass,Published phone: 01 011 247 27,http://rti.gov.lk/io-list/,
phone,pass,Published phone: 091 224 4649 ,http://rti.gov.lk/io-list/,
phone,pass,Published phone: 027 312 6360 ,http://rti.gov.lk/io-list/,
phone,pass,Published phone: 077 261 8615 ,http://rti.gov.lk/io-list/,
phone,pass,Published phone: 011 218 7119 ,http://rti.gov.lk/io-list/,
phone,pass,Published phone: 077 281 8096 ,http://rti.gov.lk/io-list/,
phone,pass,Published phone: 071 449 9222 ,http://rti.gov.lk/io-list/,
phone,pass,Published phone: 071 862 7023 ,http://rti.gov.lk/io-list/,
phone,pass,Published phone: 052 222 2611 ,http://rti.gov.lk/io-list/,
phone,pass,Published phone: 065-2240533 ,http://rti.gov.lk/io-list/,
phone,pass,Published phone: 011-291197 0,http://rti.gov.lk/io-list/,
phone,pass,Published phone: 03 011 290 68,http://rti.gov.lk/io-list/,
phone,pass,Published phone: 037-2253061 ,http://rti.gov.lk/io-list/,
phone,pass,Published phone: 063 222 3928 ,http://rti.gov.lk/io-list/,
phone,pass,Published phone: 071 446 2267 ,http://rti.gov.lk/io-list/,
phone,pass,Published phone: 011 234 6304 ,http://rti.gov.lk/io-list/,
phone,pass,Published phone: 091 224 2490 ,http://rti.gov.lk/io-list/,
phone,pass,Published phone: 011 243 6114 ,http://rti.gov.lk/io-list/,
phone,pass,Published phone: 031 222 6181 ,http://rti.gov.lk/io-list/,
phone,pass,Published phone: 037 222 7441 ,http://rti.gov.lk/io-list/,
phone,pass,Published phone: 081 238 6062 ,http://rti.gov.lk/io-list/,
phone,pass,Published phone: 01 052 222 22,http://rti.gov.lk/io-list/,
phone,pass,Published phone: 0 011 269 603,http://rti.gov.lk/io-list/,
phone,pass,Published phone: 070 707 0191 ,http://rti.gov.lk/io-list/,
phone,pass,Published phone: 071 859 1008 ,http://rti.gov.lk/io-list/,
phone,pass,Published phone: 071 490 6292 ,http://rti.gov.lk/io-list/,
phone,pass,Published phone: 065 222 5646 ,http://rti.gov.lk/io-list/,
phone,pass,Published phone: 011-2280604 ,http://rti.gov.lk/io-list/,
phone,pass,Published phone: 070 264 2640 ,http://rti.gov.lk/io-list/,
phone,pass,Published phone: 067 222 9599 ,http://rti.gov.lk/io-list/,
phone,pass,Published phone: 071 859 1992 ,http://rti.gov.lk/io-list/,
phone,pass,Published phone: 065 225 0558 ,http://rti.gov.lk/io-list/,
phone,pass,Published phone: 02 011 239 26,http://rti.gov.lk/io-list/,
phone,pass,Published phone: 076 818 9201 ,http://rti.gov.lk/io-list/,
phone,pass,Published phone: 077 758 8944 ,http://rti.gov.lk/io-list/,
phone,pass,Published phone: 045 222 3840 ,http://rti.gov.lk/io-list/,
phone,pass,Published phone: 07 011 267 28,http://rti.gov.lk/io-list/,
phone,pass,Published phone: 051 222 4665 ,http://rti.gov.lk/io-list/,
phone,pass,Published phone: 011 269 1217 ,http://rti.gov.lk/io-list/,
phone,pass,Published phone: 071 859 1094 ,http://rti.gov.lk/io-list/,
phone,pass,Published phone: 071 611 4620 ,http://rti.gov.lk/io-list/,
phone,pass,Published phone: 011 774 7278 ,http://rti.gov.lk/io-list/,
phone,pass,Published phone: 037-2266592 ,http://rti.gov.lk/io-list/,
phone,pass,Published phone: 011 268 0793 ,http://rti.gov.lk/io-list/,
phone,pass,Published phone: 081 230 0502 ,http://rti.gov.lk/io-list/,
phone,pass,Published phone: 011 236 9636 ,http://rti.gov.lk/io-list/,
phone,pass,Published phone: 05 011 258 19,http://rti.gov.lk/io-list/,
phone,pass,Published phone: 011 218 7116 ,http://rti.gov.lk/io-list/,
phone,pass,Published phone: 09 011 247 72,http://rti.gov.lk/io-list/,
phone,pass,Published phone: 06 011 232 11,http://rti.gov.lk/io-list/,
phone,pass,Published phone: 067-2229599 ,http://rti.gov.lk/io-list/,
phone,pass,Published phone: 011 233 4229 ,http://rti.gov.lk/io-list/,
phone,pass,Published phone: 071 859 2604 ,http://rti.gov.lk/io-list/,
phone,pass,Published phone: 055 227 6386 ,http://rti.gov.lk/io-list/,
phone,pass,Published phone: 071 168 6842 ,http://rti.gov.lk/io-list/,
phone,pass,Published phone: 08 011 268 93,http://rti.gov.lk/io-list/,
phone,pass,Published phone: 011 267 6646 ,http://rti.gov.lk/io-list/,
phone,pass,Published phone: 011 225 3350 ,http://rti.gov.lk/io-list/,
phone,pass,Published phone: 071 859 1814 ,http://rti.gov.lk/io-list/,
phone,pass,Published phone: 03 011 238 04,http://rti.gov.lk/io-list/,
phone,pass,Published phone: 07 011 243 21,http://rti.gov.lk/io-list/,
phone,pass,Published phone: 011 296 2151 ,http://rti.gov.lk/io-list/,
phone,pass,Published phone: 011 269 8377 ,http://rti.gov.lk/io-list/,
phone,pass,Published phone: 071 859 1608 ,http://rti.gov.lk/io-list/,
phone,pass,Published phone: 011 232 0289 ,http://rti.gov.lk/io-list/,
phone,pass,Published phone: 024 222 9652 ,http://rti.gov.lk/io-list/,
phone,pass,Published phone: 011 244 9357 ,http://rti.gov.lk/io-list/,
phone,pass,Published phone: 071 444 1649 ,http://rti.gov.lk/io-list/,
phone,pass,Published phone: 047 223 7021 ,http://rti.gov.lk/io-list/,
phone,pass,Published phone: 011 269 7150 ,http://rti.gov.lk/io-list/,
phone,pass,Published phone: 071 800 2692 ,http://rti.gov.lk/io-list/,
phone,pass,Published phone: 070 356 4200 ,http://rti.gov.lk/io-list/,
phone,pass,Published phone: 011 268 6441 ,http://rti.gov.lk/io-list/,
phone,pass,Published phone: 076 095 0318 ,http://rti.gov.lk/io-list/,
phone,pass,Published phone: 071 859 1882 ,http://rti.gov.lk/io-list/,
phone,pass,Published phone: 011 286 8442 ,http://rti.gov.lk/io-list/,
phone,pass,Published phone: 011 233 7036 ,http://rti.gov.lk/io-list/,
phone,pass,Published phone: 071 859 1363 ,http://rti.gov.lk/io-list/,
phone,pass,Published phone: 055 222 4466 ,http://rti.gov.lk/io-list/,
phone,pass,Published phone: 024 222 2130 ,http://rti.gov.lk/io-list/,
phone,pass,Published phone: 071 861 6940 ,http://rti.gov.lk/io-list/,
phone,pass,Published phone: 011 263 6966 ,http://rti.gov.lk/io-list/,
phone,pass,Published phone: 011 269 2385 ,http://rti.gov.lk/io-list/,
phone,pass,Published phone: 08 -262 593 -44,http://rti.gov.lk/io-list/,
phone,pass,Published phone: 0120 011 288 ,http://rti.gov.lk/io-list/,
phone,pass,Published phone: 055-2226441 ,http://rti.gov.lk/io-list/,
phone,pass,Published phone: 052 222 2237,http://rti.gov.lk/io-list/,
phone,pass,Published phone: 071 859 1845 ,http://rti.gov.lk/io-list/,
phone,pass,Published phone: 011 298 4098 ,http://rti.gov.lk/io-list/,
phone,pass,Published phone: 011 233 4178 ,http://rti.gov.lk/io-list/,
phone,pass,Published phone: 081 239 2240 ,http://rti.gov.lk/io-list/,
phone,pass,Published phone: 077 187 2923 ,http://rti.gov.lk/io-list/,
phone,pass,Published phone: 081 223 3187 ,http://rti.gov.lk/io-list/,
phone,pass,Published phone: 011 388 8871 ,http://rti.gov.lk/io-list/,
phone,pass,Published phone: 067 205 0335 ,http://rti.gov.lk/io-list/,
phone,pass,Published phone: 071 859 2654 ,http://rti.gov.lk/io-list/,
phone,pass,Published phone: 071 806 7991 ,http://rti.gov.lk/io-list/,
phone,pass,Published phone: 071 536 0090 ,http://rti.gov.lk/io-list/,
phone,pass,Published phone: 071 444 2487 ,http://rti.gov.lk/io-list/,
phone,pass,Published phone: 091 229 1982 ,http://rti.gov.lk/io-list/,
phone,pass,Published phone: 071 815 1312 ,http://rti.gov.lk/io-list/,
phone,pass,Published phone: 011 232 3038 ,http://rti.gov.lk/io-list/,
phone,pass,Published phone: 011-2441068 ,http://rti.gov.lk/io-list/,
phone,pass,Published phone: 081-2065796 ,http://rti.gov.lk/io-list/,
phone,pass,Published phone: 01 011 244 58,http://rti.gov.lk/io-list/,
phone,pass,Published phone: 065 205 4322 ,http://rti.gov.lk/io-list/,
phone,pass,Published phone: 081 238 8218 ,http://rti.gov.lk/io-list/,
phone,pass,Published phone: 032 222 2925 ,http://rti.gov.lk/io-list/,
phone,pass,Published phone: 076 316 2700 ,http://rti.gov.lk/io-list/,
phone,pass,Published phone: 03 011 243 63,http://rti.gov.lk/io-list/,
phone,pass,Published phone: 071 859 1985 ,http://rti.gov.lk/io-list/,
phone,pass,Published phone: 011 268 7348 ,http://rti.gov.lk/io-list/,
phone,pass,Published phone: 071 859 1727 ,http://rti.gov.lk/io-list/,
phone,pass,Published phone: 027 222 2228 ,http://rti.gov.lk/io-list/,
phone,pass,Published phone: 033 223 1376 ,http://rti.gov.lk/io-list/,
phone,pass,Published phone: 034 222 6319 ,http://rti.gov.lk/io-list/,
phone,pass,Published phone: 067 222 9161 ,http://rti.gov.lk/io-list/,
phone,pass,Published phone: 081 240 4385 ,http://rti.gov.lk/io-list/,
phone,pass,Published phone: 034 222 2551 ,http://rti.gov.lk/io-list/,
phone,pass,Published phone: 025 222 2233 ,http://rti.gov.lk/io-list/,
phone,pass,Published phone: 081 220 3163 ,http://rti.gov.lk/io-list/,
phone,pass,Published phone: 077 225 4445 ,http://rti.gov.lk/io-list/,
phone,pass,Published phone: 011 268 5939 ,http://rti.gov.lk/io-list/,
phone,pass,Published phone: 011 268 9341 ,http://rti.gov.lk/io-list/,
phone,pass,Published phone: 011 204 5046 ,http://rti.gov.lk/io-list/,
phone,pass,Published phone: 071 859 1626 ,http://rti.gov.lk/io-list/,
phone,pass,Published phone: 071 859 1382 ,http://rti.gov.lk/io-list/,
phone,pass,Published phone: 071 447 3134 ,http://rti.gov.lk/io-list/,
phone,pass,Published phone: 025 222 3717 ,http://rti.gov.lk/io-list/,
phone,pass,Published phone: 0 273 275 326 ,http://rti.gov.lk/io-list/,
phone,pass,Published phone: 071 819 1629 ,http://rti.gov.lk/io-list/,
phone,pass,Published phone: 011 269 5173 ,http://rti.gov.lk/io-list/,
phone,pass,Published phone: 025 225 0307 ,http://rti.gov.lk/io-list/,
phone,pass,Published phone: 091 225 8666 ,http://rti.gov.lk/io-list/,
phone,pass,Published phone: 011-2911569 ,http://rti.gov.lk/io-list/,
phone,pass,Published phone: 077 788 1454 ,http://rti.gov.lk/io-list/,
phone,pass,Published phone: 070 331 3032,http://rti.gov.lk/io-list/,
phone,pass,Published phone: 0 011 232 252,http://rti.gov.lk/io-list/,
phone,pass,Published phone: 077 643 7125 ,http://rti.gov.lk/io-list/,
phone,pass,Published phone: 011 259 3432 ,http://rti.gov.lk/io-list/,
phone,pass,Published phone: 055 225 7008 ,http://rti.gov.lk/io-list/,
phone,pass,Published phone: 071 224 0228 ,http://rti.gov.lk/io-list/,
phone,pass,Published phone: 011 225 2460,http://rti.gov.lk/io-list/,
phone,pass,Published phone: 011 277 4421 ,http://rti.gov.lk/io-list/,
phone,pass,Published phone: 03 011 233 84,http://rti.gov.lk/io-list/,
phone,pass,Published phone: 054 222 2238 ,http://rti.gov.lk/io-list/,
phone,pass,Published phone: 066 205 7683 ,http://rti.gov.lk/io-list/,
phone,pass,Published phone: 025 227 6236 ,http://rti.gov.lk/io-list/,
phone,pass,Published phone: 076 098 1173 ,http://rti.gov.lk/io-list/,
phone,pass,Published phone: 011 207 6804 ,http://rti.gov.lk/io-list/,
phone,pass,Published phone: 091 222 5697 ,http://rti.gov.lk/io-list/,
phone,pass,Published phone: 077 692 6555 ,http://rti.gov.lk/io-list/,
phone,pass,Published phone: 071 426 1951 ,http://rti.gov.lk/io-list/,
phone,pass,Published phone: 077 478 1881 ,http://rti.gov.lk/io-list/,
phone,pass,Published phone: 011 258 7341 ,http://rti.gov.lk/io-list/,
phone,pass,Published phone: 02 077 386 85,http://rti.gov.lk/io-list/,
phone,pass,Published phone: 047 222 1208 ,http://rti.gov.lk/io-list/,
phone,pass,Published phone: 011 204 4854 ,http://rti.gov.lk/io-list/,
phone,pass,Published phone: 071 821 1346 ,http://rti.gov.lk/io-list/,
phone,pass,Published phone: 025 223 4418 ,http://rti.gov.lk/io-list/,
phone,pass,Published phone: 0 011 269 411,http://rti.gov.lk/io-list/,
phone,pass,Published phone: 026 223 8868 ,http://rti.gov.lk/io-list/,
phone,pass,Published phone: 0 011 269 598,http://rti.gov.lk/io-list/,
phone,pass,Published phone: 0 011 259 568,http://rti.gov.lk/io-list/,
phone,pass,Published phone: 071 324 1562 ,http://rti.gov.lk/io-list/,
phone,pass,Published phone: 011 269 1724 ,http://rti.gov.lk/io-list/,
phone,pass,Published phone: 03 011 230 16,http://rti.gov.lk/io-list/,
phone,pass,Published phone: 011 218 7202 ,http://rti.gov.lk/io-list/,
phone,pass,Published phone: 091 225 8495 ,http://rti.gov.lk/io-list/,
phone,pass,Published phone: 011 286 6732 ,http://rti.gov.lk/io-list/,
phone,pass,Published phone: 037 222 4581 ,http://rti.gov.lk/io-list/,
phone,pass,Published phone: 021 222 7027 ,http://rti.gov.lk/io-list/,
phone,pass,Published phone: 034 222 2199 ,http://rti.gov.lk/io-list/,
phone,pass,Published phone: 077 944 5184 ,http://rti.gov.lk/io-list/,
phone,pass,Published phone: 071 174 4475 ,http://rti.gov.lk/io-list/,
phone,pass,Published phone: 011 258 6499 ,http://rti.gov.lk/io-list/,
phone,pass,Published phone: 032 226 7401 ,http://rti.gov.lk/io-list/,
phone,pass,Published phone: 0 011 211 270,http://rti.gov.lk/io-list/,
phone,pass,Published phone: 021 222 2781 ,http://rti.gov.lk/io-list/,
phone,pass,Published phone: 091 223 2268 ,http://rti.gov.lk/io-list/,
phone,pass,Published phone: 071 813 2590 ,http://rti.gov.lk/io-list/,
phone,pass,Published phone: 077 726 4241 ,http://rti.gov.lk/io-list/,
phone,pass,Published phone: 011 234 5277 ,http://rti.gov.lk/io-list/,
phone,pass,Published phone: 011 435 4378 ,http://rti.gov.lk/io-list/,
phone,pass,Published phone: 076 610 5222 ,http://rti.gov.lk/io-list/,
phone,pass,Published phone: 071 468 6119 ,http://rti.gov.lk/io-list/,
phone,pass,Published phone: 034 222 8756 ,http://rti.gov.lk/io-list/,
phone,pass,Published phone: 011 258 8010 ,http://rti.gov.lk/io-list/,
phone,pass,Published phone: 021 228 5664 ,http://rti.gov.lk/io-list/,
phone,pass,Published phone: 075 979 5393 ,http://rti.gov.lk/io-list/,
phone,pass,Published phone: 0 071 347 165,http://rti.gov.lk/io-list/,
phone,pass,Published phone: 011 211 2706 ,http://rti.gov.lk/io-list/,
phone,pass,Published phone: 071 195 1387 ,http://rti.gov.lk/io-list/,
phone,pass,Published phone: 01 011 213 54,http://rti.gov.lk/io-list/,
phone,pass,Published phone: 055 227 7316 ,http://rti.gov.lk/io-list/,
phone,pass,Published phone: 037 222 0379 ,http://rti.gov.lk/io-list/,
phone,pass,Published phone: 077 394 0104 ,http://rti.gov.lk/io-list/,
phone,pass,Published phone: 011 288 7444 ,http://rti.gov.lk/io-list/,
phone,pass,Published phone: 0 071 859 264,http://rti.gov.lk/io-list/,
phone,pass,Published phone: 02 011 234 45,http://rti.gov.lk/io-list/,
phone,pass,Published phone: 011 266 5882 ,http://rti.gov.lk/io-list/,
phone,pass,Published phone: 011 283 8088 ,http://rti.gov.lk/io-list/,
phone,pass,Published phone: 0 -190 -395 -379 -,http://rti.gov.lk/io-list/,
phone,pass,Published phone: 011 466 9416 ,http://rti.gov.lk/io-list/,
phone,pass,Published phone: 026 222 2749 ,http://rti.gov.lk/io-list/,
phone,pass,Published phone: 063 222 2271 ,http://rti.gov.lk/io-list/,
phone,pass,Published phone: 070 595 9340 ,http://rti.gov.lk/io-list/,
phone,pass,Published phone: 011 280 6434 ,http://rti.gov.lk/io-list/,
phone,pass,Published phone: 011 262 3439 ,http://rti.gov.lk/io-list/,
phone,pass,Published phone: 0 011 244 066,http://rti.gov.lk/io-list/,
phone,pass,Published phone: 034 222 2457 ,http://rti.gov.lk/io-list/,
phone,pass,Published phone: 071 306 0037 ,http://rti.gov.lk/io-list/,
phone,pass,Published phone: 063 222 4426 ,http://rti.gov.lk/io-list/,
phone,pass,Published phone: 075 919 2933 ,http://rti.gov.lk/io-list/,
phone,pass,Published phone: 011 203 5454 ,http://rti.gov.lk/io-list/,
phone,pass,Published phone: 066 225 0039 ,http://rti.gov.lk/io-list/,
phone,pass,Published phone: 025 227 6667 ,http://rti.gov.lk/io-list/,
phone,pass,Published phone: 055 227 7426 ,http://rti.gov.lk/io-list/,
phone,pass,Published phone: 066 222 0790 ,http://rti.gov.lk/io-list/,
phone,pass,Published phone: 011 244 0004 ,http://rti.gov.lk/io-list/,
phone,pass,Published phone: 071 801 5470 ,http://rti.gov.lk/io-list/,
phone,pass,Published phone: 081 238 9114 ,http://rti.gov.lk/io-list/,
phone,pass,Published phone: 084 153 49 29,http://rti.gov.lk/io-list/,
phone,pass,Published phone: 011 232 8874 ,http://rti.gov.lk/io-list/,
phone,pass,Published phone: 077 917 8844 ,http://rti.gov.lk/io-list/,
phone,pass,Published phone: 071 497 1848 ,http://rti.gov.lk/io-list/,
phone,pass,Published phone: 071 859 1508 ,http://rti.gov.lk/io-list/,
phone,pass,Published phone: 027 222 3095 ,http://rti.gov.lk/io-list/,
phone,pass,Published phone: 071 859 2648 ,http://rti.gov.lk/io-list/,
phone,pass,Published phone: 011 288 9259 ,http://rti.gov.lk/io-list/,
phone,pass,Published phone: 025 222 2080 ,http://rti.gov.lk/io-list/,
phone,pass,Published phone: 011 367 5575 ,http://rti.gov.lk/io-list/,
phone,pass,Published phone: 025 226 4282 ,http://rti.gov.lk/io-list/,
phone,pass,Published phone: 071 722 0737 ,http://rti.gov.lk/io-list/,
phone,pass,Published phone: 0 011 269 528,http://rti.gov.lk/io-list/,
phone,pass,Published phone: 041 227 1263 ,http://rti.gov.lk/io-list/,
phone,pass,Published phone: 071 859 2646 ,http://rti.gov.lk/io-list/,
phone,pass,Published phone: 034 222 4854 ,http://rti.gov.lk/io-list/,
phone,pass,Published phone: 02 011 239 98,http://rti.gov.lk/io-list/,
phone,pass,Published phone: 011 284 0669 ,http://rti.gov.lk/io-list/,
phone,pass,Published phone: 070 255 9220 ,http://rti.gov.lk/io-list/,
phone,pass,Published phone: 077 644 2639 ,http://rti.gov.lk/io-list/,
phone,pass,Published phone: 071 859 2069 ,http://rti.gov.lk/io-list/,
phone,pass,Published phone: 05 011 255 14,http://rti.gov.lk/io-list/,
phone,pass,Published phone: 071 415 7602 ,http://rti.gov.lk/io-list/,
phone,pass,Published phone: 091 229 1397 ,http://rti.gov.lk/io-list/,
phone,pass,Published phone: 011 247 2592 ,http://rti.gov.lk/io-list/,
phone,pass,Published phone: 045 222 2787 ,http://rti.gov.lk/io-list/,
phone,pass,Published phone: 065 222 3195 ,http://rti.gov.lk/io-list/,
phone,pass,Published phone: 071 859 2657 ,http://rti.gov.lk/io-list/,
phone,pass,Published phone: 076 024 9408 ,http://rti.gov.lk/io-list/,
phone,pass,Published phone: 091 229 1945 ,http://rti.gov.lk/io-list/,
phone,pass,Published phone: 071 859 1780 ,http://rti.gov.lk/io-list/,
phone,pass,Published phone: 076 188 6039 ,http://rti.gov.lk/io-list/,
phone,pass,Published phone: 071 833 9497 ,http://rti.gov.lk/io-list/,
phone,pass,Published phone: 063 222 2319 ,http://rti.gov.lk/io-list/,
phone,pass,Published phone: 047 493 7800 ,http://rti.gov.lk/io-list/,
phone,pass,Published phone: 03 011 239 52,http://rti.gov.lk/io-list/,
phone,pass,Published phone: 091 224 5774 ,http://rti.gov.lk/io-list/,
phone,pass,Published phone: 025 223 4035 ,http://rti.gov.lk/io-list/,
phone,pass,Published phone: 011 233 2806 ,http://rti.gov.lk/io-list/,
phone,pass,Published phone: 011 232 0742 ,http://rti.gov.lk/io-list/,
phone,pass,Published phone: 024 222 2227 ,http://rti.gov.lk/io-list/,
phone,pass,Published phone: 05 011 232 53,http://rti.gov.lk/io-list/,
phone,pass,Published phone: 011 289 7287 ,http://rti.gov.lk/io-list/,
phone,pass,Published phone: 081 238 8135 ,http://rti.gov.lk/io-list/,
phone,pass,Published phone: 071 801 4881 ,http://rti.gov.lk/io-list/,
phone,pass,Published phone: 071 859 1127 ,http://rti.gov.lk/io-list/,
phone,pass,Published phone: 011 268 9643 ,http://rti.gov.lk/io-list/,
phone,pass,Published phone: 081 235 2605 ,http://rti.gov.lk/io-list/,
phone,pass,Published phone: 081 238 8317 ,http://rti.gov.lk/io-list/,
phone,pass,Published phone: 068 011 248 4,http://rti.gov.lk/io-list/,
phone,pass,Published phone: 011 267 0097 ,http://rti.gov.lk/io-list/,
phone,pass,Published phone: 055 223 1154 ,http://rti.gov.lk/io-list/,
phone,pass,Published phone: 035 222 2488 ,http://rti.gov.lk/io-list/,
phone,pass,Published phone: 070 364 3739 ,http://rti.gov.lk/io-list/,
phone,pass,Published phone: 026 223 4235 ,http://rti.gov.lk/io-list/,
phone,pass,Published phone: 063 222 2523 ,http://rti.gov.lk/io-list/,
phone,pass,Published phone: 071 859 1736 ,http://rti.gov.lk/io-list/,
phone,pass,Published phone: 081 246 4041 ,http://rti.gov.lk/io-list/,
phone,pass,Published phone: 021 222 8912 ,http://rti.gov.lk/io-list/,
phone,pass,Published phone: 011-2889485 ,http://rti.gov.lk/io-list/,
phone,pass,Published phone: 077 538 0039 ,http://rti.gov.lk/io-list/,
phone,pass,Published phone: 0 76 -36 113 -56,http://rti.gov.lk/io-list/,
phone,pass,Published phone: 071 808 6856 ,http://rti.gov.lk/io-list/,
phone,pass,Published phone: 02 011 775 54,http://rti.gov.lk/io-list/,
phone,pass,Published phone: 031 222 1266 ,http://rti.gov.lk/io-list/,
phone,pass,Published phone: 011 278 6394 ,http://rti.gov.lk/io-list/,
phone,pass,Published phone: 00 -5 -401 -72 -25,http://rti.gov.lk/io-list/,
phone,pass,Published phone: 071 884 5731 ,http://rti.gov.lk/io-list/,
phone,pass,Published phone: 011 288 8782 ,http://rti.gov.lk/io-list/,
phone,pass,Published phone: 077-2436534 ,http://rti.gov.lk/io-list/,
phone,pass,Published phone: 071 812 0055 ,http://rti.gov.lk/io-list/,
phone,pass,Published phone: 011 282 9384 ,http://rti.gov.lk/io-list/,
phone,pass,Published phone: 035 222 2561 ,http://rti.gov.lk/io-list/,
phone,pass,Published phone: 065 225 7713 ,http://rti.gov.lk/io-list/,
phone,pass,Published phone: 011 232 6701 ,http://rti.gov.lk/io-list/,
phone,pass,Published phone: 081-2389106 ,http://rti.gov.lk/io-list/,
phone,pass,Published phone: 0 011 267 581,http://rti.gov.lk/io-list/,
phone,pass,Published phone: 065 222 4360 ,http://rti.gov.lk/io-list/,
phone,pass,Published phone: 0 128 143 306 ,http://rti.gov.lk/io-list/,
phone,pass,Published phone: 011 269 8653 ,http://rti.gov.lk/io-list/,
phone,pass,Published phone: 027 222 6126 ,http://rti.gov.lk/io-list/,
phone,pass,Published phone: 032 222 2261 ,http://rti.gov.lk/io-list/,
phone,pass,Published phone: 071 433 4748 ,http://rti.gov.lk/io-list/,
phone,pass,Published phone: 071 031 8716 ,http://rti.gov.lk/io-list/,
phone,pass,Published phone: 025 222 5785 ,http://rti.gov.lk/io-list/,
phone,pass,Published phone: 045 392 1455 ,http://rti.gov.lk/io-list/,
phone,pass,Published phone: 066 300 4282 ,http://rti.gov.lk/io-list/,
phone,pass,Published phone: 077 673 9779 ,http://rti.gov.lk/io-list/,
phone,pass,Published phone: 071 859 1315 ,http://rti.gov.lk/io-list/,
phone,pass,Published phone: 027 222 2380 ,http://rti.gov.lk/io-list/,
phone,pass,Published phone: 071 489 9675 ,http://rti.gov.lk/io-list/,
phone,pass,Published phone: 011 288 3737 ,http://rti.gov.lk/io-list/,
phone,pass,Published phone: 065 224 6593 ,http://rti.gov.lk/io-list/,
phone,pass,Published phone: 066 222 6413 ,http://rti.gov.lk/io-list/,
phone,pass,Published phone: 071 442 0567 ,http://rti.gov.lk/io-list/,
phone,pass,Published phone: 071 859 1897 ,http://rti.gov.lk/io-list/,
phone,pass,Published phone: 075 994 9087 ,http://rti.gov.lk/io-list/,
phone,pass,Published phone: 067 205 3726 ,http://rti.gov.lk/io-list/,
phone,pass,Published phone: 071 811 1660 ,http://rti.gov.lk/io-list/,
phone,pass,Published phone: 081-2387394 ,http://rti.gov.lk/io-list/,
phone,pass,Published phone: 034 222 2423 ,http://rti.gov.lk/io-list/,
phone,pass,Published phone: 011 233 7219 ,http://rti.gov.lk/io-list/,
phone,pass,Published phone: 01 011 232 68,http://rti.gov.lk/io-list/,
phone,pass,Published phone: 071 521 2028 ,http://rti.gov.lk/io-list/,
phone,pass,Published phone: 011 288 8932 ,http://rti.gov.lk/io-list/,
phone,pass,Published phone: 071 859 1017 ,http://rti.gov.lk/io-list/,
phone,pass,Published phone: 081-2388041 ,http://rti.gov.lk/io-list/,
phone,pass,Published phone: 02 011-23347,http://rti.gov.lk/io-list/,
phone,pass,Published phone: 077 632 0574 ,http://rti.gov.lk/io-list/,
phone,pass,Published phone: 031 222 2346 ,http://rti.gov.lk/io-list/,
phone,pass,Published phone: 077 730 4238 ,http://rti.gov.lk/io-list/,
phone,pass,Published phone: 037 228 1288 ,http://rti.gov.lk/io-list/,
phone,pass,Published phone: 07 011 269 65,http://rti.gov.lk/io-list/,
phone,pass,Published phone: 071 812 7663 ,http://rti.gov.lk/io-list/,
phone,pass,Published phone: 07 011 258 57,http://rti.gov.lk/io-list/,
phone,pass,Published phone: 077 395 8287 ,http://rti.gov.lk/io-list/,
phone,pass,Published phone: 081 223 3186 ,http://rti.gov.lk/io-list/,
phone,pass,Published phone: 082 23 88013 ,http://rti.gov.lk/io-list/,
phone,pass,Published phone: 045 222 9999 ,http://rti.gov.lk/io-list/,
phone,pass,Published phone: 011 223 6302 ,http://rti.gov.lk/io-list/,
phone,pass,Published phone: 011 233 2985 ,http://rti.gov.lk/io-list/,
phone,pass,Published phone: 035 226 3199 ,http://rti.gov.lk/io-list/,
phone,pass,Published phone: 071 859 2614 ,http://rti.gov.lk/io-list/,
phone,pass,Published phone: 071 859 1916 ,http://rti.gov.lk/io-list/,
phone,pass,Published phone: 071 859 1749 ,http://rti.gov.lk/io-list/,
phone,pass,Published phone: 071-8201794 ,http://rti.gov.lk/io-list/,
phone,pass,Published phone: 081 2404 163 ,http://rti.gov.lk/io-list/,
phone,pass,Published phone: 081-2388203 ,http://rti.gov.lk/io-list/,
phone,pass,Published phone: 070 357 4504 ,http://rti.gov.lk/io-list/,
phone,pass,Published phone: 011 243 2109 ,http://rti.gov.lk/io-list/,
phone,pass,Published phone: 077 969 2588 ,http://rti.gov.lk/io-list/,
phone,pass,Published phone: 011 205 8627 ,http://rti.gov.lk/io-list/,
phone,pass,Published phone: 081 238 8025 ,http://rti.gov.lk/io-list/,
phone,pass,Published phone: 08 011 243 58,http://rti.gov.lk/io-list/,
phone,pass,Published phone: 011 260 7560 ,http://rti.gov.lk/io-list/,
phone,pass,Published phone: 011 250 7495 ,http://rti.gov.lk/io-list/,
phone,pass,Published phone: 071 291 9285 ,http://rti.gov.lk/io-list/,
phone,pass,Published phone: 051 222 2792 ,http://rti.gov.lk/io-list/,
phone,pass,Published phone: 071 859 1170 ,http://rti.gov.lk/io-list/,
phone,pass,Published phone: 067 225 0235 ,http://rti.gov.lk/io-list/,
phone,pass,Published phone: 078 550 3051 ,http://rti.gov.lk/io-list/,
phone,pass,Published phone: 071 454 3857 ,http://rti.gov.lk/io-list/,
phone,pass,Published phone: 01 011 247 72,http://rti.gov.lk/io-list/,
phone,pass,Published phone: 077 341 9459 ,http://rti.gov.lk/io-list/,
phone,pass,Published phone: 027 225 0197 ,http://rti.gov.lk/io-list/,
phone,pass,Published phone: 032 226 5327 ,http://rti.gov.lk/io-list/,
phone,pass,Published phone: 0 011 236 871,http://rti.gov.lk/io-list/,
phone,pass,Published phone: 011 238 0943 ,http://rti.gov.lk/io-list/,
phone,pass,Published phone: 011 263 7180 ,http://rti.gov.lk/io-list/,
phone,pass,Published phone: 081-2388957 ,http://rti.gov.lk/io-list/,
phone,pass,Published phone: 066 224 2128 ,http://rti.gov.lk/io-list/,
phone,pass,Published phone: 025 205 3103 ,http://rti.gov.lk/io-list/,
phone,pass,Published phone: 024 222 2223 ,http://rti.gov.lk/io-list/,
phone,pass,Published phone: 081 223 4288 ,http://rti.gov.lk/io-list/,
phone,pass,Published phone: 077 603 4656 ,http://rti.gov.lk/io-list/,
phone,pass,Published phone: 071 212 1668 ,http://rti.gov.lk/io-list/,
phone,pass,Published phone: 045 222 2333 ,http://rti.gov.lk/io-list/,
phone,pass,Published phone: 032 226 0506 ,http://rti.gov.lk/io-list/,
phone,pass,Published phone: 071 447 0987 ,http://rti.gov.lk/io-list/,
phone,pass,Published phone: 091 223 4195 ,http://rti.gov.lk/io-list/,
phone,pass,Published phone: 081-2395013 ,http://rti.gov.lk/io-list/,
phone,pass,Published phone: 011 269 4338 ,http://rti.gov.lk/io-list/,
phone,pass,Published phone: 011 258 7126 ,http://rti.gov.lk/io-list/,
phone,pass,Published phone: 071 242 3394 ,http://rti.gov.lk/io-list/,
phone,pass,Published phone: 041 224 1402 ,http://rti.gov.lk/io-list/,
phone,pass,Published phone: 027 327 2724 ,http://rti.gov.lk/io-list/,
phone,pass,Published phone: 063 225 0354 ,http://rti.gov.lk/io-list/,
phone,pass,Published phone: 021 205 1222 ,http://rti.gov.lk/io-list/,
phone,pass,Published phone: 077-9178844 ,http://rti.gov.lk/io-list/,
phone,pass,Published phone: 0 071 816 696,http://rti.gov.lk/io-list/,
phone,pass,Published phone: 071 435 8677 ,http://rti.gov.lk/io-list/,
phone,pass,Published phone: 011 218 7133 ,http://rti.gov.lk/io-list/,
phone,pass,Published phone: 037 222 3590 ,http://rti.gov.lk/io-list/,
phone,pass,Published phone: 071 859 1641 ,http://rti.gov.lk/io-list/,
phone,pass,Published phone: 071 859 1984 ,http://rti.gov.lk/io-list/,
phone,pass,Published phone: 077 959 9009 ,http://rti.gov.lk/io-list/,
phone,pass,Published phone: 011 236 9893 ,http://rti.gov.lk/io-list/,
phone,pass,Published phone: 011 286 3786 ,http://rti.gov.lk/io-list/,
phone,pass,Published phone: 071 112 5662 ,http://rti.gov.lk/io-list/,
phone,pass,Published phone: 081 238 9041 ,http://rti.gov.lk/io-list/,
phone,pass,Published phone: 0 011 243 584,http://rti.gov.lk/io-list/,
phone,pass,Published phone: 026 223 8234 ,http://rti.gov.lk/io-list/,
phone,pass,Published phone: 011 244 7921 ,http://rti.gov.lk/io-list/,
phone,pass,Published phone: 011 205 522 0,http://rti.gov.lk/io-list/,
phone,pass,Published phone: 07 011 287 93,http://rti.gov.lk/io-list/,
phone,pass,Published phone: 067 227 9927 ,http://rti.gov.lk/io-list/,
phone,pass,Published phone: 011 244 0435 ,http://rti.gov.lk/io-list/,
phone,pass,Published phone: 0140 045-228,http://rti.gov.lk/io-list/,
phone,pass,Published phone: 011 286 4768 ,http://rti.gov.lk/io-list/,
phone,pass,Published phone: 011 188 8513 ,http://rti.gov.lk/io-list/,
phone,pass,Published phone: 081 238 8085 ,http://rti.gov.lk/io-list/,
phone,pass,Published phone: 05 011 269 18,http://rti.gov.lk/io-list/,
phone,pass,Published phone: 071 031 8994 ,http://rti.gov.lk/io-list/,
phone,pass,Published phone: 011 255 2714 ,http://rti.gov.lk/io-list/,
phone,pass,Published phone: 065 205 1921 ,http://rti.gov.lk/io-list/,
phone,pass,Published phone: 05 011 250 03,http://rti.gov.lk/io-list/,
phone,pass,Published phone: 045 222 2229 ,http://rti.gov.lk/io-list/,
phone,pass,Published phone: 011 267 9162 ,http://rti.gov.lk/io-list/,
phone,pass,Published phone: 077 490 5853 ,http://rti.gov.lk/io-list/,
phone,pass,Published phone: 011 282 9383 ,http://rti.gov.lk/io-list/,
phone,pass,Published phone: 071 838 0493 ,http://rti.gov.lk/io-list/,
phone,pass,Published phone: 021 224 4234 ,http://rti.gov.lk/io-list/,
phone,pass,Published phone: 05 011 250 42,http://rti.gov.lk/io-list/,
phone,pass,Published phone: 077 377 6255 ,http://rti.gov.lk/io-list/,
phone,pass,Published phone: 036 222 2375 ,http://rti.gov.lk/io-list/,
phone,pass,Published phone: 026 205 4243 ,http://rti.gov.lk/io-list/,
phone,pass,Published phone: 081 242 4196 ,http://rti.gov.lk/io-list/,
phone,pass,Published phone: 066 224 3003 ,http://rti.gov.lk/io-list/,
phone,pass,Published phone: 071 441 8339 ,http://rti.gov.lk/io-list/,
phone,pass,Published phone: 081 238 8738 ,http://rti.gov.lk/io-list/,
phone,pass,Published phone: 071 473 8588 ,http://rti.gov.lk/io-list/,
phone,pass,Published phone: 071 496 2468 ,http://rti.gov.lk/io-list/,
phone,pass,Published phone: 074 144 1907 ,http://rti.gov.lk/io-list/,
phone,pass,Published phone: 026 225 2637 ,http://rti.gov.lk/io-list/,
phone,pass,Published phone: 081 238 8850 ,http://rti.gov.lk/io-list/,
phone,pass,Published phone: 0 011 233 073,http://rti.gov.lk/io-list/,
phone,pass,Published phone: 0 071 286 171,http://rti.gov.lk/io-list/,
phone,pass,Published phone: 067 222 1922 ,http://rti.gov.lk/io-list/,
phone,pass,Published phone: 011 244 1736 ,http://rti.gov.lk/io-list/,
phone,pass,Published phone: 07 011 269 45,http://rti.gov.lk/io-list/,
phone,pass,Published phone: 03 011 257 74,http://rti.gov.lk/io-list/,
phone,pass,Published phone: 011 280 9832 ,http://rti.gov.lk/io-list/,
phone,pass,Published phone: 071 859 2620 ,http://rti.gov.lk/io-list/,
phone,pass,Published phone: 011 244 9327 ,http://rti.gov.lk/io-list/,
phone,pass,Published phone: 011 278 5162 ,http://rti.gov.lk/io-list/,
phone,pass,Published phone: 021 228 5020 ,http://rti.gov.lk/io-list/,
phone,pass,Published phone: 035 205 0281 ,http://rti.gov.lk/io-list/,
phone,pass,Published phone: 011 218 6010 ,http://rti.gov.lk/io-list/,
phone,pass,Published phone: 027 225 4317 ,http://rti.gov.lk/io-list/,
phone,pass,Published phone: 09 011 269 35,http://rti.gov.lk/io-list/,
phone,pass,Published phone: 032 226 5984 ,http://rti.gov.lk/io-list/,
phone,pass,Published phone: 011 214 4795 ,http://rti.gov.lk/io-list/,
phone,pass,Published phone: 021 224 3381 ,http://rti.gov.lk/io-list/,
phone,pass,Published phone: 035 222 2601 ,http://rti.gov.lk/io-list/,
phone,pass,Published phone: 011 269 8847 ,http://rti.gov.lk/io-list/,
phone,pass,Published phone: 011 218 6024 ,http://rti.gov.lk/io-list/,
phone,pass,Published phone: 011 243 6115 ,http://rti.gov.lk/io-list/,
phone,pass,Published phone: 011 232 4429 ,http://rti.gov.lk/io-list/,
phone,pass,Published phone: 081-2385707 ,http://rti.gov.lk/io-list/,
phone,pass,Published phone: 027 222 2370 ,http://rti.gov.lk/io-list/,
phone,pass,Published phone: 07 011 269 42,http://rti.gov.lk/io-list/,
phone,pass,Published phone: 011 288 0628 ,http://rti.gov.lk/io-list/,
phone,pass,Published phone: 076 701 2191 ,http://rti.gov.lk/io-list/,
phone,pass,Published phone: 071 296 2006 ,http://rti.gov.lk/io-list/,
phone,pass,Published phone: 011 265 0462 ,http://rti.gov.lk/io-list/,
phone,pass,Published phone: 081 220 0422 ,http://rti.gov.lk/io-list/,
phone,pass,Published phone: 081 238 8696 ,http://rti.gov.lk/io-list/,
phone,pass,Published phone: 071 859 1028 ,http://rti.gov.lk/io-list/,
phone,pass,Published phone: 011 207 2038 ,http://rti.gov.lk/io-list/,
phone,pass,Published phone: 077-1133935 ,http://rti.gov.lk/io-list/,
phone,pass,Published phone: 011 285 4501 ,http://rti.gov.lk/io-list/,
phone,pass,Published phone: 077 604 4140 ,http://rti.gov.lk/io-list/,
phone,pass,Published phone: 011 269 3546 ,http://rti.gov.lk/io-list/,
phone,pass,Published phone: 011 266 7709 ,http://rti.gov.lk/io-list/,
phone,pass,Published phone: 081-2392501 ,http://rti.gov.lk/io-list/,
phone,pass,Published phone: 021 229 0057 ,http://rti.gov.lk/io-list/,
phone,pass,Published phone: 011 268 9704 ,http://rti.gov.lk/io-list/,
phone,pass,Published phone: 071 444 3488 ,http://rti.gov.lk/io-list/,
phone,pass,Published phone: 047 225 6170 ,http://rti.gov.lk/io-list/,
phone,pass,Published phone: 011 236 9091 ,http://rti.gov.lk/io-list/,
phone,pass,Published phone: 011-2622995 ,http://rti.gov.lk/io-list/,
phone,pass,Published phone: 067 226 5056 ,http://rti.gov.lk/io-list/,
phone,pass,Published phone: 077 616 7907 ,http://rti.gov.lk/io-list/,
phone,pass,Published phone: 066 224 6335 ,http://rti.gov.lk/io-list/,
phone,pass,Published phone: 0 -13 -295 52 -53 ,http://rti.gov.lk/io-list/,
phone,pass,Published phone: 067 222 4296 ,http://rti.gov.lk/io-list/,
phone,pass,Published phone: 077 554 4373 ,http://rti.gov.lk/io-list/,
phone,pass,Published phone: 011 287 3033 ,http://rti.gov.lk/io-list/,
phone,pass,Published phone: 076 098 1198 ,http://rti.gov.lk/io-list/,
phone,pass,Published phone: 011 258 8499 ,http://rti.gov.lk/io-list/,
phone,pass,Published phone: 011 287 1039 ,http://rti.gov.lk/io-list/,
phone,pass,Published phone: 081 238 8222 ,http://rti.gov.lk/io-list/,
phone,pass,Published phone: 071 919 8726 ,http://rti.gov.lk/io-list/,
phone,pass,Published phone: 00 011 243 79,http://rti.gov.lk/io-list/,
phone,pass,Published phone: 055 225 7693 ,http://rti.gov.lk/io-list/,
phone,pass,Published phone: 026 225 1430 ,http://rti.gov.lk/io-list/,
phone,pass,Published phone: 011 287 3647 ,http://rti.gov.lk/io-list/,
phone,pass,Published phone: 077 395 5679 ,http://rti.gov.lk/io-list/,
phone,pass,Published phone: 011 225 8861 -,http://rti.gov.lk/io-list/,
phone,pass,Published phone: 057 228 0732 ,http://rti.gov.lk/io-list/,
phone,pass,Published phone: 011 257 8234 ,http://rti.gov.lk/io-list/,
phone,pass,Published phone: 08 011 269 35,http://rti.gov.lk/io-list/,
phone,pass,Published phone: 071 204 2948 ,http://rti.gov.lk/io-list/,
phone,pass,Published phone: 076 094 1129 ,http://rti.gov.lk/io-list/,
phone,pass,Published phone: 011 252 3051 ,http://rti.gov.lk/io-list/,
phone,pass,Published phone: 091 223 5950 ,http://rti.gov.lk/io-list/,
phone,pass,Published phone: 081 223 3426 ,http://rti.gov.lk/io-list/,
phone,pass,Published phone: 02 011 248 16,http://rti.gov.lk/io-list/,
phone,pass,Published phone: 071 859 2603 ,http://rti.gov.lk/io-list/,
phone,pass,Published phone: 071 756 8086 ,http://rti.gov.lk/io-list/,
phone,pass,Published phone: 045 222 2260 ,http://rti.gov.lk/io-list/,
phone,pass,Published phone: 071 442 0582 ,http://rti.gov.lk/io-list/,
phone,pass,Published phone: 071 811 7919 ,http://rti.gov.lk/io-list/,
phone,pass,Published phone: 077 261 6887 ,http://rti.gov.lk/io-list/,
phone,pass,Published phone: 01 011 207 52,http://rti.gov.lk/io-list/,
phone,pass,Published phone: 06 011 243 00,http://rti.gov.lk/io-list/,
phone,pass,Published phone: 067 222 9103 ,http://rti.gov.lk/io-list/,
phone,pass,Published phone: 081 238 8651 ,http://rti.gov.lk/io-list/,
phone,pass,Published phone: 026 225 5038 ,http://rti.gov.lk/io-list/,
phone,pass,Published phone: 071 859 2645 ,http://rti.gov.lk/io-list/,
phone,pass,Published phone: 071 087 6465 ,http://rti.gov.lk/io-list/,
phone,pass,Published phone: 032 226 5337 ,http://rti.gov.lk/io-list/,
phone,pass,Published phone: 033 222 2228 ,http://rti.gov.lk/io-list/,
phone,pass,Published phone: 035 222 2473 ,http://rti.gov.lk/io-list/,
phone,pass,Published phone: 011 268 7233 ,http://rti.gov.lk/io-list/,
phone,pass,Published phone: 071 857 0143 ,http://rti.gov.lk/io-list/,
phone,pass,Published phone: 077 444 0871 ,http://rti.gov.lk/io-list/,
phone,pass,Published phone: 011 388 8850 ,http://rti.gov.lk/io-list/,
phone,pass,Published phone: 070 128 1745 ,http://rti.gov.lk/io-list/,
phone,pass,Published phone: 01 011 232 97,http://rti.gov.lk/io-list/,
phone,pass,Published phone: 076 690 4214 ,http://rti.gov.lk/io-list/,
phone,pass,Published phone: 01 011 247 75,http://rti.gov.lk/io-list/,
phone,pass,Published phone: 071 810 0524 ,http://rti.gov.lk/io-list/,
phone,pass,Published phone: 055 312 3394 ,http://rti.gov.lk/io-list/,
phone,pass,Published phone: 033 222 2315 ,http://rti.gov.lk/io-list/,
phone,pass,Published phone: 011 269 3258 ,http://rti.gov.lk/io-list/,
phone,pass,Published phone: 081 237 4001 ,http://rti.gov.lk/io-list/,
phone,pass,Published phone: 025 222 3057 ,http://rti.gov.lk/io-list/,
phone,pass,Published phone: 0 -86 209 -89 21,http://rti.gov.lk/io-list/,
phone,pass,Published phone: 065-2225689 ,http://rti.gov.lk/io-list/,
phone,pass,Published phone: 081 240 2238 ,http://rti.gov.lk/io-list/,
phone,pass,Published phone: 011 269 1625 ,http://rti.gov.lk/io-list/,
phone,pass,Published phone: 026 223 4262 ,http://rti.gov.lk/io-list/,
phone,pass,Published phone: 023 222 3224 ,http://rti.gov.lk/io-list/,
phone,pass,Published phone: 066 222 1632 ,http://rti.gov.lk/io-list/,
phone,pass,Published phone: 027-2247870 ,http://rti.gov.lk/io-list/,
phone,pass,Published phone: 00 0 39 -1 41 -12,http://rti.gov.lk/io-list/,
phone,pass,Published phone: 055 223 1604 ,http://rti.gov.lk/io-list/,
phone,pass,Published phone: 021 222 3986 ,http://rti.gov.lk/io-list/,
phone,pass,Published phone: 011 236 8676 ,http://rti.gov.lk/io-list/,
phone,pass,Published phone: 011-2674659 ,http://rti.gov.lk/io-list/,
phone,pass,Published phone: 071 831 9224 ,http://rti.gov.lk/io-list/,
phone,pass,Published phone: 077 379 4115 ,http://rti.gov.lk/io-list/,
phone,pass,Published phone: 05 011 536 23,http://rti.gov.lk/io-list/,
phone,pass,Published phone: 033 222 6618 ,http://rti.gov.lk/io-list/,
phone,pass,Published phone: 071 851 2377 ,http://rti.gov.lk/io-list/,
phone,pass,Published phone: 011 482 4824 ,http://rti.gov.lk/io-list/,
phone,pass,Published phone: 07 071 806 84,http://rti.gov.lk/io-list/,
phone,pass,Published phone: 011 278 6495 ,http://rti.gov.lk/io-list/,
phone,pass,Published phone: 01 011-71920,http://rti.gov.lk/io-list/,
phone,pass,Published phone: 011 242 1867 ,http://rti.gov.lk/io-list/,
phone,pass,Published phone: 011 233 3067 ,http://rti.gov.lk/io-list/,
phone,pass,Published phone: 081-2393301 ,http://rti.gov.lk/io-list/,
phone,pass,Published phone: 034 222 2682 ,http://rti.gov.lk/io-list/,
phone,pass,Published phone: 011 278 6947 ,http://rti.gov.lk/io-list/,
phone,pass,Published phone: 011 234 3333 ,http://rti.gov.lk/io-list/,
phone,pass,Published phone: 067 227 7163 ,http://rti.gov.lk/io-list/,
phone,pass,Published phone: 063 222 4643 ,http://rti.gov.lk/io-list/,
phone,pass,Published phone: 037 222 3490 ,http://rti.gov.lk/io-list/,
phone,pass,Published phone: 083 011 215 1,http://rti.gov.lk/io-list/,
phone,pass,Published phone: 011 281 9064 ,http://rti.gov.lk/io-list/,
phone,pass,Published phone: 071 447 1599 ,http://rti.gov.lk/io-list/,
phone,pass,Published phone: 081 238 6483 ,http://rti.gov.lk/io-list/,
phone,pass,Published phone: 071 446 7355 ,http://rti.gov.lk/io-list/,
phone,pass,Published phone: 071 859 1807 ,http://rti.gov.lk/io-list/,
phone,pass,Published phone: 03 011 238 58,http://rti.gov.lk/io-list/,
phone,pass,Published phone: 070 191 0169 ,http://rti.gov.lk/io-list/,
phone,pass,Published phone: 011 269 4036 ,http://rti.gov.lk/io-list/,
phone,pass,Published phone: 05 011 205 04,http://rti.gov.lk/io-list/,
phone,pass,Published phone: 0 011 255 470,http://rti.gov.lk/io-list/,
phone,pass,Published phone: 011 253 9502 ,http://rti.gov.lk/io-list/,
phone,pass,Published phone: 081 223 7968 ,http://rti.gov.lk/io-list/,
phone,pass,Published phone: 011 233 4261 ,http://rti.gov.lk/io-list/,
phone,pass,Published phone: 05 011 236 87,http://rti.gov.lk/io-list/,
phone,pass,Published phone: 076-7812629 ,http://rti.gov.lk/io-list/,
phone,pass,Published phone: 025 226 9295 ,http://rti.gov.lk/io-list/,
phone,pass,Published phone: 011 233 7317 ,http://rti.gov.lk/io-list/,
phone,pass,Published phone: 011 287 9953 ,http://rti.gov.lk/io-list/,
phone,pass,Published phone: 047 225 6408 ,http://rti.gov.lk/io-list/,
phone,pass,Published phone: 071 865 6254 ,http://rti.gov.lk/io-list/,
phone,pass,Published phone: 011 532 9690 ,http://rti.gov.lk/io-list/,
phone,pass,Published phone: 071 861 9681 ,http://rti.gov.lk/io-list/,
phone,pass,Published phone: 070 714 6217 ,http://rti.gov.lk/io-list/,
phone,pass,Published phone: 011 277 7100 ,http://rti.gov.lk/io-list/,
phone,pass,Published phone: 071 859 1533 ,http://rti.gov.lk/io-list/,
phone,pass,Published phone: 021 222 1035 ,http://rti.gov.lk/io-list/,
phone,pass,Published phone: 071 453 1192 ,http://rti.gov.lk/io-list/,
phone,pass,Published phone: 091 224 1214 ,http://rti.gov.lk/io-list/,
phone,pass,Published phone: 071 859 1230 ,http://rti.gov.lk/io-list/,
phone,pass,Published phone: 011 268 6676 ,http://rti.gov.lk/io-list/,
phone,pass,Published phone: 071 440 1097 ,http://rti.gov.lk/io-list/,
phone,pass,Published phone: 027 222 2348 ,http://rti.gov.lk/io-list/,
phone,pass,Published phone: 011 232 4873 ,http://rti.gov.lk/io-list/,
phone,pass,Published phone: 011 233 3545 ,http://rti.gov.lk/io-list/,
phone,pass,Published phone: 081 236 9389 ,http://rti.gov.lk/io-list/,
phone,pass,Published phone: 04 011 258 58,http://rti.gov.lk/io-list/,
phone,pass,Published phone: 071 302 9875 ,http://rti.gov.lk/io-list/,
phone,pass,Published phone: 026 222 2304 ,http://rti.gov.lk/io-list/,
phone,pass,Published phone: 070 668 9811 ,http://rti.gov.lk/io-list/,
phone,pass,Published phone: 071 601 8363 ,http://rti.gov.lk/io-list/,
phone,pass,Published phone: 011 232 8749 ,http://rti.gov.lk/io-list/,
phone,pass,Published phone: 071 319 8287 ,http://rti.gov.lk/io-list/,
phone,pass,Published phone: 081 241 5519 ,http://rti.gov.lk/io-list/,
phone,pass,Published phone: 071 444 9218 ,http://rti.gov.lk/io-list/,
phone,pass,Published phone: 011 236 9481 ,http://rti.gov.lk/io-list/,
phone,pass,Published phone: 071 801 8858 ,http://rti.gov.lk/io-list/,
phone,pass,Published phone: 063 222 3904 ,http://rti.gov.lk/io-list/,
phone,pass,Published phone: 034 222 2261 ,http://rti.gov.lk/io-list/,
phone,pass,Published phone: 041 222 2278 ,http://rti.gov.lk/io-list/,
phone,pass,Published phone: 071 253 4135 ,http://rti.gov.lk/io-list/,
phone,pass,Published phone: 05 011 259 30,http://rti.gov.lk/io-list/,
phone,pass,Published phone: 05 011 258 13,http://rti.gov.lk/io-list/,
phone,pass,Published phone: 071 859 1930 ,http://rti.gov.lk/io-list/,
phone,pass,Published phone: 011 236 8973 ,http://rti.gov.lk/io-list/,
phone,pass,Published phone: 081 238 8238 ,http://rti.gov.lk/io-list/,
phone,pass,Published phone: 066-2232408 ,http://rti.gov.lk/io-list/,
phone,pass,Published phone: 081 235 2227 ,http://rti.gov.lk/io-list/,
phone,pass,Published phone: 011-2529718 ,http://rti.gov.lk/io-list/,
phone,pass,Published phone: 071 657 0888 ,http://rti.gov.lk/io-list/,
phone,pass,Published phone: 091 438 4715 ,http://rti.gov.lk/io-list/,
phone,pass,Published phone: 067 222 1890 ,http://rti.gov.lk/io-list/,
phone,pass,Published phone: 011 286 5296 ,http://rti.gov.lk/io-list/,
phone,pass,Published phone: 035 222 3981 ,http://rti.gov.lk/io-list/,
phone,pass,Published phone: 071 859 2650 ,http://rti.gov.lk/io-list/,
phone,pass,Published phone: 011 208 0633 ,http://rti.gov.lk/io-list/,
phone,pass,Published phone: 034 222 9752 ,http://rti.gov.lk/io-list/,
phone,pass,Published phone: 05 011 235 21,http://rti.gov.lk/io-list/,
phone,pass,Published phone: 025 222 2228 ,http://rti.gov.lk/io-list/,
phone,pass,Published phone: 077 604 9583 ,http://rti.gov.lk/io-list/,
phone,pass,Published phone: 011 258 5425 ,http://rti.gov.lk/io-list/,
phone,pass,Published phone: 077 963 4897 ,http://rti.gov.lk/io-list/,
phone,pass,Published phone: 071 839 2568 ,http://rti.gov.lk/io-list/,
phone,pass,Published phone: 071 827 5556 ,http://rti.gov.lk/io-list/,
phone,pass,Published phone: 076 651 3829 ,http://rti.gov.lk/io-list/,
phone,pass,Published phone: 011 286 5093 ,http://rti.gov.lk/io-list/,
phone,pass,Published phone: 077 636 1214 ,http://rti.gov.lk/io-list/,
phone,pass,Published phone: 071 859 1274 ,http://rti.gov.lk/io-list/,
phone,pass,Published phone: 066 225 6027 ,http://rti.gov.lk/io-list/,
phone,pass,Published phone: 0 011 248 488,http://rti.gov.lk/io-list/,
phone,pass,Published phone: 011 420 4014 ,http://rti.gov.lk/io-list/,
phone,pass,Published phone: 0 077 370 712,http://rti.gov.lk/io-list/,
phone,pass,Published phone: 026 205 0622 ,http://rti.gov.lk/io-list/,
phone,pass,Published phone: 0 011 255264,http://rti.gov.lk/io-list/,
phone,pass,Published phone: 063 222 2342 ,http://rti.gov.lk/io-list/,
phone,pass,Published phone: 071 808 5090 ,http://rti.gov.lk/io-list/,
phone,pass,Published phone: 081 230 0504 ,http://rti.gov.lk/io-list/,
phone,pass,Published phone: 011 244 9387 ,http://rti.gov.lk/io-list/,
phone,pass,Published phone: 071 801 2155 ,http://rti.gov.lk/io-list/,
phone,pass,Published phone: 011 269 8652 ,http://rti.gov.lk/io-list/,
phone,pass,Published phone: 091 223 2033 ,http://rti.gov.lk/io-list/,
phone,pass,Published phone: 077 312 8447 ,http://rti.gov.lk/io-list/,
phone,pass,Published phone: 011-2638460 ,http://rti.gov.lk/io-list/,
phone,pass,Published phone: 07 011 268 52,http://rti.gov.lk/io-list/,
phone,pass,Published phone: 037 227 5058 ,http://rti.gov.lk/io-list/,
phone,pass,Published phone: 011 203 4108 ,http://rti.gov.lk/io-list/,
phone,pass,Published phone: 032 226 7320 ,http://rti.gov.lk/io-list/,
phone,pass,Published phone: 05 011 258 23,http://rti.gov.lk/io-list/,
phone,pass,Published phone: 011 217 6185 ,http://rti.gov.lk/io-list/,
phone,pass,Published phone: 081 236 9488 ,http://rti.gov.lk/io-list/,
phone,pass,Published phone: 076 271 7913 ,http://rti.gov.lk/io-list/,
phone,pass,Published phone: 065 492 9336 ,http://rti.gov.lk/io-list/,
phone,pass,Published phone: 075 871 2696 ,http://rti.gov.lk/io-list/,
phone,pass,Published phone: 011 225 8865 ,http://rti.gov.lk/io-list/,
phone,pass,Published phone: 071 252 3326 ,http://rti.gov.lk/io-list/,
phone,pass,Published phone: 077 725 3772 ,http://rti.gov.lk/io-list/,
phone,pass,Published phone: 011 288 8424 ,http://rti.gov.lk/io-list/,
phone,pass,Published phone: 091 222 7638 ,http://rti.gov.lk/io-list/,
phone,pass,Published phone: 011 286 4774 ,http://rti.gov.lk/io-list/,
phone,pass,Published phone: 011 288 2510 ,http://rti.gov.lk/io-list/,
phone,pass,Published phone: 045 222 2180 ,http://rti.gov.lk/io-list/,
phone,pass,Published phone: 025 224 5744 ,http://rti.gov.lk/io-list/,
phone,pass,Published phone: 011 259 5680 ,http://rti.gov.lk/io-list/,
phone,pass,Published phone: 091 223 4097 ,http://rti.gov.lk/io-list/,
phone,pass,Published phone: 035 222 2228 ,http://rti.gov.lk/io-list/,
phone,pass,Published phone: 052 223 5628 ,http://rti.gov.lk/io-list/,
phone,pass,Published phone: 011 247 2793 ,http://rti.gov.lk/io-list/,
phone,pass,Published phone: 076 976 6447 ,http://rti.gov.lk/io-list/,
phone,pass,Published phone: 011 247 2591 ,http://rti.gov.lk/io-list/,
phone,pass,Published phone: 035 223 0707 ,http://rti.gov.lk/io-list/,
phone,pass,Published phone: 063 222 3553 ,http://rti.gov.lk/io-list/,
phone,pass,Published phone: 025 205 0116 ,http://rti.gov.lk/io-list/,
phone,pass,Published phone: 076 687 8480 ,http://rti.gov.lk/io-list/,
phone,pass,Published phone: 07 011 269 68,http://rti.gov.lk/io-list/,
phone,pass,Published phone: 071 446 1367 ,http://rti.gov.lk/io-list/,
phone,pass,Published phone: 066 224 4397 ,http://rti.gov.lk/io-list/,
phone,pass,Published phone: 011 262 3238 ,http://rti.gov.lk/io-list/,
phone,pass,Published phone: 07 011 258 81,http://rti.gov.lk/io-list/,
phone,pass,Published phone: 070 407 4838 ,http://rti.gov.lk/io-list/,
phone,pass,Published phone: 071 859 2618 ,http://rti.gov.lk/io-list/,
phone,pass,Published phone: 071 859 1423 ,http://rti.gov.lk/io-list/,
phone,pass,Published phone: 071 837 3212,http://rti.gov.lk/io-list/,
phone,pass,Published phone: 071-6440531 ,http://rti.gov.lk/io-list/,
phone,pass,Published phone: 071 444 5981 ,http://rti.gov.lk/io-list/,
phone,pass,Published phone: 057 223 1612 ,http://rti.gov.lk/io-list/,
phone,pass,Published phone: 011 269 1495 ,http://rti.gov.lk/io-list/,
phone,pass,Published phone: 0 011 269 109,http://rti.gov.lk/io-list/,
phone,pass,Published phone: 011 277 8661 ,http://rti.gov.lk/io-list/,
phone,pass,Published phone: 070 248 4405 ,http://rti.gov.lk/io-list/,
phone,pass,Published phone: 071 867 1572 ,http://rti.gov.lk/io-list/,
phone,pass,Published phone: 05 011 267 80,http://rti.gov.lk/io-list/,
phone,pass,Published phone: 011-2507273 ,http://rti.gov.lk/io-list/,
phone,pass,Published phone: 04 011 258 74,http://rti.gov.lk/io-list/,
phone,pass,Published phone: 077 786 5639 ,http://rti.gov.lk/io-list/,
phone,pass,Published phone: 011 243 8048 ,http://rti.gov.lk/io-list/,
phone,pass,Published phone: 026 223 4022 ,http://rti.gov.lk/io-list/,
phone,pass,Published phone: 071 807 4543 ,http://rti.gov.lk/io-list/,
phone,pass,Published phone: 011 248 4846 ,http://rti.gov.lk/io-list/,
phone,pass,Published phone: 011 289 5598 ,http://rti.gov.lk/io-list/,
phone,pass,Published phone: 027-2222238 ,http://rti.gov.lk/io-list/,
phone,pass,Published phone: 077 367 7920 ,http://rti.gov.lk/io-list/,
phone,pass,Published phone: 067 222 9206 ,http://rti.gov.lk/io-list/,
phone,pass,Published phone: 071 976 0533 ,http://rti.gov.lk/io-list/,
phone,pass,Published phone: 071 859 2649 ,http://rti.gov.lk/io-list/,
phone,pass,Published phone: 077 354 8347 ,http://rti.gov.lk/io-list/,
phone,pass,Published phone: 011 248 4807 ,http://rti.gov.lk/io-list/,
phone,pass,Published phone: 05 011 258 89,http://rti.gov.lk/io-list/,
phone,pass,Published phone: 0 126 -108 162 -,http://rti.gov.lk/io-list/,
phone,pass,Published phone: 011 238 2493 ,http://rti.gov.lk/io-list/,
phone,pass,Published phone: 011 215 1417 ,http://rti.gov.lk/io-list/,
phone,pass,Published phone: 011 277 7295 ,http://rti.gov.lk/io-list/,
phone,pass,Published phone: 05 011 269 84,http://rti.gov.lk/io-list/,
phone,pass,Published phone: 00 011 250 25,http://rti.gov.lk/io-list/,
phone,pass,Published phone: 071 871 8300 ,http://rti.gov.lk/io-list/,
phone,pass,Published phone: 025 225 3202 ,http://rti.gov.lk/io-list/,
phone,pass,Published phone: 03 011 242 69,http://rti.gov.lk/io-list/,
phone,pass,Published phone: 011 285 2555 ,http://rti.gov.lk/io-list/,
phone,pass,Published phone: 036 227 0611 ,http://rti.gov.lk/io-list/,
phone,pass,Published phone: 076 944 5746 ,http://rti.gov.lk/io-list/,
phone,pass,Published phone: 081 238 8015 ,http://rti.gov.lk/io-list/,
phone,pass,Published phone: 01 011 243 10,http://rti.gov.lk/io-list/,
phone,pass,Published phone: 05 011 310 01,http://rti.gov.lk/io-list/,
phone,pass,Published phone: 011 250 8421 ,http://rti.gov.lk/io-list/,
phone,pass,Published phone: 071 859 1842 ,http://rti.gov.lk/io-list/,
phone,pass,Published phone: 026 223 4848 ,http://rti.gov.lk/io-list/,
phone,pass,Published phone: 08 011-23926,http://rti.gov.lk/io-list/,
phone,pass,Published phone: 011 243 5935 ,http://rti.gov.lk/io-list/,
phone,pass,Published phone: 066 222 2227 ,http://rti.gov.lk/io-list/,
phone,pass,Published phone: 011 236 8159 ,http://rti.gov.lk/io-list/,
phone,pass,Published phone: 027 224 8238 ,http://rti.gov.lk/io-list/,
phone,pass,Published phone: 081-2389136 ,http://rti.gov.lk/io-list/,
phone,pass,Published phone: 055 225 7056 ,http://rti.gov.lk/io-list/,
phone,pass,Published phone: 071 060 0050 ,http://rti.gov.lk/io-list/,
phone,pass,Published phone: 077 344 4473 ,http://rti.gov.lk/io-list/,
phone,pass,Published phone: 037 226 0344 ,http://rti.gov.lk/io-list/,
phone,pass,Published phone: 071 859 1327 ,http://rti.gov.lk/io-list/,
phone,pass,Published phone: 067 227 7346 ,http://rti.gov.lk/io-list/,
phone,pass,Published phone: 055 222 2395 ,http://rti.gov.lk/io-list/,
phone,pass,Published phone: 011 287 7883 ,http://rti.gov.lk/io-list/,
phone,pass,Published phone: 081 238 8355 ,http://rti.gov.lk/io-list/,
phone,pass,Published phone: 057 222 3422 ,http://rti.gov.lk/io-list/,
phone,pass,Published phone: 031 222 4394 ,http://rti.gov.lk/io-list/,
phone,pass,Published phone: 011 217 7242 ,http://rti.gov.lk/io-list/,
phone,pass,Published phone: 037 387 1412 ,http://rti.gov.lk/io-list/,
phone,pass,Published phone: 071 245 1963 ,http://rti.gov.lk/io-list/,
phone,pass,Published phone: 0 011 263 933,http://rti.gov.lk/io-list/,
phone,pass,Published phone: 011 265 0301 ,http://rti.gov.lk/io-list/,
phone,pass,Published phone: 011 218 6016 ,http://rti.gov.lk/io-list/,
phone,pass,Published phone: 011 243 5134 ,http://rti.gov.lk/io-list/,
phone,pass,Published phone: 026 222 5332 ,http://rti.gov.lk/io-list/,
phone,pass,Published phone: 0 -241 119 -326 ,http://rti.gov.lk/io-list/,
phone,pass,Published phone: 011 269 8285 ,http://rti.gov.lk/io-list/,
phone,pass,Published phone: 011 287 9051 ,http://rti.gov.lk/io-list/,
phone,pass,Published phone: 011 254 3811 ,http://rti.gov.lk/io-list/,
phone,pass,Published phone: 03 011 232 90,http://rti.gov.lk/io-list/,
phone,pass,Published phone: 011-2697757 ,http://rti.gov.lk/io-list/,
phone,pass,Published phone: 011 211 2704 ,http://rti.gov.lk/io-list/,
phone,pass,Published phone: 04 19 -94 39 -18,http://rti.gov.lk/io-list/,
phone,pass,Published phone: 052 222 3809 ,http://rti.gov.lk/io-list/,
phone,pass,Published phone: 065 222 2376 ,http://rti.gov.lk/io-list/,
phone,pass,Published phone: 011 247 2593 ,http://rti.gov.lk/io-list/,
phone,pass,Published phone: 071 859 2082 ,http://rti.gov.lk/io-list/,
phone,pass,Published phone: 071 695 5947 ,http://rti.gov.lk/io-list/,
phone,pass,Published phone: 025 222 2113 ,http://rti.gov.lk/io-list/,
phone,pass,Published phone: 011 244 9386 ,http://rti.gov.lk/io-list/,
phone,pass,Published phone: 02 011 244 91,http://rti.gov.lk/io-list/,
phone,pass,Published phone: 011 238 2209 ,http://rti.gov.lk/io-list/,
phone,pass,Published phone: 041 222 1052 ,http://rti.gov.lk/io-list/,
phone,pass,Published phone: 071 939 4080 ,http://rti.gov.lk/io-list/,
phone,pass,Published phone: 025 222 2235 ,http://rti.gov.lk/io-list/,
phone,pass,Published phone: 011 207 5235 ,http://rti.gov.lk/io-list/,
phone,pass,Published phone: 026 224 8038 ,http://rti.gov.lk/io-list/,
phone,pass,Published phone: 071 819 6852 ,http://rti.gov.lk/io-list/,
phone,pass,Published phone: 071 800 7377 ,http://rti.gov.lk/io-list/,
phone,pass,Published phone: 063 363 5729 ,http://rti.gov.lk/io-list/,
phone,pass,Published phone: 071 967 9127 ,http://rti.gov.lk/io-list/,
phone,pass,Published phone: 011 275 7506 ,http://rti.gov.lk/io-list/,
phone,pass,Published phone: 071 814 3744 ,http://rti.gov.lk/io-list/,
phone,pass,Published phone: 0 011 269 363,http://rti.gov.lk/io-list/,
phone,pass,Published phone: 081 238 7060 ,http://rti.gov.lk/io-list/,
phone,pass,Published phone: 03 011 258 01,http://rti.gov.lk/io-list/,
phone,pass,Published phone: 02 011-23350,http://rti.gov.lk/io-list/,
phone,pass,Published phone: 07 011-20337,http://rti.gov.lk/io-list/,
phone,pass,Published phone: 077 786 6674 ,http://rti.gov.lk/io-list/,
phone,pass,Published phone: 026 222 5902 ,http://rti.gov.lk/io-list/,
phone,pass,Published phone: 027 224 5237 ,http://rti.gov.lk/io-list/,
phone,pass,Published phone: 05 011 269 01,http://rti.gov.lk/io-list/,
phone,pass,Published phone: 011 250 7468 ,http://rti.gov.lk/io-list/,
phone,pass,Published phone: 027 567 9328 ,http://rti.gov.lk/io-list/,
phone,pass,Published phone: 077 361 7577 ,http://rti.gov.lk/io-list/,
phone,pass,Published phone: 065 205 6931 ,http://rti.gov.lk/io-list/,
phone,pass,Published phone: 011 234 3948 ,http://rti.gov.lk/io-list/,
phone,pass,Published phone: 081 222 3940 ,http://rti.gov.lk/io-list/,
phone,pass,Published phone: 071 847 5956 ,http://rti.gov.lk/io-list/,
phone,pass,Published phone: 071 593 7127 ,http://rti.gov.lk/io-list/,
phone,pass,Published phone: 070 275 8923 ,http://rti.gov.lk/io-list/,
phone,pass,Published phone: 041 222 2444 ,http://rti.gov.lk/io-list/,
phone,pass,Published phone: 021 228 5504 ,http://rti.gov.lk/io-list/,
phone,pass,Published phone: 077 430 5824 ,http://rti.gov.lk/io-list/,
phone,pass,Published phone: 071 439 5107 ,http://rti.gov.lk/io-list/,
phone,pass,Published phone: 011 288 8213 ,http://rti.gov.lk/io-list/,
phone,pass,Published phone: 011 265 0569 ,http://rti.gov.lk/io-list/,
phone,pass,Published phone: 065 222 4407 ,http://rti.gov.lk/io-list/,
phone,pass,Published phone: 0 011 268 413,http://rti.gov.lk/io-list/,
phone,pass,Published phone: 071 655 7620 ,http://rti.gov.lk/io-list/,
phone,pass,Published phone: 077 301 4498 ,http://rti.gov.lk/io-list/,
phone,pass,Published phone: 071 440 9228 ,http://rti.gov.lk/io-list/,
phone,pass,Published phone: 041 222 4151 ,http://rti.gov.lk/io-list/,
phone,pass,Published phone: 026 223 6988 ,http://rti.gov.lk/io-list/,
phone,pass,Published phone: 071 441 0961 ,http://rti.gov.lk/io-list/,
phone,pass,Published phone: 071 442 5824 ,http://rti.gov.lk/io-list/,
phone,pass,Published phone: 0 011 250 552,http://rti.gov.lk/io-list/,
phone,pass,Published phone: 011 269 2349 ,http://rti.gov.lk/io-list/,
phone,pass,Published phone: 055 222 3032 ,http://rti.gov.lk/io-list/,
phone,pass,Published phone: 025 455 0955 ,http://rti.gov.lk/io-list/,
phone,pass,Published phone: 077 429 9939 ,http://rti.gov.lk/io-list/,
phone,pass,Published phone: 032 222 2188 ,http://rti.gov.lk/io-list/,
phone,pass,Published phone: 05 011 236 84,http://rti.gov.lk/io-list/,
phone,pass,Published phone: 041 222 8219 ,http://rti.gov.lk/io-list/,
phone,pass,Published phone: 071 327 6621 ,http://rti.gov.lk/io-list/,
phone,pass,Published phone: 071 807 2459 ,http://rti.gov.lk/io-list/,
phone,pass,Published phone: 071 283 9812 ,http://rti.gov.lk/io-list/,
phone,pass,Published phone: 011 244 0017 ,http://rti.gov.lk/io-list/,
phone,pass,Published phone: 025 222 2788 ,http://rti.gov.lk/io-list/,
phone,pass,Published phone: 027 222 2720 ,http://rti.gov.lk/io-list/,
phone,pass,Published phone: 071 815 6411 ,http://rti.gov.lk/io-list/,
phone,pass,Published phone: 071 630 5220 ,http://rti.gov.lk/io-list/,
phone,pass,Published phone: 011 249 5495 ,http://rti.gov.lk/io-list/,
phone,pass,Published phone: 011 277 7618 ,http://rti.gov.lk/io-list/,
phone,pass,Published phone: 011 233 8671 ,http://rti.gov.lk/io-list/,
phone,pass,Published phone: 071 812 3706 ,http://rti.gov.lk/io-list/,
phone,pass,Published phone: 0 011 243 795,http://rti.gov.lk/io-list/,
phone,pass,Published phone: 034 222 3124 ,http://rti.gov.lk/io-list/,
phone,pass,Published phone: 037 222 2229 ,http://rti.gov.lk/io-list/,
phone,pass,Published phone: 071 826 6290 ,http://rti.gov.lk/io-list/,
phone,pass,Published phone: 08 011 269 46,http://rti.gov.lk/io-list/,
phone,pass,Published phone: 081 242 1679 ,http://rti.gov.lk/io-list/,
phone,pass,Published phone: 01 011 232 84,http://rti.gov.lk/io-list/,
phone,pass,Published phone: 071 443 2436 ,http://rti.gov.lk/io-list/,
phone,pass,Published phone: 0 -98 131 -148 1,http://rti.gov.lk/io-list/,
phone,pass,Published phone: 0 011 269 318,http://rti.gov.lk/io-list/,
phone,pass,Published phone: 011 243 3342 ,http://rti.gov.lk/io-list/,
phone,pass,Published phone: 025 223 5099 ,http://rti.gov.lk/io-list/,
phone,pass,Published phone: 081 235 4236 ,http://rti.gov.lk/io-list/,
phone,pass,Published phone: 011 230 3294 ,http://rti.gov.lk/io-list/,
phone,pass,Published phone: 065 222 4780 ,http://rti.gov.lk/io-list/,
phone,pass,Published phone: 011 236 8627 ,http://rti.gov.lk/io-list/,
phone,pass,Published phone: 011 217 7173 ,http://rti.gov.lk/io-list/,
phone,pass,Published phone: 091 223 4878 ,http://rti.gov.lk/io-list/,
phone,pass,Published phone: 05 011 210 48,http://rti.gov.lk/io-list/,
phone,pass,Published phone: 076 189 5612 ,http://rti.gov.lk/io-list/,
phone,pass,Published phone: 07 011 258 83,http://rti.gov.lk/io-list/,
phone,pass,Published phone: 070 191 1280 ,http://rti.gov.lk/io-list/,
phone,pass,Published phone: 027 222 5579 ,http://rti.gov.lk/io-list/,
phone,pass,Published phone: 011-572905 0,http://rti.gov.lk/io-list/,
phone,pass,Published phone: 066 222 2567 ,http://rti.gov.lk/io-list/,
phone,pass,Published phone: 071 250 8720 ,http://rti.gov.lk/io-list/,
phone,pass,Published phone: 011 239 6184 ,http://rti.gov.lk/io-list/,
phone,pass,Published phone: 077 404 0152 ,http://rti.gov.lk/io-list/,
phone,pass,Published phone: 066 205 7160 ,http://rti.gov.lk/io-list/,
phone,pass,Published phone: 0 30 -99 39 -137 ,http://rti.gov.lk/io-list/,
phone,pass,Published phone: 011 239 9148 ,http://rti.gov.lk/io-list/,
phone,pass,Published phone: 041 227 3444 ,http://rti.gov.lk/io-list/,
phone,pass,Published phone: 047 225 6248 ,http://rti.gov.lk/io-list/,
phone,pass,Published phone: 055 205 5696 ,http://rti.gov.lk/io-list/,
phone,pass,Published phone: 011 247 3402 ,http://rti.gov.lk/io-list/,
phone,pass,Published phone: 081-2397202 ,http://rti.gov.lk/io-list/,
phone,pass,Published phone: 071 357 6610 ,http://rti.gov.lk/io-list/,
phone,pass,Published phone: 07 011-26801,http://rti.gov.lk/io-list/,
phone,pass,Published phone: 011 230 0497 ,http://rti.gov.lk/io-list/,
phone,pass,Published phone: 026 222 0088 ,http://rti.gov.lk/io-list/,
phone,pass,Published phone: 08 011 269 43,http://rti.gov.lk/io-list/,
phone,pass,Published phone: 065 205 8810 ,http://rti.gov.lk/io-list/,
phone,pass,Published phone: 011 233 4323 ,http://rti.gov.lk/io-list/,
phone,pass,Published phone: 071 633 3088 ,http://rti.gov.lk/io-list/,
phone,pass,Published phone: 026 222 2255 ,http://rti.gov.lk/io-list/,
phone,pass,Published phone: 011 267 4657 ,http://rti.gov.lk/io-list/,
phone,pass,Published phone: 066 223 0495 ,http://rti.gov.lk/io-list/,
phone,pass,Published phone: 055 222 2615 ,http://rti.gov.lk/io-list/,
phone,pass,Published phone: 0 011 269 338,http://rti.gov.lk/io-list/,
phone,pass,Published phone: 071 429 1182 ,http://rti.gov.lk/io-list/,
phone,pass,Published phone: 0 011 268 016,http://rti.gov.lk/io-list/,
phone,pass,Published phone: 011 269 3866 ,http://rti.gov.lk/io-list/,
phone,pass,Published phone: 09 071 088 26,http://rti.gov.lk/io-list/,
phone,pass,Published phone: 071 560 1757 ,http://rti.gov.lk/io-list/,
phone,pass,Published phone: 055 225 7031 ,http://rti.gov.lk/io-list/,
phone,pass,Published phone: 011 248 4600 ,http://rti.gov.lk/io-list/,
phone,pass,Published phone: 077 757 0144 ,http://rti.gov.lk/io-list/,
phone,pass,Published phone: 026 205 4249 ,http://rti.gov.lk/io-list/,
phone,pass,Published phone: 071 859 1520 ,http://rti.gov.lk/io-list/,
phone,pass,Published phone: 065 222 4151 ,http://rti.gov.lk/io-list/,
phone,pass,Published phone: 071 859 2637 ,http://rti.gov.lk/io-list/,
phone,pass,Published phone: 081-2388607 ,http://rti.gov.lk/io-list/,
phone,pass,Published phone: 011 267 9864 ,http://rti.gov.lk/io-list/,
phone,pass,Published phone: 071 859 1898 ,http://rti.gov.lk/io-list/,
phone,pass,Published phone: 071 243 2134 ,http://rti.gov.lk/io-list/,
phone,pass,Published phone: 011 258 4888 ,http://rti.gov.lk/io-list/,
phone,pass,Published phone: 071 988 8685 ,http://rti.gov.lk/io-list/,
phone,pass,Published phone: 011-2421454 ,http://rti.gov.lk/io-list/,
phone,pass,Published phone: 011 277 4481 ,http://rti.gov.lk/io-list/,
phone,pass,Published phone: 076 690 7062 ,http://rti.gov.lk/io-list/,
phone,pass,Published phone: 077 749 9371 ,http://rti.gov.lk/io-list/,
phone,pass,Published phone: 025 225 3125 ,http://rti.gov.lk/io-list/,
phone,pass,Published phone: 011-2435271 ,http://rti.gov.lk/io-list/,
phone,pass,Published phone: 077 288 4430 ,http://rti.gov.lk/io-list/,
phone,pass,Published phone: 071 497 6966 ,http://rti.gov.lk/io-list/,
phone,pass,Published phone: 011 269 3932 ,http://rti.gov.lk/io-list/,
phone,pass,Published phone: 077 216 1859 ,http://rti.gov.lk/io-list/,
phone,pass,Published phone: 077 209 6301 ,http://rti.gov.lk/io-list/,
phone,pass,Published phone: 071 862 0343 ,http://rti.gov.lk/io-list/,
phone,pass,Published phone: 011 269 5488 ,http://rti.gov.lk/io-list/,
phone,pass,Published phone: 077 646 3469 ,http://rti.gov.lk/io-list/,
phone,pass,Published phone: 011 286 5512 ,http://rti.gov.lk/io-list/,
phone,pass,Published phone: 011 287 7163 ,http://rti.gov.lk/io-list/,
phone,pass,Published phone: 067 222 9380 ,http://rti.gov.lk/io-list/,
phone,pass,Published phone: 067 205 5277 ,http://rti.gov.lk/io-list/,
phone,pass,Published phone: 071 419 9953 ,http://rti.gov.lk/io-list/,
phone,pass,Published phone: 037 228 1274 ,http://rti.gov.lk/io-list/,
phone,pass,Published phone: 035 226 7230 ,http://rti.gov.lk/io-list/,
phone,pass,Published phone: 011 223 6278 ,http://rti.gov.lk/io-list/,
phone,pass,Published phone: 077 716 2550 ,http://rti.gov.lk/io-list/,
phone,pass,Published phone: 011 348 4873 ,http://rti.gov.lk/io-list/,
phone,pass,Published phone: 02 071 312 77,http://rti.gov.lk/io-list/,
phone,pass,Published phone: 075 353 5835 ,http://rti.gov.lk/io-list/,
phone,pass,Published phone: 0 -124 456 -258 ,http://rti.gov.lk/io-list/,
phone,pass,Published phone: 0 -319 -155 -123 -,http://rti.gov.lk/io-list/,
phone,pass,Published phone: 011 388 8820 ,http://rti.gov.lk/io-list/,
phone,pass,Published phone: 00 011 268 51,http://rti.gov.lk/io-list/,
phone,pass,Published phone: 011 257 5312 ,http://rti.gov.lk/io-list/,
phone,pass,Published phone: 081 223 3004 ,http://rti.gov.lk/io-list/,
phone,pass,Published phone: 077 576 2618 ,http://rti.gov.lk/io-list/,
phone,pass,Published phone: 071 859 1145 ,http://rti.gov.lk/io-list/,
phone,pass,Published phone: 08 011 269 37,http://rti.gov.lk/io-list/,
phone,pass,Published phone: 081 238 8224 ,http://rti.gov.lk/io-list/,
phone,pass,Published phone: 063 225 0426 ,http://rti.gov.lk/io-list/,
phone,pass,Published phone: 021 205 9901 ,http://rti.gov.lk/io-list/,
phone,pass,Published phone: 0 011 244 949,http://rti.gov.lk/io-list/,
phone,pass,Published phone: 011 223 2940 ,http://rti.gov.lk/io-list/,
phone,pass,Published phone: 071 812 2712 ,http://rti.gov.lk/io-list/,
phone,pass,Published phone: 011-2802856 ,http://rti.gov.lk/io-list/,
phone,pass,Published phone: 01 011 244 63,http://rti.gov.lk/io-list/,
phone,pass,Published phone: 051 224 2155 ,http://rti.gov.lk/io-list/,
phone,pass,Published phone: 011 233 8432 ,http://rti.gov.lk/io-list/,
phone,pass,Published phone: 071 874 4922 ,http://rti.gov.lk/io-list/,
phone,pass,Published phone: 0 011 243 666,http://rti.gov.lk/io-list/,
phone,pass,Published phone: 01 011 248 48,http://rti.gov.lk/io-list/,
phone,pass,Published phone: 011 242 3986 ,http://rti.gov.lk/io-list/,
phone,pass,Published phone: 057 222 2527 ,http://rti.gov.lk/io-list/,
phone,pass,Published phone: 041 222 2305 ,http://rti.gov.lk/io-list/,
phone,pass,Published phone: 011 218 7102 ,http://rti.gov.lk/io-list/,
phone,pass,Published phone: 021 222 2235 ,http://rti.gov.lk/io-list/,
phone,pass,Published phone: 011 258 8127 ,http://rti.gov.lk/io-list/,
phone,pass,Published phone: 045 222 2833 ,http://rti.gov.lk/io-list/,
phone,pass,Published phone: 063 222 3619 ,http://rti.gov.lk/io-list/,
phone,pass,Published phone: 035 222 2121 ,http://rti.gov.lk/io-list/,
phone,pass,Published phone: 071 441 2191 ,http://rti.gov.lk/io-list/,
phone,pass,Published phone: 091 223 4125 ,http://rti.gov.lk/io-list/,
phone,pass,Published phone: 011 232 0758 ,http://rti.gov.lk/io-list/,
phone,pass,Published phone: 011 212 4018 ,http://rti.gov.lk/io-list/,
phone,pass,Published phone: 0 011 243 902,http://rti.gov.lk/io-list/,
phone,pass,Published phone: 071 859 2619 ,http://rti.gov.lk/io-list/,
phone,pass,Published phone: 052 225 9567 ,http://rti.gov.lk/io-list/,
phone,pass,Published phone: 07 011 255 49,http://rti.gov.lk/io-list/,
phone,pass,Published phone: 081-2394401 ,http://rti.gov.lk/io-list/,
phone,pass,Published phone: 041 222 2279 ,http://rti.gov.lk/io-list/,
phone,pass,Published phone: 011 242 4893 ,http://rti.gov.lk/io-list/,
phone,pass,Published phone: 07 011 268 89,http://rti.gov.lk/io-list/,
phone,pass,Published phone: 071 837 4258 ,http://rti.gov.lk/io-list/,
phone,pass,Published phone: 0 011 243 380,http://rti.gov.lk/io-list/,
phone,pass,Published phone: 070 210 8162 ,http://rti.gov.lk/io-list/,
phone,pass,Published phone: 081 237 6810 ,http://rti.gov.lk/io-list/,
phone,pass,Published phone: 047 223 0201 ,http://rti.gov.lk/io-list/,
phone,pass,Published phone: 066 222 6673 ,http://rti.gov.lk/io-list/,
phone,pass,Published phone: 071 597 1917 ,http://rti.gov.lk/io-list/,
phone,pass,Published phone: 037 226 0253 ,http://rti.gov.lk/io-list/,
phone,pass,Published phone: 077 739 2848 ,http://rti.gov.lk/io-list/,
phone,pass,Published phone: 025 226 4284 ,http://rti.gov.lk/io-list/,
phone,pass,Published phone: 034 224 7208 ,http://rti.gov.lk/io-list/,
phone,pass,Published phone: 011 280 6278 ,http://rti.gov.lk/io-list/,
phone,pass,Published phone: 011 280 8203 ,http://rti.gov.lk/io-list/,
phone,pass,Published phone: 066 222 6542 ,http://rti.gov.lk/io-list/,
phone,pass,Published phone: 071-4474510 ,http://rti.gov.lk/io-list/,
phone,pass,Published phone: 071 830 0336 ,http://rti.gov.lk/io-list/,
phone,pass,Published phone: 041 768 2231 ,http://rti.gov.lk/io-list/,
phone,pass,Published phone: 07 011 269 51,http://rti.gov.lk/io-list/,
phone,pass,Published phone: 0 14 -18 113 -40 ,http://rti.gov.lk/io-list/,
phone,pass,Published phone: 071 214 3835 ,http://rti.gov.lk/io-list/,
phone,pass,Published phone: 081 238 8044 ,http://rti.gov.lk/io-list/,
phone,pass,Published phone: 081 242 0471 ,http://rti.gov.lk/io-list/,
phone,pass,Published phone: 025 205 6706 ,http://rti.gov.lk/io-list/,
phone,pass,Published phone: 081 235 2854 ,http://rti.gov.lk/io-list/,
phone,pass,Published phone: 024 222 2311 ,http://rti.gov.lk/io-list/,
phone,pass,Published phone: 011 267 5653 ,http://rti.gov.lk/io-list/,
phone,pass,Published phone: 02 011 230 76,http://rti.gov.lk/io-list/,
phone,pass,Published phone: 011 234 0797 ,http://rti.gov.lk/io-list/,
phone,pass,Published phone: 025 227 5161 ,http://rti.gov.lk/io-list/,
phone,pass,Published phone: 01 011-71956,http://rti.gov.lk/io-list/,
phone,pass,Published phone: 071 805 9363 ,http://rti.gov.lk/io-list/,
phone,pass,Published phone: 025 227 6111 ,http://rti.gov.lk/io-list/,
phone,pass,Published phone: 071 033 5239 ,http://rti.gov.lk/io-list/,
phone,pass,Published phone: 071 796 3636 ,http://rti.gov.lk/io-list/,
phone,pass,Published phone: 076 585 9320 ,http://rti.gov.lk/io-list/,
phone,pass,Published phone: 071 846 7223 ,http://rti.gov.lk/io-list/,
phone,pass,Published phone: 081 238 8217 ,http://rti.gov.lk/io-list/,
phone,pass,Published phone: 011-2382492 ,http://rti.gov.lk/io-list/,
phone,pass,Published phone: 041 222 3167 ,http://rti.gov.lk/io-list/,
phone,pass,Published phone: 02 011 482 48,http://rti.gov.lk/io-list/,
phone,pass,Published phone: 011 269 3271 ,http://rti.gov.lk/io-list/,
phone,pass,Published phone: 03 011 254 45,http://rti.gov.lk/io-list/,
phone,pass,Published phone: 011 258 5287 ,http://rti.gov.lk/io-list/,
phone,pass,Published phone: 024 222 2197 ,http://rti.gov.lk/io-list/,
phone,pass,Published phone: 036 222 2308 ,http://rti.gov.lk/io-list/,
phone,pass,Published phone: 011 247 8396 ,http://rti.gov.lk/io-list/,
phone,pass,Published phone: 071 850 3288 ,http://rti.gov.lk/io-list/,
phone,pass,Published phone: 063 224 8007 ,http://rti.gov.lk/io-list/,
phone,pass,Published phone: 077 376 8655 ,http://rti.gov.lk/io-list/,
phone,pass,Published phone: 077 379 6378 ,http://rti.gov.lk/io-list/,
phone,pass,Published phone: 081 238 8246 ,http://rti.gov.lk/io-list/,
phone,pass,Published phone: 031 225 7391 ,http://rti.gov.lk/io-list/,
phone,pass,Published phone: 025 313 4111 ,http://rti.gov.lk/io-list/,
phone,pass,Published phone: 011 243 5271 ,http://rti.gov.lk/io-list/,
phone,pass,Published phone: 071 859 1854 ,http://rti.gov.lk/io-list/,
phone,pass,Published phone: 011 245 1963 ,http://rti.gov.lk/io-list/,
phone,pass,Published phone: 011 243 1349 ,http://rti.gov.lk/io-list/,
phone,pass,Published phone: 071 491 4045 ,http://rti.gov.lk/io-list/,
phone,pass,Published phone: 071 680 5681 ,http://rti.gov.lk/io-list/,
phone,pass,Published phone: 011 248 4830 ,http://rti.gov.lk/io-list/,
phone,pass,Published phone: 011 248 4855 ,http://rti.gov.lk/io-list/,
phone,pass,Published phone: 05 011 236 82,http://rti.gov.lk/io-list/,
phone,pass,Published phone: 071 840 0445 ,http://rti.gov.lk/io-list/,
phone,pass,Published phone: 091 223 2088 ,http://rti.gov.lk/io-list/,
phone,pass,Published phone: 081 231 6818 ,http://rti.gov.lk/io-list/,
phone,pass,Published phone: 011 233 3884 ,http://rti.gov.lk/io-list/,
phone,pass,Published phone: 0 033 232 052,http://rti.gov.lk/io-list/,
phone,pass,Published phone: 045 222 0627 ,http://rti.gov.lk/io-list/,
phone,pass,Published phone: 01 011 232 46,http://rti.gov.lk/io-list/,
phone,pass,Published phone: 071 195 5744 ,http://rti.gov.lk/io-list/,
phone,pass,Published phone: 06 731 -260 98 ,http://rti.gov.lk/io-list/,
phone,pass,Published phone: 011 288 9862 ,http://rti.gov.lk/io-list/,
phone,pass,Published phone: 07 071 086 37,http://rti.gov.lk/io-list/,
phone,pass,Published phone: 011 243 0270 ,http://rti.gov.lk/io-list/,
phone,pass,Published phone: 024 222 2286 ,http://rti.gov.lk/io-list/,
phone,pass,Published phone: 011 238 9150 ,http://rti.gov.lk/io-list/,
phone,pass,Published phone: 081 238 8363 ,http://rti.gov.lk/io-list/,
phone,pass,Published phone: 02 011 269 78,http://rti.gov.lk/io-list/,
phone,pass,Published phone: 071 859 1033 ,http://rti.gov.lk/io-list/,
phone,pass,Published phone: 011 291 1444 ,http://rti.gov.lk/io-list/,
phone,pass,Published phone: 071 818 7648 ,http://rti.gov.lk/io-list/,
phone,pass,Published phone: 052 222 3757 ,http://rti.gov.lk/io-list/,
phone,pass,Published phone: 045 222 2665 ,http://rti.gov.lk/io-list/,
phone,pass,Published phone: 071 859 1661 ,http://rti.gov.lk/io-list/,
phone,pass,Published phone: 011 247 3856 ,http://rti.gov.lk/io-list/,
phone,pass,Published phone: 071 859 1876 ,http://rti.gov.lk/io-list/,
phone,pass,Published phone: 04 011 248 48,http://rti.gov.lk/io-list/,
phone,pass,Published phone: 011 232 6317 ,http://rti.gov.lk/io-list/,
phone,pass,Published phone: 071 712 5545 ,http://rti.gov.lk/io-list/,
phone,pass,Published phone: 070 796 7969 ,http://rti.gov.lk/io-list/,
phone,pass,Published phone: 05 011 236 94,http://rti.gov.lk/io-list/,
phone,pass,Published phone: 03 011 242 68,http://rti.gov.lk/io-list/,
phone,pass,Published phone: 081 238 8754 ,http://rti.gov.lk/io-list/,
phone,pass,Published phone: 027 225 9077 ,http://rti.gov.lk/io-list/,
phone,pass,Published phone: 0 011 269 407,http://rti.gov.lk/io-list/,
phone,pass,Published phone: 05 011 268 53,http://rti.gov.lk/io-list/,
phone,pass,Published phone: 037 225 8561 ,http://rti.gov.lk/io-list/,
phone,pass,Published phone: 071 859 2147 ,http://rti.gov.lk/io-list/,
phone,pass,Published phone: 077 324 8794 ,http://rti.gov.lk/io-list/,
phone,pass,Published phone: 071 427 4384 ,http://rti.gov.lk/io-list/,
phone,pass,Published phone: 066 205 5087 ,http://rti.gov.lk/io-list/,
phone,pass,Published phone: 071 449 5442 ,http://rti.gov.lk/io-list/,
phone,pass,Published phone: 077 387 4740 ,http://rti.gov.lk/io-list/,
phone,pass,Published phone: 011 268 5958 ,http://rti.gov.lk/io-list/,
phone,pass,Published phone: 047 223 0489 ,http://rti.gov.lk/io-list/,
phone,pass,Published phone: 047 223 7070 ,http://rti.gov.lk/io-list/,
phone,pass,Published phone: 0 -16 -233 -242 -3,http://rti.gov.lk/io-list/,
phone,pass,Published phone: 077 479 8400 ,http://rti.gov.lk/io-list/,
phone,pass,Published phone: 011 242 6986 ,http://rti.gov.lk/io-list/,
phone,pass,Published phone: 077 200 8156 ,http://rti.gov.lk/io-list/,
phone,pass,Published phone: 011 257 2979 ,http://rti.gov.lk/io-list/,
phone,pass,Published phone: 026 205 1222 ,http://rti.gov.lk/io-list/,
phone,pass,Published phone: 071 859 1718 ,http://rti.gov.lk/io-list/,
phone,pass,Published phone: 038 223 2569 ,http://rti.gov.lk/io-list/,
phone,pass,Published phone: 071 719 6762 ,http://rti.gov.lk/io-list/,
phone,pass,Published phone: 081 23 88011 ,http://rti.gov.lk/io-list/,
phone,pass,Published phone: 071 876 6870 ,http://rti.gov.lk/io-list/,
phone,pass,Published phone: 071 441 4220 ,http://rti.gov.lk/io-list/,
phone,pass,Published phone: 02 011 238 22,http://rti.gov.lk/io-list/,
phone,pass,Published phone: 07 071 441 12,http://rti.gov.lk/io-list/,
phone,pass,Published phone: 0 011 267 313,http://rti.gov.lk/io-list/,
phone,pass,Published phone: 027 224 2256 ,http://rti.gov.lk/io-list/,
phone,pass,Published phone: 071 859 2655 ,http://rti.gov.lk/io-list/,
phone,pass,Published phone: 07 011 269 56,http://rti.gov.lk/io-list/,
phone,pass,Published phone: 02 011 269 22,http://rti.gov.lk/io-list/,
phone,pass,Published phone: 05 011 53 639,http://rti.gov.lk/io-list/,
phone,pass,Published phone: 072 445 3565 ,http://rti.gov.lk/io-list/,
phone,pass,Published phone: 0 011 244 065,http://rti.gov.lk/io-list/,
phone,pass,Published phone: 066 224 7223 ,http://rti.gov.lk/io-list/,
phone,pass,Published phone: 071 178 8205 ,http://rti.gov.lk/io-list/,
phone,pass,Published phone: 025 226 9538 ,http://rti.gov.lk/io-list/,
phone,pass,Published phone: 011 267 0350 ,http://rti.gov.lk/io-list/,
phone,pass,Published phone: 066 222 1280 ,http://rti.gov.lk/io-list/,
phone,pass,Published phone: 011 247 0066 ,http://rti.gov.lk/io-list/,
phone,pass,Published phone: 0 071 848 340,http://rti.gov.lk/io-list/,
phone,pass,Published phone: 011 248 4970 ,http://rti.gov.lk/io-list/,
phone,pass,Published phone: 011 232 0356 ,http://rti.gov.lk/io-list/,
phone,pass,Published phone: 055 227 6700 ,http://rti.gov.lk/io-list/,
phone,pass,Published phone: 0 202 137 225 ,http://rti.gov.lk/io-list/,
phone,pass,Published phone: 081 246 1190 ,http://rti.gov.lk/io-list/,
phone,pass,Published phone: 05 011 267 48,http://rti.gov.lk/io-list/,
phone,pass,Published phone: 011 269 4383 ,http://rti.gov.lk/io-list/,
phone,pass,Published phone: 081 237 4444 ,http://rti.gov.lk/io-list/,
phone,pass,Published phone: 077 173 0161 ,http://rti.gov.lk/io-list/,
phone,pass,Published phone: 071 229 5391 ,http://rti.gov.lk/io-list/,
phone,pass,Published phone: 025 320 0000 ,http://rti.gov.lk/io-list/,
phone,pass,Published phone: 035 222 2227 ,http://rti.gov.lk/io-list/,
phone,pass,Published phone: 034 223 7431 ,http://rti.gov.lk/io-list/,
phone,pass,Published phone: 01 011 232 48,http://rti.gov.lk/io-list/,
phone,pass,Published phone: 031 222 2888 ,http://rti.gov.lk/io-list/,
phone,pass,Published phone: 07 011-26886,http://rti.gov.lk/io-list/,
phone,pass,Published phone: 021 228 5501 ,http://rti.gov.lk/io-list/,
phone,pass,Published phone: 071 823 4868 ,http://rti.gov.lk/io-list/,
phone,pass,Published phone: 033 222 3539 ,http://rti.gov.lk/io-list/,
phone,pass,Published phone: 091 223 4380 ,http://rti.gov.lk/io-list/,
phone,pass,Published phone: 081 235 2273 ,http://rti.gov.lk/io-list/,
phone,pass,Published phone: 071 859 1079 ,http://rti.gov.lk/io-list/,
phone,pass,Published phone: 0 011 266 942,http://rti.gov.lk/io-list/,
phone,pass,Published phone: 055 225 7259 ,http://rti.gov.lk/io-list/,
phone,pass,Published phone: 021 229 0135 ,http://rti.gov.lk/io-list/,
phone,pass,Published phone: 063 222 4228 ,http://rti.gov.lk/io-list/,
phone,pass,Published phone: 011 247 2794 ,http://rti.gov.lk/io-list/,
phone,pass,Published phone: 011 247 1201 ,http://rti.gov.lk/io-list/,
phone,pass,Published phone: 02 011 233 65,http://rti.gov.lk/io-list/,
phone,pass,Published phone: 077 133 9977 ,http://rti.gov.lk/io-list/,
phone,pass,Published phone: 077 953 0841 ,http://rti.gov.lk/io-list/,
phone,pass,Published phone: 0 -96 -229 -47 -21,http://rti.gov.lk/io-list/,
phone,pass,Published phone: 071 859 1577 ,http://rti.gov.lk/io-list/,
phone,pass,Published phone: 025 222 3120 ,http://rti.gov.lk/io-list/,
phone,pass,Published phone: 036 222 2204 ,http://rti.gov.lk/io-list/,
phone,pass,Published phone: 011 269 8443 ,http://rti.gov.lk/io-list/,
phone,pass,Published phone: 047 224 0200 ,http://rti.gov.lk/io-list/,
phone,pass,Published phone: 011 269 4733 ,http://rti.gov.lk/io-list/,
phone,pass,Published phone: 011 235 8893 ,http://rti.gov.lk/io-list/,
phone,pass,Published phone: 071 813 1823 ,http://rti.gov.lk/io-list/,
phone,pass,Published phone: 0 011 242 360,http://rti.gov.lk/io-list/,
phone,pass,Published phone: 011 243 0233 ,http://rti.gov.lk/io-list/,
phone,pass,Published phone: 0 -58 -105 -190 -1,http://rti.gov.lk/io-list/,
phone,pass,Published phone: 07 011 269 16,http://rti.gov.lk/io-list/,
phone,pass,Published phone: 071 859 1980 ,http://rti.gov.lk/io-list/,
phone,pass,Published phone: 035 222 2483 ,http://rti.gov.lk/io-list/,
phone,pass,Published phone: 011 287 9080 ,http://rti.gov.lk/io-list/,
phone,pass,Published phone: 077-8339620 ,http://rti.gov.lk/io-list/,
phone,pass,Published phone: 011 243 2085 ,http://rti.gov.lk/io-list/,
phone,pass,Published phone: 065 222 8808 ,http://rti.gov.lk/io-list/,
phone,pass,Published phone: 0 077 310 899,http://rti.gov.lk/io-list/,
phone,pass,Published phone: 071 616 5056 ,http://rti.gov.lk/io-list/,
phone,pass,Published phone: 0 -263 -110 -324 -,http://rti.gov.lk/io-list/,
phone,pass,Published phone: 06 314 -532 46,http://rti.gov.lk/io-list/,
phone,pass,Published phone: 071 496 7220 ,http://rti.gov.lk/io-list/,
phone,pass,Published phone: 011-2853038 ,http://rti.gov.lk/io-list/,
phone,pass,Published phone: 038 223 2223 ,http://rti.gov.lk/io-list/,
phone,pass,Published phone: 041 227 3177 ,http://rti.gov.lk/io-list/,
phone,pass,Published phone: 071-4446860 ,http://rti.gov.lk/io-list/,
phone,pass,Published phone: 03 011 234 07,http://rti.gov.lk/io-list/,
phone,pass,Published phone: 026 222 2234 ,http://rti.gov.lk/io-list/,
phone,pass,Published phone: 011 237 5163 ,http://rti.gov.lk/io-list/,
phone,pass,Published phone: 025-3256349 ,http://rti.gov.lk/io-list/,
phone,pass,Published phone: 011 235 6856 ,http://rti.gov.lk/io-list/,
phone,pass,Published phone: 071 492 1267 ,http://rti.gov.lk/io-list/,
phone,pass,Published phone: 025 226 4238 ,http://rti.gov.lk/io-list/,
phone,pass,Published phone: 066 222 2550 ,http://rti.gov.lk/io-list/,
phone,pass,Published phone: 081 238 7404 ,http://rti.gov.lk/io-list/,
phone,pass,Published phone: 027 222 5334 ,http://rti.gov.lk/io-list/,
phone,pass,Published phone: 063 222 3478 ,http://rti.gov.lk/io-list/,
phone,pass,Published phone: 011-2437518 ,http://rti.gov.lk/io-list/,
phone,pass,Published phone: 011 239 1081 ,http://rti.gov.lk/io-list/,
phone,pass,Published phone: 071-8124965 ,http://rti.gov.lk/io-list/,
phone,pass,Published phone: 011 251 8926 ,http://rti.gov.lk/io-list/,
phone,pass,Published phone: 011 244 1147 ,http://rti.gov.lk/io-list/,
phone,pass,Published phone: 031 222 2799 ,http://rti.gov.lk/io-list/,
phone,pass,Published phone: 011 272 1479 ,http://rti.gov.lk/io-list/,
phone,pass,Published phone: 033 222 2047 ,http://rti.gov.lk/io-list/,
phone,pass,Published phone: 071 859 1928 ,http://rti.gov.lk/io-list/,
phone,pass,Published phone: 08 011 269 63,http://rti.gov.lk/io-list/,
phone,pass,Published phone: 076 631 7390 ,http://rti.gov.lk/io-list/,
phone,pass,Published phone: 076 070 2161,http://rti.gov.lk/io-list/,
phone,pass,Published phone: 081 205 0193 ,http://rti.gov.lk/io-list/,
phone,pass,Published phone: 052 222 2780 ,http://rti.gov.lk/io-list/,
phone,pass,Published phone: 011 214 7002 ,http://rti.gov.lk/io-list/,
phone,pass,Published phone: 071 321 3173 ,http://rti.gov.lk/io-list/,
phone,pass,Published phone: 070 370 4428 ,http://rti.gov.lk/io-list/,
phone,pass,Published phone: 077 797 1417 ,http://rti.gov.lk/io-list/,
phone,pass,Published phone: 077 900 7225 ,http://rti.gov.lk/io-list/,
phone,pass,Published phone: 011 296 0219 ,http://rti.gov.lk/io-list/,
phone,pass,Published phone: 071 859 1970 ,http://rti.gov.lk/io-list/,
phone,pass,Published phone: 026 226 4237 ,http://rti.gov.lk/io-list/,
phone,pass,Published phone: 071 859 1800 ,http://rti.gov.lk/io-list/,
phone,pass,Published phone: 071 465 6598 ,http://rti.gov.lk/io-list/,
phone,pass,Published phone: 011 243 6116 ,http://rti.gov.lk/io-list/,
phone,pass,Published phone: 045 222 2800 ,http://rti.gov.lk/io-list/,
phone,pass,Published phone: 07 011 258 88,http://rti.gov.lk/io-list/,
phone,pass,Published phone: 025 222 2656 ,http://rti.gov.lk/io-list/,
phone,pass,Published phone: 011 234 8716 ,http://rti.gov.lk/io-list/,
phone,pass,Published phone: 011 244 7943 ,http://rti.gov.lk/io-list/,
phone,pass,Published phone: 025-2236851 ,http://rti.gov.lk/io-list/,
phone,pass,Published phone: 071 811 7000 ,http://rti.gov.lk/io-list/,
phone,pass,Published phone: 075 183 0860 ,http://rti.gov.lk/io-list/,
phone,pass,Published phone: 077 358 8459 ,http://rti.gov.lk/io-list/,
phone,pass,Published phone: 071 713 4750 ,http://rti.gov.lk/io-list/,
phone,pass,Published phone: 071 859 1923 ,http://rti.gov.lk/io-list/,
phone,pass,Published phone: 077 349 3795 ,http://rti.gov.lk/io-list/,
phone,pass,Published phone: 067 228 0041 ,http://rti.gov.lk/io-list/,
phone,pass,Published phone: 047 225 6700 ,http://rti.gov.lk/io-list/,
phone,pass,Published phone: 081 222 2137 ,http://rti.gov.lk/io-list/,
phone,pass,Published phone: 071 859 2605 ,http://rti.gov.lk/io-list/,
phone,pass,Published phone: 011 287 7231 ,http://rti.gov.lk/io-list/,
phone,pass,Published phone: 023 222 2331 ,http://rti.gov.lk/io-list/,
phone,pass,Published phone: 024 222 3385 ,http://rti.gov.lk/io-list/,
phone,pass,Published phone: 011 269 2841 ,http://rti.gov.lk/io-list/,
phone,pass,Published phone: 025 235 5042 ,http://rti.gov.lk/io-list/,
phone,pass,Published phone: 011 268 6641 ,http://rti.gov.lk/io-list/,
phone,pass,Published phone: 041 223 4412 ,http://rti.gov.lk/io-list/,
phone,pass,Published phone: 025 222 2201 ,http://rti.gov.lk/io-list/,
phone,pass,Published phone: 071 688 7466 ,http://rti.gov.lk/io-list/,
phone,pass,Published phone: 047 222 7166 ,http://rti.gov.lk/io-list/,
phone,pass,Published phone: 077 776 0765 ,http://rti.gov.lk/io-list/,
phone,pass,Published phone: 077 836 2158 ,http://rti.gov.lk/io-list/,
phone,pass,Published phone: 011 258 7579 ,http://rti.gov.lk/io-list/,
phone,pass,Published phone: 011 269 6232 ,http://rti.gov.lk/io-list/,
phone,pass,Published phone: 07 011 237 09,http://rti.gov.lk/io-list/,
phone,pass,Published phone: 025 222 2319 ,http://rti.gov.lk/io-list/,
phone,pass,Published phone: 011 259 3737 ,http://rti.gov.lk/io-list/,
phone,pass,Published phone: 023 222 2289 ,http://rti.gov.lk/io-list/,
phone,pass,Published phone: 071 440 8165 ,http://rti.gov.lk/io-list/,
phone,pass,Published phone: 045 222 8982 ,http://rti.gov.lk/io-list/,
phone,pass,Published phone: 021 222 2333 ,http://rti.gov.lk/io-list/,
phone,pass,Published phone: 07 011 269 83,http://rti.gov.lk/io-list/,
phone,pass,Published phone: 066 368 6465 ,http://rti.gov.lk/io-list/,
phone,pass,Published phone: 076 098 1167 ,http://rti.gov.lk/io-list/,
phone,pass,Published phone: 0 123 61 2 0 -10 -,http://rti.gov.lk/io-list/,
phone,pass,Published phone: 071 859 2621 ,http://rti.gov.lk/io-list/,
phone,pass,Published phone: 041 2221052 ,http://rti.gov.lk/io-list/,
phone,pass,Published phone: 071 815 6803 ,http://rti.gov.lk/io-list/,
phone,pass,Published phone: 071 838 5956 ,http://rti.gov.lk/io-list/,
phone,pass,Published phone: 081 233 3004 ,http://rti.gov.lk/io-list/,
phone,pass,Published phone: 077 973 7189 ,http://rti.gov.lk/io-list/,
phone,pass,Published phone: 077 408 5434 ,http://rti.gov.lk/io-list/,
phone,pass,Published phone: 071 859 1747 ,http://rti.gov.lk/io-list/,
phone,pass,Published phone: 081 230 7131 ,http://rti.gov.lk/io-list/,
phone,pass,Published phone: 071 618 6077 ,http://rti.gov.lk/io-list/,
phone,pass,Published phone: 077 251 3683 ,http://rti.gov.lk/io-list/,
phone,pass,Published phone: 011 284 0582 ,http://rti.gov.lk/io-list/,
phone,pass,Published phone: 077 395 9439 ,http://rti.gov.lk/io-list/,
phone,pass,Published phone: 011 278 4815 ,http://rti.gov.lk/io-list/,
phone,pass,Published phone: 011 241 1284 ,http://rti.gov.lk/io-list/,
phone,pass,Published phone: 011 242 3374 ,http://rti.gov.lk/io-list/,
phone,pass,Published phone: 07 011 267 32,http://rti.gov.lk/io-list/,
phone,pass,Published phone: 0 011 269 225,http://rti.gov.lk/io-list/,
phone,pass,Published phone: 057 222 2350 ,http://rti.gov.lk/io-list/,
phone,pass,Published phone: 0 -42 -48 -48 -103 -,http://rti.gov.lk/io-list/,
phone,pass,Published phone: 077 779 5184 ,http://rti.gov.lk/io-list/,
phone,pass,Published phone: 071 448 4165 ,http://rti.gov.lk/io-list/,
phone,pass,Published phone: 031 222 1285 ,http://rti.gov.lk/io-list/,
phone,pass,Published phone: 0 011 263 931,http://rti.gov.lk/io-list/,
phone,pass,Published phone: 011 460 7018 ,http://rti.gov.lk/io-list/,
phone,pass,Published phone: 065 224 8899 ,http://rti.gov.lk/io-list/,
phone,pass,Published phone: 025 226 9104 ,http://rti.gov.lk/io-list/,
phone,pass,Published phone: 081 221 1166 ,http://rti.gov.lk/io-list/,
phone,pass,Published phone: 032 226 5963 ,http://rti.gov.lk/io-list/,
phone,pass,Published phone: 071 440 5503 ,http://rti.gov.lk/io-list/,
phone,pass,Published phone: 011 298 4099 ,http://rti.gov.lk/io-list/,
phone,pass,Published phone: 011 242 1277 ,http://rti.gov.lk/io-list/,
phone,pass,Published phone: 037 397 3151 ,http://rti.gov.lk/io-list/,
phone,pass,Published phone: 045 222 2228 ,http://rti.gov.lk/io-list/,
phone,pass,Published phone: 071-6984333 ,http://rti.gov.lk/io-list/,
phone,pass,Published phone: 071 444 1559 ,http://rti.gov.lk/io-list/,
phone,pass,Published phone: 011 289 2996 ,http://rti.gov.lk/io-list/,
phone,pass,Published phone: 011 250 2332 ,http://rti.gov.lk/io-list/,
phone,pass,Published phone: 011 260 7002 ,http://rti.gov.lk/io-list/,
phone,pass,Published phone: 011-2437507 ,http://rti.gov.lk/io-list/,
phone,pass,Published phone: 077-7788190 ,http://rti.gov.lk/io-list/,
phone,pass,Published phone: 071 859 1589 ,http://rti.gov.lk/io-list/,
phone,pass,Published phone: 036 222 2523 ,http://rti.gov.lk/io-list/,
phone,pass,Published phone: 070 749 2105 ,http://rti.gov.lk/io-list/,
phone,pass,Published phone: 075 989 8037 ,http://rti.gov.lk/io-list/,
phone,pass,Published phone: 011 224 3880 ,http://rti.gov.lk/io-list/,
phone,pass,Published phone: 0 011 269 367,http://rti.gov.lk/io-list/,
phone,pass,Published phone: 011 287 8792 ,http://rti.gov.lk/io-list/,
phone,pass,Published phone: 081 375 3460 ,http://rti.gov.lk/io-list/,
phone,pass,Published phone: 0 011 267 254,http://rti.gov.lk/io-list/,
phone,pass,Published phone: 011 243 9534 ,http://rti.gov.lk/io-list/,
phone,pass,Published phone: 011 218 7003 ,http://rti.gov.lk/io-list/,
phone,pass,Published phone: 011 233 5647 ,http://rti.gov.lk/io-list/,
phone,pass,Published phone: 055 227 6123 ,http://rti.gov.lk/io-list/,
phone,pass,Published phone: 077 789 1488 ,http://rti.gov.lk/io-list/,
phone,pass,Published phone: 071 553 5314 ,http://rti.gov.lk/io-list/,
phone,pass,Published phone: 035 222 0335 ,http://rti.gov.lk/io-list/,
phone,pass,Published phone: 063 222 3858 ,http://rti.gov.lk/io-list/,
phone,pass,Published phone: 0 071 773 876,http://rti.gov.lk/io-list/,
phone,pass,Published phone: 011 230 7602 ,http://rti.gov.lk/io-list/,
phone,pass,Published phone: 071 042 2203 ,http://rti.gov.lk/io-list/,
phone,pass,Published phone: 011 287 4565 ,http://rti.gov.lk/io-list/,
phone,pass,Published phone: 032 225 4388 ,http://rti.gov.lk/io-list/,
phone,pass,Published phone: 077 177 5650 ,http://rti.gov.lk/io-list/,
phone,pass,Published phone: 081 223 3793 ,http://rti.gov.lk/io-list/,
phone,pass,Published phone: 011 284 4357 ,http://rti.gov.lk/io-list/,
phone,pass,Published phone: 055 222 2424 ,http://rti.gov.lk/io-list/,
phone,pass,Published phone: 081 238 8268 ,http://rti.gov.lk/io-list/,
phone,pass,Published phone: 091 224 7874 ,http://rti.gov.lk/io-list/,
phone,pass,Published phone: 011 215 1419 ,http://rti.gov.lk/io-list/,
phone,pass,Published phone: 055 355 3476 ,http://rti.gov.lk/io-list/,
phone,pass,Published phone: 0 -80 34 0 48 6 7,http://rti.gov.lk/io-list/,
phone,pass,Published phone: 01 011 248 49,http://rti.gov.lk/io-list/,
phone,pass,Published phone: 05 011 269 22,http://rti.gov.lk/io-list/,
phone,pass,Published phone: 011 258 1971 ,http://rti.gov.lk/io-list/,
phone,pass,Published phone: 05 011 210 77,http://rti.gov.lk/io-list/,
phone,pass,Published phone: 011 288 5358 ,http://rti.gov.lk/io-list/,
phone,pass,Published phone: 011 239 5224 ,http://rti.gov.lk/io-list/,
phone,pass,Published phone: 01 011 214 38,http://rti.gov.lk/io-list/,
phone,pass,Published phone: 011 288 7445 ,http://rti.gov.lk/io-list/,
phone,pass,Published phone: 091 223 4028 ,http://rti.gov.lk/io-list/,
phone,pass,Published phone: 071 410 3415 ,http://rti.gov.lk/io-list/,
phone,pass,Published phone: 011 288 9864 ,http://rti.gov.lk/io-list/,
phone,pass,Published phone: 071 993 7822 ,http://rti.gov.lk/io-list/,
phone,pass,Published phone: 011 575 7539 ,http://rti.gov.lk/io-list/,
phone,pass,Published phone: 011 247 0065 ,http://rti.gov.lk/io-list/,
phone,pass,Published phone: 052 222 2238 ,http://rti.gov.lk/io-list/,
phone,pass,Published phone: 071 644 9456 ,http://rti.gov.lk/io-list/,
phone,pass,Published phone: 011 232 0042 ,http://rti.gov.lk/io-list/,
phone,pass,Published phone: 071 440 0565 ,http://rti.gov.lk/io-list/,
phone,pass,Published phone: 0 011 242 233,http://rti.gov.lk/io-list/,
phone,pass,Published phone: 011-2583810 ,http://rti.gov.lk/io-list/,
phone,pass,Published phone: 065 222 4364 ,http://rti.gov.lk/io-list/,
phone,pass,Published phone: 071 442 4319 ,http://rti.gov.lk/io-list/,
phone,pass,Published phone: 065 205 9356 ,http://rti.gov.lk/io-list/,
phone,pass,Published phone: 034 223 7433 ,http://rti.gov.lk/io-list/,
phone,pass,Published phone: 025 222 2437 ,http://rti.gov.lk/io-list/,
phone,pass,Published phone: 011 218 6023 ,http://rti.gov.lk/io-list/,
phone,pass,Published phone: 05 011 237 00,http://rti.gov.lk/io-list/,
phone,pass,Published phone: 011 267 4787 ,http://rti.gov.lk/io-list/,
phone,pass,Published phone: 03 122 121 25,http://rti.gov.lk/io-list/,
phone,pass,Published phone: 071 818 2777 ,http://rti.gov.lk/io-list/,
phone,pass,Published phone: 021 222 4957 ,http://rti.gov.lk/io-list/,
phone,pass,Published phone: 027 222 2223 ,http://rti.gov.lk/io-list/,
phone,pass,Published phone: 071 859 2097 ,http://rti.gov.lk/io-list/,
phone,pass,Published phone: 071 856 3998 ,http://rti.gov.lk/io-list/,
phone,pass,Published phone: 011 243 3092 ,http://rti.gov.lk/io-list/,
phone,pass,Published phone: 011 279 7479 ,http://rti.gov.lk/io-list/,
phone,pass,Published phone: 071 859 1850 ,http://rti.gov.lk/io-list/,
phone,pass,Published phone: 0 071 534 911,http://rti.gov.lk/io-list/,
phone,pass,Published phone: 011 252 2217 ,http://rti.gov.lk/io-list/,
phone,pass,Published phone: 02 011 232 97,http://rti.gov.lk/io-list/,
phone,pass,Published phone: 0 011 267 648,http://rti.gov.lk/io-list/,
phone,pass,Published phone: 077 758 9752 ,http://rti.gov.lk/io-list/,
phone,pass,Published phone: 011-2302183 ,http://rti.gov.lk/io-list/,
phone,pass,Published phone: 011 258 7826 ,http://rti.gov.lk/io-list/,
phone,pass,Published phone: 033 222 2214 ,http://rti.gov.lk/io-list/,
phone,pass,Published phone: 05 011 258 85,http://rti.gov.lk/io-list/,
phone,pass,Published phone: 0810 081 247 ,http://rti.gov.lk/io-list/,
phone,pass,Published phone: 035 222 2570 ,http://rti.gov.lk/io-list/,
phone,pass,Published phone: 025 222 2305 ,http://rti.gov.lk/io-list/,
phone,pass,Published phone: 027 222 5578 ,http://rti.gov.lk/io-list/,
phone,pass,Published phone: 011 268 7491 ,http://rti.gov.lk/io-list/,
phone,pass,Published phone: 011 213 6653 ,http://rti.gov.lk/io-list/,
phone,pass,Published phone: 025 222 5616 ,http://rti.gov.lk/io-list/,
phone,pass,Published phone: 081 223 3427 ,http://rti.gov.lk/io-list/,
phone,pass,Published phone: 05 011 269 29,http://rti.gov.lk/io-list/,
phone,pass,Published phone: 081 238 4551 ,http://rti.gov.lk/io-list/,
phone,pass,Published phone: 011 288 4612 ,http://rti.gov.lk/io-list/,
phone,pass,Published phone: 0 011 267 326,http://rti.gov.lk/io-list/,
phone,pass,Published phone: 071 859 1340 ,http://rti.gov.lk/io-list/,
phone,pass,Published phone: 021 222 9878 ,http://rti.gov.lk/io-list/,
phone,pass,Published phone: 011-2441452 ,http://rti.gov.lk/io-list/,
phone,pass,Published phone: 07 132 -981 25 -,http://rti.gov.lk/io-list/,
phone,pass,Published phone: 03 011 772 28,http://rti.gov.lk/io-list/,
phone,pass,Published phone: 021 223 0013 ,http://rti.gov.lk/io-list/,
phone,pass,Published phone: 071 859 2652 ,http://rti.gov.lk/io-list/,
phone,pass,Published phone: 011 253 9738 ,http://rti.gov.lk/io-list/,
phone,pass,Published phone: 0934 071 859 ,http://rti.gov.lk/io-list/,
phone,pass,Published phone: 025 225 5073 ,http://rti.gov.lk/io-list/,
phone,pass,Published phone: 0 011 269 689,http://rti.gov.lk/io-list/,
phone,pass,Published phone: 081 238 7379 ,http://rti.gov.lk/io-list/,
phone,pass,Published phone: 071 315 0315 ,http://rti.gov.lk/io-list/,
phone,pass,Published phone: 035 205 0280 ,http://rti.gov.lk/io-list/,
phone,pass,Published phone: 081 222 5394 ,http://rti.gov.lk/io-list/,
phone,pass,Published phone: 091 223 4228 ,http://rti.gov.lk/io-list/,
phone,pass,Published phone: 071 446 6743 ,http://rti.gov.lk/io-list/,
phone,pass,Published phone: 071 449 5445 ,http://rti.gov.lk/io-list/,
phone,pass,Published phone: 071-9629553 ,http://rti.gov.lk/io-list/,
phone,pass,Published phone: 071 688 9193 ,http://rti.gov.lk/io-list/,
phone,pass,Published phone: 011 295 926 0,http://rti.gov.lk/io-list/,
phone,pass,Published phone: 041 225 0261 ,http://rti.gov.lk/io-list/,
phone,pass,Published phone: 011 203 4300 ,http://rti.gov.lk/io-list/,
phone,pass,Published phone: 067 205 6885 ,http://rti.gov.lk/io-list/,
phone,pass,Published phone: 077 991 7513 ,http://rti.gov.lk/io-list/,
phone,pass,Published phone: 04 -326 360 -67 ,http://rti.gov.lk/io-list/,
phone,pass,Published phone: 0 16 31 87 366 ,http://rti.gov.lk/io-list/,
phone,pass,Published phone: 027 225 9030 ,http://rti.gov.lk/io-list/,
phone,pass,Published phone: 01 011 232 02,http://rti.gov.lk/io-list/,
phone,pass,Published phone: 065 205 6919 ,http://rti.gov.lk/io-list/,
phone,pass,Published phone: 071 844 7839 ,http://rti.gov.lk/io-list/,
phone,pass,Published phone: 011 242 2681 ,http://rti.gov.lk/io-list/,
phone,pass,Published phone: 026 223 4516 ,http://rti.gov.lk/io-list/,
phone,pass,Published phone: 076 968 9123 ,http://rti.gov.lk/io-list/,
phone,pass,Published phone: 081-2396201 ,http://rti.gov.lk/io-list/,
phone,pass,Published phone: 025 224 5601 ,http://rti.gov.lk/io-list/,
phone,pass,Published phone: 0 011 211 274,http://rti.gov.lk/io-list/,
phone,pass,Published phone: 071 815 4286 ,http://rti.gov.lk/io-list/,
phone,pass,Published phone: 037-2281392 ,http://rti.gov.lk/io-list/,
phone,pass,Published phone: 02 011 244 03,http://rti.gov.lk/io-list/,
phone,pass,Published phone: 027 222 2328 ,http://rti.gov.lk/io-list/,
phone,pass,Published phone: 076 690 4804 ,http://rti.gov.lk/io-list/,
phone,pass,Published phone: 047 224 3373 ,http://rti.gov.lk/io-list/,
phone,pass,Published phone: 037 222 2746 ,http://rti.gov.lk/io-list/,
phone,pass,Published phone: 076 615 7878 ,http://rti.gov.lk/io-list/,
phone,pass,Published phone: 045 222 2935 ,http://rti.gov.lk/io-list/,
phone,pass,Published phone: 065 205 1716 ,http://rti.gov.lk/io-list/,
phone,pass,Published phone: 07 011 255 43,http://rti.gov.lk/io-list/,
phone,pass,Published phone: 063 222 2141 ,http://rti.gov.lk/io-list/,
phone,pass,Published phone: 071 116 3248 ,http://rti.gov.lk/io-list/,
phone,pass,Published phone: 0 011 267 496,http://rti.gov.lk/io-list/,
phone,pass,Published phone: 011 244 5146 ,http://rti.gov.lk/io-list/,
phone,pass,Published phone: 071 819 1975 ,http://rti.gov.lk/io-list/,
phone,pass,Published phone: 072 971 0486 ,http://rti.gov.lk/io-list/,
phone,pass,Published phone: 011 244 9496 ,http://rti.gov.lk/io-list/,
phone,pass,Published phone: 09 011 267 46,http://rti.gov.lk/io-list/,
phone,pass,Published phone: 071 884 1840 ,http://rti.gov.lk/io-list/,
phone,pass,Published phone: 05 011 269 81,http://rti.gov.lk/io-list/,
phone,pass,Published phone: 081-2068362 ,http://rti.gov.lk/io-list/,
phone,pass,Published phone: 011 236 8299 ,http://rti.gov.lk/io-list/,
phone,pass,Published phone: 05 011 574 63,http://rti.gov.lk/io-list/,
phone,pass,Published phone: 07 011 315 96,http://rti.gov.lk/io-list/,
phone,pass,Published phone: 00 011 215 14,http://rti.gov.lk/io-list/,
phone,pass,Published phone: 066 224 6298 ,http://rti.gov.lk/io-list/,
phone,pass,Published phone: 011 218 6076 ,http://rti.gov.lk/io-list/,
phone,pass,Published phone: 021 222 2233 ,http://rti.gov.lk/io-list/,
phone,pass,Published phone: 01 011 460 70,http://rti.gov.lk/io-list/,
phone,pass,Published phone: 011 232 8366 ,http://rti.gov.lk/io-list/,
phone,pass,Published phone: 06 011 267 67,http://rti.gov.lk/io-list/,
phone,pass,Published phone: 075 096 4272 ,http://rti.gov.lk/io-list/,
phone,pass,Published phone: 071 153 5836 ,http://rti.gov.lk/io-list/,
phone,pass,Published phone: 011 269 8311 ,http://rti.gov.lk/io-list/,
phone,pass,Published phone: 011 287 9541 ,http://rti.gov.lk/io-list/,
phone,pass,Published phone: 077 752 0814 ,http://rti.gov.lk/io-list/,
phone,pass,Published phone: 071 511 3424 ,http://rti.gov.lk/io-list/,
phone,pass,Published phone: 01 011 248 45,http://rti.gov.lk/io-list/,
phone,pass,Published phone: 066 228 4738 ,http://rti.gov.lk/io-list/,
phone,pass,Published phone: 026 222 2189 ,http://rti.gov.lk/io-list/,
phone,pass,Published phone: 055 227 6013 ,http://rti.gov.lk/io-list/,
phone,pass,Published phone: 011 258 3535 ,http://rti.gov.lk/io-list/,
phone,pass,Published phone: 03 011 237 21,http://rti.gov.lk/io-list/,
phone,pass,Published phone: 011 232 5311 ,http://rti.gov.lk/io-list/,
phone,pass,Published phone: 01 011 235 43,http://rti.gov.lk/io-list/,
phone,pass,Published phone: 081 238 8031 ,http://rti.gov.lk/io-list/,
phone,pass,Published phone: 011 278 6493 ,http://rti.gov.lk/io-list/,
phone,pass,Published phone: 011 232 4984 ,http://rti.gov.lk/io-list/,
phone,pass,Published phone: 071 583 4650 ,http://rti.gov.lk/io-list/,
phone,pass,Published phone: 011 277 8622 ,http://rti.gov.lk/io-list/,
phone,pass,Published phone: 055 222 2312 ,http://rti.gov.lk/io-list/,
phone,pass,Published phone: 077 725 4064 ,http://rti.gov.lk/io-list/,
phone,pass,Published phone: 026 205 4355 ,http://rti.gov.lk/io-list/,
phone,pass,Published phone: 076 903 1144 ,http://rti.gov.lk/io-list/,
phone,pass,Published phone: 011 287 3799 ,http://rti.gov.lk/io-list/,
phone,pass,Published phone: 0 -38 163 -166 3,http://rti.gov.lk/io-list/,
phone,pass,Published phone: 032 226 5246 ,http://rti.gov.lk/io-list/,
phone,pass,Published phone: 05 011 251 33,http://rti.gov.lk/io-list/,
phone,pass,Published phone: 07 011 269 32,http://rti.gov.lk/io-list/,
phone,pass,Published phone: 055 305 1718 ,http://rti.gov.lk/io-list/,
phone,pass,Published phone: 011 257 8276 ,http://rti.gov.lk/io-list/,
phone,pass,Published phone: 025 222 2266 ,http://rti.gov.lk/io-list/,
phone,pass,Published phone: 011 286 7947 ,http://rti.gov.lk/io-list/,
phone,pass,Published phone: 011 214 7026 ,http://rti.gov.lk/io-list/,
phone,pass,Published phone: 071-6814708 ,http://rti.gov.lk/io-list/,
phone,pass,Published phone: 011 218 6025 ,http://rti.gov.lk/io-list/,
phone,pass,Published phone: 077 711 0673 ,http://rti.gov.lk/io-list/,
phone,pass,Published phone: 021 225 1225 ,http://rti.gov.lk/io-list/,
phone,pass,Published phone: 011 235 2752 ,http://rti.gov.lk/io-list/,
phone,pass,Published phone: 011 243 5082 ,http://rti.gov.lk/io-list/,
phone,pass,Published phone: 04 011 250 74,http://rti.gov.lk/io-list/,
phone,pass,Published phone: 011 586 4909 ,http://rti.gov.lk/io-list/,
phone,pass,Published phone: 05 011 233 25,http://rti.gov.lk/io-list/,
phone,pass,Published phone: 011 277 7448 ,http://rti.gov.lk/io-list/,
phone,pass,Published phone: 02 011 239 52,http://rti.gov.lk/io-list/,
phone,pass,Published phone: 077 353 6302 ,http://rti.gov.lk/io-list/,
phone,pass,Published phone: 078 889 2193 ,http://rti.gov.lk/io-list/,
phone,pass,Published phone: 03 011 258 60,http://rti.gov.lk/io-list/,
phone,pass,Published phone: 011 281 5316 ,http://rti.gov.lk/io-list/,
phone,pass,Published phone: 037 228 1930 ,http://rti.gov.lk/io-list/,
phone,pass,Published phone: 081 237 4384 ,http://rti.gov.lk/io-list/,
phone,pass,Published phone: 05 011 258 86,http://rti.gov.lk/io-list/,
phone,pass,Published phone: 081 235 2474 ,http://rti.gov.lk/io-list/,
phone,pass,Published phone: 0 071 248 257,http://rti.gov.lk/io-list/,
phone,pass,Published phone: 07 011 268 13,http://rti.gov.lk/io-list/,
phone,pass,Published phone: 081 238 8206 ,http://rti.gov.lk/io-list/,
phone,pass,Published phone: 07 011 266 62,http://rti.gov.lk/io-list/,
phone,pass,Published phone: 071 562 4866 ,http://rti.gov.lk/io-list/,
phone,pass,Published phone: 077 725 1233 ,http://rti.gov.lk/io-list/,
phone,pass,Published phone: 071 859 1551 ,http://rti.gov.lk/io-list/,
phone,pass,Published phone: 04 011 250 55,http://rti.gov.lk/io-list/,
phone,pass,Published phone: 071 859 2651 ,http://rti.gov.lk/io-list/,
phone,pass,Published phone: 08 011 269 52,http://rti.gov.lk/io-list/,
phone,pass,Published phone: 071 033 5240 ,http://rti.gov.lk/io-list/,
phone,pass,Published phone: 021 224 2356 ,http://rti.gov.lk/io-list/,
phone,pass,Published phone: 081-2395707 ,http://rti.gov.lk/io-list/,
phone,pass,Published phone: 057 226 8009 ,http://rti.gov.lk/io-list/,
phone,pass,Published phone: 011 244 8740 ,http://rti.gov.lk/io-list/,
phone,pass,Published phone: 081 222 2143 ,http://rti.gov.lk/io-list/,
phone,pass,Published phone: 076 268 0152 ,http://rti.gov.lk/io-list/,
phone,pass,Published phone: 05 011 267 67,http://rti.gov.lk/io-list/,
phone,pass,Published phone: 081 246 4199 ,http://rti.gov.lk/io-list/,
phone,pass,Published phone: 041-2260267 ,http://rti.gov.lk/io-list/,
phone,pass,Published phone: 021 222 7502 ,http://rti.gov.lk/io-list/,
phone,pass,Published phone: 021 222 2260 ,http://rti.gov.lk/io-list/,
phone,pass,Published phone: 071 553 1865 ,http://rti.gov.lk/io-list/,
phone,pass,Published phone: 024 222 7438 ,http://rti.gov.lk/io-list/,
phone,pass,Published phone: 055 222 2212 ,http://rti.gov.lk/io-list/,
phone,pass,Published phone: 037 222 3919 ,http://rti.gov.lk/io-list/,
phone,pass,Published phone: 08 011 269 33,http://rti.gov.lk/io-list/,
phone,pass,Published phone: 00 011 267 47,http://rti.gov.lk/io-list/,
phone,pass,Published phone: 067 227 7519 ,http://rti.gov.lk/io-list/,
phone,pass,Published phone: 063 205 1892 ,http://rti.gov.lk/io-list/,
phone,pass,Published phone: 081 223 9241 ,http://rti.gov.lk/io-list/,
phone,pass,Published phone: 091 223 2061 ,http://rti.gov.lk/io-list/,
phone,pass,Published phone: 011 286 6460 ,http://rti.gov.lk/io-list/,
phone,pass,Published phone: 011 278 6753 ,http://rti.gov.lk/io-list/,
phone,pass,Published phone: 063 222 2227 ,http://rti.gov.lk/io-list/,
phone,pass,Published phone: 055 223 1510 ,http://rti.gov.lk/io-list/,
phone,pass,Published phone: 011 260 7003 ,http://rti.gov.lk/io-list/,
phone,pass,Published phone: 077 332 0255 ,http://rti.gov.lk/io-list/,
phone,pass,Published phone: 06 011 267 35,http://rti.gov.lk/io-list/,
phone,pass,Published phone: 011 243 7953 ,http://rti.gov.lk/io-list/,
phone,pass,Published phone: 071 812 1884 ,http://rti.gov.lk/io-list/,
phone,pass,Published phone: 081 238 1402 ,http://rti.gov.lk/io-list/,
phone,pass,Published phone: 011 255 3144 ,http://rti.gov.lk/io-list/,
phone,pass,Published phone: 01 011 239 46,http://rti.gov.lk/io-list/,
phone,pass,Published phone: 023 224 9132 ,http://rti.gov.lk/io-list/,
phone,pass,Published phone: 052 227 8156 ,http://rti.gov.lk/io-list/,
phone,pass,Published phone: 077 225 5741 ,http://rti.gov.lk/io-list/,
phone,pass,Published phone: 081 247 5746 ,http://rti.gov.lk/io-list/,
phone,pass,Published phone: 034 222 2645 ,http://rti.gov.lk/io-list/,
phone,pass,Published phone: 011 287 5830 ,http://rti.gov.lk/io-list/,
phone,pass,Published phone: 081 237 4077 ,http://rti.gov.lk/io-list/,
phone,pass,Published phone: 011 288 6583 ,http://rti.gov.lk/io-list/,
phone,pass,Published phone: 07 011 267 60,http://rti.gov.lk/io-list/,
phone,pass,Published phone: 011 250 2611 ,http://rti.gov.lk/io-list/,
phone,pass,Published phone: 011 243 2524 ,http://rti.gov.lk/io-list/,
phone,pass,Published phone: 071 485 6771 ,http://rti.gov.lk/io-list/,
phone,pass,Published phone: 011 280 6833 ,http://rti.gov.lk/io-list/,
phone,pass,Published phone: 071 859 1374 ,http://rti.gov.lk/io-list/,
phone,pass,Published phone: 065-2240580 ,http://rti.gov.lk/io-list/,
phone,pass,Published phone: 07 075 691 27,http://rti.gov.lk/io-list/,
phone,pass,Published phone: 077 190 8018 ,http://rti.gov.lk/io-list/,
phone,pass,Published phone: 027 224 5622 ,http://rti.gov.lk/io-list/,
phone,pass,Published phone: 011 281 2796 ,http://rti.gov.lk/io-list/,
phone,pass,Published phone: 071 800 5608 ,http://rti.gov.lk/io-list/,
phone,pass,Published phone: 071-8072759 ,http://rti.gov.lk/io-list/,
phone,pass,Published phone: 024 222 2372 ,http://rti.gov.lk/io-list/,
phone,pass,Published phone: 08 97 206 80 1,http://rti.gov.lk/io-list/,
phone,pass,Published phone: 05 011 269 37,http://rti.gov.lk/io-list/,
phone,pass,Published phone: 08 011 237 98,http://rti.gov.lk/io-list/,
phone,pass,Published phone: 071 448 6633 ,http://rti.gov.lk/io-list/,
phone,pass,Published phone: 0 011 267 468,http://rti.gov.lk/io-list/,
phone,pass,Published phone: 011 284 2051 ,http://rti.gov.lk/io-list/,
phone,pass,Published phone: 071-3948828 ,http://rti.gov.lk/io-list/,
phone,pass,Published phone: 011 033 5229 ,http://rti.gov.lk/io-list/,
phone,pass,Published phone: 037 222 3766 ,http://rti.gov.lk/io-list/,
phone,pass,Published phone: 011 238 7805 ,http://rti.gov.lk/io-list/,
phone,pass,Published phone: 07 990 -497 24,http://rti.gov.lk/io-list/,
phone,pass,Published phone: 071 859 2600 ,http://rti.gov.lk/io-list/,
phone,pass,Published phone: 026 222 0070 ,http://rti.gov.lk/io-list/,
phone,pass,Published phone: 07 011 269 12,http://rti.gov.lk/io-list/,
phone,pass,Published phone: 077 385 1245 ,http://rti.gov.lk/io-list/,
phone,pass,Published phone: 05 011 258 27,http://rti.gov.lk/io-list/,
phone,pass,Published phone: 0120 011 287 ,http://rti.gov.lk/io-list/,
phone,pass,Published phone: 011 278 4814 ,http://rti.gov.lk/io-list/,
phone,pass,Published phone: 07 011 266 77,http://rti.gov.lk/io-list/,
phone,pass,Published phone: 011 284 3091 ,http://rti.gov.lk/io-list/,
phone,pass,Published phone: 071 686 2797 ,http://rti.gov.lk/io-list/,
phone,pass,Published phone: 071 825 3705 ,http://rti.gov.lk/io-list/,
phone,pass,Published phone: 071 859 1848 ,http://rti.gov.lk/io-list/,
phone,pass,Published phone: 0 011 239 938,http://rti.gov.lk/io-list/,
phone,pass,Published phone: 081 235 2236 ,http://rti.gov.lk/io-list/,
phone,pass,Published phone: 077 726 0760 ,http://rti.gov.lk/io-list/,
phone,pass,Published phone: 071 434 7660 ,http://rti.gov.lk/io-list/,
phone,pass,Published phone: 011 232 8370 ,http://rti.gov.lk/io-list/,
phone,pass,Published phone: 0 011 234 889,http://rti.gov.lk/io-list/,
phone,pass,Published phone: 057 222 9004 ,http://rti.gov.lk/io-list/,
phone,pass,Published phone: 05 011-23347,http://rti.gov.lk/io-list/,
phone,pass,Published phone: 011 388 8861 ,http://rti.gov.lk/io-list/,
phone,pass,Published phone: 025 222 2662 ,http://rti.gov.lk/io-list/,
phone,pass,Published phone: 041 228 2202 ,http://rti.gov.lk/io-list/,
phone,pass,Published phone: 0 011 267 999,http://rti.gov.lk/io-list/,
phone,pass,Published phone: 071 713 1038 ,http://rti.gov.lk/io-list/,
phone,pass,Published phone: 0 011 269 171,http://rti.gov.lk/io-list/,
phone,pass,Published phone: 07 071 442 46,http://rti.gov.lk/io-list/,
phone,pass,Published phone: 011 285 4899 ,http://rti.gov.lk/io-list/,
phone,pass,Published phone: 071 859 1935 ,http://rti.gov.lk/io-list/,
phone,pass,Published phone: 0812 388 315 ,http://rti.gov.lk/io-list/,
phone,pass,Published phone: 033 205 0991 ,http://rti.gov.lk/io-list/,
phone,pass,Published phone: 081 257 5236 ,http://rti.gov.lk/io-list/,
phone,pass,Published phone: 091 494 1546 ,http://rti.gov.lk/io-list/,
phone,pass,Published phone: 021 221 7703 ,http://rti.gov.lk/io-list/,
phone,pass,Published phone: 071 859 1989 ,http://rti.gov.lk/io-list/,
phone,pass,Published phone: 03 011 258 33,http://rti.gov.lk/io-list/,
phone,pass,Published phone: 071 334 8386 ,http://rti.gov.lk/io-list/,
phone,pass,Published phone: 057 222 2499 ,http://rti.gov.lk/io-list/,
phone,pass,Published phone: 07 011 205 82,http://rti.gov.lk/io-list/,
phone,pass,Published phone: 054 222 2287 ,http://rti.gov.lk/io-list/,
phone,pass,Published phone: 011 255 2529 ,http://rti.gov.lk/io-list/,
phone,pass,Published phone: 077 789 9601 ,http://rti.gov.lk/io-list/,
phone,pass,Published phone: 0 114 -284 457 -,http://rti.gov.lk/io-list/,
phone,pass,Published phone: 071 603 2406 ,http://rti.gov.lk/io-list/,
phone,pass,Published phone: 077 755 0606 ,http://rti.gov.lk/io-list/,
phone,pass,Published phone: 081 382 2697 ,http://rti.gov.lk/io-list/,
phone,pass,Published phone: 0277 045-228,http://rti.gov.lk/io-list/,
phone,pass,Published phone: 038 223 4854 ,http://rti.gov.lk/io-list/,
phone,pass,Published phone: 011 210 6759 ,http://rti.gov.lk/io-list/,
phone,pass,Published phone: 0 -107 -173 -107 -,http://rti.gov.lk/io-list/,
phone,pass,Published phone: 011 287 8798 ,http://rti.gov.lk/io-list/,
phone,pass,Published phone: 045 226 2102 ,http://rti.gov.lk/io-list/,
phone,pass,Published phone: 071 490 8182 ,http://rti.gov.lk/io-list/,
phone,pass,Published phone: 081 246 7025 ,http://rti.gov.lk/io-list/,
phone,pass,Published phone: 038 224 118 0,http://rti.gov.lk/io-list/,
phone,pass,Published phone: 071 407 5321 ,http://rti.gov.lk/io-list/,
phone,pass,Published phone: 011 243 3349 ,http://rti.gov.lk/io-list/,
phone,pass,Published phone: 033 222 2026 ,http://rti.gov.lk/io-list/,
phone,pass,Published phone: 071 806 1955 ,http://rti.gov.lk/io-list/,
phone,pass,Published phone: 071 859 1790 ,http://rti.gov.lk/io-list/,
phone,pass,Published phone: 065 222 2234 ,http://rti.gov.lk/io-list/,
phone,pass,Published phone: 024 222 9653 ,http://rti.gov.lk/io-list/,
phone,pass,Published phone: 026 222 2217 ,http://rti.gov.lk/io-list/,
phone,pass,Published phone: 075 374 3016 ,http://rti.gov.lk/io-list/,
phone,pass,Published phone: 077 398 4084 ,http://rti.gov.lk/io-list/,
phone,pass,Published phone: 0112 693 229 ,http://rti.gov.lk/io-list/,
phone,pass,Published phone: 081-2388933 ,http://rti.gov.lk/io-list/,
phone,pass,Published phone: 011 246 7618 ,http://rti.gov.lk/io-list/,
phone,pass,Published phone: 011 238 9502 ,http://rti.gov.lk/io-list/,
phone,pass,Published phone: 025 205 5654 ,http://rti.gov.lk/io-list/,
phone,pass,Published phone: 077 236 3533 ,http://rti.gov.lk/io-list/,
phone,pass,Published phone: 0662 284 788 ,http://rti.gov.lk/io-list/,
phone,pass,Published phone: 0 011 269 507,http://rti.gov.lk/io-list/,
phone,pass,Published phone: 071 021 5730 ,http://rti.gov.lk/io-list/,
phone,pass,Published phone: 055 223 1205 ,http://rti.gov.lk/io-list/,
phone,pass,Published phone: 026 222 2470 ,http://rti.gov.lk/io-list/,
phone,pass,Published phone: 071 447 1140 ,http://rti.gov.lk/io-list/,
phone,pass,Published phone: 076 666 2126 ,http://rti.gov.lk/io-list/,
phone,pass,Published phone: 011 233 7041 ,http://rti.gov.lk/io-list/,
phone,pass,Published phone: 07 011 269 60,http://rti.gov.lk/io-list/,
phone,pass,Published phone: 011 232 5843 ,http://rti.gov.lk/io-list/,
phone,pass,Published phone: 071 859 1304 ,http://rti.gov.lk/io-list/,
phone,pass,Published phone: 081 238 7375 ,http://rti.gov.lk/io-list/,
phone,pass,Published phone: 05 011 258 73,http://rti.gov.lk/io-list/,
phone,pass,Published phone: 011 276 5505 ,http://rti.gov.lk/io-list/,
phone,pass,Published phone: 065 222 2236 ,http://rti.gov.lk/io-list/,
phone,pass,Published phone: 08 011 267 66,http://rti.gov.lk/io-list/,
phone,pass,Published phone: 055 227 6142 ,http://rti.gov.lk/io-list/,
phone,pass,Published phone: 011 233 3482 ,http://rti.gov.lk/io-list/,
phone,pass,Published phone: 070 418 7301 ,http://rti.gov.lk/io-list/,
phone,pass,Published phone: 047 222 0186 ,http://rti.gov.lk/io-list/,
phone,pass,Published phone: 047 224 1013 ,http://rti.gov.lk/io-list/,
phone,pass,Published phone: 071 715 4407 ,http://rti.gov.lk/io-list/,
phone,pass,Published phone: 011 234 5553 ,http://rti.gov.lk/io-list/,
phone,pass,Published phone: 077 004 3944 ,http://rti.gov.lk/io-list/,
phone,pass,Published phone: 011-2911397 ,http://rti.gov.lk/io-list/,
phone,pass,Published phone: 021 228 5353 ,http://rti.gov.lk/io-list/,
phone,pass,Published phone: 011 467 7182 ,http://rti.gov.lk/io-list/,
phone,pass,Published phone: 07 077 232 05,http://rti.gov.lk/io-list/,
phone,pass,Published phone: 071 817 2274 ,http://rti.gov.lk/io-list/,
phone,pass,Published phone: 011 269 2694 ,http://rti.gov.lk/io-list/,
phone,pass,Published phone: 025 225 8238 ,http://rti.gov.lk/io-list/,
phone,pass,Published phone: 01 -76 -368 -76 -1,http://rti.gov.lk/io-list/,
phone,pass,Published phone: 037 222 2228 ,http://rti.gov.lk/io-list/,
phone,pass,Published phone: 076 098 4331 ,http://rti.gov.lk/io-list/,
phone,pass,Published phone: 025 222 4680 ,http://rti.gov.lk/io-list/,
phone,pass,Published phone: 071 627 5666 ,http://rti.gov.lk/io-list/,
phone,pass,Published phone: 025 226 6614 ,http://rti.gov.lk/io-list/,
phone,pass,Published phone: 066 225 6638 ,http://rti.gov.lk/io-list/,
phone,pass,Published phone: 0 011 269 497,http://rti.gov.lk/io-list/,
phone,pass,Published phone: 0 071 836 502,http://rti.gov.lk/io-list/,
phone,pass,Published phone: 011 239 8590 ,http://rti.gov.lk/io-list/,
phone,pass,Published phone: 071 838 6317 ,http://rti.gov.lk/io-list/,
phone,pass,Published phone: 081 235 2604 ,http://rti.gov.lk/io-list/,
phone,pass,Published phone: 027 222 2320 ,http://rti.gov.lk/io-list/,
phone,pass,Published phone: 038 224 1187 ,http://rti.gov.lk/io-list/,
phone,pass,Published phone: 026 223 4546 ,http://rti.gov.lk/io-list/,
phone,pass,Published phone: 011 243 0362 ,http://rti.gov.lk/io-list/,
phone,pass,Published phone: 011 287 7882 ,http://rti.gov.lk/io-list/,
phone,pass,Published phone: 077 248 7453 ,http://rti.gov.lk/io-list/,
phone,pass,Published phone: 011 287 7374 ,http://rti.gov.lk/io-list/,
phone,pass,Published phone: 011 2444 558,http://rti.gov.lk/io-list/,
phone,pass,Published phone: 011 286 2231 ,http://rti.gov.lk/io-list/,
phone,pass,Published phone: 057 222 9001 ,http://rti.gov.lk/io-list/,
phone,pass,Published phone: 047 224 0228 ,http://rti.gov.lk/io-list/,
phone,pass,Published phone: 081 238 8186 ,http://rti.gov.lk/io-list/,
phone,pass,Published phone: 071 838 2714 ,http://rti.gov.lk/io-list/,
phone,pass,Published phone: 077 700 6035 ,http://rti.gov.lk/io-list/,
phone,pass,Published phone: 026 225 2638 ,http://rti.gov.lk/io-list/,
phone,pass,Published phone: 071 496 7235 ,http://rti.gov.lk/io-list/,
phone,pass,Published phone: 011-2553188 ,http://rti.gov.lk/io-list/,
phone,pass,Published phone: 021 222 2375 ,http://rti.gov.lk/io-list/,
phone,pass,Published phone: 071 440 6119 ,http://rti.gov.lk/io-list/,
phone,pass,Published phone: 065 222 5272 ,http://rti.gov.lk/io-list/,
phone,pass,Published phone: 081-2397542 ,http://rti.gov.lk/io-list/,
phone,pass,Published phone: 071 859 1172 ,http://rti.gov.lk/io-list/,
phone,pass,Published phone: 0 077 358 329,http://rti.gov.lk/io-list/,
phone,pass,Published phone: 07 011 269 80,http://rti.gov.lk/io-list/,
phone,pass,Published phone: 047 226 3225 ,http://rti.gov.lk/io-list/,
phone,pass,Published phone: 076 927 1237 ,http://rti.gov.lk/io-list/,
phone,pass,Published phone: 071 838 0956 ,http://rti.gov.lk/io-list/,
phone,pass,Published phone: 0 011 269 209,http://rti.gov.lk/io-list/,
phone,pass,Published phone: 011 288 8314 ,http://rti.gov.lk/io-list/,
phone,pass,Published phone: 011 250 4982 ,http://rti.gov.lk/io-list/,
phone,pass,Published phone: 025 227 8438 ,http://rti.gov.lk/io-list/,
phone,pass,Published phone: 05 011 205 81,http://rti.gov.lk/io-list/,
phone,pass,Published phone: 071 859 2602 ,http://rti.gov.lk/io-list/,
phone,pass,Published phone: 077 303 3002 ,http://rti.gov.lk/io-list/,
phone,pass,Published phone: 01 071 849 27,http://rti.gov.lk/io-list/,
phone,pass,Published phone: 071 859 1688 ,http://rti.gov.lk/io-list/,
phone,pass,Published phone: 00 011 268 65,http://rti.gov.lk/io-list/,
phone,pass,Published phone: 077 343 1939 ,http://rti.gov.lk/io-list/,
phone,pass,Published phone: 011 233 2938 ,http://rti.gov.lk/io-list/,
phone,pass,Published phone: 011 269 790 0,http://rti.gov.lk/io-list/,
phone,pass,Published phone: 081 224 4079 ,http://rti.gov.lk/io-list/,
phone,pass,Published phone: 081 238 8371 ,http://rti.gov.lk/io-list/,
phone,pass,Published phone: 011 244 6111 ,http://rti.gov.lk/io-list/,
phone,pass,Published phone: 077 632 1713 ,http://rti.gov.lk/io-list/,
phone,pass,Published phone: 027 222 2012 ,http://rti.gov.lk/io-list/,
phone,pass,Published phone: 071 850 2012 ,http://rti.gov.lk/io-list/,
phone,pass,Published phone: 025-2266749 ,http://rti.gov.lk/io-list/,
phone,pass,Published phone: 071 421 7696 ,http://rti.gov.lk/io-list/,
phone,pass,Published phone: 077 691 1648 ,http://rti.gov.lk/io-list/,
phone,pass,Published phone: 047 223 0227 ,http://rti.gov.lk/io-list/,
phone,pass,Published phone: 051 222 5063 ,http://rti.gov.lk/io-list/,
phone,pass,Published phone: 063 222 4478 ,http://rti.gov.lk/io-list/,
phone,pass,Published phone: 05 011 258 35,http://rti.gov.lk/io-list/,
phone,pass,Published phone: 05 011 256 59,http://rti.gov.lk/io-list/,
phone,pass,Published phone: 071 859 2644 ,http://rti.gov.lk/io-list/,
phone,pass,Published phone: 011 287 3796 ,http://rti.gov.lk/io-list/,
phone,pass,Published phone: 011 269 7315 ,http://rti.gov.lk/io-list/,
phone,pass,Published phone: 027 222 2285 ,http://rti.gov.lk/io-list/,
phone,pass,Published phone: 02 011 288 70,http://rti.gov.lk/io-list/,
phone,pass,Published phone: 067 222 0525 ,http://rti.gov.lk/io-list/,
phone,pass,Published phone: 071 024 0042 ,http://rti.gov.lk/io-list/,
phone,pass,Published phone: 071 444 2513 ,http://rti.gov.lk/io-list/,
phone,pass,Published phone: 023 222 2227 ,http://rti.gov.lk/io-list/,
phone,pass,Published phone: 076-1527950 ,http://rti.gov.lk/io-list/,
phone,pass,Published phone: 067 226 5116 ,http://rti.gov.lk/io-list/,
phone,pass,Published phone: 071 859 1452 ,http://rti.gov.lk/io-list/,
phone,pass,Published phone: 071 033 5229 ,http://rti.gov.lk/io-list/,
phone,pass,Published phone: 026 224 8037 ,http://rti.gov.lk/io-list/,
phone,pass,Published phone: 077 590 8668 ,http://rti.gov.lk/io-list/,
phone,pass,Published phone: 077 460 4943 ,http://rti.gov.lk/io-list/,
phone,pass,Published phone: 081 222 2559 ,http://rti.gov.lk/io-list/,
phone,pass,Published phone: 032-2265484 ,http://rti.gov.lk/io-list/,
phone,pass,Published phone: 0 -236 14 -368 7,http://rti.gov.lk/io-list/,
phone,pass,Published phone: 011 271 2751 ,http://rti.gov.lk/io-list/,
phone,pass,Published phone: 09 -223 -461 -29,http://rti.gov.lk/io-list/,
phone,pass,Published phone: 071 442 1490 ,http://rti.gov.lk/io-list/,
phone,pass,Published phone: 071 845 6105 ,http://rti.gov.lk/io-list/,
phone,pass,Published phone: 071 033 5236 ,http://rti.gov.lk/io-list/,
phone,pass,Published phone: 05 011 236 80,http://rti.gov.lk/io-list/,
phone,pass,Published phone: 032-2254261 ,http://rti.gov.lk/io-list/,
phone,pass,Published phone: 081 238 8494 ,http://rti.gov.lk/io-list/,
phone,pass,Published phone: 071 443 4459 ,http://rti.gov.lk/io-list/,
phone,pass,Published phone: 071 877 6937 ,http://rti.gov.lk/io-list/,
phone,pass,Published phone: 011 267 1488 ,http://rti.gov.lk/io-list/,
phone,pass,Published phone: 071 855 9228 ,http://rti.gov.lk/io-list/,
phone,pass,Published phone: 037 226 0228 ,http://rti.gov.lk/io-list/,
phone,pass,Published phone: 011 243 6117 ,http://rti.gov.lk/io-list/,
phone,pass,Published phone: 011 268 3972 ,http://rti.gov.lk/io-list/,
phone,pass,Published phone: 071 859 1004 ,http://rti.gov.lk/io-list/,
phone,pass,Published phone: 011 232 4028 ,http://rti.gov.lk/io-list/,
phone,pass,Published phone: 011 282 6800 ,http://rti.gov.lk/io-list/,
phone,pass,Published phone: 081-2055163 ,http://rti.gov.lk/io-list/,
phone,pass,Published phone: 071-9555056 ,http://rti.gov.lk/io-list/,
phone,pass,Published phone: 011 268 9367 ,http://rti.gov.lk/io-list/,
phone,pass,Published phone: 011 268 0163 ,http://rti.gov.lk/io-list/,
phone,pass,Published phone: 011 279 7451 ,http://rti.gov.lk/io-list/,
phone,pass,Published phone: 025 224 7535 ,http://rti.gov.lk/io-list/,
phone,pass,Published phone: 055 225 8293 ,http://rti.gov.lk/io-list/,
phone,pass,Published phone: 03 011 255 25,http://rti.gov.lk/io-list/,
phone,pass,Published phone: 023 222 3622 ,http://rti.gov.lk/io-list/,
phone,pass,Published phone: 011 283 0594 ,http://rti.gov.lk/io-list/,
phone,pass,Published phone: 011 258 6176 ,http://rti.gov.lk/io-list/,
phone,pass,Published phone: 0 071 311 333,http://rti.gov.lk/io-list/,
phone,pass,Published phone: 071 647 5893 ,http://rti.gov.lk/io-list/,
phone,pass,Published phone: 071 418 4240 ,http://rti.gov.lk/io-list/,
phone,pass,Published phone: 071 839 9790 ,http://rti.gov.lk/io-list/,
phone,pass,Published phone: 077 344 5299 ,http://rti.gov.lk/io-list/,
phone,pass,Published phone: 011 286 8591 ,http://rti.gov.lk/io-list/,
phone,pass,Published phone: 077 134 7836 ,http://rti.gov.lk/io-list/,
phone,pass,Published phone: 0120 011 277 ,http://rti.gov.lk/io-list/,
phone,pass,Published phone: 071 231 1313 ,http://rti.gov.lk/io-list/,
phone,pass,Published phone: 077 419 8498 ,http://rti.gov.lk/io-list/,
phone,pass,Published phone: 011 269 6592 ,http://rti.gov.lk/io-list/,
phone,pass,Published phone: 071 373 4626 ,http://rti.gov.lk/io-list/,
phone,pass,Published phone: 071 321 7612 ,http://rti.gov.lk/io-list/,
phone,pass,Published phone: 011 236 9233 ,http://rti.gov.lk/io-list/,
phone,pass,Published phone: 011 268 5217 ,http://rti.gov.lk/io-list/,
phone,pass,Published phone: 025 222 2735 ,http://rti.gov.lk/io-list/,
phone,pass,Published phone: 011-2908167 ,http://rti.gov.lk/io-list/,
phone,pass,Published phone: 055-2226470 ,http://rti.gov.lk/io-list/,
phone,pass,Published phone: 071 374 0200 ,http://rti.gov.lk/io-list/,
phone,pass,Published phone: +94 112 515701 ,http://rti.gov.lk/io-list/,
phone,pass,Published phone: 071 847 9297 ,http://rti.gov.lk/io-list/,
phone,pass,Published phone: 07 011 268 57,http://rti.gov.lk/io-list/,
phone,pass,Published phone: 065 222 2395 ,http://rti.gov.lk/io-list/,
phone,pass,Published phone: 063 222 4061 ,http://rti.gov.lk/io-list/,
phone,pass,Published phone: 0 011 269 973,http://rti.gov.lk/io-list/,
phone,pass,Published phone: 066 227 5200 ,http://rti.gov.lk/io-list/,
phone,pass,Published phone: 011 388 8860 ,http://rti.gov.lk/io-list/,
phone,pass,Published phone: 071 447 8839 ,http://rti.gov.lk/io-list/,
phone,pass,Published phone: 071 758 1545 ,http://rti.gov.lk/io-list/,
phone,pass,Published phone: 067 226 0293 ,http://rti.gov.lk/io-list/,
phone,pass,Published phone: 0 -12 -29 -10 -49 2,http://rti.gov.lk/io-list/,
phone,pass,Published phone: 077 358 7470 ,http://rti.gov.lk/io-list/,
phone,pass,Published phone: 07 011 268 83,http://rti.gov.lk/io-list/,
phone,pass,Published phone: 011 258 8329 ,http://rti.gov.lk/io-list/,
phone,pass,Published phone: 071 317 3460 ,http://rti.gov.lk/io-list/,
phone,pass,Published phone: 011 252 0876 ,http://rti.gov.lk/io-list/,
phone,pass,Published phone: 011 232 3730 ,http://rti.gov.lk/io-list/,
phone,pass,Published phone: 065 222 8870 ,http://rti.gov.lk/io-list/,
phone,pass,Published phone: 011 243 1428 ,http://rti.gov.lk/io-list/,
phone,pass,Published phone: 077 528 8047 ,http://rti.gov.lk/io-list/,
phone,pass,Published phone: 025 229 8517 ,http://rti.gov.lk/io-list/,
phone,pass,Published phone: 05 011 236 81,http://rti.gov.lk/io-list/,
phone,pass,Published phone: 071 806 1529 ,http://rti.gov.lk/io-list/,
phone,pass,Published phone: 02 011 233 35,http://rti.gov.lk/io-list/,
phone,pass,Published phone: 071 840 1084 ,http://rti.gov.lk/io-list/,
phone,pass,Published phone: 077 105 4898 ,http://rti.gov.lk/io-list/,
phone,pass,Published phone: 071 441 8822 ,http://rti.gov.lk/io-list/,
phone,pass,Published phone: 011 278 5491 ,http://rti.gov.lk/io-list/,
phone,pass,Published phone: 0 15 31 17 60 1,http://rti.gov.lk/io-list/,
phone,pass,Published phone: 021 221 4367 ,http://rti.gov.lk/io-list/,
phone,pass,Published phone: 055 011 248 4,http://rti.gov.lk/io-list/,
phone,pass,Published phone: 071 534 2224 ,http://rti.gov.lk/io-list/,
phone,pass,Published phone: 021 228 0256 ,http://rti.gov.lk/io-list/,
phone,pass,Published phone: 032 226 6493 ,http://rti.gov.lk/io-list/,
phone,pass,Published phone: 055 227 6130 ,http://rti.gov.lk/io-list/,
phone,pass,Published phone: 071 859 1016 ,http://rti.gov.lk/io-list/,
phone,pass,Published phone: 077 250 3078 ,http://rti.gov.lk/io-list/,
phone,pass,Published phone: 071 217 3588 ,http://rti.gov.lk/io-list/,
phone,pass,Published phone: 076 888 9581 ,http://rti.gov.lk/io-list/,
phone,pass,Published phone: 071 859 1410 ,http://rti.gov.lk/io-list/,
phone,pass,Published phone: 071 827 0470 ,http://rti.gov.lk/io-list/,
phone,pass,Published phone: 011 277 8914 ,http://rti.gov.lk/io-list/,
phone,pass,Published phone: 011 214 7230 ,http://rti.gov.lk/io-list/,
phone,pass,Published phone: 011 211 2745 ,http://rti.gov.lk/io-list/,
phone,pass,Published phone: 011 287 5916 ,http://rti.gov.lk/io-list/,
phone,pass,Published phone: 045 222 2023 ,http://rti.gov.lk/io-list/,
phone,pass,Published phone: 067 222 3572 ,http://rti.gov.lk/io-list/,
phone,pass,Published phone: 024 222 2856 ,http://rti.gov.lk/io-list/,
phone,pass,Published phone: 081 206 1434 ,http://rti.gov.lk/io-list/,
phone,pass,Published phone: 011 258 5989 ,http://rti.gov.lk/io-list/,
phone,pass,Published phone: 081 238 8221 ,http://rti.gov.lk/io-list/,
phone,pass,Published phone: 011 233 8778 ,http://rti.gov.lk/io-list/,
phone,pass,Published phone: 0 011 269 281,http://rti.gov.lk/io-list/,
phone,pass,Published phone: 045 222 2166 ,http://rti.gov.lk/io-list/,
phone,pass,Published phone: 047 224 5263 ,http://rti.gov.lk/io-list/,
phone,pass,Published phone: 041 223 1877 ,http://rti.gov.lk/io-list/,
phone,pass,Published phone: 011 218 7140 ,http://rti.gov.lk/io-list/,
phone,pass,Published phone: 011 236 9987 ,http://rti.gov.lk/io-list/,
phone,pass,Published phone: 06 011 285 41,http://rti.gov.lk/io-list/,
phone,pass,Published phone: 08 011 269 55,http://rti.gov.lk/io-list/,
phone,pass,Published phone: 071 444 3621 ,http://rti.gov.lk/io-list/,
phone,pass,Published phone: 031 229 9625 ,http://rti.gov.lk/io-list/,
phone,pass,Published phone: 011 288 2294 ,http://rti.gov.lk/io-list/,
phone,pass,Published phone: 025 227 8212 ,http://rti.gov.lk/io-list/,
phone,pass,Published phone: 091 494 1477 ,http://rti.gov.lk/io-list/,
phone,pass,Published phone: 03 011 258 79,http://rti.gov.lk/io-list/,
phone,pass,Published phone: 011-2334768 ,http://rti.gov.lk/io-list/,
phone,pass,Published phone: 011 287 2061 ,http://rti.gov.lk/io-list/,
phone,pass,Published phone: 02 011 232 14,http://rti.gov.lk/io-list/,
phone,pass,Published phone: 071 442 9367 ,http://rti.gov.lk/io-list/,
phone,pass,Published phone: 025 313 6070 ,http://rti.gov.lk/io-list/,
phone,pass,Published phone: 034 222 2266 ,http://rti.gov.lk/io-list/,
phone,pass,Published phone: 011 243 6421 ,http://rti.gov.lk/io-list/,
phone,pass,Published phone: 011 286 6609 ,http://rti.gov.lk/io-list/,
phone,pass,Published phone: 011 217 6805 ,http://rti.gov.lk/io-list/,
phone,pass,Published phone: 011 255 6977 ,http://rti.gov.lk/io-list/,
phone,pass,Published phone: 077 915 3326 ,http://rti.gov.lk/io-list/,
phone,pass,Published phone: 066 493 3241 ,http://rti.gov.lk/io-list/,
phone,pass,Published phone: 02 011 233 20,http://rti.gov.lk/io-list/,
phone,pass,Published phone: 011 257 2597 ,http://rti.gov.lk/io-list/,
phone,pass,Published phone: 036 222 2223 ,http://rti.gov.lk/io-list/,
phone,pass,Published phone: 011 248 4853 ,http://rti.gov.lk/io-list/,
phone,pass,Published phone: 071 555 4294 ,http://rti.gov.lk/io-list/,
phone,pass,Published phone: 011 251 4092 ,http://rti.gov.lk/io-list/,
phone,pass,Published phone: 071 859 1753 ,http://rti.gov.lk/io-list/,
phone,pass,Published phone: 03 011 242 31,http://rti.gov.lk/io-list/,
phone,pass,Published phone: 026 222 2941 ,http://rti.gov.lk/io-list/,
phone,pass,Published phone: 03 011 243 46,http://rti.gov.lk/io-list/,
phone,pass,Published phone: 077-7375529 ,http://rti.gov.lk/io-list/,
phone,pass,Published phone: 0 011 230 768,http://rti.gov.lk/io-list/,
phone,pass,Published phone: 0 27 69 37 214 ,http://rti.gov.lk/io-list/,
phone,pass,Published phone: 011 243 1346 ,http://rti.gov.lk/io-list/,
phone,pass,Published phone: 067 225 5138 ,http://rti.gov.lk/io-list/,
phone,pass,Published phone: 077 695 1522 ,http://rti.gov.lk/io-list/,
phone,pass,Published phone: 026 205 4360 ,http://rti.gov.lk/io-list/,
phone,pass,Published phone: 071 859 1811 ,http://rti.gov.lk/io-list/,
phone,pass,Published phone: 011 269 1261 ,http://rti.gov.lk/io-list/,
phone,pass,Published phone: 077 936 3232 ,http://rti.gov.lk/io-list/,
phone,pass,Published phone: 081 237 4048 ,http://rti.gov.lk/io-list/,
phone,pass,Published phone: 047 222 3228 ,http://rti.gov.lk/io-list/,
phone,pass,Published phone: 025 222 2551 ,http://rti.gov.lk/io-list/,
phone,pass,Published phone: 077 294 3193 ,http://rti.gov.lk/io-list/,
phone,pass,Published phone: 0 29 -41 0 -53 -5 -7,http://rti.gov.lk/io-list/,
phone,pass,Published phone: 071 228 4308 ,http://rti.gov.lk/io-list/,
phone,pass,Published phone: 011 252 1932 ,http://rti.gov.lk/io-list/,
phone,pass,Published phone: 011-2632028 ,http://rti.gov.lk/io-list/,
phone,pass,Published phone: 011 232 3112 ,http://rti.gov.lk/io-list/,
phone,pass,Published phone: 077 120 1670 ,http://rti.gov.lk/io-list/,
phone,pass,Published phone: 066 222 2727 ,http://rti.gov.lk/io-list/,
phone,pass,Published phone: 081 222 0273,http://rti.gov.lk/io-list/,
phone,pass,Published phone: 08 011 269 41,http://rti.gov.lk/io-list/,
phone,pass,Published phone: 071-3533593 ,http://rti.gov.lk/io-list/,
phone,pass,Published phone: 026 222 1423 ,http://rti.gov.lk/io-list/,
phone,pass,Published phone: 011 278 5209 ,http://rti.gov.lk/io-list/,
phone,pass,Published phone: 077 292 8133 ,http://rti.gov.lk/io-list/,
phone,pass,Published phone: 011 288 2598 ,http://rti.gov.lk/io-list/,
phone,pass,Published phone: 063 205 1935 ,http://rti.gov.lk/io-list/,
phone,pass,Published phone: 033 223 4252 ,http://rti.gov.lk/io-list/,
phone,pass,Published phone: 011 286 3737 ,http://rti.gov.lk/io-list/,
phone,pass,Published phone: 071 859 1200 ,http://rti.gov.lk/io-list/,
phone,pass,Published phone: 071 496 0701 ,http://rti.gov.lk/io-list/,
phone,pass,Published phone: 07 011 305 43,http://rti.gov.lk/io-list/,
phone,pass,Published phone: 0 011 269 650,http://rti.gov.lk/io-list/,
phone,pass,Published phone: 071 859 2656 ,http://rti.gov.lk/io-list/,
phone,pass,Published phone: 055 222 2228 ,http://rti.gov.lk/io-list/,
phone,pass,Published phone: 055 222 2260 ,http://rti.gov.lk/io-list/,
phone,pass,Published phone: 071 828 2109 ,http://rti.gov.lk/io-list/,
phone,pass,Published phone: 011 269 2815 ,http://rti.gov.lk/io-list/,
phone,pass,Published phone: 02 011 232 75,http://rti.gov.lk/io-list/,
phone,pass,Published phone: 011 244 6617 ,http://rti.gov.lk/io-list/,
phone,pass,Published phone: 011 266 2321 ,http://rti.gov.lk/io-list/,
phone,pass,Published phone: 011 212 4016 ,http://rti.gov.lk/io-list/,
phone,pass,Published phone: 07 011 255 47,http://rti.gov.lk/io-list/,
phone,pass,Published phone: 025 223 4091 ,http://rti.gov.lk/io-list/,
phone,pass,Published phone: 00 011 250 37,http://rti.gov.lk/io-list/,
phone,pass,Published phone: 071 859 2274 ,http://rti.gov.lk/io-list/,
phone,pass,Published phone: 011 279 7452 ,http://rti.gov.lk/io-list/,
phone,pass,Published phone: 081 222 5165 ,http://rti.gov.lk/io-list/,
phone,pass,Published phone: 081-2387542 ,http://rti.gov.lk/io-list/,
phone,pass,Published phone: 071 859 1820 ,http://rti.gov.lk/io-list/,
phone,pass,Published phone: 01 011 238 08,http://rti.gov.lk/io-list/,
phone,pass,Published phone: 0 011 268 835,http://rti.gov.lk/io-list/,
phone,pass,Published phone: 027 222 2361 ,http://rti.gov.lk/io-list/,
phone,pass,Published phone: 026 223 6163 ,http://rti.gov.lk/io-list/,
phone,pass,Published phone: 025 205 7725 ,http://rti.gov.lk/io-list/,
phone,pass,Published phone: 05 011 233 85,http://rti.gov.lk/io-list/,
phone,pass,Published phone: 071 439 9548 ,http://rti.gov.lk/io-list/,
phone,pass,Published phone: 071 488 4611 ,http://rti.gov.lk/io-list/,
email,pass,Published email: rohan@erd.gov.lk,http://rti.gov.lk/io-list/,
email,pass,Published email: Prabha.disnayaka@gmail.com,http://rti.gov.lk/io-list/,
email,pass,Published email: div.seethawakapura@police.lk,http://rti.gov.lk/io-list/,
email,pass,Published email: desilva.kvs@dma.treasury.gov.lk,http://rti.gov.lk/io-list/,
email,pass,Published email: dig.jaffna@police.lk,http://rti.gov.lk/io-list/,
email,pass,Published email: dir.ombudsman@police.lk,http://rti.gov.lk/io-list/,
email,pass,Published email: minofinternalaffairs@gmail.com,http://rti.gov.lk/io-list/,
email,pass,Published email: com_rd@gmail.com,http://rti.gov.lk/io-list/,
email,pass,Published email: nindmaligawattee@gmail.com,http://rti.gov.lk/io-list/,
email,pass,Published email: dibatti.irrigation@gmail.com,http://rti.gov.lk/io-list/,
email,pass,Published email: nakfer@gmail.com,http://rti.gov.lk/io-list/,
email,pass,Published email: sas@houseconmin.gov.lk,http://rti.gov.lk/io-list/,
email,pass,Published email: dgcida@gmail.com,http://rti.gov.lk/io-list/,
email,pass,Published email: d_agri@mahaweli.gov.lk,http://rti.gov.lk/io-list/,
email,pass,Published email: land.establish@gmail.com,http://rti.gov.lk/io-list/,
email,pass,Published email: rohana@cert.gov.lk,http://rti.gov.lk/io-list/,
email,pass,Published email: div.ampara@police.lk,http://rti.gov.lk/io-list/,
email,pass,Published email: oksaovitigala@gmail.com,http://rti.gov.lk/io-list/,
email,pass,Published email: informationpromoton@gmail.com,http://rti.gov.lk/io-list/,
email,pass,Published email: ssathees2001@yahoo.com,http://rti.gov.lk/io-list/,
email,pass,Published email: himanidenavi@gmail.com,http://rti.gov.lk/io-list/,
email,pass,Published email: info@powermin.gov.lk,http://rti.gov.lk/io-list/,
email,pass,Published email: jayantha.soori25@gmail.com,http://rti.gov.lk/io-list/,
email,pass,Published email: drgwai@kin.ac.lk,http://rti.gov.lk/io-list/,
email,pass,Published email: ddgbmes@health.gov.lk,http://rti.gov.lk/io-list/,
email,pass,Published email: prasangika.hg@tipd.treasury.gov.lk,http://rti.gov.lk/io-list/,
email,pass,Published email: divisionalkekirawa@gmail.com,http://rti.gov.lk/io-list/,
email,pass,Published email: pathadumbara@gmail.com,http://rti.gov.lk/io-list/,
email,pass,Published email: ddseedcolombo@gmail.com,http://rti.gov.lk/io-list/,
email,pass,Published email: divav.irrigation@gmail.com,http://rti.gov.lk/io-list/,
email,pass,Published email: dswelikanda@gmail.com,http://rti.gov.lk/io-list/,
email,pass,Published email: champika.pp@dma.treasury.gov.lk,http://rti.gov.lk/io-list/,
email,pass,Published email: Westernprovincelabour@gmail.com,http://rti.gov.lk/io-list/,
email,pass,Published email: ayurmc@sltnet.lk,http://rti.gov.lk/io-list/,
email,pass,Published email: moha.dist.batticaloa@gmail.com,http://rti.gov.lk/io-list/,
email,pass,Published email: kdudefence@kdu.ac.lk,http://rti.gov.lk/io-list/,
email,pass,Published email: dcleasternzone@gmail.com,http://rti.gov.lk/io-list/,
email,pass,Published email: legal@childprotection.gov.lk,http://rti.gov.lk/io-list/,
email,pass,Published email: buddhi2005@gmail.com,http://rti.gov.lk/io-list/,
email,pass,Published email: mahaweli@gmail.com,http://rti.gov.lk/io-list/,
email,pass,Published email: inoka@srilanka.travel,http://rti.gov.lk/io-list/,
email,pass,Published email: cfhcdgm@gmail.com,http://rti.gov.lk/io-list/,
email,pass,Published email: moha.divi.gomarankadawala@gmail.com,http://rti.gov.lk/io-list/,
email,pass,Published email: vc@uwu.ac.lk,http://rti.gov.lk/io-list/,
email,pass,Published email: dig.dc@police.lk,http://rti.gov.lk/io-list/,
email,pass,Published email: addsec-admin@moha.gov.lk,http://rti.gov.lk/io-list/,
email,pass,Published email: dir.crd@police.lk,http://rti.gov.lk/io-list/,
email,pass,Published email: dir.ir@police.lk,http://rti.gov.lk/io-list/,
email,pass,Published email: dig.traffice@police.lk,http://rti.gov.lk/io-list/,
email,pass,Published email: rd_rtp@phdt.lk,http://rti.gov.lk/io-list/,
email,pass,Published email: trinco@gmail.com,http://rti.gov.lk/io-list/,
email,pass,Published email: seclawsl@sltnet.lk,http://rti.gov.lk/io-list/,
email,pass,Published email: dir.sports@police.lk,http://rti.gov.lk/io-list/,
email,pass,Published email: mbsprocurement41@gmail.com,http://rti.gov.lk/io-list/,
email,pass,Published email: dsverugal@gmail.com,http://rti.gov.lk/io-list/,
email,pass,Published email: anupathsal@gmail.com,http://rti.gov.lk/io-list/,
email,pass,Published email: sec@mahaweli.gov.lk,http://rti.gov.lk/io-list/,
email,pass,Published email: snrssjaffna@survet.gov.lk,http://rti.gov.lk/io-list/,
email,pass,Published email: pearlfonseka31@gmail.com,http://rti.gov.lk/io-list/,
email,pass,Published email: dir.pnd@police.lk,http://rti.gov.lk/io-list/,
email,pass,Published email: hmcfhc@gmail.com,http://rti.gov.lk/io-list/,
email,pass,Published email: info@vri.lk,http://rti.gov.lk/io-list/,
email,pass,Published email: Kasunsaubay@gmail.com,http://rti.gov.lk/io-list/,
email,pass,Published email: revdepklt@gmail.com,http://rti.gov.lk/io-list/,
email,pass,Published email: diku.irrigation@gmail.com,http://rti.gov.lk/io-list/,
email,pass,Published email: nhqdgostaff@navy.lk,http://rti.gov.lk/io-list/,
email,pass,Published email: kurunegaladf@gmail.com,http://rti.gov.lk/io-list/,
email,pass,Published email: diponaruwa.irrigation@gmail.com,http://rti.gov.lk/io-list/,
email,pass,Published email: labourofficematugama@gmail.com,http://rti.gov.lk/io-list/,
email,pass,Published email: dlc.mahiyangana@gmail.com,http://rti.gov.lk/io-list/,
email,pass,Published email: dir.ppr@police.lk,http://rti.gov.lk/io-list/,
email,pass,Published email: dolbelpitiya@sltnet.lk,http://rti.gov.lk/io-list/,
email,pass,Published email: cg@imexport.gov.lk,http://rti.gov.lk/io-list/,
email,pass,Published email: cont2@imexport.gov.lk,http://rti.gov.lk/io-list/,
email,pass,Published email: moha.divi.pallepola@gmail.com,http://rti.gov.lk/io-list/,
email,pass,Published email: sammanthuraids@gmail.com,http://rti.gov.lk/io-list/,
email,pass,Published email: moha.divi.trincomalee@gmail.com,http://rti.gov.lk/io-list/,
email,pass,Published email: atigala@gmail.com,http://rti.gov.lk/io-list/,
email,pass,Published email: admin@mail.natlib.lk,http://rti.gov.lk/io-list/,
email,pass,Published email: coopdepartment@sltnet.lk,http://rti.gov.lk/io-list/,
email,pass,Published email: commissioner_epd@yahoo.com,http://rti.gov.lk/io-list/,
email,pass,Published email: rpm_h@mahaweli.gov.lk,http://rti.gov.lk/io-list/,
email,pass,Published email: rpm_uw@mahaweli.gov.lk,http://rti.gov.lk/io-list/,
email,pass,Published email: rd_bdu@phdt.lk,http://rti.gov.lk/io-list/,
email,pass,Published email: Maha.divi.rajanganaya@gmail.com,http://rti.gov.lk/io-list/,
email,pass,Published email: ddgp@health.gov.lk,http://rti.gov.lk/io-list/,
email,pass,Published email: ddginvestigation@health.gov.lk,http://rti.gov.lk/io-list/,
email,pass,Published email: adzabey@hotmail.com,http://rti.gov.lk/io-list/,
email,pass,Published email: div.polonnaruwa@police.lk,http://rti.gov.lk/io-list/,
email,pass,Published email: dig.monaragala@police.lk,http://rti.gov.lk/io-list/,
email,pass,Published email: trincoga@gmail.com,http://rti.gov.lk/io-list/,
email,pass,Published email: natmin@sltnet.lk,http://rti.gov.lk/io-list/,
email,pass,Published email: kgehamara@yahoo.com,http://rti.gov.lk/io-list/,
email,pass,Published email: div.ratnapura@police.lk,http://rti.gov.lk/io-list/,
email,pass,Published email: rwkeerthikodithuwakku@gmail.com,http://rti.gov.lk/io-list/,
email,pass,Published email: commissioner@probation.gov.lk,http://rti.gov.lk/io-list/,
email,pass,Published email: diputta.irrigation@gmail.com,http://rti.gov.lk/io-list/,
email,pass,Published email: rpm_mora@mahaweli.gov.lk,http://rti.gov.lk/io-list/,
email,pass,Published email: dhr@irrigation.gov.lk,http://rti.gov.lk/io-list/,
email,pass,Published email: rpm_ramb@mahaweli.gov.lk,http://rti.gov.lk/io-list/,
email,pass,Published email: sararts@pdn.ac.lk,http://rti.gov.lk/io-list/,
email,pass,Published email: hdtslas1562@gmail.com,http://rti.gov.lk/io-list/,
email,pass,Published email: moha.divi.addalaichenai@gmail.com,http://rti.gov.lk/io-list/,
email,pass,Published email: haniffaslas@gmail.com,http://rti.gov.lk/io-list/,
email,pass,Published email: info@mepa.gov.lk,http://rti.gov.lk/io-list/,
email,pass,Published email: sainthads@gmail.com,http://rti.gov.lk/io-list/,
email,pass,Published email: fhb@health.gov.lk,http://rti.gov.lk/io-list/,
email,pass,Published email: moha.divi.kebithigollewa@gmail.com,http://rti.gov.lk/io-list/,
email,pass,Published email: chairman@nerde.lk,http://rti.gov.lk/io-list/,
email,pass,Published email: rd_kgl@phdt.lk,http://rti.gov.lk/io-list/,
email,pass,Published email: admin@slilg.gov.lk,http://rti.gov.lk/io-list/,
email,pass,Published email: snrssmatara@survey.gov.lk,http://rti.gov.lk/io-list/,
email,pass,Published email: kpsomachandra@gmail.com,http://rti.gov.lk/io-list/,
email,pass,Published email: ddgmsl@health.gov.lk,http://rti.gov.lk/io-list/,
email,pass,Published email: dsthumpane@gmail.com,http://rti.gov.lk/io-list/,
email,pass,Published email: valdept.dev9jude@gmail.com,http://rti.gov.lk/io-list/,
email,pass,Published email: auditor@dlb.com,http://rti.gov.lk/io-list/,
email,pass,Published email: gp@documents.gov.lk,http://rti.gov.lk/io-list/,
email,pass,Published email: div.jaffna@police.lk,http://rti.gov.lk/io-list/,
email,pass,Published email: dir.ffhq@police.lk,http://rti.gov.lk/io-list/,
email,pass,Published email: div.galle@police.lk,http://rti.gov.lk/io-list/,
email,pass,Published email: ag.chandrapala@yahoo.com,http://rti.gov.lk/io-list/,
email,pass,Published email: nmra@health.gov.lk,http://rti.gov.lk/io-list/,
email,pass,Published email: sloambalangoda@gmail.com,http://rti.gov.lk/io-list/,
email,pass,Published email: dadadditionalcg@gmail.com,http://rti.gov.lk/io-list/,
email,pass,Published email: dir.jsd@police.lk,http://rti.gov.lk/io-list/,
email,pass,Published email: dianasagari@gmail.com,http://rti.gov.lk/io-list/,
email,pass,Published email: udunuwara@gmail.com,http://rti.gov.lk/io-list/,
email,pass,Published email: herathspmdc@gmail.com,http://rti.gov.lk/io-list/,
email,pass,Published email: agml@smib.lk,http://rti.gov.lk/io-list/,
email,pass,Published email: secretary@tourismmin.gov.lk,http://rti.gov.lk/io-list/,
email,pass,Published email: snrsskilinochchi@survey.gov.lk,http://rti.gov.lk/io-list/,
email,pass,Published email: dsthirukkovil@gmail.com,http://rti.gov.lk/io-list/,
email,pass,Published email: rasanjaliep@dfd.treasury.gov.lk,http://rti.gov.lk/io-list/,
email,pass,Published email: gowrynisd@gmail.com,http://rti.gov.lk/io-list/,
email,pass,Published email: ddapoffice@gmail.com,http://rti.gov.lk/io-list/,
email,pass,Published email: info@slelections.gov.lk,http://rti.gov.lk/io-list/,
email,pass,Published email: rgd@sltne.lk,http://rti.gov.lk/io-list/,
email,pass,Published email: bhakkaraipattu@yahoo.com,http://rti.gov.lk/io-list/,
email,pass,Published email: aclanuradhapura@gmail.com,http://rti.gov.lk/io-list/,
email,pass,Published email: science@gmail.com,http://rti.gov.lk/io-list/,
email,pass,Published email: mmdjsenaratne@yahoo.com,http://rti.gov.lk/io-list/,
email,pass,Published email: snrsswp@gov.lk,http://rti.gov.lk/io-list/,
email,pass,Published email: devalagam.vihara@gmail.com,http://rti.gov.lk/io-list/,
email,pass,Published email: dir.it@police.lk,http://rti.gov.lk/io-list/,
email,pass,Published email: chairman@slpa.lk,http://rti.gov.lk/io-list/,
email,pass,Published email: chanranihordi@yahoo.com,http://rti.gov.lk/io-list/,
email,pass,Published email: pubad.secretary@sltnet.lk,http://rti.gov.lk/io-list/,
email,pass,Published email: liyanageindika@roketmail.com,http://rti.gov.lk/io-list/,
email,pass,Published email: dg@dwc.gov.lk,http://rti.gov.lk/io-list/,
email,pass,Published email: dolgampacl@gmail.com,http://rti.gov.lk/io-list/,
email,pass,Published email: dlojaela@gmail.com,http://rti.gov.lk/io-list/,
email,pass,Published email: dir.cctv@police.lk,http://rti.gov.lk/io-list/,
email,pass,Published email: dimuthusubhashani@yahoo.com,http://rti.gov.lk/io-list/,
email,pass,Published email: antondilesh@srilanka.travel,http://rti.gov.lk/io-list/,
email,pass,Published email: dol.kandysouth@gmail.com,http://rti.gov.lk/io-list/,
email,pass,Published email: dir.traffice@police.lk,http://rti.gov.lk/io-list/,
email,pass,Published email: moha.divi.uduvil@gmail.com,http://rti.gov.lk/io-list/,
email,pass,Published email: ao@olhp.gov.lk,http://rti.gov.lk/io-list/,
email,pass,Published email: ad.dev10.scs@doa.gov.lk,http://rti.gov.lk/io-list/,
email,pass,Published email: dir.fcid@police.lk,http://rti.gov.lk/io-list/,
email,pass,Published email: tharindinussldc@gmail.com,http://rti.gov.lk/io-list/,
email,pass,Published email: amhmskalmunai@gmail.com,http://rti.gov.lk/io-list/,
email,pass,Published email: niss@sltnet.lk,http://rti.gov.lk/io-list/,
email,pass,Published email: dir.parliament@police.lk,http://rti.gov.lk/io-list/,
email,pass,Published email: surangaaubey@gmail.com,http://rti.gov.lk/io-list/,
email,pass,Published email: lo@energymin.gov.lk,http://rti.gov.lk/io-list/,
email,pass,Published email: ditrinco.irrigation@gmail.com,http://rti.gov.lk/io-list/,
email,pass,Published email: uthpalajayarathne@gmail.com,http://rti.gov.lk/io-list/,
email,pass,Published email: labouryatiyanthota@gmail.com,http://rti.gov.lk/io-list/,
email,pass,Published email: valdept.dcv6chandani@gmail.com,http://rti.gov.lk/io-list/,
email,pass,Published email: valdept.northern.vanni@gmail.com,http://rti.gov.lk/io-list/,
email,pass,Published email: plnlabour@gmail.com,http://rti.gov.lk/io-list/,
email,pass,Published email: info@slic.gov.lk,http://rti.gov.lk/io-list/,
email,pass,Published email: dig.pmsd@police.lk,http://rti.gov.lk/io-list/,
email,pass,Published email: poojapitiya@gmail.com,http://rti.gov.lk/io-list/,
email,pass,Published email: dig.sb@police.lk,http://rti.gov.lk/io-list/,
email,pass,Published email: rti@cabinetoffice.gov.lk,http://rti.gov.lk/io-list/,
email,pass,Published email: peiris.kmdlt@msd.treasury.gov.lk,http://rti.gov.lk/io-list/,
email,pass,Published email: landpolon@gmail.com,http://rti.gov.lk/io-list/,
email,pass,Published email: gdeo.sw@gmail.com,http://rti.gov.lk/io-list/,
email,pass,Published email: rddratnapura@gmail.com,http://rti.gov.lk/io-list/,
email,pass,Published email: daphinfo@yahoo.com,http://rti.gov.lk/io-list/,
email,pass,Published email: director@muslimaffairs.gov.lk,http://rti.gov.lk/io-list/,
email,pass,Published email: chavik76@yahoo.com,http://rti.gov.lk/io-list/,
email,pass,Published email: internal_a@mahaweli.gov.lk,http://rti.gov.lk/io-list/,
email,pass,Published email: rddmgro@gmail.com,http://rti.gov.lk/io-list/,
email,pass,Published email: dgmadminetfb@sltnet.lk,http://rti.gov.lk/io-list/,
email,pass,Published email: clepfdol@gmail.com,http://rti.gov.lk/io-list/,
email,pass,Published email: agmcs@ceb.lk,http://rti.gov.lk/io-list/,
email,pass,Published email: chandrika_66jaya@yahoo.com,http://rti.gov.lk/io-list/,
email,pass,Published email: empcommicoopsp@sltnet.lk,http://rti.gov.lk/io-list/,
email,pass,Published email: joe@peace-srilanka.org,http://rti.gov.lk/io-list/,
email,pass,Published email: moha.divi.udapalatha@gmail.com,http://rti.gov.lk/io-list/,
email,pass,Published email: addsec_admin@moe.gov.lk,http://rti.gov.lk/io-list/,
email,pass,Published email: mgrdw@caa.lk,http://rti.gov.lk/io-list/,
email,pass,Published email: dclnwp@gmail.com,http://rti.gov.lk/io-list/,
email,pass,Published email: div.gampaha@police.lk,http://rti.gov.lk/io-list/,
email,pass,Published email: sdig.admin@police.lk,http://rti.gov.lk/io-list/,
email,pass,Published email: rao.ad@yahoo.com,http://rti.gov.lk/io-list/,
email,pass,Published email: cp@police.lk,http://rti.gov.lk/io-list/,
email,pass,Published email: ministryofindenousmedicine@gmail.com,http://rti.gov.lk/io-list/,
email,pass,Published email: adsec_youth@moys.gov.lk,http://rti.gov.lk/io-list/,
email,pass,Published email: moha.dist.anuradhapura@gmail.com,http://rti.gov.lk/io-list/,
email,pass,Published email: chairman@spmc.gov.lk,http://rti.gov.lk/io-list/,
email,pass,Published email: rpm_d@mahaweli.gov.lk,http://rti.gov.lk/io-list/,
email,pass,Published email: bhmedi@gmail.com,http://rti.gov.lk/io-list/,
email,pass,Published email: dscscsl@gmail.com,http://rti.gov.lk/io-list/,
email,pass,Published email: snrssmannar@survey.gov.lk,http://rti.gov.lk/io-list/,
email,pass,Published email: Karunarathna.hwsp@nbd.treasury.gov.lk,http://rti.gov.lk/io-list/,
email,pass,Published email: ad.dev5.scs@doa.gov.lk,http://rti.gov.lk/io-list/,
email,pass,Published email: valinorthdso@gmail.com,http://rti.gov.lk/io-list/,
email,pass,Published email: snrssbatticaloa@survey.gov.lk,http://rti.gov.lk/io-list/,
email,pass,Published email: ddgetr@health.gov.lk,http://rti.gov.lk/io-list/,
email,pass,Published email: addsecdev@health.gov.lk,http://rti.gov.lk/io-list/,
email,pass,Published email: administration@attorneygeneral.gov.lk,http://rti.gov.lk/io-list/,
email,pass,Published email: sas@env.gov.lk,http://rti.gov.lk/io-list/,
email,pass,Published email: sas@moys.gov.lk,http://rti.gov.lk/io-list/,
email,pass,Published email: daphadmn.div@gmail.com,http://rti.gov.lk/io-list/,
email,pass,Published email: dhanya@portcity.gov.lk,http://rti.gov.lk/io-list/,
email,pass,Published email: secretary.education@moe.gov.lk,http://rti.gov.lk/io-list/,
email,pass,Published email: preethika.ncpa@gmail.com,http://rti.gov.lk/io-list/,
email,pass,Published email: mail@nitf.lk,http://rti.gov.lk/io-list/,
email,pass,Published email: registrar@esn.ac.lk,http://rti.gov.lk/io-list/,
email,pass,Published email: mmjmr@ymail.com,http://rti.gov.lk/io-list/,
email,pass,Published email: div.puttalam@police.lk,http://rti.gov.lk/io-list/,
email,pass,Published email: sec@mip.gov.lk,http://rti.gov.lk/io-list/,
email,pass,Published email: deniyayabh@gmail.com,http://rti.gov.lk/io-list/,
email,pass,Published email: adaseedampara@gmail.com,http://rti.gov.lk/io-list/,
email,pass,Published email: directorlegalnipo@gmail.com,http://rti.gov.lk/io-list/,
email,pass,Published email: addlsec@nuwaraeliya.gov.lk,http://rti.gov.lk/io-list/,
email,pass,Published email: acc@imexport.gov.lk,http://rti.gov.lk/io-list/,
email,pass,Published email: info@nimh.health.gov.lk,http://rti.gov.lk/io-list/,
email,pass,Published email: sivjaganads@gmail.com,http://rti.gov.lk/io-list/,
email,pass,Published email: nhqdnaser@navy.lk,http://rti.gov.lk/io-list/,
email,pass,Published email: dsdamana69@gmail.com,http://rti.gov.lk/io-list/,
email,pass,Published email: pgsshantha@gmail.com,http://rti.gov.lk/io-list/,
email,pass,Published email: priyangi123@yahoo.com,http://rti.gov.lk/io-list/,
email,pass,Published email: dir.communication@police.lk,http://rti.gov.lk/io-list/,
email,pass,Published email: kuruppulionel@gmail.com,http://rti.gov.lk/io-list/,
email,pass,Published email: dir.pam@police.lk,http://rti.gov.lk/io-list/,
email,pass,Published email: admin.div@pclg.gov.lk,http://rti.gov.lk/io-list/,
email,pass,Published email: dlamp2017@gmail.com,http://rti.gov.lk/io-list/,
email,pass,Published email: sgp@parliament.lk,http://rti.gov.lk/io-list/,
email,pass,Published email: chandima@doc.gov.lk,http://rti.gov.lk/io-list/,
email,pass,Published email: sereen.rajendra@gmail.com,http://rti.gov.lk/io-list/,
email,pass,Published email: snrssratnapura@survey.gov.lk,http://rti.gov.lk/io-list/,
email,pass,Published email: rd_htn@phdt.lk,http://rti.gov.lk/io-list/,
email,pass,Published email: thushara@sec.gov.lk,http://rti.gov.lk/io-list/,
email,pass,Published email: div.hatton@police.lk,http://rti.gov.lk/io-list/,
email,pass,Published email: dapheconomics@gmail.com,http://rti.gov.lk/io-list/,
email,pass,Published email: informationofficer@parliament.lk,http://rti.gov.lk/io-list/,
email,pass,Published email: dig.spr@police.lk,http://rti.gov.lk/io-list/,
email,pass,Published email: dealwischandi@gmail.com,http://rti.gov.lk/io-list/,
email,pass,Published email: nihs@sltnet.lk,http://rti.gov.lk/io-list/,
email,pass,Published email: debarawewadlc@yahoo.com,http://rti.gov.lk/io-list/,
email,pass,Published email: ds@kundasalee.ds.gov.lk,http://rti.gov.lk/io-list/,
email,pass,Published email: arvcoffice@seu.ac.lk,http://rti.gov.lk/io-list/,
email,pass,Published email: balaghowrybala@yahoo.com,http://rti.gov.lk/io-list/,
email,pass,Published email: transpor@mahaweli.gov.lk,http://rti.gov.lk/io-list/,
email,pass,Published email: Chandanie.ma@gmail.com,http://rti.gov.lk/io-list/,
email,pass,Published email: labour.negambo@gmail.com,http://rti.gov.lk/io-list/,
email,pass,Published email: htdibibile055@gmail.com,http://rti.gov.lk/io-list/,
email,pass,Published email: moha.divi.thamankaduwa@gmail.com,http://rti.gov.lk/io-list/,
email,pass,Published email: rpm_b@mahaweli.gov.lk,http://rti.gov.lk/io-list/,
email,pass,Published email: mcmataramoh@gmail.com,http://rti.gov.lk/io-list/,
email,pass,Published email: kulathungamudali.sk@mo.treasury.gov.lk,http://rti.gov.lk/io-list/,
email,pass,Published email: ddgphs1@health.gov.lk,http://rti.gov.lk/io-list/,
email,pass,Published email: registrar@kln.ac.lk,http://rti.gov.lk/io-list/,
email,pass,Published email: snrsspolonnaruwa@survey.gov.lk,http://rti.gov.lk/io-list/,
email,pass,Published email: deptofval@gmail.com,http://rti.gov.lk/io-list/,
email,pass,Published email: dir.ccd@police.lk,http://rti.gov.lk/io-list/,
email,pass,Published email: thikshanis@gmail.com,http://rti.gov.lk/io-list/,
email,pass,Published email: info@slfea.lk,http://rti.gov.lk/io-list/,
email,pass,Published email: sas_admin@smoud.gov.lk,http://rti.gov.lk/io-list/,
email,pass,Published email: labouroffice87@gmail.com,http://rti.gov.lk/io-list/,
email,pass,Published email: wasalatantrike@gmail.com,http://rti.gov.lk/io-list/,
email,pass,Published email: gmsec@spc.lk,http://rti.gov.lk/io-list/,
email,pass,Published email: riyaldeenfrm@gmail.com,http://rti.gov.lk/io-list/,
email,pass,Published email: dolhaputale@gmail.com,http://rti.gov.lk/io-list/,
email,pass,Published email: ddaofficehasalaka@gmail.com,http://rti.gov.lk/io-list/,
email,pass,Published email: addsecadmin@moj.gov.lk,http://rti.gov.lk/io-list/,
email,pass,Published email: sasadmin2@moj.gov.lk,http://rti.gov.lk/io-list/,
email,pass,Published email: subashinie@ace.cmb.ac.lk,http://rti.gov.lk/io-list/,
email,pass,Published email: audit@ep.gov.lk,http://rti.gov.lk/io-list/,
email,pass,Published email: ncrstransport@gmail.com,http://rti.gov.lk/io-list/,
email,pass,Published email: olcommission@gmail.com,http://rti.gov.lk/io-list/,
email,pass,Published email: sladsl@yahoo.com,http://rti.gov.lk/io-list/,
email,pass,Published email: dir.communitypolicing@police.lk,http://rti.gov.lk/io-list/,
email,pass,Published email: dfopolonnaruwa@yahoo.com,http://rti.gov.lk/io-list/,
email,pass,Published email: msbhkantale@health.gov.lk,http://rti.gov.lk/io-list/,
email,pass,Published email: WAP.sandeepaperera.ss@gmail.com,http://rti.gov.lk/io-list/,
email,pass,Published email: prisons@sltnet.lk,http://rti.gov.lk/io-list/,
email,pass,Published email: arsmuthukandiya@gmail.com,http://rti.gov.lk/io-list/,
email,pass,Published email: pgiar.director@gmail.com,http://rti.gov.lk/io-list/,
email,pass,Published email: eragamads1@gmail.com,http://rti.gov.lk/io-list/,
email,pass,Published email: snrssmulative@survey.gov.lk,http://rti.gov.lk/io-list/,
email,pass,Published email: ddgadmin1@health.gov.lk,http://rti.gov.lk/io-list/,
email,pass,Published email: datcpolonnaruwa@gmail.com,http://rti.gov.lk/io-list/,
email,pass,Published email: ddgls@health.gov.lk,http://rti.gov.lk/io-list/,
email,pass,Published email: comm@motortraffic.gov.lk,http://rti.gov.lk/io-list/,
email,pass,Published email: Sublawarakapola@gmail.com,http://rti.gov.lk/io-list/,
email,pass,Published email: madhavie.n.gunawardena@gmail.com,http://rti.gov.lk/io-list/,
email,pass,Published email: ar@ahs.pdn.ac.lk,http://rti.gov.lk/io-list/,
email,pass,Published email: dir.inservice@police.lk,http://rti.gov.lk/io-list/,
email,pass,Published email: channasu@gmail.com,http://rti.gov.lk/io-list/,
email,pass,Published email: staofficer@wy.ac.lk,http://rti.gov.lk/io-list/,
email,pass,Published email: financebrjaffna@gmail.com,http://rti.gov.lk/io-list/,
email,pass,Published email: hirosh@srilanka.travel,http://rti.gov.lk/io-list/,
email,pass,Published email: arujunatilak@yahoo.com,http://rti.gov.lk/io-list/,
email,pass,Published email: info@ambagamuwa.ds.gov.lk,http://rti.gov.lk/io-list/,
email,pass,Published email: Hettiarachchi.pmk@dfd.treasury.gov.lk,http://rti.gov.lk/io-list/,
email,pass,Published email: dig.badulla@police.lk,http://rti.gov.lk/io-list/,
email,pass,Published email: lakshmikusumperera@yahoo.com,http://rti.gov.lk/io-list/,
email,pass,Published email: div.teldeniya@police.lk,http://rti.gov.lk/io-list/,
email,pass,Published email: nldbmonitoring@gmail.com,http://rti.gov.lk/io-list/,
email,pass,Published email: Moha.divi.rambewa@gmail.com,http://rti.gov.lk/io-list/,
email,pass,Published email: mtllabour123@gmail.com,http://rti.gov.lk/io-list/,
email,pass,Published email: dive.trincomalee@police.lk,http://rti.gov.lk/io-list/,
email,pass,Published email: div.bandarawela@police.lk,http://rti.gov.lk/io-list/,
email,pass,Published email: devapriya.mdjm@ird.gov.lk,http://rti.gov.lk/io-list/,
email,pass,Published email: secretariat@cpstl.lk,http://rti.gov.lk/io-list/,
email,pass,Published email: niroshahapuhinna@gmail.com,http://rti.gov.lk/io-list/,
email,pass,Published email: dlcampara@gmail.com,http://rti.gov.lk/io-list/,
email,pass,Published email: d.rharendra26@yahoo.com,http://rti.gov.lk/io-list/,
email,pass,Published email: chaminidiindika@gmail.com,http://rti.gov.lk/io-list/,
email,pass,Published email: snrssnp@survey.gov.lk,http://rti.gov.lk/io-list/,
email,pass,Published email: dir.occib@police.lk,http://rti.gov.lk/io-list/,
email,pass,Published email: kantale@police.lk,http://rti.gov.lk/io-list/,
email,pass,Published email: legal@ngja.gov.lk,http://rti.gov.lk/io-list/,
email,pass,Published email: asadmin1@env.gov.lk,http://rti.gov.lk/io-list/,
email,pass,Published email: dig.anuradhapura@police.lk,http://rti.gov.lk/io-list/,
email,pass,Published email: info@mip.gov.lk,http://rti.gov.lk/io-list/,
email,pass,Published email: dir.hrm@police.lk,http://rti.gov.lk/io-list/,
email,pass,Published email: div.kegale@police.lk,http://rti.gov.lk/io-list/,
email,pass,Published email: sa@pgia.ac.lk,http://rti.gov.lk/io-list/,
email,pass,Published email: admin@archieves.gov.lk,http://rti.gov.lk/io-list/,
email,pass,Published email: ghampara@gmail.com,http://rti.gov.lk/io-list/,
email,pass,Published email: dpmgsp@slpost.lk,http://rti.gov.lk/io-list/,
email,pass,Published email: divsecdk@gmail.com,http://rti.gov.lk/io-list/,
email,pass,Published email: Aclegal@immigration.gov.lk,http://rti.gov.lk/io-list/,
email,pass,Published email: d_lands@mahaweli.gov.lk,http://rti.gov.lk/io-list/,
email,pass,Published email: jrjayawardhanacentre@gmail.com,http://rti.gov.lk/io-list/,
email,pass,Published email: dir.wefair@police.lk,http://rti.gov.lk/io-list/,
email,pass,Published email: abeythilaka@yahoo.com,http://rti.gov.lk/io-list/,
email,pass,Published email: valdept.auditsec@gmail.com,http://rti.gov.lk/io-list/,
email,pass,Published email: wkmhinfo@gmail.com,http://rti.gov.lk/io-list/,
email,pass,Published email: auditnwp@gmail.com,http://rti.gov.lk/io-list/,
email,pass,Published email: gmsdcc1@gmail.com,http://rti.gov.lk/io-list/,
email,pass,Published email: drhafeel@gmail.com,http://rti.gov.lk/io-list/,
email,pass,Published email: ddglgogistics@health.gov.lk,http://rti.gov.lk/io-list/,
email,pass,Published email: fathimahanassa@yahoo.com,http://rti.gov.lk/io-list/,
email,pass,Published email: bhwalasmulla@gmail.com,http://rti.gov.lk/io-list/,
email,pass,Published email: addsec_admin@gmail.com,http://rti.gov.lk/io-list/,
email,pass,Published email: ncpa.legalunit@gmail.com,http://rti.gov.lk/io-list/,
email,pass,Published email: divsecgalenbi@gmail.com,http://rti.gov.lk/io-list/,
email,pass,Published email: dir.legal@police.lk,http://rti.gov.lk/io-list/,
email,pass,Published email: addsecpb@health.gov.lk,http://rti.gov.lk/io-list/,
email,pass,Published email: moha.divi.ipalogama@gmail.com,http://rti.gov.lk/io-list/,
email,pass,Published email: damayanthikoonara@gmail.com,http://rti.gov.lk/io-list/,
email,pass,Published email: punchi_iim@yahoo.com,http://rti.gov.lk/io-list/,
email,pass,Published email: snrssism@survey.gov.lk,http://rti.gov.lk/io-list/,
email,pass,Published email: smnrtnk@gmail.com,http://rti.gov.lk/io-list/,
email,pass,Published email: dgna@archieves.gov.lk,http://rti.gov.lk/io-list/,
email,pass,Published email: snrssab@survey.gov.lk,http://rti.gov.lk/io-list/,
email,pass,Published email: aclavssawella@gmail.com,http://rti.gov.lk/io-list/,
email,pass,Published email: arunadikkumbura@gmail.com,http://rti.gov.lk/io-list/,
email,pass,Published email: artscouncil@yahoo.com,http://rti.gov.lk/io-list/,
email,pass,Published email: priyakoon@yahoo.com,http://rti.gov.lk/io-list/,
email,pass,Published email: sujeewa@trc.gov.lk,http://rti.gov.lk/io-list/,
email,pass,Published email: hettiarachchi.pmk@dfd.treasury.gov.lk,http://rti.gov.lk/io-list/,
email,pass,Published email: dir.buildings@police.lk,http://rti.gov.lk/io-list/,
email,pass,Published email: div.monaragala@police.lk,http://rti.gov.lk/io-list/,
email,pass,Published email: dsgalnewa@gmail.com,http://rti.gov.lk/io-list/,
email,pass,Published email: valdept.dcv8dampe@gmail.com,http://rti.gov.lk/io-list/,
email,pass,Published email: ds@minipe.ds.gov.lk,http://rti.gov.lk/io-list/,
email,pass,Published email: info@agrimin.gov.lk,http://rti.gov.lk/io-list/,
email,pass,Published email: rti@cbsl.lk,http://rti.gov.lk/io-list/,
email,pass,Published email: dsmedirigiriya@gmail.com,http://rti.gov.lk/io-list/,
email,pass,Published email: moha.divi.kalmunaitamil@gmail.com,http://rti.gov.lk/io-list/,
email,pass,Published email: info@mc.lk,http://rti.gov.lk/io-list/,
email,pass,Published email: info@custom.gov.lk,http://rti.gov.lk/io-list/,
email,pass,Published email: landtitleheadlstd@gmail.com,http://rti.gov.lk/io-list/,
email,pass,Published email: dir.phr@police.lk,http://rti.gov.lk/io-list/,
email,pass,Published email: czdcl3@gmail.com,http://rti.gov.lk/io-list/,
email,pass,Published email: addlgajaffna@gmail.com,http://rti.gov.lk/io-list/,
email,pass,Published email: dir.mounted@police.lk,http://rti.gov.lk/io-list/,
email,pass,Published email: info@rupavahini.lk,http://rti.gov.lk/io-list/,
email,pass,Published email: susitha@ntc.gov.lk,http://rti.gov.lk/io-list/,
email,pass,Published email: dirssdss@gmail.com,http://rti.gov.lk/io-list/,
email,pass,Published email: renuka@mepa.gov.lk,http://rti.gov.lk/io-list/,
email,pass,Published email: info@psc.gov.lk,http://rti.gov.lk/io-list/,
email,pass,Published email: valdept.west.north@gmail.com,http://rti.gov.lk/io-list/,
email,pass,Published email: ce14coleast@gmail.com,http://rti.gov.lk/io-list/,
email,pass,Published email: mkulathunga@gmail.com,http://rti.gov.lk/io-list/,
email,pass,Published email: dir.supply@police.lk,http://rti.gov.lk/io-list/,
email,pass,Published email: rohan.director@nfpb.lk,http://rti.gov.lk/io-list/,
email,pass,Published email: kiti.iwm@gmail.com,http://rti.gov.lk/io-list/,
email,pass,Published email: landlegal@yahoo.com,http://rti.gov.lk/io-list/,
email,pass,Published email: aku.physics@yahoo.com,http://rti.gov.lk/io-list/,
email,pass,Published email: moha.divi.kuchchaveli@gmail.com,http://rti.gov.lk/io-list/,
email,pass,Published email: diwsp.irrigation@gmail.com,http://rti.gov.lk/io-list/,
email,pass,Published email: moha.dist.polonnaruwa@gmail.com,http://rti.gov.lk/io-list/,
email,pass,Published email: rg@rgd.gov.lk,http://rti.gov.lk/io-list/,
email,pass,Published email: nhqdnif@navy.lk,http://rti.gov.lk/io-list/,
email,pass,Published email: div.nuwaraeliya@police.lk,http://rti.gov.lk/io-list/,
email,pass,Published email: valdept.dcv5thamara@gmail.com,http://rti.gov.lk/io-list/,
email,pass,Published email: snrssanuradha@survey.gov.lk,http://rti.gov.lk/io-list/,
email,pass,Published email: moha.divi.seruwila@gmail.com,http://rti.gov.lk/io-list/,
email,pass,Published email: macahamedshafir@gmail.com,http://rti.gov.lk/io-list/,
email,pass,Published email: dirthkandy@gmail.com,http://rti.gov.lk/io-list/,
email,pass,Published email: hrdm@lankasalt.lk,http://rti.gov.lk/io-list/,
email,pass,Published email: dir.stf@police.lk,http://rti.gov.lk/io-list/,
email,pass,Published email: div.nugegoda@police.lk,http://rti.gov.lk/io-list/,
email,pass,Published email: irlabour456@gmail.com,http://rti.gov.lk/io-list/,
email,pass,Published email: daphamn.div@gmail.com,http://rti.gov.lk/io-list/,
email,pass,Published email: chandra@nlb.lk,http://rti.gov.lk/io-list/,
email,pass,Published email: director@ibmbb.cmb.ac.lk,http://rti.gov.lk/io-list/,
email,pass,Published email: ad.devl.ses.@doa.gov.lk,http://rti.gov.lk/io-list/,
email,pass,Published email: info@itn.lk,http://rti.gov.lk/io-list/,
email,pass,Published email: raojaffna7207@gmail.com,http://rti.gov.lk/io-list/,
email,pass,Published email: snrssbadulla@survey.gov.lk,http://rti.gov.lk/io-list/,
email,pass,Published email: addsec@mws.gov.lk,http://rti.gov.lk/io-list/,
email,pass,Published email: div.emblilipitiya@police.lk,http://rti.gov.lk/io-list/,
email,pass,Published email: info@pensions.gov.lk,http://rti.gov.lk/io-list/,
email,pass,Published email: generalhospitalchilaw@gmail.com,http://rti.gov.lk/io-list/,
email,pass,Published email: yasinthaliyanage@gmail.com,http://rti.gov.lk/io-list/,
email,pass,Published email: ds@panwila.ds.gov.lk,http://rti.gov.lk/io-list/,
email,pass,Published email: info@pmoffice.gov.lk,http://rti.gov.lk/io-list/,
email,pass,Published email: ombudssl@gmail.com,http://rti.gov.lk/io-list/,
email,pass,Published email: dupul@ymail.com,http://rti.gov.lk/io-list/,
email,pass,Published email: vcbpusl@gmail.com,http://rti.gov.lk/io-list/,
email,pass,Published email: soakunsale@gmail.com,http://rti.gov.lk/io-list/,
email,pass,Published email: rd_nel@phdt.lk,http://rti.gov.lk/io-list/,
email,pass,Published email: as_admin@mot.gov.lkinfo,http://rti.gov.lk/io-list/,
email,pass,Published email: deepikaudagama363@gmail.com,http://rti.gov.lk/io-list/,
email,pass,Published email: Pathminijm@gmail.com,http://rti.gov.lk/io-list/,
email,pass,Published email: asadmin.cms@slpost.lk,http://rti.gov.lk/io-list/,
email,pass,Published email: dir.crimes@police.lk,http://rti.gov.lk/io-list/,
email,pass,Published email: moha.divi.lahugala@gmail.com,http://rti.gov.lk/io-list/,
email,pass,Published email: cwimalasiri@gmail.com,http://rti.gov.lk/io-list/,
email,pass,Published email: dspayagala@gmail.com,http://rti.gov.lk/io-list/,
email,pass,Published email: sdig.wp@police.lk,http://rti.gov.lk/io-list/,
email,pass,Published email: dig.rd@police.lk,http://rti.gov.lk/io-list/,
email,pass,Published email: dig.coc@police.lk,http://rti.gov.lk/io-list/,
email,pass,Published email: infodept@slt.lk,http://rti.gov.lk/io-list/,
email,pass,Published email: div.kandy@police.lk,http://rti.gov.lk/io-list/,
email,pass,Published email: moha.divi.lankapura@gmail.com,http://rti.gov.lk/io-list/,
email,pass,Published email: kanishkak@cert.gov.lk,http://rti.gov.lk/io-list/,
email,pass,Published email: snrssampara@survey.gov.lk,http://rti.gov.lk/io-list/,
email,pass,Published email: aclgalle1@gmail.com,http://rti.gov.lk/io-list/,
email,pass,Published email: Senevirathne.macn@dma.treasury.gov.lk,http://rti.gov.lk/io-list/,
email,pass,Published email: mulleriyawahospital@gmail.com,http://rti.gov.lk/io-list/,
email,pass,Published email: priyasinhapura@gmail.com,http://rti.gov.lk/io-list/,
email,pass,Published email: dsnallurrti@gmail.com,http://rti.gov.lk/io-list/,
email,pass,Published email: ccdnp@gmail.com,http://rti.gov.lk/io-list/,
email,pass,Published email: ddiap.ext.mon@yahoo.com,http://rti.gov.lk/io-list/,
email,pass,Published email: moha.divi.gangaihala@gmail.com,http://rti.gov.lk/io-list/,
email,pass,Published email: dmbgll@yahoo.com,http://rti.gov.lk/io-list/,
email,pass,Published email: thkarapitiya@yahoo.com,http://rti.gov.lk/io-list/,
email,pass,Published email: addlsecadmin@env.gov.lk,http://rti.gov.lk/io-list/,
email,pass,Published email: dig.wanni@police.lk,http://rti.gov.lk/io-list/,
email,pass,Published email: dr.mahendra.068@gmail.com,http://rti.gov.lk/io-list/,
email,pass,Published email: yahampath@vtsal.gov.lk,http://rti.gov.lk/io-list/,
email,pass,Published email: bthilakarathne234@gmail.com,http://rti.gov.lk/io-list/,
email,pass,Published email: dir.dsd@police.lk,http://rti.gov.lk/io-list/,
email,pass,Published email: nkklnkkl17@gmail.com,http://rti.gov.lk/io-list/,
email,pass,Published email: mmkchandraguptha@gmail.com,http://rti.gov.lk/io-list/,
email,pass,Published email: revdepgmp@gmail.com,http://rti.gov.lk/io-list/,
email,pass,Published email: add.ses@doa.gov.lk,http://rti.gov.lk/io-list/,
email,pass,Published email: dig.phti.@police.lk,http://rti.gov.lk/io-list/,
email,pass,Published email: caahradd@gmail.com,http://rti.gov.lk/io-list/,
email,pass,Published email: termination@labourdept.gov.lk,http://rti.gov.lk/io-list/,
email,pass,Published email: dig.pnb@police.lk,http://rti.gov.lk/io-list/,
email,pass,Published email: moha.divi.palugaswewa@gmail.com,http://rti.gov.lk/io-list/,
email,pass,Published email: ddgadmin2@health.gov.lk,http://rti.gov.lk/io-list/,
email,pass,Published email: clo@health.gov.lk,http://rti.gov.lk/io-list/,
email,pass,Published email: moha.divinuwaraeliya@gmail.com,http://rti.gov.lk/io-list/,
email,pass,Published email: Lasanthi1977@gmail.com,http://rti.gov.lk/io-list/,
email,pass,Published email: doluvap@gmail.com,http://rti.gov.lk/io-list/,
email,pass,Published email: dsnintavur@gmail.com,http://rti.gov.lk/io-list/,
email,pass,Published email: kossinna.Chandani@gmail.com,http://rti.gov.lk/io-list/,
email,pass,Published email: kpkkoralagama@gmail.com,http://rti.gov.lk/io-list/,
email,pass,Published email: raorn1234@gmail.com,http://rti.gov.lk/io-list/,
email,pass,Published email: sanjayaindrakumara@gmail.com,http://rti.gov.lk/io-list/,
email,pass,Published email: dir.marine@police.lk,http://rti.gov.lk/io-list/,
email,pass,Published email: shyamalie_k@statistics.gov.lk,http://rti.gov.lk/io-list/,
email,pass,Published email: chandana.eapp@tipd.treasury.gov.lk,http://rti.gov.lk/io-list/,
email,pass,Published email: valdept.dcv7bandara@gmail.com,http://rti.gov.lk/io-list/,
email,pass,Published email: div.batticaloa@police.lk,http://rti.gov.lk/io-list/,
email,pass,Published email: divsecthirap@gmail.com,http://rti.gov.lk/io-list/,
email,pass,Published email: slspc@sltnet.lk,http://rti.gov.lk/io-list/,
email,pass,Published email: slafrti@airforce.com,http://rti.gov.lk/io-list/,
email,pass,Published email: senadhe52@gmail.com,http://rti.gov.lk/io-list/,
email,pass,Published email: chandra_smp@yahoo.com,http://rti.gov.lk/io-list/,
email,pass,Published email: dcelegal@excise.gov.lk,http://rti.gov.lk/io-list/,
email,pass,Published email: indika.lal@ntc.gov.lk,http://rti.gov.lk/io-list/,
email,pass,Published email: arunodanishshanka@gmail.com,http://rti.gov.lk/io-list/,
email,pass,Published email: dsmedawachchiya@gmail.com,http://rti.gov.lk/io-list/,
email,pass,Published email: pkumarahk@gmail.com,http://rti.gov.lk/io-list/,
email,pass,Published email: info@vpa.ac.lk,http://rti.gov.lk/io-list/,
email,pass,Published email: nfsstock@gmail.com,http://rti.gov.lk/io-list/,
email,pass,Published email: moha.divi.karaitivu@gmail.com,http://rti.gov.lk/io-list/,
email,pass,Published email: dir.transport@police.lk,http://rti.gov.lk/io-list/,
email,pass,Published email: sandyairugalbandara@gmail.com,http://rti.gov.lk/io-list/,
email,pass,Published email: dcbcorrection@gmail.com,http://rti.gov.lk/io-list/,
email,pass,Published email: dsnpeast@gmail.com,http://rti.gov.lk/io-list/,
email,pass,Published email: snrsscmb@survey.gov.lk,http://rti.gov.lk/io-list/,
email,pass,Published email: ds@medadumbara.ds.gov.lk,http://rti.gov.lk/io-list/,
email,pass,Published email: dig.westernsouth@police.lk,http://rti.gov.lk/io-list/,
email,pass,Published email: dir.environment@police.lk,http://rti.gov.lk/io-list/,
email,pass,Published email: landbranch.ltsd@gmail.com,http://rti.gov.lk/io-list/,
email,pass,Published email: Dha_daph@yahoo.com,http://rti.gov.lk/io-list/,
email,pass,Published email: sashq@slpost.lk,http://rti.gov.lk/io-list/,
email,pass,Published email: da.govtfactory@gmail.com,http://rti.gov.lk/io-list/,
email,pass,Published email: rubberdev@gmail.com,http://rti.gov.lk/io-list/,
email,pass,Published email: indika@crib.lk,http://rti.gov.lk/io-list/,
email,pass,Published email: chinthaninh@gmail.com,http://rti.gov.lk/io-list/,
email,pass,Published email: moha.divi.thirukkovil@gmail.com,http://rti.gov.lk/io-list/,
email,pass,Published email: dskky@sltnet.lk,http://rti.gov.lk/io-list/,
email,pass,Published email: adm.slmbs@gmail.com,http://rti.gov.lk/io-list/,
email,pass,Published email: ivan@pureceylontea.com,http://rti.gov.lk/io-list/,
email,pass,Published email: snrsstrinco@survey.gov.lk,http://rti.gov.lk/io-list/,
email,pass,Published email: info@transport.gov.lk,http://rti.gov.lk/io-list/,
email,pass,Published email: valdept.legalsec@gmail.com,http://rti.gov.lk/io-list/,
email,pass,Published email: dig.crimes@police.lk,http://rti.gov.lk/io-list/,
email,pass,Published email: dig.kegalle@police.lk,http://rti.gov.lk/io-list/,
email,pass,Published email: ddg@msd.gov.lk,http://rti.gov.lk/io-list/,
email,pass,Published email: gimhani74@gmail.com,http://rti.gov.lk/io-list/,
email,pass,Published email: zoosl@sltnet.lk,http://rti.gov.lk/io-list/,
email,pass,Published email: dsdeltota@gmail.com,http://rti.gov.lk/io-list/,
email,pass,Published email: sdig.sp@police.lk,http://rti.gov.lk/io-list/,
email,pass,Published email: dsonochchiyagama@gmail.com,http://rti.gov.lk/io-list/,
email,pass,Published email: div.gampola@police.lk,http://rti.gov.lk/io-list/,
email,pass,Published email: nbro@sltnet.lk,http://rti.gov.lk/io-list/,
email,pass,Published email: dsnvamp@gmail.com,http://rti.gov.lk/io-list/,
email,pass,Published email: radv8920@gmail.com,http://rti.gov.lk/io-list/,
email,pass,Published email: dlrt@health.gov.lk,http://rti.gov.lk/io-list/,
email,pass,Published email: secretary@landmin.gov.lk,http://rti.gov.lk/io-list/,
email,pass,Published email: chathurikapps@gmail.com,http://rti.gov.lk/io-list/,
email,pass,Published email: div.vavuniua@police.lk,http://rti.gov.lk/io-list/,
email,pass,Published email: bmchrdivision@gmail.com,http://rti.gov.lk/io-list/,
email,pass,Published email: labourstandardsdiv@gmail.com,http://rti.gov.lk/io-list/,
email,pass,Published email: dolsabp@gmail.com,http://rti.gov.lk/io-list/,
email,pass,Published email: Ta.cpclk@gmail.com,http://rti.gov.lk/io-list/,
email,pass,Published email: dir.envmasl@gmail.com,http://rti.gov.lk/io-list/,
email,pass,Published email: nhdf@health.gov.lk,http://rti.gov.lk/io-list/,
email,pass,Published email: CSTHkalub@gmail.com,http://rti.gov.lk/io-list/,
email,pass,Published email: d_livestock@mahaweli.gov.lk,http://rti.gov.lk/io-list/,
email,pass,Published email: manageradmin@timco.lk,http://rti.gov.lk/io-list/,
email,pass,Published email: nara@ac.lk,http://rti.gov.lk/io-list/,
email,pass,Published email: ism_medicine@yahoo.com,http://rti.gov.lk/io-list/,
email,pass,Published email: dsdimbulagala@gmail.com,http://rti.gov.lk/io-list/,
email,pass,Published email: addsec.projects@pclg.gov.lk,http://rti.gov.lk/io-list/,
email,pass,Published email: dig.ampara@police.lk,http://rti.gov.lk/io-list/,
email,pass,Published email: pradeep@dmc.gov.lk,http://rti.gov.lk/io-list/,
email,pass,Published email: ddgeohfs@health.gov.lk,http://rti.gov.lk/io-list/,
email,pass,Published email: snrssputtalam@survey.gov.lk,http://rti.gov.lk/io-list/,
email,pass,Published email: directorfinanceaph@gmail.com,http://rti.gov.lk/io-list/,
email,pass,Published email: Addlsec@mo.treasury,http://rti.gov.lk/io-list/,
email,pass,Published email: agroparkdoa@gmail.com,http://rti.gov.lk/io-list/,
email,pass,Published email: ruwandi84@gmail.com,http://rti.gov.lk/io-list/,
email,pass,Published email: admin@pim.sjp.ac.lk,http://rti.gov.lk/io-list/,
email,pass,Published email: niyas71@yahoo.com,http://rti.gov.lk/io-list/,
email,pass,Published email: amsatapattu@gmail.com,http://rti.gov.lk/io-list/,
email,pass,Published email: dig.welfare@police.lk,http://rti.gov.lk/io-list/,
email,pass,Published email: arvet@pdn.ac.lk,http://rti.gov.lk/io-list/,
email,pass,Published email: kundasaleada@yahoo.com,http://rti.gov.lk/io-list/,
email,pass,Published email: snrssp@survey.gov.lk,http://rti.gov.lk/io-list/,
email,pass,Published email: senanayake.ss.@govi.lk,http://rti.gov.lk/io-list/,
email,pass,Published email: rti.info@skillsmin.gov.lk,http://rti.gov.lk/io-list/,
email,pass,Published email: sloelpitiya@gmail.com,http://rti.gov.lk/io-list/,
email,pass,Published email: adaseedne@gmail.com,http://rti.gov.lk/io-list/,
email,pass,Published email: ars@ogis.lk,http://rti.gov.lk/io-list/,
email,pass,Published email: yatinuwarad@gmail.com,http://rti.gov.lk/io-list/,
email,pass,Published email: moha.divi.naula@gmail.com,http://rti.gov.lk/io-list/,
email,pass,Published email: kahatads@gmail.com,http://rti.gov.lk/io-list/,
email,pass,Published email: devikap@yahoo.com,http://rti.gov.lk/io-list/,
email,pass,Published email: directorrhrd@naqda.gov.lk,http://rti.gov.lk/io-list/,
email,pass,Published email: gunawardana.gmjk@nbd.treasury.gov.lk,http://rti.gov.lk/io-list/,
email,pass,Published email: cfo1@health.gov.lk,http://rti.gov.lk/io-list/,
email,pass,Published email: ddgadmin3@health.gov.lk,http://rti.gov.lk/io-list/,
email,pass,Published email: wmalavi@yahoo.com,http://rti.gov.lk/io-list/,
email,pass,Published email: sneranjala@yahoo.com,http://rti.gov.lk/io-list/,
email,pass,Published email: d-lup@mahaweli.gov.lk,http://rti.gov.lk/io-list/,
email,pass,Published email: nilmini@aeb.gov.lk,http://rti.gov.lk/io-list/,
email,pass,Published email: ps@presidentsoffice.lk,http://rti.gov.lk/io-list/,
email,pass,Published email: ninsansalamfernando@gmail.com,http://rti.gov.lk/io-list/,
email,pass,Published email: dir.bribery@police.lk,http://rti.gov.lk/io-list/,
email,pass,Published email: departmentofayurveda@gmail.com,http://rti.gov.lk/io-list/,
email,pass,Published email: muditha@ntc.gov.lk,http://rti.gov.lk/io-list/,
email,pass,Published email: info@salacine.lk,http://rti.gov.lk/io-list/,
email,pass,Published email: samantha@ugc.ac.lk,http://rti.gov.lk/io-list/,
email,pass,Published email: secretary@plantation.gov.lk,http://rti.gov.lk/io-list/,
email,pass,Published email: bhgampola@gmail.com,http://rti.gov.lk/io-list/,
email,pass,Published email: rdiapura@gmail.com,http://rti.gov.lk/io-list/,
email,pass,Published email: sdig.np@police.lk,http://rti.gov.lk/io-list/,
email,pass,Published email: dgmr@cma.lk,http://rti.gov.lk/io-list/,
email,pass,Published email: aselat@cea.lk,http://rti.gov.lk/io-list/,
email,pass,Published email: rti@media.gov.lk,http://rti.gov.lk/io-list/,
email,pass,Published email: div.kurunegala@police.lk,http://rti.gov.lk/io-list/,
email,pass,Published email: lrclegaldiv@gmail.com,http://rti.gov.lk/io-list/,
email,pass,Published email: ddgms2@health.gov.lk,http://rti.gov.lk/io-list/,
email,pass,Published email: dir.slpc@police.lk,http://rti.gov.lk/io-list/,
email,pass,Published email: dihtota.irrigation@gmail.com,http://rti.gov.lk/io-list/,
email,pass,Published email: Uda830@gmail.com,http://rti.gov.lk/io-list/,
email,pass,Published email: div.chilaw@police.lk,http://rti.gov.lk/io-list/,
email,pass,Published email: sec_nhpara@gmail.com,http://rti.gov.lk/io-list/,
email,pass,Published email: dig.puttalam@police.lk,http://rti.gov.lk/io-list/,
email,pass,Published email: daphabai@gmail.com,http://rti.gov.lk/io-list/,
email,pass,Published email: ads.ipalogama@gmail.com,http://rti.gov.lk/io-list/,
email,pass,Published email: chanukaw@icta.lk,http://rti.gov.lk/io-list/,
email,pass,Published email: div.mannar@police.lk,http://rti.gov.lk/io-list/,
email,pass,Published email: ddaspmdevav@gmail.com,http://rti.gov.lk/io-list/,
email,pass,Published email: ddgphs2@health.gov.lk,http://rti.gov.lk/io-list/,
email,pass,Published email: ayurvedicdrugs@sltnet.lk,http://rti.gov.lk/io-list/,
email,pass,Published email: anandad@tipd.treasury.gov.lk,http://rti.gov.lk/io-list/,
email,pass,Published email: aclabourmaharagama@gmail.com,http://rti.gov.lk/io-list/,
email,pass,Published email: labourofficemedawachchiya@gmail.com,http://rti.gov.lk/io-list/,
email,pass,Published email: arsci@pdn.ac.lk,http://rti.gov.lk/io-list/,
email,pass,Published email: manojithilakshika22@gmail.com,http://rti.gov.lk/io-list/,
email,pass,Published email: div.nikaweratiya@police.lk,http://rti.gov.lk/io-list/,
email,pass,Published email: nmdep@slt.lk,http://rti.gov.lk/io-list/,
email,pass,Published email: cliscfig@gmail.com,http://rti.gov.lk/io-list/,
email,pass,Published email: padaviya.ds.gov@gmail.com,http://rti.gov.lk/io-list/,
email,pass,Published email: thamilaprasa@gmail.com,http://rti.gov.lk/io-list/,
email,pass,Published email: cmmdev@mt.gov.lk,http://rti.gov.lk/io-list/,
email,pass,Published email: dir.expsd@police.lk,http://rti.gov.lk/io-list/,
email,pass,Published email: thalwaththe@gmail.com,http://rti.gov.lk/io-list/,
email,pass,Published email: adsechr@fisheries.gov.lk,http://rti.gov.lk/io-list/,
email,pass,Published email: rardcmk@yahoo.com,http://rti.gov.lk/io-list/,
email,pass,Published email: dig.colombo@police.lk,http://rti.gov.lk/io-list/,
email,pass,Published email: chanka@srilanka.travel,http://rti.gov.lk/io-list/,
email,pass,Published email: nindt.maligawatta@gmail.com,http://rti.gov.lk/io-list/,
email,pass,Published email: pdcriwmp@gmail.com,http://rti.gov.lk/io-list/,
email,pass,Published email: valdept.dcv4anuradha@gmail.com,http://rti.gov.lk/io-list/,
email,pass,Published email: sas.cp@slpost.lk,http://rti.gov.lk/io-list/,
email,pass,Published email: dir.sui@police.lk,http://rti.gov.lk/io-list/,
email,pass,Published email: periris.dpce@itmd.treasury.gov.lk,http://rti.gov.lk/io-list/,
email,pass,Published email: dibwela@gmail.com,http://rti.gov.lk/io-list/,
email,pass,Published email: rpm_hurulu@mahaweli.gov.lk,http://rti.gov.lk/io-list/,
email,pass,Published email: dghmonaragala@yahoo.com,http://rti.gov.lk/io-list/,
email,pass,Published email: moha.divi.akkaraipattu@gmail.com,http://rti.gov.lk/io-list/,
email,pass,Published email: moha.divi.padiyathalawa@gmail.com,http://rti.gov.lk/io-list/,
email,pass,Published email: colombonorthlo@gmail.com,http://rti.gov.lk/io-list/,
email,pass,Published email: moha.divi.nuwaraeliya@gmail.com,http://rti.gov.lk/io-list/,
email,pass,Published email: dir.ro@police.lk,http://rti.gov.lk/io-list/,
email,pass,Published email: supremecourt@sltnet.lk,http://rti.gov.lk/io-list/,
email,pass,Published email: rtidsj@gmail.com,http://rti.gov.lk/io-list/,
email,pass,Published email: rpushpakumara32@gmail.com,http://rti.gov.lk/io-list/,
email,pass,Published email: sampath@erd.gov.lk,http://rti.gov.lk/io-list/,
email,pass,Published email: div.kalutara@police.lk,http://rti.gov.lk/io-list/,
email,pass,Published email: sdig.ep@police.lk,http://rti.gov.lk/io-list/,
email,pass,Published email: revenue@ep.gov.lk,http://rti.gov.lk/io-list/,
email,pass,Published email: lochinislcarp1994@gmail.com,http://rti.gov.lk/io-list/,
email,pass,Published email: dimgala.irrigation@gmail.com,http://rti.gov.lk/io-list/,
email,pass,Published email: investigationfilm@gmail.com,http://rti.gov.lk/io-list/,
email,pass,Published email: ministrytofwatersupply@gmail.com,http://rti.gov.lk/io-list/,
email,pass,Published email: Sanjeep426@gmail.com,http://rti.gov.lk/io-list/,
email,pass,Published email: rpm_l@mahaweli.gov.lk,http://rti.gov.lk/io-list/,
email,pass,Published email: mahindjayasingh123@gmail.com,http://rti.gov.lk/io-list/,
email,pass,Published email: snrsskandy@gov.lk,http://rti.gov.lk/io-list/,
email,pass,Published email: rmkjayathilaka@gmail.com,http://rti.gov.lk/io-list/,
email,pass,Published email: investigationltsd@gmail.com,http://rti.gov.lk/io-list/,
email,pass,Published email: dig.galle@police.lk,http://rti.gov.lk/io-list/,
email,pass,Published email: kachcheriland@gmail.com,http://rti.gov.lk/io-list/,
email,pass,Published email: admin@aib.gov.lk,http://rti.gov.lk/io-list/,
email,pass,Published email: nakalandala.ndcp@dma.treasury.gov.lk,http://rti.gov.lk/io-list/,
email,pass,Published email: digmd.irrigation@gmail.com,http://rti.gov.lk/io-list/,
email,pass,Published email: minchris@sltnet.lk,http://rti.gov.lk/io-list/,
email,pass,Published email: snrsskurunegala@survey.gov.lk,http://rti.gov.lk/io-list/,
email,pass,Published email: dig.nuwaraeliya@police.lk,http://rti.gov.lk/io-list/,
email,pass,Published email: dir.ctid@police.lk,http://rti.gov.lk/io-list/,
email,pass,Published email: upulasen@gmail.com,http://rti.gov.lk/io-list/,
email,pass,Published email: snrsskegalle@survey.gov.lk,http://rti.gov.lk/io-list/,
email,pass,Published email: snrssgalle@survey.gov.lk,http://rti.gov.lk/io-list/,
email,pass,Published email: slathambawa@gmail.com,http://rti.gov.lk/io-list/,
email,pass,Published email: Ajiththushantha3@gmail.com,http://rti.gov.lk/io-list/,
email,pass,Published email: smajayasinha@gmail.com,http://rti.gov.lk/io-list/,
email,pass,Published email: rti.commission16@gmail.com,http://rti.gov.lk/io-list/,
email,pass,Published email: gayan@doc.gov.lk,http://rti.gov.lk/io-list/,
email,pass,Published email: rpmwelikanda@gmail.com,http://rti.gov.lk/io-list/,
email,pass,Published email: pgrc.doa@gmail.com,http://rti.gov.lk/io-list/,
email,pass,Published email: dir.tourist@police.lk,http://rti.gov.lk/io-list/,
email,pass,Published email: div.tangalle@police.lk,http://rti.gov.lk/io-list/,
email,pass,Published email: welfarebenefitboard2016@gmail.com,http://rti.gov.lk/io-list/,
email,pass,Published email: kilabourdept@gmail.com,http://rti.gov.lk/io-list/,
email,pass,Published email: shashini@erd.gov.lk,http://rti.gov.lk/io-list/,
email,pass,Published email: ds@ududumbarads.gov.lk,http://rti.gov.lk/io-list/,
email,pass,Published email: priya1980104@gmail.com,http://rti.gov.lk/io-list/,
email,pass,Published email: nilanjani@slecic.lk,http://rti.gov.lk/io-list/,
email,pass,Published email: labourmona@gmail.com,http://rti.gov.lk/io-list/,
email,pass,Published email: verangikalani86@gmail.com,http://rti.gov.lk/io-list/,
email,pass,Published email: ud.divisionmud@gmail.com,http://rti.gov.lk/io-list/,
email,pass,Published email: keerthiaa@admin.ruh.ac.lk,http://rti.gov.lk/io-list/,
email,pass,Published email: c.wickramatunga@yahoo.com,http://rti.gov.lk/io-list/,
email,pass,Published email: Ascoffice@sltnet.lk,http://rti.gov.lk/io-list/,
email,pass,Published email: dclncp@gmail.com,http://rti.gov.lk/io-list/,
email,pass,Published email: blminas@slpa.lk,http://rti.gov.lk/io-list/,
email,pass,Published email: div.mtlavina@police.lk,http://rti.gov.lk/io-list/,
email,pass,Published email: Culturalad.branch@gmail.com,http://rti.gov.lk/io-list/,
email,pass,Published email: hnsl@health.gov.lk,http://rti.gov.lk/io-list/,
email,pass,Published email: dskotmale@gmail.com,http://rti.gov.lk/io-list/,
email,pass,Published email: div.kelaniya@police.lk,http://rti.gov.lk/io-list/,
email,pass,Published email: dir.citytraffic@police.lk,http://rti.gov.lk/io-list/,
email,pass,Published email: rubberddkg@gmail.com,http://rti.gov.lk/io-list/,
email,pass,Published email: dinushkap@srilanka.travel,http://rti.gov.lk/io-list/,
email,pass,Published email: aclmatara@gmail.com,http://rti.gov.lk/io-list/,
email,pass,Published email: dir.kennelshq@police.lk,http://rti.gov.lk/io-list/,
email,pass,Published email: peiris.dpec@itmd.treasury.gov.lk,http://rti.gov.lk/io-list/,
email,pass,Published email: kavindyagimhani12@gmail.com,http://rti.gov.lk/io-list/,
email,pass,Published email: madanayake.s.w@sad.treasury.gov.lk,http://rti.gov.lk/io-list/,
email,pass,Published email: snrssuva@survey.gov.lk,http://rti.gov.lk/io-list/,
email,pass,Published email: vavlabour@gmail.com,http://rti.gov.lk/io-list/,
email,pass,Published email: hasika01@gmail.com,http://rti.gov.lk/io-list/,
email,pass,Published email: director@badullapgh.org,http://rti.gov.lk/io-list/,
email,pass,Published email: Isdhingurakgoda@gmail.com,http://rti.gov.lk/io-list/,
email,pass,Published email: sg@nprocom.gov.lk,http://rti.gov.lk/io-list/,
email,pass,Published email: embilipitiya.labour.office@gmail.com,http://rti.gov.lk/io-list/,
email,pass,Published email: dig.sis@police.lk,http://rti.gov.lk/io-list/,
email,pass,Published email: Shiromiperera5@gmail.com,http://rti.gov.lk/io-list/,
email,pass,Published email: moha.divi.alayadivembu@gmail.com,http://rti.gov.lk/io-list/,
email,pass,Published email: e2kasun@gmail.com,http://rti.gov.lk/io-list/,
email,pass,Published email: ag@auditorgeneral.gov.lk,http://rti.gov.lk/io-list/,
email,pass,Published email: snrsshambantota@survey.gov.lk,http://rti.gov.lk/io-list/,
email,pass,Published email: adsdoluwaa@gmail.com,http://rti.gov.lk/io-list/,
email,pass,Published email: ccd.legal@yahoo.com,http://rti.gov.lk/io-list/,
email,pass,Published email: lasnib@pdn.ac.lk,http://rti.gov.lk/io-list/,
email,pass,Published email: divsecmahawi@gmail.com,http://rti.gov.lk/io-list/,
email,pass,Published email: enforcementlbr@gmail.com,http://rti.gov.lk/io-list/,
email,pass,Published email: dir.election@police.lk,http://rti.gov.lk/io-list/,
email,pass,Published email: wgamila@gmail.com,http://rti.gov.lk/io-list/,
email,pass,Published email: dig.rathnapura@police.lk,http://rti.gov.lk/io-list/,
email,pass,Published email: valdept.northern@gmail.com,http://rti.gov.lk/io-list/,
email,pass,Published email: dclgalle@gmail.com,http://rti.gov.lk/io-list/,
email,pass,Published email: chsec@spc.lk,http://rti.gov.lk/io-list/,
email,pass,Published email: amilajaya77@gmail.com,http://rti.gov.lk/io-list/,
email,pass,Published email: slomorawaka@gmail.com,http://rti.gov.lk/io-list/,
email,pass,Published email: ad.dev9.scs@doa.gov.lk,http://rti.gov.lk/io-list/,
email,pass,Published email: sukanthi@yahoo.com,http://rti.gov.lk/io-list/,
email,pass,Published email: liyanage.cd@pfd.treasury.gov.lk,http://rti.gov.lk/io-list/,
email,pass,Published email: dolmahiyangana@gmail.com,http://rti.gov.lk/io-list/,
email,pass,Published email: dtetddadmn1@gmail.com,http://rti.gov.lk/io-list/,
email,pass,Published email: thusharideerasinghe@gmail.com,http://rti.gov.lk/io-list/,
email,pass,Published email: secretarygs@cbsl.lk,http://rti.gov.lk/io-list/,
email,pass,Published email: emsdissanayaka71@gmail.com,http://rti.gov.lk/io-list/,
email,pass,Published email: sas_admin@landmin.gov.lk,http://rti.gov.lk/io-list/,
email,pass,Published email: dir.cwbureau@police.lk,http://rti.gov.lk/io-list/,
email,pass,Published email: dig.ffhq@police.lk,http://rti.gov.lk/io-list/,
email,pass,Published email: duvindik@srilanka.travel,http://rti.gov.lk/io-list/,
email,pass,Published email: Kabesiriwardane@gmail.com,http://rti.gov.lk/io-list/,
email,pass,Published email: directordmh1876@gmail.com,http://rti.gov.lk/io-list/,
email,pass,Published email: udartiact@gmail.com,http://rti.gov.lk/io-list/,
email,pass,Published email: nrssvavuniyai@survey.gov.lk,http://rti.gov.lk/io-list/,
email,pass,Published email: deepalwijet@yahoo.com,http://rti.gov.lk/io-list/,
email,pass,Published email: snrssgampaha@survey.gov.lk,http://rti.gov.lk/io-list/,
email,pass,Published email: palithah@srilanka.travel,http://rti.gov.lk/io-list/,
email,pass,Published email: tec@pureceylontea.com,http://rti.gov.lk/io-list/,
email,pass,Published email: df@mahaweli.gov.lk,http://rti.gov.lk/io-list/,
email,pass,Published email: agm.finance@ssb.gov.lk,http://rti.gov.lk/io-list/,
email,pass,Published email: snrdsgrm@survey.gov.lk,http://rti.gov.lk/io-list/,
email,pass,Published email: registrar@sab.ac.lk,http://rti.gov.lk/io-list/,
email,pass,Published email: registraofca@gmail.com,http://rti.gov.lk/io-list/,
email,pass,Published email: arga@itum.mrt.ac.lk,http://rti.gov.lk/io-list/,
email,pass,Published email: putlabour@gmail.com,http://rti.gov.lk/io-list/,
email,pass,Published email: samanmali.wijesooriya@gmail.com,http://rti.gov.lk/io-list/,
email,pass,Published email: Info.officer@media.gov.lk,http://rti.gov.lk/io-list/,
email,pass,Published email: ranali@pdasl.gov.lk,http://rti.gov.lk/io-list/,
email,pass,Published email: dsofficekalmunai@gmail.com,http://rti.gov.lk/io-list/,
email,pass,Published email: directorsvias2019@gmail.com,http://rti.gov.lk/io-list/,
email,pass,Published email: valdept.dcv3tharanga@gmail.com,http://rti.gov.lk/io-list/,
email,pass,Published email: valdept.dcv9jude@gmail.com,http://rti.gov.lk/io-list/,
email,pass,Published email: kalmunailabouroffice@gmail.com,http://rti.gov.lk/io-list/,
email,pass,Published email: rd_gal@phdt.lk,http://rti.gov.lk/io-list/,
email,pass,Published email: dpmgwp8@gmail.com,http://rti.gov.lk/io-list/,
email,pass,Published email: harshishyama@yahoo.com,http://rti.gov.lk/io-list/,
email,pass,Published email: kalansuriya.adlg@sad.treasury.gov.lk,http://rti.gov.lk/io-list/,
email,pass,Published email: preeni@pdasl.gov.lk,http://rti.gov.lk/io-list/,
email,pass,Published email: hareesog@yahoo.com,http://rti.gov.lk/io-list/,
email,pass,Published email: ds@kandy.ds.gov.lk,http://rti.gov.lk/io-list/,
email,pass,Published email: thurusaviya.2000@gmail.com,http://rti.gov.lk/io-list/,
email,pass,Published email: dolrathnapura@gmail.com,http://rti.gov.lk/io-list/,
email,pass,Published email: dig.kurunegala@police.lk,http://rti.gov.lk/io-list/,
email,pass,Published email: ssivaneson@yahoo.com,http://rti.gov.lk/io-list/,
email,pass,Published email: aragri@pdn.ac.lk,http://rti.gov.lk/io-list/,
email,pass,Published email: ovdc123@sltnet.lk,http://rti.gov.lk/io-list/,
email,pass,Published email: indikajayalathge@gmail.com,http://rti.gov.lk/io-list/,
email,pass,Published email: castlehos@health.gov.lk,http://rti.gov.lk/io-list/,
email,pass,Published email: directorghpolonnaruwa@gmail.com,http://rti.gov.lk/io-list/,
email,pass,Published email: moha.divi.thambalagamuwa@gmail.com,http://rti.gov.lk/io-list/,
email,pass,Published email: jfresettlement@gmail.com,http://rti.gov.lk/io-list/,
email,pass,Published email: Moha.divi.horowpothana@gmail.com,http://rti.gov.lk/io-list/,
email,pass,Published email: armed@pdn.ac.lk,http://rti.gov.lk/io-list/,
email,pass,Published email: ddaseednika@gmail.com,http://rti.gov.lk/io-list/,
email,pass,Published email: dir.@police.lk,http://rti.gov.lk/io-list/,
email,pass,Published email: himalikw@gmail.com,http://rti.gov.lk/io-list/,
email,pass,Published email: div.kankasanthurai@police.lk,http://rti.gov.lk/io-list/,
email,pass,Published email: Pl@aib.gov.lk,http://rti.gov.lk/io-list/,
email,pass,Published email: dig.phq@police.lk,http://rti.gov.lk/io-list/,
email,pass,Published email: dspottuvil@gmail.com,http://rti.gov.lk/io-list/,
email,pass,Published email: sarlegaldoc@ou.ac.lk,http://rti.gov.lk/io-list/,
email,pass,Published email: kandeeviswa@gmail.com,http://rti.gov.lk/io-list/,
email,pass,Published email: ddgds@health.gov.lk,http://rti.gov.lk/io-list/,
email,pass,Published email: adl@ircsl.gov.lk,http://rti.gov.lk/io-list/,
email,pass,Published email: westernzone01ld@gmail.com,http://rti.gov.lk/io-list/,
email,pass,Published email: diradmin@vtasl.gov.lk,http://rti.gov.lk/io-list/,
email,pass,Published email: agmbc@boc.lk,http://rti.gov.lk/io-list/,
email,pass,Published email: vac748@gmail.com,http://rti.gov.lk/io-list/,
email,pass,Published email: dir_plnmis@usda.gov.lk,http://rti.gov.lk/io-list/,
email,pass,Published email: ds.mahaoya@gmail.com,http://rti.gov.lk/io-list/,
email,pass,Published email: snrsscp@survey.gov.lk,http://rti.gov.lk/io-list/,
email,pass,Published email: dolhatton829@gmail.com,http://rti.gov.lk/io-list/,
email,pass,Published email: visakha@erd.gov.lk,http://rti.gov.lk/io-list/,
email,pass,Published email: snrssmatale@survey.gov.lk,http://rti.gov.lk/io-list/,
email,pass,Published email: eshan.j@vtsal.gov.lk,http://rti.gov.lk/io-list/,
email,pass,Published email: dir.ad.dea@gmail.com,http://rti.gov.lk/io-list/,
email,pass,Published email: informationccb@gmail.com,http://rti.gov.lk/io-list/,
email,pass,Published email: Ada.res3rardc.arala@doa.gov.lk,http://rti.gov.lk/io-list/,
email,pass,Published email: dadacg537@gmail.com,http://rti.gov.lk/io-list/,
email,pass,Published email: Sdd_isc@iti.lk,http://rti.gov.lk/io-list/,
email,pass,Published email: dolcolombow@yahoo.com,http://rti.gov.lk/io-list/,
email,pass,Published email: menagaid@gmail.com,http://rti.gov.lk/io-list/,
email,pass,Published email: ruwankcm@gmail.com,http://rti.gov.lk/io-list/,
email,pass,Published email: rpm_vic@mahaweli.gov.lk,http://rti.gov.lk/io-list/,
email,pass,Published email: asnilantha@gmail.com,http://rti.gov.lk/io-list/,
email,pass,Published email: sdig.crimes.traffic@police.lk,http://rti.gov.lk/io-list/,
email,pass,Published email: admin@labourdept.gov.lk,http://rti.gov.lk/io-list/,
email,pass,Published email: alcmonaragala@gmail.com,http://rti.gov.lk/io-list/,
email,pass,Published email: dig.trincomalee@police.lk,http://rti.gov.lk/io-list/,
email,pass,Published email: ecadmin@excise.gov.lk,http://rti.gov.lk/io-list/,
email,pass,Published email: ar@pgihs.ac.lk,http://rti.gov.lk/io-list/,
email,pass,Published email: accimprest@gmail.com,http://rti.gov.lk/io-list/,
email,pass,Published email: die@ngosec.gov.lk,http://rti.gov.lk/io-list/,
email,pass,Published email: labourofficemaho@gmail.com,http://rti.gov.lk/io-list/,
email,pass,Published email: info@accmt.ac.lk,http://rti.gov.lk/io-list/,
email,pass,Published email: sublabourwen@gmail.com,http://rti.gov.lk/io-list/,
email,pass,Published email: sublabourkanthale@gmail.com,http://rti.gov.lk/io-list/,
email,pass,Published email: kithsiri.audit@gmail.com,http://rti.gov.lk/io-list/,
email,pass,Published email: lldfl916@gmail.com,http://rti.gov.lk/io-list/,
email,pass,Published email: info@rdb.lk,http://rti.gov.lk/io-list/,
email,pass,Published email: dirsbsch@gmail.com,http://rti.gov.lk/io-list/,
email,pass,Published email: selvakkunapalan.s@Id.gov.lk,http://rti.gov.lk/io-list/,
email,pass,Published email: dirampara@gmail.com,http://rti.gov.lk/io-list/,
email,pass,Published email: ad.res.scs@doa.gov.lk,http://rti.gov.lk/io-list/,
email,pass,Published email: div.colombonorth@police.lk,http://rti.gov.lk/io-list/,
email,pass,Published email: mbc2016.gov@gmail.com,http://rti.gov.lk/io-list/,
email,pass,Published email: armgt@pdn.ac.lk,http://rti.gov.lk/io-list/,
email,pass,Published email: dig.ombudsman@police.lk,http://rti.gov.lk/io-list/,
email,pass,Published email: cbanamuwage@gmail.com,http://rti.gov.lk/io-list/,
email,pass,Published email: sashiprasadi@gmail.com,http://rti.gov.lk/io-list/,
email,pass,Published email: lady.lochore@gmail.com,http://rti.gov.lk/io-list/,
email,pass,Published email: dr@pgia.ac.lk,http://rti.gov.lk/io-list/,
email,pass,Published email: adgfin@irrigation.gov.lk,http://rti.gov.lk/io-list/,
email,pass,Published email: siu@slpa.lk,http://rti.gov.lk/io-list/,
email,pass,Published email: sadeepam@gmail.com,http://rti.gov.lk/io-list/,
email,pass,Published email: d_legal@mahaweli.gov.lk,http://rti.gov.lk/io-list/,
email,pass,Published email: withanamcm@yahoo.com,http://rti.gov.lk/io-list/,
email,pass,Published email: dig.baticaloa@police.lk,http://rti.gov.lk/io-list/,
email,pass,Published email: div.elpitiya@police.lk,http://rti.gov.lk/io-list/,
email,pass,Published email: pavithrip@purecetlontea.com,http://rti.gov.lk/io-list/,
email,pass,Published email: nccpsl@yahoo.com,http://rti.gov.lk/io-list/,
email,pass,Published email: natamoh.lk@gmail.com,http://rti.gov.lk/io-list/,
email,pass,Published email: thmdirl@gmail.com,http://rti.gov.lk/io-list/,
email,pass,Published email: akuranaaa@gmail.com,http://rti.gov.lk/io-list/,
email,pass,Published email: seelan.nhrdc@gmail.com,http://rti.gov.lk/io-list/,
email,pass,Published email: gangaw@slithm.edu.lk,http://rti.gov.lk/io-list/,
email,pass,Published email: Froshan70@yahoo.com,http://rti.gov.lk/io-list/,
email,pass,Published email: labourofficechilaw@gmail.com,http://rti.gov.lk/io-list/,
email,pass,Published email: kumar.thila@gmail.com,http://rti.gov.lk/io-list/,
email,pass,Published email: rambutanresearch@gmail.com,http://rti.gov.lk/io-list/,
email,pass,Published email: ipdbranch@gmail.com,http://rti.gov.lk/io-list/,
email,pass,Published email: d_headworkers@mahaweli.gov.lk,http://rti.gov.lk/io-list/,
email,pass,Published email: slathambaw@gmail.com,http://rti.gov.lk/io-list/,
email,pass,Published email: directorhb@gmail.com,http://rti.gov.lk/io-list/,
email,pass,Published email: acltrincomalee@gmail.com,http://rti.gov.lk/io-list/,
email,pass,Published email: dig.personnel@police.lk,http://rti.gov.lk/io-list/,
email,pass,Published email: moha.divi.thambuththegama@gmail.com,http://rti.gov.lk/io-list/,
email,pass,Published email: sdig.sg@police.lk,http://rti.gov.lk/io-list/,
email,pass,Published email: ssthenuwara@aerc.gov.lk,http://rti.gov.lk/io-list/,
email,pass,Published email: ars@pgis.lk,http://rti.gov.lk/io-list/,
email,pass,Published email: direxag@sltnet.lk,http://rti.gov.lk/io-list/,
email,pass,Published email: naulasublabour@gmail.com,http://rti.gov.lk/io-list/,
email,pass,Published email: battilabour@gmail.com,http://rti.gov.lk/io-list/,
email,pass,Published email: dsomsepkwd@gmail.com,http://rti.gov.lk/io-list/,
email,pass,Published email: snrssnwp@survey.gov.lk,http://rti.gov.lk/io-list/,
email,pass,Published email: moha.divi.muthur@gmail.com,http://rti.gov.lk/io-list/,
email,pass,Published email: dayaratne.ks@tod.treasury.gov.lk,http://rti.gov.lk/io-list/,
email,pass,Published email: sanathanie_ranasinghe@yahoo.com,http://rti.gov.lk/io-list/,
email,pass,Published email: nhsl@health.gov.lk,http://rti.gov.lk/io-list/,
email,pass,Published email: dig.lkalutara@police.lk,http://rti.gov.lk/io-list/,
email,pass,Published email: agmper@boc.lk,http://rti.gov.lk/io-list/,
email,pass,Published email: udapolonnaruwa@gmail.com,http://rti.gov.lk/io-list/,
email,pass,Published email: coopdev@ep.gov.lk,http://rti.gov.lk/io-list/,
email,pass,Published email: rdainformation1968@gmail.com,http://rti.gov.lk/io-list/,
email,pass,Published email: ddpa@coastguard.gov.lk,http://rti.gov.lk/io-list/,
email,pass,Published email: kinniyads@gmail.com,http://rti.gov.lk/io-list/,
email,pass,Published email: sdig.ss@police.lk,http://rti.gov.lk/io-list/,
email,pass,Published email: info@kurunegalahospital..health.gov.lk,http://rti.gov.lk/io-list/,
email,pass,Published email: snrssmonaragala@survey.gov.lk,http://rti.gov.lk/io-list/,
email,pass,Published email: dolkuliyapitiya@gmail.com,http://rti.gov.lk/io-list/,
email,pass,Published email: dpdpsampara@gmail.com,http://rti.gov.lk/io-list/,
email,pass,Published email: dir.cfib@police.lk,http://rti.gov.lk/io-list/,
email,pass,Published email: info@mwfc.gov.lk.gov.lk,http://rti.gov.lk/io-list/,
email,pass,Published email: divenegambo@police.lk,http://rti.gov.lk/io-list/,
email,pass,Published email: planning.nhda@gmail.com,http://rti.gov.lk/io-list/,
email,pass,Published email: dlabourjaffna@gmail.com,http://rti.gov.lk/io-list/,
email,pass,Published email: saradmin@pgim.cmb.ac.lk,http://rti.gov.lk/io-list/,
email,pass,Published email: dolsabp@sltnet.lk,http://rti.gov.lk/io-list/,
email,pass,Published email: inkeerthi@edb.gov.lk,http://rti.gov.lk/io-list/,
email,pass,Published email: masl.pa.dir@gmail.com,http://rti.gov.lk/io-list/,
email,pass,Published email: info@army.lk,http://rti.gov.lk/io-list/,
email,pass,Published email: info@npc.gov.lk,http://rti.gov.lk/io-list/,
email,pass,Published email: rti@nifs.ac.lk,http://rti.gov.lk/io-list/,
email,pass,Published email: sarath.udayasiri@gmail.com,http://rti.gov.lk/io-list/,
email,pass,Published email: valsept.dvc3tharanga@gmail.com,http://rti.gov.lk/io-list/,
email,pass,Published email: mohamed.munazir@gmail.com,http://rti.gov.lk/io-list/,
email,pass,Published email: dir.cd@police.lk,http://rti.gov.lk/io-list/,
email,pass,Published email: docsdprohp@gmail.com,http://rti.gov.lk/io-list/,
email,pass,Published email: nilanthiwijewardana@yahoo.com,http://rti.gov.lk/io-list/,
email,pass,Published email: rti@presidentsoffice.lk,http://rti.gov.lk/io-list/,
email,pass,Published email: dsnach@gmail.com,http://rti.gov.lk/io-list/,
email,pass,Published email: dgsamurdhi@gmail.com,http://rti.gov.lk/io-list/,
email,pass,Published email: addsec_admin@industry.gov.lk,http://rti.gov.lk/io-list/,
email,pass,Published email: piyumisk25@gmail.com,http://rti.gov.lk/io-list/,
email,pass,Published email: dfisheries@gmail.com,http://rti.gov.lk/io-list/,
email,pass,Published email: admin@vtsal.gov.lk,http://rti.gov.lk/io-list/,
email,pass,Published email: kalpanee4@gmail.com,http://rti.gov.lk/io-list/,
email,pass,Published email: wca.division@yahoo.com,http://rti.gov.lk/io-list/,
email,pass,Published email: div.mullativu@police.lk,http://rti.gov.lk/io-list/,
email,pass,Published email: dsofficepadavisripura@gmail.com,http://rti.gov.lk/io-list/,
email,pass,Published email: info@moha.gov.lk,http://rti.gov.lk/io-list/,
email,pass,Published email: doapvic@gmail.com,http://rti.gov.lk/io-list/,
email,pass,Published email: dir.dha@police.lk,http://rti.gov.lk/io-list/,
email,pass,Published email: dig.kilinochchi.@police.lk,http://rti.gov.lk/io-list/,
email,pass,Published email: asha.weerasinghe@gmail.com,http://rti.gov.lk/io-list/,
email,pass,Published email: sdig.up@police.lk,http://rti.gov.lk/io-list/,
email,pass,Published email: div.matale@police.lk,http://rti.gov.lk/io-list/,
email,pass,Published email: hindudir@gmail.com,http://rti.gov.lk/io-list/,
email,pass,Published email: aclhambanthota@gmail.com,http://rti.gov.lk/io-list/,
email,pass,Published email: dir.slph@police.lk,http://rti.gov.lk/io-list/,
email,pass,Published email: sadunmanjula1@gmail.com,http://rti.gov.lk/io-list/,
email,pass,Published email: library@lki.lk,http://rti.gov.lk/io-list/,
email,pass,Published email: priyanthasirilanka@yahoo.com,http://rti.gov.lk/io-list/,
email,pass,Published email: sanjayawijesingha@gmail.com,http://rti.gov.lk/io-list/,
email,pass,Published email: chandanisaumya@gmail.com,http://rti.gov.lk/io-list/,
email,pass,Published email: admin@transport.gov.lk,http://rti.gov.lk/io-list/,
email,pass,Published email: dskopay@gmail.com,http://rti.gov.lk/io-list/,
email,pass,Published email: legal@sliate.ac.lk,http://rti.gov.lk/io-list/,
email,pass,Published email: dir.cavsf@police.lk,http://rti.gov.lk/io-list/,
email,pass,Published email: Dsjaffnadevelop@gmail.com,http://rti.gov.lk/io-list/,
email,pass,Published email: copdepartmentsp@gmail.com,http://rti.gov.lk/io-list/,
email,pass,Published email: dir.exam@police.lk,http://rti.gov.lk/io-list/,
email,pass,Published email: thilina@cscl.lk,http://rti.gov.lk/io-list/,
email,pass,Published email: dir.msd@police.lk,http://rti.gov.lk/io-list/,
email,pass,Published email: labouroffice.nawalapitiya@gmail.com,http://rti.gov.lk/io-list/,
email,pass,Published email: moha.diviyatawatta@gmail.com,http://rti.gov.lk/io-list/,
email,pass,Published email: Legalstaff01@gmail.com,http://rti.gov.lk/io-list/,
email,pass,Published email: ddaaluttarama@gmail.com,http://rti.gov.lk/io-list/,
email,pass,Published email: saredce@pdn.ac.lk,http://rti.gov.lk/io-list/,
email,pass,Published email: samanthi_pm@yahoo.com,http://rti.gov.lk/io-list/,
email,pass,Published email: dg@slt.lk,http://rti.gov.lk/io-list/,
email,pass,Published email: mis@vtsal.gov.lk,http://rti.gov.lk/io-list/,
email,pass,Published email: ihrenukamg@gmail.com,http://rti.gov.lk/io-list/,
email,pass,Published email: surangap@srilanka.travel,http://rti.gov.lk/io-list/,
email,pass,Published email: areng@pdn.ac.lk,http://rti.gov.lk/io-list/,
email,pass,Published email: gammahelage28@yahoo.com,http://rti.gov.lk/io-list/,
email,pass,Published email: mullabourdept@gmail.com,http://rti.gov.lk/io-list/,
email,pass,Published email: chairman@ntc.gov.lk,http://rti.gov.lk/io-list/,
email,pass,Published email: wpdclii@gmail.com,http://rti.gov.lk/io-list/,
email,pass,Published email: Anushadarapokuna83@gmail.com,http://rti.gov.lk/io-list/,
email,pass,Published email: dig.kandy@police.lk,http://rti.gov.lk/io-list/,
email,pass,Published email: maharagamancislm@gmail.com,http://rti.gov.lk/io-list/,
email,pass,Published email: rsurangika@gmail.com,http://rti.gov.lk/io-list/,
email,pass,Published email: snrsskalutara@survey.gov.lk,http://rti.gov.lk/io-list/,
email,pass,Published email: kantaleds@gmail.com,http://rti.gov.lk/io-list/,
email,pass,Published email: ia@cscl.lk,http://rti.gov.lk/io-list/,
email,pass,Published email: pudghkegalle@gmail.com,http://rti.gov.lk/io-list/,
email,pass,Published email: landlegal.irrigation@gmail.com,http://rti.gov.lk/io-list/,
email,pass,Published email: colombocentral1@gmail.com,http://rti.gov.lk/io-list/,
email,pass,Published email: slbc@srilanka.net,http://rti.gov.lk/io-list/,
email,pass,Published email: maslmscrop@sltne.lk,http://rti.gov.lk/io-list/,
email,pass,Published email: moha.divi.ampara@gmail.com,http://rti.gov.lk/io-list/,
email,pass,Published email: ppsdoa@gmail.com,http://rti.gov.lk/io-list/,
email,pass,Published email: eis@sjp.ac.lk,http://rti.gov.lk/io-list/,
email,pass,Published email: moha.divi.morawewa@gmail.com,http://rti.gov.lk/io-list/,
email,pass,Published email: moha.divi.ukuwela@gmail.com,http://rti.gov.lk/io-list/,
email,pass,Published email: dir.cid@police.lk,http://rti.gov.lk/io-list/,
email,pass,Published email: info@srilanka.travel,http://rti.gov.lk/io-list/,
email,pass,Published email: rinoos1212@gmail.com,http://rti.gov.lk/io-list/,
email,pass,Published email: dobdptd@gmail.com,http://rti.gov.lk/io-list/,
email,pass,Published email: bcg.rehabilitation@gmail.com,http://rti.gov.lk/io-list/,
email,pass,Published email: admin@ld.gov.lk,http://rti.gov.lk/io-list/,
email,pass,Published email: ds@pathahewaheta.ds.gov.lk,http://rti.gov.lk/io-list/,
email,pass,Published email: moha.divi.uhana@gmail.com,http://rti.gov.lk/io-list/,
email,pass,Published email: ddg_ts@mahaweli.gov.lk,http://rti.gov.lk/io-list/,
email,pass,Published email: cg@dmt.gov.lk,http://rti.gov.lk/io-list/,
email,pass,Published email: ghklhealth@yahoo.com,http://rti.gov.lk/io-list/,
email,pass,Published email: towersl@ltnet.lk,http://rti.gov.lk/io-list/,
email,pass,Published email: ap@police.lk,http://rti.gov.lk/io-list/,
email,pass,Published email: excisen@slt.lk,http://rti.gov.lk/io-list/,
email,pass,Published email: chairman@ceynor.lk,http://rti.gov.lk/io-list/,
email,pass,Published email: dolspecialinvestigation@gmail.com,http://rti.gov.lk/io-list/,
email,pass,Published email: snrssneliya@survey.gov.lk,http://rti.gov.lk/io-list/,
email,pass,Published email: jayanat@pucsl.gov.lk,http://rti.gov.lk/io-list/,
email,pass,Published email: sandanayakes@gmail.com,http://rti.gov.lk/io-list/,
email,pass,Published email: dir.npa@police.lk,http://rti.gov.lk/io-list/,
email,pass,Published email: mhusiri@gmail.com,http://rti.gov.lk/io-list/,
email,pass,Published email: gampola7@gmail.com,http://rti.gov.lk/io-list/,
email,pass,Published email: registrar@ecsl.lk,http://rti.gov.lk/io-list/,
email,pass,Published email: div.badulla@police.lk,http://rti.gov.lk/io-list/,
email,pass,Published email: dig.westernnorth@police.lk,http://rti.gov.lk/io-list/,
email,pass,Published email: d_idu@mahaweli.gov.lk,http://rti.gov.lk/io-list/,
email,pass,Published email: bhagya@srilanka.travel,http://rti.gov.lk/io-list/,
email,pass,Published email: div.colombosouth@police.lk,http://rti.gov.lk/io-list/,
email,pass,Published email: ajithlkw@yahoo.com,http://rti.gov.lk/io-list/,
email,pass,Published email: div.kantale@police.lk,http://rti.gov.lk/io-list/,
email,pass,Published email: sathyan.health@gmail.com,http://rti.gov.lk/io-list/,
email,pass,Published email: hatharaliyadda@gmail.com,http://rti.gov.lk/io-list/,
email,pass,Published email: indikaicta@gmail.com,http://rti.gov.lk/io-list/,
email,pass,Published email: dfiu@cbsl.lk,http://rti.gov.lk/io-list/,
email,pass,Published email: eyehospitalsrilanka@gmail.com,http://rti.gov.lk/io-list/,
email,pass,Published email: chrsigh@gmail.com,http://rti.gov.lk/io-list/,
email,pass,Published email: hirapeera@yahoo.com,http://rti.gov.lk/io-list/,
email,pass,Published email: generalland123@gmail.com,http://rti.gov.lk/io-list/,
email,pass,Published email: roshiniudayakanthi426@gmail.com,http://rti.gov.lk/io-list/,
email,pass,Published email: info@mail.natlib.lk,http://rti.gov.lk/io-list/,
email,pass,Published email: labourofficekegalle123@gmail.com,http://rti.gov.lk/io-list/,
email,pass,Published email: div.colombocentral@police.lk,http://rti.gov.lk/io-list/,
email,pass,Published email: a.weerawarna@gmail.com,http://rti.gov.lk/io-list/,
email,pass,Published email: ds@kandy.dist.gov.lk,http://rti.gov.lk/io-list/,
email,pass,Published email: chathuri@doc.gov.lk,http://rti.gov.lk/io-list/,
email,pass,Published email: publictrusteesl@gmail.com,http://rti.gov.lk/io-list/,
email,pass,Published email: dgmcpho@gmail.com,http://rti.gov.lk/io-list/,
email,pass,Published email: info@cnth.health.gov.lk,http://rti.gov.lk/io-list/,
email,pass,Published email: disnarath@yahoo.com,http://rti.gov.lk/io-list/,
email,pass,Published email: lakshika@dlcsrilanka.org,http://rti.gov.lk/io-list/,
email,pass,Published email: dghmatara@yahoo.com,http://rti.gov.lk/io-list/,
email,pass,Published email: slobeliatta@gmail.com,http://rti.gov.lk/io-list/,
email,pass,Published email: slpostmanojani@gmail.com,http://rti.gov.lk/io-list/,
email,pass,Published email: panaduraoffice@gmail.com,http://rti.gov.lk/io-list/,
email,pass,Published email: dig.logistics@police.lk,http://rti.gov.lk/io-list/,
email,pass,Published email: directormri@gmail.com,http://rti.gov.lk/io-list/,
email,pass,Published email: trincods@gmail.com,http://rti.gov.lk/io-list/,
email,pass,Published email: dicp.irrigation@gmail.com,http://rti.gov.lk/io-list/,
email,pass,Published email: dspasbage@gmail.com,http://rti.gov.lk/io-list/,
email,pass,Published email: gethweeraratne@gmail.com,http://rti.gov.lk/io-list/,
email,pass,Published email: kkk@ucsc.cmb.ac.lk,http://rti.gov.lk/io-list/,
email,pass,Published email: lalitha@nara.ac.lk,http://rti.gov.lk/io-list/,
email,pass,Published email: dig.igppa@police.lk,http://rti.gov.lk/io-list/,
email,pass,Published email: sasadmin@health.gov.lk,http://rti.gov.lk/io-list/,
email,pass,Published email: idbmkd@gmail.com,http://rti.gov.lk/io-list/,
email,pass,Published email: dsoharispaththuwa@gmail.com,http://rti.gov.lk/io-list/,
email,pass,Published email: dir.pmsd@police.lk,http://rti.gov.lk/io-list/,
email,pass,Published email: nadesankugathasan@gmail.com,http://rti.gov.lk/io-list/,
email,pass,Published email: info@nlb.lk,http://rti.gov.lk/io-list/,
email,pass,Published email: admin@mohsl.gov.lk,http://rti.gov.lk/io-list/,
email,pass,Published email: mohanhathurusinghe@yahoo.com,http://rti.gov.lk/io-list/,
email,pass,Published email: anjalajaya@gmail.com,http://rti.gov.lk/io-list/,
email,pass,Published email: mshamee78@gmail.com,http://rti.gov.lk/io-list/,
email,pass,Published email: lkpushpakanthi@yahoo.com,http://rti.gov.lk/io-list/,
email,pass,Published email: dgmadmin@sltb.lk,http://rti.gov.lk/io-list/,
email,pass,Published email: buddhikaylb@gmail.com,http://rti.gov.lk/io-list/,
email,pass,Published email: addsec.dev@pclg.gov.lk,http://rti.gov.lk/io-list/,
email,pass,Published email: rpm_c@mahaweli.gov.lk,http://rti.gov.lk/io-list/,
email,pass,Published email: basehospitalkn@gmail.com,http://rti.gov.lk/io-list/,
email,pass,Published email: rd_kdy@phdt.lk,http://rti.gov.lk/io-list/,
email,pass,Published email: sarath@milco.lk,http://rti.gov.lk/io-list/,
email,pass,Published email: labourneliya@gmail.com,http://rti.gov.lk/io-list/,
email,pass,Published email: sdig.cp@police.lk,http://rti.gov.lk/io-list/,
email,pass,Published email: commissionerdoe@gmail.com,http://rti.gov.lk/io-list/,
email,pass,Published email: lahirividu83@gmail.com,http://rti.gov.lk/io-list/,
email,pass,Published email: d_pmu@mahaweli.gov.lk,http://rti.gov.lk/io-list/,
email,pass,Published email: thratnapura@sltnet.lk,http://rti.gov.lk/io-list/,
email,pass,Published email: info-eng@cs.spgov.lk,http://rti.gov.lk/io-list/,
email,pass,Published email: sasfly@health.gov.lk,http://rti.gov.lk/io-list/,
email,pass,Published email: ateachinghospital@yahoo.com,http://rti.gov.lk/io-list/,
email,pass,Published email: div.anuradhapura@police.lk,http://rti.gov.lk/io-list/,
email,pass,Published email: ddgncd@health.gov.lk,http://rti.gov.lk/io-list/,
email,pass,Published email: tradeunion@labourdept.gov.lk,http://rti.gov.lk/io-list/,
email,pass,Published email: rubdevkalu@gmail.com,http://rti.gov.lk/io-list/,
email,pass,Published email: rubbergalle@gmail.com.lk,http://rti.gov.lk/io-list/,
postal_address,pass,Published postal address: 01 Address 02 Address 03 Telephone 01 Fax Moblie No Email Mr G.G.S.C. Roshan President’s Senior Assistant Secretary Info,http://rti.gov.lk/io-list/,
named_responsibility,pass,Published named responsibility: officer in charge,http://rti.gov.lk/io-list/,
legal_basis,pass,Published legal basis: circular,http://rti.gov.lk/io-list/,
fees_and_payment,pass,"Published fees and payment: rs,",http://rti.gov.lk/io-list/,
published_update_date,fail,Published published update date: 20-05-2024,http://rti.gov.lk/io-list/,
phone,pass,Published phone: 0 221 -36 32 -10,http://rti.gov.lk/rti-unit/,
phone,pass,Published phone: 095 -270 -1585 -,http://rti.gov.lk/rti-unit/,
phone,pass,Published phone: 0 273 275 326 ,http://rti.gov.lk/rti-unit/,
phone,pass,Published phone: 0 45 -18 66 -18 5,http://rti.gov.lk/rti-unit/,
phone,pass,Published phone: 0 202 137 225 ,http://rti.gov.lk/rti-unit/,
phone,pass,Published phone: 07 132 -981 25 -,http://rti.gov.lk/rti-unit/,
phone,pass,Published phone: 0 123 61 2 0 -10 -,http://rti.gov.lk/rti-unit/,
phone,pass,Published phone: 0 14 -18 113 -40 ,http://rti.gov.lk/rti-unit/,
phone,pass,Published phone: 0 107 52 107 1,http://rti.gov.lk/rti-unit/,
phone,pass,Published phone: 0 -263 -110 -324 -,http://rti.gov.lk/rti-unit/,
phone,pass,Published phone: 08 -262 593 -44,http://rti.gov.lk/rti-unit/,
phone,pass,Published phone: +94 112 515700 ,http://rti.gov.lk/rti-unit/,
phone,pass,Published phone: 0 0 70 -86 122 -1,http://rti.gov.lk/rti-unit/,
phone,pass,Published phone: 0 76 -36 113 -56,http://rti.gov.lk/rti-unit/,
phone,pass,Published phone: 06 314 -532 46,http://rti.gov.lk/rti-unit/,
phone,pass,Published phone: 0 36 67 87 -16 2,http://rti.gov.lk/rti-unit/,
phone,pass,Published phone: 0 -38 163 -166 3,http://rti.gov.lk/rti-unit/,
phone,pass,Published phone: 0 -13 -295 52 -53 ,http://rti.gov.lk/rti-unit/,
phone,pass,Published phone: 07 990 -497 24,http://rti.gov.lk/rti-unit/,
phone,pass,Published phone: 00 -5 -401 -72 -25,http://rti.gov.lk/rti-unit/,
phone,pass,Published phone: 0 15 31 17 60 1,http://rti.gov.lk/rti-unit/,
phone,pass,Published phone: 0 114 -284 457 -,http://rti.gov.lk/rti-unit/,
phone,pass,Published phone: 03 122 121 25,http://rti.gov.lk/rti-unit/,
phone,pass,Published phone: 0 -98 131 -148 1,http://rti.gov.lk/rti-unit/,
phone,pass,Published phone: 0 -86 209 -89 21,http://rti.gov.lk/rti-unit/,
phone,pass,Published phone: 0 128 143 306 ,http://rti.gov.lk/rti-unit/,
phone,pass,Published phone: 0 -42 -48 -48 -103 -,http://rti.gov.lk/rti-unit/,
phone,pass,Published phone: 04 -459 -423 -48,http://rti.gov.lk/rti-unit/,
phone,pass,Published phone: 0 -16 -233 -242 -3,http://rti.gov.lk/rti-unit/,
phone,pass,Published phone: 0 27 69 37 214 ,http://rti.gov.lk/rti-unit/,
phone,pass,Published phone: 0 -107 -173 -107 -,http://rti.gov.lk/rti-unit/,
phone,pass,Published phone: 011- 2515701 ,http://rti.gov.lk/rti-unit/,
phone,pass,Published phone: 01 -76 -368 -76 -1,http://rti.gov.lk/rti-unit/,
phone,pass,Published phone: 045 392 1455 ,http://rti.gov.lk/rti-unit/,
phone,pass,Published phone: 0 -241 119 -326 ,http://rti.gov.lk/rti-unit/,
phone,pass,Published phone: 0 126 -108 162 -,http://rti.gov.lk/rti-unit/,
phone,pass,Published phone: 0 174 -41 79 -30,http://rti.gov.lk/rti-unit/,
phone,pass,Published phone: 06 731 -260 98 ,http://rti.gov.lk/rti-unit/,
phone,pass,Published phone: 04 19 -94 39 -18,http://rti.gov.lk/rti-unit/,
phone,pass,Published phone: 0 14 -50 54 -80 1,http://rti.gov.lk/rti-unit/,
phone,pass,Published phone: 0 -190 -395 -379 -,http://rti.gov.lk/rti-unit/,
phone,pass,Published phone: 02 0 -56 133 -37,http://rti.gov.lk/rti-unit/,
phone,pass,Published phone: 0 16 31 87 366 ,http://rti.gov.lk/rti-unit/,
phone,pass,Published phone: 0 -96 -229 -47 -21,http://rti.gov.lk/rti-unit/,
phone,pass,Published phone: 0 -55 33 -94 87 -1,http://rti.gov.lk/rti-unit/,
phone,pass,Published phone: 04 -326 360 -67 ,http://rti.gov.lk/rti-unit/,
phone,pass,Published phone: 011-2513 943 ,http://rti.gov.lk/rti-unit/,
phone,pass,Published phone: 00 0 39 -1 41 -12,http://rti.gov.lk/rti-unit/,
phone,pass,Published phone: 011- 2515700 ,http://rti.gov.lk/rti-unit/,
phone,pass,Published phone: 0 -80 34 0 48 6 7,http://rti.gov.lk/rti-unit/,
phone,pass,Published phone: 0 -946 591 -147,http://rti.gov.lk/rti-unit/,
phone,pass,Published phone: 0 -124 456 -258 ,http://rti.gov.lk/rti-unit/,
phone,pass,Published phone: 0 -319 -155 -123 -,http://rti.gov.lk/rti-unit/,
phone,pass,Published phone: +94 112 515701 ,http://rti.gov.lk/rti-unit/,
phone,pass,Published phone: 011-2512 343 ,http://rti.gov.lk/rti-unit/,
phone,pass,Published phone: 0 -211 15 -242 3,http://rti.gov.lk/rti-unit/,
phone,pass,Published phone: 0 -236 14 -368 7,http://rti.gov.lk/rti-unit/,
phone,pass,Published phone: 09 -223 -461 -29,http://rti.gov.lk/rti-unit/,
phone,pass,Published phone: 0 -74 310 0 370 ,http://rti.gov.lk/rti-unit/,
phone,pass,Published phone: 0 29 -41 0 -53 -5 -7,http://rti.gov.lk/rti-unit/,
phone,pass,Published phone: 0 -12 -29 -10 -49 2,http://rti.gov.lk/rti-unit/,
phone,pass,Published phone: 084 153 49 29,http://rti.gov.lk/rti-unit/,
phone,pass,Published phone: 04 67 -13 90 8 2,http://rti.gov.lk/rti-unit/,
phone,pass,Published phone: 0 -58 -105 -190 -1,http://rti.gov.lk/rti-unit/,
phone,pass,Published phone: 0 30 -99 39 -137 ,http://rti.gov.lk/rti-unit/,
phone,pass,Published phone: 08 97 206 80 1,http://rti.gov.lk/rti-unit/,
email,pass,Published email: rtiunitsl@gmail.com,http://rti.gov.lk/rti-unit/,
email,pass,Published email: rti@media.gov.lk,http://rti.gov.lk/rti-unit/,
email,pass,Published email: adsecdev@media.gov.lk,http://rti.gov.lk/rti-unit/,
postal_address,pass,"Published postal address: 163, Asidisi Medura, Kirulapone Mawatha, Polhengoda, Colombo 05, Sri Lanka RTI 10 Steps Process New Email Please copy (C",http://rti.gov.lk/rti-unit/,
named_responsibility,pass,Published named responsibility: department,http://rti.gov.lk/rti-unit/,
legal_basis,pass,Published legal basis: gazette,http://rti.gov.lk/rti-unit/,
phone,pass,Published phone: 0 221 -36 32 -10,http://rti.gov.lk/rti-forms/,
phone,pass,Published phone: 095 -270 -1585 -,http://rti.gov.lk/rti-forms/,
phone,pass,Published phone: 0 273 275 326 ,http://rti.gov.lk/rti-forms/,
phone,pass,Published phone: 0 45 -18 66 -18 5,http://rti.gov.lk/rti-forms/,
phone,pass,Published phone: 0 202 137 225 ,http://rti.gov.lk/rti-forms/,
phone,pass,Published phone: 07 132 -981 25 -,http://rti.gov.lk/rti-forms/,
phone,pass,Published phone: 0 123 61 2 0 -10 -,http://rti.gov.lk/rti-forms/,
phone,pass,Published phone: 0 14 -18 113 -40 ,http://rti.gov.lk/rti-forms/,
phone,pass,Published phone: 0 107 52 107 1,http://rti.gov.lk/rti-forms/,
phone,pass,Published phone: 0 -263 -110 -324 -,http://rti.gov.lk/rti-forms/,
phone,pass,Published phone: 08 -262 593 -44,http://rti.gov.lk/rti-forms/,
phone,pass,Published phone: +94 112 515700 ,http://rti.gov.lk/rti-forms/,
phone,pass,Published phone: 0 0 70 -86 122 -1,http://rti.gov.lk/rti-forms/,
phone,pass,Published phone: 0 76 -36 113 -56,http://rti.gov.lk/rti-forms/,
phone,pass,Published phone: 06 314 -532 46,http://rti.gov.lk/rti-forms/,
phone,pass,Published phone: 0 36 67 87 -16 2,http://rti.gov.lk/rti-forms/,
phone,pass,Published phone: 0 -38 163 -166 3,http://rti.gov.lk/rti-forms/,
phone,pass,Published phone: 0 -13 -295 52 -53 ,http://rti.gov.lk/rti-forms/,
phone,pass,Published phone: 07 990 -497 24,http://rti.gov.lk/rti-forms/,
phone,pass,Published phone: 00 -5 -401 -72 -25,http://rti.gov.lk/rti-forms/,
phone,pass,Published phone: 0 15 31 17 60 1,http://rti.gov.lk/rti-forms/,
phone,pass,Published phone: 0 114 -284 457 -,http://rti.gov.lk/rti-forms/,
phone,pass,Published phone: 03 122 121 25,http://rti.gov.lk/rti-forms/,
phone,pass,Published phone: 0 -98 131 -148 1,http://rti.gov.lk/rti-forms/,
phone,pass,Published phone: 0 -86 209 -89 21,http://rti.gov.lk/rti-forms/,
phone,pass,Published phone: 0 128 143 306 ,http://rti.gov.lk/rti-forms/,
phone,pass,Published phone: 0 -42 -48 -48 -103 -,http://rti.gov.lk/rti-forms/,
phone,pass,Published phone: 04 -459 -423 -48,http://rti.gov.lk/rti-forms/,
phone,pass,Published phone: 0 -16 -233 -242 -3,http://rti.gov.lk/rti-forms/,
phone,pass,Published phone: 0 27 69 37 214 ,http://rti.gov.lk/rti-forms/,
phone,pass,Published phone: 0 -107 -173 -107 -,http://rti.gov.lk/rti-forms/,
phone,pass,Published phone: 01 -76 -368 -76 -1,http://rti.gov.lk/rti-forms/,
phone,pass,Published phone: 045 392 1455 ,http://rti.gov.lk/rti-forms/,
phone,pass,Published phone: 0 -241 119 -326 ,http://rti.gov.lk/rti-forms/,
phone,pass,Published phone: 0 126 -108 162 -,http://rti.gov.lk/rti-forms/,
phone,pass,Published phone: 0 174 -41 79 -30,http://rti.gov.lk/rti-forms/,
phone,pass,Published phone: 06 731 -260 98 ,http://rti.gov.lk/rti-forms/,
phone,pass,Published phone: 04 19 -94 39 -18,http://rti.gov.lk/rti-forms/,
phone,pass,Published phone: 0 14 -50 54 -80 1,http://rti.gov.lk/rti-forms/,
phone,pass,Published phone: 0 -190 -395 -379 -,http://rti.gov.lk/rti-forms/,
phone,pass,Published phone: 02 0 -56 133 -37,http://rti.gov.lk/rti-forms/,
phone,pass,Published phone: 0 16 31 87 366 ,http://rti.gov.lk/rti-forms/,
phone,pass,Published phone: 0 -96 -229 -47 -21,http://rti.gov.lk/rti-forms/,
phone,pass,Published phone: 0 -55 33 -94 87 -1,http://rti.gov.lk/rti-forms/,
phone,pass,Published phone: 04 -326 360 -67 ,http://rti.gov.lk/rti-forms/,
phone,pass,Published phone: 00 0 39 -1 41 -12,http://rti.gov.lk/rti-forms/,
phone,pass,Published phone: 0 -80 34 0 48 6 7,http://rti.gov.lk/rti-forms/,
phone,pass,Published phone: 0 -946 591 -147,http://rti.gov.lk/rti-forms/,
phone,pass,Published phone: 0 -124 456 -258 ,http://rti.gov.lk/rti-forms/,
phone,pass,Published phone: 0 -319 -155 -123 -,http://rti.gov.lk/rti-forms/,
phone,pass,Published phone: +94 112 515701 ,http://rti.gov.lk/rti-forms/,
phone,pass,Published phone: 0 -211 15 -242 3,http://rti.gov.lk/rti-forms/,
phone,pass,Published phone: 0 -236 14 -368 7,http://rti.gov.lk/rti-forms/,
phone,pass,Published phone: 09 -223 -461 -29,http://rti.gov.lk/rti-forms/,
phone,pass,Published phone: 0 -74 310 0 370 ,http://rti.gov.lk/rti-forms/,
phone,pass,Published phone: 0 29 -41 0 -53 -5 -7,http://rti.gov.lk/rti-forms/,
phone,pass,Published phone: 0 -12 -29 -10 -49 2,http://rti.gov.lk/rti-forms/,
phone,pass,Published phone: 084 153 49 29,http://rti.gov.lk/rti-forms/,
phone,pass,Published phone: 04 67 -13 90 8 2,http://rti.gov.lk/rti-forms/,
phone,pass,Published phone: 0 -58 -105 -190 -1,http://rti.gov.lk/rti-forms/,
phone,pass,Published phone: 0 30 -99 39 -137 ,http://rti.gov.lk/rti-forms/,
phone,pass,Published phone: 08 97 206 80 1,http://rti.gov.lk/rti-forms/,
email,pass,Published email: rtiunitsl@gmail.com,http://rti.gov.lk/rti-forms/,
email,pass,Published email: rti@media.gov.lk,http://rti.gov.lk/rti-forms/,
postal_address,pass,"Published postal address: 163, Asidisi Medura, Kirulapone Mawatha, Polhengoda, Colombo 05, Sri Lanka RTI 10 Steps Process New Email Please copy (C",http://rti.gov.lk/rti-forms/,
legal_basis,pass,Published legal basis: regulations,http://rti.gov.lk/rti-forms/,
downloadable_form,pass,Published downloadable form: https://rti.gov.lk/wp-content/uploads/2022/09/RTI-Formats-Section-10.pdf,http://rti.gov.lk/rti-forms/,
phone,pass,Published phone: 0 221 -36 32 -10,http://rti.gov.lk/media/,
phone,pass,Published phone: 095 -270 -1585 -,http://rti.gov.lk/media/,
phone,pass,Published phone: 0 273 275 326 ,http://rti.gov.lk/media/,
phone,pass,Published phone: 0 45 -18 66 -18 5,http://rti.gov.lk/media/,
phone,pass,Published phone: 0 202 137 225 ,http://rti.gov.lk/media/,
phone,pass,Published phone: 07 132 -981 25 -,http://rti.gov.lk/media/,
phone,pass,Published phone: 0 123 61 2 0 -10 -,http://rti.gov.lk/media/,
phone,pass,Published phone: 0 14 -18 113 -40 ,http://rti.gov.lk/media/,
phone,pass,Published phone: 0 107 52 107 1,http://rti.gov.lk/media/,
phone,pass,Published phone: 0 -263 -110 -324 -,http://rti.gov.lk/media/,
phone,pass,Published phone: 08 -262 593 -44,http://rti.gov.lk/media/,
phone,pass,Published phone: +94 112 515700 ,http://rti.gov.lk/media/,
phone,pass,Published phone: 0 0 70 -86 122 -1,http://rti.gov.lk/media/,
phone,pass,Published phone: 0 76 -36 113 -56,http://rti.gov.lk/media/,
phone,pass,Published phone: 06 314 -532 46,http://rti.gov.lk/media/,
phone,pass,Published phone: 0 36 67 87 -16 2,http://rti.gov.lk/media/,
phone,pass,Published phone: 0 -38 163 -166 3,http://rti.gov.lk/media/,
phone,pass,Published phone: 0 -13 -295 52 -53 ,http://rti.gov.lk/media/,
phone,pass,Published phone: 07 990 -497 24,http://rti.gov.lk/media/,
phone,pass,Published phone: 00 -5 -401 -72 -25,http://rti.gov.lk/media/,
phone,pass,Published phone: 0 15 31 17 60 1,http://rti.gov.lk/media/,
phone,pass,Published phone: 0 114 -284 457 -,http://rti.gov.lk/media/,
phone,pass,Published phone: 03 122 121 25,http://rti.gov.lk/media/,
phone,pass,Published phone: 0 -98 131 -148 1,http://rti.gov.lk/media/,
phone,pass,Published phone: 0 -86 209 -89 21,http://rti.gov.lk/media/,
phone,pass,Published phone: 0 128 143 306 ,http://rti.gov.lk/media/,
phone,pass,Published phone: 0 -42 -48 -48 -103 -,http://rti.gov.lk/media/,
phone,pass,Published phone: 04 -459 -423 -48,http://rti.gov.lk/media/,
phone,pass,Published phone: 0 -16 -233 -242 -3,http://rti.gov.lk/media/,
phone,pass,Published phone: 0 27 69 37 214 ,http://rti.gov.lk/media/,
phone,pass,Published phone: 0 -107 -173 -107 -,http://rti.gov.lk/media/,
phone,pass,Published phone: 01 -76 -368 -76 -1,http://rti.gov.lk/media/,
phone,pass,Published phone: 045 392 1455 ,http://rti.gov.lk/media/,
phone,pass,Published phone: 0 -241 119 -326 ,http://rti.gov.lk/media/,
phone,pass,Published phone: 0 126 -108 162 -,http://rti.gov.lk/media/,
phone,pass,Published phone: 0 174 -41 79 -30,http://rti.gov.lk/media/,
phone,pass,Published phone: 06 731 -260 98 ,http://rti.gov.lk/media/,
phone,pass,Published phone: 04 19 -94 39 -18,http://rti.gov.lk/media/,
phone,pass,Published phone: 0 14 -50 54 -80 1,http://rti.gov.lk/media/,
phone,pass,Published phone: 0 -190 -395 -379 -,http://rti.gov.lk/media/,
phone,pass,Published phone: 02 0 -56 133 -37,http://rti.gov.lk/media/,
phone,pass,Published phone: 0 16 31 87 366 ,http://rti.gov.lk/media/,
phone,pass,Published phone: 0 -96 -229 -47 -21,http://rti.gov.lk/media/,
phone,pass,Published phone: 0 -55 33 -94 87 -1,http://rti.gov.lk/media/,
phone,pass,Published phone: 04 -326 360 -67 ,http://rti.gov.lk/media/,
phone,pass,Published phone: 00 0 39 -1 41 -12,http://rti.gov.lk/media/,
phone,pass,Published phone: 0 -80 34 0 48 6 7,http://rti.gov.lk/media/,
phone,pass,Published phone: 0 -946 591 -147,http://rti.gov.lk/media/,
phone,pass,Published phone: 0 -124 456 -258 ,http://rti.gov.lk/media/,
phone,pass,Published phone: 0 -319 -155 -123 -,http://rti.gov.lk/media/,
phone,pass,Published phone: +94 112 515701 ,http://rti.gov.lk/media/,
phone,pass,Published phone: 0 -211 15 -242 3,http://rti.gov.lk/media/,
phone,pass,Published phone: 0 -236 14 -368 7,http://rti.gov.lk/media/,
phone,pass,Published phone: 09 -223 -461 -29,http://rti.gov.lk/media/,
phone,pass,Published phone: 0 -74 310 0 370 ,http://rti.gov.lk/media/,
phone,pass,Published phone: 0 29 -41 0 -53 -5 -7,http://rti.gov.lk/media/,
phone,pass,Published phone: 0 -12 -29 -10 -49 2,http://rti.gov.lk/media/,
phone,pass,Published phone: 084 153 49 29,http://rti.gov.lk/media/,
phone,pass,Published phone: 04 67 -13 90 8 2,http://rti.gov.lk/media/,
phone,pass,Published phone: 0 -58 -105 -190 -1,http://rti.gov.lk/media/,
phone,pass,Published phone: 0 30 -99 39 -137 ,http://rti.gov.lk/media/,
phone,pass,Published phone: 08 97 206 80 1,http://rti.gov.lk/media/,
email,pass,Published email: rtiunitsl@gmail.com,http://rti.gov.lk/media/,
email,pass,Published email: rti@media.gov.lk,http://rti.gov.lk/media/,
postal_address,pass,"Published postal address: 163, Asidisi Medura, Kirulapone Mawatha, Polhengoda, Colombo 05, Sri Lanka RTI 10 Steps Process New Email Please copy (C",http://rti.gov.lk/media/,
phone,pass,Published phone: 0 221 -36 32 -10,http://rti.gov.lk/news-and-articles/,
phone,pass,Published phone: 095 -270 -1585 -,http://rti.gov.lk/news-and-articles/,
phone,pass,Published phone: 0 273 275 326 ,http://rti.gov.lk/news-and-articles/,
phone,pass,Published phone: 0 45 -18 66 -18 5,http://rti.gov.lk/news-and-articles/,
phone,pass,Published phone: 0 202 137 225 ,http://rti.gov.lk/news-and-articles/,
phone,pass,Published phone: 07 132 -981 25 -,http://rti.gov.lk/news-and-articles/,
phone,pass,Published phone: 0 123 61 2 0 -10 -,http://rti.gov.lk/news-and-articles/,
phone,pass,Published phone: 0 14 -18 113 -40 ,http://rti.gov.lk/news-and-articles/,
phone,pass,Published phone: 0 107 52 107 1,http://rti.gov.lk/news-and-articles/,
phone,pass,Published phone: 0 -263 -110 -324 -,http://rti.gov.lk/news-and-articles/,
phone,pass,Published phone: 08 -262 593 -44,http://rti.gov.lk/news-and-articles/,
phone,pass,Published phone: +94 112 515700 ,http://rti.gov.lk/news-and-articles/,
phone,pass,Published phone: 0 0 70 -86 122 -1,http://rti.gov.lk/news-and-articles/,
phone,pass,Published phone: 0 76 -36 113 -56,http://rti.gov.lk/news-and-articles/,
phone,pass,Published phone: 06 314 -532 46,http://rti.gov.lk/news-and-articles/,
phone,pass,Published phone: 0 36 67 87 -16 2,http://rti.gov.lk/news-and-articles/,
phone,pass,Published phone: 0 -38 163 -166 3,http://rti.gov.lk/news-and-articles/,
phone,pass,Published phone: 0 -13 -295 52 -53 ,http://rti.gov.lk/news-and-articles/,
phone,pass,Published phone: 07 990 -497 24,http://rti.gov.lk/news-and-articles/,
phone,pass,Published phone: 00 -5 -401 -72 -25,http://rti.gov.lk/news-and-articles/,
phone,pass,Published phone: 0 15 31 17 60 1,http://rti.gov.lk/news-and-articles/,
phone,pass,Published phone: 0 114 -284 457 -,http://rti.gov.lk/news-and-articles/,
phone,pass,Published phone: 03 122 121 25,http://rti.gov.lk/news-and-articles/,
phone,pass,Published phone: 0 -98 131 -148 1,http://rti.gov.lk/news-and-articles/,
phone,pass,Published phone: 0 -86 209 -89 21,http://rti.gov.lk/news-and-articles/,
phone,pass,Published phone: 0 128 143 306 ,http://rti.gov.lk/news-and-articles/,
phone,pass,Published phone: 0 -42 -48 -48 -103 -,http://rti.gov.lk/news-and-articles/,
phone,pass,Published phone: 04 -459 -423 -48,http://rti.gov.lk/news-and-articles/,
phone,pass,Published phone: 0 -16 -233 -242 -3,http://rti.gov.lk/news-and-articles/,
phone,pass,Published phone: 0 27 69 37 214 ,http://rti.gov.lk/news-and-articles/,
phone,pass,Published phone: 0 -107 -173 -107 -,http://rti.gov.lk/news-and-articles/,
phone,pass,Published phone: 01 -76 -368 -76 -1,http://rti.gov.lk/news-and-articles/,
phone,pass,Published phone: 045 392 1455 ,http://rti.gov.lk/news-and-articles/,
phone,pass,Published phone: 0 -241 119 -326 ,http://rti.gov.lk/news-and-articles/,
phone,pass,Published phone: 0 126 -108 162 -,http://rti.gov.lk/news-and-articles/,
phone,pass,Published phone: 0 174 -41 79 -30,http://rti.gov.lk/news-and-articles/,
phone,pass,Published phone: 06 731 -260 98 ,http://rti.gov.lk/news-and-articles/,
phone,pass,Published phone: 04 19 -94 39 -18,http://rti.gov.lk/news-and-articles/,
phone,pass,Published phone: 0 14 -50 54 -80 1,http://rti.gov.lk/news-and-articles/,
phone,pass,Published phone: 0 -190 -395 -379 -,http://rti.gov.lk/news-and-articles/,
phone,pass,Published phone: 02 0 -56 133 -37,http://rti.gov.lk/news-and-articles/,
phone,pass,Published phone: 0 16 31 87 366 ,http://rti.gov.lk/news-and-articles/,
phone,pass,Published phone: 0 -96 -229 -47 -21,http://rti.gov.lk/news-and-articles/,
phone,pass,Published phone: 0 -55 33 -94 87 -1,http://rti.gov.lk/news-and-articles/,
phone,pass,Published phone: 04 -326 360 -67 ,http://rti.gov.lk/news-and-articles/,
phone,pass,Published phone: 00 0 39 -1 41 -12,http://rti.gov.lk/news-and-articles/,
phone,pass,Published phone: 0 -80 34 0 48 6 7,http://rti.gov.lk/news-and-articles/,
phone,pass,Published phone: 0 -946 591 -147,http://rti.gov.lk/news-and-articles/,
phone,pass,Published phone: 0 -124 456 -258 ,http://rti.gov.lk/news-and-articles/,
phone,pass,Published phone: 0 -319 -155 -123 -,http://rti.gov.lk/news-and-articles/,
phone,pass,Published phone: +94 112 515701 ,http://rti.gov.lk/news-and-articles/,
phone,pass,Published phone: 0 -211 15 -242 3,http://rti.gov.lk/news-and-articles/,
phone,pass,Published phone: 0 -236 14 -368 7,http://rti.gov.lk/news-and-articles/,
phone,pass,Published phone: 09 -223 -461 -29,http://rti.gov.lk/news-and-articles/,
phone,pass,Published phone: 0 -74 310 0 370 ,http://rti.gov.lk/news-and-articles/,
phone,pass,Published phone: 0 29 -41 0 -53 -5 -7,http://rti.gov.lk/news-and-articles/,
phone,pass,Published phone: 0 -12 -29 -10 -49 2,http://rti.gov.lk/news-and-articles/,
phone,pass,Published phone: 084 153 49 29,http://rti.gov.lk/news-and-articles/,
phone,pass,Published phone: 04 67 -13 90 8 2,http://rti.gov.lk/news-and-articles/,
phone,pass,Published phone: 0 -58 -105 -190 -1,http://rti.gov.lk/news-and-articles/,
phone,pass,Published phone: 0 30 -99 39 -137 ,http://rti.gov.lk/news-and-articles/,
phone,pass,Published phone: 08 97 206 80 1,http://rti.gov.lk/news-and-articles/,
email,pass,Published email: rtiunitsl@gmail.com,http://rti.gov.lk/news-and-articles/,
email,pass,Published email: rti@media.gov.lk,http://rti.gov.lk/news-and-articles/,
postal_address,pass,"Published postal address: 163, Asidisi Medura, Kirulapone Mawatha, Polhengoda, Colombo 05, Sri Lanka RTI 10 Steps Process New Email Please copy (C",http://rti.gov.lk/news-and-articles/,
phone,pass,Published phone: 0 221 -36 32 -10,http://rti.gov.lk/faq/,
phone,pass,Published phone: 095 -270 -1585 -,http://rti.gov.lk/faq/,
phone,pass,Published phone: 0 273 275 326 ,http://rti.gov.lk/faq/,
phone,pass,Published phone: 0 45 -18 66 -18 5,http://rti.gov.lk/faq/,
phone,pass,Published phone: 0 202 137 225 ,http://rti.gov.lk/faq/,
phone,pass,Published phone: 07 132 -981 25 -,http://rti.gov.lk/faq/,
phone,pass,Published phone: 0 123 61 2 0 -10 -,http://rti.gov.lk/faq/,
phone,pass,Published phone: 0 14 -18 113 -40 ,http://rti.gov.lk/faq/,
phone,pass,Published phone: 0 107 52 107 1,http://rti.gov.lk/faq/,
phone,pass,Published phone: 0 -263 -110 -324 -,http://rti.gov.lk/faq/,
phone,pass,Published phone: 08 -262 593 -44,http://rti.gov.lk/faq/,
phone,pass,Published phone: +94 112 515700 ,http://rti.gov.lk/faq/,
phone,pass,Published phone: 0 0 70 -86 122 -1,http://rti.gov.lk/faq/,
phone,pass,Published phone: 0 76 -36 113 -56,http://rti.gov.lk/faq/,
phone,pass,Published phone: 06 314 -532 46,http://rti.gov.lk/faq/,
phone,pass,Published phone: 0 36 67 87 -16 2,http://rti.gov.lk/faq/,
phone,pass,Published phone: 0 -38 163 -166 3,http://rti.gov.lk/faq/,
phone,pass,Published phone: 0 -13 -295 52 -53 ,http://rti.gov.lk/faq/,
phone,pass,Published phone: 07 990 -497 24,http://rti.gov.lk/faq/,
phone,pass,Published phone: 00 -5 -401 -72 -25,http://rti.gov.lk/faq/,
phone,pass,Published phone: 0 15 31 17 60 1,http://rti.gov.lk/faq/,
phone,pass,Published phone: 0 114 -284 457 -,http://rti.gov.lk/faq/,
phone,pass,Published phone: 03 122 121 25,http://rti.gov.lk/faq/,
phone,pass,Published phone: 0 -98 131 -148 1,http://rti.gov.lk/faq/,
phone,pass,Published phone: 0 -86 209 -89 21,http://rti.gov.lk/faq/,
phone,pass,Published phone: 0 128 143 306 ,http://rti.gov.lk/faq/,
phone,pass,Published phone: 0 -42 -48 -48 -103 -,http://rti.gov.lk/faq/,
phone,pass,Published phone: 04 -459 -423 -48,http://rti.gov.lk/faq/,
phone,pass,Published phone: 0 -16 -233 -242 -3,http://rti.gov.lk/faq/,
phone,pass,Published phone: 0 27 69 37 214 ,http://rti.gov.lk/faq/,
phone,pass,Published phone: 0 -107 -173 -107 -,http://rti.gov.lk/faq/,
phone,pass,Published phone: 01 -76 -368 -76 -1,http://rti.gov.lk/faq/,
phone,pass,Published phone: 045 392 1455 ,http://rti.gov.lk/faq/,
phone,pass,Published phone: 0 -241 119 -326 ,http://rti.gov.lk/faq/,
phone,pass,Published phone: 0 126 -108 162 -,http://rti.gov.lk/faq/,
phone,pass,Published phone: 0 174 -41 79 -30,http://rti.gov.lk/faq/,
phone,pass,Published phone: 06 731 -260 98 ,http://rti.gov.lk/faq/,
phone,pass,Published phone: 04 19 -94 39 -18,http://rti.gov.lk/faq/,
phone,pass,Published phone: 0 14 -50 54 -80 1,http://rti.gov.lk/faq/,
phone,pass,Published phone: 0 -190 -395 -379 -,http://rti.gov.lk/faq/,
phone,pass,Published phone: 02 0 -56 133 -37,http://rti.gov.lk/faq/,
phone,pass,Published phone: 0 16 31 87 366 ,http://rti.gov.lk/faq/,
phone,pass,Published phone: 0 -96 -229 -47 -21,http://rti.gov.lk/faq/,
phone,pass,Published phone: 0 -55 33 -94 87 -1,http://rti.gov.lk/faq/,
phone,pass,Published phone: 04 -326 360 -67 ,http://rti.gov.lk/faq/,
phone,pass,Published phone: 00 0 39 -1 41 -12,http://rti.gov.lk/faq/,
phone,pass,Published phone: 0 -80 34 0 48 6 7,http://rti.gov.lk/faq/,
phone,pass,Published phone: 0 -946 591 -147,http://rti.gov.lk/faq/,
phone,pass,Published phone: 0 -124 456 -258 ,http://rti.gov.lk/faq/,
phone,pass,Published phone: 0 -319 -155 -123 -,http://rti.gov.lk/faq/,
phone,pass,Published phone: +94 112 515701 ,http://rti.gov.lk/faq/,
phone,pass,Published phone: 0 -211 15 -242 3,http://rti.gov.lk/faq/,
phone,pass,Published phone: 0 -236 14 -368 7,http://rti.gov.lk/faq/,
phone,pass,Published phone: 09 -223 -461 -29,http://rti.gov.lk/faq/,
phone,pass,Published phone: 0 -74 310 0 370 ,http://rti.gov.lk/faq/,
phone,pass,Published phone: 0 29 -41 0 -53 -5 -7,http://rti.gov.lk/faq/,
phone,pass,Published phone: 0 -12 -29 -10 -49 2,http://rti.gov.lk/faq/,
phone,pass,Published phone: 084 153 49 29,http://rti.gov.lk/faq/,
phone,pass,Published phone: 04 67 -13 90 8 2,http://rti.gov.lk/faq/,
phone,pass,Published phone: 0 -58 -105 -190 -1,http://rti.gov.lk/faq/,
phone,pass,Published phone: 0 30 -99 39 -137 ,http://rti.gov.lk/faq/,
phone,pass,Published phone: 08 97 206 80 1,http://rti.gov.lk/faq/,
email,pass,Published email: rtiunitsl@gmail.com,http://rti.gov.lk/faq/,
email,pass,Published email: rti@media.gov.lk,http://rti.gov.lk/faq/,
postal_address,pass,"Published postal address: 163, Asidisi Medura, Kirulapone Mawatha, Polhengoda, Colombo 05, Sri Lanka RTI 10 Steps Process New Email Please copy (C",http://rti.gov.lk/faq/,
phone,pass,Published phone: 0 221 -36 32 -10,http://rti.gov.lk/checkout/,
phone,pass,Published phone: 095 -270 -1585 -,http://rti.gov.lk/checkout/,
phone,pass,Published phone: 0 273 275 326 ,http://rti.gov.lk/checkout/,
phone,pass,Published phone: 0 45 -18 66 -18 5,http://rti.gov.lk/checkout/,
phone,pass,Published phone: 0 202 137 225 ,http://rti.gov.lk/checkout/,
phone,pass,Published phone: 07 132 -981 25 -,http://rti.gov.lk/checkout/,
phone,pass,Published phone: 0 123 61 2 0 -10 -,http://rti.gov.lk/checkout/,
phone,pass,Published phone: 0 14 -18 113 -40 ,http://rti.gov.lk/checkout/,
phone,pass,Published phone: 0 107 52 107 1,http://rti.gov.lk/checkout/,
phone,pass,Published phone: 0 -263 -110 -324 -,http://rti.gov.lk/checkout/,
phone,pass,Published phone: 08 -262 593 -44,http://rti.gov.lk/checkout/,
phone,pass,Published phone: +94 112 515700 ,http://rti.gov.lk/checkout/,
phone,pass,Published phone: 0 0 70 -86 122 -1,http://rti.gov.lk/checkout/,
phone,pass,Published phone: 0 76 -36 113 -56,http://rti.gov.lk/checkout/,
phone,pass,Published phone: 06 314 -532 46,http://rti.gov.lk/checkout/,
phone,pass,Published phone: 0 36 67 87 -16 2,http://rti.gov.lk/checkout/,
phone,pass,Published phone: 0 -38 163 -166 3,http://rti.gov.lk/checkout/,
phone,pass,Published phone: 0 -13 -295 52 -53 ,http://rti.gov.lk/checkout/,
phone,pass,Published phone: 07 990 -497 24,http://rti.gov.lk/checkout/,
phone,pass,Published phone: 00 -5 -401 -72 -25,http://rti.gov.lk/checkout/,
phone,pass,Published phone: 0 15 31 17 60 1,http://rti.gov.lk/checkout/,
phone,pass,Published phone: 0 114 -284 457 -,http://rti.gov.lk/checkout/,
phone,pass,Published phone: 03 122 121 25,http://rti.gov.lk/checkout/,
phone,pass,Published phone: 0 -98 131 -148 1,http://rti.gov.lk/checkout/,
phone,pass,Published phone: 0 -86 209 -89 21,http://rti.gov.lk/checkout/,
phone,pass,Published phone: 0 128 143 306 ,http://rti.gov.lk/checkout/,
phone,pass,Published phone: 0 -42 -48 -48 -103 -,http://rti.gov.lk/checkout/,
phone,pass,Published phone: 04 -459 -423 -48,http://rti.gov.lk/checkout/,
phone,pass,Published phone: 0 -16 -233 -242 -3,http://rti.gov.lk/checkout/,
phone,pass,Published phone: 0 27 69 37 214 ,http://rti.gov.lk/checkout/,
phone,pass,Published phone: 0 -107 -173 -107 -,http://rti.gov.lk/checkout/,
phone,pass,Published phone: 01 -76 -368 -76 -1,http://rti.gov.lk/checkout/,
phone,pass,Published phone: 045 392 1455 ,http://rti.gov.lk/checkout/,
phone,pass,Published phone: 0 -241 119 -326 ,http://rti.gov.lk/checkout/,
phone,pass,Published phone: 0 126 -108 162 -,http://rti.gov.lk/checkout/,
phone,pass,Published phone: 0 174 -41 79 -30,http://rti.gov.lk/checkout/,
phone,pass,Published phone: 06 731 -260 98 ,http://rti.gov.lk/checkout/,
phone,pass,Published phone: 04 19 -94 39 -18,http://rti.gov.lk/checkout/,
phone,pass,Published phone: 0 14 -50 54 -80 1,http://rti.gov.lk/checkout/,
phone,pass,Published phone: 0 -190 -395 -379 -,http://rti.gov.lk/checkout/,
phone,pass,Published phone: 02 0 -56 133 -37,http://rti.gov.lk/checkout/,
phone,pass,Published phone: 0 16 31 87 366 ,http://rti.gov.lk/checkout/,
phone,pass,Published phone: 0 -96 -229 -47 -21,http://rti.gov.lk/checkout/,
phone,pass,Published phone: 0 -55 33 -94 87 -1,http://rti.gov.lk/checkout/,
phone,pass,Published phone: 04 -326 360 -67 ,http://rti.gov.lk/checkout/,
phone,pass,Published phone: 00 0 39 -1 41 -12,http://rti.gov.lk/checkout/,
phone,pass,Published phone: 0 -80 34 0 48 6 7,http://rti.gov.lk/checkout/,
phone,pass,Published phone: 0 -946 591 -147,http://rti.gov.lk/checkout/,
phone,pass,Published phone: 0 -124 456 -258 ,http://rti.gov.lk/checkout/,
phone,pass,Published phone: 0 -319 -155 -123 -,http://rti.gov.lk/checkout/,
phone,pass,Published phone: +94 112 515701 ,http://rti.gov.lk/checkout/,
phone,pass,Published phone: 0 -211 15 -242 3,http://rti.gov.lk/checkout/,
phone,pass,Published phone: 0 -236 14 -368 7,http://rti.gov.lk/checkout/,
phone,pass,Published phone: 09 -223 -461 -29,http://rti.gov.lk/checkout/,
phone,pass,Published phone: 0 -74 310 0 370 ,http://rti.gov.lk/checkout/,
phone,pass,Published phone: 0 29 -41 0 -53 -5 -7,http://rti.gov.lk/checkout/,
phone,pass,Published phone: 0 -12 -29 -10 -49 2,http://rti.gov.lk/checkout/,
phone,pass,Published phone: 084 153 49 29,http://rti.gov.lk/checkout/,
phone,pass,Published phone: 04 67 -13 90 8 2,http://rti.gov.lk/checkout/,
phone,pass,Published phone: 0 -58 -105 -190 -1,http://rti.gov.lk/checkout/,
phone,pass,Published phone: 0 30 -99 39 -137 ,http://rti.gov.lk/checkout/,
phone,pass,Published phone: 08 97 206 80 1,http://rti.gov.lk/checkout/,
email,pass,Published email: rtiunitsl@gmail.com,http://rti.gov.lk/checkout/,
email,pass,Published email: rti@media.gov.lk,http://rti.gov.lk/checkout/,
postal_address,pass,"Published postal address: 163, Asidisi Medura, Kirulapone Mawatha, Polhengoda, Colombo 05, Sri Lanka RTI 10 Steps Process New Email Please copy (C",http://rti.gov.lk/checkout/,
phone,pass,Published phone: 0 221 -36 32 -10,http://rti.gov.lk/my-account/,
phone,pass,Published phone: 095 -270 -1585 -,http://rti.gov.lk/my-account/,
phone,pass,Published phone: 0 273 275 326 ,http://rti.gov.lk/my-account/,
phone,pass,Published phone: 0 45 -18 66 -18 5,http://rti.gov.lk/my-account/,
phone,pass,Published phone: 0 202 137 225 ,http://rti.gov.lk/my-account/,
phone,pass,Published phone: 07 132 -981 25 -,http://rti.gov.lk/my-account/,
phone,pass,Published phone: 0 123 61 2 0 -10 -,http://rti.gov.lk/my-account/,
phone,pass,Published phone: 0 14 -18 113 -40 ,http://rti.gov.lk/my-account/,
phone,pass,Published phone: 0 107 52 107 1,http://rti.gov.lk/my-account/,
phone,pass,Published phone: 0 -263 -110 -324 -,http://rti.gov.lk/my-account/,
phone,pass,Published phone: 08 -262 593 -44,http://rti.gov.lk/my-account/,
phone,pass,Published phone: +94 112 515700 ,http://rti.gov.lk/my-account/,
phone,pass,Published phone: 0 0 70 -86 122 -1,http://rti.gov.lk/my-account/,
phone,pass,Published phone: 0 76 -36 113 -56,http://rti.gov.lk/my-account/,
phone,pass,Published phone: 06 314 -532 46,http://rti.gov.lk/my-account/,
phone,pass,Published phone: 0 36 67 87 -16 2,http://rti.gov.lk/my-account/,
phone,pass,Published phone: 0 -38 163 -166 3,http://rti.gov.lk/my-account/,
phone,pass,Published phone: 0 -13 -295 52 -53 ,http://rti.gov.lk/my-account/,
phone,pass,Published phone: 07 990 -497 24,http://rti.gov.lk/my-account/,
phone,pass,Published phone: 00 -5 -401 -72 -25,http://rti.gov.lk/my-account/,
phone,pass,Published phone: 0 15 31 17 60 1,http://rti.gov.lk/my-account/,
phone,pass,Published phone: 0 114 -284 457 -,http://rti.gov.lk/my-account/,
phone,pass,Published phone: 03 122 121 25,http://rti.gov.lk/my-account/,
phone,pass,Published phone: 0 -98 131 -148 1,http://rti.gov.lk/my-account/,
phone,pass,Published phone: 0 -86 209 -89 21,http://rti.gov.lk/my-account/,
phone,pass,Published phone: 0 128 143 306 ,http://rti.gov.lk/my-account/,
phone,pass,Published phone: 0 -42 -48 -48 -103 -,http://rti.gov.lk/my-account/,
phone,pass,Published phone: 04 -459 -423 -48,http://rti.gov.lk/my-account/,
phone,pass,Published phone: 0 -16 -233 -242 -3,http://rti.gov.lk/my-account/,
phone,pass,Published phone: 0 27 69 37 214 ,http://rti.gov.lk/my-account/,
phone,pass,Published phone: 0 -107 -173 -107 -,http://rti.gov.lk/my-account/,
phone,pass,Published phone: 01 -76 -368 -76 -1,http://rti.gov.lk/my-account/,
phone,pass,Published phone: 045 392 1455 ,http://rti.gov.lk/my-account/,
phone,pass,Published phone: 0 -241 119 -326 ,http://rti.gov.lk/my-account/,
phone,pass,Published phone: 0 126 -108 162 -,http://rti.gov.lk/my-account/,
phone,pass,Published phone: 0 174 -41 79 -30,http://rti.gov.lk/my-account/,
phone,pass,Published phone: 06 731 -260 98 ,http://rti.gov.lk/my-account/,
phone,pass,Published phone: 04 19 -94 39 -18,http://rti.gov.lk/my-account/,
phone,pass,Published phone: 0 14 -50 54 -80 1,http://rti.gov.lk/my-account/,
phone,pass,Published phone: 0 -190 -395 -379 -,http://rti.gov.lk/my-account/,
phone,pass,Published phone: 02 0 -56 133 -37,http://rti.gov.lk/my-account/,
phone,pass,Published phone: 0 16 31 87 366 ,http://rti.gov.lk/my-account/,
phone,pass,Published phone: 0 -96 -229 -47 -21,http://rti.gov.lk/my-account/,
phone,pass,Published phone: 0 -55 33 -94 87 -1,http://rti.gov.lk/my-account/,
phone,pass,Published phone: 04 -326 360 -67 ,http://rti.gov.lk/my-account/,
phone,pass,Published phone: 00 0 39 -1 41 -12,http://rti.gov.lk/my-account/,
phone,pass,Published phone: 0 -80 34 0 48 6 7,http://rti.gov.lk/my-account/,
phone,pass,Published phone: 0 -946 591 -147,http://rti.gov.lk/my-account/,
phone,pass,Published phone: 0 -124 456 -258 ,http://rti.gov.lk/my-account/,
phone,pass,Published phone: 0 -319 -155 -123 -,http://rti.gov.lk/my-account/,
phone,pass,Published phone: +94 112 515701 ,http://rti.gov.lk/my-account/,
phone,pass,Published phone: 0 -211 15 -242 3,http://rti.gov.lk/my-account/,
phone,pass,Published phone: 0 -236 14 -368 7,http://rti.gov.lk/my-account/,
phone,pass,Published phone: 09 -223 -461 -29,http://rti.gov.lk/my-account/,
phone,pass,Published phone: 0 -74 310 0 370 ,http://rti.gov.lk/my-account/,
phone,pass,Published phone: 0 29 -41 0 -53 -5 -7,http://rti.gov.lk/my-account/,
phone,pass,Published phone: 0 -12 -29 -10 -49 2,http://rti.gov.lk/my-account/,
phone,pass,Published phone: 084 153 49 29,http://rti.gov.lk/my-account/,
phone,pass,Published phone: 04 67 -13 90 8 2,http://rti.gov.lk/my-account/,
phone,pass,Published phone: 0 -58 -105 -190 -1,http://rti.gov.lk/my-account/,
phone,pass,Published phone: 0 30 -99 39 -137 ,http://rti.gov.lk/my-account/,
phone,pass,Published phone: 08 97 206 80 1,http://rti.gov.lk/my-account/,
email,pass,Published email: rtiunitsl@gmail.com,http://rti.gov.lk/my-account/,
email,pass,Published email: rti@media.gov.lk,http://rti.gov.lk/my-account/,
postal_address,pass,"Published postal address: 163, Asidisi Medura, Kirulapone Mawatha, Polhengoda, Colombo 05, Sri Lanka RTI 10 Steps Process New Email Please copy (C",http://rti.gov.lk/my-account/,
page_text,pass,Substantive page content: 348563 visible characters across 14 pages,https://rti.gov.lk/,
