check,status,detail,source,observed_at
dns,pass,Public DNS resolved,,2026-09-08T23:32:48.118963+05:30
domain_registration,error,Domain is absent from RDAP,,2026-09-08T23:32:48.118984+05:30
tls,error,[SSL: SSLV3_ALERT_HANDSHAKE_FAILURE] ssl/tls alert handshake failure (_ssl.c:1032),,2026-09-08T23:32:48.166983+05:30
http,error,Probe 1: [SSL: SSLV3_ALERT_HANDSHAKE_FAILURE] ssl/tls alert handshake failure (_ssl.c:1032),https://edupub.gov.lk/,2026-09-08T23:33:03.213518+05:30
http,pass,Probe 2: HTTP 200 at http://edupub.gov.lk/,http://edupub.gov.lk/,2026-09-08T23:33:03.213543+05:30
http,error,Probe 3: [SSL: SSLV3_ALERT_HANDSHAKE_FAILURE] ssl/tls alert handshake failure (_ssl.c:1032),https://edupub.gov.lk/,2026-09-08T23:33:03.213547+05:30
http,pass,Probe 4: HTTP 200 at http://edupub.gov.lk/,http://edupub.gov.lk/,2026-09-08T23:33:03.213550+05:30
http,pass,Probe 5: HTTP 200 at http://edupub.gov.lk/ContactUs.php,http://edupub.gov.lk/ContactUs.php,2026-09-08T23:33:03.213553+05:30
http,pass,Probe 6: HTTP 200 at http://edupub.gov.lk/UnderConstruction.php,http://edupub.gov.lk/UnderConstruction.php,2026-09-08T23:33:03.213556+05:30
http,pass,Probe 7: HTTP 200 at http://edupub.gov.lk/index.php,http://edupub.gov.lk/index.php,2026-09-08T23:33:03.213559+05:30
http,pass,Probe 8: HTTP 200 at http://edupub.gov.lk/AboutUs.php,http://edupub.gov.lk/AboutUs.php,2026-09-08T23:33:03.213561+05:30
http,pass,Probe 9: HTTP 200 at http://edupub.gov.lk/Branches.php,http://edupub.gov.lk/Branches.php,2026-09-08T23:33:03.213564+05:30
http,pass,Probe 10: HTTP 200 at http://edupub.gov.lk/ThemeSongDownload.php,http://edupub.gov.lk/ThemeSongDownload.php,2026-09-08T23:33:03.213567+05:30
http,pass,Probe 11: HTTP 200 at http://edupub.gov.lk/BooksDownload.php,http://edupub.gov.lk/BooksDownload.php,2026-09-08T23:33:03.213570+05:30
http,pass,Probe 12: HTTP 200 at http://edupub.gov.lk/Piriven_BooksDownload.php,http://edupub.gov.lk/Piriven_BooksDownload.php,2026-09-08T23:33:03.213572+05:30
http,pass,Probe 13: HTTP 200 at http://edupub.gov.lk/Downloads/pdf.pdf,http://edupub.gov.lk/Downloads/pdf.pdf,2026-09-08T23:33:03.213575+05:30
http,pass,Probe 14: HTTP 200 at http://edupub.gov.lk/Downloads/bookprint2023.jpg,http://edupub.gov.lk/Downloads/bookprint2023.jpg,2026-09-08T23:33:03.213578+05:30
named_responsibility,pass,Published named responsibility: department,http://edupub.gov.lk/,
fees_and_payment,pass,Published fees and payment: Rs 0,http://edupub.gov.lk/,
downloadable_form,pass,Published downloadable form: http://edupub.gov.lk/Downloads/EoIInformationSheet.pdf,http://edupub.gov.lk/,
named_responsibility,pass,Published named responsibility: department,http://edupub.gov.lk/,
fees_and_payment,pass,Published fees and payment: Rs 0,http://edupub.gov.lk/,
downloadable_form,pass,Published downloadable form: http://edupub.gov.lk/Downloads/EoIInformationSheet.pdf,http://edupub.gov.lk/,
phone,pass,Published phone: 0112 784815 ,http://edupub.gov.lk/ContactUs.php,
email,pass,Published email: commissioner_epd@yahoo.com,http://edupub.gov.lk/ContactUs.php,
named_responsibility,pass,Published named responsibility: department,http://edupub.gov.lk/ContactUs.php,
fees_and_payment,pass,Published fees and payment: Rs 0,http://edupub.gov.lk/ContactUs.php,
downloadable_form,pass,Published downloadable form: http://edupub.gov.lk/Downloads/EoIInformationSheet.pdf,http://edupub.gov.lk/ContactUs.php,
generic_hosting,fail,Detected generic hosting marker: under construction,http://edupub.gov.lk/UnderConstruction.php,
named_responsibility,pass,Published named responsibility: department,http://edupub.gov.lk/UnderConstruction.php,
fees_and_payment,pass,Published fees and payment: Rs 0,http://edupub.gov.lk/UnderConstruction.php,
downloadable_form,pass,Published downloadable form: http://edupub.gov.lk/Downloads/EoIInformationSheet.pdf,http://edupub.gov.lk/UnderConstruction.php,
named_responsibility,pass,Published named responsibility: department,http://edupub.gov.lk/index.php,
fees_and_payment,pass,Published fees and payment: Rs 0,http://edupub.gov.lk/index.php,
downloadable_form,pass,Published downloadable form: http://edupub.gov.lk/Downloads/EoIInformationSheet.pdf,http://edupub.gov.lk/index.php,
named_responsibility,pass,Published named responsibility: department,http://edupub.gov.lk/AboutUs.php,
fees_and_payment,pass,Published fees and payment: Rs 0,http://edupub.gov.lk/AboutUs.php,
downloadable_form,pass,Published downloadable form: http://edupub.gov.lk/Downloads/EoIInformationSheet.pdf,http://edupub.gov.lk/AboutUs.php,
named_responsibility,pass,Published named responsibility: department,http://edupub.gov.lk/Branches.php,
fees_and_payment,pass,Published fees and payment: Rs 0,http://edupub.gov.lk/Branches.php,
downloadable_form,pass,Published downloadable form: http://edupub.gov.lk/Downloads/EoIInformationSheet.pdf,http://edupub.gov.lk/Branches.php,
named_responsibility,pass,Published named responsibility: department,http://edupub.gov.lk/ThemeSongDownload.php,
fees_and_payment,pass,Published fees and payment: Rs 0,http://edupub.gov.lk/ThemeSongDownload.php,
downloadable_form,pass,Published downloadable form: http://edupub.gov.lk/Downloads/EoIInformationSheet.pdf,http://edupub.gov.lk/ThemeSongDownload.php,
named_responsibility,pass,Published named responsibility: department,http://edupub.gov.lk/BooksDownload.php,
fees_and_payment,pass,Published fees and payment: Rs 0,http://edupub.gov.lk/BooksDownload.php,
downloadable_form,pass,Published downloadable form: http://edupub.gov.lk/Downloads/EoIInformationSheet.pdf,http://edupub.gov.lk/BooksDownload.php,
named_responsibility,pass,Published named responsibility: department,http://edupub.gov.lk/Piriven_BooksDownload.php,
fees_and_payment,pass,Published fees and payment: Rs 0,http://edupub.gov.lk/Piriven_BooksDownload.php,
downloadable_form,pass,Published downloadable form: http://edupub.gov.lk/Downloads/EoIInformationSheet.pdf,http://edupub.gov.lk/Piriven_BooksDownload.php,
phone,pass,Published phone: 0706565406,http://edupub.gov.lk/Downloads/pdf.pdf,
phone,pass,Published phone: 0 0 1 245.04 34,http://edupub.gov.lk/Downloads/pdf.pdf,
phone,pass,Published phone: 0 0 1 105.36 76,http://edupub.gov.lk/Downloads/pdf.pdf,
phone,pass,Published phone: 0 0 1 344.64 18,http://edupub.gov.lk/Downloads/pdf.pdf,
phone,pass,Published phone: 0 0 1 289.68 35,http://edupub.gov.lk/Downloads/pdf.pdf,
phone,pass,Published phone: 0 0 1 280.56 10,http://edupub.gov.lk/Downloads/pdf.pdf,
phone,pass,Published phone: 0 0 1 569.52 54,http://edupub.gov.lk/Downloads/pdf.pdf,
phone,pass,Published phone: 0 0 1 190.56 61,http://edupub.gov.lk/Downloads/pdf.pdf,
phone,pass,Published phone: 0 0 1 127.68 53,http://edupub.gov.lk/Downloads/pdf.pdf,
phone,pass,Published phone: 0 0 1 96.00 415.,http://edupub.gov.lk/Downloads/pdf.pdf,
phone,pass,Published phone: 0 0 1 245.52 51,http://edupub.gov.lk/Downloads/pdf.pdf,
phone,pass,Published phone: 0 0 1 157.68 36,http://edupub.gov.lk/Downloads/pdf.pdf,
phone,pass,Published phone: 0 0 1 129.36 18.,http://edupub.gov.lk/Downloads/pdf.pdf,
phone,pass,Published phone: 0 0 1 479.76 64,http://edupub.gov.lk/Downloads/pdf.pdf,
phone,pass,Published phone: 0 0 1 512.40 29,http://edupub.gov.lk/Downloads/pdf.pdf,
phone,pass,Published phone: 0 0 1 317.28 27,http://edupub.gov.lk/Downloads/pdf.pdf,
phone,pass,Published phone: 0 0 1 509.52 27,http://edupub.gov.lk/Downloads/pdf.pdf,
phone,pass,Published phone: 0 0 1 394.32 67,http://edupub.gov.lk/Downloads/pdf.pdf,
phone,pass,Published phone: 0 0 1 257.52 66,http://edupub.gov.lk/Downloads/pdf.pdf,
phone,pass,Published phone: 0 0 1 216.00 36,http://edupub.gov.lk/Downloads/pdf.pdf,
phone,pass,Published phone: 0000351124 ,http://edupub.gov.lk/Downloads/pdf.pdf,
phone,pass,Published phone: 0 0 1 336.00 20,http://edupub.gov.lk/Downloads/pdf.pdf,
phone,pass,Published phone: 0 0 1 334.56 86.,http://edupub.gov.lk/Downloads/pdf.pdf,
phone,pass,Published phone: 0 0 1 189.60 85.,http://edupub.gov.lk/Downloads/pdf.pdf,
phone,pass,Published phone: 0 0 1 155.76 53,http://edupub.gov.lk/Downloads/pdf.pdf,
phone,pass,Published phone: 0 0 1 561.12 39,http://edupub.gov.lk/Downloads/pdf.pdf,
phone,pass,Published phone: 0 0 1 547.92 56,http://edupub.gov.lk/Downloads/pdf.pdf,
phone,pass,Published phone: 0 0 1 147.84 60,http://edupub.gov.lk/Downloads/pdf.pdf,
phone,pass,Published phone: 0 0 1 525.12 45,http://edupub.gov.lk/Downloads/pdf.pdf,
phone,pass,Published phone: 0 0 1 588.96 18,http://edupub.gov.lk/Downloads/pdf.pdf,
phone,pass,Published phone: 0 0 1 572.88 31,http://edupub.gov.lk/Downloads/pdf.pdf,
phone,pass,Published phone: 0 0 1 319.92 39,http://edupub.gov.lk/Downloads/pdf.pdf,
phone,pass,Published phone: 0 0 1 445.68 22.,http://edupub.gov.lk/Downloads/pdf.pdf,
phone,pass,Published phone: 0 0 1 127.68 55,http://edupub.gov.lk/Downloads/pdf.pdf,
phone,pass,Published phone: 0 0 1 289.20 43,http://edupub.gov.lk/Downloads/pdf.pdf,
phone,pass,Published phone: 0 0 1 96.24 639.,http://edupub.gov.lk/Downloads/pdf.pdf,
phone,pass,Published phone: 0 0 1 222.00 22,http://edupub.gov.lk/Downloads/pdf.pdf,
phone,pass,Published phone: 0 0 1 280.80 37,http://edupub.gov.lk/Downloads/pdf.pdf,
phone,pass,Published phone: 0 0 1 425.52 51,http://edupub.gov.lk/Downloads/pdf.pdf,
phone,pass,Published phone: 0 0 1 288.96 41,http://edupub.gov.lk/Downloads/pdf.pdf,
phone,pass,Published phone: 0 0 1 137.76 60.,http://edupub.gov.lk/Downloads/pdf.pdf,
phone,pass,Published phone: 0 0 1 123.60 47,http://edupub.gov.lk/Downloads/pdf.pdf,
phone,pass,Published phone: 0 0 1 525.84 50,http://edupub.gov.lk/Downloads/pdf.pdf,
phone,pass,Published phone: 0 0 1 322.08 27,http://edupub.gov.lk/Downloads/pdf.pdf,
phone,pass,Published phone: 0 0 1 168.48 20,http://edupub.gov.lk/Downloads/pdf.pdf,
phone,pass,Published phone: 0 0 1 427.20 56,http://edupub.gov.lk/Downloads/pdf.pdf,
phone,pass,Published phone: 0 0 1 371.04 64,http://edupub.gov.lk/Downloads/pdf.pdf,
phone,pass,Published phone: 0 0 1 175.68 51,http://edupub.gov.lk/Downloads/pdf.pdf,
phone,pass,Published phone: 0 0 1 275.04 35.,http://edupub.gov.lk/Downloads/pdf.pdf,
phone,pass,Published phone: 0 0 1 376.80 21,http://edupub.gov.lk/Downloads/pdf.pdf,
phone,pass,Published phone: 0 0 1 264.96 13,http://edupub.gov.lk/Downloads/pdf.pdf,
phone,pass,Published phone: 0 0 1 158.88 27,http://edupub.gov.lk/Downloads/pdf.pdf,
phone,pass,Published phone: 0 0 1 95.28 600.,http://edupub.gov.lk/Downloads/pdf.pdf,
phone,pass,Published phone: 0 0 1 438.96 42,http://edupub.gov.lk/Downloads/pdf.pdf,
phone,pass,Published phone: 0 0 1 424.32 69.,http://edupub.gov.lk/Downloads/pdf.pdf,
phone,pass,Published phone: 0 0 1 273.60 66,http://edupub.gov.lk/Downloads/pdf.pdf,
phone,pass,Published phone: 0 0 1 209.28 61,http://edupub.gov.lk/Downloads/pdf.pdf,
phone,pass,Published phone: 0 0 1 169.20 37,http://edupub.gov.lk/Downloads/pdf.pdf,
phone,pass,Published phone: 0 0 1 240.00 85.,http://edupub.gov.lk/Downloads/pdf.pdf,
phone,pass,Published phone: 0 0 1 111.12 30,http://edupub.gov.lk/Downloads/pdf.pdf,
phone,pass,Published phone: 0 0 1 506.64 37,http://edupub.gov.lk/Downloads/pdf.pdf,
phone,pass,Published phone: 0 0 1 457.44 16,http://edupub.gov.lk/Downloads/pdf.pdf,
phone,pass,Published phone: 0 0 1 122.40 25,http://edupub.gov.lk/Downloads/pdf.pdf,
phone,pass,Published phone: 0 0 1 151.68 28,http://edupub.gov.lk/Downloads/pdf.pdf,
phone,pass,Published phone: 0 0 1 282.00 54,http://edupub.gov.lk/Downloads/pdf.pdf,
phone,pass,Published phone: 0 0 1 362.16 13,http://edupub.gov.lk/Downloads/pdf.pdf,
phone,pass,Published phone: 0 0 1 415.92 55,http://edupub.gov.lk/Downloads/pdf.pdf,
phone,pass,Published phone: 0 0 1 190.32 47,http://edupub.gov.lk/Downloads/pdf.pdf,
phone,pass,Published phone: 0 0 1 102.72 20,http://edupub.gov.lk/Downloads/pdf.pdf,
phone,pass,Published phone: 0 0 1 511.92 43,http://edupub.gov.lk/Downloads/pdf.pdf,
phone,pass,Published phone: 0 0 1 413.76 74,http://edupub.gov.lk/Downloads/pdf.pdf,
phone,pass,Published phone: 0 0 1 199.44 17,http://edupub.gov.lk/Downloads/pdf.pdf,
phone,pass,Published phone: 0 0 1 579.84 17,http://edupub.gov.lk/Downloads/pdf.pdf,
phone,pass,Published phone: 0 0 1 394.80 66,http://edupub.gov.lk/Downloads/pdf.pdf,
phone,pass,Published phone: 0 0 1 347.76 39,http://edupub.gov.lk/Downloads/pdf.pdf,
phone,pass,Published phone: 0 0 1 514.32 20,http://edupub.gov.lk/Downloads/pdf.pdf,
phone,pass,Published phone: 0 0 1 226.80 13,http://edupub.gov.lk/Downloads/pdf.pdf,
phone,pass,Published phone: 0 0 1 103.68 15,http://edupub.gov.lk/Downloads/pdf.pdf,
phone,pass,Published phone: 0 0 1 246.48 35.,http://edupub.gov.lk/Downloads/pdf.pdf,
phone,pass,Published phone: 0 0 1 295.68 31,http://edupub.gov.lk/Downloads/pdf.pdf,
phone,pass,Published phone: 0 0 1 243.36 22,http://edupub.gov.lk/Downloads/pdf.pdf,
phone,pass,Published phone: 0 0 1 183.12 48.,http://edupub.gov.lk/Downloads/pdf.pdf,
phone,pass,Published phone: 0 0 1 270.00 38,http://edupub.gov.lk/Downloads/pdf.pdf,
phone,pass,Published phone: 0 0 1 252.00 68,http://edupub.gov.lk/Downloads/pdf.pdf,
phone,pass,Published phone: 0 0 1 546.00 88.,http://edupub.gov.lk/Downloads/pdf.pdf,
phone,pass,Published phone: 0 0 1 253.68 44,http://edupub.gov.lk/Downloads/pdf.pdf,
phone,pass,Published phone: 0 0 1 160.56 37,http://edupub.gov.lk/Downloads/pdf.pdf,
phone,pass,Published phone: 0 0 1 298.08 61,http://edupub.gov.lk/Downloads/pdf.pdf,
phone,pass,Published phone: 0 0 1 414.72 39,http://edupub.gov.lk/Downloads/pdf.pdf,
phone,pass,Published phone: 0 0 1 103.44 10,http://edupub.gov.lk/Downloads/pdf.pdf,
phone,pass,Published phone: 0 0 1 127.20 64,http://edupub.gov.lk/Downloads/pdf.pdf,
phone,pass,Published phone: 0 0 1 490.80 54,http://edupub.gov.lk/Downloads/pdf.pdf,
phone,pass,Published phone: 0 0 1 489.36 66,http://edupub.gov.lk/Downloads/pdf.pdf,
phone,pass,Published phone: 0 0 1 377.04 34,http://edupub.gov.lk/Downloads/pdf.pdf,
phone,pass,Published phone: 0 0 1 333.12 36,http://edupub.gov.lk/Downloads/pdf.pdf,
phone,pass,Published phone: 0000009143 ,http://edupub.gov.lk/Downloads/pdf.pdf,
phone,pass,Published phone: 0 0 1 97.92 341.,http://edupub.gov.lk/Downloads/pdf.pdf,
phone,pass,Published phone: 0 0 1 414.00 27,http://edupub.gov.lk/Downloads/pdf.pdf,
phone,pass,Published phone: 0 0 1 359.28 19,http://edupub.gov.lk/Downloads/pdf.pdf,
phone,pass,Published phone: 0 0 1 456.48 22,http://edupub.gov.lk/Downloads/pdf.pdf,
phone,pass,Published phone: 0 0 1 104.88 67,http://edupub.gov.lk/Downloads/pdf.pdf,
phone,pass,Published phone: 0 0 1 462.96 61,http://edupub.gov.lk/Downloads/pdf.pdf,
phone,pass,Published phone: 0 0 1 123.60 64,http://edupub.gov.lk/Downloads/pdf.pdf,
phone,pass,Published phone: 0 0 1 105.84 72,http://edupub.gov.lk/Downloads/pdf.pdf,
phone,pass,Published phone: 0 0 1 360.48 61,http://edupub.gov.lk/Downloads/pdf.pdf,
phone,pass,Published phone: 0 0 1 404.64 63,http://edupub.gov.lk/Downloads/pdf.pdf,
phone,pass,Published phone: 0 0 1 343.44 11,http://edupub.gov.lk/Downloads/pdf.pdf,
phone,pass,Published phone: 0 0 1 150.48 25,http://edupub.gov.lk/Downloads/pdf.pdf,
phone,pass,Published phone: 0 0 1 340.56 29,http://edupub.gov.lk/Downloads/pdf.pdf,
phone,pass,Published phone: 0 0 1 294.48 18,http://edupub.gov.lk/Downloads/pdf.pdf,
phone,pass,Published phone: 0 0 1 430.08 37,http://edupub.gov.lk/Downloads/pdf.pdf,
phone,pass,Published phone: 0 0 1 570.96 17,http://edupub.gov.lk/Downloads/pdf.pdf,
phone,pass,Published phone: 0 0 1 492.24 41,http://edupub.gov.lk/Downloads/pdf.pdf,
phone,pass,Published phone: 0 0 1 479.04 61,http://edupub.gov.lk/Downloads/pdf.pdf,
phone,pass,Published phone: 0 0 1 362.40 17,http://edupub.gov.lk/Downloads/pdf.pdf,
phone,pass,Published phone: 0 0 1 389.28 18,http://edupub.gov.lk/Downloads/pdf.pdf,
phone,pass,Published phone: 0 0 1 484.56 69.,http://edupub.gov.lk/Downloads/pdf.pdf,
phone,pass,Published phone: 0 0 1 141.12 34,http://edupub.gov.lk/Downloads/pdf.pdf,
phone,pass,Published phone: 0 0 1 440.64 76,http://edupub.gov.lk/Downloads/pdf.pdf,
phone,pass,Published phone: 0 0 1 328.80 49,http://edupub.gov.lk/Downloads/pdf.pdf,
phone,pass,Published phone: 0 0 1 195.12 73,http://edupub.gov.lk/Downloads/pdf.pdf,
phone,pass,Published phone: 0 0 1 569.04 48,http://edupub.gov.lk/Downloads/pdf.pdf,
phone,pass,Published phone: 0 0 1 301.68 28,http://edupub.gov.lk/Downloads/pdf.pdf,
phone,pass,Published phone: 0 0 1 133.20 56.,http://edupub.gov.lk/Downloads/pdf.pdf,
phone,pass,Published phone: 0 0 1 323.28 25,http://edupub.gov.lk/Downloads/pdf.pdf,
phone,pass,Published phone: 0 0 1 390.00 69.,http://edupub.gov.lk/Downloads/pdf.pdf,
phone,pass,Published phone: 0 0 1 137.76 48.,http://edupub.gov.lk/Downloads/pdf.pdf,
phone,pass,Published phone: 0 0 1 176.64 64,http://edupub.gov.lk/Downloads/pdf.pdf,
phone,pass,Published phone: 0 0 1 115.20 50,http://edupub.gov.lk/Downloads/pdf.pdf,
phone,pass,Published phone: 0 0 1 167.76 40,http://edupub.gov.lk/Downloads/pdf.pdf,
phone,pass,Published phone: 0 0 1 457.68 50,http://edupub.gov.lk/Downloads/pdf.pdf,
phone,pass,Published phone: 0 0 1 123.36 15,http://edupub.gov.lk/Downloads/pdf.pdf,
phone,pass,Published phone: 0657363366,http://edupub.gov.lk/Downloads/pdf.pdf,
phone,pass,Published phone: 0 0 1 355.68 16,http://edupub.gov.lk/Downloads/pdf.pdf,
phone,pass,Published phone: 0 0 1 438.96 31,http://edupub.gov.lk/Downloads/pdf.pdf,
phone,pass,Published phone: 0 0 1 472.32 37,http://edupub.gov.lk/Downloads/pdf.pdf,
phone,pass,Published phone: 0 0 1 220.08 60,http://edupub.gov.lk/Downloads/pdf.pdf,
phone,pass,Published phone: 0 0 1 395.28 49,http://edupub.gov.lk/Downloads/pdf.pdf,
phone,pass,Published phone: 0 0 1 260.64 41,http://edupub.gov.lk/Downloads/pdf.pdf,
phone,pass,Published phone: 0 0 1 227.04 43,http://edupub.gov.lk/Downloads/pdf.pdf,
phone,pass,Published phone: 0000244116 ,http://edupub.gov.lk/Downloads/pdf.pdf,
phone,pass,Published phone: 0 0 1 371.04 42,http://edupub.gov.lk/Downloads/pdf.pdf,
phone,pass,Published phone: 0 0 1 111.12 24,http://edupub.gov.lk/Downloads/pdf.pdf,
phone,pass,Published phone: 0 0 1 333.36 48,http://edupub.gov.lk/Downloads/pdf.pdf,
phone,pass,Published phone: 0 0 1 465.12 58,http://edupub.gov.lk/Downloads/pdf.pdf,
phone,pass,Published phone: 0 0 1 170.16 57,http://edupub.gov.lk/Downloads/pdf.pdf,
phone,pass,Published phone: 0 0 1 96.00 496.,http://edupub.gov.lk/Downloads/pdf.pdf,
phone,pass,Published phone: 0 0 1 216.00 54,http://edupub.gov.lk/Downloads/pdf.pdf,
phone,pass,Published phone: 0 0 1 346.08 61,http://edupub.gov.lk/Downloads/pdf.pdf,
phone,pass,Published phone: 0 0 1 288.72 25,http://edupub.gov.lk/Downloads/pdf.pdf,
phone,pass,Published phone: 0 0 1 457.20 17,http://edupub.gov.lk/Downloads/pdf.pdf,
phone,pass,Published phone: 0 0 1 244.80 48,http://edupub.gov.lk/Downloads/pdf.pdf,
phone,pass,Published phone: 0 0 1 306.72 47,http://edupub.gov.lk/Downloads/pdf.pdf,
phone,pass,Published phone: 0 0 1 96.96 591.,http://edupub.gov.lk/Downloads/pdf.pdf,
phone,pass,Published phone: 0 0 1 321.12 13,http://edupub.gov.lk/Downloads/pdf.pdf,
phone,pass,Published phone: 0 0 1 525.60 51,http://edupub.gov.lk/Downloads/pdf.pdf,
phone,pass,Published phone: 0 0 1 326.64 61,http://edupub.gov.lk/Downloads/pdf.pdf,
phone,pass,Published phone: 0 0 1 129.12 28,http://edupub.gov.lk/Downloads/pdf.pdf,
phone,pass,Published phone: 0 0 1 268.80 46,http://edupub.gov.lk/Downloads/pdf.pdf,
phone,pass,Published phone: 0 0 1 337.68 53,http://edupub.gov.lk/Downloads/pdf.pdf,
phone,pass,Published phone: 0 0 1 420.00 41,http://edupub.gov.lk/Downloads/pdf.pdf,
phone,pass,Published phone: 0 0 1 213.12 18,http://edupub.gov.lk/Downloads/pdf.pdf,
phone,pass,Published phone: 0 0 1 251.28 18,http://edupub.gov.lk/Downloads/pdf.pdf,
phone,pass,Published phone: 0 0 1 251.52 49.,http://edupub.gov.lk/Downloads/pdf.pdf,
phone,pass,Published phone: 0 0 1 190.32 31,http://edupub.gov.lk/Downloads/pdf.pdf,
phone,pass,Published phone: 0 0 1 378.96 45,http://edupub.gov.lk/Downloads/pdf.pdf,
phone,pass,Published phone: 0 0 1 204.24 72,http://edupub.gov.lk/Downloads/pdf.pdf,
phone,pass,Published phone: 0 0 1 102.96 17,http://edupub.gov.lk/Downloads/pdf.pdf,
phone,pass,Published phone: 0 0 1 210.72 31,http://edupub.gov.lk/Downloads/pdf.pdf,
phone,pass,Published phone: 0 0 1 113.28 67,http://edupub.gov.lk/Downloads/pdf.pdf,
phone,pass,Published phone: 0 0 1 355.44 27,http://edupub.gov.lk/Downloads/pdf.pdf,
phone,pass,Published phone: 0 0 1 223.44 51,http://edupub.gov.lk/Downloads/pdf.pdf,
phone,pass,Published phone: 0 0 1 386.88 37,http://edupub.gov.lk/Downloads/pdf.pdf,
phone,pass,Published phone: 0 0 1 124.08 50,http://edupub.gov.lk/Downloads/pdf.pdf,
phone,pass,Published phone: 0 0 1 457.44 48,http://edupub.gov.lk/Downloads/pdf.pdf,
phone,pass,Published phone: 0 0 1 95.04 695.,http://edupub.gov.lk/Downloads/pdf.pdf,
phone,pass,Published phone: 0 0 1 483.36 29,http://edupub.gov.lk/Downloads/pdf.pdf,
phone,pass,Published phone: 0 0 1 95.28 37.9,http://edupub.gov.lk/Downloads/pdf.pdf,
phone,pass,Published phone: 0 0 1 516.96 49,http://edupub.gov.lk/Downloads/pdf.pdf,
phone,pass,Published phone: 0 0 1 322.56 31,http://edupub.gov.lk/Downloads/pdf.pdf,
phone,pass,Published phone: 0 0 1 223.92 28,http://edupub.gov.lk/Downloads/pdf.pdf,
phone,pass,Published phone: 0 0 1 401.04 41,http://edupub.gov.lk/Downloads/pdf.pdf,
phone,pass,Published phone: 0 0 1 199.92 34.,http://edupub.gov.lk/Downloads/pdf.pdf,
phone,pass,Published phone: 0 0 1 518.64 41.,http://edupub.gov.lk/Downloads/pdf.pdf,
phone,pass,Published phone: 0 0 1 352.80 50,http://edupub.gov.lk/Downloads/pdf.pdf,
phone,pass,Published phone: 0 0 1 181.20 63,http://edupub.gov.lk/Downloads/pdf.pdf,
phone,pass,Published phone: 0 0 1 341.76 48,http://edupub.gov.lk/Downloads/pdf.pdf,
phone,pass,Published phone: 0 0 1 543.60 14,http://edupub.gov.lk/Downloads/pdf.pdf,
phone,pass,Published phone: 0 0 1 111.12 34,http://edupub.gov.lk/Downloads/pdf.pdf,
phone,pass,Published phone: 0 0 1 103.44 47,http://edupub.gov.lk/Downloads/pdf.pdf,
phone,pass,Published phone: 0 0 1 253.20 50,http://edupub.gov.lk/Downloads/pdf.pdf,
phone,pass,Published phone: 0 0 1 510.72 35,http://edupub.gov.lk/Downloads/pdf.pdf,
phone,pass,Published phone: 0 0 1 188.40 74,http://edupub.gov.lk/Downloads/pdf.pdf,
phone,pass,Published phone: 0 0 1 124.08 19,http://edupub.gov.lk/Downloads/pdf.pdf,
phone,pass,Published phone: 0000351476 ,http://edupub.gov.lk/Downloads/pdf.pdf,
phone,pass,Published phone: 0 0 1 273.60 62,http://edupub.gov.lk/Downloads/pdf.pdf,
phone,pass,Published phone: 0 0 1 152.40 52.,http://edupub.gov.lk/Downloads/pdf.pdf,
phone,pass,Published phone: 0 0 1 516.24 30,http://edupub.gov.lk/Downloads/pdf.pdf,
phone,pass,Published phone: 0 0 1 530.40 27,http://edupub.gov.lk/Downloads/pdf.pdf,
phone,pass,Published phone: 0 0 1 127.44 59,http://edupub.gov.lk/Downloads/pdf.pdf,
phone,pass,Published phone: 0 0 1 513.84 52,http://edupub.gov.lk/Downloads/pdf.pdf,
phone,pass,Published phone: 0 0 1 381.36 26,http://edupub.gov.lk/Downloads/pdf.pdf,
phone,pass,Published phone: 0 0 1 218.88 34,http://edupub.gov.lk/Downloads/pdf.pdf,
phone,pass,Published phone: 0 0 1 501.60 42,http://edupub.gov.lk/Downloads/pdf.pdf,
phone,pass,Published phone: 0000104089 ,http://edupub.gov.lk/Downloads/pdf.pdf,
phone,pass,Published phone: 0 0 1 453.84 51,http://edupub.gov.lk/Downloads/pdf.pdf,
phone,pass,Published phone: 0 0 1 270.48 11,http://edupub.gov.lk/Downloads/pdf.pdf,
phone,pass,Published phone: 0 0 1 127.20 65,http://edupub.gov.lk/Downloads/pdf.pdf,
phone,pass,Published phone: 0 0 1 179.52 47,http://edupub.gov.lk/Downloads/pdf.pdf,
phone,pass,Published phone: 0000351349 ,http://edupub.gov.lk/Downloads/pdf.pdf,
phone,pass,Published phone: 0 0 1 496.56 23.,http://edupub.gov.lk/Downloads/pdf.pdf,
phone,pass,Published phone: 0 0 1 103.44 49,http://edupub.gov.lk/Downloads/pdf.pdf,
phone,pass,Published phone: 0 0 1 568.80 50,http://edupub.gov.lk/Downloads/pdf.pdf,
phone,pass,Published phone: 0 0 1 230.40 64,http://edupub.gov.lk/Downloads/pdf.pdf,
phone,pass,Published phone: 0 0 1 164.40 59,http://edupub.gov.lk/Downloads/pdf.pdf,
phone,pass,Published phone: 0 0 1 143.52 97.,http://edupub.gov.lk/Downloads/pdf.pdf,
phone,pass,Published phone: 0 0 1 472.80 21,http://edupub.gov.lk/Downloads/pdf.pdf,
phone,pass,Published phone: 0 0 1 474.48 22.,http://edupub.gov.lk/Downloads/pdf.pdf,
phone,pass,Published phone: 0 0 1 373.92 50,http://edupub.gov.lk/Downloads/pdf.pdf,
phone,pass,Published phone: 0 0 1 148.56 18.,http://edupub.gov.lk/Downloads/pdf.pdf,
phone,pass,Published phone: 0 0 1 219.84 48,http://edupub.gov.lk/Downloads/pdf.pdf,
phone,pass,Published phone: 0 0 1 148.32 11.,http://edupub.gov.lk/Downloads/pdf.pdf,
phone,pass,Published phone: 0 0 1 111.12 25,http://edupub.gov.lk/Downloads/pdf.pdf,
phone,pass,Published phone: 0 0 1 103.44 57,http://edupub.gov.lk/Downloads/pdf.pdf,
phone,pass,Published phone: 0 0 1 527.52 50,http://edupub.gov.lk/Downloads/pdf.pdf,
phone,pass,Published phone: 0 0 1 410.88 22,http://edupub.gov.lk/Downloads/pdf.pdf,
phone,pass,Published phone: 0 0 1 142.80 47,http://edupub.gov.lk/Downloads/pdf.pdf,
phone,pass,Published phone: 0 0 1 498.96 56,http://edupub.gov.lk/Downloads/pdf.pdf,
phone,pass,Published phone: 0 0 1 319.68 16,http://edupub.gov.lk/Downloads/pdf.pdf,
phone,pass,Published phone: 0 0 1 468.72 36.,http://edupub.gov.lk/Downloads/pdf.pdf,
phone,pass,Published phone: 0 0 1 473.52 18,http://edupub.gov.lk/Downloads/pdf.pdf,
phone,pass,Published phone: 0 0 1 132.24 38,http://edupub.gov.lk/Downloads/pdf.pdf,
phone,pass,Published phone: 0 0 1 304.56 20,http://edupub.gov.lk/Downloads/pdf.pdf,
phone,pass,Published phone: 0 0 1 399.36 27,http://edupub.gov.lk/Downloads/pdf.pdf,
phone,pass,Published phone: 0 0 1 449.52 38,http://edupub.gov.lk/Downloads/pdf.pdf,
phone,pass,Published phone: 0 0 1 172.80 62,http://edupub.gov.lk/Downloads/pdf.pdf,
phone,pass,Published phone: 0 0 1 462.48 31,http://edupub.gov.lk/Downloads/pdf.pdf,
phone,pass,Published phone: 0 0 1 166.56 74,http://edupub.gov.lk/Downloads/pdf.pdf,
phone,pass,Published phone: 0 0 1 400.08 22,http://edupub.gov.lk/Downloads/pdf.pdf,
phone,pass,Published phone: 0 0 1 289.68 32,http://edupub.gov.lk/Downloads/pdf.pdf,
phone,pass,Published phone: 0 0 1 108.72 11,http://edupub.gov.lk/Downloads/pdf.pdf,
phone,pass,Published phone: 0 0 1 345.36 35.,http://edupub.gov.lk/Downloads/pdf.pdf,
phone,pass,Published phone: 0 0 1 302.40 46,http://edupub.gov.lk/Downloads/pdf.pdf,
phone,pass,Published phone: 0 0 1 403.20 25,http://edupub.gov.lk/Downloads/pdf.pdf,
phone,pass,Published phone: 0000314509 ,http://edupub.gov.lk/Downloads/pdf.pdf,
phone,pass,Published phone: 0 0 1 129.36 67.,http://edupub.gov.lk/Downloads/pdf.pdf,
phone,pass,Published phone: 0 0 1 374.88 55,http://edupub.gov.lk/Downloads/pdf.pdf,
phone,pass,Published phone: 0 0 1 175.44 53,http://edupub.gov.lk/Downloads/pdf.pdf,
phone,pass,Published phone: 0 0 1 456.00 73,http://edupub.gov.lk/Downloads/pdf.pdf,
phone,pass,Published phone: 0 0 1 186.72 61,http://edupub.gov.lk/Downloads/pdf.pdf,
phone,pass,Published phone: 0 0 1 485.04 35,http://edupub.gov.lk/Downloads/pdf.pdf,
phone,pass,Published phone: 0 0 1 162.48 20,http://edupub.gov.lk/Downloads/pdf.pdf,
phone,pass,Published phone: 0 0 1 142.32 41,http://edupub.gov.lk/Downloads/pdf.pdf,
phone,pass,Published phone: 0 0 1 132.48 61,http://edupub.gov.lk/Downloads/pdf.pdf,
phone,pass,Published phone: 0 0 1 299.28 30,http://edupub.gov.lk/Downloads/pdf.pdf,
phone,pass,Published phone: 0 0 1 232.08 18,http://edupub.gov.lk/Downloads/pdf.pdf,
phone,pass,Published phone: 0 0 1 330.96 41,http://edupub.gov.lk/Downloads/pdf.pdf,
phone,pass,Published phone: 0 0 1 463.68 20,http://edupub.gov.lk/Downloads/pdf.pdf,
phone,pass,Published phone: 0 0 1 197.28 52,http://edupub.gov.lk/Downloads/pdf.pdf,
phone,pass,Published phone: 0 0 1 420.48 14,http://edupub.gov.lk/Downloads/pdf.pdf,
phone,pass,Published phone: 0 0 1 127.92 47,http://edupub.gov.lk/Downloads/pdf.pdf,
phone,pass,Published phone: 0 0 1 501.12 87.,http://edupub.gov.lk/Downloads/pdf.pdf,
phone,pass,Published phone: 0 0 1 131.76 20,http://edupub.gov.lk/Downloads/pdf.pdf,
phone,pass,Published phone: 0 0 1 359.76 69.,http://edupub.gov.lk/Downloads/pdf.pdf,
phone,pass,Published phone: 0 0 1 368.16 46,http://edupub.gov.lk/Downloads/pdf.pdf,
phone,pass,Published phone: 0 0 1 270.24 17,http://edupub.gov.lk/Downloads/pdf.pdf,
phone,pass,Published phone: 0 0 1 229.44 53,http://edupub.gov.lk/Downloads/pdf.pdf,
phone,pass,Published phone: 0 0 1 128.88 36,http://edupub.gov.lk/Downloads/pdf.pdf,
phone,pass,Published phone: 0 0 1 264.96 47,http://edupub.gov.lk/Downloads/pdf.pdf,
phone,pass,Published phone: 0 0 1 128.16 37,http://edupub.gov.lk/Downloads/pdf.pdf,
phone,pass,Published phone: 0 0 1 401.52 48,http://edupub.gov.lk/Downloads/pdf.pdf,
phone,pass,Published phone: 0 0 1 115.20 45,http://edupub.gov.lk/Downloads/pdf.pdf,
phone,pass,Published phone: 0 0 1 498.24 63,http://edupub.gov.lk/Downloads/pdf.pdf,
phone,pass,Published phone: 0 0 1 132.48 66,http://edupub.gov.lk/Downloads/pdf.pdf,
phone,pass,Published phone: 0 0 1 331.44 54,http://edupub.gov.lk/Downloads/pdf.pdf,
phone,pass,Published phone: 0 0 1 171.84 38,http://edupub.gov.lk/Downloads/pdf.pdf,
phone,pass,Published phone: 0 0 1 208.56 20,http://edupub.gov.lk/Downloads/pdf.pdf,
phone,pass,Published phone: 0 0 1 335.04 35,http://edupub.gov.lk/Downloads/pdf.pdf,
phone,pass,Published phone: 0 0 1 440.16 71,http://edupub.gov.lk/Downloads/pdf.pdf,
phone,pass,Published phone: 0 0 1 289.68 34,http://edupub.gov.lk/Downloads/pdf.pdf,
phone,pass,Published phone: 0 0 1 315.36 59.,http://edupub.gov.lk/Downloads/pdf.pdf,
phone,pass,Published phone: 0 0 1 96.00 384.,http://edupub.gov.lk/Downloads/pdf.pdf,
phone,pass,Published phone: 0 0 1 135.60 22,http://edupub.gov.lk/Downloads/pdf.pdf,
phone,pass,Published phone: 0 0 1 422.64 11,http://edupub.gov.lk/Downloads/pdf.pdf,
phone,pass,Published phone: 0 0 1 413.52 17,http://edupub.gov.lk/Downloads/pdf.pdf,
phone,pass,Published phone: 0 0 1 529.44 39,http://edupub.gov.lk/Downloads/pdf.pdf,
phone,pass,Published phone: 0 0 1 382.56 22.,http://edupub.gov.lk/Downloads/pdf.pdf,
phone,pass,Published phone: 0 0 1 112.80 67.,http://edupub.gov.lk/Downloads/pdf.pdf,
phone,pass,Published phone: 0 0 1 165.12 45,http://edupub.gov.lk/Downloads/pdf.pdf,
phone,pass,Published phone: 0 0 1 272.88 15,http://edupub.gov.lk/Downloads/pdf.pdf,
phone,pass,Published phone: 0 0 1 236.88 73,http://edupub.gov.lk/Downloads/pdf.pdf,
phone,pass,Published phone: 0 0 1 204.24 28,http://edupub.gov.lk/Downloads/pdf.pdf,
phone,pass,Published phone: 0 0 1 536.16 54,http://edupub.gov.lk/Downloads/pdf.pdf,
phone,pass,Published phone: 0 0 1 234.24 11,http://edupub.gov.lk/Downloads/pdf.pdf,
phone,pass,Published phone: 0 0 1 187.92 73.,http://edupub.gov.lk/Downloads/pdf.pdf,
phone,pass,Published phone: 0 0 1 371.28 57,http://edupub.gov.lk/Downloads/pdf.pdf,
phone,pass,Published phone: 0 0 1 95.52 279.,http://edupub.gov.lk/Downloads/pdf.pdf,
phone,pass,Published phone: 0 0 1 489.12 73,http://edupub.gov.lk/Downloads/pdf.pdf,
phone,pass,Published phone: 0 0 1 404.16 31,http://edupub.gov.lk/Downloads/pdf.pdf,
phone,pass,Published phone: 0 0 1 111.36 64,http://edupub.gov.lk/Downloads/pdf.pdf,
phone,pass,Published phone: 0 0 1 556.32 50,http://edupub.gov.lk/Downloads/pdf.pdf,
phone,pass,Published phone: 0 0 1 478.08 50,http://edupub.gov.lk/Downloads/pdf.pdf,
phone,pass,Published phone: 0 0 1 183.60 60.,http://edupub.gov.lk/Downloads/pdf.pdf,
phone,pass,Published phone: 0 0 1 249.12 49,http://edupub.gov.lk/Downloads/pdf.pdf,
phone,pass,Published phone: 0 0 1 137.76 23.,http://edupub.gov.lk/Downloads/pdf.pdf,
phone,pass,Published phone: 0 0 1 369.12 35,http://edupub.gov.lk/Downloads/pdf.pdf,
phone,pass,Published phone: 0 0 1 127.68 62,http://edupub.gov.lk/Downloads/pdf.pdf,
phone,pass,Published phone: 0 0 1 438.00 63,http://edupub.gov.lk/Downloads/pdf.pdf,
phone,pass,Published phone: 0 0 1 450.00 29,http://edupub.gov.lk/Downloads/pdf.pdf,
phone,pass,Published phone: 0 0 1 442.32 43,http://edupub.gov.lk/Downloads/pdf.pdf,
phone,pass,Published phone: 0 0 1 109.44 73,http://edupub.gov.lk/Downloads/pdf.pdf,
phone,pass,Published phone: 0 0 1 463.68 41.,http://edupub.gov.lk/Downloads/pdf.pdf,
phone,pass,Published phone: 0 0 1 140.88 68,http://edupub.gov.lk/Downloads/pdf.pdf,
phone,pass,Published phone: 0 0 1 255.36 99.,http://edupub.gov.lk/Downloads/pdf.pdf,
phone,pass,Published phone: 0 0 1 128.16 40,http://edupub.gov.lk/Downloads/pdf.pdf,
phone,pass,Published phone: 0 0 1 432.00 34,http://edupub.gov.lk/Downloads/pdf.pdf,
phone,pass,Published phone: 0 0 1 119.76 20,http://edupub.gov.lk/Downloads/pdf.pdf,
phone,pass,Published phone: 0 0 1 384.48 48,http://edupub.gov.lk/Downloads/pdf.pdf,
phone,pass,Published phone: 0 0 1 367.68 26,http://edupub.gov.lk/Downloads/pdf.pdf,
phone,pass,Published phone: 0 0 1 95.28 143.,http://edupub.gov.lk/Downloads/pdf.pdf,
phone,pass,Published phone: 0 0 1 515.04 26,http://edupub.gov.lk/Downloads/pdf.pdf,
phone,pass,Published phone: 0 0 1 580.80 26,http://edupub.gov.lk/Downloads/pdf.pdf,
phone,pass,Published phone: 0 0 1 285.12 20,http://edupub.gov.lk/Downloads/pdf.pdf,
phone,pass,Published phone: 0 0 1 362.40 54,http://edupub.gov.lk/Downloads/pdf.pdf,
phone,pass,Published phone: 0 0 1 521.28 56,http://edupub.gov.lk/Downloads/pdf.pdf,
phone,pass,Published phone: 0 0 1 354.72 41,http://edupub.gov.lk/Downloads/pdf.pdf,
phone,pass,Published phone: 0 0 1 159.12 22,http://edupub.gov.lk/Downloads/pdf.pdf,
phone,pass,Published phone: 0 0 1 265.92 59,http://edupub.gov.lk/Downloads/pdf.pdf,
phone,pass,Published phone: 0 0 1 178.80 34.,http://edupub.gov.lk/Downloads/pdf.pdf,
phone,pass,Published phone: 0 0 1 288.72 27,http://edupub.gov.lk/Downloads/pdf.pdf,
phone,pass,Published phone: 0 0 1 122.88 54,http://edupub.gov.lk/Downloads/pdf.pdf,
phone,pass,Published phone: 0 0 1 510.00 39,http://edupub.gov.lk/Downloads/pdf.pdf,
phone,pass,Published phone: 0 0 1 424.08 20,http://edupub.gov.lk/Downloads/pdf.pdf,
phone,pass,Published phone: 0 0 1 395.76 17,http://edupub.gov.lk/Downloads/pdf.pdf,
phone,pass,Published phone: 0 0 1 539.28 52,http://edupub.gov.lk/Downloads/pdf.pdf,
phone,pass,Published phone: 0 0 1 127.44 57,http://edupub.gov.lk/Downloads/pdf.pdf,
phone,pass,Published phone: 0 0 1 361.92 18,http://edupub.gov.lk/Downloads/pdf.pdf,
phone,pass,Published phone: 0 0 1 106.08 68,http://edupub.gov.lk/Downloads/pdf.pdf,
phone,pass,Published phone: 0 0 1 171.84 49,http://edupub.gov.lk/Downloads/pdf.pdf,
phone,pass,Published phone: 0 0 1 146.88 32,http://edupub.gov.lk/Downloads/pdf.pdf,
phone,pass,Published phone: 0 0 1 540.48 62,http://edupub.gov.lk/Downloads/pdf.pdf,
phone,pass,Published phone: 0 0 1 476.88 14,http://edupub.gov.lk/Downloads/pdf.pdf,
phone,pass,Published phone: 0 0 1 197.04 38,http://edupub.gov.lk/Downloads/pdf.pdf,
phone,pass,Published phone: 0 0 1 293.04 61,http://edupub.gov.lk/Downloads/pdf.pdf,
phone,pass,Published phone: 0 0 1 390.00 53,http://edupub.gov.lk/Downloads/pdf.pdf,
phone,pass,Published phone: 0 0 1 253.92 56,http://edupub.gov.lk/Downloads/pdf.pdf,
phone,pass,Published phone: 0 0 1 162.48 34,http://edupub.gov.lk/Downloads/pdf.pdf,
phone,pass,Published phone: 0 0 1 354.00 19,http://edupub.gov.lk/Downloads/pdf.pdf,
phone,pass,Published phone: 0 0 1 132.24 41,http://edupub.gov.lk/Downloads/pdf.pdf,
phone,pass,Published phone: 0 0 1 414.24 45,http://edupub.gov.lk/Downloads/pdf.pdf,
phone,pass,Published phone: 0 0 1 394.08 68,http://edupub.gov.lk/Downloads/pdf.pdf,
phone,pass,Published phone: 0 0 1 188.16 60,http://edupub.gov.lk/Downloads/pdf.pdf,
phone,pass,Published phone: 0 0 1 322.56 11,http://edupub.gov.lk/Downloads/pdf.pdf,
phone,pass,Published phone: 0 0 1 506.88 45,http://edupub.gov.lk/Downloads/pdf.pdf,
phone,pass,Published phone: 0 0 1 95.52 647.,http://edupub.gov.lk/Downloads/pdf.pdf,
phone,pass,Published phone: 0313669303,http://edupub.gov.lk/Downloads/pdf.pdf,
phone,pass,Published phone: 0 0 1 151.20 56,http://edupub.gov.lk/Downloads/pdf.pdf,
phone,pass,Published phone: 0 0 1 170.88 57,http://edupub.gov.lk/Downloads/pdf.pdf,
phone,pass,Published phone: 0 0 1 234.96 61,http://edupub.gov.lk/Downloads/pdf.pdf,
phone,pass,Published phone: 0 0 1 305.04 43,http://edupub.gov.lk/Downloads/pdf.pdf,
phone,pass,Published phone: 0 0 1 138.00 59,http://edupub.gov.lk/Downloads/pdf.pdf,
phone,pass,Published phone: 0 0 1 204.96 56,http://edupub.gov.lk/Downloads/pdf.pdf,
phone,pass,Published phone: 0 0 1 480.24 17,http://edupub.gov.lk/Downloads/pdf.pdf,
phone,pass,Published phone: 0 0 1 292.80 16,http://edupub.gov.lk/Downloads/pdf.pdf,
phone,pass,Published phone: 0 0 1 94.08 320.,http://edupub.gov.lk/Downloads/pdf.pdf,
phone,pass,Published phone: 0 0 1 379.68 19,http://edupub.gov.lk/Downloads/pdf.pdf,
phone,pass,Published phone: 0 0 1 339.12 50,http://edupub.gov.lk/Downloads/pdf.pdf,
phone,pass,Published phone: 0 0 1 246.96 74,http://edupub.gov.lk/Downloads/pdf.pdf,
phone,pass,Published phone: 0 0 1 371.28 20,http://edupub.gov.lk/Downloads/pdf.pdf,
phone,pass,Published phone: 0 0 1 226.56 37,http://edupub.gov.lk/Downloads/pdf.pdf,
phone,pass,Published phone: 0 0 1 334.32 15,http://edupub.gov.lk/Downloads/pdf.pdf,
phone,pass,Published phone: 0 0 1 202.32 59,http://edupub.gov.lk/Downloads/pdf.pdf,
phone,pass,Published phone: 0 0 1 394.56 69,http://edupub.gov.lk/Downloads/pdf.pdf,
phone,pass,Published phone: 0633663732,http://edupub.gov.lk/Downloads/pdf.pdf,
phone,pass,Published phone: 0 0 1 157.20 65,http://edupub.gov.lk/Downloads/pdf.pdf,
phone,pass,Published phone: 0 0 1 515.76 34,http://edupub.gov.lk/Downloads/pdf.pdf,
phone,pass,Published phone: 0 0 1 430.56 86.,http://edupub.gov.lk/Downloads/pdf.pdf,
phone,pass,Published phone: 0 0 1 319.92 70,http://edupub.gov.lk/Downloads/pdf.pdf,
phone,pass,Published phone: 0 0 1 310.80 35,http://edupub.gov.lk/Downloads/pdf.pdf,
phone,pass,Published phone: 0 0 1 457.20 21,http://edupub.gov.lk/Downloads/pdf.pdf,
phone,pass,Published phone: 0 0 1 480.00 28,http://edupub.gov.lk/Downloads/pdf.pdf,
phone,pass,Published phone: 0 0 1 261.60 25,http://edupub.gov.lk/Downloads/pdf.pdf,
phone,pass,Published phone: 0 0 1 426.96 29,http://edupub.gov.lk/Downloads/pdf.pdf,
phone,pass,Published phone: 0 0 1 242.64 59,http://edupub.gov.lk/Downloads/pdf.pdf,
phone,pass,Published phone: 0 0 1 460.32 67,http://edupub.gov.lk/Downloads/pdf.pdf,
phone,pass,Published phone: 0 0 1 384.72 44,http://edupub.gov.lk/Downloads/pdf.pdf,
phone,pass,Published phone: 0 0 1 215.52 25,http://edupub.gov.lk/Downloads/pdf.pdf,
phone,pass,Published phone: 0 0 1 96.24 610.,http://edupub.gov.lk/Downloads/pdf.pdf,
phone,pass,Published phone: 0 0 1 174.24 25,http://edupub.gov.lk/Downloads/pdf.pdf,
phone,pass,Published phone: 0 0 1 349.68 59,http://edupub.gov.lk/Downloads/pdf.pdf,
phone,pass,Published phone: 0 0 1 142.32 76,http://edupub.gov.lk/Downloads/pdf.pdf,
phone,pass,Published phone: 0 0 1 308.88 59,http://edupub.gov.lk/Downloads/pdf.pdf,
phone,pass,Published phone: 0 0 1 417.60 63,http://edupub.gov.lk/Downloads/pdf.pdf,
phone,pass,Published phone: 0 0 1 282.96 49,http://edupub.gov.lk/Downloads/pdf.pdf,
phone,pass,Published phone: 0 0 1 454.56 28,http://edupub.gov.lk/Downloads/pdf.pdf,
phone,pass,Published phone: 0 0 1 364.80 47,http://edupub.gov.lk/Downloads/pdf.pdf,
phone,pass,Published phone: 0 0 1 263.76 64,http://edupub.gov.lk/Downloads/pdf.pdf,
phone,pass,Published phone: 0 0 1 348.72 31,http://edupub.gov.lk/Downloads/pdf.pdf,
phone,pass,Published phone: 0 0 1 443.76 14,http://edupub.gov.lk/Downloads/pdf.pdf,
phone,pass,Published phone: 0 0 1 323.28 17,http://edupub.gov.lk/Downloads/pdf.pdf,
phone,pass,Published phone: 0 0 1 405.36 37,http://edupub.gov.lk/Downloads/pdf.pdf,
phone,pass,Published phone: 0 0 1 492.00 26,http://edupub.gov.lk/Downloads/pdf.pdf,
phone,pass,Published phone: 0 0 1 423.36 74,http://edupub.gov.lk/Downloads/pdf.pdf,
phone,pass,Published phone: 0 0 1 256.32 59,http://edupub.gov.lk/Downloads/pdf.pdf,
phone,pass,Published phone: 0 0 1 195.84 64,http://edupub.gov.lk/Downloads/pdf.pdf,
phone,pass,Published phone: 0 0 1 138.24 74,http://edupub.gov.lk/Downloads/pdf.pdf,
phone,pass,Published phone: 0 0 1 112.32 36,http://edupub.gov.lk/Downloads/pdf.pdf,
phone,pass,Published phone: 0000255592 ,http://edupub.gov.lk/Downloads/pdf.pdf,
phone,pass,Published phone: 0 0 1 112.32 13,http://edupub.gov.lk/Downloads/pdf.pdf,
phone,pass,Published phone: 0 0 1 331.92 68.,http://edupub.gov.lk/Downloads/pdf.pdf,
phone,pass,Published phone: 0 0 1 518.64 18,http://edupub.gov.lk/Downloads/pdf.pdf,
phone,pass,Published phone: 0 0 1 454.80 30,http://edupub.gov.lk/Downloads/pdf.pdf,
phone,pass,Published phone: 0 0 1 369.84 67,http://edupub.gov.lk/Downloads/pdf.pdf,
phone,pass,Published phone: 0 0 1 498.48 50,http://edupub.gov.lk/Downloads/pdf.pdf,
phone,pass,Published phone: 0 0 1 514.32 31,http://edupub.gov.lk/Downloads/pdf.pdf,
phone,pass,Published phone: 0 0 1 400.08 29,http://edupub.gov.lk/Downloads/pdf.pdf,
phone,pass,Published phone: 0 0 1 376.56 25,http://edupub.gov.lk/Downloads/pdf.pdf,
phone,pass,Published phone: 0 0 1 293.04 36,http://edupub.gov.lk/Downloads/pdf.pdf,
phone,pass,Published phone: 0 0 1 128.40 85.,http://edupub.gov.lk/Downloads/pdf.pdf,
phone,pass,Published phone: 0 0 1 173.04 60.,http://edupub.gov.lk/Downloads/pdf.pdf,
phone,pass,Published phone: 0 0 1 344.64 37.,http://edupub.gov.lk/Downloads/pdf.pdf,
phone,pass,Published phone: 0 0 1 311.52 18,http://edupub.gov.lk/Downloads/pdf.pdf,
phone,pass,Published phone: 0 0 1 518.64 27,http://edupub.gov.lk/Downloads/pdf.pdf,
phone,pass,Published phone: 0 0 1 386.16 41,http://edupub.gov.lk/Downloads/pdf.pdf,
phone,pass,Published phone: 0 0 1 411.12 34,http://edupub.gov.lk/Downloads/pdf.pdf,
phone,pass,Published phone: 0 0 1 148.56 60.,http://edupub.gov.lk/Downloads/pdf.pdf,
phone,pass,Published phone: 0 0 1 474.72 45,http://edupub.gov.lk/Downloads/pdf.pdf,
phone,pass,Published phone: 0 0 1 393.84 20,http://edupub.gov.lk/Downloads/pdf.pdf,
phone,pass,Published phone: 0 0 1 514.32 49,http://edupub.gov.lk/Downloads/pdf.pdf,
phone,pass,Published phone: 0 0 1 476.64 33,http://edupub.gov.lk/Downloads/pdf.pdf,
phone,pass,Published phone: 0 0 1 183.36 31,http://edupub.gov.lk/Downloads/pdf.pdf,
phone,pass,Published phone: 0 0 1 547.44 61,http://edupub.gov.lk/Downloads/pdf.pdf,
phone,pass,Published phone: 0 0 1 322.80 16,http://edupub.gov.lk/Downloads/pdf.pdf,
phone,pass,Published phone: 0 0 1 395.28 41,http://edupub.gov.lk/Downloads/pdf.pdf,
phone,pass,Published phone: 0 0 1 94.56 111.,http://edupub.gov.lk/Downloads/pdf.pdf,
phone,pass,Published phone: 0 0 1 144.00 62,http://edupub.gov.lk/Downloads/pdf.pdf,
phone,pass,Published phone: 0 0 1 548.16 19,http://edupub.gov.lk/Downloads/pdf.pdf,
phone,pass,Published phone: 0 0 1 384.72 41,http://edupub.gov.lk/Downloads/pdf.pdf,
phone,pass,Published phone: 0 0 1 154.56 71,http://edupub.gov.lk/Downloads/pdf.pdf,
phone,pass,Published phone: 0 0 1 229.20 24,http://edupub.gov.lk/Downloads/pdf.pdf,
phone,pass,Published phone: 0 0 1 452.40 11,http://edupub.gov.lk/Downloads/pdf.pdf,
phone,pass,Published phone: 0 0 1 362.16 45,http://edupub.gov.lk/Downloads/pdf.pdf,
phone,pass,Published phone: 0 0 1 337.44 57,http://edupub.gov.lk/Downloads/pdf.pdf,
phone,pass,Published phone: 0 0 1 154.56 67.,http://edupub.gov.lk/Downloads/pdf.pdf,
phone,pass,Published phone: 0 0 1 297.36 50,http://edupub.gov.lk/Downloads/pdf.pdf,
phone,pass,Published phone: 0 0 1 515.52 46,http://edupub.gov.lk/Downloads/pdf.pdf,
phone,pass,Published phone: 0000103687 ,http://edupub.gov.lk/Downloads/pdf.pdf,
phone,pass,Published phone: 0 0 1 219.12 63,http://edupub.gov.lk/Downloads/pdf.pdf,
phone,pass,Published phone: 0 0 1 342.48 38,http://edupub.gov.lk/Downloads/pdf.pdf,
phone,pass,Published phone: 0 0 1 164.40 56,http://edupub.gov.lk/Downloads/pdf.pdf,
phone,pass,Published phone: 0 0 1 424.32 73,http://edupub.gov.lk/Downloads/pdf.pdf,
phone,pass,Published phone: 0 0 1 462.00 56,http://edupub.gov.lk/Downloads/pdf.pdf,
phone,pass,Published phone: 0 0 1 471.84 59,http://edupub.gov.lk/Downloads/pdf.pdf,
phone,pass,Published phone: 0 0 1 127.68 56,http://edupub.gov.lk/Downloads/pdf.pdf,
phone,pass,Published phone: 0 0 1 316.08 45,http://edupub.gov.lk/Downloads/pdf.pdf,
phone,pass,Published phone: 0 0 1 252.96 63,http://edupub.gov.lk/Downloads/pdf.pdf,
phone,pass,Published phone: 0 0 1 177.60 67,http://edupub.gov.lk/Downloads/pdf.pdf,
phone,pass,Published phone: 0 0 1 196.32 37,http://edupub.gov.lk/Downloads/pdf.pdf,
phone,pass,Published phone: 0 0 1 93.36 56.6,http://edupub.gov.lk/Downloads/pdf.pdf,
phone,pass,Published phone: 0 0 1 202.80 20,http://edupub.gov.lk/Downloads/pdf.pdf,
phone,pass,Published phone: 0 0 1 176.64 36,http://edupub.gov.lk/Downloads/pdf.pdf,
phone,pass,Published phone: 0747464722,http://edupub.gov.lk/Downloads/pdf.pdf,
phone,pass,Published phone: 0 0 1 127.92 38,http://edupub.gov.lk/Downloads/pdf.pdf,
phone,pass,Published phone: 0 0 1 222.24 67,http://edupub.gov.lk/Downloads/pdf.pdf,
phone,pass,Published phone: 0 0 1 394.08 67,http://edupub.gov.lk/Downloads/pdf.pdf,
phone,pass,Published phone: 0 0 1 228.72 67,http://edupub.gov.lk/Downloads/pdf.pdf,
phone,pass,Published phone: 0 0 1 311.28 45,http://edupub.gov.lk/Downloads/pdf.pdf,
phone,pass,Published phone: 0 0 1 559.92 64,http://edupub.gov.lk/Downloads/pdf.pdf,
phone,pass,Published phone: 0 0 1 121.44 19,http://edupub.gov.lk/Downloads/pdf.pdf,
phone,pass,Published phone: 0 0 1 545.28 57,http://edupub.gov.lk/Downloads/pdf.pdf,
phone,pass,Published phone: 0 0 1 426.24 36,http://edupub.gov.lk/Downloads/pdf.pdf,
phone,pass,Published phone: 0 0 1 434.64 47,http://edupub.gov.lk/Downloads/pdf.pdf,
phone,pass,Published phone: 0 0 1 589.44 48,http://edupub.gov.lk/Downloads/pdf.pdf,
phone,pass,Published phone: 0 0 1 564.48 30,http://edupub.gov.lk/Downloads/pdf.pdf,
phone,pass,Published phone: 0 0 1 362.16 20,http://edupub.gov.lk/Downloads/pdf.pdf,
phone,pass,Published phone: 0 0 1 285.12 27,http://edupub.gov.lk/Downloads/pdf.pdf,
phone,pass,Published phone: 0 0 1 296.88 63,http://edupub.gov.lk/Downloads/pdf.pdf,
phone,pass,Published phone: 0 0 1 353.28 18,http://edupub.gov.lk/Downloads/pdf.pdf,
phone,pass,Published phone: 0 0 1 172.56 48.,http://edupub.gov.lk/Downloads/pdf.pdf,
phone,pass,Published phone: 0664063642,http://edupub.gov.lk/Downloads/pdf.pdf,
phone,pass,Published phone: 0 0 1 486.72 30,http://edupub.gov.lk/Downloads/pdf.pdf,
phone,pass,Published phone: 0 0 1 382.56 51,http://edupub.gov.lk/Downloads/pdf.pdf,
phone,pass,Published phone: 0 0 1 197.28 75.,http://edupub.gov.lk/Downloads/pdf.pdf,
phone,pass,Published phone: 0 0 1 117.36 56,http://edupub.gov.lk/Downloads/pdf.pdf,
phone,pass,Published phone: 0 0 1 440.40 17,http://edupub.gov.lk/Downloads/pdf.pdf,
phone,pass,Published phone: 0 0 1 158.40 64,http://edupub.gov.lk/Downloads/pdf.pdf,
phone,pass,Published phone: 0 0 1 394.32 73,http://edupub.gov.lk/Downloads/pdf.pdf,
phone,pass,Published phone: 0 0 1 405.12 37,http://edupub.gov.lk/Downloads/pdf.pdf,
phone,pass,Published phone: 0000101074 ,http://edupub.gov.lk/Downloads/pdf.pdf,
phone,pass,Published phone: 0 0 1 334.80 63,http://edupub.gov.lk/Downloads/pdf.pdf,
phone,pass,Published phone: 0 0 1 282.00 64,http://edupub.gov.lk/Downloads/pdf.pdf,
phone,pass,Published phone: 0 0 1 210.00 24,http://edupub.gov.lk/Downloads/pdf.pdf,
phone,pass,Published phone: 0 0 1 204.48 42,http://edupub.gov.lk/Downloads/pdf.pdf,
phone,pass,Published phone: 0 0 1 344.64 40,http://edupub.gov.lk/Downloads/pdf.pdf,
phone,pass,Published phone: 0 0 1 288.48 45,http://edupub.gov.lk/Downloads/pdf.pdf,
phone,pass,Published phone: 0 0 1 226.80 50,http://edupub.gov.lk/Downloads/pdf.pdf,
phone,pass,Published phone: 0 0 1 410.64 63,http://edupub.gov.lk/Downloads/pdf.pdf,
phone,pass,Published phone: 0 0 1 562.32 58,http://edupub.gov.lk/Downloads/pdf.pdf,
phone,pass,Published phone: 0 0 1 389.04 39,http://edupub.gov.lk/Downloads/pdf.pdf,
phone,pass,Published phone: 0 0 1 216.48 68.,http://edupub.gov.lk/Downloads/pdf.pdf,
phone,pass,Published phone: 0 0 1 235.92 45,http://edupub.gov.lk/Downloads/pdf.pdf,
phone,pass,Published phone: 0 0 1 132.48 49,http://edupub.gov.lk/Downloads/pdf.pdf,
phone,pass,Published phone: 0 0 1 369.84 28,http://edupub.gov.lk/Downloads/pdf.pdf,
phone,pass,Published phone: 0 0 1 148.08 24.,http://edupub.gov.lk/Downloads/pdf.pdf,
phone,pass,Published phone: 0000308241 ,http://edupub.gov.lk/Downloads/pdf.pdf,
phone,pass,Published phone: 0 0 1 165.84 14,http://edupub.gov.lk/Downloads/pdf.pdf,
phone,pass,Published phone: 0 0 1 247.44 13,http://edupub.gov.lk/Downloads/pdf.pdf,
phone,pass,Published phone: 0 0 1 132.72 63,http://edupub.gov.lk/Downloads/pdf.pdf,
phone,pass,Published phone: 0 0 1 180.96 59,http://edupub.gov.lk/Downloads/pdf.pdf,
phone,pass,Published phone: 0 0 1 358.32 22,http://edupub.gov.lk/Downloads/pdf.pdf,
phone,pass,Published phone: 0 0 1 545.28 30,http://edupub.gov.lk/Downloads/pdf.pdf,
phone,pass,Published phone: 0 0 1 187.92 47,http://edupub.gov.lk/Downloads/pdf.pdf,
phone,pass,Published phone: 0 0 1 315.36 71.,http://edupub.gov.lk/Downloads/pdf.pdf,
phone,pass,Published phone: 0437265246,http://edupub.gov.lk/Downloads/pdf.pdf,
phone,pass,Published phone: 0 0 1 493.68 29,http://edupub.gov.lk/Downloads/pdf.pdf,
phone,pass,Published phone: 0 0 1 367.44 51,http://edupub.gov.lk/Downloads/pdf.pdf,
phone,pass,Published phone: 0 0 1 168.00 41,http://edupub.gov.lk/Downloads/pdf.pdf,
phone,pass,Published phone: 0 0 1 95.52 744.,http://edupub.gov.lk/Downloads/pdf.pdf,
phone,pass,Published phone: 0 0 1 277.20 50,http://edupub.gov.lk/Downloads/pdf.pdf,
phone,pass,Published phone: 0 0 1 95.52 146.,http://edupub.gov.lk/Downloads/pdf.pdf,
phone,pass,Published phone: 0 0 1 155.28 27,http://edupub.gov.lk/Downloads/pdf.pdf,
phone,pass,Published phone: 0 0 1 336.24 34,http://edupub.gov.lk/Downloads/pdf.pdf,
phone,pass,Published phone: 0 0 1 200.88 48,http://edupub.gov.lk/Downloads/pdf.pdf,
phone,pass,Published phone: 0 0 1 138.00 48,http://edupub.gov.lk/Downloads/pdf.pdf,
phone,pass,Published phone: 0 0 1 404.64 28,http://edupub.gov.lk/Downloads/pdf.pdf,
phone,pass,Published phone: 0 0 1 364.08 60,http://edupub.gov.lk/Downloads/pdf.pdf,
phone,pass,Published phone: 0 0 1 416.64 29,http://edupub.gov.lk/Downloads/pdf.pdf,
phone,pass,Published phone: 0000306732 ,http://edupub.gov.lk/Downloads/pdf.pdf,
phone,pass,Published phone: 0727536642,http://edupub.gov.lk/Downloads/pdf.pdf,
phone,pass,Published phone: 0 0 1 201.84 53,http://edupub.gov.lk/Downloads/pdf.pdf,
phone,pass,Published phone: 0 0 1 543.12 63,http://edupub.gov.lk/Downloads/pdf.pdf,
phone,pass,Published phone: 0 0 1 269.28 63,http://edupub.gov.lk/Downloads/pdf.pdf,
phone,pass,Published phone: 0 0 1 370.80 17,http://edupub.gov.lk/Downloads/pdf.pdf,
phone,pass,Published phone: 0 0 1 387.36 48,http://edupub.gov.lk/Downloads/pdf.pdf,
phone,pass,Published phone: 0 0 1 308.16 73.,http://edupub.gov.lk/Downloads/pdf.pdf,
phone,pass,Published phone: 0 0 1 419.04 56,http://edupub.gov.lk/Downloads/pdf.pdf,
phone,pass,Published phone: 0 0 1 186.48 41,http://edupub.gov.lk/Downloads/pdf.pdf,
phone,pass,Published phone: 0 0 1 231.60 36,http://edupub.gov.lk/Downloads/pdf.pdf,
phone,pass,Published phone: 0 0 1 284.40 11,http://edupub.gov.lk/Downloads/pdf.pdf,
phone,pass,Published phone: 0 0 1 478.32 39,http://edupub.gov.lk/Downloads/pdf.pdf,
phone,pass,Published phone: 0 0 1 440.88 41.,http://edupub.gov.lk/Downloads/pdf.pdf,
phone,pass,Published phone: 0 0 1 249.84 49,http://edupub.gov.lk/Downloads/pdf.pdf,
phone,pass,Published phone: 0 0 1 104.64 69,http://edupub.gov.lk/Downloads/pdf.pdf,
phone,pass,Published phone: 0 0 1 284.16 43,http://edupub.gov.lk/Downloads/pdf.pdf,
phone,pass,Published phone: 0 0 1 129.36 22,http://edupub.gov.lk/Downloads/pdf.pdf,
phone,pass,Published phone: 0 0 1 564.48 49,http://edupub.gov.lk/Downloads/pdf.pdf,
phone,pass,Published phone: 0 0 1 342.24 56,http://edupub.gov.lk/Downloads/pdf.pdf,
phone,pass,Published phone: 0 0 1 465.60 30,http://edupub.gov.lk/Downloads/pdf.pdf,
phone,pass,Published phone: 0 0 1 315.36 37.,http://edupub.gov.lk/Downloads/pdf.pdf,
phone,pass,Published phone: 0 0 1 385.68 44,http://edupub.gov.lk/Downloads/pdf.pdf,
phone,pass,Published phone: 0 0 1 288.72 26,http://edupub.gov.lk/Downloads/pdf.pdf,
phone,pass,Published phone: 0 0 1 93.84 152.,http://edupub.gov.lk/Downloads/pdf.pdf,
phone,pass,Published phone: 0 0 1 352.08 15,http://edupub.gov.lk/Downloads/pdf.pdf,
phone,pass,Published phone: 0 0 1 95.52 56.6,http://edupub.gov.lk/Downloads/pdf.pdf,
phone,pass,Published phone: 0 0 1 223.20 41,http://edupub.gov.lk/Downloads/pdf.pdf,
phone,pass,Published phone: 0 0 1 121.44 67,http://edupub.gov.lk/Downloads/pdf.pdf,
phone,pass,Published phone: 0 0 1 446.64 44,http://edupub.gov.lk/Downloads/pdf.pdf,
phone,pass,Published phone: 0 0 1 389.04 31,http://edupub.gov.lk/Downloads/pdf.pdf,
phone,pass,Published phone: 0 0 1 519.84 57,http://edupub.gov.lk/Downloads/pdf.pdf,
phone,pass,Published phone: 0 0 1 105.36 65,http://edupub.gov.lk/Downloads/pdf.pdf,
phone,pass,Published phone: 0 0 1 538.08 33,http://edupub.gov.lk/Downloads/pdf.pdf,
phone,pass,Published phone: 0 0 1 441.12 46,http://edupub.gov.lk/Downloads/pdf.pdf,
phone,pass,Published phone: 0 0 1 426.96 52,http://edupub.gov.lk/Downloads/pdf.pdf,
phone,pass,Published phone: 0 0 1 196.32 63,http://edupub.gov.lk/Downloads/pdf.pdf,
phone,pass,Published phone: 0 0 1 204.72 68,http://edupub.gov.lk/Downloads/pdf.pdf,
phone,pass,Published phone: 0 0 1 543.84 45,http://edupub.gov.lk/Downloads/pdf.pdf,
phone,pass,Published phone: 0 0 1 292.08 69,http://edupub.gov.lk/Downloads/pdf.pdf,
phone,pass,Published phone: 0 0 1 384.96 16,http://edupub.gov.lk/Downloads/pdf.pdf,
phone,pass,Published phone: 0 0 1 128.16 36,http://edupub.gov.lk/Downloads/pdf.pdf,
phone,pass,Published phone: 0 0 1 243.84 70,http://edupub.gov.lk/Downloads/pdf.pdf,
phone,pass,Published phone: 0 0 1 243.36 75,http://edupub.gov.lk/Downloads/pdf.pdf,
phone,pass,Published phone: 0 0 1 308.64 41,http://edupub.gov.lk/Downloads/pdf.pdf,
phone,pass,Published phone: 0 0 1 267.12 85.,http://edupub.gov.lk/Downloads/pdf.pdf,
phone,pass,Published phone: 0 0 1 127.68 42,http://edupub.gov.lk/Downloads/pdf.pdf,
phone,pass,Published phone: 0 0 1 182.16 59,http://edupub.gov.lk/Downloads/pdf.pdf,
phone,pass,Published phone: 0 0 1 349.68 46,http://edupub.gov.lk/Downloads/pdf.pdf,
phone,pass,Published phone: 0 0 1 184.56 99.,http://edupub.gov.lk/Downloads/pdf.pdf,
phone,pass,Published phone: 0 0 1 416.64 16,http://edupub.gov.lk/Downloads/pdf.pdf,
phone,pass,Published phone: 0 0 1 276.48 50,http://edupub.gov.lk/Downloads/pdf.pdf,
phone,pass,Published phone: 0 0 1 472.32 20,http://edupub.gov.lk/Downloads/pdf.pdf,
phone,pass,Published phone: 0 0 1 426.96 63,http://edupub.gov.lk/Downloads/pdf.pdf,
phone,pass,Published phone: 0 0 1 392.88 14,http://edupub.gov.lk/Downloads/pdf.pdf,
phone,pass,Published phone: 0 0 1 472.56 17,http://edupub.gov.lk/Downloads/pdf.pdf,
phone,pass,Published phone: 0 0 1 321.12 46,http://edupub.gov.lk/Downloads/pdf.pdf,
phone,pass,Published phone: 0 0 1 438.96 61,http://edupub.gov.lk/Downloads/pdf.pdf,
phone,pass,Published phone: 0 0 1 571.68 34,http://edupub.gov.lk/Downloads/pdf.pdf,
phone,pass,Published phone: 0 0 1 98.16 270.,http://edupub.gov.lk/Downloads/pdf.pdf,
phone,pass,Published phone: 0 0 1 472.08 38,http://edupub.gov.lk/Downloads/pdf.pdf,
phone,pass,Published phone: 0 0 1 111.12 57,http://edupub.gov.lk/Downloads/pdf.pdf,
phone,pass,Published phone: 0 0 1 549.12 54,http://edupub.gov.lk/Downloads/pdf.pdf,
phone,pass,Published phone: 0 0 1 234.00 49,http://edupub.gov.lk/Downloads/pdf.pdf,
phone,pass,Published phone: 0 0 1 401.28 15,http://edupub.gov.lk/Downloads/pdf.pdf,
phone,pass,Published phone: 0 0 1 289.44 36,http://edupub.gov.lk/Downloads/pdf.pdf,
phone,pass,Published phone: 0 0 1 253.68 56,http://edupub.gov.lk/Downloads/pdf.pdf,
phone,pass,Published phone: 0 0 1 415.44 26,http://edupub.gov.lk/Downloads/pdf.pdf,
phone,pass,Published phone: 0 0 1 317.52 42,http://edupub.gov.lk/Downloads/pdf.pdf,
phone,pass,Published phone: 0 0 1 196.32 49,http://edupub.gov.lk/Downloads/pdf.pdf,
phone,pass,Published phone: 0 0 1 251.28 61.,http://edupub.gov.lk/Downloads/pdf.pdf,
phone,pass,Published phone: 0 0 1 93.60 189.,http://edupub.gov.lk/Downloads/pdf.pdf,
phone,pass,Published phone: 0 0 1 407.28 42,http://edupub.gov.lk/Downloads/pdf.pdf,
phone,pass,Published phone: 0 0 1 392.16 57,http://edupub.gov.lk/Downloads/pdf.pdf,
phone,pass,Published phone: 0 0 1 95.28 729.,http://edupub.gov.lk/Downloads/pdf.pdf,
phone,pass,Published phone: 0 0 1 432.48 38,http://edupub.gov.lk/Downloads/pdf.pdf,
phone,pass,Published phone: 0 0 1 112.32 14,http://edupub.gov.lk/Downloads/pdf.pdf,
phone,pass,Published phone: 0 0 1 93.84 254.,http://edupub.gov.lk/Downloads/pdf.pdf,
phone,pass,Published phone: 0 0 1 183.12 44,http://edupub.gov.lk/Downloads/pdf.pdf,
phone,pass,Published phone: 0 0 1 288.72 21,http://edupub.gov.lk/Downloads/pdf.pdf,
phone,pass,Published phone: 0 0 1 95.04 544.,http://edupub.gov.lk/Downloads/pdf.pdf,
phone,pass,Published phone: 0 0 1 396.96 20,http://edupub.gov.lk/Downloads/pdf.pdf,
phone,pass,Published phone: 0 0 1 355.92 48,http://edupub.gov.lk/Downloads/pdf.pdf,
phone,pass,Published phone: 0 0 1 293.76 22,http://edupub.gov.lk/Downloads/pdf.pdf,
phone,pass,Published phone: 0 0 1 274.80 73,http://edupub.gov.lk/Downloads/pdf.pdf,
phone,pass,Published phone: 0 0 1 183.60 10,http://edupub.gov.lk/Downloads/pdf.pdf,
phone,pass,Published phone: 0 0 1 121.68 52,http://edupub.gov.lk/Downloads/pdf.pdf,
phone,pass,Published phone: 0 0 1 379.20 66,http://edupub.gov.lk/Downloads/pdf.pdf,
phone,pass,Published phone: 0 0 1 524.40 24,http://edupub.gov.lk/Downloads/pdf.pdf,
phone,pass,Published phone: 0 0 1 362.16 86.,http://edupub.gov.lk/Downloads/pdf.pdf,
phone,pass,Published phone: 0 0 1 440.64 73,http://edupub.gov.lk/Downloads/pdf.pdf,
phone,pass,Published phone: 0 0 1 421.20 65,http://edupub.gov.lk/Downloads/pdf.pdf,
phone,pass,Published phone: 0 0 1 362.40 27,http://edupub.gov.lk/Downloads/pdf.pdf,
phone,pass,Published phone: 0 0 1 221.52 19,http://edupub.gov.lk/Downloads/pdf.pdf,
phone,pass,Published phone: 0 0 1 418.32 64,http://edupub.gov.lk/Downloads/pdf.pdf,
phone,pass,Published phone: 0 0 1 233.52 27,http://edupub.gov.lk/Downloads/pdf.pdf,
phone,pass,Published phone: 0 0 1 531.84 37,http://edupub.gov.lk/Downloads/pdf.pdf,
phone,pass,Published phone: 0000247906 ,http://edupub.gov.lk/Downloads/pdf.pdf,
phone,pass,Published phone: 0 0 1 386.88 21,http://edupub.gov.lk/Downloads/pdf.pdf,
phone,pass,Published phone: 0 0 1 450.48 31,http://edupub.gov.lk/Downloads/pdf.pdf,
phone,pass,Published phone: 0 0 1 570.48 27,http://edupub.gov.lk/Downloads/pdf.pdf,
phone,pass,Published phone: 0 0 1 342.96 43,http://edupub.gov.lk/Downloads/pdf.pdf,
phone,pass,Published phone: 0 0 1 405.60 38,http://edupub.gov.lk/Downloads/pdf.pdf,
phone,pass,Published phone: 0 0 1 160.80 30,http://edupub.gov.lk/Downloads/pdf.pdf,
phone,pass,Published phone: 0 0 1 95.28 205.,http://edupub.gov.lk/Downloads/pdf.pdf,
phone,pass,Published phone: 0 0 1 301.44 36,http://edupub.gov.lk/Downloads/pdf.pdf,
phone,pass,Published phone: 0 0 1 245.76 38,http://edupub.gov.lk/Downloads/pdf.pdf,
phone,pass,Published phone: 0 0 1 283.68 59,http://edupub.gov.lk/Downloads/pdf.pdf,
phone,pass,Published phone: 0 0 1 192.96 25,http://edupub.gov.lk/Downloads/pdf.pdf,
phone,pass,Published phone: 0 0 1 348.96 22,http://edupub.gov.lk/Downloads/pdf.pdf,
phone,pass,Published phone: 0 0 1 271.20 34,http://edupub.gov.lk/Downloads/pdf.pdf,
phone,pass,Published phone: 0 0 1 401.52 42,http://edupub.gov.lk/Downloads/pdf.pdf,
phone,pass,Published phone: 0 0 1 103.44 50,http://edupub.gov.lk/Downloads/pdf.pdf,
phone,pass,Published phone: 0 0 1 337.44 16,http://edupub.gov.lk/Downloads/pdf.pdf,
phone,pass,Published phone: 0 0 1 462.24 36,http://edupub.gov.lk/Downloads/pdf.pdf,
phone,pass,Published phone: 0 0 1 413.76 67,http://edupub.gov.lk/Downloads/pdf.pdf,
phone,pass,Published phone: 0000103868 ,http://edupub.gov.lk/Downloads/pdf.pdf,
phone,pass,Published phone: 0 0 1 522.00 48,http://edupub.gov.lk/Downloads/pdf.pdf,
phone,pass,Published phone: 0 0 1 321.36 46,http://edupub.gov.lk/Downloads/pdf.pdf,
phone,pass,Published phone: 0 0 1 504.00 37,http://edupub.gov.lk/Downloads/pdf.pdf,
phone,pass,Published phone: 0 0 1 185.28 22,http://edupub.gov.lk/Downloads/pdf.pdf,
phone,pass,Published phone: 0 0 1 485.76 67,http://edupub.gov.lk/Downloads/pdf.pdf,
phone,pass,Published phone: 0 0 1 300.72 56,http://edupub.gov.lk/Downloads/pdf.pdf,
phone,pass,Published phone: 0 0 1 560.64 70.,http://edupub.gov.lk/Downloads/pdf.pdf,
phone,pass,Published phone: 0 0 1 394.08 71,http://edupub.gov.lk/Downloads/pdf.pdf,
phone,pass,Published phone: 0 0 1 127.92 41,http://edupub.gov.lk/Downloads/pdf.pdf,
phone,pass,Published phone: 0 0 1 538.32 18,http://edupub.gov.lk/Downloads/pdf.pdf,
phone,pass,Published phone: 0 0 1 111.12 32,http://edupub.gov.lk/Downloads/pdf.pdf,
phone,pass,Published phone: 0 0 1 441.36 26,http://edupub.gov.lk/Downloads/pdf.pdf,
phone,pass,Published phone: 0 0 1 353.76 73,http://edupub.gov.lk/Downloads/pdf.pdf,
phone,pass,Published phone: 0 0 1 553.68 11,http://edupub.gov.lk/Downloads/pdf.pdf,
phone,pass,Published phone: 0 0 1 264.96 66,http://edupub.gov.lk/Downloads/pdf.pdf,
phone,pass,Published phone: 0 0 1 103.68 59,http://edupub.gov.lk/Downloads/pdf.pdf,
phone,pass,Published phone: 0 0 1 452.16 50,http://edupub.gov.lk/Downloads/pdf.pdf,
phone,pass,Published phone: 0 0 1 446.64 67,http://edupub.gov.lk/Downloads/pdf.pdf,
phone,pass,Published phone: 0 0 1 103.44 72.,http://edupub.gov.lk/Downloads/pdf.pdf,
phone,pass,Published phone: 0 0 1 301.92 34,http://edupub.gov.lk/Downloads/pdf.pdf,
phone,pass,Published phone: 0 0 1 98.16 312.,http://edupub.gov.lk/Downloads/pdf.pdf,
phone,pass,Published phone: 0 0 1 254.88 36,http://edupub.gov.lk/Downloads/pdf.pdf,
phone,pass,Published phone: 0 0 1 412.80 67,http://edupub.gov.lk/Downloads/pdf.pdf,
phone,pass,Published phone: 0 0 1 360.48 50,http://edupub.gov.lk/Downloads/pdf.pdf,
phone,pass,Published phone: 0 0 1 311.28 54,http://edupub.gov.lk/Downloads/pdf.pdf,
phone,pass,Published phone: 0 0 1 94.56 410.,http://edupub.gov.lk/Downloads/pdf.pdf,
phone,pass,Published phone: 0 0 1 213.36 57,http://edupub.gov.lk/Downloads/pdf.pdf,
phone,pass,Published phone: 0 0 1 395.28 44,http://edupub.gov.lk/Downloads/pdf.pdf,
phone,pass,Published phone: 0 0 1 446.64 47,http://edupub.gov.lk/Downloads/pdf.pdf,
phone,pass,Published phone: 0 0 1 185.76 18,http://edupub.gov.lk/Downloads/pdf.pdf,
phone,pass,Published phone: 0 0 1 244.56 61,http://edupub.gov.lk/Downloads/pdf.pdf,
phone,pass,Published phone: 0 0 1 394.32 70,http://edupub.gov.lk/Downloads/pdf.pdf,
phone,pass,Published phone: 0 0 1 260.88 24,http://edupub.gov.lk/Downloads/pdf.pdf,
phone,pass,Published phone: 0 0 1 308.88 66,http://edupub.gov.lk/Downloads/pdf.pdf,
phone,pass,Published phone: 0 0 1 360.24 31,http://edupub.gov.lk/Downloads/pdf.pdf,
phone,pass,Published phone: 0 0 1 308.16 24.,http://edupub.gov.lk/Downloads/pdf.pdf,
phone,pass,Published phone: 0 0 1 520.56 20,http://edupub.gov.lk/Downloads/pdf.pdf,
phone,pass,Published phone: 0 0 1 260.16 37,http://edupub.gov.lk/Downloads/pdf.pdf,
phone,pass,Published phone: 0 0 1 521.28 64,http://edupub.gov.lk/Downloads/pdf.pdf,
phone,pass,Published phone: 0 0 1 437.52 28,http://edupub.gov.lk/Downloads/pdf.pdf,
phone,pass,Published phone: 0 0 1 105.60 73,http://edupub.gov.lk/Downloads/pdf.pdf,
phone,pass,Published phone: 0 0 1 564.00 39,http://edupub.gov.lk/Downloads/pdf.pdf,
phone,pass,Published phone: 0 0 1 160.32 63,http://edupub.gov.lk/Downloads/pdf.pdf,
phone,pass,Published phone: 0 0 1 149.52 56.,http://edupub.gov.lk/Downloads/pdf.pdf,
phone,pass,Published phone: 0 0 1 374.88 30,http://edupub.gov.lk/Downloads/pdf.pdf,
phone,pass,Published phone: 0 0 1 470.40 25,http://edupub.gov.lk/Downloads/pdf.pdf,
phone,pass,Published phone: 0 0 1 140.88 32,http://edupub.gov.lk/Downloads/pdf.pdf,
phone,pass,Published phone: 0 0 1 426.96 40,http://edupub.gov.lk/Downloads/pdf.pdf,
phone,pass,Published phone: 0 0 1 488.16 56,http://edupub.gov.lk/Downloads/pdf.pdf,
phone,pass,Published phone: 0 0 1 434.88 45,http://edupub.gov.lk/Downloads/pdf.pdf,
phone,pass,Published phone: 0 0 1 162.72 16,http://edupub.gov.lk/Downloads/pdf.pdf,
phone,pass,Published phone: 0 0 1 143.28 50,http://edupub.gov.lk/Downloads/pdf.pdf,
phone,pass,Published phone: 0 0 1 458.88 43,http://edupub.gov.lk/Downloads/pdf.pdf,
phone,pass,Published phone: 0 0 1 176.40 71,http://edupub.gov.lk/Downloads/pdf.pdf,
phone,pass,Published phone: 0000247981 ,http://edupub.gov.lk/Downloads/pdf.pdf,
phone,pass,Published phone: 0 0 1 456.00 31,http://edupub.gov.lk/Downloads/pdf.pdf,
phone,pass,Published phone: 0 0 1 262.32 41,http://edupub.gov.lk/Downloads/pdf.pdf,
phone,pass,Published phone: 0 0 1 249.12 19,http://edupub.gov.lk/Downloads/pdf.pdf,
phone,pass,Published phone: 0 0 1 161.52 48,http://edupub.gov.lk/Downloads/pdf.pdf,
phone,pass,Published phone: 0 0 1 371.04 56,http://edupub.gov.lk/Downloads/pdf.pdf,
phone,pass,Published phone: 0 0 1 205.20 18,http://edupub.gov.lk/Downloads/pdf.pdf,
phone,pass,Published phone: 0 0 1 212.88 30,http://edupub.gov.lk/Downloads/pdf.pdf,
phone,pass,Published phone: 0 0 1 509.76 11,http://edupub.gov.lk/Downloads/pdf.pdf,
phone,pass,Published phone: 0 0 1 141.84 15,http://edupub.gov.lk/Downloads/pdf.pdf,
phone,pass,Published phone: 0 0 1 95.28 75.1,http://edupub.gov.lk/Downloads/pdf.pdf,
phone,pass,Published phone: 0 0 1 397.20 52,http://edupub.gov.lk/Downloads/pdf.pdf,
phone,pass,Published phone: 0 0 1 202.32 45,http://edupub.gov.lk/Downloads/pdf.pdf,
phone,pass,Published phone: 0 0 1 141.84 71,http://edupub.gov.lk/Downloads/pdf.pdf,
phone,pass,Published phone: 0 0 1 556.56 42,http://edupub.gov.lk/Downloads/pdf.pdf,
phone,pass,Published phone: 0 0 1 458.16 63,http://edupub.gov.lk/Downloads/pdf.pdf,
phone,pass,Published phone: 0 0 1 534.96 47,http://edupub.gov.lk/Downloads/pdf.pdf,
phone,pass,Published phone: 0 0 1 111.36 27,http://edupub.gov.lk/Downloads/pdf.pdf,
phone,pass,Published phone: 0 0 1 341.04 64,http://edupub.gov.lk/Downloads/pdf.pdf,
phone,pass,Published phone: 0 0 1 418.32 31,http://edupub.gov.lk/Downloads/pdf.pdf,
phone,pass,Published phone: 0 0 1 392.16 31,http://edupub.gov.lk/Downloads/pdf.pdf,
phone,pass,Published phone: 0 0 1 191.52 40,http://edupub.gov.lk/Downloads/pdf.pdf,
phone,pass,Published phone: 0 0 1 220.80 75,http://edupub.gov.lk/Downloads/pdf.pdf,
phone,pass,Published phone: 0 0 1 278.88 45,http://edupub.gov.lk/Downloads/pdf.pdf,
phone,pass,Published phone: 0000308466 ,http://edupub.gov.lk/Downloads/pdf.pdf,
phone,pass,Published phone: 0000248312 ,http://edupub.gov.lk/Downloads/pdf.pdf,
phone,pass,Published phone: 0 0 1 567.60 52,http://edupub.gov.lk/Downloads/pdf.pdf,
phone,pass,Published phone: 0 0 1 520.80 47,http://edupub.gov.lk/Downloads/pdf.pdf,
phone,pass,Published phone: 0 0 1 103.44 97.,http://edupub.gov.lk/Downloads/pdf.pdf,
phone,pass,Published phone: 0 0 1 345.60 14,http://edupub.gov.lk/Downloads/pdf.pdf,
phone,pass,Published phone: 0 0 1 288.96 39,http://edupub.gov.lk/Downloads/pdf.pdf,
phone,pass,Published phone: 0 0 1 121.20 52.,http://edupub.gov.lk/Downloads/pdf.pdf,
phone,pass,Published phone: 0 0 1 216.96 64,http://edupub.gov.lk/Downloads/pdf.pdf,
phone,pass,Published phone: 0000244027 ,http://edupub.gov.lk/Downloads/pdf.pdf,
phone,pass,Published phone: 0 0 1 148.08 48.,http://edupub.gov.lk/Downloads/pdf.pdf,
phone,pass,Published phone: 0 0 1 208.80 65,http://edupub.gov.lk/Downloads/pdf.pdf,
phone,pass,Published phone: 0000308060 ,http://edupub.gov.lk/Downloads/pdf.pdf,
phone,pass,Published phone: 0 0 1 352.32 48,http://edupub.gov.lk/Downloads/pdf.pdf,
phone,pass,Published phone: 0 0 1 292.32 49,http://edupub.gov.lk/Downloads/pdf.pdf,
phone,pass,Published phone: 0 0 1 506.40 31,http://edupub.gov.lk/Downloads/pdf.pdf,
phone,pass,Published phone: 0 0 1 326.64 50,http://edupub.gov.lk/Downloads/pdf.pdf,
phone,pass,Published phone: 0 0 1 318.72 22,http://edupub.gov.lk/Downloads/pdf.pdf,
phone,pass,Published phone: 0 0 1 378.72 18,http://edupub.gov.lk/Downloads/pdf.pdf,
phone,pass,Published phone: 0 0 1 405.60 61,http://edupub.gov.lk/Downloads/pdf.pdf,
phone,pass,Published phone: 0 0 1 295.92 48,http://edupub.gov.lk/Downloads/pdf.pdf,
phone,pass,Published phone: 0 0 1 205.20 65,http://edupub.gov.lk/Downloads/pdf.pdf,
phone,pass,Published phone: 0 0 1 468.00 87.,http://edupub.gov.lk/Downloads/pdf.pdf,
phone,pass,Published phone: 0 0 1 485.04 19,http://edupub.gov.lk/Downloads/pdf.pdf,
phone,pass,Published phone: 0 0 612.0 792.0,http://edupub.gov.lk/Downloads/pdf.pdf,
phone,pass,Published phone: 0 0 1 304.56 13,http://edupub.gov.lk/Downloads/pdf.pdf,
phone,pass,Published phone: 0 0 1 500.64 57,http://edupub.gov.lk/Downloads/pdf.pdf,
phone,pass,Published phone: 0 0 1 140.64 66,http://edupub.gov.lk/Downloads/pdf.pdf,
phone,pass,Published phone: 0 0 1 354.96 17,http://edupub.gov.lk/Downloads/pdf.pdf,
phone,pass,Published phone: 0 0 1 112.56 74,http://edupub.gov.lk/Downloads/pdf.pdf,
phone,pass,Published phone: 0 0 1 312.24 37,http://edupub.gov.lk/Downloads/pdf.pdf,
phone,pass,Published phone: 0 0 1 176.88 24.,http://edupub.gov.lk/Downloads/pdf.pdf,
phone,pass,Published phone: 0 0 1 126.48 61,http://edupub.gov.lk/Downloads/pdf.pdf,
phone,pass,Published phone: 0 0 1 330.00 17,http://edupub.gov.lk/Downloads/pdf.pdf,
phone,pass,Published phone: 0 0 1 504.00 70.,http://edupub.gov.lk/Downloads/pdf.pdf,
phone,pass,Published phone: 0 0 1 394.32 64,http://edupub.gov.lk/Downloads/pdf.pdf,
phone,pass,Published phone: 0 0 1 310.32 64,http://edupub.gov.lk/Downloads/pdf.pdf,
phone,pass,Published phone: 0 0 1 204.48 41,http://edupub.gov.lk/Downloads/pdf.pdf,
phone,pass,Published phone: 0 0 1 211.20 61.,http://edupub.gov.lk/Downloads/pdf.pdf,
phone,pass,Published phone: 0 0 1 360.24 56,http://edupub.gov.lk/Downloads/pdf.pdf,
phone,pass,Published phone: 0 0 1 312.48 44,http://edupub.gov.lk/Downloads/pdf.pdf,
phone,pass,Published phone: 0 0 1 394.56 62,http://edupub.gov.lk/Downloads/pdf.pdf,
phone,pass,Published phone: 0 0 1 184.32 71,http://edupub.gov.lk/Downloads/pdf.pdf,
phone,pass,Published phone: 0 0 1 200.88 13,http://edupub.gov.lk/Downloads/pdf.pdf,
phone,pass,Published phone: 0 0 1 423.60 35,http://edupub.gov.lk/Downloads/pdf.pdf,
phone,pass,Published phone: 0 0 1 382.80 59.,http://edupub.gov.lk/Downloads/pdf.pdf,
phone,pass,Published phone: 0 0 1 139.20 50,http://edupub.gov.lk/Downloads/pdf.pdf,
phone,pass,Published phone: 0 0 1 306.72 50,http://edupub.gov.lk/Downloads/pdf.pdf,
phone,pass,Published phone: 0 0 1 105.60 61,http://edupub.gov.lk/Downloads/pdf.pdf,
phone,pass,Published phone: 0 0 1 555.36 73,http://edupub.gov.lk/Downloads/pdf.pdf,
phone,pass,Published phone: 0 0 1 123.60 45,http://edupub.gov.lk/Downloads/pdf.pdf,
phone,pass,Published phone: 0 0 1 569.04 74,http://edupub.gov.lk/Downloads/pdf.pdf,
phone,pass,Published phone: 0 0 1 539.52 34,http://edupub.gov.lk/Downloads/pdf.pdf,
phone,pass,Published phone: 0 0 1 483.60 76,http://edupub.gov.lk/Downloads/pdf.pdf,
phone,pass,Published phone: 0000349947 ,http://edupub.gov.lk/Downloads/pdf.pdf,
phone,pass,Published phone: 0 0 1 454.32 20,http://edupub.gov.lk/Downloads/pdf.pdf,
phone,pass,Published phone: 0 0 1 457.20 20,http://edupub.gov.lk/Downloads/pdf.pdf,
phone,pass,Published phone: 0 0 1 223.44 54,http://edupub.gov.lk/Downloads/pdf.pdf,
phone,pass,Published phone: 0 0 1 481.68 47,http://edupub.gov.lk/Downloads/pdf.pdf,
phone,pass,Published phone: 0 0 1 534.24 42,http://edupub.gov.lk/Downloads/pdf.pdf,
phone,pass,Published phone: 0 0 1 313.44 56,http://edupub.gov.lk/Downloads/pdf.pdf,
phone,pass,Published phone: 0 0 1 137.76 14,http://edupub.gov.lk/Downloads/pdf.pdf,
phone,pass,Published phone: 0 0 1 459.12 66,http://edupub.gov.lk/Downloads/pdf.pdf,
phone,pass,Published phone: 0 0 1 120.96 69,http://edupub.gov.lk/Downloads/pdf.pdf,
phone,pass,Published phone: 0 0 1 410.64 68,http://edupub.gov.lk/Downloads/pdf.pdf,
phone,pass,Published phone: 0 0 1 465.12 49,http://edupub.gov.lk/Downloads/pdf.pdf,
phone,pass,Published phone: 0 0 1 525.12 37,http://edupub.gov.lk/Downloads/pdf.pdf,
phone,pass,Published phone: 0000308135 ,http://edupub.gov.lk/Downloads/pdf.pdf,
phone,pass,Published phone: 0 0 1 234.72 41,http://edupub.gov.lk/Downloads/pdf.pdf,
phone,pass,Published phone: 0 0 1 542.40 74,http://edupub.gov.lk/Downloads/pdf.pdf,
phone,pass,Published phone: 0 0 1 542.88 41.,http://edupub.gov.lk/Downloads/pdf.pdf,
phone,pass,Published phone: 0 0 1 96.72 446.,http://edupub.gov.lk/Downloads/pdf.pdf,
phone,pass,Published phone: 0 0 1 129.60 62,http://edupub.gov.lk/Downloads/pdf.pdf,
phone,pass,Published phone: 0 0 1 328.32 28,http://edupub.gov.lk/Downloads/pdf.pdf,
phone,pass,Published phone: 0 0 1 560.16 18,http://edupub.gov.lk/Downloads/pdf.pdf,
phone,pass,Published phone: 0 0 1 294.72 52,http://edupub.gov.lk/Downloads/pdf.pdf,
phone,pass,Published phone: 0303072272,http://edupub.gov.lk/Downloads/pdf.pdf,
phone,pass,Published phone: 0 0 1 408.48 44,http://edupub.gov.lk/Downloads/pdf.pdf,
phone,pass,Published phone: 0 0 1 484.08 34,http://edupub.gov.lk/Downloads/pdf.pdf,
phone,pass,Published phone: 0 0 1 469.20 62,http://edupub.gov.lk/Downloads/pdf.pdf,
phone,pass,Published phone: 0323074303,http://edupub.gov.lk/Downloads/pdf.pdf,
phone,pass,Published phone: 0 0 1 244.56 14,http://edupub.gov.lk/Downloads/pdf.pdf,
phone,pass,Published phone: 0 0 1 187.68 14,http://edupub.gov.lk/Downloads/pdf.pdf,
phone,pass,Published phone: 0 0 1 393.84 76,http://edupub.gov.lk/Downloads/pdf.pdf,
phone,pass,Published phone: 0 0 1 308.16 61.,http://edupub.gov.lk/Downloads/pdf.pdf,
phone,pass,Published phone: 0 0 1 352.80 34,http://edupub.gov.lk/Downloads/pdf.pdf,
phone,pass,Published phone: 0 0 1 324.48 35.,http://edupub.gov.lk/Downloads/pdf.pdf,
phone,pass,Published phone: 0 0 1 357.36 42,http://edupub.gov.lk/Downloads/pdf.pdf,
phone,pass,Published phone: 0 0 1 281.76 59,http://edupub.gov.lk/Downloads/pdf.pdf,
phone,pass,Published phone: 0 0 1 354.24 41,http://edupub.gov.lk/Downloads/pdf.pdf,
phone,pass,Published phone: 0 0 1 96.00 668.,http://edupub.gov.lk/Downloads/pdf.pdf,
phone,pass,Published phone: 0 0 1 303.84 15,http://edupub.gov.lk/Downloads/pdf.pdf,
phone,pass,Published phone: 0 0 1 539.52 17,http://edupub.gov.lk/Downloads/pdf.pdf,
phone,pass,Published phone: 0 0 1 101.28 69,http://edupub.gov.lk/Downloads/pdf.pdf,
phone,pass,Published phone: 0 0 1 173.52 66,http://edupub.gov.lk/Downloads/pdf.pdf,
phone,pass,Published phone: 0 0 1 132.48 56,http://edupub.gov.lk/Downloads/pdf.pdf,
phone,pass,Published phone: 0 0 1 429.84 37,http://edupub.gov.lk/Downloads/pdf.pdf,
phone,pass,Published phone: 0 0 1 105.36 63,http://edupub.gov.lk/Downloads/pdf.pdf,
phone,pass,Published phone: 0 0 1 385.68 70,http://edupub.gov.lk/Downloads/pdf.pdf,
phone,pass,Published phone: 0 0 1 322.80 43,http://edupub.gov.lk/Downloads/pdf.pdf,
phone,pass,Published phone: 0 0 1 408.24 40,http://edupub.gov.lk/Downloads/pdf.pdf,
phone,pass,Published phone: 0 0 1 357.84 22,http://edupub.gov.lk/Downloads/pdf.pdf,
phone,pass,Published phone: 0 0 1 145.20 57,http://edupub.gov.lk/Downloads/pdf.pdf,
phone,pass,Published phone: 0 0 1 372.24 13,http://edupub.gov.lk/Downloads/pdf.pdf,
phone,pass,Published phone: 0000000015 ,http://edupub.gov.lk/Downloads/pdf.pdf,
phone,pass,Published phone: 0 0 1 405.84 66,http://edupub.gov.lk/Downloads/pdf.pdf,
phone,pass,Published phone: 0 0 1 169.44 19,http://edupub.gov.lk/Downloads/pdf.pdf,
phone,pass,Published phone: 0 0 1 270.72 18,http://edupub.gov.lk/Downloads/pdf.pdf,
phone,pass,Published phone: 0 0 1 259.68 46,http://edupub.gov.lk/Downloads/pdf.pdf,
phone,pass,Published phone: 0 0 1 369.36 38,http://edupub.gov.lk/Downloads/pdf.pdf,
phone,pass,Published phone: 0 0 1 105.84 74,http://edupub.gov.lk/Downloads/pdf.pdf,
phone,pass,Published phone: 0 0 1 433.92 69,http://edupub.gov.lk/Downloads/pdf.pdf,
phone,pass,Published phone: 0 0 1 110.16 34.,http://edupub.gov.lk/Downloads/pdf.pdf,
phone,pass,Published phone: 0 0 1 377.76 73,http://edupub.gov.lk/Downloads/pdf.pdf,
phone,pass,Published phone: 0 0 1 390.96 22,http://edupub.gov.lk/Downloads/pdf.pdf,
phone,pass,Published phone: 0 0 1 496.32 31,http://edupub.gov.lk/Downloads/pdf.pdf,
phone,pass,Published phone: 0 0 1 127.68 59,http://edupub.gov.lk/Downloads/pdf.pdf,
phone,pass,Published phone: 0 0 1 129.36 34.,http://edupub.gov.lk/Downloads/pdf.pdf,
phone,pass,Published phone: 0 0 1 181.20 20,http://edupub.gov.lk/Downloads/pdf.pdf,
phone,pass,Published phone: 0 0 1 353.52 28,http://edupub.gov.lk/Downloads/pdf.pdf,
phone,pass,Published phone: 0 0 1 348.72 45,http://edupub.gov.lk/Downloads/pdf.pdf,
phone,pass,Published phone: 0 0 1 495.36 46,http://edupub.gov.lk/Downloads/pdf.pdf,
phone,pass,Published phone: 0 0 1 393.84 74,http://edupub.gov.lk/Downloads/pdf.pdf,
phone,pass,Published phone: 0 0 1 451.68 17,http://edupub.gov.lk/Downloads/pdf.pdf,
phone,pass,Published phone: 0 0 1 95.28 241.,http://edupub.gov.lk/Downloads/pdf.pdf,
phone,pass,Published phone: 0 0 1 427.68 41,http://edupub.gov.lk/Downloads/pdf.pdf,
phone,pass,Published phone: 0 0 1 382.56 42.,http://edupub.gov.lk/Downloads/pdf.pdf,
phone,pass,Published phone: 0 0 1 308.16 49.,http://edupub.gov.lk/Downloads/pdf.pdf,
phone,pass,Published phone: 0 0 1 283.68 46,http://edupub.gov.lk/Downloads/pdf.pdf,
phone,pass,Published phone: 0 0 1 205.68 49,http://edupub.gov.lk/Downloads/pdf.pdf,
phone,pass,Published phone: 0 0 1 354.96 63,http://edupub.gov.lk/Downloads/pdf.pdf,
phone,pass,Published phone: 0 0 1 220.32 46,http://edupub.gov.lk/Downloads/pdf.pdf,
phone,pass,Published phone: 0 0 1 428.64 23,http://edupub.gov.lk/Downloads/pdf.pdf,
phone,pass,Published phone: 0 0 1 384.24 13,http://edupub.gov.lk/Downloads/pdf.pdf,
phone,pass,Published phone: 0 0 1 417.60 46,http://edupub.gov.lk/Downloads/pdf.pdf,
phone,pass,Published phone: 0 0 1 146.16 40,http://edupub.gov.lk/Downloads/pdf.pdf,
phone,pass,Published phone: 0 0 1 349.92 67,http://edupub.gov.lk/Downloads/pdf.pdf,
phone,pass,Published phone: 0 0 1 403.20 41,http://edupub.gov.lk/Downloads/pdf.pdf,
phone,pass,Published phone: 0 0 1 501.36 47,http://edupub.gov.lk/Downloads/pdf.pdf,
phone,pass,Published phone: 0 0 1 349.44 56,http://edupub.gov.lk/Downloads/pdf.pdf,
phone,pass,Published phone: 0 0 1 143.76 73,http://edupub.gov.lk/Downloads/pdf.pdf,
phone,pass,Published phone: 0 0 1 308.64 86.,http://edupub.gov.lk/Downloads/pdf.pdf,
phone,pass,Published phone: 0 0 1 255.36 18,http://edupub.gov.lk/Downloads/pdf.pdf,
phone,pass,Published phone: 0 0 1 330.24 42,http://edupub.gov.lk/Downloads/pdf.pdf,
phone,pass,Published phone: 0 0 1 288.72 22,http://edupub.gov.lk/Downloads/pdf.pdf,
phone,pass,Published phone: 0 0 1 389.76 86.,http://edupub.gov.lk/Downloads/pdf.pdf,
phone,pass,Published phone: 0 0 1 355.20 40,http://edupub.gov.lk/Downloads/pdf.pdf,
phone,pass,Published phone: 0 0 1 447.60 19,http://edupub.gov.lk/Downloads/pdf.pdf,
phone,pass,Published phone: 0 0 1 481.44 45,http://edupub.gov.lk/Downloads/pdf.pdf,
phone,pass,Published phone: 0 0 1 279.12 69,http://edupub.gov.lk/Downloads/pdf.pdf,
phone,pass,Published phone: 0 0 1 115.68 84.,http://edupub.gov.lk/Downloads/pdf.pdf,
phone,pass,Published phone: 0 0 1 279.12 57,http://edupub.gov.lk/Downloads/pdf.pdf,
phone,pass,Published phone: 0 0 1 224.64 46,http://edupub.gov.lk/Downloads/pdf.pdf,
phone,pass,Published phone: 0 0 1 378.00 42,http://edupub.gov.lk/Downloads/pdf.pdf,
phone,pass,Published phone: 0 0 1 242.88 73,http://edupub.gov.lk/Downloads/pdf.pdf,
phone,pass,Published phone: 0000351018 ,http://edupub.gov.lk/Downloads/pdf.pdf,
phone,pass,Published phone: 0 0 1 184.32 73,http://edupub.gov.lk/Downloads/pdf.pdf,
phone,pass,Published phone: 0 0 1 248.16 62,http://edupub.gov.lk/Downloads/pdf.pdf,
phone,pass,Published phone: 0 0 1 466.08 41,http://edupub.gov.lk/Downloads/pdf.pdf,
phone,pass,Published phone: 0 0 1 433.68 42,http://edupub.gov.lk/Downloads/pdf.pdf,
phone,pass,Published phone: 0 0 1 387.84 34,http://edupub.gov.lk/Downloads/pdf.pdf,
phone,pass,Published phone: 0 0 1 504.24 74,http://edupub.gov.lk/Downloads/pdf.pdf,
phone,pass,Published phone: 0 0 1 390.72 46,http://edupub.gov.lk/Downloads/pdf.pdf,
phone,pass,Published phone: 0 0 1 192.96 50,http://edupub.gov.lk/Downloads/pdf.pdf,
phone,pass,Published phone: 0 0 1 349.68 61,http://edupub.gov.lk/Downloads/pdf.pdf,
phone,pass,Published phone: 0 0 1 274.56 30,http://edupub.gov.lk/Downloads/pdf.pdf,
phone,pass,Published phone: 0 0 1 239.76 99.,http://edupub.gov.lk/Downloads/pdf.pdf,
phone,pass,Published phone: 0 0 1 528.24 73,http://edupub.gov.lk/Downloads/pdf.pdf,
phone,pass,Published phone: 0 0 1 223.68 38,http://edupub.gov.lk/Downloads/pdf.pdf,
phone,pass,Published phone: 0 0 1 227.76 24,http://edupub.gov.lk/Downloads/pdf.pdf,
phone,pass,Published phone: 0 0 1 184.08 24,http://edupub.gov.lk/Downloads/pdf.pdf,
phone,pass,Published phone: 0 0 1 262.56 45,http://edupub.gov.lk/Downloads/pdf.pdf,
phone,pass,Published phone: 0 0 1 207.84 15,http://edupub.gov.lk/Downloads/pdf.pdf,
phone,pass,Published phone: 0 0 1 319.20 40,http://edupub.gov.lk/Downloads/pdf.pdf,
phone,pass,Published phone: 0 0 1 418.80 48,http://edupub.gov.lk/Downloads/pdf.pdf,
phone,pass,Published phone: 0 0 1 94.08 282.,http://edupub.gov.lk/Downloads/pdf.pdf,
phone,pass,Published phone: 0 0 1 163.20 73,http://edupub.gov.lk/Downloads/pdf.pdf,
phone,pass,Published phone: 0 0 1 314.64 74,http://edupub.gov.lk/Downloads/pdf.pdf,
phone,pass,Published phone: 0 0 1 120.48 16,http://edupub.gov.lk/Downloads/pdf.pdf,
phone,pass,Published phone: 0000350036 ,http://edupub.gov.lk/Downloads/pdf.pdf,
phone,pass,Published phone: 0 0 1 288.72 42,http://edupub.gov.lk/Downloads/pdf.pdf,
phone,pass,Published phone: 0 0 1 491.28 74,http://edupub.gov.lk/Downloads/pdf.pdf,
phone,pass,Published phone: 0657229743,http://edupub.gov.lk/Downloads/pdf.pdf,
phone,pass,Published phone: 0000350943 ,http://edupub.gov.lk/Downloads/pdf.pdf,
phone,pass,Published phone: 0 0 1 394.32 31,http://edupub.gov.lk/Downloads/pdf.pdf,
phone,pass,Published phone: 0 0 1 360.00 38,http://edupub.gov.lk/Downloads/pdf.pdf,
phone,pass,Published phone: 0 0 1 474.00 27,http://edupub.gov.lk/Downloads/pdf.pdf,
phone,pass,Published phone: 0 0 1 556.80 37.,http://edupub.gov.lk/Downloads/pdf.pdf,
phone,pass,Published phone: 0 0 1 313.20 67,http://edupub.gov.lk/Downloads/pdf.pdf,
phone,pass,Published phone: 0 0 1 216.96 48,http://edupub.gov.lk/Downloads/pdf.pdf,
phone,pass,Published phone: 0 0 1 320.88 45,http://edupub.gov.lk/Downloads/pdf.pdf,
phone,pass,Published phone: 0 0 1 556.56 67,http://edupub.gov.lk/Downloads/pdf.pdf,
phone,pass,Published phone: 0 0 1 106.32 62,http://edupub.gov.lk/Downloads/pdf.pdf,
phone,pass,Published phone: 0 0 1 224.40 42,http://edupub.gov.lk/Downloads/pdf.pdf,
phone,pass,Published phone: 0 0 1 562.32 20,http://edupub.gov.lk/Downloads/pdf.pdf,
phone,pass,Published phone: 0 0 1 451.68 42,http://edupub.gov.lk/Downloads/pdf.pdf,
phone,pass,Published phone: 0 0 1 577.20 63,http://edupub.gov.lk/Downloads/pdf.pdf,
phone,pass,Published phone: 0 0 1 347.76 62,http://edupub.gov.lk/Downloads/pdf.pdf,
phone,pass,Published phone: 0 0 1 257.52 48,http://edupub.gov.lk/Downloads/pdf.pdf,
phone,pass,Published phone: 0 0 1 538.80 40,http://edupub.gov.lk/Downloads/pdf.pdf,
phone,pass,Published phone: 0 0 1 532.32 31,http://edupub.gov.lk/Downloads/pdf.pdf,
phone,pass,Published phone: 0000306643 ,http://edupub.gov.lk/Downloads/pdf.pdf,
phone,pass,Published phone: 0 0 1 454.80 44,http://edupub.gov.lk/Downloads/pdf.pdf,
phone,pass,Published phone: 0 0 1 166.56 64,http://edupub.gov.lk/Downloads/pdf.pdf,
phone,pass,Published phone: 0 0 1 479.76 27,http://edupub.gov.lk/Downloads/pdf.pdf,
phone,pass,Published phone: 0 0 1 151.68 24,http://edupub.gov.lk/Downloads/pdf.pdf,
phone,pass,Published phone: 0 0 1 210.24 99.,http://edupub.gov.lk/Downloads/pdf.pdf,
phone,pass,Published phone: 0 0 1 298.08 69,http://edupub.gov.lk/Downloads/pdf.pdf,
phone,pass,Published phone: 0 0 1 468.48 46,http://edupub.gov.lk/Downloads/pdf.pdf,
phone,pass,Published phone: 0 0 1 488.40 50,http://edupub.gov.lk/Downloads/pdf.pdf,
phone,pass,Published phone: 0 0 1 130.32 16,http://edupub.gov.lk/Downloads/pdf.pdf,
phone,pass,Published phone: 0 0 1 180.24 97.,http://edupub.gov.lk/Downloads/pdf.pdf,
phone,pass,Published phone: 0 0 1 336.00 44,http://edupub.gov.lk/Downloads/pdf.pdf,
phone,pass,Published phone: 0 0 1 461.28 46,http://edupub.gov.lk/Downloads/pdf.pdf,
phone,pass,Published phone: 0 0 1 527.76 35,http://edupub.gov.lk/Downloads/pdf.pdf,
phone,pass,Published phone: 0 0 1 500.16 20,http://edupub.gov.lk/Downloads/pdf.pdf,
phone,pass,Published phone: 0 0 1 140.64 20,http://edupub.gov.lk/Downloads/pdf.pdf,
phone,pass,Published phone: 0 0 1 156.48 28,http://edupub.gov.lk/Downloads/pdf.pdf,
phone,pass,Published phone: 0 0 1 343.92 41,http://edupub.gov.lk/Downloads/pdf.pdf,
phone,pass,Published phone: 0 0 1 218.88 74,http://edupub.gov.lk/Downloads/pdf.pdf,
phone,pass,Published phone: 0 0 1 177.60 33,http://edupub.gov.lk/Downloads/pdf.pdf,
phone,pass,Published phone: 0 0 1 577.20 18,http://edupub.gov.lk/Downloads/pdf.pdf,
phone,pass,Published phone: 0 0 1 409.44 30,http://edupub.gov.lk/Downloads/pdf.pdf,
phone,pass,Published phone: 0 0 1 438.72 57,http://edupub.gov.lk/Downloads/pdf.pdf,
phone,pass,Published phone: 0 0 1 222.48 56,http://edupub.gov.lk/Downloads/pdf.pdf,
phone,pass,Published phone: 0 0 1 166.32 55,http://edupub.gov.lk/Downloads/pdf.pdf,
phone,pass,Published phone: 0 0 1 517.68 17,http://edupub.gov.lk/Downloads/pdf.pdf,
phone,pass,Published phone: 0 0 1 511.92 19,http://edupub.gov.lk/Downloads/pdf.pdf,
phone,pass,Published phone: 0 0 1 123.60 48,http://edupub.gov.lk/Downloads/pdf.pdf,
phone,pass,Published phone: 0 0 1 256.56 20,http://edupub.gov.lk/Downloads/pdf.pdf,
phone,pass,Published phone: 0437265696,http://edupub.gov.lk/Downloads/pdf.pdf,
phone,pass,Published phone: 0 0 1 563.76 45,http://edupub.gov.lk/Downloads/pdf.pdf,
phone,pass,Published phone: 0 0 1 290.64 17,http://edupub.gov.lk/Downloads/pdf.pdf,
phone,pass,Published phone: 0 0 1 288.72 29,http://edupub.gov.lk/Downloads/pdf.pdf,
phone,pass,Published phone: 0 0 1 343.68 46,http://edupub.gov.lk/Downloads/pdf.pdf,
phone,pass,Published phone: 0 0 1 538.80 39,http://edupub.gov.lk/Downloads/pdf.pdf,
phone,pass,Published phone: 0 0 1 289.92 31,http://edupub.gov.lk/Downloads/pdf.pdf,
phone,pass,Published phone: 0 0 1 109.44 71,http://edupub.gov.lk/Downloads/pdf.pdf,
phone,pass,Published phone: 0 0 1 309.36 33,http://edupub.gov.lk/Downloads/pdf.pdf,
phone,pass,Published phone: 0 0 1 219.60 14,http://edupub.gov.lk/Downloads/pdf.pdf,
phone,pass,Published phone: 0 0 1 384.24 11,http://edupub.gov.lk/Downloads/pdf.pdf,
phone,pass,Published phone: 0 0 1 365.76 31,http://edupub.gov.lk/Downloads/pdf.pdf,
phone,pass,Published phone: 0 0 1 253.68 20,http://edupub.gov.lk/Downloads/pdf.pdf,
phone,pass,Published phone: 0 0 1 241.20 20,http://edupub.gov.lk/Downloads/pdf.pdf,
phone,pass,Published phone: 0 0 1 137.28 11,http://edupub.gov.lk/Downloads/pdf.pdf,
phone,pass,Published phone: 0 0 1 210.72 75,http://edupub.gov.lk/Downloads/pdf.pdf,
phone,pass,Published phone: 0 0 1 369.84 25,http://edupub.gov.lk/Downloads/pdf.pdf,
phone,pass,Published phone: 0 0 1 230.88 98.,http://edupub.gov.lk/Downloads/pdf.pdf,
phone,pass,Published phone: 0 0 1 389.76 50,http://edupub.gov.lk/Downloads/pdf.pdf,
phone,pass,Published phone: 0 0 1 103.44 54,http://edupub.gov.lk/Downloads/pdf.pdf,
phone,pass,Published phone: 0 0 1 150.96 15,http://edupub.gov.lk/Downloads/pdf.pdf,
phone,pass,Published phone: 0 0 1 295.44 42,http://edupub.gov.lk/Downloads/pdf.pdf,
phone,pass,Published phone: 0 0 1 489.84 54,http://edupub.gov.lk/Downloads/pdf.pdf,
phone,pass,Published phone: 0 0 1 408.24 47,http://edupub.gov.lk/Downloads/pdf.pdf,
phone,pass,Published phone: 0 0 1 555.12 66,http://edupub.gov.lk/Downloads/pdf.pdf,
phone,pass,Published phone: 0 0 1 350.88 18,http://edupub.gov.lk/Downloads/pdf.pdf,
phone,pass,Published phone: 0 0 1 241.92 33,http://edupub.gov.lk/Downloads/pdf.pdf,
phone,pass,Published phone: 0 0 1 172.80 10,http://edupub.gov.lk/Downloads/pdf.pdf,
phone,pass,Published phone: 0 0 1 384.00 22,http://edupub.gov.lk/Downloads/pdf.pdf,
phone,pass,Published phone: 0 0 1 415.92 37,http://edupub.gov.lk/Downloads/pdf.pdf,
phone,pass,Published phone: 0 0 1 413.28 45,http://edupub.gov.lk/Downloads/pdf.pdf,
phone,pass,Published phone: 0 0 1 431.28 50,http://edupub.gov.lk/Downloads/pdf.pdf,
phone,pass,Published phone: 0 0 1 147.60 73.,http://edupub.gov.lk/Downloads/pdf.pdf,
phone,pass,Published phone: 0 0 1 553.20 35,http://edupub.gov.lk/Downloads/pdf.pdf,
phone,pass,Published phone: 0000114145 ,http://edupub.gov.lk/Downloads/pdf.pdf,
phone,pass,Published phone: 0 0 1 520.56 87.,http://edupub.gov.lk/Downloads/pdf.pdf,
phone,pass,Published phone: 0 0 1 138.96 56,http://edupub.gov.lk/Downloads/pdf.pdf,
phone,pass,Published phone: 0 0 1 247.20 49,http://edupub.gov.lk/Downloads/pdf.pdf,
phone,pass,Published phone: 0 0 1 437.52 70,http://edupub.gov.lk/Downloads/pdf.pdf,
phone,pass,Published phone: 0 0 1 231.12 66,http://edupub.gov.lk/Downloads/pdf.pdf,
phone,pass,Published phone: 0 0 1 276.72 40,http://edupub.gov.lk/Downloads/pdf.pdf,
phone,pass,Published phone: 0 0 1 360.48 59,http://edupub.gov.lk/Downloads/pdf.pdf,
phone,pass,Published phone: 0 0 1 105.60 75,http://edupub.gov.lk/Downloads/pdf.pdf,
phone,pass,Published phone: 0 0 1 152.40 74,http://edupub.gov.lk/Downloads/pdf.pdf,
phone,pass,Published phone: 0 0 1 266.88 61,http://edupub.gov.lk/Downloads/pdf.pdf,
phone,pass,Published phone: 0 0 1 94.56 469.,http://edupub.gov.lk/Downloads/pdf.pdf,
phone,pass,Published phone: 0 0 1 362.64 42,http://edupub.gov.lk/Downloads/pdf.pdf,
phone,pass,Published phone: 0 0 1 155.76 42,http://edupub.gov.lk/Downloads/pdf.pdf,
phone,pass,Published phone: 0 0 1 225.12 69,http://edupub.gov.lk/Downloads/pdf.pdf,
phone,pass,Published phone: 0 0 1 306.00 48,http://edupub.gov.lk/Downloads/pdf.pdf,
phone,pass,Published phone: 0 0 1 424.32 57,http://edupub.gov.lk/Downloads/pdf.pdf,
phone,pass,Published phone: 0 0 1 551.52 31,http://edupub.gov.lk/Downloads/pdf.pdf,
phone,pass,Published phone: 0000296770 ,http://edupub.gov.lk/Downloads/pdf.pdf,
phone,pass,Published phone: 0 0 1 306.96 14,http://edupub.gov.lk/Downloads/pdf.pdf,
phone,pass,Published phone: 0 0 1 117.84 38.,http://edupub.gov.lk/Downloads/pdf.pdf,
phone,pass,Published phone: 0 0 1 236.88 25,http://edupub.gov.lk/Downloads/pdf.pdf,
phone,pass,Published phone: 0 0 1 549.60 54,http://edupub.gov.lk/Downloads/pdf.pdf,
phone,pass,Published phone: 0 0 1 307.68 22,http://edupub.gov.lk/Downloads/pdf.pdf,
phone,pass,Published phone: 0 0 1 417.36 59,http://edupub.gov.lk/Downloads/pdf.pdf,
phone,pass,Published phone: 0 0 1 457.20 18,http://edupub.gov.lk/Downloads/pdf.pdf,
phone,pass,Published phone: 0 0 1 367.68 56,http://edupub.gov.lk/Downloads/pdf.pdf,
phone,pass,Published phone: 0363663333,http://edupub.gov.lk/Downloads/pdf.pdf,
phone,pass,Published phone: 0 0 1 127.44 63,http://edupub.gov.lk/Downloads/pdf.pdf,
phone,pass,Published phone: 0 0 1 434.16 34,http://edupub.gov.lk/Downloads/pdf.pdf,
phone,pass,Published phone: 0 0 1 203.76 11,http://edupub.gov.lk/Downloads/pdf.pdf,
phone,pass,Published phone: 0 0 1 375.60 15,http://edupub.gov.lk/Downloads/pdf.pdf,
phone,pass,Published phone: 0 0 1 159.12 47,http://edupub.gov.lk/Downloads/pdf.pdf,
phone,pass,Published phone: 0 0 1 520.80 41,http://edupub.gov.lk/Downloads/pdf.pdf,
phone,pass,Published phone: 0 0 1 492.00 40,http://edupub.gov.lk/Downloads/pdf.pdf,
phone,pass,Published phone: 0 0 1 410.88 64,http://edupub.gov.lk/Downloads/pdf.pdf,
phone,pass,Published phone: 0 0 1 322.56 18,http://edupub.gov.lk/Downloads/pdf.pdf,
phone,pass,Published phone: 0 0 1 473.04 69,http://edupub.gov.lk/Downloads/pdf.pdf,
phone,pass,Published phone: 0 0 1 126.48 63,http://edupub.gov.lk/Downloads/pdf.pdf,
phone,pass,Published phone: 0644056616,http://edupub.gov.lk/Downloads/pdf.pdf,
phone,pass,Published phone: 0 0 1 94.56 506.,http://edupub.gov.lk/Downloads/pdf.pdf,
phone,pass,Published phone: 0 0 1 502.80 54,http://edupub.gov.lk/Downloads/pdf.pdf,
phone,pass,Published phone: 0 0 1 498.72 42,http://edupub.gov.lk/Downloads/pdf.pdf,
phone,pass,Published phone: 0 0 1 190.56 36,http://edupub.gov.lk/Downloads/pdf.pdf,
phone,pass,Published phone: 0 0 1 174.24 67,http://edupub.gov.lk/Downloads/pdf.pdf,
phone,pass,Published phone: 0 0 1 424.56 62,http://edupub.gov.lk/Downloads/pdf.pdf,
phone,pass,Published phone: 0 0 1 196.56 27,http://edupub.gov.lk/Downloads/pdf.pdf,
phone,pass,Published phone: 0 0 1 93.60 170.,http://edupub.gov.lk/Downloads/pdf.pdf,
phone,pass,Published phone: 0 0 1 522.00 66,http://edupub.gov.lk/Downloads/pdf.pdf,
phone,pass,Published phone: 0 0 1 182.88 65,http://edupub.gov.lk/Downloads/pdf.pdf,
phone,pass,Published phone: 0 0 1 148.32 36.,http://edupub.gov.lk/Downloads/pdf.pdf,
phone,pass,Published phone: 0 0 1 132.48 54,http://edupub.gov.lk/Downloads/pdf.pdf,
phone,pass,Published phone: 0 0 1 501.60 18,http://edupub.gov.lk/Downloads/pdf.pdf,
phone,pass,Published phone: 0 0 1 274.08 56,http://edupub.gov.lk/Downloads/pdf.pdf,
phone,pass,Published phone: 0 0 1 245.04 68.,http://edupub.gov.lk/Downloads/pdf.pdf,
phone,pass,Published phone: 0 0 1 434.16 74,http://edupub.gov.lk/Downloads/pdf.pdf,
phone,pass,Published phone: 0 0 1 382.32 29,http://edupub.gov.lk/Downloads/pdf.pdf,
phone,pass,Published phone: 0 0 1 315.36 23.,http://edupub.gov.lk/Downloads/pdf.pdf,
phone,pass,Published phone: 0 0 1 183.36 56,http://edupub.gov.lk/Downloads/pdf.pdf,
phone,pass,Published phone: 0 0 1 508.32 36.,http://edupub.gov.lk/Downloads/pdf.pdf,
phone,pass,Published phone: 0 0 1 405.36 73,http://edupub.gov.lk/Downloads/pdf.pdf,
phone,pass,Published phone: 0 0 1 408.72 34,http://edupub.gov.lk/Downloads/pdf.pdf,
phone,pass,Published phone: 0 0 1 187.68 30,http://edupub.gov.lk/Downloads/pdf.pdf,
phone,pass,Published phone: 0 0 1 167.76 68.,http://edupub.gov.lk/Downloads/pdf.pdf,
phone,pass,Published phone: 0 0 1 94.32 338.,http://edupub.gov.lk/Downloads/pdf.pdf,
phone,pass,Published phone: 0 0 1 540.00 58,http://edupub.gov.lk/Downloads/pdf.pdf,
phone,pass,Published phone: 0 0 1 400.08 37.,http://edupub.gov.lk/Downloads/pdf.pdf,
phone,pass,Published phone: 0 0 1 123.60 46,http://edupub.gov.lk/Downloads/pdf.pdf,
phone,pass,Published phone: 0 0 1 535.68 43,http://edupub.gov.lk/Downloads/pdf.pdf,
phone,pass,Published phone: 0 0 1 414.96 43,http://edupub.gov.lk/Downloads/pdf.pdf,
phone,pass,Published phone: 0 0 1 501.36 52,http://edupub.gov.lk/Downloads/pdf.pdf,
phone,pass,Published phone: 0 0 1 427.92 50,http://edupub.gov.lk/Downloads/pdf.pdf,
phone,pass,Published phone: 0 0 1 322.32 34,http://edupub.gov.lk/Downloads/pdf.pdf,
phone,pass,Published phone: 0 0 1 183.36 33,http://edupub.gov.lk/Downloads/pdf.pdf,
phone,pass,Published phone: 0 0 1 533.76 26,http://edupub.gov.lk/Downloads/pdf.pdf,
phone,pass,Published phone: 0 0 1 451.20 18,http://edupub.gov.lk/Downloads/pdf.pdf,
phone,pass,Published phone: 0 0 1 354.24 17,http://edupub.gov.lk/Downloads/pdf.pdf,
phone,pass,Published phone: 0 0 1 128.88 45,http://edupub.gov.lk/Downloads/pdf.pdf,
phone,pass,Published phone: 0 0 1 273.12 67,http://edupub.gov.lk/Downloads/pdf.pdf,
phone,pass,Published phone: 0 0 1 162.00 76.,http://edupub.gov.lk/Downloads/pdf.pdf,
phone,pass,Published phone: 0000100986 ,http://edupub.gov.lk/Downloads/pdf.pdf,
phone,pass,Published phone: 0 0 1 356.88 18,http://edupub.gov.lk/Downloads/pdf.pdf,
phone,pass,Published phone: 0 0 1 136.80 26,http://edupub.gov.lk/Downloads/pdf.pdf,
phone,pass,Published phone: 0 0 1 440.16 40,http://edupub.gov.lk/Downloads/pdf.pdf,
phone,pass,Published phone: 0 0 1 152.64 63,http://edupub.gov.lk/Downloads/pdf.pdf,
phone,pass,Published phone: 0 0 1 306.96 57,http://edupub.gov.lk/Downloads/pdf.pdf,
phone,pass,Published phone: 0 0 1 556.56 49,http://edupub.gov.lk/Downloads/pdf.pdf,
phone,pass,Published phone: 0 0 1 450.24 11,http://edupub.gov.lk/Downloads/pdf.pdf,
phone,pass,Published phone: 0 0 1 34.80 770.,http://edupub.gov.lk/Downloads/pdf.pdf,
phone,pass,Published phone: 0 0 1 152.88 18,http://edupub.gov.lk/Downloads/pdf.pdf,
phone,pass,Published phone: 0 0 1 275.76 16,http://edupub.gov.lk/Downloads/pdf.pdf,
phone,pass,Published phone: 0 0 1 198.96 57,http://edupub.gov.lk/Downloads/pdf.pdf,
phone,pass,Published phone: 0 0 1 266.64 28,http://edupub.gov.lk/Downloads/pdf.pdf,
phone,pass,Published phone: 0 0 1 112.08 66,http://edupub.gov.lk/Downloads/pdf.pdf,
phone,pass,Published phone: 0 0 1 115.44 42,http://edupub.gov.lk/Downloads/pdf.pdf,
phone,pass,Published phone: 0 0 1 358.80 52,http://edupub.gov.lk/Downloads/pdf.pdf,
phone,pass,Published phone: 0 36 0000000,http://edupub.gov.lk/Downloads/pdf.pdf,
phone,pass,Published phone: 0 0 1 410.16 20,http://edupub.gov.lk/Downloads/pdf.pdf,
phone,pass,Published phone: 0 0 1 103.44 53,http://edupub.gov.lk/Downloads/pdf.pdf,
phone,pass,Published phone: 0 0 1 375.12 15,http://edupub.gov.lk/Downloads/pdf.pdf,
phone,pass,Published phone: 0 0 1 470.40 43,http://edupub.gov.lk/Downloads/pdf.pdf,
phone,pass,Published phone: 0 0 1 287.04 68.,http://edupub.gov.lk/Downloads/pdf.pdf,
phone,pass,Published phone: 0 0 1 580.32 54,http://edupub.gov.lk/Downloads/pdf.pdf,
phone,pass,Published phone: 0 0 1 349.20 38,http://edupub.gov.lk/Downloads/pdf.pdf,
phone,pass,Published phone: 0 0 1 322.80 19,http://edupub.gov.lk/Downloads/pdf.pdf,
phone,pass,Published phone: 0 0 1 150.48 46,http://edupub.gov.lk/Downloads/pdf.pdf,
phone,pass,Published phone: 0 0 1 370.32 44,http://edupub.gov.lk/Downloads/pdf.pdf,
phone,pass,Published phone: 0 0 1 209.04 20,http://edupub.gov.lk/Downloads/pdf.pdf,
phone,pass,Published phone: 0 0 1 109.68 28,http://edupub.gov.lk/Downloads/pdf.pdf,
phone,pass,Published phone: 0 0 1 136.08 20,http://edupub.gov.lk/Downloads/pdf.pdf,
phone,pass,Published phone: 0 0 1 95.28 713.,http://edupub.gov.lk/Downloads/pdf.pdf,
phone,pass,Published phone: 0 0 1 151.20 49,http://edupub.gov.lk/Downloads/pdf.pdf,
phone,pass,Published phone: 0 0 1 445.92 69.,http://edupub.gov.lk/Downloads/pdf.pdf,
phone,pass,Published phone: 0 0 1 202.80 19,http://edupub.gov.lk/Downloads/pdf.pdf,
phone,pass,Published phone: 0 0 1 501.84 73,http://edupub.gov.lk/Downloads/pdf.pdf,
phone,pass,Published phone: 0 0 1 525.36 61,http://edupub.gov.lk/Downloads/pdf.pdf,
phone,pass,Published phone: 0 0 1 351.36 37,http://edupub.gov.lk/Downloads/pdf.pdf,
phone,pass,Published phone: 0 0 1 102.72 19,http://edupub.gov.lk/Downloads/pdf.pdf,
phone,pass,Published phone: 0 0 1 226.80 54,http://edupub.gov.lk/Downloads/pdf.pdf,
phone,pass,Published phone: 0 0 1 317.04 52,http://edupub.gov.lk/Downloads/pdf.pdf,
phone,pass,Published phone: 0 0 1 356.64 33,http://edupub.gov.lk/Downloads/pdf.pdf,
phone,pass,Published phone: 0 0 1 301.92 20,http://edupub.gov.lk/Downloads/pdf.pdf,
phone,pass,Published phone: 0 0 1 564.96 18,http://edupub.gov.lk/Downloads/pdf.pdf,
phone,pass,Published phone: 0 0 1 560.16 27,http://edupub.gov.lk/Downloads/pdf.pdf,
phone,pass,Published phone: 0 0 1 339.12 24,http://edupub.gov.lk/Downloads/pdf.pdf,
phone,pass,Published phone: 0 0 1 132.24 44,http://edupub.gov.lk/Downloads/pdf.pdf,
phone,pass,Published phone: 0 0 1 94.56 487.,http://edupub.gov.lk/Downloads/pdf.pdf,
phone,pass,Published phone: 0 0 1 269.28 61,http://edupub.gov.lk/Downloads/pdf.pdf,
phone,pass,Published phone: 0 0 1 557.04 41,http://edupub.gov.lk/Downloads/pdf.pdf,
phone,pass,Published phone: 0 0 1 484.32 63,http://edupub.gov.lk/Downloads/pdf.pdf,
phone,pass,Published phone: 0 0 1 539.52 19,http://edupub.gov.lk/Downloads/pdf.pdf,
phone,pass,Published phone: 0 0 1 257.28 54,http://edupub.gov.lk/Downloads/pdf.pdf,
phone,pass,Published phone: 0 0 1 93.60 207.,http://edupub.gov.lk/Downloads/pdf.pdf,
phone,pass,Published phone: 0 0 1 464.40 57,http://edupub.gov.lk/Downloads/pdf.pdf,
phone,pass,Published phone: 0 0 1 200.40 24,http://edupub.gov.lk/Downloads/pdf.pdf,
phone,pass,Published phone: 0 0 1 474.48 10,http://edupub.gov.lk/Downloads/pdf.pdf,
phone,pass,Published phone: 0 0 1 137.76 36.,http://edupub.gov.lk/Downloads/pdf.pdf,
phone,pass,Published phone: 0 0 1 280.08 74,http://edupub.gov.lk/Downloads/pdf.pdf,
phone,pass,Published phone: 0 0 1 305.04 25,http://edupub.gov.lk/Downloads/pdf.pdf,
phone,pass,Published phone: 0 0 1 496.32 61,http://edupub.gov.lk/Downloads/pdf.pdf,
phone,pass,Published phone: 0 0 1 278.16 55,http://edupub.gov.lk/Downloads/pdf.pdf,
phone,pass,Published phone: 0 0 1 478.08 51,http://edupub.gov.lk/Downloads/pdf.pdf,
phone,pass,Published phone: 0 0 1 477.84 18,http://edupub.gov.lk/Downloads/pdf.pdf,
phone,pass,Published phone: 0 0 1 212.40 33,http://edupub.gov.lk/Downloads/pdf.pdf,
phone,pass,Published phone: 0 0 1 252.72 69,http://edupub.gov.lk/Downloads/pdf.pdf,
phone,pass,Published phone: 011-2785306 ,http://edupub.gov.lk/Downloads/pdf.pdf,
phone,pass,Published phone: 0 0 1 209.04 18,http://edupub.gov.lk/Downloads/pdf.pdf,
phone,pass,Published phone: 0 0 1 374.64 74,http://edupub.gov.lk/Downloads/pdf.pdf,
phone,pass,Published phone: 0 0 1 398.64 54,http://edupub.gov.lk/Downloads/pdf.pdf,
phone,pass,Published phone: 0 0 1 463.20 41,http://edupub.gov.lk/Downloads/pdf.pdf,
phone,pass,Published phone: 0 0 1 515.04 41,http://edupub.gov.lk/Downloads/pdf.pdf,
phone,pass,Published phone: 0 0 1 440.64 33.,http://edupub.gov.lk/Downloads/pdf.pdf,
phone,pass,Published phone: 0 0 1 456.48 40,http://edupub.gov.lk/Downloads/pdf.pdf,
phone,pass,Published phone: 0 0 1 411.12 62,http://edupub.gov.lk/Downloads/pdf.pdf,
phone,pass,Published phone: 0 0 1 166.80 43,http://edupub.gov.lk/Downloads/pdf.pdf,
phone,pass,Published phone: 0 0 1 410.64 49,http://edupub.gov.lk/Downloads/pdf.pdf,
phone,pass,Published phone: 0 0 1 44.40 762.,http://edupub.gov.lk/Downloads/pdf.pdf,
phone,pass,Published phone: 0 0 1 132.48 59,http://edupub.gov.lk/Downloads/pdf.pdf,
phone,pass,Published phone: 0 0 1 240.96 57,http://edupub.gov.lk/Downloads/pdf.pdf,
phone,pass,Published phone: 0 0 1 466.80 45,http://edupub.gov.lk/Downloads/pdf.pdf,
phone,pass,Published phone: 0 0 1 94.08 302.,http://edupub.gov.lk/Downloads/pdf.pdf,
phone,pass,Published phone: 0 0 1 389.28 35.,http://edupub.gov.lk/Downloads/pdf.pdf,
phone,pass,Published phone: 0 0 1 351.36 21,http://edupub.gov.lk/Downloads/pdf.pdf,
phone,pass,Published phone: 0 0 1 248.16 41,http://edupub.gov.lk/Downloads/pdf.pdf,
phone,pass,Published phone: 0 0 1 144.24 19,http://edupub.gov.lk/Downloads/pdf.pdf,
phone,pass,Published phone: 0 0 1 280.80 42,http://edupub.gov.lk/Downloads/pdf.pdf,
phone,pass,Published phone: 0 0 1 196.56 36,http://edupub.gov.lk/Downloads/pdf.pdf,
phone,pass,Published phone: 0 0 1 468.72 17,http://edupub.gov.lk/Downloads/pdf.pdf,
phone,pass,Published phone: 0 0 1 415.68 11,http://edupub.gov.lk/Downloads/pdf.pdf,
phone,pass,Published phone: 0 0 1 170.64 49.,http://edupub.gov.lk/Downloads/pdf.pdf,
phone,pass,Published phone: 0 0 1 156.96 25,http://edupub.gov.lk/Downloads/pdf.pdf,
phone,pass,Published phone: 0 0 1 174.00 19.,http://edupub.gov.lk/Downloads/pdf.pdf,
phone,pass,Published phone: 0 0 1 322.08 31,http://edupub.gov.lk/Downloads/pdf.pdf,
phone,pass,Published phone: 0 0 1 529.92 34,http://edupub.gov.lk/Downloads/pdf.pdf,
phone,pass,Published phone: 0 0 1 138.00 72.,http://edupub.gov.lk/Downloads/pdf.pdf,
phone,pass,Published phone: 0 0 1 338.16 26,http://edupub.gov.lk/Downloads/pdf.pdf,
phone,pass,Published phone: 0 0 1 439.20 49,http://edupub.gov.lk/Downloads/pdf.pdf,
phone,pass,Published phone: 0000212987 ,http://edupub.gov.lk/Downloads/pdf.pdf,
phone,pass,Published phone: 0 0 1 294.48 24,http://edupub.gov.lk/Downloads/pdf.pdf,
phone,pass,Published phone: 0 0 1 235.92 66,http://edupub.gov.lk/Downloads/pdf.pdf,
phone,pass,Published phone: 0 0 1 195.36 62,http://edupub.gov.lk/Downloads/pdf.pdf,
phone,pass,Published phone: 0 0 1 303.12 53,http://edupub.gov.lk/Downloads/pdf.pdf,
phone,pass,Published phone: 0 0 1 112.08 22,http://edupub.gov.lk/Downloads/pdf.pdf,
phone,pass,Published phone: 0 0 1 123.60 43,http://edupub.gov.lk/Downloads/pdf.pdf,
phone,pass,Published phone: 0 0 1 148.08 17,http://edupub.gov.lk/Downloads/pdf.pdf,
phone,pass,Published phone: 0 0 1 222.00 59,http://edupub.gov.lk/Downloads/pdf.pdf,
phone,pass,Published phone: 0 0 1 127.44 60,http://edupub.gov.lk/Downloads/pdf.pdf,
phone,pass,Published phone: 0 0 1 485.28 11,http://edupub.gov.lk/Downloads/pdf.pdf,
phone,pass,Published phone: 0 0 1 141.84 73,http://edupub.gov.lk/Downloads/pdf.pdf,
phone,pass,Published phone: 0 0 1 552.72 47,http://edupub.gov.lk/Downloads/pdf.pdf,
phone,pass,Published phone: 0 0 1 424.80 18,http://edupub.gov.lk/Downloads/pdf.pdf,
phone,pass,Published phone: 0 0 1 96.00 560.,http://edupub.gov.lk/Downloads/pdf.pdf,
phone,pass,Published phone: 0 0 1 412.56 41,http://edupub.gov.lk/Downloads/pdf.pdf,
phone,pass,Published phone: 0 0 1 150.96 57,http://edupub.gov.lk/Downloads/pdf.pdf,
phone,pass,Published phone: 0 0 1 201.84 43,http://edupub.gov.lk/Downloads/pdf.pdf,
phone,pass,Published phone: 0 0 1 456.72 24,http://edupub.gov.lk/Downloads/pdf.pdf,
phone,pass,Published phone: 0000079800 ,http://edupub.gov.lk/Downloads/pdf.pdf,
phone,pass,Published phone: 0 0 1 441.84 24,http://edupub.gov.lk/Downloads/pdf.pdf,
phone,pass,Published phone: 0 0 1 286.32 70,http://edupub.gov.lk/Downloads/pdf.pdf,
phone,pass,Published phone: 0 0 1 335.28 25,http://edupub.gov.lk/Downloads/pdf.pdf,
phone,pass,Published phone: 0 0 1 330.24 29,http://edupub.gov.lk/Downloads/pdf.pdf,
phone,pass,Published phone: 0386365642,http://edupub.gov.lk/Downloads/pdf.pdf,
phone,pass,Published phone: 0 0 1 345.36 43,http://edupub.gov.lk/Downloads/pdf.pdf,
phone,pass,Published phone: 0 0 1 497.04 34,http://edupub.gov.lk/Downloads/pdf.pdf,
phone,pass,Published phone: 0 0 1 222.24 15,http://edupub.gov.lk/Downloads/pdf.pdf,
phone,pass,Published phone: 0 0 1 439.68 39,http://edupub.gov.lk/Downloads/pdf.pdf,
phone,pass,Published phone: 0 0 1 247.44 59,http://edupub.gov.lk/Downloads/pdf.pdf,
phone,pass,Published phone: 0 0 1 347.04 36,http://edupub.gov.lk/Downloads/pdf.pdf,
phone,pass,Published phone: 0 0 1 406.56 43,http://edupub.gov.lk/Downloads/pdf.pdf,
phone,pass,Published phone: 0 0 1 459.84 74,http://edupub.gov.lk/Downloads/pdf.pdf,
phone,pass,Published phone: 0 0 1 253.68 15,http://edupub.gov.lk/Downloads/pdf.pdf,
phone,pass,Published phone: 0 0 1 231.60 31,http://edupub.gov.lk/Downloads/pdf.pdf,
phone,pass,Published phone: 0 0 1 288.96 18,http://edupub.gov.lk/Downloads/pdf.pdf,
phone,pass,Published phone: 0 0 1 550.80 29,http://edupub.gov.lk/Downloads/pdf.pdf,
phone,pass,Published phone: 0 0 1 313.20 43,http://edupub.gov.lk/Downloads/pdf.pdf,
phone,pass,Published phone: 0 0 1 211.92 25,http://edupub.gov.lk/Downloads/pdf.pdf,
phone,pass,Published phone: 0 0 1 192.48 34,http://edupub.gov.lk/Downloads/pdf.pdf,
phone,pass,Published phone: 0 0 1 367.92 11,http://edupub.gov.lk/Downloads/pdf.pdf,
phone,pass,Published phone: 0 0 1 220.56 24.,http://edupub.gov.lk/Downloads/pdf.pdf,
phone,pass,Published phone: 0 0 1 162.24 62,http://edupub.gov.lk/Downloads/pdf.pdf,
phone,pass,Published phone: 0 0 1 392.40 63,http://edupub.gov.lk/Downloads/pdf.pdf,
phone,pass,Published phone: 0 0 1 275.04 59,http://edupub.gov.lk/Downloads/pdf.pdf,
phone,pass,Published phone: 0 0 1 105.36 64,http://edupub.gov.lk/Downloads/pdf.pdf,
phone,pass,Published phone: 0 0 1 112.32 98.,http://edupub.gov.lk/Downloads/pdf.pdf,
phone,pass,Published phone: 0 0 1 172.80 50,http://edupub.gov.lk/Downloads/pdf.pdf,
phone,pass,Published phone: 0000103762 ,http://edupub.gov.lk/Downloads/pdf.pdf,
phone,pass,Published phone: 0 0 1 108.24 22,http://edupub.gov.lk/Downloads/pdf.pdf,
phone,pass,Published phone: 0 0 1 140.88 33,http://edupub.gov.lk/Downloads/pdf.pdf,
phone,pass,Published phone: 0 0 1 188.40 28,http://edupub.gov.lk/Downloads/pdf.pdf,
phone,pass,Published phone: 0 0 1 432.48 32,http://edupub.gov.lk/Downloads/pdf.pdf,
phone,pass,Published phone: 0 0 1 446.64 22,http://edupub.gov.lk/Downloads/pdf.pdf,
phone,pass,Published phone: 0 0 1 204.72 75,http://edupub.gov.lk/Downloads/pdf.pdf,
phone,pass,Published phone: 0 0 1 542.16 56,http://edupub.gov.lk/Downloads/pdf.pdf,
phone,pass,Published phone: 0 0 1 343.68 70,http://edupub.gov.lk/Downloads/pdf.pdf,
phone,pass,Published phone: 0 0 1 308.16 37.,http://edupub.gov.lk/Downloads/pdf.pdf,
phone,pass,Published phone: 0 0 1 180.48 71,http://edupub.gov.lk/Downloads/pdf.pdf,
phone,pass,Published phone: 0 0 1 244.32 16,http://edupub.gov.lk/Downloads/pdf.pdf,
phone,pass,Published phone: 0 0 1 389.76 37,http://edupub.gov.lk/Downloads/pdf.pdf,
phone,pass,Published phone: 0393469333,http://edupub.gov.lk/Downloads/pdf.pdf,
phone,pass,Published phone: 0 0 1 377.76 41,http://edupub.gov.lk/Downloads/pdf.pdf,
phone,pass,Published phone: 0 0 1 172.80 46,http://edupub.gov.lk/Downloads/pdf.pdf,
phone,pass,Published phone: 0 0 1 360.24 20,http://edupub.gov.lk/Downloads/pdf.pdf,
phone,pass,Published phone: 0 0 1 482.64 18,http://edupub.gov.lk/Downloads/pdf.pdf,
phone,pass,Published phone: 0 0 1 95.04 676.,http://edupub.gov.lk/Downloads/pdf.pdf,
phone,pass,Published phone: 0 0 1 269.52 48,http://edupub.gov.lk/Downloads/pdf.pdf,
phone,pass,Published phone: 0 0 1 151.68 75,http://edupub.gov.lk/Downloads/pdf.pdf,
phone,pass,Published phone: 0 0 1 376.32 48,http://edupub.gov.lk/Downloads/pdf.pdf,
phone,pass,Published phone: 0 0 1 491.52 45,http://edupub.gov.lk/Downloads/pdf.pdf,
phone,pass,Published phone: 0 0 1 376.32 37.,http://edupub.gov.lk/Downloads/pdf.pdf,
phone,pass,Published phone: 0 0 1 245.04 75.,http://edupub.gov.lk/Downloads/pdf.pdf,
phone,pass,Published phone: 0 0 1 379.68 50,http://edupub.gov.lk/Downloads/pdf.pdf,
phone,pass,Published phone: 0 0 1 539.04 45,http://edupub.gov.lk/Downloads/pdf.pdf,
phone,pass,Published phone: 0 0 1 404.40 35.,http://edupub.gov.lk/Downloads/pdf.pdf,
phone,pass,Published phone: 0 0 1 451.68 64,http://edupub.gov.lk/Downloads/pdf.pdf,
phone,pass,Published phone: 0 0 1 283.92 19,http://edupub.gov.lk/Downloads/pdf.pdf,
phone,pass,Published phone: 0 0 1 141.36 31,http://edupub.gov.lk/Downloads/pdf.pdf,
phone,pass,Published phone: 0 0 1 472.80 16,http://edupub.gov.lk/Downloads/pdf.pdf,
phone,pass,Published phone: 0 0 1 337.20 42,http://edupub.gov.lk/Downloads/pdf.pdf,
phone,pass,Published phone: 0 0 1 120.24 69,http://edupub.gov.lk/Downloads/pdf.pdf,
phone,pass,Published phone: 0 0 1 522.24 70.,http://edupub.gov.lk/Downloads/pdf.pdf,
phone,pass,Published phone: 0 0 1 111.36 28,http://edupub.gov.lk/Downloads/pdf.pdf,
phone,pass,Published phone: 0 0 1 503.52 34,http://edupub.gov.lk/Downloads/pdf.pdf,
phone,pass,Published phone: 0 0 1 361.20 43,http://edupub.gov.lk/Downloads/pdf.pdf,
phone,pass,Published phone: 0 0 1 418.08 15,http://edupub.gov.lk/Downloads/pdf.pdf,
phone,pass,Published phone: 0 0 1 120.00 15,http://edupub.gov.lk/Downloads/pdf.pdf,
phone,pass,Published phone: 0 0 1 560.88 51,http://edupub.gov.lk/Downloads/pdf.pdf,
phone,pass,Published phone: 0363132303,http://edupub.gov.lk/Downloads/pdf.pdf,
phone,pass,Published phone: 0 0 1 525.84 13,http://edupub.gov.lk/Downloads/pdf.pdf,
phone,pass,Published phone: 0 0 1 423.12 25,http://edupub.gov.lk/Downloads/pdf.pdf,
phone,pass,Published phone: 0 0 1 355.20 74,http://edupub.gov.lk/Downloads/pdf.pdf,
phone,pass,Published phone: 0 0 1 509.76 62,http://edupub.gov.lk/Downloads/pdf.pdf,
phone,pass,Published phone: 0 0 1 526.08 42,http://edupub.gov.lk/Downloads/pdf.pdf,
phone,pass,Published phone: 0 0 1 273.60 44,http://edupub.gov.lk/Downloads/pdf.pdf,
phone,pass,Published phone: 0 0 1 137.76 11.,http://edupub.gov.lk/Downloads/pdf.pdf,
phone,pass,Published phone: 0 0 1 382.80 20,http://edupub.gov.lk/Downloads/pdf.pdf,
phone,pass,Published phone: 0 0 1 535.68 67,http://edupub.gov.lk/Downloads/pdf.pdf,
phone,pass,Published phone: 0 0 1 256.08 60,http://edupub.gov.lk/Downloads/pdf.pdf,
phone,pass,Published phone: 0 0 1 106.08 71,http://edupub.gov.lk/Downloads/pdf.pdf,
phone,pass,Published phone: 0 0 1 394.56 63,http://edupub.gov.lk/Downloads/pdf.pdf,
phone,pass,Published phone: 0 0 1 385.68 16,http://edupub.gov.lk/Downloads/pdf.pdf,
phone,pass,Published phone: 0 0 1 374.40 61,http://edupub.gov.lk/Downloads/pdf.pdf,
phone,pass,Published phone: 0 0 1 505.20 25,http://edupub.gov.lk/Downloads/pdf.pdf,
phone,pass,Published phone: 0 0 1 501.60 14,http://edupub.gov.lk/Downloads/pdf.pdf,
phone,pass,Published phone: 0 0 1 427.68 66,http://edupub.gov.lk/Downloads/pdf.pdf,
phone,pass,Published phone: 0 0 1 321.36 19,http://edupub.gov.lk/Downloads/pdf.pdf,
phone,pass,Published phone: 0 0 1 480.96 74,http://edupub.gov.lk/Downloads/pdf.pdf,
phone,pass,Published phone: 0 0 1 95.04 522.,http://edupub.gov.lk/Downloads/pdf.pdf,
phone,pass,Published phone: 0 0 1 126.72 67,http://edupub.gov.lk/Downloads/pdf.pdf,
phone,pass,Published phone: 0 0 1 204.96 38,http://edupub.gov.lk/Downloads/pdf.pdf,
phone,pass,Published phone: 0 0 1 150.96 24,http://edupub.gov.lk/Downloads/pdf.pdf,
phone,pass,Published phone: 0 0 1 282.24 60,http://edupub.gov.lk/Downloads/pdf.pdf,
phone,pass,Published phone: 0 0 1 211.44 48.,http://edupub.gov.lk/Downloads/pdf.pdf,
phone,pass,Published phone: 0 0 1 502.80 51,http://edupub.gov.lk/Downloads/pdf.pdf,
phone,pass,Published phone: 0 0 1 164.16 48,http://edupub.gov.lk/Downloads/pdf.pdf,
phone,pass,Published phone: 0 0 1 105.12 66,http://edupub.gov.lk/Downloads/pdf.pdf,
phone,pass,Published phone: 0 0 1 343.44 39,http://edupub.gov.lk/Downloads/pdf.pdf,
phone,pass,Published phone: 0 0 1 315.12 41,http://edupub.gov.lk/Downloads/pdf.pdf,
phone,pass,Published phone: 0000351430 ,http://edupub.gov.lk/Downloads/pdf.pdf,
phone,pass,Published phone: 0 0 1 487.68 49,http://edupub.gov.lk/Downloads/pdf.pdf,
phone,pass,Published phone: 0 0 1 206.40 85.,http://edupub.gov.lk/Downloads/pdf.pdf,
phone,pass,Published phone: 0 0 1 177.36 36.,http://edupub.gov.lk/Downloads/pdf.pdf,
phone,pass,Published phone: 0 0 1 564.72 56,http://edupub.gov.lk/Downloads/pdf.pdf,
phone,pass,Published phone: 0000248087 ,http://edupub.gov.lk/Downloads/pdf.pdf,
phone,pass,Published phone: 0 0 1 341.76 28,http://edupub.gov.lk/Downloads/pdf.pdf,
phone,pass,Published phone: 0 0 1 315.36 47.,http://edupub.gov.lk/Downloads/pdf.pdf,
phone,pass,Published phone: 0 0 1 583.20 56,http://edupub.gov.lk/Downloads/pdf.pdf,
phone,pass,Published phone: 0 0 1 165.60 47,http://edupub.gov.lk/Downloads/pdf.pdf,
phone,pass,Published phone: 0 0 1 374.88 14,http://edupub.gov.lk/Downloads/pdf.pdf,
phone,pass,Published phone: 0 0 1 363.84 53,http://edupub.gov.lk/Downloads/pdf.pdf,
phone,pass,Published phone: 0 0 1 95.04 562.,http://edupub.gov.lk/Downloads/pdf.pdf,
phone,pass,Published phone: 0 0 1 165.12 13,http://edupub.gov.lk/Downloads/pdf.pdf,
phone,pass,Published phone: 0 0 1 421.20 25,http://edupub.gov.lk/Downloads/pdf.pdf,
phone,pass,Published phone: 0 0 1 326.40 37,http://edupub.gov.lk/Downloads/pdf.pdf,
phone,pass,Published phone: 0 0 1 252.72 56,http://edupub.gov.lk/Downloads/pdf.pdf,
phone,pass,Published phone: 0000342889 ,http://edupub.gov.lk/Downloads/pdf.pdf,
phone,pass,Published phone: 0 0 1 98.16 228.,http://edupub.gov.lk/Downloads/pdf.pdf,
phone,pass,Published phone: 0 0 1 322.56 62,http://edupub.gov.lk/Downloads/pdf.pdf,
phone,pass,Published phone: 0 0 1 126.96 48,http://edupub.gov.lk/Downloads/pdf.pdf,
phone,pass,Published phone: 0 0 1 389.52 40,http://edupub.gov.lk/Downloads/pdf.pdf,
phone,pass,Published phone: 0 0 1 322.56 21,http://edupub.gov.lk/Downloads/pdf.pdf,
email,pass,Published email: commissioner-epd@Vahoo.com,http://edupub.gov.lk/Downloads/pdf.pdf,
page_text,pass,Substantive page content: 513121 visible characters across 12 pages,http://edupub.gov.lk/,
