check,status,detail,source,observed_at
dns,pass,Public DNS resolved,,2026-09-08T23:50:25.325367+05:30
domain_registration,error,Domain is absent from RDAP,,2026-09-08T23:50:25.325387+05:30
tls,pass,TLS certificate valid,,2026-09-08T23:50:25.480078+05:30
http,pass,Probe 1: HTTP 200 at https://slpost.gov.lk/,https://slpost.gov.lk/,2026-09-08T23:51:43.775560+05:30
http,error,Probe 2: timed out,http://slpost.gov.lk/,2026-09-08T23:51:43.775585+05:30
http,pass,Probe 3: HTTP 200 at https://slpost.gov.lk/,https://slpost.gov.lk/,2026-09-08T23:51:43.775589+05:30
http,error,Probe 4: timed out,http://slpost.gov.lk/,2026-09-08T23:51:43.775592+05:30
http,pass,Probe 5: HTTP 200 at https://slpost.gov.lk/department-of-posts-logo/,https://slpost.gov.lk/department-of-posts-logo/,2026-09-08T23:51:43.775595+05:30
http,pass,Probe 6: HTTP 200 at https://slpost.gov.lk/services/,https://slpost.gov.lk/services/,2026-09-08T23:51:43.775598+05:30
http,pass,Probe 7: HTTP 200 at https://slpost.gov.lk/cash-on-delivery-service/,https://slpost.gov.lk/cash-on-delivery-service/,2026-09-08T23:51:43.775601+05:30
http,pass,Probe 8: HTTP 200 at https://slpost.gov.lk/domestic-mail/advertisment-mail-service/,https://slpost.gov.lk/domestic-mail/advertisment-mail-service/,2026-09-08T23:51:43.775604+05:30
http,pass,Probe 9: HTTP 200 at https://slpost.gov.lk/wp-content/uploads/2025/06/Foreign-Postal-Mail-Services-destinations-listed-JUN-2025-1.pdf,https://slpost.gov.lk/wp-content/uploads/2025/06/Foreign-Postal-Mail-Services-destinations-listed-JUN-2025-1.pdf,2026-09-08T23:51:43.775607+05:30
http,pass,Probe 10: HTTP 200 at https://slpost.gov.lk/parcel-post-service-foreign/,https://slpost.gov.lk/parcel-post-service-foreign/,2026-09-08T23:51:43.775610+05:30
http,pass,Probe 11: HTTP 200 at https://slpost.gov.lk/services/ems/,https://slpost.gov.lk/services/ems/,2026-09-08T23:51:43.775612+05:30
http,pass,Probe 12: HTTP 200 at https://slpost.gov.lk/international-mail/surface-air-lifted-sal-parcel-service/,https://slpost.gov.lk/international-mail/surface-air-lifted-sal-parcel-service/,2026-09-08T23:51:43.775615+05:30
http,pass,Probe 13: HTTP 200 at https://slpost.gov.lk/services/speed-post-courier-tracking/,https://slpost.gov.lk/services/speed-post-courier-tracking/,2026-09-08T23:51:43.775618+05:30
http,pass,Probe 14: HTTP 200 at https://slpost.gov.lk/contact-us/,https://slpost.gov.lk/contact-us/,2026-09-08T23:51:43.775620+05:30
phone,pass,Published phone: +94-112328301-,https://slpost.gov.lk/,
email,pass,Published email: -info@slpost.lk,https://slpost.gov.lk/,
postal_address,pass,Published postal address: style of the Department of Posts to fraudulently collect customers’ credit card details. Please note that the Department,https://slpost.gov.lk/,
named_responsibility,pass,Published named responsibility: division,https://slpost.gov.lk/,
downloadable_form,pass,Published downloadable form: https://slpost.gov.lk/wp-content/uploads/2019/09/Holiday-home-booking-application-english.pdf,https://slpost.gov.lk/,
published_update_date,pass,Published published update date: 20-08-2026,https://slpost.gov.lk/,
phone,pass,Published phone: +94-112328301-,https://slpost.gov.lk/,
email,pass,Published email: -info@slpost.lk,https://slpost.gov.lk/,
postal_address,pass,Published postal address: style of the Department of Posts to fraudulently collect customers’ credit card details. Please note that the Department,https://slpost.gov.lk/,
named_responsibility,pass,Published named responsibility: division,https://slpost.gov.lk/,
downloadable_form,pass,Published downloadable form: https://slpost.gov.lk/wp-content/uploads/2019/09/Holiday-home-booking-application-english.pdf,https://slpost.gov.lk/,
published_update_date,pass,Published published update date: 20-08-2026,https://slpost.gov.lk/,
phone,pass,Published phone: +94-112328301-,https://slpost.gov.lk/department-of-posts-logo/,
email,pass,Published email: -info@slpost.lk,https://slpost.gov.lk/department-of-posts-logo/,
named_responsibility,pass,Published named responsibility: division,https://slpost.gov.lk/department-of-posts-logo/,
published_update_date,pass,Published published update date: 2026-09-03,https://slpost.gov.lk/department-of-posts-logo/,
phone,pass,Published phone: +94-112328301-,https://slpost.gov.lk/services/,
email,pass,Published email: -info@slpost.lk,https://slpost.gov.lk/services/,
named_responsibility,pass,Published named responsibility: division,https://slpost.gov.lk/services/,
legal_basis,pass,Published legal basis: regulations,https://slpost.gov.lk/services/,
published_update_date,pass,Published published update date: 2026-09-03,https://slpost.gov.lk/services/,
phone,pass,Published phone: +94-112328301-,https://slpost.gov.lk/cash-on-delivery-service/,
email,pass,Published email: -info@slpost.lk,https://slpost.gov.lk/cash-on-delivery-service/,
named_responsibility,pass,Published named responsibility: division,https://slpost.gov.lk/cash-on-delivery-service/,
downloadable_form,pass,Published downloadable form: https://slpost.gov.lk/wp-content/uploads/2019/09/Holiday-home-booking-application-english.pdf,https://slpost.gov.lk/cash-on-delivery-service/,
published_update_date,pass,Published published update date: 2026-09-03,https://slpost.gov.lk/cash-on-delivery-service/,
phone,pass,Published phone: +94-112328301-,https://slpost.gov.lk/domestic-mail/advertisment-mail-service/,
phone,pass,Published phone: 011 2325565 ,https://slpost.gov.lk/domestic-mail/advertisment-mail-service/,
phone,pass,Published phone: 011 2695372 ,https://slpost.gov.lk/domestic-mail/advertisment-mail-service/,
email,pass,Published email: supdt.mkt@slpost.lk,https://slpost.gov.lk/domestic-mail/advertisment-mail-service/,
email,pass,Published email: supdt.lis@slpost.lk,https://slpost.gov.lk/domestic-mail/advertisment-mail-service/,
email,pass,Published email: -info@slpost.lk,https://slpost.gov.lk/domestic-mail/advertisment-mail-service/,
postal_address,pass,Published postal address: ➢ Marketing and Research Division – supdt.mkt@slpost.lk ➢ Liaisons Division – supdt.lis@slpost.lk Cash on Delivery Track,https://slpost.gov.lk/domestic-mail/advertisment-mail-service/,
named_responsibility,pass,Published named responsibility: division,https://slpost.gov.lk/domestic-mail/advertisment-mail-service/,
legal_basis,pass,Published legal basis: regulations,https://slpost.gov.lk/domestic-mail/advertisment-mail-service/,
fees_and_payment,pass,"Published fees and payment: rs,",https://slpost.gov.lk/domestic-mail/advertisment-mail-service/,
downloadable_form,pass,Published downloadable form: https://slpost.gov.lk/wp-content/uploads/2019/09/Holiday-home-booking-application-english.pdf,https://slpost.gov.lk/domestic-mail/advertisment-mail-service/,
published_update_date,pass,Published published update date: 2026-09-03,https://slpost.gov.lk/domestic-mail/advertisment-mail-service/,
phone,pass,Published phone: 0000000752 ,https://slpost.gov.lk/wp-content/uploads/2025/06/Foreign-Postal-Mail-Services-destinations-listed-JUN-2025-1.pdf,
phone,pass,Published phone: 0000001339 ,https://slpost.gov.lk/wp-content/uploads/2025/06/Foreign-Postal-Mail-Services-destinations-listed-JUN-2025-1.pdf,
phone,pass,Published phone: 0000001457 ,https://slpost.gov.lk/wp-content/uploads/2025/06/Foreign-Postal-Mail-Services-destinations-listed-JUN-2025-1.pdf,
phone,pass,Published phone: 0000001040 ,https://slpost.gov.lk/wp-content/uploads/2025/06/Foreign-Postal-Mail-Services-destinations-listed-JUN-2025-1.pdf,
phone,pass,Published phone: 0000001273 ,https://slpost.gov.lk/wp-content/uploads/2025/06/Foreign-Postal-Mail-Services-destinations-listed-JUN-2025-1.pdf,
phone,pass,Published phone: 0000000398 ,https://slpost.gov.lk/wp-content/uploads/2025/06/Foreign-Postal-Mail-Services-destinations-listed-JUN-2025-1.pdf,
phone,pass,Published phone: 0000000491 ,https://slpost.gov.lk/wp-content/uploads/2025/06/Foreign-Postal-Mail-Services-destinations-listed-JUN-2025-1.pdf,
phone,pass,Published phone: 0000001546 ,https://slpost.gov.lk/wp-content/uploads/2025/06/Foreign-Postal-Mail-Services-destinations-listed-JUN-2025-1.pdf,
phone,pass,Published phone: 0000001859 ,https://slpost.gov.lk/wp-content/uploads/2025/06/Foreign-Postal-Mail-Services-destinations-listed-JUN-2025-1.pdf,
phone,pass,Published phone: 0000013235 ,https://slpost.gov.lk/wp-content/uploads/2025/06/Foreign-Postal-Mail-Services-destinations-listed-JUN-2025-1.pdf,
phone,pass,Published phone: 0000001327 ,https://slpost.gov.lk/wp-content/uploads/2025/06/Foreign-Postal-Mail-Services-destinations-listed-JUN-2025-1.pdf,
phone,pass,Published phone: 0000000071 ,https://slpost.gov.lk/wp-content/uploads/2025/06/Foreign-Postal-Mail-Services-destinations-listed-JUN-2025-1.pdf,
phone,pass,Published phone: 0000001085 ,https://slpost.gov.lk/wp-content/uploads/2025/06/Foreign-Postal-Mail-Services-destinations-listed-JUN-2025-1.pdf,
phone,pass,Published phone: 0000001071 ,https://slpost.gov.lk/wp-content/uploads/2025/06/Foreign-Postal-Mail-Services-destinations-listed-JUN-2025-1.pdf,
phone,pass,Published phone: 0000000088 ,https://slpost.gov.lk/wp-content/uploads/2025/06/Foreign-Postal-Mail-Services-destinations-listed-JUN-2025-1.pdf,
phone,pass,Published phone: 0000000950 ,https://slpost.gov.lk/wp-content/uploads/2025/06/Foreign-Postal-Mail-Services-destinations-listed-JUN-2025-1.pdf,
phone,pass,Published phone: 0000001207 ,https://slpost.gov.lk/wp-content/uploads/2025/06/Foreign-Postal-Mail-Services-destinations-listed-JUN-2025-1.pdf,
phone,pass,Published phone: 0000001033 ,https://slpost.gov.lk/wp-content/uploads/2025/06/Foreign-Postal-Mail-Services-destinations-listed-JUN-2025-1.pdf,
phone,pass,Published phone: 0000001810 ,https://slpost.gov.lk/wp-content/uploads/2025/06/Foreign-Postal-Mail-Services-destinations-listed-JUN-2025-1.pdf,
phone,pass,Published phone: 0000001672 ,https://slpost.gov.lk/wp-content/uploads/2025/06/Foreign-Postal-Mail-Services-destinations-listed-JUN-2025-1.pdf,
phone,pass,Published phone: 0000000492 ,https://slpost.gov.lk/wp-content/uploads/2025/06/Foreign-Postal-Mail-Services-destinations-listed-JUN-2025-1.pdf,
phone,pass,Published phone: 0000001102 ,https://slpost.gov.lk/wp-content/uploads/2025/06/Foreign-Postal-Mail-Services-destinations-listed-JUN-2025-1.pdf,
phone,pass,Published phone: 0000000055 ,https://slpost.gov.lk/wp-content/uploads/2025/06/Foreign-Postal-Mail-Services-destinations-listed-JUN-2025-1.pdf,
phone,pass,Published phone: 0000001520 ,https://slpost.gov.lk/wp-content/uploads/2025/06/Foreign-Postal-Mail-Services-destinations-listed-JUN-2025-1.pdf,
phone,pass,Published phone: 0000000380 ,https://slpost.gov.lk/wp-content/uploads/2025/06/Foreign-Postal-Mail-Services-destinations-listed-JUN-2025-1.pdf,
phone,pass,Published phone: 0000001853 ,https://slpost.gov.lk/wp-content/uploads/2025/06/Foreign-Postal-Mail-Services-destinations-listed-JUN-2025-1.pdf,
phone,pass,Published phone: 0000000903 ,https://slpost.gov.lk/wp-content/uploads/2025/06/Foreign-Postal-Mail-Services-destinations-listed-JUN-2025-1.pdf,
phone,pass,Published phone: 0000001436 ,https://slpost.gov.lk/wp-content/uploads/2025/06/Foreign-Postal-Mail-Services-destinations-listed-JUN-2025-1.pdf,
phone,pass,Published phone: 0000000295 ,https://slpost.gov.lk/wp-content/uploads/2025/06/Foreign-Postal-Mail-Services-destinations-listed-JUN-2025-1.pdf,
phone,pass,Published phone: 0000001623 ,https://slpost.gov.lk/wp-content/uploads/2025/06/Foreign-Postal-Mail-Services-destinations-listed-JUN-2025-1.pdf,
phone,pass,Published phone: 0000001578 ,https://slpost.gov.lk/wp-content/uploads/2025/06/Foreign-Postal-Mail-Services-destinations-listed-JUN-2025-1.pdf,
phone,pass,Published phone: 0000000109 ,https://slpost.gov.lk/wp-content/uploads/2025/06/Foreign-Postal-Mail-Services-destinations-listed-JUN-2025-1.pdf,
phone,pass,Published phone: 0000000791 ,https://slpost.gov.lk/wp-content/uploads/2025/06/Foreign-Postal-Mail-Services-destinations-listed-JUN-2025-1.pdf,
phone,pass,Published phone: 0000001678 ,https://slpost.gov.lk/wp-content/uploads/2025/06/Foreign-Postal-Mail-Services-destinations-listed-JUN-2025-1.pdf,
phone,pass,Published phone: 0000000230 ,https://slpost.gov.lk/wp-content/uploads/2025/06/Foreign-Postal-Mail-Services-destinations-listed-JUN-2025-1.pdf,
phone,pass,Published phone: 0000000483 ,https://slpost.gov.lk/wp-content/uploads/2025/06/Foreign-Postal-Mail-Services-destinations-listed-JUN-2025-1.pdf,
phone,pass,Published phone: 0000000840 ,https://slpost.gov.lk/wp-content/uploads/2025/06/Foreign-Postal-Mail-Services-destinations-listed-JUN-2025-1.pdf,
phone,pass,Published phone: 0000001788 ,https://slpost.gov.lk/wp-content/uploads/2025/06/Foreign-Postal-Mail-Services-destinations-listed-JUN-2025-1.pdf,
phone,pass,Published phone: 0000000619 ,https://slpost.gov.lk/wp-content/uploads/2025/06/Foreign-Postal-Mail-Services-destinations-listed-JUN-2025-1.pdf,
phone,pass,Published phone: 0000001711 ,https://slpost.gov.lk/wp-content/uploads/2025/06/Foreign-Postal-Mail-Services-destinations-listed-JUN-2025-1.pdf,
phone,pass,Published phone: 0000001013 ,https://slpost.gov.lk/wp-content/uploads/2025/06/Foreign-Postal-Mail-Services-destinations-listed-JUN-2025-1.pdf,
phone,pass,Published phone: 0000001789 ,https://slpost.gov.lk/wp-content/uploads/2025/06/Foreign-Postal-Mail-Services-destinations-listed-JUN-2025-1.pdf,
phone,pass,Published phone: 0000001293 ,https://slpost.gov.lk/wp-content/uploads/2025/06/Foreign-Postal-Mail-Services-destinations-listed-JUN-2025-1.pdf,
phone,pass,Published phone: 0000000778 ,https://slpost.gov.lk/wp-content/uploads/2025/06/Foreign-Postal-Mail-Services-destinations-listed-JUN-2025-1.pdf,
phone,pass,Published phone: 0000001382 ,https://slpost.gov.lk/wp-content/uploads/2025/06/Foreign-Postal-Mail-Services-destinations-listed-JUN-2025-1.pdf,
phone,pass,Published phone: 0000000214 ,https://slpost.gov.lk/wp-content/uploads/2025/06/Foreign-Postal-Mail-Services-destinations-listed-JUN-2025-1.pdf,
phone,pass,Published phone: 0000001000 ,https://slpost.gov.lk/wp-content/uploads/2025/06/Foreign-Postal-Mail-Services-destinations-listed-JUN-2025-1.pdf,
phone,pass,Published phone: 0000001248 ,https://slpost.gov.lk/wp-content/uploads/2025/06/Foreign-Postal-Mail-Services-destinations-listed-JUN-2025-1.pdf,
phone,pass,Published phone: 0000001253 ,https://slpost.gov.lk/wp-content/uploads/2025/06/Foreign-Postal-Mail-Services-destinations-listed-JUN-2025-1.pdf,
phone,pass,Published phone: 0000000478 ,https://slpost.gov.lk/wp-content/uploads/2025/06/Foreign-Postal-Mail-Services-destinations-listed-JUN-2025-1.pdf,
phone,pass,Published phone: 0000000828 ,https://slpost.gov.lk/wp-content/uploads/2025/06/Foreign-Postal-Mail-Services-destinations-listed-JUN-2025-1.pdf,
phone,pass,Published phone: 0000001298 ,https://slpost.gov.lk/wp-content/uploads/2025/06/Foreign-Postal-Mail-Services-destinations-listed-JUN-2025-1.pdf,
phone,pass,Published phone: 0000001184 ,https://slpost.gov.lk/wp-content/uploads/2025/06/Foreign-Postal-Mail-Services-destinations-listed-JUN-2025-1.pdf,
phone,pass,Published phone: 0000000833 ,https://slpost.gov.lk/wp-content/uploads/2025/06/Foreign-Postal-Mail-Services-destinations-listed-JUN-2025-1.pdf,
phone,pass,Published phone: 0000001529 ,https://slpost.gov.lk/wp-content/uploads/2025/06/Foreign-Postal-Mail-Services-destinations-listed-JUN-2025-1.pdf,
phone,pass,Published phone: 0000001260 ,https://slpost.gov.lk/wp-content/uploads/2025/06/Foreign-Postal-Mail-Services-destinations-listed-JUN-2025-1.pdf,
phone,pass,Published phone: 0000001045 ,https://slpost.gov.lk/wp-content/uploads/2025/06/Foreign-Postal-Mail-Services-destinations-listed-JUN-2025-1.pdf,
phone,pass,Published phone: 0000001408 ,https://slpost.gov.lk/wp-content/uploads/2025/06/Foreign-Postal-Mail-Services-destinations-listed-JUN-2025-1.pdf,
phone,pass,Published phone: 0000000115 ,https://slpost.gov.lk/wp-content/uploads/2025/06/Foreign-Postal-Mail-Services-destinations-listed-JUN-2025-1.pdf,
phone,pass,Published phone: 0000001282 ,https://slpost.gov.lk/wp-content/uploads/2025/06/Foreign-Postal-Mail-Services-destinations-listed-JUN-2025-1.pdf,
phone,pass,Published phone: 0000000234 ,https://slpost.gov.lk/wp-content/uploads/2025/06/Foreign-Postal-Mail-Services-destinations-listed-JUN-2025-1.pdf,
phone,pass,Published phone: 0000001173 ,https://slpost.gov.lk/wp-content/uploads/2025/06/Foreign-Postal-Mail-Services-destinations-listed-JUN-2025-1.pdf,
phone,pass,Published phone: 07 507 0 0 0 0 0 ,https://slpost.gov.lk/wp-content/uploads/2025/06/Foreign-Postal-Mail-Services-destinations-listed-JUN-2025-1.pdf,
phone,pass,Published phone: 0000000461 ,https://slpost.gov.lk/wp-content/uploads/2025/06/Foreign-Postal-Mail-Services-destinations-listed-JUN-2025-1.pdf,
phone,pass,Published phone: 0000000393 ,https://slpost.gov.lk/wp-content/uploads/2025/06/Foreign-Postal-Mail-Services-destinations-listed-JUN-2025-1.pdf,
phone,pass,Published phone: 0000000636 ,https://slpost.gov.lk/wp-content/uploads/2025/06/Foreign-Postal-Mail-Services-destinations-listed-JUN-2025-1.pdf,
phone,pass,Published phone: 0000000050 ,https://slpost.gov.lk/wp-content/uploads/2025/06/Foreign-Postal-Mail-Services-destinations-listed-JUN-2025-1.pdf,
phone,pass,Published phone: 0000001230 ,https://slpost.gov.lk/wp-content/uploads/2025/06/Foreign-Postal-Mail-Services-destinations-listed-JUN-2025-1.pdf,
phone,pass,Published phone: 0000000532 ,https://slpost.gov.lk/wp-content/uploads/2025/06/Foreign-Postal-Mail-Services-destinations-listed-JUN-2025-1.pdf,
phone,pass,Published phone: 0000001888 ,https://slpost.gov.lk/wp-content/uploads/2025/06/Foreign-Postal-Mail-Services-destinations-listed-JUN-2025-1.pdf,
phone,pass,Published phone: 0000188779 ,https://slpost.gov.lk/wp-content/uploads/2025/06/Foreign-Postal-Mail-Services-destinations-listed-JUN-2025-1.pdf,
phone,pass,Published phone: 0000000549 ,https://slpost.gov.lk/wp-content/uploads/2025/06/Foreign-Postal-Mail-Services-destinations-listed-JUN-2025-1.pdf,
phone,pass,Published phone: 0000000889 ,https://slpost.gov.lk/wp-content/uploads/2025/06/Foreign-Postal-Mail-Services-destinations-listed-JUN-2025-1.pdf,
phone,pass,Published phone: 0000000208 ,https://slpost.gov.lk/wp-content/uploads/2025/06/Foreign-Postal-Mail-Services-destinations-listed-JUN-2025-1.pdf,
phone,pass,Published phone: 0000000544 ,https://slpost.gov.lk/wp-content/uploads/2025/06/Foreign-Postal-Mail-Services-destinations-listed-JUN-2025-1.pdf,
phone,pass,Published phone: 0000001830 ,https://slpost.gov.lk/wp-content/uploads/2025/06/Foreign-Postal-Mail-Services-destinations-listed-JUN-2025-1.pdf,
phone,pass,Published phone: 0000001221 ,https://slpost.gov.lk/wp-content/uploads/2025/06/Foreign-Postal-Mail-Services-destinations-listed-JUN-2025-1.pdf,
phone,pass,Published phone: 0000000364 ,https://slpost.gov.lk/wp-content/uploads/2025/06/Foreign-Postal-Mail-Services-destinations-listed-JUN-2025-1.pdf,
phone,pass,Published phone: 0000001191 ,https://slpost.gov.lk/wp-content/uploads/2025/06/Foreign-Postal-Mail-Services-destinations-listed-JUN-2025-1.pdf,
phone,pass,Published phone: 0000000247 ,https://slpost.gov.lk/wp-content/uploads/2025/06/Foreign-Postal-Mail-Services-destinations-listed-JUN-2025-1.pdf,
phone,pass,Published phone: 0000000712 ,https://slpost.gov.lk/wp-content/uploads/2025/06/Foreign-Postal-Mail-Services-destinations-listed-JUN-2025-1.pdf,
phone,pass,Published phone: 0000000614 ,https://slpost.gov.lk/wp-content/uploads/2025/06/Foreign-Postal-Mail-Services-destinations-listed-JUN-2025-1.pdf,
phone,pass,Published phone: 0000001456 ,https://slpost.gov.lk/wp-content/uploads/2025/06/Foreign-Postal-Mail-Services-destinations-listed-JUN-2025-1.pdf,
phone,pass,Published phone: 0000000048 ,https://slpost.gov.lk/wp-content/uploads/2025/06/Foreign-Postal-Mail-Services-destinations-listed-JUN-2025-1.pdf,
phone,pass,Published phone: 0000001821 ,https://slpost.gov.lk/wp-content/uploads/2025/06/Foreign-Postal-Mail-Services-destinations-listed-JUN-2025-1.pdf,
phone,pass,Published phone: 0000001849 ,https://slpost.gov.lk/wp-content/uploads/2025/06/Foreign-Postal-Mail-Services-destinations-listed-JUN-2025-1.pdf,
phone,pass,Published phone: 0000000742 ,https://slpost.gov.lk/wp-content/uploads/2025/06/Foreign-Postal-Mail-Services-destinations-listed-JUN-2025-1.pdf,
phone,pass,Published phone: 0000001464 ,https://slpost.gov.lk/wp-content/uploads/2025/06/Foreign-Postal-Mail-Services-destinations-listed-JUN-2025-1.pdf,
phone,pass,Published phone: 0000001776 ,https://slpost.gov.lk/wp-content/uploads/2025/06/Foreign-Postal-Mail-Services-destinations-listed-JUN-2025-1.pdf,
phone,pass,Published phone: 0000000910 ,https://slpost.gov.lk/wp-content/uploads/2025/06/Foreign-Postal-Mail-Services-destinations-listed-JUN-2025-1.pdf,
phone,pass,Published phone: 0000000855 ,https://slpost.gov.lk/wp-content/uploads/2025/06/Foreign-Postal-Mail-Services-destinations-listed-JUN-2025-1.pdf,
phone,pass,Published phone: 0000000080 ,https://slpost.gov.lk/wp-content/uploads/2025/06/Foreign-Postal-Mail-Services-destinations-listed-JUN-2025-1.pdf,
phone,pass,Published phone: 0000000763 ,https://slpost.gov.lk/wp-content/uploads/2025/06/Foreign-Postal-Mail-Services-destinations-listed-JUN-2025-1.pdf,
phone,pass,Published phone: 0000000895 ,https://slpost.gov.lk/wp-content/uploads/2025/06/Foreign-Postal-Mail-Services-destinations-listed-JUN-2025-1.pdf,
phone,pass,Published phone: 0000001356 ,https://slpost.gov.lk/wp-content/uploads/2025/06/Foreign-Postal-Mail-Services-destinations-listed-JUN-2025-1.pdf,
phone,pass,Published phone: 0000000754 ,https://slpost.gov.lk/wp-content/uploads/2025/06/Foreign-Postal-Mail-Services-destinations-listed-JUN-2025-1.pdf,
phone,pass,Published phone: 0000000431 ,https://slpost.gov.lk/wp-content/uploads/2025/06/Foreign-Postal-Mail-Services-destinations-listed-JUN-2025-1.pdf,
phone,pass,Published phone: 0000001536 ,https://slpost.gov.lk/wp-content/uploads/2025/06/Foreign-Postal-Mail-Services-destinations-listed-JUN-2025-1.pdf,
phone,pass,Published phone: 0000000898 ,https://slpost.gov.lk/wp-content/uploads/2025/06/Foreign-Postal-Mail-Services-destinations-listed-JUN-2025-1.pdf,
phone,pass,Published phone: 0000000250 ,https://slpost.gov.lk/wp-content/uploads/2025/06/Foreign-Postal-Mail-Services-destinations-listed-JUN-2025-1.pdf,
phone,pass,Published phone: 0000000346 ,https://slpost.gov.lk/wp-content/uploads/2025/06/Foreign-Postal-Mail-Services-destinations-listed-JUN-2025-1.pdf,
phone,pass,Published phone: 0000000948 ,https://slpost.gov.lk/wp-content/uploads/2025/06/Foreign-Postal-Mail-Services-destinations-listed-JUN-2025-1.pdf,
phone,pass,Published phone: 0000000673 ,https://slpost.gov.lk/wp-content/uploads/2025/06/Foreign-Postal-Mail-Services-destinations-listed-JUN-2025-1.pdf,
phone,pass,Published phone: 0000000831 ,https://slpost.gov.lk/wp-content/uploads/2025/06/Foreign-Postal-Mail-Services-destinations-listed-JUN-2025-1.pdf,
phone,pass,Published phone: 0000189386 ,https://slpost.gov.lk/wp-content/uploads/2025/06/Foreign-Postal-Mail-Services-destinations-listed-JUN-2025-1.pdf,
phone,pass,Published phone: 0000000310 ,https://slpost.gov.lk/wp-content/uploads/2025/06/Foreign-Postal-Mail-Services-destinations-listed-JUN-2025-1.pdf,
phone,pass,Published phone: 0000001648 ,https://slpost.gov.lk/wp-content/uploads/2025/06/Foreign-Postal-Mail-Services-destinations-listed-JUN-2025-1.pdf,
phone,pass,Published phone: 0000001439 ,https://slpost.gov.lk/wp-content/uploads/2025/06/Foreign-Postal-Mail-Services-destinations-listed-JUN-2025-1.pdf,
phone,pass,Published phone: 0000001874 ,https://slpost.gov.lk/wp-content/uploads/2025/06/Foreign-Postal-Mail-Services-destinations-listed-JUN-2025-1.pdf,
phone,pass,Published phone: 0000001511 ,https://slpost.gov.lk/wp-content/uploads/2025/06/Foreign-Postal-Mail-Services-destinations-listed-JUN-2025-1.pdf,
phone,pass,Published phone: 0000001381 ,https://slpost.gov.lk/wp-content/uploads/2025/06/Foreign-Postal-Mail-Services-destinations-listed-JUN-2025-1.pdf,
phone,pass,Published phone: 0000001485 ,https://slpost.gov.lk/wp-content/uploads/2025/06/Foreign-Postal-Mail-Services-destinations-listed-JUN-2025-1.pdf,
phone,pass,Published phone: 0000001522 ,https://slpost.gov.lk/wp-content/uploads/2025/06/Foreign-Postal-Mail-Services-destinations-listed-JUN-2025-1.pdf,
phone,pass,Published phone: 0000001204 ,https://slpost.gov.lk/wp-content/uploads/2025/06/Foreign-Postal-Mail-Services-destinations-listed-JUN-2025-1.pdf,
phone,pass,Published phone: 0000000281 ,https://slpost.gov.lk/wp-content/uploads/2025/06/Foreign-Postal-Mail-Services-destinations-listed-JUN-2025-1.pdf,
phone,pass,Published phone: 0000001405 ,https://slpost.gov.lk/wp-content/uploads/2025/06/Foreign-Postal-Mail-Services-destinations-listed-JUN-2025-1.pdf,
phone,pass,Published phone: 0000001632 ,https://slpost.gov.lk/wp-content/uploads/2025/06/Foreign-Postal-Mail-Services-destinations-listed-JUN-2025-1.pdf,
phone,pass,Published phone: 0000000135 ,https://slpost.gov.lk/wp-content/uploads/2025/06/Foreign-Postal-Mail-Services-destinations-listed-JUN-2025-1.pdf,
phone,pass,Published phone: 0000000400 ,https://slpost.gov.lk/wp-content/uploads/2025/06/Foreign-Postal-Mail-Services-destinations-listed-JUN-2025-1.pdf,
phone,pass,Published phone: 0000000740 ,https://slpost.gov.lk/wp-content/uploads/2025/06/Foreign-Postal-Mail-Services-destinations-listed-JUN-2025-1.pdf,
phone,pass,Published phone: 0000001513 ,https://slpost.gov.lk/wp-content/uploads/2025/06/Foreign-Postal-Mail-Services-destinations-listed-JUN-2025-1.pdf,
phone,pass,Published phone: 0000000543 ,https://slpost.gov.lk/wp-content/uploads/2025/06/Foreign-Postal-Mail-Services-destinations-listed-JUN-2025-1.pdf,
phone,pass,Published phone: 0000015205 ,https://slpost.gov.lk/wp-content/uploads/2025/06/Foreign-Postal-Mail-Services-destinations-listed-JUN-2025-1.pdf,
phone,pass,Published phone: 0000001117 ,https://slpost.gov.lk/wp-content/uploads/2025/06/Foreign-Postal-Mail-Services-destinations-listed-JUN-2025-1.pdf,
phone,pass,Published phone: 0000001092 ,https://slpost.gov.lk/wp-content/uploads/2025/06/Foreign-Postal-Mail-Services-destinations-listed-JUN-2025-1.pdf,
phone,pass,Published phone: 0000000824 ,https://slpost.gov.lk/wp-content/uploads/2025/06/Foreign-Postal-Mail-Services-destinations-listed-JUN-2025-1.pdf,
phone,pass,Published phone: 0000001296 ,https://slpost.gov.lk/wp-content/uploads/2025/06/Foreign-Postal-Mail-Services-destinations-listed-JUN-2025-1.pdf,
phone,pass,Published phone: 0000000257 ,https://slpost.gov.lk/wp-content/uploads/2025/06/Foreign-Postal-Mail-Services-destinations-listed-JUN-2025-1.pdf,
phone,pass,Published phone: 0000001152 ,https://slpost.gov.lk/wp-content/uploads/2025/06/Foreign-Postal-Mail-Services-destinations-listed-JUN-2025-1.pdf,
phone,pass,Published phone: 0000000450 ,https://slpost.gov.lk/wp-content/uploads/2025/06/Foreign-Postal-Mail-Services-destinations-listed-JUN-2025-1.pdf,
phone,pass,Published phone: 0000001598 ,https://slpost.gov.lk/wp-content/uploads/2025/06/Foreign-Postal-Mail-Services-destinations-listed-JUN-2025-1.pdf,
phone,pass,Published phone: 0000001861 ,https://slpost.gov.lk/wp-content/uploads/2025/06/Foreign-Postal-Mail-Services-destinations-listed-JUN-2025-1.pdf,
phone,pass,Published phone: 0000000757 ,https://slpost.gov.lk/wp-content/uploads/2025/06/Foreign-Postal-Mail-Services-destinations-listed-JUN-2025-1.pdf,
phone,pass,Published phone: 0000001159 ,https://slpost.gov.lk/wp-content/uploads/2025/06/Foreign-Postal-Mail-Services-destinations-listed-JUN-2025-1.pdf,
phone,pass,Published phone: 0000001747 ,https://slpost.gov.lk/wp-content/uploads/2025/06/Foreign-Postal-Mail-Services-destinations-listed-JUN-2025-1.pdf,
phone,pass,Published phone: 0000001689 ,https://slpost.gov.lk/wp-content/uploads/2025/06/Foreign-Postal-Mail-Services-destinations-listed-JUN-2025-1.pdf,
phone,pass,Published phone: 0000001651 ,https://slpost.gov.lk/wp-content/uploads/2025/06/Foreign-Postal-Mail-Services-destinations-listed-JUN-2025-1.pdf,
phone,pass,Published phone: 0000001426 ,https://slpost.gov.lk/wp-content/uploads/2025/06/Foreign-Postal-Mail-Services-destinations-listed-JUN-2025-1.pdf,
phone,pass,Published phone: 0000000395 ,https://slpost.gov.lk/wp-content/uploads/2025/06/Foreign-Postal-Mail-Services-destinations-listed-JUN-2025-1.pdf,
phone,pass,Published phone: 0000001681 ,https://slpost.gov.lk/wp-content/uploads/2025/06/Foreign-Postal-Mail-Services-destinations-listed-JUN-2025-1.pdf,
phone,pass,Published phone: 0000000386 ,https://slpost.gov.lk/wp-content/uploads/2025/06/Foreign-Postal-Mail-Services-destinations-listed-JUN-2025-1.pdf,
phone,pass,Published phone: 0000000321 ,https://slpost.gov.lk/wp-content/uploads/2025/06/Foreign-Postal-Mail-Services-destinations-listed-JUN-2025-1.pdf,
phone,pass,Published phone: 0000001244 ,https://slpost.gov.lk/wp-content/uploads/2025/06/Foreign-Postal-Mail-Services-destinations-listed-JUN-2025-1.pdf,
phone,pass,Published phone: 0000001886 ,https://slpost.gov.lk/wp-content/uploads/2025/06/Foreign-Postal-Mail-Services-destinations-listed-JUN-2025-1.pdf,
phone,pass,Published phone: 0000001679 ,https://slpost.gov.lk/wp-content/uploads/2025/06/Foreign-Postal-Mail-Services-destinations-listed-JUN-2025-1.pdf,
phone,pass,Published phone: 0000001313 ,https://slpost.gov.lk/wp-content/uploads/2025/06/Foreign-Postal-Mail-Services-destinations-listed-JUN-2025-1.pdf,
phone,pass,Published phone: 0000000370 ,https://slpost.gov.lk/wp-content/uploads/2025/06/Foreign-Postal-Mail-Services-destinations-listed-JUN-2025-1.pdf,
phone,pass,Published phone: 0000001493 ,https://slpost.gov.lk/wp-content/uploads/2025/06/Foreign-Postal-Mail-Services-destinations-listed-JUN-2025-1.pdf,
phone,pass,Published phone: 0000000770 ,https://slpost.gov.lk/wp-content/uploads/2025/06/Foreign-Postal-Mail-Services-destinations-listed-JUN-2025-1.pdf,
phone,pass,Published phone: 0000000764 ,https://slpost.gov.lk/wp-content/uploads/2025/06/Foreign-Postal-Mail-Services-destinations-listed-JUN-2025-1.pdf,
phone,pass,Published phone: 0000042571 ,https://slpost.gov.lk/wp-content/uploads/2025/06/Foreign-Postal-Mail-Services-destinations-listed-JUN-2025-1.pdf,
phone,pass,Published phone: 0000000938 ,https://slpost.gov.lk/wp-content/uploads/2025/06/Foreign-Postal-Mail-Services-destinations-listed-JUN-2025-1.pdf,
phone,pass,Published phone: 0000000369 ,https://slpost.gov.lk/wp-content/uploads/2025/06/Foreign-Postal-Mail-Services-destinations-listed-JUN-2025-1.pdf,
phone,pass,Published phone: 0000001860 ,https://slpost.gov.lk/wp-content/uploads/2025/06/Foreign-Postal-Mail-Services-destinations-listed-JUN-2025-1.pdf,
phone,pass,Published phone: 0 343 389 335 ,https://slpost.gov.lk/wp-content/uploads/2025/06/Foreign-Postal-Mail-Services-destinations-listed-JUN-2025-1.pdf,
phone,pass,Published phone: 0000000176 ,https://slpost.gov.lk/wp-content/uploads/2025/06/Foreign-Postal-Mail-Services-destinations-listed-JUN-2025-1.pdf,
phone,pass,Published phone: 0000001787 ,https://slpost.gov.lk/wp-content/uploads/2025/06/Foreign-Postal-Mail-Services-destinations-listed-JUN-2025-1.pdf,
phone,pass,Published phone: 0000001857 ,https://slpost.gov.lk/wp-content/uploads/2025/06/Foreign-Postal-Mail-Services-destinations-listed-JUN-2025-1.pdf,
phone,pass,Published phone: 0000001193 ,https://slpost.gov.lk/wp-content/uploads/2025/06/Foreign-Postal-Mail-Services-destinations-listed-JUN-2025-1.pdf,
phone,pass,Published phone: 0000000966 ,https://slpost.gov.lk/wp-content/uploads/2025/06/Foreign-Postal-Mail-Services-destinations-listed-JUN-2025-1.pdf,
phone,pass,Published phone: 0000001267 ,https://slpost.gov.lk/wp-content/uploads/2025/06/Foreign-Postal-Mail-Services-destinations-listed-JUN-2025-1.pdf,
phone,pass,Published phone: 0000000540 ,https://slpost.gov.lk/wp-content/uploads/2025/06/Foreign-Postal-Mail-Services-destinations-listed-JUN-2025-1.pdf,
phone,pass,Published phone: 0000000262 ,https://slpost.gov.lk/wp-content/uploads/2025/06/Foreign-Postal-Mail-Services-destinations-listed-JUN-2025-1.pdf,
phone,pass,Published phone: 0000001663 ,https://slpost.gov.lk/wp-content/uploads/2025/06/Foreign-Postal-Mail-Services-destinations-listed-JUN-2025-1.pdf,
phone,pass,Published phone: 0000001761 ,https://slpost.gov.lk/wp-content/uploads/2025/06/Foreign-Postal-Mail-Services-destinations-listed-JUN-2025-1.pdf,
phone,pass,Published phone: 0000001016 ,https://slpost.gov.lk/wp-content/uploads/2025/06/Foreign-Postal-Mail-Services-destinations-listed-JUN-2025-1.pdf,
phone,pass,Published phone: 0000000634 ,https://slpost.gov.lk/wp-content/uploads/2025/06/Foreign-Postal-Mail-Services-destinations-listed-JUN-2025-1.pdf,
phone,pass,Published phone: 0000000584 ,https://slpost.gov.lk/wp-content/uploads/2025/06/Foreign-Postal-Mail-Services-destinations-listed-JUN-2025-1.pdf,
phone,pass,Published phone: 0000001302 ,https://slpost.gov.lk/wp-content/uploads/2025/06/Foreign-Postal-Mail-Services-destinations-listed-JUN-2025-1.pdf,
phone,pass,Published phone: 0000001806 ,https://slpost.gov.lk/wp-content/uploads/2025/06/Foreign-Postal-Mail-Services-destinations-listed-JUN-2025-1.pdf,
phone,pass,Published phone: 0000001595 ,https://slpost.gov.lk/wp-content/uploads/2025/06/Foreign-Postal-Mail-Services-destinations-listed-JUN-2025-1.pdf,
phone,pass,Published phone: 0000001274 ,https://slpost.gov.lk/wp-content/uploads/2025/06/Foreign-Postal-Mail-Services-destinations-listed-JUN-2025-1.pdf,
phone,pass,Published phone: 0000001680 ,https://slpost.gov.lk/wp-content/uploads/2025/06/Foreign-Postal-Mail-Services-destinations-listed-JUN-2025-1.pdf,
phone,pass,Published phone: 0000000413 ,https://slpost.gov.lk/wp-content/uploads/2025/06/Foreign-Postal-Mail-Services-destinations-listed-JUN-2025-1.pdf,
phone,pass,Published phone: 0000001063 ,https://slpost.gov.lk/wp-content/uploads/2025/06/Foreign-Postal-Mail-Services-destinations-listed-JUN-2025-1.pdf,
phone,pass,Published phone: 0000000819 ,https://slpost.gov.lk/wp-content/uploads/2025/06/Foreign-Postal-Mail-Services-destinations-listed-JUN-2025-1.pdf,
phone,pass,Published phone: 0000000856 ,https://slpost.gov.lk/wp-content/uploads/2025/06/Foreign-Postal-Mail-Services-destinations-listed-JUN-2025-1.pdf,
phone,pass,Published phone: 0000000671 ,https://slpost.gov.lk/wp-content/uploads/2025/06/Foreign-Postal-Mail-Services-destinations-listed-JUN-2025-1.pdf,
phone,pass,Published phone: 0000000313 ,https://slpost.gov.lk/wp-content/uploads/2025/06/Foreign-Postal-Mail-Services-destinations-listed-JUN-2025-1.pdf,
phone,pass,Published phone: 0000000206 ,https://slpost.gov.lk/wp-content/uploads/2025/06/Foreign-Postal-Mail-Services-destinations-listed-JUN-2025-1.pdf,
phone,pass,Published phone: 0000000303 ,https://slpost.gov.lk/wp-content/uploads/2025/06/Foreign-Postal-Mail-Services-destinations-listed-JUN-2025-1.pdf,
phone,pass,Published phone: 0000000091 ,https://slpost.gov.lk/wp-content/uploads/2025/06/Foreign-Postal-Mail-Services-destinations-listed-JUN-2025-1.pdf,
phone,pass,Published phone: 0000000204 ,https://slpost.gov.lk/wp-content/uploads/2025/06/Foreign-Postal-Mail-Services-destinations-listed-JUN-2025-1.pdf,
phone,pass,Published phone: 0000001473 ,https://slpost.gov.lk/wp-content/uploads/2025/06/Foreign-Postal-Mail-Services-destinations-listed-JUN-2025-1.pdf,
phone,pass,Published phone: 0000001387 ,https://slpost.gov.lk/wp-content/uploads/2025/06/Foreign-Postal-Mail-Services-destinations-listed-JUN-2025-1.pdf,
phone,pass,Published phone: 0000001573 ,https://slpost.gov.lk/wp-content/uploads/2025/06/Foreign-Postal-Mail-Services-destinations-listed-JUN-2025-1.pdf,
phone,pass,Published phone: 0000000820 ,https://slpost.gov.lk/wp-content/uploads/2025/06/Foreign-Postal-Mail-Services-destinations-listed-JUN-2025-1.pdf,
phone,pass,Published phone: 0000001774 ,https://slpost.gov.lk/wp-content/uploads/2025/06/Foreign-Postal-Mail-Services-destinations-listed-JUN-2025-1.pdf,
phone,pass,Published phone: 0000001217 ,https://slpost.gov.lk/wp-content/uploads/2025/06/Foreign-Postal-Mail-Services-destinations-listed-JUN-2025-1.pdf,
phone,pass,Published phone: 0000001773 ,https://slpost.gov.lk/wp-content/uploads/2025/06/Foreign-Postal-Mail-Services-destinations-listed-JUN-2025-1.pdf,
phone,pass,Published phone: 0000001725 ,https://slpost.gov.lk/wp-content/uploads/2025/06/Foreign-Postal-Mail-Services-destinations-listed-JUN-2025-1.pdf,
phone,pass,Published phone: 0000001688 ,https://slpost.gov.lk/wp-content/uploads/2025/06/Foreign-Postal-Mail-Services-destinations-listed-JUN-2025-1.pdf,
phone,pass,Published phone: 0000001120 ,https://slpost.gov.lk/wp-content/uploads/2025/06/Foreign-Postal-Mail-Services-destinations-listed-JUN-2025-1.pdf,
phone,pass,Published phone: 0000000453 ,https://slpost.gov.lk/wp-content/uploads/2025/06/Foreign-Postal-Mail-Services-destinations-listed-JUN-2025-1.pdf,
phone,pass,Published phone: 0000000150 ,https://slpost.gov.lk/wp-content/uploads/2025/06/Foreign-Postal-Mail-Services-destinations-listed-JUN-2025-1.pdf,
phone,pass,Published phone: 0000001684 ,https://slpost.gov.lk/wp-content/uploads/2025/06/Foreign-Postal-Mail-Services-destinations-listed-JUN-2025-1.pdf,
phone,pass,Published phone: 0000001190 ,https://slpost.gov.lk/wp-content/uploads/2025/06/Foreign-Postal-Mail-Services-destinations-listed-JUN-2025-1.pdf,
phone,pass,Published phone: 0000000439 ,https://slpost.gov.lk/wp-content/uploads/2025/06/Foreign-Postal-Mail-Services-destinations-listed-JUN-2025-1.pdf,
phone,pass,Published phone: 0000001419 ,https://slpost.gov.lk/wp-content/uploads/2025/06/Foreign-Postal-Mail-Services-destinations-listed-JUN-2025-1.pdf,
phone,pass,Published phone: 0000000656 ,https://slpost.gov.lk/wp-content/uploads/2025/06/Foreign-Postal-Mail-Services-destinations-listed-JUN-2025-1.pdf,
phone,pass,Published phone: 0000000772 ,https://slpost.gov.lk/wp-content/uploads/2025/06/Foreign-Postal-Mail-Services-destinations-listed-JUN-2025-1.pdf,
phone,pass,Published phone: 0000001813 ,https://slpost.gov.lk/wp-content/uploads/2025/06/Foreign-Postal-Mail-Services-destinations-listed-JUN-2025-1.pdf,
phone,pass,Published phone: 0000523356 ,https://slpost.gov.lk/wp-content/uploads/2025/06/Foreign-Postal-Mail-Services-destinations-listed-JUN-2025-1.pdf,
phone,pass,Published phone: 0000000060 ,https://slpost.gov.lk/wp-content/uploads/2025/06/Foreign-Postal-Mail-Services-destinations-listed-JUN-2025-1.pdf,
phone,pass,Published phone: 0000000647 ,https://slpost.gov.lk/wp-content/uploads/2025/06/Foreign-Postal-Mail-Services-destinations-listed-JUN-2025-1.pdf,
phone,pass,Published phone: 0000000105 ,https://slpost.gov.lk/wp-content/uploads/2025/06/Foreign-Postal-Mail-Services-destinations-listed-JUN-2025-1.pdf,
phone,pass,Published phone: 0000001286 ,https://slpost.gov.lk/wp-content/uploads/2025/06/Foreign-Postal-Mail-Services-destinations-listed-JUN-2025-1.pdf,
phone,pass,Published phone: 0000000648 ,https://slpost.gov.lk/wp-content/uploads/2025/06/Foreign-Postal-Mail-Services-destinations-listed-JUN-2025-1.pdf,
phone,pass,Published phone: 0000001246 ,https://slpost.gov.lk/wp-content/uploads/2025/06/Foreign-Postal-Mail-Services-destinations-listed-JUN-2025-1.pdf,
phone,pass,Published phone: 0000001354 ,https://slpost.gov.lk/wp-content/uploads/2025/06/Foreign-Postal-Mail-Services-destinations-listed-JUN-2025-1.pdf,
phone,pass,Published phone: 0000001495 ,https://slpost.gov.lk/wp-content/uploads/2025/06/Foreign-Postal-Mail-Services-destinations-listed-JUN-2025-1.pdf,
phone,pass,Published phone: 0000000617 ,https://slpost.gov.lk/wp-content/uploads/2025/06/Foreign-Postal-Mail-Services-destinations-listed-JUN-2025-1.pdf,
phone,pass,Published phone: 0000001252 ,https://slpost.gov.lk/wp-content/uploads/2025/06/Foreign-Postal-Mail-Services-destinations-listed-JUN-2025-1.pdf,
phone,pass,Published phone: 0000001342 ,https://slpost.gov.lk/wp-content/uploads/2025/06/Foreign-Postal-Mail-Services-destinations-listed-JUN-2025-1.pdf,
phone,pass,Published phone: 0000001778 ,https://slpost.gov.lk/wp-content/uploads/2025/06/Foreign-Postal-Mail-Services-destinations-listed-JUN-2025-1.pdf,
phone,pass,Published phone: 0000000587 ,https://slpost.gov.lk/wp-content/uploads/2025/06/Foreign-Postal-Mail-Services-destinations-listed-JUN-2025-1.pdf,
phone,pass,Published phone: 0000000100 ,https://slpost.gov.lk/wp-content/uploads/2025/06/Foreign-Postal-Mail-Services-destinations-listed-JUN-2025-1.pdf,
phone,pass,Published phone: 0000209179 ,https://slpost.gov.lk/wp-content/uploads/2025/06/Foreign-Postal-Mail-Services-destinations-listed-JUN-2025-1.pdf,
phone,pass,Published phone: 0000001006 ,https://slpost.gov.lk/wp-content/uploads/2025/06/Foreign-Postal-Mail-Services-destinations-listed-JUN-2025-1.pdf,
phone,pass,Published phone: 0000000514 ,https://slpost.gov.lk/wp-content/uploads/2025/06/Foreign-Postal-Mail-Services-destinations-listed-JUN-2025-1.pdf,
phone,pass,Published phone: 0000001225 ,https://slpost.gov.lk/wp-content/uploads/2025/06/Foreign-Postal-Mail-Services-destinations-listed-JUN-2025-1.pdf,
phone,pass,Published phone: 0000000456 ,https://slpost.gov.lk/wp-content/uploads/2025/06/Foreign-Postal-Mail-Services-destinations-listed-JUN-2025-1.pdf,
phone,pass,Published phone: 0000000935 ,https://slpost.gov.lk/wp-content/uploads/2025/06/Foreign-Postal-Mail-Services-destinations-listed-JUN-2025-1.pdf,
phone,pass,Published phone: 0000001554 ,https://slpost.gov.lk/wp-content/uploads/2025/06/Foreign-Postal-Mail-Services-destinations-listed-JUN-2025-1.pdf,
phone,pass,Published phone: 0000000896 ,https://slpost.gov.lk/wp-content/uploads/2025/06/Foreign-Postal-Mail-Services-destinations-listed-JUN-2025-1.pdf,
phone,pass,Published phone: 0000000580 ,https://slpost.gov.lk/wp-content/uploads/2025/06/Foreign-Postal-Mail-Services-destinations-listed-JUN-2025-1.pdf,
phone,pass,Published phone: 0000001579 ,https://slpost.gov.lk/wp-content/uploads/2025/06/Foreign-Postal-Mail-Services-destinations-listed-JUN-2025-1.pdf,
phone,pass,Published phone: 0000001580 ,https://slpost.gov.lk/wp-content/uploads/2025/06/Foreign-Postal-Mail-Services-destinations-listed-JUN-2025-1.pdf,
phone,pass,Published phone: 0000000442 ,https://slpost.gov.lk/wp-content/uploads/2025/06/Foreign-Postal-Mail-Services-destinations-listed-JUN-2025-1.pdf,
phone,pass,Published phone: 0000000732 ,https://slpost.gov.lk/wp-content/uploads/2025/06/Foreign-Postal-Mail-Services-destinations-listed-JUN-2025-1.pdf,
phone,pass,Published phone: 0000001087 ,https://slpost.gov.lk/wp-content/uploads/2025/06/Foreign-Postal-Mail-Services-destinations-listed-JUN-2025-1.pdf,
phone,pass,Published phone: 0000001226 ,https://slpost.gov.lk/wp-content/uploads/2025/06/Foreign-Postal-Mail-Services-destinations-listed-JUN-2025-1.pdf,
phone,pass,Published phone: 0000001713 ,https://slpost.gov.lk/wp-content/uploads/2025/06/Foreign-Postal-Mail-Services-destinations-listed-JUN-2025-1.pdf,
phone,pass,Published phone: 0000001227 ,https://slpost.gov.lk/wp-content/uploads/2025/06/Foreign-Postal-Mail-Services-destinations-listed-JUN-2025-1.pdf,
phone,pass,Published phone: 0000001380 ,https://slpost.gov.lk/wp-content/uploads/2025/06/Foreign-Postal-Mail-Services-destinations-listed-JUN-2025-1.pdf,
phone,pass,Published phone: 0000001500 ,https://slpost.gov.lk/wp-content/uploads/2025/06/Foreign-Postal-Mail-Services-destinations-listed-JUN-2025-1.pdf,
phone,pass,Published phone: 0000209541 ,https://slpost.gov.lk/wp-content/uploads/2025/06/Foreign-Postal-Mail-Services-destinations-listed-JUN-2025-1.pdf,
phone,pass,Published phone: 0000000708 ,https://slpost.gov.lk/wp-content/uploads/2025/06/Foreign-Postal-Mail-Services-destinations-listed-JUN-2025-1.pdf,
phone,pass,Published phone: 0 0 0 0 0 0 0 579 ,https://slpost.gov.lk/wp-content/uploads/2025/06/Foreign-Postal-Mail-Services-destinations-listed-JUN-2025-1.pdf,
phone,pass,Published phone: 0000000596 ,https://slpost.gov.lk/wp-content/uploads/2025/06/Foreign-Postal-Mail-Services-destinations-listed-JUN-2025-1.pdf,
phone,pass,Published phone: 0000001340 ,https://slpost.gov.lk/wp-content/uploads/2025/06/Foreign-Postal-Mail-Services-destinations-listed-JUN-2025-1.pdf,
phone,pass,Published phone: 0 0 479 525 42,https://slpost.gov.lk/wp-content/uploads/2025/06/Foreign-Postal-Mail-Services-destinations-listed-JUN-2025-1.pdf,
phone,pass,Published phone: 0000000177 ,https://slpost.gov.lk/wp-content/uploads/2025/06/Foreign-Postal-Mail-Services-destinations-listed-JUN-2025-1.pdf,
phone,pass,Published phone: 0000001655 ,https://slpost.gov.lk/wp-content/uploads/2025/06/Foreign-Postal-Mail-Services-destinations-listed-JUN-2025-1.pdf,
phone,pass,Published phone: 0000001089 ,https://slpost.gov.lk/wp-content/uploads/2025/06/Foreign-Postal-Mail-Services-destinations-listed-JUN-2025-1.pdf,
phone,pass,Published phone: 0000000160 ,https://slpost.gov.lk/wp-content/uploads/2025/06/Foreign-Postal-Mail-Services-destinations-listed-JUN-2025-1.pdf,
phone,pass,Published phone: 0000000827 ,https://slpost.gov.lk/wp-content/uploads/2025/06/Foreign-Postal-Mail-Services-destinations-listed-JUN-2025-1.pdf,
phone,pass,Published phone: 0000000780 ,https://slpost.gov.lk/wp-content/uploads/2025/06/Foreign-Postal-Mail-Services-destinations-listed-JUN-2025-1.pdf,
phone,pass,Published phone: 0000001185 ,https://slpost.gov.lk/wp-content/uploads/2025/06/Foreign-Postal-Mail-Services-destinations-listed-JUN-2025-1.pdf,
phone,pass,Published phone: 0000000350 ,https://slpost.gov.lk/wp-content/uploads/2025/06/Foreign-Postal-Mail-Services-destinations-listed-JUN-2025-1.pdf,
phone,pass,Published phone: 0000001030 ,https://slpost.gov.lk/wp-content/uploads/2025/06/Foreign-Postal-Mail-Services-destinations-listed-JUN-2025-1.pdf,
phone,pass,Published phone: 0000000351 ,https://slpost.gov.lk/wp-content/uploads/2025/06/Foreign-Postal-Mail-Services-destinations-listed-JUN-2025-1.pdf,
phone,pass,Published phone: 0000000161 ,https://slpost.gov.lk/wp-content/uploads/2025/06/Foreign-Postal-Mail-Services-destinations-listed-JUN-2025-1.pdf,
phone,pass,Published phone: 0000000513 ,https://slpost.gov.lk/wp-content/uploads/2025/06/Foreign-Postal-Mail-Services-destinations-listed-JUN-2025-1.pdf,
phone,pass,Published phone: 0000000497 ,https://slpost.gov.lk/wp-content/uploads/2025/06/Foreign-Postal-Mail-Services-destinations-listed-JUN-2025-1.pdf,
phone,pass,Published phone: 0000000738 ,https://slpost.gov.lk/wp-content/uploads/2025/06/Foreign-Postal-Mail-Services-destinations-listed-JUN-2025-1.pdf,
phone,pass,Published phone: 0000001317 ,https://slpost.gov.lk/wp-content/uploads/2025/06/Foreign-Postal-Mail-Services-destinations-listed-JUN-2025-1.pdf,
phone,pass,Published phone: 0000000344 ,https://slpost.gov.lk/wp-content/uploads/2025/06/Foreign-Postal-Mail-Services-destinations-listed-JUN-2025-1.pdf,
phone,pass,Published phone: 0000000644 ,https://slpost.gov.lk/wp-content/uploads/2025/06/Foreign-Postal-Mail-Services-destinations-listed-JUN-2025-1.pdf,
phone,pass,Published phone: 0000000374 ,https://slpost.gov.lk/wp-content/uploads/2025/06/Foreign-Postal-Mail-Services-destinations-listed-JUN-2025-1.pdf,
phone,pass,Published phone: 0000000147 ,https://slpost.gov.lk/wp-content/uploads/2025/06/Foreign-Postal-Mail-Services-destinations-listed-JUN-2025-1.pdf,
phone,pass,Published phone: 0000001454 ,https://slpost.gov.lk/wp-content/uploads/2025/06/Foreign-Postal-Mail-Services-destinations-listed-JUN-2025-1.pdf,
phone,pass,Published phone: 0000000918 ,https://slpost.gov.lk/wp-content/uploads/2025/06/Foreign-Postal-Mail-Services-destinations-listed-JUN-2025-1.pdf,
phone,pass,Published phone: 0000000422 ,https://slpost.gov.lk/wp-content/uploads/2025/06/Foreign-Postal-Mail-Services-destinations-listed-JUN-2025-1.pdf,
phone,pass,Published phone: 0000000368 ,https://slpost.gov.lk/wp-content/uploads/2025/06/Foreign-Postal-Mail-Services-destinations-listed-JUN-2025-1.pdf,
phone,pass,Published phone: 0000000715 ,https://slpost.gov.lk/wp-content/uploads/2025/06/Foreign-Postal-Mail-Services-destinations-listed-JUN-2025-1.pdf,
phone,pass,Published phone: 0000000151 ,https://slpost.gov.lk/wp-content/uploads/2025/06/Foreign-Postal-Mail-Services-destinations-listed-JUN-2025-1.pdf,
phone,pass,Published phone: 0000000360 ,https://slpost.gov.lk/wp-content/uploads/2025/06/Foreign-Postal-Mail-Services-destinations-listed-JUN-2025-1.pdf,
phone,pass,Published phone: 0000000800 ,https://slpost.gov.lk/wp-content/uploads/2025/06/Foreign-Postal-Mail-Services-destinations-listed-JUN-2025-1.pdf,
phone,pass,Published phone: 0000000762 ,https://slpost.gov.lk/wp-content/uploads/2025/06/Foreign-Postal-Mail-Services-destinations-listed-JUN-2025-1.pdf,
phone,pass,Published phone: 0000000275 ,https://slpost.gov.lk/wp-content/uploads/2025/06/Foreign-Postal-Mail-Services-destinations-listed-JUN-2025-1.pdf,
phone,pass,Published phone: 0000000628 ,https://slpost.gov.lk/wp-content/uploads/2025/06/Foreign-Postal-Mail-Services-destinations-listed-JUN-2025-1.pdf,
phone,pass,Published phone: 0000001073 ,https://slpost.gov.lk/wp-content/uploads/2025/06/Foreign-Postal-Mail-Services-destinations-listed-JUN-2025-1.pdf,
phone,pass,Published phone: 0000001442 ,https://slpost.gov.lk/wp-content/uploads/2025/06/Foreign-Postal-Mail-Services-destinations-listed-JUN-2025-1.pdf,
phone,pass,Published phone: 0000001690 ,https://slpost.gov.lk/wp-content/uploads/2025/06/Foreign-Postal-Mail-Services-destinations-listed-JUN-2025-1.pdf,
phone,pass,Published phone: 0000000726 ,https://slpost.gov.lk/wp-content/uploads/2025/06/Foreign-Postal-Mail-Services-destinations-listed-JUN-2025-1.pdf,
phone,pass,Published phone: 0000001200 ,https://slpost.gov.lk/wp-content/uploads/2025/06/Foreign-Postal-Mail-Services-destinations-listed-JUN-2025-1.pdf,
phone,pass,Published phone: 0000001784 ,https://slpost.gov.lk/wp-content/uploads/2025/06/Foreign-Postal-Mail-Services-destinations-listed-JUN-2025-1.pdf,
phone,pass,Published phone: 0 0 855 645 65,https://slpost.gov.lk/wp-content/uploads/2025/06/Foreign-Postal-Mail-Services-destinations-listed-JUN-2025-1.pdf,
phone,pass,Published phone: 0000000872 ,https://slpost.gov.lk/wp-content/uploads/2025/06/Foreign-Postal-Mail-Services-destinations-listed-JUN-2025-1.pdf,
phone,pass,Published phone: 0000001498 ,https://slpost.gov.lk/wp-content/uploads/2025/06/Foreign-Postal-Mail-Services-destinations-listed-JUN-2025-1.pdf,
phone,pass,Published phone: 0000001694 ,https://slpost.gov.lk/wp-content/uploads/2025/06/Foreign-Postal-Mail-Services-destinations-listed-JUN-2025-1.pdf,
phone,pass,Published phone: 0000000481 ,https://slpost.gov.lk/wp-content/uploads/2025/06/Foreign-Postal-Mail-Services-destinations-listed-JUN-2025-1.pdf,
phone,pass,Published phone: 0000001790 ,https://slpost.gov.lk/wp-content/uploads/2025/06/Foreign-Postal-Mail-Services-destinations-listed-JUN-2025-1.pdf,
phone,pass,Published phone: 0000001512 ,https://slpost.gov.lk/wp-content/uploads/2025/06/Foreign-Postal-Mail-Services-destinations-listed-JUN-2025-1.pdf,
phone,pass,Published phone: 0000000843 ,https://slpost.gov.lk/wp-content/uploads/2025/06/Foreign-Postal-Mail-Services-destinations-listed-JUN-2025-1.pdf,
phone,pass,Published phone: 0000001446 ,https://slpost.gov.lk/wp-content/uploads/2025/06/Foreign-Postal-Mail-Services-destinations-listed-JUN-2025-1.pdf,
phone,pass,Published phone: 0000038229 ,https://slpost.gov.lk/wp-content/uploads/2025/06/Foreign-Postal-Mail-Services-destinations-listed-JUN-2025-1.pdf,
phone,pass,Published phone: 0000001562 ,https://slpost.gov.lk/wp-content/uploads/2025/06/Foreign-Postal-Mail-Services-destinations-listed-JUN-2025-1.pdf,
phone,pass,Published phone: 0000001746 ,https://slpost.gov.lk/wp-content/uploads/2025/06/Foreign-Postal-Mail-Services-destinations-listed-JUN-2025-1.pdf,
phone,pass,Published phone: 0000000314 ,https://slpost.gov.lk/wp-content/uploads/2025/06/Foreign-Postal-Mail-Services-destinations-listed-JUN-2025-1.pdf,
phone,pass,Published phone: 0000001569 ,https://slpost.gov.lk/wp-content/uploads/2025/06/Foreign-Postal-Mail-Services-destinations-listed-JUN-2025-1.pdf,
phone,pass,Published phone: 0000001098 ,https://slpost.gov.lk/wp-content/uploads/2025/06/Foreign-Postal-Mail-Services-destinations-listed-JUN-2025-1.pdf,
phone,pass,Published phone: 0000000597 ,https://slpost.gov.lk/wp-content/uploads/2025/06/Foreign-Postal-Mail-Services-destinations-listed-JUN-2025-1.pdf,
phone,pass,Published phone: 0000000956 ,https://slpost.gov.lk/wp-content/uploads/2025/06/Foreign-Postal-Mail-Services-destinations-listed-JUN-2025-1.pdf,
phone,pass,Published phone: 0000000487 ,https://slpost.gov.lk/wp-content/uploads/2025/06/Foreign-Postal-Mail-Services-destinations-listed-JUN-2025-1.pdf,
phone,pass,Published phone: 0000000418 ,https://slpost.gov.lk/wp-content/uploads/2025/06/Foreign-Postal-Mail-Services-destinations-listed-JUN-2025-1.pdf,
phone,pass,Published phone: 0000000039 ,https://slpost.gov.lk/wp-content/uploads/2025/06/Foreign-Postal-Mail-Services-destinations-listed-JUN-2025-1.pdf,
phone,pass,Published phone: 0000000239 ,https://slpost.gov.lk/wp-content/uploads/2025/06/Foreign-Postal-Mail-Services-destinations-listed-JUN-2025-1.pdf,
phone,pass,Published phone: 0000001572 ,https://slpost.gov.lk/wp-content/uploads/2025/06/Foreign-Postal-Mail-Services-destinations-listed-JUN-2025-1.pdf,
phone,pass,Published phone: 0000001619 ,https://slpost.gov.lk/wp-content/uploads/2025/06/Foreign-Postal-Mail-Services-destinations-listed-JUN-2025-1.pdf,
phone,pass,Published phone: 0000000568 ,https://slpost.gov.lk/wp-content/uploads/2025/06/Foreign-Postal-Mail-Services-destinations-listed-JUN-2025-1.pdf,
phone,pass,Published phone: 0000000485 ,https://slpost.gov.lk/wp-content/uploads/2025/06/Foreign-Postal-Mail-Services-destinations-listed-JUN-2025-1.pdf,
phone,pass,Published phone: 0000000859 ,https://slpost.gov.lk/wp-content/uploads/2025/06/Foreign-Postal-Mail-Services-destinations-listed-JUN-2025-1.pdf,
phone,pass,Published phone: 0000000789 ,https://slpost.gov.lk/wp-content/uploads/2025/06/Foreign-Postal-Mail-Services-destinations-listed-JUN-2025-1.pdf,
phone,pass,Published phone: 0000000779 ,https://slpost.gov.lk/wp-content/uploads/2025/06/Foreign-Postal-Mail-Services-destinations-listed-JUN-2025-1.pdf,
phone,pass,Published phone: 0000001642 ,https://slpost.gov.lk/wp-content/uploads/2025/06/Foreign-Postal-Mail-Services-destinations-listed-JUN-2025-1.pdf,
phone,pass,Published phone: 0000000793 ,https://slpost.gov.lk/wp-content/uploads/2025/06/Foreign-Postal-Mail-Services-destinations-listed-JUN-2025-1.pdf,
phone,pass,Published phone: 0000001105 ,https://slpost.gov.lk/wp-content/uploads/2025/06/Foreign-Postal-Mail-Services-destinations-listed-JUN-2025-1.pdf,
phone,pass,Published phone: 0000001667 ,https://slpost.gov.lk/wp-content/uploads/2025/06/Foreign-Postal-Mail-Services-destinations-listed-JUN-2025-1.pdf,
phone,pass,Published phone: 0000000377 ,https://slpost.gov.lk/wp-content/uploads/2025/06/Foreign-Postal-Mail-Services-destinations-listed-JUN-2025-1.pdf,
phone,pass,Published phone: 0000000334 ,https://slpost.gov.lk/wp-content/uploads/2025/06/Foreign-Postal-Mail-Services-destinations-listed-JUN-2025-1.pdf,
phone,pass,Published phone: 0000038547 ,https://slpost.gov.lk/wp-content/uploads/2025/06/Foreign-Postal-Mail-Services-destinations-listed-JUN-2025-1.pdf,
phone,pass,Published phone: 0000000915 ,https://slpost.gov.lk/wp-content/uploads/2025/06/Foreign-Postal-Mail-Services-destinations-listed-JUN-2025-1.pdf,
phone,pass,Published phone: 0000001541 ,https://slpost.gov.lk/wp-content/uploads/2025/06/Foreign-Postal-Mail-Services-destinations-listed-JUN-2025-1.pdf,
phone,pass,Published phone: 0000000186 ,https://slpost.gov.lk/wp-content/uploads/2025/06/Foreign-Postal-Mail-Services-destinations-listed-JUN-2025-1.pdf,
phone,pass,Published phone: 0000000863 ,https://slpost.gov.lk/wp-content/uploads/2025/06/Foreign-Postal-Mail-Services-destinations-listed-JUN-2025-1.pdf,
phone,pass,Published phone: 0000000834 ,https://slpost.gov.lk/wp-content/uploads/2025/06/Foreign-Postal-Mail-Services-destinations-listed-JUN-2025-1.pdf,
phone,pass,Published phone: 0000001390 ,https://slpost.gov.lk/wp-content/uploads/2025/06/Foreign-Postal-Mail-Services-destinations-listed-JUN-2025-1.pdf,
phone,pass,Published phone: 0000001674 ,https://slpost.gov.lk/wp-content/uploads/2025/06/Foreign-Postal-Mail-Services-destinations-listed-JUN-2025-1.pdf,
phone,pass,Published phone: 0000000097 ,https://slpost.gov.lk/wp-content/uploads/2025/06/Foreign-Postal-Mail-Services-destinations-listed-JUN-2025-1.pdf,
phone,pass,Published phone: 0000000193 ,https://slpost.gov.lk/wp-content/uploads/2025/06/Foreign-Postal-Mail-Services-destinations-listed-JUN-2025-1.pdf,
phone,pass,Published phone: 0000001662 ,https://slpost.gov.lk/wp-content/uploads/2025/06/Foreign-Postal-Mail-Services-destinations-listed-JUN-2025-1.pdf,
phone,pass,Published phone: 00036 65535 ,https://slpost.gov.lk/wp-content/uploads/2025/06/Foreign-Postal-Mail-Services-destinations-listed-JUN-2025-1.pdf,
phone,pass,Published phone: 0000000141 ,https://slpost.gov.lk/wp-content/uploads/2025/06/Foreign-Postal-Mail-Services-destinations-listed-JUN-2025-1.pdf,
phone,pass,Published phone: 0000001621 ,https://slpost.gov.lk/wp-content/uploads/2025/06/Foreign-Postal-Mail-Services-destinations-listed-JUN-2025-1.pdf,
phone,pass,Published phone: 0000024849 ,https://slpost.gov.lk/wp-content/uploads/2025/06/Foreign-Postal-Mail-Services-destinations-listed-JUN-2025-1.pdf,
phone,pass,Published phone: 0000000232 ,https://slpost.gov.lk/wp-content/uploads/2025/06/Foreign-Postal-Mail-Services-destinations-listed-JUN-2025-1.pdf,
phone,pass,Published phone: 0000000336 ,https://slpost.gov.lk/wp-content/uploads/2025/06/Foreign-Postal-Mail-Services-destinations-listed-JUN-2025-1.pdf,
phone,pass,Published phone: 0000000977 ,https://slpost.gov.lk/wp-content/uploads/2025/06/Foreign-Postal-Mail-Services-destinations-listed-JUN-2025-1.pdf,
phone,pass,Published phone: 0000000470 ,https://slpost.gov.lk/wp-content/uploads/2025/06/Foreign-Postal-Mail-Services-destinations-listed-JUN-2025-1.pdf,
phone,pass,Published phone: 0000001430 ,https://slpost.gov.lk/wp-content/uploads/2025/06/Foreign-Postal-Mail-Services-destinations-listed-JUN-2025-1.pdf,
phone,pass,Published phone: 0000001691 ,https://slpost.gov.lk/wp-content/uploads/2025/06/Foreign-Postal-Mail-Services-destinations-listed-JUN-2025-1.pdf,
phone,pass,Published phone: 0000000626 ,https://slpost.gov.lk/wp-content/uploads/2025/06/Foreign-Postal-Mail-Services-destinations-listed-JUN-2025-1.pdf,
phone,pass,Published phone: 0000001022 ,https://slpost.gov.lk/wp-content/uploads/2025/06/Foreign-Postal-Mail-Services-destinations-listed-JUN-2025-1.pdf,
phone,pass,Published phone: 0000000145 ,https://slpost.gov.lk/wp-content/uploads/2025/06/Foreign-Postal-Mail-Services-destinations-listed-JUN-2025-1.pdf,
phone,pass,Published phone: 0000000128 ,https://slpost.gov.lk/wp-content/uploads/2025/06/Foreign-Postal-Mail-Services-destinations-listed-JUN-2025-1.pdf,
phone,pass,Published phone: 0000001639 ,https://slpost.gov.lk/wp-content/uploads/2025/06/Foreign-Postal-Mail-Services-destinations-listed-JUN-2025-1.pdf,
phone,pass,Published phone: 0000001290 ,https://slpost.gov.lk/wp-content/uploads/2025/06/Foreign-Postal-Mail-Services-destinations-listed-JUN-2025-1.pdf,
phone,pass,Published phone: 0000000591 ,https://slpost.gov.lk/wp-content/uploads/2025/06/Foreign-Postal-Mail-Services-destinations-listed-JUN-2025-1.pdf,
phone,pass,Published phone: 0000000776 ,https://slpost.gov.lk/wp-content/uploads/2025/06/Foreign-Postal-Mail-Services-destinations-listed-JUN-2025-1.pdf,
phone,pass,Published phone: 0000042291 ,https://slpost.gov.lk/wp-content/uploads/2025/06/Foreign-Postal-Mail-Services-destinations-listed-JUN-2025-1.pdf,
phone,pass,Published phone: 0000001039 ,https://slpost.gov.lk/wp-content/uploads/2025/06/Foreign-Postal-Mail-Services-destinations-listed-JUN-2025-1.pdf,
phone,pass,Published phone: 0000001284 ,https://slpost.gov.lk/wp-content/uploads/2025/06/Foreign-Postal-Mail-Services-destinations-listed-JUN-2025-1.pdf,
phone,pass,Published phone: 0000001128 ,https://slpost.gov.lk/wp-content/uploads/2025/06/Foreign-Postal-Mail-Services-destinations-listed-JUN-2025-1.pdf,
phone,pass,Published phone: 0000000073 ,https://slpost.gov.lk/wp-content/uploads/2025/06/Foreign-Postal-Mail-Services-destinations-listed-JUN-2025-1.pdf,
phone,pass,Published phone: 0000000885 ,https://slpost.gov.lk/wp-content/uploads/2025/06/Foreign-Postal-Mail-Services-destinations-listed-JUN-2025-1.pdf,
phone,pass,Published phone: 0000000658 ,https://slpost.gov.lk/wp-content/uploads/2025/06/Foreign-Postal-Mail-Services-destinations-listed-JUN-2025-1.pdf,
phone,pass,Published phone: 0000001263 ,https://slpost.gov.lk/wp-content/uploads/2025/06/Foreign-Postal-Mail-Services-destinations-listed-JUN-2025-1.pdf,
phone,pass,Published phone: 0000001365 ,https://slpost.gov.lk/wp-content/uploads/2025/06/Foreign-Postal-Mail-Services-destinations-listed-JUN-2025-1.pdf,
phone,pass,Published phone: 0000000433 ,https://slpost.gov.lk/wp-content/uploads/2025/06/Foreign-Postal-Mail-Services-destinations-listed-JUN-2025-1.pdf,
phone,pass,Published phone: 0000000263 ,https://slpost.gov.lk/wp-content/uploads/2025/06/Foreign-Postal-Mail-Services-destinations-listed-JUN-2025-1.pdf,
phone,pass,Published phone: 0000001164 ,https://slpost.gov.lk/wp-content/uploads/2025/06/Foreign-Postal-Mail-Services-destinations-listed-JUN-2025-1.pdf,
phone,pass,Published phone: 0000000899 ,https://slpost.gov.lk/wp-content/uploads/2025/06/Foreign-Postal-Mail-Services-destinations-listed-JUN-2025-1.pdf,
phone,pass,Published phone: 0000000574 ,https://slpost.gov.lk/wp-content/uploads/2025/06/Foreign-Postal-Mail-Services-destinations-listed-JUN-2025-1.pdf,
phone,pass,Published phone: 0000001367 ,https://slpost.gov.lk/wp-content/uploads/2025/06/Foreign-Postal-Mail-Services-destinations-listed-JUN-2025-1.pdf,
phone,pass,Published phone: 0000000594 ,https://slpost.gov.lk/wp-content/uploads/2025/06/Foreign-Postal-Mail-Services-destinations-listed-JUN-2025-1.pdf,
phone,pass,Published phone: 0000001266 ,https://slpost.gov.lk/wp-content/uploads/2025/06/Foreign-Postal-Mail-Services-destinations-listed-JUN-2025-1.pdf,
phone,pass,Published phone: 0000000873 ,https://slpost.gov.lk/wp-content/uploads/2025/06/Foreign-Postal-Mail-Services-destinations-listed-JUN-2025-1.pdf,
phone,pass,Published phone: 0000001472 ,https://slpost.gov.lk/wp-content/uploads/2025/06/Foreign-Postal-Mail-Services-destinations-listed-JUN-2025-1.pdf,
phone,pass,Published phone: 0000001421 ,https://slpost.gov.lk/wp-content/uploads/2025/06/Foreign-Postal-Mail-Services-destinations-listed-JUN-2025-1.pdf,
phone,pass,Published phone: 0000001740 ,https://slpost.gov.lk/wp-content/uploads/2025/06/Foreign-Postal-Mail-Services-destinations-listed-JUN-2025-1.pdf,
phone,pass,Published phone: 0000000627 ,https://slpost.gov.lk/wp-content/uploads/2025/06/Foreign-Postal-Mail-Services-destinations-listed-JUN-2025-1.pdf,
phone,pass,Published phone: 0000000611 ,https://slpost.gov.lk/wp-content/uploads/2025/06/Foreign-Postal-Mail-Services-destinations-listed-JUN-2025-1.pdf,
phone,pass,Published phone: 0000001819 ,https://slpost.gov.lk/wp-content/uploads/2025/06/Foreign-Postal-Mail-Services-destinations-listed-JUN-2025-1.pdf,
phone,pass,Published phone: 0000001163 ,https://slpost.gov.lk/wp-content/uploads/2025/06/Foreign-Postal-Mail-Services-destinations-listed-JUN-2025-1.pdf,
phone,pass,Published phone: 0000424845 ,https://slpost.gov.lk/wp-content/uploads/2025/06/Foreign-Postal-Mail-Services-destinations-listed-JUN-2025-1.pdf,
phone,pass,Published phone: 0000001575 ,https://slpost.gov.lk/wp-content/uploads/2025/06/Foreign-Postal-Mail-Services-destinations-listed-JUN-2025-1.pdf,
phone,pass,Published phone: 0000001413 ,https://slpost.gov.lk/wp-content/uploads/2025/06/Foreign-Postal-Mail-Services-destinations-listed-JUN-2025-1.pdf,
phone,pass,Published phone: 0000000361 ,https://slpost.gov.lk/wp-content/uploads/2025/06/Foreign-Postal-Mail-Services-destinations-listed-JUN-2025-1.pdf,
phone,pass,Published phone: 0000000886 ,https://slpost.gov.lk/wp-content/uploads/2025/06/Foreign-Postal-Mail-Services-destinations-listed-JUN-2025-1.pdf,
phone,pass,Published phone: 0000001612 ,https://slpost.gov.lk/wp-content/uploads/2025/06/Foreign-Postal-Mail-Services-destinations-listed-JUN-2025-1.pdf,
phone,pass,Published phone: 0000000721 ,https://slpost.gov.lk/wp-content/uploads/2025/06/Foreign-Postal-Mail-Services-destinations-listed-JUN-2025-1.pdf,
phone,pass,Published phone: 0000000233 ,https://slpost.gov.lk/wp-content/uploads/2025/06/Foreign-Postal-Mail-Services-destinations-listed-JUN-2025-1.pdf,
phone,pass,Published phone: 0000000200 ,https://slpost.gov.lk/wp-content/uploads/2025/06/Foreign-Postal-Mail-Services-destinations-listed-JUN-2025-1.pdf,
phone,pass,Published phone: 0000001283 ,https://slpost.gov.lk/wp-content/uploads/2025/06/Foreign-Postal-Mail-Services-destinations-listed-JUN-2025-1.pdf,
phone,pass,Published phone: 0000014303 ,https://slpost.gov.lk/wp-content/uploads/2025/06/Foreign-Postal-Mail-Services-destinations-listed-JUN-2025-1.pdf,
phone,pass,Published phone: 0000013059 ,https://slpost.gov.lk/wp-content/uploads/2025/06/Foreign-Postal-Mail-Services-destinations-listed-JUN-2025-1.pdf,
phone,pass,Published phone: 0000000118 ,https://slpost.gov.lk/wp-content/uploads/2025/06/Foreign-Postal-Mail-Services-destinations-listed-JUN-2025-1.pdf,
phone,pass,Published phone: 0000000405 ,https://slpost.gov.lk/wp-content/uploads/2025/06/Foreign-Postal-Mail-Services-destinations-listed-JUN-2025-1.pdf,
phone,pass,Published phone: 0000000123 ,https://slpost.gov.lk/wp-content/uploads/2025/06/Foreign-Postal-Mail-Services-destinations-listed-JUN-2025-1.pdf,
phone,pass,Published phone: 0000001686 ,https://slpost.gov.lk/wp-content/uploads/2025/06/Foreign-Postal-Mail-Services-destinations-listed-JUN-2025-1.pdf,
phone,pass,Published phone: 0000001170 ,https://slpost.gov.lk/wp-content/uploads/2025/06/Foreign-Postal-Mail-Services-destinations-listed-JUN-2025-1.pdf,
phone,pass,Published phone: 0000001036 ,https://slpost.gov.lk/wp-content/uploads/2025/06/Foreign-Postal-Mail-Services-destinations-listed-JUN-2025-1.pdf,
phone,pass,Published phone: 0000000163 ,https://slpost.gov.lk/wp-content/uploads/2025/06/Foreign-Postal-Mail-Services-destinations-listed-JUN-2025-1.pdf,
phone,pass,Published phone: 0000001097 ,https://slpost.gov.lk/wp-content/uploads/2025/06/Foreign-Postal-Mail-Services-destinations-listed-JUN-2025-1.pdf,
phone,pass,Published phone: 0000000179 ,https://slpost.gov.lk/wp-content/uploads/2025/06/Foreign-Postal-Mail-Services-destinations-listed-JUN-2025-1.pdf,
phone,pass,Published phone: 0000001331 ,https://slpost.gov.lk/wp-content/uploads/2025/06/Foreign-Postal-Mail-Services-destinations-listed-JUN-2025-1.pdf,
phone,pass,Published phone: 0000001364 ,https://slpost.gov.lk/wp-content/uploads/2025/06/Foreign-Postal-Mail-Services-destinations-listed-JUN-2025-1.pdf,
phone,pass,Published phone: 0000000566 ,https://slpost.gov.lk/wp-content/uploads/2025/06/Foreign-Postal-Mail-Services-destinations-listed-JUN-2025-1.pdf,
phone,pass,Published phone: 0000000572 ,https://slpost.gov.lk/wp-content/uploads/2025/06/Foreign-Postal-Mail-Services-destinations-listed-JUN-2025-1.pdf,
phone,pass,Published phone: 0000000455 ,https://slpost.gov.lk/wp-content/uploads/2025/06/Foreign-Postal-Mail-Services-destinations-listed-JUN-2025-1.pdf,
phone,pass,Published phone: 0000001375 ,https://slpost.gov.lk/wp-content/uploads/2025/06/Foreign-Postal-Mail-Services-destinations-listed-JUN-2025-1.pdf,
phone,pass,Published phone: 0000001422 ,https://slpost.gov.lk/wp-content/uploads/2025/06/Foreign-Postal-Mail-Services-destinations-listed-JUN-2025-1.pdf,
phone,pass,Published phone: 0000001280 ,https://slpost.gov.lk/wp-content/uploads/2025/06/Foreign-Postal-Mail-Services-destinations-listed-JUN-2025-1.pdf,
phone,pass,Published phone: 0000000790 ,https://slpost.gov.lk/wp-content/uploads/2025/06/Foreign-Postal-Mail-Services-destinations-listed-JUN-2025-1.pdf,
phone,pass,Published phone: 0000001832 ,https://slpost.gov.lk/wp-content/uploads/2025/06/Foreign-Postal-Mail-Services-destinations-listed-JUN-2025-1.pdf,
phone,pass,Published phone: 0000000760 ,https://slpost.gov.lk/wp-content/uploads/2025/06/Foreign-Postal-Mail-Services-destinations-listed-JUN-2025-1.pdf,
phone,pass,Published phone: 0000001614 ,https://slpost.gov.lk/wp-content/uploads/2025/06/Foreign-Postal-Mail-Services-destinations-listed-JUN-2025-1.pdf,
phone,pass,Published phone: 0000001743 ,https://slpost.gov.lk/wp-content/uploads/2025/06/Foreign-Postal-Mail-Services-destinations-listed-JUN-2025-1.pdf,
phone,pass,Published phone: 0000000449 ,https://slpost.gov.lk/wp-content/uploads/2025/06/Foreign-Postal-Mail-Services-destinations-listed-JUN-2025-1.pdf,
phone,pass,Published phone: 0000000187 ,https://slpost.gov.lk/wp-content/uploads/2025/06/Foreign-Postal-Mail-Services-destinations-listed-JUN-2025-1.pdf,
phone,pass,Published phone: 0000000959 ,https://slpost.gov.lk/wp-content/uploads/2025/06/Foreign-Postal-Mail-Services-destinations-listed-JUN-2025-1.pdf,
phone,pass,Published phone: 0000000654 ,https://slpost.gov.lk/wp-content/uploads/2025/06/Foreign-Postal-Mail-Services-destinations-listed-JUN-2025-1.pdf,
phone,pass,Published phone: 0000001051 ,https://slpost.gov.lk/wp-content/uploads/2025/06/Foreign-Postal-Mail-Services-destinations-listed-JUN-2025-1.pdf,
phone,pass,Published phone: 0000001145 ,https://slpost.gov.lk/wp-content/uploads/2025/06/Foreign-Postal-Mail-Services-destinations-listed-JUN-2025-1.pdf,
phone,pass,Published phone: 0000000559 ,https://slpost.gov.lk/wp-content/uploads/2025/06/Foreign-Postal-Mail-Services-destinations-listed-JUN-2025-1.pdf,
phone,pass,Published phone: 0000000900 ,https://slpost.gov.lk/wp-content/uploads/2025/06/Foreign-Postal-Mail-Services-destinations-listed-JUN-2025-1.pdf,
phone,pass,Published phone: 0000001440 ,https://slpost.gov.lk/wp-content/uploads/2025/06/Foreign-Postal-Mail-Services-destinations-listed-JUN-2025-1.pdf,
phone,pass,Published phone: 0000000931 ,https://slpost.gov.lk/wp-content/uploads/2025/06/Foreign-Postal-Mail-Services-destinations-listed-JUN-2025-1.pdf,
phone,pass,Published phone: 0000001231 ,https://slpost.gov.lk/wp-content/uploads/2025/06/Foreign-Postal-Mail-Services-destinations-listed-JUN-2025-1.pdf,
phone,pass,Published phone: 0000001027 ,https://slpost.gov.lk/wp-content/uploads/2025/06/Foreign-Postal-Mail-Services-destinations-listed-JUN-2025-1.pdf,
phone,pass,Published phone: 0000000226 ,https://slpost.gov.lk/wp-content/uploads/2025/06/Foreign-Postal-Mail-Services-destinations-listed-JUN-2025-1.pdf,
phone,pass,Published phone: 0000000851 ,https://slpost.gov.lk/wp-content/uploads/2025/06/Foreign-Postal-Mail-Services-destinations-listed-JUN-2025-1.pdf,
phone,pass,Published phone: 0000000837 ,https://slpost.gov.lk/wp-content/uploads/2025/06/Foreign-Postal-Mail-Services-destinations-listed-JUN-2025-1.pdf,
phone,pass,Published phone: 0000001344 ,https://slpost.gov.lk/wp-content/uploads/2025/06/Foreign-Postal-Mail-Services-destinations-listed-JUN-2025-1.pdf,
phone,pass,Published phone: 0000001111 ,https://slpost.gov.lk/wp-content/uploads/2025/06/Foreign-Postal-Mail-Services-destinations-listed-JUN-2025-1.pdf,
phone,pass,Published phone: 0000001880 ,https://slpost.gov.lk/wp-content/uploads/2025/06/Foreign-Postal-Mail-Services-destinations-listed-JUN-2025-1.pdf,
phone,pass,Published phone: 0000000576 ,https://slpost.gov.lk/wp-content/uploads/2025/06/Foreign-Postal-Mail-Services-destinations-listed-JUN-2025-1.pdf,
phone,pass,Published phone: 0000001258 ,https://slpost.gov.lk/wp-content/uploads/2025/06/Foreign-Postal-Mail-Services-destinations-listed-JUN-2025-1.pdf,
phone,pass,Published phone: 0000000414 ,https://slpost.gov.lk/wp-content/uploads/2025/06/Foreign-Postal-Mail-Services-destinations-listed-JUN-2025-1.pdf,
phone,pass,Published phone: 0000000876 ,https://slpost.gov.lk/wp-content/uploads/2025/06/Foreign-Postal-Mail-Services-destinations-listed-JUN-2025-1.pdf,
phone,pass,Published phone: 0000000353 ,https://slpost.gov.lk/wp-content/uploads/2025/06/Foreign-Postal-Mail-Services-destinations-listed-JUN-2025-1.pdf,
phone,pass,Published phone: 0000000053 ,https://slpost.gov.lk/wp-content/uploads/2025/06/Foreign-Postal-Mail-Services-destinations-listed-JUN-2025-1.pdf,
phone,pass,Published phone: 0000000304 ,https://slpost.gov.lk/wp-content/uploads/2025/06/Foreign-Postal-Mail-Services-destinations-listed-JUN-2025-1.pdf,
phone,pass,Published phone: 0000000655 ,https://slpost.gov.lk/wp-content/uploads/2025/06/Foreign-Postal-Mail-Services-destinations-listed-JUN-2025-1.pdf,
phone,pass,Published phone: 0000000421 ,https://slpost.gov.lk/wp-content/uploads/2025/06/Foreign-Postal-Mail-Services-destinations-listed-JUN-2025-1.pdf,
phone,pass,Published phone: 0000000440 ,https://slpost.gov.lk/wp-content/uploads/2025/06/Foreign-Postal-Mail-Services-destinations-listed-JUN-2025-1.pdf,
phone,pass,Published phone: 0000001533 ,https://slpost.gov.lk/wp-content/uploads/2025/06/Foreign-Postal-Mail-Services-destinations-listed-JUN-2025-1.pdf,
phone,pass,Published phone: 0000000502 ,https://slpost.gov.lk/wp-content/uploads/2025/06/Foreign-Postal-Mail-Services-destinations-listed-JUN-2025-1.pdf,
phone,pass,Published phone: 0000000082 ,https://slpost.gov.lk/wp-content/uploads/2025/06/Foreign-Postal-Mail-Services-destinations-listed-JUN-2025-1.pdf,
phone,pass,Published phone: 0000000114 ,https://slpost.gov.lk/wp-content/uploads/2025/06/Foreign-Postal-Mail-Services-destinations-listed-JUN-2025-1.pdf,
phone,pass,Published phone: 0000001723 ,https://slpost.gov.lk/wp-content/uploads/2025/06/Foreign-Postal-Mail-Services-destinations-listed-JUN-2025-1.pdf,
phone,pass,Published phone: 0000001767 ,https://slpost.gov.lk/wp-content/uploads/2025/06/Foreign-Postal-Mail-Services-destinations-listed-JUN-2025-1.pdf,
phone,pass,Published phone: 0000001018 ,https://slpost.gov.lk/wp-content/uploads/2025/06/Foreign-Postal-Mail-Services-destinations-listed-JUN-2025-1.pdf,
phone,pass,Published phone: 0000001205 ,https://slpost.gov.lk/wp-content/uploads/2025/06/Foreign-Postal-Mail-Services-destinations-listed-JUN-2025-1.pdf,
phone,pass,Published phone: 0000000830 ,https://slpost.gov.lk/wp-content/uploads/2025/06/Foreign-Postal-Mail-Services-destinations-listed-JUN-2025-1.pdf,
phone,pass,Published phone: 0000000490 ,https://slpost.gov.lk/wp-content/uploads/2025/06/Foreign-Postal-Mail-Services-destinations-listed-JUN-2025-1.pdf,
phone,pass,Published phone: 0000000883 ,https://slpost.gov.lk/wp-content/uploads/2025/06/Foreign-Postal-Mail-Services-destinations-listed-JUN-2025-1.pdf,
phone,pass,Published phone: 0000000649 ,https://slpost.gov.lk/wp-content/uploads/2025/06/Foreign-Postal-Mail-Services-destinations-listed-JUN-2025-1.pdf,
phone,pass,Published phone: 0000001362 ,https://slpost.gov.lk/wp-content/uploads/2025/06/Foreign-Postal-Mail-Services-destinations-listed-JUN-2025-1.pdf,
phone,pass,Published phone: 0000001049 ,https://slpost.gov.lk/wp-content/uploads/2025/06/Foreign-Postal-Mail-Services-destinations-listed-JUN-2025-1.pdf,
phone,pass,Published phone: 0000000493 ,https://slpost.gov.lk/wp-content/uploads/2025/06/Foreign-Postal-Mail-Services-destinations-listed-JUN-2025-1.pdf,
phone,pass,Published phone: 0000001834 ,https://slpost.gov.lk/wp-content/uploads/2025/06/Foreign-Postal-Mail-Services-destinations-listed-JUN-2025-1.pdf,
phone,pass,Published phone: 0000001270 ,https://slpost.gov.lk/wp-content/uploads/2025/06/Foreign-Postal-Mail-Services-destinations-listed-JUN-2025-1.pdf,
phone,pass,Published phone: 0000000046 ,https://slpost.gov.lk/wp-content/uploads/2025/06/Foreign-Postal-Mail-Services-destinations-listed-JUN-2025-1.pdf,
phone,pass,Published phone: 0000014467 ,https://slpost.gov.lk/wp-content/uploads/2025/06/Foreign-Postal-Mail-Services-destinations-listed-JUN-2025-1.pdf,
phone,pass,Published phone: 05 471 525 23,https://slpost.gov.lk/wp-content/uploads/2025/06/Foreign-Postal-Mail-Services-destinations-listed-JUN-2025-1.pdf,
phone,pass,Published phone: 0000001427 ,https://slpost.gov.lk/wp-content/uploads/2025/06/Foreign-Postal-Mail-Services-destinations-listed-JUN-2025-1.pdf,
phone,pass,Published phone: 0000001538 ,https://slpost.gov.lk/wp-content/uploads/2025/06/Foreign-Postal-Mail-Services-destinations-listed-JUN-2025-1.pdf,
phone,pass,Published phone: 0000000535 ,https://slpost.gov.lk/wp-content/uploads/2025/06/Foreign-Postal-Mail-Services-destinations-listed-JUN-2025-1.pdf,
phone,pass,Published phone: 0000001095 ,https://slpost.gov.lk/wp-content/uploads/2025/06/Foreign-Postal-Mail-Services-destinations-listed-JUN-2025-1.pdf,
phone,pass,Published phone: 0000000066 ,https://slpost.gov.lk/wp-content/uploads/2025/06/Foreign-Postal-Mail-Services-destinations-listed-JUN-2025-1.pdf,
phone,pass,Published phone: 0000000652 ,https://slpost.gov.lk/wp-content/uploads/2025/06/Foreign-Postal-Mail-Services-destinations-listed-JUN-2025-1.pdf,
phone,pass,Published phone: 0000000787 ,https://slpost.gov.lk/wp-content/uploads/2025/06/Foreign-Postal-Mail-Services-destinations-listed-JUN-2025-1.pdf,
phone,pass,Published phone: 0000000183 ,https://slpost.gov.lk/wp-content/uploads/2025/06/Foreign-Postal-Mail-Services-destinations-listed-JUN-2025-1.pdf,
phone,pass,Published phone: 0000001306 ,https://slpost.gov.lk/wp-content/uploads/2025/06/Foreign-Postal-Mail-Services-destinations-listed-JUN-2025-1.pdf,
phone,pass,Published phone: 0000001292 ,https://slpost.gov.lk/wp-content/uploads/2025/06/Foreign-Postal-Mail-Services-destinations-listed-JUN-2025-1.pdf,
phone,pass,Published phone: 0000000378 ,https://slpost.gov.lk/wp-content/uploads/2025/06/Foreign-Postal-Mail-Services-destinations-listed-JUN-2025-1.pdf,
phone,pass,Published phone: 0000001803 ,https://slpost.gov.lk/wp-content/uploads/2025/06/Foreign-Postal-Mail-Services-destinations-listed-JUN-2025-1.pdf,
phone,pass,Published phone: 0000001127 ,https://slpost.gov.lk/wp-content/uploads/2025/06/Foreign-Postal-Mail-Services-destinations-listed-JUN-2025-1.pdf,
phone,pass,Published phone: 0000001414 ,https://slpost.gov.lk/wp-content/uploads/2025/06/Foreign-Postal-Mail-Services-destinations-listed-JUN-2025-1.pdf,
phone,pass,Published phone: 0000001585 ,https://slpost.gov.lk/wp-content/uploads/2025/06/Foreign-Postal-Mail-Services-destinations-listed-JUN-2025-1.pdf,
phone,pass,Published phone: 0000000897 ,https://slpost.gov.lk/wp-content/uploads/2025/06/Foreign-Postal-Mail-Services-destinations-listed-JUN-2025-1.pdf,
phone,pass,Published phone: 0000000126 ,https://slpost.gov.lk/wp-content/uploads/2025/06/Foreign-Postal-Mail-Services-destinations-listed-JUN-2025-1.pdf,
phone,pass,Published phone: 0000001112 ,https://slpost.gov.lk/wp-content/uploads/2025/06/Foreign-Postal-Mail-Services-destinations-listed-JUN-2025-1.pdf,
phone,pass,Published phone: 0000000463 ,https://slpost.gov.lk/wp-content/uploads/2025/06/Foreign-Postal-Mail-Services-destinations-listed-JUN-2025-1.pdf,
phone,pass,Published phone: 0000001734 ,https://slpost.gov.lk/wp-content/uploads/2025/06/Foreign-Postal-Mail-Services-destinations-listed-JUN-2025-1.pdf,
phone,pass,Published phone: 0000000985 ,https://slpost.gov.lk/wp-content/uploads/2025/06/Foreign-Postal-Mail-Services-destinations-listed-JUN-2025-1.pdf,
phone,pass,Published phone: 0000000287 ,https://slpost.gov.lk/wp-content/uploads/2025/06/Foreign-Postal-Mail-Services-destinations-listed-JUN-2025-1.pdf,
phone,pass,Published phone: 0000000358 ,https://slpost.gov.lk/wp-content/uploads/2025/06/Foreign-Postal-Mail-Services-destinations-listed-JUN-2025-1.pdf,
phone,pass,Published phone: 0000000282 ,https://slpost.gov.lk/wp-content/uploads/2025/06/Foreign-Postal-Mail-Services-destinations-listed-JUN-2025-1.pdf,
phone,pass,Published phone: 0000000195 ,https://slpost.gov.lk/wp-content/uploads/2025/06/Foreign-Postal-Mail-Services-destinations-listed-JUN-2025-1.pdf,
phone,pass,Published phone: 0000001196 ,https://slpost.gov.lk/wp-content/uploads/2025/06/Foreign-Postal-Mail-Services-destinations-listed-JUN-2025-1.pdf,
phone,pass,Published phone: 0000001249 ,https://slpost.gov.lk/wp-content/uploads/2025/06/Foreign-Postal-Mail-Services-destinations-listed-JUN-2025-1.pdf,
phone,pass,Published phone: 0000000557 ,https://slpost.gov.lk/wp-content/uploads/2025/06/Foreign-Postal-Mail-Services-destinations-listed-JUN-2025-1.pdf,
phone,pass,Published phone: 0000000578 ,https://slpost.gov.lk/wp-content/uploads/2025/06/Foreign-Postal-Mail-Services-destinations-listed-JUN-2025-1.pdf,
phone,pass,Published phone: 0000000218 ,https://slpost.gov.lk/wp-content/uploads/2025/06/Foreign-Postal-Mail-Services-destinations-listed-JUN-2025-1.pdf,
phone,pass,Published phone: 0000000560 ,https://slpost.gov.lk/wp-content/uploads/2025/06/Foreign-Postal-Mail-Services-destinations-listed-JUN-2025-1.pdf,
phone,pass,Published phone: 0000001751 ,https://slpost.gov.lk/wp-content/uploads/2025/06/Foreign-Postal-Mail-Services-destinations-listed-JUN-2025-1.pdf,
phone,pass,Published phone: 0000001483 ,https://slpost.gov.lk/wp-content/uploads/2025/06/Foreign-Postal-Mail-Services-destinations-listed-JUN-2025-1.pdf,
phone,pass,Published phone: 0000001114 ,https://slpost.gov.lk/wp-content/uploads/2025/06/Foreign-Postal-Mail-Services-destinations-listed-JUN-2025-1.pdf,
phone,pass,Published phone: 0000000383 ,https://slpost.gov.lk/wp-content/uploads/2025/06/Foreign-Postal-Mail-Services-destinations-listed-JUN-2025-1.pdf,
phone,pass,Published phone: 0000000381 ,https://slpost.gov.lk/wp-content/uploads/2025/06/Foreign-Postal-Mail-Services-destinations-listed-JUN-2025-1.pdf,
phone,pass,Published phone: 0000000989 ,https://slpost.gov.lk/wp-content/uploads/2025/06/Foreign-Postal-Mail-Services-destinations-listed-JUN-2025-1.pdf,
phone,pass,Published phone: 0000001135 ,https://slpost.gov.lk/wp-content/uploads/2025/06/Foreign-Postal-Mail-Services-destinations-listed-JUN-2025-1.pdf,
phone,pass,Published phone: 0000000577 ,https://slpost.gov.lk/wp-content/uploads/2025/06/Foreign-Postal-Mail-Services-destinations-listed-JUN-2025-1.pdf,
phone,pass,Published phone: 0000001484 ,https://slpost.gov.lk/wp-content/uploads/2025/06/Foreign-Postal-Mail-Services-destinations-listed-JUN-2025-1.pdf,
phone,pass,Published phone: 0000001526 ,https://slpost.gov.lk/wp-content/uploads/2025/06/Foreign-Postal-Mail-Services-destinations-listed-JUN-2025-1.pdf,
phone,pass,Published phone: 0000000322 ,https://slpost.gov.lk/wp-content/uploads/2025/06/Foreign-Postal-Mail-Services-destinations-listed-JUN-2025-1.pdf,
phone,pass,Published phone: 0000001369 ,https://slpost.gov.lk/wp-content/uploads/2025/06/Foreign-Postal-Mail-Services-destinations-listed-JUN-2025-1.pdf,
phone,pass,Published phone: 0000001202 ,https://slpost.gov.lk/wp-content/uploads/2025/06/Foreign-Postal-Mail-Services-destinations-listed-JUN-2025-1.pdf,
phone,pass,Published phone: 0000000586 ,https://slpost.gov.lk/wp-content/uploads/2025/06/Foreign-Postal-Mail-Services-destinations-listed-JUN-2025-1.pdf,
phone,pass,Published phone: 0000001829 ,https://slpost.gov.lk/wp-content/uploads/2025/06/Foreign-Postal-Mail-Services-destinations-listed-JUN-2025-1.pdf,
phone,pass,Published phone: 0000001093 ,https://slpost.gov.lk/wp-content/uploads/2025/06/Foreign-Postal-Mail-Services-destinations-listed-JUN-2025-1.pdf,
phone,pass,Published phone: 0000001609 ,https://slpost.gov.lk/wp-content/uploads/2025/06/Foreign-Postal-Mail-Services-destinations-listed-JUN-2025-1.pdf,
phone,pass,Published phone: 0000000645 ,https://slpost.gov.lk/wp-content/uploads/2025/06/Foreign-Postal-Mail-Services-destinations-listed-JUN-2025-1.pdf,
phone,pass,Published phone: 0000001062 ,https://slpost.gov.lk/wp-content/uploads/2025/06/Foreign-Postal-Mail-Services-destinations-listed-JUN-2025-1.pdf,
phone,pass,Published phone: 0000000277 ,https://slpost.gov.lk/wp-content/uploads/2025/06/Foreign-Postal-Mail-Services-destinations-listed-JUN-2025-1.pdf,
phone,pass,Published phone: 0000000802 ,https://slpost.gov.lk/wp-content/uploads/2025/06/Foreign-Postal-Mail-Services-destinations-listed-JUN-2025-1.pdf,
phone,pass,Published phone: 0000001550 ,https://slpost.gov.lk/wp-content/uploads/2025/06/Foreign-Postal-Mail-Services-destinations-listed-JUN-2025-1.pdf,
phone,pass,Published phone: 0000001627 ,https://slpost.gov.lk/wp-content/uploads/2025/06/Foreign-Postal-Mail-Services-destinations-listed-JUN-2025-1.pdf,
phone,pass,Published phone: 0000001029 ,https://slpost.gov.lk/wp-content/uploads/2025/06/Foreign-Postal-Mail-Services-destinations-listed-JUN-2025-1.pdf,
phone,pass,Published phone: 0000001871 ,https://slpost.gov.lk/wp-content/uploads/2025/06/Foreign-Postal-Mail-Services-destinations-listed-JUN-2025-1.pdf,
phone,pass,Published phone: 0000001288 ,https://slpost.gov.lk/wp-content/uploads/2025/06/Foreign-Postal-Mail-Services-destinations-listed-JUN-2025-1.pdf,
phone,pass,Published phone: 0000001557 ,https://slpost.gov.lk/wp-content/uploads/2025/06/Foreign-Postal-Mail-Services-destinations-listed-JUN-2025-1.pdf,
phone,pass,Published phone: 0000000269 ,https://slpost.gov.lk/wp-content/uploads/2025/06/Foreign-Postal-Mail-Services-destinations-listed-JUN-2025-1.pdf,
phone,pass,Published phone: 0000000817 ,https://slpost.gov.lk/wp-content/uploads/2025/06/Foreign-Postal-Mail-Services-destinations-listed-JUN-2025-1.pdf,
phone,pass,Published phone: 0000000575 ,https://slpost.gov.lk/wp-content/uploads/2025/06/Foreign-Postal-Mail-Services-destinations-listed-JUN-2025-1.pdf,
phone,pass,Published phone: 0000000908 ,https://slpost.gov.lk/wp-content/uploads/2025/06/Foreign-Postal-Mail-Services-destinations-listed-JUN-2025-1.pdf,
phone,pass,Published phone: 0000001461 ,https://slpost.gov.lk/wp-content/uploads/2025/06/Foreign-Postal-Mail-Services-destinations-listed-JUN-2025-1.pdf,
phone,pass,Published phone: 0000000144 ,https://slpost.gov.lk/wp-content/uploads/2025/06/Foreign-Postal-Mail-Services-destinations-listed-JUN-2025-1.pdf,
phone,pass,Published phone: 0000000457 ,https://slpost.gov.lk/wp-content/uploads/2025/06/Foreign-Postal-Mail-Services-destinations-listed-JUN-2025-1.pdf,
phone,pass,Published phone: 0000000755 ,https://slpost.gov.lk/wp-content/uploads/2025/06/Foreign-Postal-Mail-Services-destinations-listed-JUN-2025-1.pdf,
phone,pass,Published phone: 0000001763 ,https://slpost.gov.lk/wp-content/uploads/2025/06/Foreign-Postal-Mail-Services-destinations-listed-JUN-2025-1.pdf,
phone,pass,Published phone: 0000000620 ,https://slpost.gov.lk/wp-content/uploads/2025/06/Foreign-Postal-Mail-Services-destinations-listed-JUN-2025-1.pdf,
phone,pass,Published phone: 0000000906 ,https://slpost.gov.lk/wp-content/uploads/2025/06/Foreign-Postal-Mail-Services-destinations-listed-JUN-2025-1.pdf,
phone,pass,Published phone: 0000000952 ,https://slpost.gov.lk/wp-content/uploads/2025/06/Foreign-Postal-Mail-Services-destinations-listed-JUN-2025-1.pdf,
phone,pass,Published phone: 0000000810 ,https://slpost.gov.lk/wp-content/uploads/2025/06/Foreign-Postal-Mail-Services-destinations-listed-JUN-2025-1.pdf,
phone,pass,Published phone: 0000000410 ,https://slpost.gov.lk/wp-content/uploads/2025/06/Foreign-Postal-Mail-Services-destinations-listed-JUN-2025-1.pdf,
phone,pass,Published phone: 0000001322 ,https://slpost.gov.lk/wp-content/uploads/2025/06/Foreign-Postal-Mail-Services-destinations-listed-JUN-2025-1.pdf,
phone,pass,Published phone: 0000001650 ,https://slpost.gov.lk/wp-content/uploads/2025/06/Foreign-Postal-Mail-Services-destinations-listed-JUN-2025-1.pdf,
phone,pass,Published phone: 0000001245 ,https://slpost.gov.lk/wp-content/uploads/2025/06/Foreign-Postal-Mail-Services-destinations-listed-JUN-2025-1.pdf,
phone,pass,Published phone: 0000000941 ,https://slpost.gov.lk/wp-content/uploads/2025/06/Foreign-Postal-Mail-Services-destinations-listed-JUN-2025-1.pdf,
phone,pass,Published phone: 0000000785 ,https://slpost.gov.lk/wp-content/uploads/2025/06/Foreign-Postal-Mail-Services-destinations-listed-JUN-2025-1.pdf,
phone,pass,Published phone: 0000000657 ,https://slpost.gov.lk/wp-content/uploads/2025/06/Foreign-Postal-Mail-Services-destinations-listed-JUN-2025-1.pdf,
phone,pass,Published phone: 0000000264 ,https://slpost.gov.lk/wp-content/uploads/2025/06/Foreign-Postal-Mail-Services-destinations-listed-JUN-2025-1.pdf,
phone,pass,Published phone: 0000000171 ,https://slpost.gov.lk/wp-content/uploads/2025/06/Foreign-Postal-Mail-Services-destinations-listed-JUN-2025-1.pdf,
phone,pass,Published phone: 0000000435 ,https://slpost.gov.lk/wp-content/uploads/2025/06/Foreign-Postal-Mail-Services-destinations-listed-JUN-2025-1.pdf,
phone,pass,Published phone: 0000012648 ,https://slpost.gov.lk/wp-content/uploads/2025/06/Foreign-Postal-Mail-Services-destinations-listed-JUN-2025-1.pdf,
phone,pass,Published phone: 0000000130 ,https://slpost.gov.lk/wp-content/uploads/2025/06/Foreign-Postal-Mail-Services-destinations-listed-JUN-2025-1.pdf,
phone,pass,Published phone: 0000001470 ,https://slpost.gov.lk/wp-content/uploads/2025/06/Foreign-Postal-Mail-Services-destinations-listed-JUN-2025-1.pdf,
phone,pass,Published phone: 0000000094 ,https://slpost.gov.lk/wp-content/uploads/2025/06/Foreign-Postal-Mail-Services-destinations-listed-JUN-2025-1.pdf,
phone,pass,Published phone: 0000001551 ,https://slpost.gov.lk/wp-content/uploads/2025/06/Foreign-Postal-Mail-Services-destinations-listed-JUN-2025-1.pdf,
phone,pass,Published phone: 0000001779 ,https://slpost.gov.lk/wp-content/uploads/2025/06/Foreign-Postal-Mail-Services-destinations-listed-JUN-2025-1.pdf,
phone,pass,Published phone: 0000001203 ,https://slpost.gov.lk/wp-content/uploads/2025/06/Foreign-Postal-Mail-Services-destinations-listed-JUN-2025-1.pdf,
phone,pass,Published phone: 0000000182 ,https://slpost.gov.lk/wp-content/uploads/2025/06/Foreign-Postal-Mail-Services-destinations-listed-JUN-2025-1.pdf,
phone,pass,Published phone: 0000001328 ,https://slpost.gov.lk/wp-content/uploads/2025/06/Foreign-Postal-Mail-Services-destinations-listed-JUN-2025-1.pdf,
phone,pass,Published phone: 0000000430 ,https://slpost.gov.lk/wp-content/uploads/2025/06/Foreign-Postal-Mail-Services-destinations-listed-JUN-2025-1.pdf,
phone,pass,Published phone: 0000000297 ,https://slpost.gov.lk/wp-content/uploads/2025/06/Foreign-Postal-Mail-Services-destinations-listed-JUN-2025-1.pdf,
phone,pass,Published phone: 0000001499 ,https://slpost.gov.lk/wp-content/uploads/2025/06/Foreign-Postal-Mail-Services-destinations-listed-JUN-2025-1.pdf,
phone,pass,Published phone: 0000000567 ,https://slpost.gov.lk/wp-content/uploads/2025/06/Foreign-Postal-Mail-Services-destinations-listed-JUN-2025-1.pdf,
phone,pass,Published phone: 0000001668 ,https://slpost.gov.lk/wp-content/uploads/2025/06/Foreign-Postal-Mail-Services-destinations-listed-JUN-2025-1.pdf,
phone,pass,Published phone: 0000001491 ,https://slpost.gov.lk/wp-content/uploads/2025/06/Foreign-Postal-Mail-Services-destinations-listed-JUN-2025-1.pdf,
phone,pass,Published phone: 0000001531 ,https://slpost.gov.lk/wp-content/uploads/2025/06/Foreign-Postal-Mail-Services-destinations-listed-JUN-2025-1.pdf,
phone,pass,Published phone: 0000001793 ,https://slpost.gov.lk/wp-content/uploads/2025/06/Foreign-Postal-Mail-Services-destinations-listed-JUN-2025-1.pdf,
phone,pass,Published phone: 0000001494 ,https://slpost.gov.lk/wp-content/uploads/2025/06/Foreign-Postal-Mail-Services-destinations-listed-JUN-2025-1.pdf,
phone,pass,Published phone: 0000001807 ,https://slpost.gov.lk/wp-content/uploads/2025/06/Foreign-Postal-Mail-Services-destinations-listed-JUN-2025-1.pdf,
phone,pass,Published phone: 0000001352 ,https://slpost.gov.lk/wp-content/uploads/2025/06/Foreign-Postal-Mail-Services-destinations-listed-JUN-2025-1.pdf,
phone,pass,Published phone: 0000000816 ,https://slpost.gov.lk/wp-content/uploads/2025/06/Foreign-Postal-Mail-Services-destinations-listed-JUN-2025-1.pdf,
phone,pass,Published phone: 0000000999 ,https://slpost.gov.lk/wp-content/uploads/2025/06/Foreign-Postal-Mail-Services-destinations-listed-JUN-2025-1.pdf,
phone,pass,Published phone: 0000001591 ,https://slpost.gov.lk/wp-content/uploads/2025/06/Foreign-Postal-Mail-Services-destinations-listed-JUN-2025-1.pdf,
phone,pass,Published phone: 0000001837 ,https://slpost.gov.lk/wp-content/uploads/2025/06/Foreign-Postal-Mail-Services-destinations-listed-JUN-2025-1.pdf,
phone,pass,Published phone: 0000001279 ,https://slpost.gov.lk/wp-content/uploads/2025/06/Foreign-Postal-Mail-Services-destinations-listed-JUN-2025-1.pdf,
phone,pass,Published phone: 0000000706 ,https://slpost.gov.lk/wp-content/uploads/2025/06/Foreign-Postal-Mail-Services-destinations-listed-JUN-2025-1.pdf,
phone,pass,Published phone: 0000000961 ,https://slpost.gov.lk/wp-content/uploads/2025/06/Foreign-Postal-Mail-Services-destinations-listed-JUN-2025-1.pdf,
phone,pass,Published phone: 0000000733 ,https://slpost.gov.lk/wp-content/uploads/2025/06/Foreign-Postal-Mail-Services-destinations-listed-JUN-2025-1.pdf,
phone,pass,Published phone: 0000001840 ,https://slpost.gov.lk/wp-content/uploads/2025/06/Foreign-Postal-Mail-Services-destinations-listed-JUN-2025-1.pdf,
phone,pass,Published phone: 0000000756 ,https://slpost.gov.lk/wp-content/uploads/2025/06/Foreign-Postal-Mail-Services-destinations-listed-JUN-2025-1.pdf,
phone,pass,Published phone: 0000001031 ,https://slpost.gov.lk/wp-content/uploads/2025/06/Foreign-Postal-Mail-Services-destinations-listed-JUN-2025-1.pdf,
phone,pass,Published phone: 0000001712 ,https://slpost.gov.lk/wp-content/uploads/2025/06/Foreign-Postal-Mail-Services-destinations-listed-JUN-2025-1.pdf,
phone,pass,Published phone: 0000000402 ,https://slpost.gov.lk/wp-content/uploads/2025/06/Foreign-Postal-Mail-Services-destinations-listed-JUN-2025-1.pdf,
phone,pass,Published phone: 0000001894 ,https://slpost.gov.lk/wp-content/uploads/2025/06/Foreign-Postal-Mail-Services-destinations-listed-JUN-2025-1.pdf,
phone,pass,Published phone: 0000000539 ,https://slpost.gov.lk/wp-content/uploads/2025/06/Foreign-Postal-Mail-Services-destinations-listed-JUN-2025-1.pdf,
phone,pass,Published phone: 0000001643 ,https://slpost.gov.lk/wp-content/uploads/2025/06/Foreign-Postal-Mail-Services-destinations-listed-JUN-2025-1.pdf,
phone,pass,Published phone: 0000001466 ,https://slpost.gov.lk/wp-content/uploads/2025/06/Foreign-Postal-Mail-Services-destinations-listed-JUN-2025-1.pdf,
phone,pass,Published phone: 0000001389 ,https://slpost.gov.lk/wp-content/uploads/2025/06/Foreign-Postal-Mail-Services-destinations-listed-JUN-2025-1.pdf,
phone,pass,Published phone: 0000000512 ,https://slpost.gov.lk/wp-content/uploads/2025/06/Foreign-Postal-Mail-Services-destinations-listed-JUN-2025-1.pdf,
phone,pass,Published phone: 0000000352 ,https://slpost.gov.lk/wp-content/uploads/2025/06/Foreign-Postal-Mail-Services-destinations-listed-JUN-2025-1.pdf,
phone,pass,Published phone: 0000000065 ,https://slpost.gov.lk/wp-content/uploads/2025/06/Foreign-Postal-Mail-Services-destinations-listed-JUN-2025-1.pdf,
phone,pass,Published phone: 0000001026 ,https://slpost.gov.lk/wp-content/uploads/2025/06/Foreign-Postal-Mail-Services-destinations-listed-JUN-2025-1.pdf,
phone,pass,Published phone: 0000000199 ,https://slpost.gov.lk/wp-content/uploads/2025/06/Foreign-Postal-Mail-Services-destinations-listed-JUN-2025-1.pdf,
phone,pass,Published phone: 0000000736 ,https://slpost.gov.lk/wp-content/uploads/2025/06/Foreign-Postal-Mail-Services-destinations-listed-JUN-2025-1.pdf,
phone,pass,Published phone: 0000001334 ,https://slpost.gov.lk/wp-content/uploads/2025/06/Foreign-Postal-Mail-Services-destinations-listed-JUN-2025-1.pdf,
phone,pass,Published phone: 0000001865 ,https://slpost.gov.lk/wp-content/uploads/2025/06/Foreign-Postal-Mail-Services-destinations-listed-JUN-2025-1.pdf,
phone,pass,Published phone: 0000000561 ,https://slpost.gov.lk/wp-content/uploads/2025/06/Foreign-Postal-Mail-Services-destinations-listed-JUN-2025-1.pdf,
phone,pass,Published phone: 0000001019 ,https://slpost.gov.lk/wp-content/uploads/2025/06/Foreign-Postal-Mail-Services-destinations-listed-JUN-2025-1.pdf,
phone,pass,Published phone: 0000000919 ,https://slpost.gov.lk/wp-content/uploads/2025/06/Foreign-Postal-Mail-Services-destinations-listed-JUN-2025-1.pdf,
phone,pass,Published phone: 0000001425 ,https://slpost.gov.lk/wp-content/uploads/2025/06/Foreign-Postal-Mail-Services-destinations-listed-JUN-2025-1.pdf,
phone,pass,Published phone: 0000001502 ,https://slpost.gov.lk/wp-content/uploads/2025/06/Foreign-Postal-Mail-Services-destinations-listed-JUN-2025-1.pdf,
phone,pass,Published phone: 0000000443 ,https://slpost.gov.lk/wp-content/uploads/2025/06/Foreign-Postal-Mail-Services-destinations-listed-JUN-2025-1.pdf,
phone,pass,Published phone: 0000001744 ,https://slpost.gov.lk/wp-content/uploads/2025/06/Foreign-Postal-Mail-Services-destinations-listed-JUN-2025-1.pdf,
phone,pass,Published phone: 0000000136 ,https://slpost.gov.lk/wp-content/uploads/2025/06/Foreign-Postal-Mail-Services-destinations-listed-JUN-2025-1.pdf,
phone,pass,Published phone: 0000000688 ,https://slpost.gov.lk/wp-content/uploads/2025/06/Foreign-Postal-Mail-Services-destinations-listed-JUN-2025-1.pdf,
phone,pass,Published phone: 0000001010 ,https://slpost.gov.lk/wp-content/uploads/2025/06/Foreign-Postal-Mail-Services-destinations-listed-JUN-2025-1.pdf,
phone,pass,Published phone: 0000000482 ,https://slpost.gov.lk/wp-content/uploads/2025/06/Foreign-Postal-Mail-Services-destinations-listed-JUN-2025-1.pdf,
phone,pass,Published phone: 0000000683 ,https://slpost.gov.lk/wp-content/uploads/2025/06/Foreign-Postal-Mail-Services-destinations-listed-JUN-2025-1.pdf,
phone,pass,Published phone: 0000000968 ,https://slpost.gov.lk/wp-content/uploads/2025/06/Foreign-Postal-Mail-Services-destinations-listed-JUN-2025-1.pdf,
phone,pass,Published phone: 0000000986 ,https://slpost.gov.lk/wp-content/uploads/2025/06/Foreign-Postal-Mail-Services-destinations-listed-JUN-2025-1.pdf,
phone,pass,Published phone: 0000001072 ,https://slpost.gov.lk/wp-content/uploads/2025/06/Foreign-Postal-Mail-Services-destinations-listed-JUN-2025-1.pdf,
phone,pass,Published phone: 0000001218 ,https://slpost.gov.lk/wp-content/uploads/2025/06/Foreign-Postal-Mail-Services-destinations-listed-JUN-2025-1.pdf,
phone,pass,Published phone: 0000000427 ,https://slpost.gov.lk/wp-content/uploads/2025/06/Foreign-Postal-Mail-Services-destinations-listed-JUN-2025-1.pdf,
phone,pass,Published phone: 0000000734 ,https://slpost.gov.lk/wp-content/uploads/2025/06/Foreign-Postal-Mail-Services-destinations-listed-JUN-2025-1.pdf,
phone,pass,Published phone: 0000000668 ,https://slpost.gov.lk/wp-content/uploads/2025/06/Foreign-Postal-Mail-Services-destinations-listed-JUN-2025-1.pdf,
phone,pass,Published phone: 0000000061 ,https://slpost.gov.lk/wp-content/uploads/2025/06/Foreign-Postal-Mail-Services-destinations-listed-JUN-2025-1.pdf,
phone,pass,Published phone: 0000000625 ,https://slpost.gov.lk/wp-content/uploads/2025/06/Foreign-Postal-Mail-Services-destinations-listed-JUN-2025-1.pdf,
phone,pass,Published phone: 0000001611 ,https://slpost.gov.lk/wp-content/uploads/2025/06/Foreign-Postal-Mail-Services-destinations-listed-JUN-2025-1.pdf,
phone,pass,Published phone: 0000000292 ,https://slpost.gov.lk/wp-content/uploads/2025/06/Foreign-Postal-Mail-Services-destinations-listed-JUN-2025-1.pdf,
phone,pass,Published phone: 0000001714 ,https://slpost.gov.lk/wp-content/uploads/2025/06/Foreign-Postal-Mail-Services-destinations-listed-JUN-2025-1.pdf,
phone,pass,Published phone: 0000001359 ,https://slpost.gov.lk/wp-content/uploads/2025/06/Foreign-Postal-Mail-Services-destinations-listed-JUN-2025-1.pdf,
phone,pass,Published phone: 0000000729 ,https://slpost.gov.lk/wp-content/uploads/2025/06/Foreign-Postal-Mail-Services-destinations-listed-JUN-2025-1.pdf,
phone,pass,Published phone: 0000000864 ,https://slpost.gov.lk/wp-content/uploads/2025/06/Foreign-Postal-Mail-Services-destinations-listed-JUN-2025-1.pdf,
phone,pass,Published phone: 0000001383 ,https://slpost.gov.lk/wp-content/uploads/2025/06/Foreign-Postal-Mail-Services-destinations-listed-JUN-2025-1.pdf,
phone,pass,Published phone: 0000000283 ,https://slpost.gov.lk/wp-content/uploads/2025/06/Foreign-Postal-Mail-Services-destinations-listed-JUN-2025-1.pdf,
phone,pass,Published phone: 0000000792 ,https://slpost.gov.lk/wp-content/uploads/2025/06/Foreign-Postal-Mail-Services-destinations-listed-JUN-2025-1.pdf,
phone,pass,Published phone: 0000000713 ,https://slpost.gov.lk/wp-content/uploads/2025/06/Foreign-Postal-Mail-Services-destinations-listed-JUN-2025-1.pdf,
phone,pass,Published phone: 0000001696 ,https://slpost.gov.lk/wp-content/uploads/2025/06/Foreign-Postal-Mail-Services-destinations-listed-JUN-2025-1.pdf,
phone,pass,Published phone: 0000001539 ,https://slpost.gov.lk/wp-content/uploads/2025/06/Foreign-Postal-Mail-Services-destinations-listed-JUN-2025-1.pdf,
phone,pass,Published phone: 0000000498 ,https://slpost.gov.lk/wp-content/uploads/2025/06/Foreign-Postal-Mail-Services-destinations-listed-JUN-2025-1.pdf,
phone,pass,Published phone: 0000000489 ,https://slpost.gov.lk/wp-content/uploads/2025/06/Foreign-Postal-Mail-Services-destinations-listed-JUN-2025-1.pdf,
phone,pass,Published phone: 0000001311 ,https://slpost.gov.lk/wp-content/uploads/2025/06/Foreign-Postal-Mail-Services-destinations-listed-JUN-2025-1.pdf,
phone,pass,Published phone: 0000001158 ,https://slpost.gov.lk/wp-content/uploads/2025/06/Foreign-Postal-Mail-Services-destinations-listed-JUN-2025-1.pdf,
phone,pass,Published phone: 0000000259 ,https://slpost.gov.lk/wp-content/uploads/2025/06/Foreign-Postal-Mail-Services-destinations-listed-JUN-2025-1.pdf,
phone,pass,Published phone: 0000000822 ,https://slpost.gov.lk/wp-content/uploads/2025/06/Foreign-Postal-Mail-Services-destinations-listed-JUN-2025-1.pdf,
phone,pass,Published phone: 0000001597 ,https://slpost.gov.lk/wp-content/uploads/2025/06/Foreign-Postal-Mail-Services-destinations-listed-JUN-2025-1.pdf,
phone,pass,Published phone: 0000001113 ,https://slpost.gov.lk/wp-content/uploads/2025/06/Foreign-Postal-Mail-Services-destinations-listed-JUN-2025-1.pdf,
phone,pass,Published phone: 0000001308 ,https://slpost.gov.lk/wp-content/uploads/2025/06/Foreign-Postal-Mail-Services-destinations-listed-JUN-2025-1.pdf,
phone,pass,Published phone: 0000000926 ,https://slpost.gov.lk/wp-content/uploads/2025/06/Foreign-Postal-Mail-Services-destinations-listed-JUN-2025-1.pdf,
phone,pass,Published phone: 0000001188 ,https://slpost.gov.lk/wp-content/uploads/2025/06/Foreign-Postal-Mail-Services-destinations-listed-JUN-2025-1.pdf,
phone,pass,Published phone: 0000000040 ,https://slpost.gov.lk/wp-content/uploads/2025/06/Foreign-Postal-Mail-Services-destinations-listed-JUN-2025-1.pdf,
phone,pass,Published phone: 0000000347 ,https://slpost.gov.lk/wp-content/uploads/2025/06/Foreign-Postal-Mail-Services-destinations-listed-JUN-2025-1.pdf,
phone,pass,Published phone: 0000001299 ,https://slpost.gov.lk/wp-content/uploads/2025/06/Foreign-Postal-Mail-Services-destinations-listed-JUN-2025-1.pdf,
phone,pass,Published phone: 0000000622 ,https://slpost.gov.lk/wp-content/uploads/2025/06/Foreign-Postal-Mail-Services-destinations-listed-JUN-2025-1.pdf,
phone,pass,Published phone: 0000001336 ,https://slpost.gov.lk/wp-content/uploads/2025/06/Foreign-Postal-Mail-Services-destinations-listed-JUN-2025-1.pdf,
phone,pass,Published phone: 0000000869 ,https://slpost.gov.lk/wp-content/uploads/2025/06/Foreign-Postal-Mail-Services-destinations-listed-JUN-2025-1.pdf,
phone,pass,Published phone: 0000001866 ,https://slpost.gov.lk/wp-content/uploads/2025/06/Foreign-Postal-Mail-Services-destinations-listed-JUN-2025-1.pdf,
phone,pass,Published phone: 0000000807 ,https://slpost.gov.lk/wp-content/uploads/2025/06/Foreign-Postal-Mail-Services-destinations-listed-JUN-2025-1.pdf,
phone,pass,Published phone: 0000000704 ,https://slpost.gov.lk/wp-content/uploads/2025/06/Foreign-Postal-Mail-Services-destinations-listed-JUN-2025-1.pdf,
phone,pass,Published phone: 0000001693 ,https://slpost.gov.lk/wp-content/uploads/2025/06/Foreign-Postal-Mail-Services-destinations-listed-JUN-2025-1.pdf,
phone,pass,Published phone: 0000001480 ,https://slpost.gov.lk/wp-content/uploads/2025/06/Foreign-Postal-Mail-Services-destinations-listed-JUN-2025-1.pdf,
phone,pass,Published phone: 0000001355 ,https://slpost.gov.lk/wp-content/uploads/2025/06/Foreign-Postal-Mail-Services-destinations-listed-JUN-2025-1.pdf,
phone,pass,Published phone: 0000000432 ,https://slpost.gov.lk/wp-content/uploads/2025/06/Foreign-Postal-Mail-Services-destinations-listed-JUN-2025-1.pdf,
phone,pass,Published phone: 0000000621 ,https://slpost.gov.lk/wp-content/uploads/2025/06/Foreign-Postal-Mail-Services-destinations-listed-JUN-2025-1.pdf,
phone,pass,Published phone: 0000000106 ,https://slpost.gov.lk/wp-content/uploads/2025/06/Foreign-Postal-Mail-Services-destinations-listed-JUN-2025-1.pdf,
phone,pass,Published phone: 0000000681 ,https://slpost.gov.lk/wp-content/uploads/2025/06/Foreign-Postal-Mail-Services-destinations-listed-JUN-2025-1.pdf,
phone,pass,Published phone: 0000000942 ,https://slpost.gov.lk/wp-content/uploads/2025/06/Foreign-Postal-Mail-Services-destinations-listed-JUN-2025-1.pdf,
phone,pass,Published phone: 0000001594 ,https://slpost.gov.lk/wp-content/uploads/2025/06/Foreign-Postal-Mail-Services-destinations-listed-JUN-2025-1.pdf,
phone,pass,Published phone: 0000001893 ,https://slpost.gov.lk/wp-content/uploads/2025/06/Foreign-Postal-Mail-Services-destinations-listed-JUN-2025-1.pdf,
phone,pass,Published phone: 0000000922 ,https://slpost.gov.lk/wp-content/uploads/2025/06/Foreign-Postal-Mail-Services-destinations-listed-JUN-2025-1.pdf,
phone,pass,Published phone: 0000000444 ,https://slpost.gov.lk/wp-content/uploads/2025/06/Foreign-Postal-Mail-Services-destinations-listed-JUN-2025-1.pdf,
phone,pass,Published phone: 0000001321 ,https://slpost.gov.lk/wp-content/uploads/2025/06/Foreign-Postal-Mail-Services-destinations-listed-JUN-2025-1.pdf,
phone,pass,Published phone: 0000000630 ,https://slpost.gov.lk/wp-content/uploads/2025/06/Foreign-Postal-Mail-Services-destinations-listed-JUN-2025-1.pdf,
phone,pass,Published phone: 0000001629 ,https://slpost.gov.lk/wp-content/uploads/2025/06/Foreign-Postal-Mail-Services-destinations-listed-JUN-2025-1.pdf,
phone,pass,Published phone: 0000001055 ,https://slpost.gov.lk/wp-content/uploads/2025/06/Foreign-Postal-Mail-Services-destinations-listed-JUN-2025-1.pdf,
phone,pass,Published phone: 0000001542 ,https://slpost.gov.lk/wp-content/uploads/2025/06/Foreign-Postal-Mail-Services-destinations-listed-JUN-2025-1.pdf,
phone,pass,Published phone: 0000001462 ,https://slpost.gov.lk/wp-content/uploads/2025/06/Foreign-Postal-Mail-Services-destinations-listed-JUN-2025-1.pdf,
phone,pass,Published phone: 0000001605 ,https://slpost.gov.lk/wp-content/uploads/2025/06/Foreign-Postal-Mail-Services-destinations-listed-JUN-2025-1.pdf,
phone,pass,Published phone: 0000001014 ,https://slpost.gov.lk/wp-content/uploads/2025/06/Foreign-Postal-Mail-Services-destinations-listed-JUN-2025-1.pdf,
phone,pass,Published phone: 0000000812 ,https://slpost.gov.lk/wp-content/uploads/2025/06/Foreign-Postal-Mail-Services-destinations-listed-JUN-2025-1.pdf,
phone,pass,Published phone: 0000000092 ,https://slpost.gov.lk/wp-content/uploads/2025/06/Foreign-Postal-Mail-Services-destinations-listed-JUN-2025-1.pdf,
phone,pass,Published phone: 0000000844 ,https://slpost.gov.lk/wp-content/uploads/2025/06/Foreign-Postal-Mail-Services-destinations-listed-JUN-2025-1.pdf,
phone,pass,Published phone: 0000001465 ,https://slpost.gov.lk/wp-content/uploads/2025/06/Foreign-Postal-Mail-Services-destinations-listed-JUN-2025-1.pdf,
phone,pass,Published phone: 0000001438 ,https://slpost.gov.lk/wp-content/uploads/2025/06/Foreign-Postal-Mail-Services-destinations-listed-JUN-2025-1.pdf,
phone,pass,Published phone: 0000000841 ,https://slpost.gov.lk/wp-content/uploads/2025/06/Foreign-Postal-Mail-Services-destinations-listed-JUN-2025-1.pdf,
phone,pass,Published phone: 0000001261 ,https://slpost.gov.lk/wp-content/uploads/2025/06/Foreign-Postal-Mail-Services-destinations-listed-JUN-2025-1.pdf,
phone,pass,Published phone: 0000000462 ,https://slpost.gov.lk/wp-content/uploads/2025/06/Foreign-Postal-Mail-Services-destinations-listed-JUN-2025-1.pdf,
phone,pass,Published phone: 0000001768 ,https://slpost.gov.lk/wp-content/uploads/2025/06/Foreign-Postal-Mail-Services-destinations-listed-JUN-2025-1.pdf,
phone,pass,Published phone: 0000001469 ,https://slpost.gov.lk/wp-content/uploads/2025/06/Foreign-Postal-Mail-Services-destinations-listed-JUN-2025-1.pdf,
phone,pass,Published phone: 0000001262 ,https://slpost.gov.lk/wp-content/uploads/2025/06/Foreign-Postal-Mail-Services-destinations-listed-JUN-2025-1.pdf,
phone,pass,Published phone: 0000001864 ,https://slpost.gov.lk/wp-content/uploads/2025/06/Foreign-Postal-Mail-Services-destinations-listed-JUN-2025-1.pdf,
phone,pass,Published phone: 0000000203 ,https://slpost.gov.lk/wp-content/uploads/2025/06/Foreign-Postal-Mail-Services-destinations-listed-JUN-2025-1.pdf,
phone,pass,Published phone: 0000000640 ,https://slpost.gov.lk/wp-content/uploads/2025/06/Foreign-Postal-Mail-Services-destinations-listed-JUN-2025-1.pdf,
phone,pass,Published phone: 0000001407 ,https://slpost.gov.lk/wp-content/uploads/2025/06/Foreign-Postal-Mail-Services-destinations-listed-JUN-2025-1.pdf,
phone,pass,Published phone: 0000000132 ,https://slpost.gov.lk/wp-content/uploads/2025/06/Foreign-Postal-Mail-Services-destinations-listed-JUN-2025-1.pdf,
phone,pass,Published phone: 0000000641 ,https://slpost.gov.lk/wp-content/uploads/2025/06/Foreign-Postal-Mail-Services-destinations-listed-JUN-2025-1.pdf,
phone,pass,Published phone: 0000001549 ,https://slpost.gov.lk/wp-content/uploads/2025/06/Foreign-Postal-Mail-Services-destinations-listed-JUN-2025-1.pdf,
phone,pass,Published phone: 0000001571 ,https://slpost.gov.lk/wp-content/uploads/2025/06/Foreign-Postal-Mail-Services-destinations-listed-JUN-2025-1.pdf,
phone,pass,Published phone: 0000000454 ,https://slpost.gov.lk/wp-content/uploads/2025/06/Foreign-Postal-Mail-Services-destinations-listed-JUN-2025-1.pdf,
phone,pass,Published phone: 0000001374 ,https://slpost.gov.lk/wp-content/uploads/2025/06/Foreign-Postal-Mail-Services-destinations-listed-JUN-2025-1.pdf,
phone,pass,Published phone: 0000001617 ,https://slpost.gov.lk/wp-content/uploads/2025/06/Foreign-Postal-Mail-Services-destinations-listed-JUN-2025-1.pdf,
phone,pass,Published phone: 0000001607 ,https://slpost.gov.lk/wp-content/uploads/2025/06/Foreign-Postal-Mail-Services-destinations-listed-JUN-2025-1.pdf,
phone,pass,Published phone: 0000000117 ,https://slpost.gov.lk/wp-content/uploads/2025/06/Foreign-Postal-Mail-Services-destinations-listed-JUN-2025-1.pdf,
phone,pass,Published phone: 0000001791 ,https://slpost.gov.lk/wp-content/uploads/2025/06/Foreign-Postal-Mail-Services-destinations-listed-JUN-2025-1.pdf,
phone,pass,Published phone: 0000001590 ,https://slpost.gov.lk/wp-content/uploads/2025/06/Foreign-Postal-Mail-Services-destinations-listed-JUN-2025-1.pdf,
phone,pass,Published phone: 0 0 0 514 514 4,https://slpost.gov.lk/wp-content/uploads/2025/06/Foreign-Postal-Mail-Services-destinations-listed-JUN-2025-1.pdf,
phone,pass,Published phone: 0000000111 ,https://slpost.gov.lk/wp-content/uploads/2025/06/Foreign-Postal-Mail-Services-destinations-listed-JUN-2025-1.pdf,
phone,pass,Published phone: 0000000104 ,https://slpost.gov.lk/wp-content/uploads/2025/06/Foreign-Postal-Mail-Services-destinations-listed-JUN-2025-1.pdf,
phone,pass,Published phone: 0000001020 ,https://slpost.gov.lk/wp-content/uploads/2025/06/Foreign-Postal-Mail-Services-destinations-listed-JUN-2025-1.pdf,
phone,pass,Published phone: 0000000343 ,https://slpost.gov.lk/wp-content/uploads/2025/06/Foreign-Postal-Mail-Services-destinations-listed-JUN-2025-1.pdf,
phone,pass,Published phone: 0000000112 ,https://slpost.gov.lk/wp-content/uploads/2025/06/Foreign-Postal-Mail-Services-destinations-listed-JUN-2025-1.pdf,
phone,pass,Published phone: 0000000475 ,https://slpost.gov.lk/wp-content/uploads/2025/06/Foreign-Postal-Mail-Services-destinations-listed-JUN-2025-1.pdf,
phone,pass,Published phone: 0000000476 ,https://slpost.gov.lk/wp-content/uploads/2025/06/Foreign-Postal-Mail-Services-destinations-listed-JUN-2025-1.pdf,
phone,pass,Published phone: 0000001759 ,https://slpost.gov.lk/wp-content/uploads/2025/06/Foreign-Postal-Mail-Services-destinations-listed-JUN-2025-1.pdf,
phone,pass,Published phone: 0000000077 ,https://slpost.gov.lk/wp-content/uploads/2025/06/Foreign-Postal-Mail-Services-destinations-listed-JUN-2025-1.pdf,
phone,pass,Published phone: 0000000242 ,https://slpost.gov.lk/wp-content/uploads/2025/06/Foreign-Postal-Mail-Services-destinations-listed-JUN-2025-1.pdf,
phone,pass,Published phone: 0000000651 ,https://slpost.gov.lk/wp-content/uploads/2025/06/Foreign-Postal-Mail-Services-destinations-listed-JUN-2025-1.pdf,
phone,pass,Published phone: 0000001251 ,https://slpost.gov.lk/wp-content/uploads/2025/06/Foreign-Postal-Mail-Services-destinations-listed-JUN-2025-1.pdf,
phone,pass,Published phone: 0000001084 ,https://slpost.gov.lk/wp-content/uploads/2025/06/Foreign-Postal-Mail-Services-destinations-listed-JUN-2025-1.pdf,
phone,pass,Published phone: 0000000235 ,https://slpost.gov.lk/wp-content/uploads/2025/06/Foreign-Postal-Mail-Services-destinations-listed-JUN-2025-1.pdf,
phone,pass,Published phone: 0000000168 ,https://slpost.gov.lk/wp-content/uploads/2025/06/Foreign-Postal-Mail-Services-destinations-listed-JUN-2025-1.pdf,
phone,pass,Published phone: 0000000220 ,https://slpost.gov.lk/wp-content/uploads/2025/06/Foreign-Postal-Mail-Services-destinations-listed-JUN-2025-1.pdf,
phone,pass,Published phone: 0000000920 ,https://slpost.gov.lk/wp-content/uploads/2025/06/Foreign-Postal-Mail-Services-destinations-listed-JUN-2025-1.pdf,
phone,pass,Published phone: 0000001186 ,https://slpost.gov.lk/wp-content/uploads/2025/06/Foreign-Postal-Mail-Services-destinations-listed-JUN-2025-1.pdf,
phone,pass,Published phone: 0000001216 ,https://slpost.gov.lk/wp-content/uploads/2025/06/Foreign-Postal-Mail-Services-destinations-listed-JUN-2025-1.pdf,
phone,pass,Published phone: 0000000604 ,https://slpost.gov.lk/wp-content/uploads/2025/06/Foreign-Postal-Mail-Services-destinations-listed-JUN-2025-1.pdf,
phone,pass,Published phone: 0000000902 ,https://slpost.gov.lk/wp-content/uploads/2025/06/Foreign-Postal-Mail-Services-destinations-listed-JUN-2025-1.pdf,
phone,pass,Published phone: 0000000710 ,https://slpost.gov.lk/wp-content/uploads/2025/06/Foreign-Postal-Mail-Services-destinations-listed-JUN-2025-1.pdf,
phone,pass,Published phone: 0000001507 ,https://slpost.gov.lk/wp-content/uploads/2025/06/Foreign-Postal-Mail-Services-destinations-listed-JUN-2025-1.pdf,
phone,pass,Published phone: 0000000711 ,https://slpost.gov.lk/wp-content/uploads/2025/06/Foreign-Postal-Mail-Services-destinations-listed-JUN-2025-1.pdf,
phone,pass,Published phone: 0000001182 ,https://slpost.gov.lk/wp-content/uploads/2025/06/Foreign-Postal-Mail-Services-destinations-listed-JUN-2025-1.pdf,
phone,pass,Published phone: 0000000181 ,https://slpost.gov.lk/wp-content/uploads/2025/06/Foreign-Postal-Mail-Services-destinations-listed-JUN-2025-1.pdf,
phone,pass,Published phone: 0000037799 ,https://slpost.gov.lk/wp-content/uploads/2025/06/Foreign-Postal-Mail-Services-destinations-listed-JUN-2025-1.pdf,
phone,pass,Published phone: 0000000316 ,https://slpost.gov.lk/wp-content/uploads/2025/06/Foreign-Postal-Mail-Services-destinations-listed-JUN-2025-1.pdf,
phone,pass,Published phone: 0000001671 ,https://slpost.gov.lk/wp-content/uploads/2025/06/Foreign-Postal-Mail-Services-destinations-listed-JUN-2025-1.pdf,
phone,pass,Published phone: 0000000356 ,https://slpost.gov.lk/wp-content/uploads/2025/06/Foreign-Postal-Mail-Services-destinations-listed-JUN-2025-1.pdf,
phone,pass,Published phone: 0000000907 ,https://slpost.gov.lk/wp-content/uploads/2025/06/Foreign-Postal-Mail-Services-destinations-listed-JUN-2025-1.pdf,
phone,pass,Published phone: 0000001151 ,https://slpost.gov.lk/wp-content/uploads/2025/06/Foreign-Postal-Mail-Services-destinations-listed-JUN-2025-1.pdf,
phone,pass,Published phone: 0000000687 ,https://slpost.gov.lk/wp-content/uploads/2025/06/Foreign-Postal-Mail-Services-destinations-listed-JUN-2025-1.pdf,
phone,pass,Published phone: 0000000042 ,https://slpost.gov.lk/wp-content/uploads/2025/06/Foreign-Postal-Mail-Services-destinations-listed-JUN-2025-1.pdf,
phone,pass,Published phone: 0000000227 ,https://slpost.gov.lk/wp-content/uploads/2025/06/Foreign-Postal-Mail-Services-destinations-listed-JUN-2025-1.pdf,
phone,pass,Published phone: 0000000110 ,https://slpost.gov.lk/wp-content/uploads/2025/06/Foreign-Postal-Mail-Services-destinations-listed-JUN-2025-1.pdf,
phone,pass,Published phone: 0000000209 ,https://slpost.gov.lk/wp-content/uploads/2025/06/Foreign-Postal-Mail-Services-destinations-listed-JUN-2025-1.pdf,
phone,pass,Published phone: 0000000901 ,https://slpost.gov.lk/wp-content/uploads/2025/06/Foreign-Postal-Mail-Services-destinations-listed-JUN-2025-1.pdf,
phone,pass,Published phone: 0000000379 ,https://slpost.gov.lk/wp-content/uploads/2025/06/Foreign-Postal-Mail-Services-destinations-listed-JUN-2025-1.pdf,
phone,pass,Published phone: 0000000982 ,https://slpost.gov.lk/wp-content/uploads/2025/06/Foreign-Postal-Mail-Services-destinations-listed-JUN-2025-1.pdf,
phone,pass,Published phone: 0000001371 ,https://slpost.gov.lk/wp-content/uploads/2025/06/Foreign-Postal-Mail-Services-destinations-listed-JUN-2025-1.pdf,
phone,pass,Published phone: 0000001259 ,https://slpost.gov.lk/wp-content/uploads/2025/06/Foreign-Postal-Mail-Services-destinations-listed-JUN-2025-1.pdf,
phone,pass,Published phone: 0000000191 ,https://slpost.gov.lk/wp-content/uploads/2025/06/Foreign-Postal-Mail-Services-destinations-listed-JUN-2025-1.pdf,
phone,pass,Published phone: 0000000051 ,https://slpost.gov.lk/wp-content/uploads/2025/06/Foreign-Postal-Mail-Services-destinations-listed-JUN-2025-1.pdf,
phone,pass,Published phone: 0000000878 ,https://slpost.gov.lk/wp-content/uploads/2025/06/Foreign-Postal-Mail-Services-destinations-listed-JUN-2025-1.pdf,
phone,pass,Published phone: 0000000635 ,https://slpost.gov.lk/wp-content/uploads/2025/06/Foreign-Postal-Mail-Services-destinations-listed-JUN-2025-1.pdf,
phone,pass,Published phone: 0000001268 ,https://slpost.gov.lk/wp-content/uploads/2025/06/Foreign-Postal-Mail-Services-destinations-listed-JUN-2025-1.pdf,
phone,pass,Published phone: 0000000533 ,https://slpost.gov.lk/wp-content/uploads/2025/06/Foreign-Postal-Mail-Services-destinations-listed-JUN-2025-1.pdf,
phone,pass,Published phone: 0000001647 ,https://slpost.gov.lk/wp-content/uploads/2025/06/Foreign-Postal-Mail-Services-destinations-listed-JUN-2025-1.pdf,
phone,pass,Published phone: 0 0 0 0 0 0 0 0 0 0 ,https://slpost.gov.lk/wp-content/uploads/2025/06/Foreign-Postal-Mail-Services-destinations-listed-JUN-2025-1.pdf,
phone,pass,Published phone: 0000000038 ,https://slpost.gov.lk/wp-content/uploads/2025/06/Foreign-Postal-Mail-Services-destinations-listed-JUN-2025-1.pdf,
phone,pass,Published phone: 0000000642 ,https://slpost.gov.lk/wp-content/uploads/2025/06/Foreign-Postal-Mail-Services-destinations-listed-JUN-2025-1.pdf,
phone,pass,Published phone: 0000000245 ,https://slpost.gov.lk/wp-content/uploads/2025/06/Foreign-Postal-Mail-Services-destinations-listed-JUN-2025-1.pdf,
phone,pass,Published phone: 0000000558 ,https://slpost.gov.lk/wp-content/uploads/2025/06/Foreign-Postal-Mail-Services-destinations-listed-JUN-2025-1.pdf,
phone,pass,Published phone: 0000012818 ,https://slpost.gov.lk/wp-content/uploads/2025/06/Foreign-Postal-Mail-Services-destinations-listed-JUN-2025-1.pdf,
phone,pass,Published phone: 0000000308 ,https://slpost.gov.lk/wp-content/uploads/2025/06/Foreign-Postal-Mail-Services-destinations-listed-JUN-2025-1.pdf,
phone,pass,Published phone: 0000000178 ,https://slpost.gov.lk/wp-content/uploads/2025/06/Foreign-Postal-Mail-Services-destinations-listed-JUN-2025-1.pdf,
phone,pass,Published phone: 0000001326 ,https://slpost.gov.lk/wp-content/uploads/2025/06/Foreign-Postal-Mail-Services-destinations-listed-JUN-2025-1.pdf,
phone,pass,Published phone: 0000001556 ,https://slpost.gov.lk/wp-content/uploads/2025/06/Foreign-Postal-Mail-Services-destinations-listed-JUN-2025-1.pdf,
phone,pass,Published phone: 0000000595 ,https://slpost.gov.lk/wp-content/uploads/2025/06/Foreign-Postal-Mail-Services-destinations-listed-JUN-2025-1.pdf,
phone,pass,Published phone: 0000000773 ,https://slpost.gov.lk/wp-content/uploads/2025/06/Foreign-Postal-Mail-Services-destinations-listed-JUN-2025-1.pdf,
phone,pass,Published phone: 0000000970 ,https://slpost.gov.lk/wp-content/uploads/2025/06/Foreign-Postal-Mail-Services-destinations-listed-JUN-2025-1.pdf,
phone,pass,Published phone: 0000001136 ,https://slpost.gov.lk/wp-content/uploads/2025/06/Foreign-Postal-Mail-Services-destinations-listed-JUN-2025-1.pdf,
phone,pass,Published phone: 0000000404 ,https://slpost.gov.lk/wp-content/uploads/2025/06/Foreign-Postal-Mail-Services-destinations-listed-JUN-2025-1.pdf,
phone,pass,Published phone: 0000001077 ,https://slpost.gov.lk/wp-content/uploads/2025/06/Foreign-Postal-Mail-Services-destinations-listed-JUN-2025-1.pdf,
phone,pass,Published phone: 0000001754 ,https://slpost.gov.lk/wp-content/uploads/2025/06/Foreign-Postal-Mail-Services-destinations-listed-JUN-2025-1.pdf,
phone,pass,Published phone: 0000001869 ,https://slpost.gov.lk/wp-content/uploads/2025/06/Foreign-Postal-Mail-Services-destinations-listed-JUN-2025-1.pdf,
phone,pass,Published phone: 0000000835 ,https://slpost.gov.lk/wp-content/uploads/2025/06/Foreign-Postal-Mail-Services-destinations-listed-JUN-2025-1.pdf,
phone,pass,Published phone: 0000001061 ,https://slpost.gov.lk/wp-content/uploads/2025/06/Foreign-Postal-Mail-Services-destinations-listed-JUN-2025-1.pdf,
phone,pass,Published phone: 0000000761 ,https://slpost.gov.lk/wp-content/uploads/2025/06/Foreign-Postal-Mail-Services-destinations-listed-JUN-2025-1.pdf,
phone,pass,Published phone: 0000000407 ,https://slpost.gov.lk/wp-content/uploads/2025/06/Foreign-Postal-Mail-Services-destinations-listed-JUN-2025-1.pdf,
phone,pass,Published phone: 0000000272 ,https://slpost.gov.lk/wp-content/uploads/2025/06/Foreign-Postal-Mail-Services-destinations-listed-JUN-2025-1.pdf,
phone,pass,Published phone: 0000000563 ,https://slpost.gov.lk/wp-content/uploads/2025/06/Foreign-Postal-Mail-Services-destinations-listed-JUN-2025-1.pdf,
phone,pass,Published phone: 0000001210 ,https://slpost.gov.lk/wp-content/uploads/2025/06/Foreign-Postal-Mail-Services-destinations-listed-JUN-2025-1.pdf,
phone,pass,Published phone: 0000000409 ,https://slpost.gov.lk/wp-content/uploads/2025/06/Foreign-Postal-Mail-Services-destinations-listed-JUN-2025-1.pdf,
phone,pass,Published phone: 0000001101 ,https://slpost.gov.lk/wp-content/uploads/2025/06/Foreign-Postal-Mail-Services-destinations-listed-JUN-2025-1.pdf,
phone,pass,Published phone: 0000000201 ,https://slpost.gov.lk/wp-content/uploads/2025/06/Foreign-Postal-Mail-Services-destinations-listed-JUN-2025-1.pdf,
phone,pass,Published phone: 0000000169 ,https://slpost.gov.lk/wp-content/uploads/2025/06/Foreign-Postal-Mail-Services-destinations-listed-JUN-2025-1.pdf,
phone,pass,Published phone: 0000000536 ,https://slpost.gov.lk/wp-content/uploads/2025/06/Foreign-Postal-Mail-Services-destinations-listed-JUN-2025-1.pdf,
phone,pass,Published phone: 0000001820 ,https://slpost.gov.lk/wp-content/uploads/2025/06/Foreign-Postal-Mail-Services-destinations-listed-JUN-2025-1.pdf,
phone,pass,Published phone: 0000001372 ,https://slpost.gov.lk/wp-content/uploads/2025/06/Foreign-Postal-Mail-Services-destinations-listed-JUN-2025-1.pdf,
phone,pass,Published phone: 0000001291 ,https://slpost.gov.lk/wp-content/uploads/2025/06/Foreign-Postal-Mail-Services-destinations-listed-JUN-2025-1.pdf,
phone,pass,Published phone: 0000001223 ,https://slpost.gov.lk/wp-content/uploads/2025/06/Foreign-Postal-Mail-Services-destinations-listed-JUN-2025-1.pdf,
phone,pass,Published phone: 0000001665 ,https://slpost.gov.lk/wp-content/uploads/2025/06/Foreign-Postal-Mail-Services-destinations-listed-JUN-2025-1.pdf,
phone,pass,Published phone: 0000001064 ,https://slpost.gov.lk/wp-content/uploads/2025/06/Foreign-Postal-Mail-Services-destinations-listed-JUN-2025-1.pdf,
phone,pass,Published phone: 0000000516 ,https://slpost.gov.lk/wp-content/uploads/2025/06/Foreign-Postal-Mail-Services-destinations-listed-JUN-2025-1.pdf,
phone,pass,Published phone: 0000001563 ,https://slpost.gov.lk/wp-content/uploads/2025/06/Foreign-Postal-Mail-Services-destinations-listed-JUN-2025-1.pdf,
phone,pass,Published phone: 0000000464 ,https://slpost.gov.lk/wp-content/uploads/2025/06/Foreign-Postal-Mail-Services-destinations-listed-JUN-2025-1.pdf,
phone,pass,Published phone: 0000001385 ,https://slpost.gov.lk/wp-content/uploads/2025/06/Foreign-Postal-Mail-Services-destinations-listed-JUN-2025-1.pdf,
phone,pass,Published phone: 0000000737 ,https://slpost.gov.lk/wp-content/uploads/2025/06/Foreign-Postal-Mail-Services-destinations-listed-JUN-2025-1.pdf,
phone,pass,Published phone: 0000000570 ,https://slpost.gov.lk/wp-content/uploads/2025/06/Foreign-Postal-Mail-Services-destinations-listed-JUN-2025-1.pdf,
phone,pass,Published phone: 0000001236 ,https://slpost.gov.lk/wp-content/uploads/2025/06/Foreign-Postal-Mail-Services-destinations-listed-JUN-2025-1.pdf,
phone,pass,Published phone: 0000000260 ,https://slpost.gov.lk/wp-content/uploads/2025/06/Foreign-Postal-Mail-Services-destinations-listed-JUN-2025-1.pdf,
phone,pass,Published phone: 0000000847 ,https://slpost.gov.lk/wp-content/uploads/2025/06/Foreign-Postal-Mail-Services-destinations-listed-JUN-2025-1.pdf,
phone,pass,Published phone: 0000001079 ,https://slpost.gov.lk/wp-content/uploads/2025/06/Foreign-Postal-Mail-Services-destinations-listed-JUN-2025-1.pdf,
phone,pass,Published phone: 0000001358 ,https://slpost.gov.lk/wp-content/uploads/2025/06/Foreign-Postal-Mail-Services-destinations-listed-JUN-2025-1.pdf,
phone,pass,Published phone: 0000001074 ,https://slpost.gov.lk/wp-content/uploads/2025/06/Foreign-Postal-Mail-Services-destinations-listed-JUN-2025-1.pdf,
phone,pass,Published phone: 0000000921 ,https://slpost.gov.lk/wp-content/uploads/2025/06/Foreign-Postal-Mail-Services-destinations-listed-JUN-2025-1.pdf,
phone,pass,Published phone: 0000001069 ,https://slpost.gov.lk/wp-content/uploads/2025/06/Foreign-Postal-Mail-Services-destinations-listed-JUN-2025-1.pdf,
phone,pass,Published phone: 0000001727 ,https://slpost.gov.lk/wp-content/uploads/2025/06/Foreign-Postal-Mail-Services-destinations-listed-JUN-2025-1.pdf,
phone,pass,Published phone: 0000000892 ,https://slpost.gov.lk/wp-content/uploads/2025/06/Foreign-Postal-Mail-Services-destinations-listed-JUN-2025-1.pdf,
phone,pass,Published phone: 0000000914 ,https://slpost.gov.lk/wp-content/uploads/2025/06/Foreign-Postal-Mail-Services-destinations-listed-JUN-2025-1.pdf,
phone,pass,Published phone: 0000001823 ,https://slpost.gov.lk/wp-content/uploads/2025/06/Foreign-Postal-Mail-Services-destinations-listed-JUN-2025-1.pdf,
phone,pass,Published phone: 0000000296 ,https://slpost.gov.lk/wp-content/uploads/2025/06/Foreign-Postal-Mail-Services-destinations-listed-JUN-2025-1.pdf,
phone,pass,Published phone: 0000000506 ,https://slpost.gov.lk/wp-content/uploads/2025/06/Foreign-Postal-Mail-Services-destinations-listed-JUN-2025-1.pdf,
phone,pass,Published phone: 0000000528 ,https://slpost.gov.lk/wp-content/uploads/2025/06/Foreign-Postal-Mail-Services-destinations-listed-JUN-2025-1.pdf,
phone,pass,Published phone: 0000001833 ,https://slpost.gov.lk/wp-content/uploads/2025/06/Foreign-Postal-Mail-Services-destinations-listed-JUN-2025-1.pdf,
phone,pass,Published phone: 0000000063 ,https://slpost.gov.lk/wp-content/uploads/2025/06/Foreign-Postal-Mail-Services-destinations-listed-JUN-2025-1.pdf,
phone,pass,Published phone: 0000001890 ,https://slpost.gov.lk/wp-content/uploads/2025/06/Foreign-Postal-Mail-Services-destinations-listed-JUN-2025-1.pdf,
phone,pass,Published phone: 0000000765 ,https://slpost.gov.lk/wp-content/uploads/2025/06/Foreign-Postal-Mail-Services-destinations-listed-JUN-2025-1.pdf,
phone,pass,Published phone: 0000000162 ,https://slpost.gov.lk/wp-content/uploads/2025/06/Foreign-Postal-Mail-Services-destinations-listed-JUN-2025-1.pdf,
phone,pass,Published phone: 0000000747 ,https://slpost.gov.lk/wp-content/uploads/2025/06/Foreign-Postal-Mail-Services-destinations-listed-JUN-2025-1.pdf,
phone,pass,Published phone: 0000000653 ,https://slpost.gov.lk/wp-content/uploads/2025/06/Foreign-Postal-Mail-Services-destinations-listed-JUN-2025-1.pdf,
phone,pass,Published phone: 0000001081 ,https://slpost.gov.lk/wp-content/uploads/2025/06/Foreign-Postal-Mail-Services-destinations-listed-JUN-2025-1.pdf,
phone,pass,Published phone: 0000000210 ,https://slpost.gov.lk/wp-content/uploads/2025/06/Foreign-Postal-Mail-Services-destinations-listed-JUN-2025-1.pdf,
phone,pass,Published phone: 0000000659 ,https://slpost.gov.lk/wp-content/uploads/2025/06/Foreign-Postal-Mail-Services-destinations-listed-JUN-2025-1.pdf,
phone,pass,Published phone: 0000000067 ,https://slpost.gov.lk/wp-content/uploads/2025/06/Foreign-Postal-Mail-Services-destinations-listed-JUN-2025-1.pdf,
phone,pass,Published phone: 0000001519 ,https://slpost.gov.lk/wp-content/uploads/2025/06/Foreign-Postal-Mail-Services-destinations-listed-JUN-2025-1.pdf,
phone,pass,Published phone: 0000001577 ,https://slpost.gov.lk/wp-content/uploads/2025/06/Foreign-Postal-Mail-Services-destinations-listed-JUN-2025-1.pdf,
phone,pass,Published phone: 0000001717 ,https://slpost.gov.lk/wp-content/uploads/2025/06/Foreign-Postal-Mail-Services-destinations-listed-JUN-2025-1.pdf,
phone,pass,Published phone: 0000000530 ,https://slpost.gov.lk/wp-content/uploads/2025/06/Foreign-Postal-Mail-Services-destinations-listed-JUN-2025-1.pdf,
phone,pass,Published phone: 0000000893 ,https://slpost.gov.lk/wp-content/uploads/2025/06/Foreign-Postal-Mail-Services-destinations-listed-JUN-2025-1.pdf,
phone,pass,Published phone: 0000001115 ,https://slpost.gov.lk/wp-content/uploads/2025/06/Foreign-Postal-Mail-Services-destinations-listed-JUN-2025-1.pdf,
phone,pass,Published phone: 0000000396 ,https://slpost.gov.lk/wp-content/uploads/2025/06/Foreign-Postal-Mail-Services-destinations-listed-JUN-2025-1.pdf,
phone,pass,Published phone: 0000000527 ,https://slpost.gov.lk/wp-content/uploads/2025/06/Foreign-Postal-Mail-Services-destinations-listed-JUN-2025-1.pdf,
phone,pass,Published phone: 0000001489 ,https://slpost.gov.lk/wp-content/uploads/2025/06/Foreign-Postal-Mail-Services-destinations-listed-JUN-2025-1.pdf,
phone,pass,Published phone: 0000000538 ,https://slpost.gov.lk/wp-content/uploads/2025/06/Foreign-Postal-Mail-Services-destinations-listed-JUN-2025-1.pdf,
phone,pass,Published phone: 0000000796 ,https://slpost.gov.lk/wp-content/uploads/2025/06/Foreign-Postal-Mail-Services-destinations-listed-JUN-2025-1.pdf,
phone,pass,Published phone: 0000000601 ,https://slpost.gov.lk/wp-content/uploads/2025/06/Foreign-Postal-Mail-Services-destinations-listed-JUN-2025-1.pdf,
phone,pass,Published phone: 0000001770 ,https://slpost.gov.lk/wp-content/uploads/2025/06/Foreign-Postal-Mail-Services-destinations-listed-JUN-2025-1.pdf,
phone,pass,Published phone: 0000000124 ,https://slpost.gov.lk/wp-content/uploads/2025/06/Foreign-Postal-Mail-Services-destinations-listed-JUN-2025-1.pdf,
phone,pass,Published phone: 0000024569 ,https://slpost.gov.lk/wp-content/uploads/2025/06/Foreign-Postal-Mail-Services-destinations-listed-JUN-2025-1.pdf,
phone,pass,Published phone: 0000001641 ,https://slpost.gov.lk/wp-content/uploads/2025/06/Foreign-Postal-Mail-Services-destinations-listed-JUN-2025-1.pdf,
phone,pass,Published phone: 0000001460 ,https://slpost.gov.lk/wp-content/uploads/2025/06/Foreign-Postal-Mail-Services-destinations-listed-JUN-2025-1.pdf,
phone,pass,Published phone: 0000000202 ,https://slpost.gov.lk/wp-content/uploads/2025/06/Foreign-Postal-Mail-Services-destinations-listed-JUN-2025-1.pdf,
phone,pass,Published phone: 0000001615 ,https://slpost.gov.lk/wp-content/uploads/2025/06/Foreign-Postal-Mail-Services-destinations-listed-JUN-2025-1.pdf,
phone,pass,Published phone: 0000001527 ,https://slpost.gov.lk/wp-content/uploads/2025/06/Foreign-Postal-Mail-Services-destinations-listed-JUN-2025-1.pdf,
phone,pass,Published phone: 0000000494 ,https://slpost.gov.lk/wp-content/uploads/2025/06/Foreign-Postal-Mail-Services-destinations-listed-JUN-2025-1.pdf,
phone,pass,Published phone: 0000000143 ,https://slpost.gov.lk/wp-content/uploads/2025/06/Foreign-Postal-Mail-Services-destinations-listed-JUN-2025-1.pdf,
phone,pass,Published phone: 0000001366 ,https://slpost.gov.lk/wp-content/uploads/2025/06/Foreign-Postal-Mail-Services-destinations-listed-JUN-2025-1.pdf,
phone,pass,Published phone: 0000000479 ,https://slpost.gov.lk/wp-content/uploads/2025/06/Foreign-Postal-Mail-Services-destinations-listed-JUN-2025-1.pdf,
phone,pass,Published phone: 0000001634 ,https://slpost.gov.lk/wp-content/uploads/2025/06/Foreign-Postal-Mail-Services-destinations-listed-JUN-2025-1.pdf,
phone,pass,Published phone: 0000001329 ,https://slpost.gov.lk/wp-content/uploads/2025/06/Foreign-Postal-Mail-Services-destinations-listed-JUN-2025-1.pdf,
phone,pass,Published phone: 0000001608 ,https://slpost.gov.lk/wp-content/uploads/2025/06/Foreign-Postal-Mail-Services-destinations-listed-JUN-2025-1.pdf,
phone,pass,Published phone: 0000001052 ,https://slpost.gov.lk/wp-content/uploads/2025/06/Foreign-Postal-Mail-Services-destinations-listed-JUN-2025-1.pdf,
phone,pass,Published phone: 0000000098 ,https://slpost.gov.lk/wp-content/uploads/2025/06/Foreign-Postal-Mail-Services-destinations-listed-JUN-2025-1.pdf,
phone,pass,Published phone: 0000001649 ,https://slpost.gov.lk/wp-content/uploads/2025/06/Foreign-Postal-Mail-Services-destinations-listed-JUN-2025-1.pdf,
phone,pass,Published phone: 0000001543 ,https://slpost.gov.lk/wp-content/uploads/2025/06/Foreign-Postal-Mail-Services-destinations-listed-JUN-2025-1.pdf,
phone,pass,Published phone: 0000000930 ,https://slpost.gov.lk/wp-content/uploads/2025/06/Foreign-Postal-Mail-Services-destinations-listed-JUN-2025-1.pdf,
phone,pass,Published phone: 0000000975 ,https://slpost.gov.lk/wp-content/uploads/2025/06/Foreign-Postal-Mail-Services-destinations-listed-JUN-2025-1.pdf,
phone,pass,Published phone: 0000000905 ,https://slpost.gov.lk/wp-content/uploads/2025/06/Foreign-Postal-Mail-Services-destinations-listed-JUN-2025-1.pdf,
phone,pass,Published phone: 0000001363 ,https://slpost.gov.lk/wp-content/uploads/2025/06/Foreign-Postal-Mail-Services-destinations-listed-JUN-2025-1.pdf,
phone,pass,Published phone: 0000000564 ,https://slpost.gov.lk/wp-content/uploads/2025/06/Foreign-Postal-Mail-Services-destinations-listed-JUN-2025-1.pdf,
phone,pass,Published phone: 0000001798 ,https://slpost.gov.lk/wp-content/uploads/2025/06/Foreign-Postal-Mail-Services-destinations-listed-JUN-2025-1.pdf,
phone,pass,Published phone: 0000000157 ,https://slpost.gov.lk/wp-content/uploads/2025/06/Foreign-Postal-Mail-Services-destinations-listed-JUN-2025-1.pdf,
phone,pass,Published phone: 0000000725 ,https://slpost.gov.lk/wp-content/uploads/2025/06/Foreign-Postal-Mail-Services-destinations-listed-JUN-2025-1.pdf,
phone,pass,Published phone: 0000000748 ,https://slpost.gov.lk/wp-content/uploads/2025/06/Foreign-Postal-Mail-Services-destinations-listed-JUN-2025-1.pdf,
phone,pass,Published phone: 0000000253 ,https://slpost.gov.lk/wp-content/uploads/2025/06/Foreign-Postal-Mail-Services-destinations-listed-JUN-2025-1.pdf,
phone,pass,Published phone: 0000000371 ,https://slpost.gov.lk/wp-content/uploads/2025/06/Foreign-Postal-Mail-Services-destinations-listed-JUN-2025-1.pdf,
phone,pass,Published phone: 0000000387 ,https://slpost.gov.lk/wp-content/uploads/2025/06/Foreign-Postal-Mail-Services-destinations-listed-JUN-2025-1.pdf,
phone,pass,Published phone: 0000000095 ,https://slpost.gov.lk/wp-content/uploads/2025/06/Foreign-Postal-Mail-Services-destinations-listed-JUN-2025-1.pdf,
phone,pass,Published phone: 0000037307 ,https://slpost.gov.lk/wp-content/uploads/2025/06/Foreign-Postal-Mail-Services-destinations-listed-JUN-2025-1.pdf,
phone,pass,Published phone: 0000001799 ,https://slpost.gov.lk/wp-content/uploads/2025/06/Foreign-Postal-Mail-Services-destinations-listed-JUN-2025-1.pdf,
phone,pass,Published phone: 0000001724 ,https://slpost.gov.lk/wp-content/uploads/2025/06/Foreign-Postal-Mail-Services-destinations-listed-JUN-2025-1.pdf,
phone,pass,Published phone: 0000000294 ,https://slpost.gov.lk/wp-content/uploads/2025/06/Foreign-Postal-Mail-Services-destinations-listed-JUN-2025-1.pdf,
phone,pass,Published phone: 0000001156 ,https://slpost.gov.lk/wp-content/uploads/2025/06/Foreign-Postal-Mail-Services-destinations-listed-JUN-2025-1.pdf,
phone,pass,Published phone: 0000001078 ,https://slpost.gov.lk/wp-content/uploads/2025/06/Foreign-Postal-Mail-Services-destinations-listed-JUN-2025-1.pdf,
phone,pass,Published phone: 0000000633 ,https://slpost.gov.lk/wp-content/uploads/2025/06/Foreign-Postal-Mail-Services-destinations-listed-JUN-2025-1.pdf,
phone,pass,Published phone: 0000000739 ,https://slpost.gov.lk/wp-content/uploads/2025/06/Foreign-Postal-Mail-Services-destinations-listed-JUN-2025-1.pdf,
phone,pass,Published phone: 0000000615 ,https://slpost.gov.lk/wp-content/uploads/2025/06/Foreign-Postal-Mail-Services-destinations-listed-JUN-2025-1.pdf,
phone,pass,Published phone: 0000000913 ,https://slpost.gov.lk/wp-content/uploads/2025/06/Foreign-Postal-Mail-Services-destinations-listed-JUN-2025-1.pdf,
phone,pass,Published phone: 0000001373 ,https://slpost.gov.lk/wp-content/uploads/2025/06/Foreign-Postal-Mail-Services-destinations-listed-JUN-2025-1.pdf,
phone,pass,Published phone: 0000000960 ,https://slpost.gov.lk/wp-content/uploads/2025/06/Foreign-Postal-Mail-Services-destinations-listed-JUN-2025-1.pdf,
phone,pass,Published phone: 0000001659 ,https://slpost.gov.lk/wp-content/uploads/2025/06/Foreign-Postal-Mail-Services-destinations-listed-JUN-2025-1.pdf,
phone,pass,Published phone: 0000001817 ,https://slpost.gov.lk/wp-content/uploads/2025/06/Foreign-Postal-Mail-Services-destinations-listed-JUN-2025-1.pdf,
phone,pass,Published phone: 0000001644 ,https://slpost.gov.lk/wp-content/uploads/2025/06/Foreign-Postal-Mail-Services-destinations-listed-JUN-2025-1.pdf,
phone,pass,Published phone: 0000000078 ,https://slpost.gov.lk/wp-content/uploads/2025/06/Foreign-Postal-Mail-Services-destinations-listed-JUN-2025-1.pdf,
phone,pass,Published phone: 0000000672 ,https://slpost.gov.lk/wp-content/uploads/2025/06/Foreign-Postal-Mail-Services-destinations-listed-JUN-2025-1.pdf,
phone,pass,Published phone: 0000001199 ,https://slpost.gov.lk/wp-content/uploads/2025/06/Foreign-Postal-Mail-Services-destinations-listed-JUN-2025-1.pdf,
phone,pass,Published phone: 0000000701 ,https://slpost.gov.lk/wp-content/uploads/2025/06/Foreign-Postal-Mail-Services-destinations-listed-JUN-2025-1.pdf,
phone,pass,Published phone: 0000000240 ,https://slpost.gov.lk/wp-content/uploads/2025/06/Foreign-Postal-Mail-Services-destinations-listed-JUN-2025-1.pdf,
phone,pass,Published phone: 0000001497 ,https://slpost.gov.lk/wp-content/uploads/2025/06/Foreign-Postal-Mail-Services-destinations-listed-JUN-2025-1.pdf,
phone,pass,Published phone: 0000001048 ,https://slpost.gov.lk/wp-content/uploads/2025/06/Foreign-Postal-Mail-Services-destinations-listed-JUN-2025-1.pdf,
phone,pass,Published phone: 0000001762 ,https://slpost.gov.lk/wp-content/uploads/2025/06/Foreign-Postal-Mail-Services-destinations-listed-JUN-2025-1.pdf,
phone,pass,Published phone: 0000000957 ,https://slpost.gov.lk/wp-content/uploads/2025/06/Foreign-Postal-Mail-Services-destinations-listed-JUN-2025-1.pdf,
phone,pass,Published phone: 0000001845 ,https://slpost.gov.lk/wp-content/uploads/2025/06/Foreign-Postal-Mail-Services-destinations-listed-JUN-2025-1.pdf,
phone,pass,Published phone: 0000000751 ,https://slpost.gov.lk/wp-content/uploads/2025/06/Foreign-Postal-Mail-Services-destinations-listed-JUN-2025-1.pdf,
phone,pass,Published phone: 0000000797 ,https://slpost.gov.lk/wp-content/uploads/2025/06/Foreign-Postal-Mail-Services-destinations-listed-JUN-2025-1.pdf,
phone,pass,Published phone: 0000001450 ,https://slpost.gov.lk/wp-content/uploads/2025/06/Foreign-Postal-Mail-Services-destinations-listed-JUN-2025-1.pdf,
phone,pass,Published phone: 0000001316 ,https://slpost.gov.lk/wp-content/uploads/2025/06/Foreign-Postal-Mail-Services-destinations-listed-JUN-2025-1.pdf,
phone,pass,Published phone: 0000000709 ,https://slpost.gov.lk/wp-content/uploads/2025/06/Foreign-Postal-Mail-Services-destinations-listed-JUN-2025-1.pdf,
phone,pass,Published phone: 0000001294 ,https://slpost.gov.lk/wp-content/uploads/2025/06/Foreign-Postal-Mail-Services-destinations-listed-JUN-2025-1.pdf,
phone,pass,Published phone: 0000001854 ,https://slpost.gov.lk/wp-content/uploads/2025/06/Foreign-Postal-Mail-Services-destinations-listed-JUN-2025-1.pdf,
phone,pass,Published phone: 0000001432 ,https://slpost.gov.lk/wp-content/uploads/2025/06/Foreign-Postal-Mail-Services-destinations-listed-JUN-2025-1.pdf,
phone,pass,Published phone: 0000001883 ,https://slpost.gov.lk/wp-content/uploads/2025/06/Foreign-Postal-Mail-Services-destinations-listed-JUN-2025-1.pdf,
phone,pass,Published phone: 0000000722 ,https://slpost.gov.lk/wp-content/uploads/2025/06/Foreign-Postal-Mail-Services-destinations-listed-JUN-2025-1.pdf,
phone,pass,Published phone: 0000000677 ,https://slpost.gov.lk/wp-content/uploads/2025/06/Foreign-Postal-Mail-Services-destinations-listed-JUN-2025-1.pdf,
phone,pass,Published phone: 0000001388 ,https://slpost.gov.lk/wp-content/uploads/2025/06/Foreign-Postal-Mail-Services-destinations-listed-JUN-2025-1.pdf,
phone,pass,Published phone: 0000001514 ,https://slpost.gov.lk/wp-content/uploads/2025/06/Foreign-Postal-Mail-Services-destinations-listed-JUN-2025-1.pdf,
phone,pass,Published phone: 0000001437 ,https://slpost.gov.lk/wp-content/uploads/2025/06/Foreign-Postal-Mail-Services-destinations-listed-JUN-2025-1.pdf,
phone,pass,Published phone: 0000001433 ,https://slpost.gov.lk/wp-content/uploads/2025/06/Foreign-Postal-Mail-Services-destinations-listed-JUN-2025-1.pdf,
phone,pass,Published phone: 0000001083 ,https://slpost.gov.lk/wp-content/uploads/2025/06/Foreign-Postal-Mail-Services-destinations-listed-JUN-2025-1.pdf,
phone,pass,Published phone: 0000001547 ,https://slpost.gov.lk/wp-content/uploads/2025/06/Foreign-Postal-Mail-Services-destinations-listed-JUN-2025-1.pdf,
phone,pass,Published phone: 0000001325 ,https://slpost.gov.lk/wp-content/uploads/2025/06/Foreign-Postal-Mail-Services-destinations-listed-JUN-2025-1.pdf,
phone,pass,Published phone: 0000000500 ,https://slpost.gov.lk/wp-content/uploads/2025/06/Foreign-Postal-Mail-Services-destinations-listed-JUN-2025-1.pdf,
phone,pass,Published phone: 0000001337 ,https://slpost.gov.lk/wp-content/uploads/2025/06/Foreign-Postal-Mail-Services-destinations-listed-JUN-2025-1.pdf,
phone,pass,Published phone: 0000000663 ,https://slpost.gov.lk/wp-content/uploads/2025/06/Foreign-Postal-Mail-Services-destinations-listed-JUN-2025-1.pdf,
phone,pass,Published phone: 0000001736 ,https://slpost.gov.lk/wp-content/uploads/2025/06/Foreign-Postal-Mail-Services-destinations-listed-JUN-2025-1.pdf,
phone,pass,Published phone: 0000001870 ,https://slpost.gov.lk/wp-content/uploads/2025/06/Foreign-Postal-Mail-Services-destinations-listed-JUN-2025-1.pdf,
phone,pass,Published phone: 0000000102 ,https://slpost.gov.lk/wp-content/uploads/2025/06/Foreign-Postal-Mail-Services-destinations-listed-JUN-2025-1.pdf,
phone,pass,Published phone: 0000000335 ,https://slpost.gov.lk/wp-content/uploads/2025/06/Foreign-Postal-Mail-Services-destinations-listed-JUN-2025-1.pdf,
phone,pass,Published phone: 0000000667 ,https://slpost.gov.lk/wp-content/uploads/2025/06/Foreign-Postal-Mail-Services-destinations-listed-JUN-2025-1.pdf,
phone,pass,Published phone: 0000000783 ,https://slpost.gov.lk/wp-content/uploads/2025/06/Foreign-Postal-Mail-Services-destinations-listed-JUN-2025-1.pdf,
phone,pass,Published phone: 0000000685 ,https://slpost.gov.lk/wp-content/uploads/2025/06/Foreign-Postal-Mail-Services-destinations-listed-JUN-2025-1.pdf,
phone,pass,Published phone: 0000001250 ,https://slpost.gov.lk/wp-content/uploads/2025/06/Foreign-Postal-Mail-Services-destinations-listed-JUN-2025-1.pdf,
phone,pass,Published phone: 0000000486 ,https://slpost.gov.lk/wp-content/uploads/2025/06/Foreign-Postal-Mail-Services-destinations-listed-JUN-2025-1.pdf,
phone,pass,Published phone: 0000000784 ,https://slpost.gov.lk/wp-content/uploads/2025/06/Foreign-Postal-Mail-Services-destinations-listed-JUN-2025-1.pdf,
phone,pass,Published phone: 0000001431 ,https://slpost.gov.lk/wp-content/uploads/2025/06/Foreign-Postal-Mail-Services-destinations-listed-JUN-2025-1.pdf,
phone,pass,Published phone: 0000000552 ,https://slpost.gov.lk/wp-content/uploads/2025/06/Foreign-Postal-Mail-Services-destinations-listed-JUN-2025-1.pdf,
phone,pass,Published phone: 0000000465 ,https://slpost.gov.lk/wp-content/uploads/2025/06/Foreign-Postal-Mail-Services-destinations-listed-JUN-2025-1.pdf,
phone,pass,Published phone: 0000000064 ,https://slpost.gov.lk/wp-content/uploads/2025/06/Foreign-Postal-Mail-Services-destinations-listed-JUN-2025-1.pdf,
phone,pass,Published phone: 0000000447 ,https://slpost.gov.lk/wp-content/uploads/2025/06/Foreign-Postal-Mail-Services-destinations-listed-JUN-2025-1.pdf,
phone,pass,Published phone: 0000001138 ,https://slpost.gov.lk/wp-content/uploads/2025/06/Foreign-Postal-Mail-Services-destinations-listed-JUN-2025-1.pdf,
phone,pass,Published phone: 0000001645 ,https://slpost.gov.lk/wp-content/uploads/2025/06/Foreign-Postal-Mail-Services-destinations-listed-JUN-2025-1.pdf,
phone,pass,Published phone: 0000000197 ,https://slpost.gov.lk/wp-content/uploads/2025/06/Foreign-Postal-Mail-Services-destinations-listed-JUN-2025-1.pdf,
phone,pass,Published phone: 0000000265 ,https://slpost.gov.lk/wp-content/uploads/2025/06/Foreign-Postal-Mail-Services-destinations-listed-JUN-2025-1.pdf,
phone,pass,Published phone: 0000000312 ,https://slpost.gov.lk/wp-content/uploads/2025/06/Foreign-Postal-Mail-Services-destinations-listed-JUN-2025-1.pdf,
phone,pass,Published phone: 0000000142 ,https://slpost.gov.lk/wp-content/uploads/2025/06/Foreign-Postal-Mail-Services-destinations-listed-JUN-2025-1.pdf,
phone,pass,Published phone: 0000000904 ,https://slpost.gov.lk/wp-content/uploads/2025/06/Foreign-Postal-Mail-Services-destinations-listed-JUN-2025-1.pdf,
phone,pass,Published phone: 0000001384 ,https://slpost.gov.lk/wp-content/uploads/2025/06/Foreign-Postal-Mail-Services-destinations-listed-JUN-2025-1.pdf,
phone,pass,Published phone: 0000001656 ,https://slpost.gov.lk/wp-content/uploads/2025/06/Foreign-Postal-Mail-Services-destinations-listed-JUN-2025-1.pdf,
phone,pass,Published phone: 0000000348 ,https://slpost.gov.lk/wp-content/uploads/2025/06/Foreign-Postal-Mail-Services-destinations-listed-JUN-2025-1.pdf,
phone,pass,Published phone: 0000000049 ,https://slpost.gov.lk/wp-content/uploads/2025/06/Foreign-Postal-Mail-Services-destinations-listed-JUN-2025-1.pdf,
phone,pass,Published phone: 0000000550 ,https://slpost.gov.lk/wp-content/uploads/2025/06/Foreign-Postal-Mail-Services-destinations-listed-JUN-2025-1.pdf,
phone,pass,Published phone: 0000001836 ,https://slpost.gov.lk/wp-content/uploads/2025/06/Foreign-Postal-Mail-Services-destinations-listed-JUN-2025-1.pdf,
phone,pass,Published phone: 0000001887 ,https://slpost.gov.lk/wp-content/uploads/2025/06/Foreign-Postal-Mail-Services-destinations-listed-JUN-2025-1.pdf,
phone,pass,Published phone: 0000001599 ,https://slpost.gov.lk/wp-content/uploads/2025/06/Foreign-Postal-Mail-Services-destinations-listed-JUN-2025-1.pdf,
phone,pass,Published phone: 0000001181 ,https://slpost.gov.lk/wp-content/uploads/2025/06/Foreign-Postal-Mail-Services-destinations-listed-JUN-2025-1.pdf,
phone,pass,Published phone: 0000001452 ,https://slpost.gov.lk/wp-content/uploads/2025/06/Foreign-Postal-Mail-Services-destinations-listed-JUN-2025-1.pdf,
phone,pass,Published phone: 0000001392 ,https://slpost.gov.lk/wp-content/uploads/2025/06/Foreign-Postal-Mail-Services-destinations-listed-JUN-2025-1.pdf,
phone,pass,Published phone: 0000000933 ,https://slpost.gov.lk/wp-content/uploads/2025/06/Foreign-Postal-Mail-Services-destinations-listed-JUN-2025-1.pdf,
phone,pass,Published phone: 0000014437 ,https://slpost.gov.lk/wp-content/uploads/2025/06/Foreign-Postal-Mail-Services-destinations-listed-JUN-2025-1.pdf,
phone,pass,Published phone: 0000001720 ,https://slpost.gov.lk/wp-content/uploads/2025/06/Foreign-Postal-Mail-Services-destinations-listed-JUN-2025-1.pdf,
phone,pass,Published phone: 0000000589 ,https://slpost.gov.lk/wp-content/uploads/2025/06/Foreign-Postal-Mail-Services-destinations-listed-JUN-2025-1.pdf,
phone,pass,Published phone: 0000001350 ,https://slpost.gov.lk/wp-content/uploads/2025/06/Foreign-Postal-Mail-Services-destinations-listed-JUN-2025-1.pdf,
phone,pass,Published phone: 0000000256 ,https://slpost.gov.lk/wp-content/uploads/2025/06/Foreign-Postal-Mail-Services-destinations-listed-JUN-2025-1.pdf,
phone,pass,Published phone: 0000001501 ,https://slpost.gov.lk/wp-content/uploads/2025/06/Foreign-Postal-Mail-Services-destinations-listed-JUN-2025-1.pdf,
phone,pass,Published phone: 0000001576 ,https://slpost.gov.lk/wp-content/uploads/2025/06/Foreign-Postal-Mail-Services-destinations-listed-JUN-2025-1.pdf,
phone,pass,Published phone: 0 0 0 468 0 0 0 0 ,https://slpost.gov.lk/wp-content/uploads/2025/06/Foreign-Postal-Mail-Services-destinations-listed-JUN-2025-1.pdf,
phone,pass,Published phone: 0000000946 ,https://slpost.gov.lk/wp-content/uploads/2025/06/Foreign-Postal-Mail-Services-destinations-listed-JUN-2025-1.pdf,
phone,pass,Published phone: 0000001028 ,https://slpost.gov.lk/wp-content/uploads/2025/06/Foreign-Postal-Mail-Services-destinations-listed-JUN-2025-1.pdf,
phone,pass,Published phone: 0000000146 ,https://slpost.gov.lk/wp-content/uploads/2025/06/Foreign-Postal-Mail-Services-destinations-listed-JUN-2025-1.pdf,
phone,pass,Published phone: 0000001110 ,https://slpost.gov.lk/wp-content/uploads/2025/06/Foreign-Postal-Mail-Services-destinations-listed-JUN-2025-1.pdf,
phone,pass,Published phone: 0000001222 ,https://slpost.gov.lk/wp-content/uploads/2025/06/Foreign-Postal-Mail-Services-destinations-listed-JUN-2025-1.pdf,
phone,pass,Published phone: 0000001278 ,https://slpost.gov.lk/wp-content/uploads/2025/06/Foreign-Postal-Mail-Services-destinations-listed-JUN-2025-1.pdf,
phone,pass,Published phone: 0000000508 ,https://slpost.gov.lk/wp-content/uploads/2025/06/Foreign-Postal-Mail-Services-destinations-listed-JUN-2025-1.pdf,
phone,pass,Published phone: 0000001108 ,https://slpost.gov.lk/wp-content/uploads/2025/06/Foreign-Postal-Mail-Services-destinations-listed-JUN-2025-1.pdf,
phone,pass,Published phone: 0000000554 ,https://slpost.gov.lk/wp-content/uploads/2025/06/Foreign-Postal-Mail-Services-destinations-listed-JUN-2025-1.pdf,
phone,pass,Published phone: 0000001847 ,https://slpost.gov.lk/wp-content/uploads/2025/06/Foreign-Postal-Mail-Services-destinations-listed-JUN-2025-1.pdf,
phone,pass,Published phone: 0000001814 ,https://slpost.gov.lk/wp-content/uploads/2025/06/Foreign-Postal-Mail-Services-destinations-listed-JUN-2025-1.pdf,
phone,pass,Published phone: 0000000103 ,https://slpost.gov.lk/wp-content/uploads/2025/06/Foreign-Postal-Mail-Services-destinations-listed-JUN-2025-1.pdf,
phone,pass,Published phone: 0000000268 ,https://slpost.gov.lk/wp-content/uploads/2025/06/Foreign-Postal-Mail-Services-destinations-listed-JUN-2025-1.pdf,
phone,pass,Published phone: 0000001560 ,https://slpost.gov.lk/wp-content/uploads/2025/06/Foreign-Postal-Mail-Services-destinations-listed-JUN-2025-1.pdf,
phone,pass,Published phone: 0000001178 ,https://slpost.gov.lk/wp-content/uploads/2025/06/Foreign-Postal-Mail-Services-destinations-listed-JUN-2025-1.pdf,
phone,pass,Published phone: 0000000534 ,https://slpost.gov.lk/wp-content/uploads/2025/06/Foreign-Postal-Mail-Services-destinations-listed-JUN-2025-1.pdf,
phone,pass,Published phone: 0000001238 ,https://slpost.gov.lk/wp-content/uploads/2025/06/Foreign-Postal-Mail-Services-destinations-listed-JUN-2025-1.pdf,
phone,pass,Published phone: 0000000441 ,https://slpost.gov.lk/wp-content/uploads/2025/06/Foreign-Postal-Mail-Services-destinations-listed-JUN-2025-1.pdf,
phone,pass,Published phone: 0000000215 ,https://slpost.gov.lk/wp-content/uploads/2025/06/Foreign-Postal-Mail-Services-destinations-listed-JUN-2025-1.pdf,
phone,pass,Published phone: 0000000437 ,https://slpost.gov.lk/wp-content/uploads/2025/06/Foreign-Postal-Mail-Services-destinations-listed-JUN-2025-1.pdf,
phone,pass,Published phone: 0000001703 ,https://slpost.gov.lk/wp-content/uploads/2025/06/Foreign-Postal-Mail-Services-destinations-listed-JUN-2025-1.pdf,
phone,pass,Published phone: 0000000607 ,https://slpost.gov.lk/wp-content/uploads/2025/06/Foreign-Postal-Mail-Services-destinations-listed-JUN-2025-1.pdf,
phone,pass,Published phone: 0000001309 ,https://slpost.gov.lk/wp-content/uploads/2025/06/Foreign-Postal-Mail-Services-destinations-listed-JUN-2025-1.pdf,
phone,pass,Published phone: 0000000987 ,https://slpost.gov.lk/wp-content/uploads/2025/06/Foreign-Postal-Mail-Services-destinations-listed-JUN-2025-1.pdf,
phone,pass,Published phone: 0000000237 ,https://slpost.gov.lk/wp-content/uploads/2025/06/Foreign-Postal-Mail-Services-destinations-listed-JUN-2025-1.pdf,
phone,pass,Published phone: 0000001738 ,https://slpost.gov.lk/wp-content/uploads/2025/06/Foreign-Postal-Mail-Services-destinations-listed-JUN-2025-1.pdf,
phone,pass,Published phone: 0000000638 ,https://slpost.gov.lk/wp-content/uploads/2025/06/Foreign-Postal-Mail-Services-destinations-listed-JUN-2025-1.pdf,
phone,pass,Published phone: 0000000861 ,https://slpost.gov.lk/wp-content/uploads/2025/06/Foreign-Postal-Mail-Services-destinations-listed-JUN-2025-1.pdf,
phone,pass,Published phone: 0000001242 ,https://slpost.gov.lk/wp-content/uploads/2025/06/Foreign-Postal-Mail-Services-destinations-listed-JUN-2025-1.pdf,
phone,pass,Published phone: 0000001076 ,https://slpost.gov.lk/wp-content/uploads/2025/06/Foreign-Postal-Mail-Services-destinations-listed-JUN-2025-1.pdf,
phone,pass,Published phone: 0000000293 ,https://slpost.gov.lk/wp-content/uploads/2025/06/Foreign-Postal-Mail-Services-destinations-listed-JUN-2025-1.pdf,
phone,pass,Published phone: 0000000434 ,https://slpost.gov.lk/wp-content/uploads/2025/06/Foreign-Postal-Mail-Services-destinations-listed-JUN-2025-1.pdf,
phone,pass,Published phone: 0000000997 ,https://slpost.gov.lk/wp-content/uploads/2025/06/Foreign-Postal-Mail-Services-destinations-listed-JUN-2025-1.pdf,
phone,pass,Published phone: 0000000598 ,https://slpost.gov.lk/wp-content/uploads/2025/06/Foreign-Postal-Mail-Services-destinations-listed-JUN-2025-1.pdf,
phone,pass,Published phone: 0000001783 ,https://slpost.gov.lk/wp-content/uploads/2025/06/Foreign-Postal-Mail-Services-destinations-listed-JUN-2025-1.pdf,
phone,pass,Published phone: 0000001618 ,https://slpost.gov.lk/wp-content/uploads/2025/06/Foreign-Postal-Mail-Services-destinations-listed-JUN-2025-1.pdf,
phone,pass,Published phone: 0000001835 ,https://slpost.gov.lk/wp-content/uploads/2025/06/Foreign-Postal-Mail-Services-destinations-listed-JUN-2025-1.pdf,
phone,pass,Published phone: 0000000017 ,https://slpost.gov.lk/wp-content/uploads/2025/06/Foreign-Postal-Mail-Services-destinations-listed-JUN-2025-1.pdf,
phone,pass,Published phone: 0000209223 ,https://slpost.gov.lk/wp-content/uploads/2025/06/Foreign-Postal-Mail-Services-destinations-listed-JUN-2025-1.pdf,
phone,pass,Published phone: 0000000428 ,https://slpost.gov.lk/wp-content/uploads/2025/06/Foreign-Postal-Mail-Services-destinations-listed-JUN-2025-1.pdf,
phone,pass,Published phone: 0000001391 ,https://slpost.gov.lk/wp-content/uploads/2025/06/Foreign-Postal-Mail-Services-destinations-listed-JUN-2025-1.pdf,
phone,pass,Published phone: 0000000702 ,https://slpost.gov.lk/wp-content/uploads/2025/06/Foreign-Postal-Mail-Services-destinations-listed-JUN-2025-1.pdf,
phone,pass,Published phone: 0000001319 ,https://slpost.gov.lk/wp-content/uploads/2025/06/Foreign-Postal-Mail-Services-destinations-listed-JUN-2025-1.pdf,
phone,pass,Published phone: 0000000349 ,https://slpost.gov.lk/wp-content/uploads/2025/06/Foreign-Postal-Mail-Services-destinations-listed-JUN-2025-1.pdf,
phone,pass,Published phone: 0000000116 ,https://slpost.gov.lk/wp-content/uploads/2025/06/Foreign-Postal-Mail-Services-destinations-listed-JUN-2025-1.pdf,
phone,pass,Published phone: 0000000884 ,https://slpost.gov.lk/wp-content/uploads/2025/06/Foreign-Postal-Mail-Services-destinations-listed-JUN-2025-1.pdf,
phone,pass,Published phone: 0000001447 ,https://slpost.gov.lk/wp-content/uploads/2025/06/Foreign-Postal-Mail-Services-destinations-listed-JUN-2025-1.pdf,
phone,pass,Published phone: 0000001622 ,https://slpost.gov.lk/wp-content/uploads/2025/06/Foreign-Postal-Mail-Services-destinations-listed-JUN-2025-1.pdf,
phone,pass,Published phone: 0000000107 ,https://slpost.gov.lk/wp-content/uploads/2025/06/Foreign-Postal-Mail-Services-destinations-listed-JUN-2025-1.pdf,
phone,pass,Published phone: 0000000705 ,https://slpost.gov.lk/wp-content/uploads/2025/06/Foreign-Postal-Mail-Services-destinations-listed-JUN-2025-1.pdf,
phone,pass,Published phone: 0000001706 ,https://slpost.gov.lk/wp-content/uploads/2025/06/Foreign-Postal-Mail-Services-destinations-listed-JUN-2025-1.pdf,
phone,pass,Published phone: 0000000367 ,https://slpost.gov.lk/wp-content/uploads/2025/06/Foreign-Postal-Mail-Services-destinations-listed-JUN-2025-1.pdf,
phone,pass,Published phone: 0000000682 ,https://slpost.gov.lk/wp-content/uploads/2025/06/Foreign-Postal-Mail-Services-destinations-listed-JUN-2025-1.pdf,
phone,pass,Published phone: 0000000099 ,https://slpost.gov.lk/wp-content/uploads/2025/06/Foreign-Postal-Mail-Services-destinations-listed-JUN-2025-1.pdf,
phone,pass,Published phone: 0000000279 ,https://slpost.gov.lk/wp-content/uploads/2025/06/Foreign-Postal-Mail-Services-destinations-listed-JUN-2025-1.pdf,
phone,pass,Published phone: 0000001394 ,https://slpost.gov.lk/wp-content/uploads/2025/06/Foreign-Postal-Mail-Services-destinations-listed-JUN-2025-1.pdf,
phone,pass,Published phone: 0000000967 ,https://slpost.gov.lk/wp-content/uploads/2025/06/Foreign-Postal-Mail-Services-destinations-listed-JUN-2025-1.pdf,
phone,pass,Published phone: 0000000631 ,https://slpost.gov.lk/wp-content/uploads/2025/06/Foreign-Postal-Mail-Services-destinations-listed-JUN-2025-1.pdf,
phone,pass,Published phone: 0000000912 ,https://slpost.gov.lk/wp-content/uploads/2025/06/Foreign-Postal-Mail-Services-destinations-listed-JUN-2025-1.pdf,
phone,pass,Published phone: 0000000469 ,https://slpost.gov.lk/wp-content/uploads/2025/06/Foreign-Postal-Mail-Services-destinations-listed-JUN-2025-1.pdf,
phone,pass,Published phone: 0000001581 ,https://slpost.gov.lk/wp-content/uploads/2025/06/Foreign-Postal-Mail-Services-destinations-listed-JUN-2025-1.pdf,
phone,pass,Published phone: 0000000423 ,https://slpost.gov.lk/wp-content/uploads/2025/06/Foreign-Postal-Mail-Services-destinations-listed-JUN-2025-1.pdf,
phone,pass,Published phone: 0000000665 ,https://slpost.gov.lk/wp-content/uploads/2025/06/Foreign-Postal-Mail-Services-destinations-listed-JUN-2025-1.pdf,
phone,pass,Published phone: 0000000609 ,https://slpost.gov.lk/wp-content/uploads/2025/06/Foreign-Postal-Mail-Services-destinations-listed-JUN-2025-1.pdf,
phone,pass,Published phone: 0000001517 ,https://slpost.gov.lk/wp-content/uploads/2025/06/Foreign-Postal-Mail-Services-destinations-listed-JUN-2025-1.pdf,
phone,pass,Published phone: 0000000081 ,https://slpost.gov.lk/wp-content/uploads/2025/06/Foreign-Postal-Mail-Services-destinations-listed-JUN-2025-1.pdf,
phone,pass,Published phone: 0 0 0 0 0 0 0 303 ,https://slpost.gov.lk/wp-content/uploads/2025/06/Foreign-Postal-Mail-Services-destinations-listed-JUN-2025-1.pdf,
phone,pass,Published phone: 0000001088 ,https://slpost.gov.lk/wp-content/uploads/2025/06/Foreign-Postal-Mail-Services-destinations-listed-JUN-2025-1.pdf,
phone,pass,Published phone: 0000001739 ,https://slpost.gov.lk/wp-content/uploads/2025/06/Foreign-Postal-Mail-Services-destinations-listed-JUN-2025-1.pdf,
phone,pass,Published phone: 0000001593 ,https://slpost.gov.lk/wp-content/uploads/2025/06/Foreign-Postal-Mail-Services-destinations-listed-JUN-2025-1.pdf,
phone,pass,Published phone: 0000000838 ,https://slpost.gov.lk/wp-content/uploads/2025/06/Foreign-Postal-Mail-Services-destinations-listed-JUN-2025-1.pdf,
phone,pass,Published phone: 0000001330 ,https://slpost.gov.lk/wp-content/uploads/2025/06/Foreign-Postal-Mail-Services-destinations-listed-JUN-2025-1.pdf,
phone,pass,Published phone: 0000001822 ,https://slpost.gov.lk/wp-content/uploads/2025/06/Foreign-Postal-Mail-Services-destinations-listed-JUN-2025-1.pdf,
phone,pass,Published phone: 0000001825 ,https://slpost.gov.lk/wp-content/uploads/2025/06/Foreign-Postal-Mail-Services-destinations-listed-JUN-2025-1.pdf,
phone,pass,Published phone: 0000000058 ,https://slpost.gov.lk/wp-content/uploads/2025/06/Foreign-Postal-Mail-Services-destinations-listed-JUN-2025-1.pdf,
phone,pass,Published phone: 0000001568 ,https://slpost.gov.lk/wp-content/uploads/2025/06/Foreign-Postal-Mail-Services-destinations-listed-JUN-2025-1.pdf,
phone,pass,Published phone: 0000001304 ,https://slpost.gov.lk/wp-content/uploads/2025/06/Foreign-Postal-Mail-Services-destinations-listed-JUN-2025-1.pdf,
phone,pass,Published phone: 0000001654 ,https://slpost.gov.lk/wp-content/uploads/2025/06/Foreign-Postal-Mail-Services-destinations-listed-JUN-2025-1.pdf,
phone,pass,Published phone: 0000000521 ,https://slpost.gov.lk/wp-content/uploads/2025/06/Foreign-Postal-Mail-Services-destinations-listed-JUN-2025-1.pdf,
phone,pass,Published phone: 0000000408 ,https://slpost.gov.lk/wp-content/uploads/2025/06/Foreign-Postal-Mail-Services-destinations-listed-JUN-2025-1.pdf,
phone,pass,Published phone: 0000000623 ,https://slpost.gov.lk/wp-content/uploads/2025/06/Foreign-Postal-Mail-Services-destinations-listed-JUN-2025-1.pdf,
phone,pass,Published phone: 0000000853 ,https://slpost.gov.lk/wp-content/uploads/2025/06/Foreign-Postal-Mail-Services-destinations-listed-JUN-2025-1.pdf,
phone,pass,Published phone: 0000000458 ,https://slpost.gov.lk/wp-content/uploads/2025/06/Foreign-Postal-Mail-Services-destinations-listed-JUN-2025-1.pdf,
phone,pass,Published phone: 0000000894 ,https://slpost.gov.lk/wp-content/uploads/2025/06/Foreign-Postal-Mail-Services-destinations-listed-JUN-2025-1.pdf,
phone,pass,Published phone: 0000000573 ,https://slpost.gov.lk/wp-content/uploads/2025/06/Foreign-Postal-Mail-Services-destinations-listed-JUN-2025-1.pdf,
phone,pass,Published phone: 0000000714 ,https://slpost.gov.lk/wp-content/uploads/2025/06/Foreign-Postal-Mail-Services-destinations-listed-JUN-2025-1.pdf,
phone,pass,Published phone: 0000001741 ,https://slpost.gov.lk/wp-content/uploads/2025/06/Foreign-Postal-Mail-Services-destinations-listed-JUN-2025-1.pdf,
phone,pass,Published phone: 0000000675 ,https://slpost.gov.lk/wp-content/uploads/2025/06/Foreign-Postal-Mail-Services-destinations-listed-JUN-2025-1.pdf,
phone,pass,Published phone: 0000000777 ,https://slpost.gov.lk/wp-content/uploads/2025/06/Foreign-Postal-Mail-Services-destinations-listed-JUN-2025-1.pdf,
phone,pass,Published phone: 0000001435 ,https://slpost.gov.lk/wp-content/uploads/2025/06/Foreign-Postal-Mail-Services-destinations-listed-JUN-2025-1.pdf,
phone,pass,Published phone: 0000001332 ,https://slpost.gov.lk/wp-content/uploads/2025/06/Foreign-Postal-Mail-Services-destinations-listed-JUN-2025-1.pdf,
phone,pass,Published phone: 0000000000 ,https://slpost.gov.lk/wp-content/uploads/2025/06/Foreign-Postal-Mail-Services-destinations-listed-JUN-2025-1.pdf,
phone,pass,Published phone: 0000000261 ,https://slpost.gov.lk/wp-content/uploads/2025/06/Foreign-Postal-Mail-Services-destinations-listed-JUN-2025-1.pdf,
phone,pass,Published phone: 0000000583 ,https://slpost.gov.lk/wp-content/uploads/2025/06/Foreign-Postal-Mail-Services-destinations-listed-JUN-2025-1.pdf,
phone,pass,Published phone: 0000001802 ,https://slpost.gov.lk/wp-content/uploads/2025/06/Foreign-Postal-Mail-Services-destinations-listed-JUN-2025-1.pdf,
phone,pass,Published phone: 0000000306 ,https://slpost.gov.lk/wp-content/uploads/2025/06/Foreign-Postal-Mail-Services-destinations-listed-JUN-2025-1.pdf,
phone,pass,Published phone: 0000000695 ,https://slpost.gov.lk/wp-content/uploads/2025/06/Foreign-Postal-Mail-Services-destinations-listed-JUN-2025-1.pdf,
phone,pass,Published phone: 0000037476 ,https://slpost.gov.lk/wp-content/uploads/2025/06/Foreign-Postal-Mail-Services-destinations-listed-JUN-2025-1.pdf,
phone,pass,Published phone: 0000000700 ,https://slpost.gov.lk/wp-content/uploads/2025/06/Foreign-Postal-Mail-Services-destinations-listed-JUN-2025-1.pdf,
phone,pass,Published phone: 0000001846 ,https://slpost.gov.lk/wp-content/uploads/2025/06/Foreign-Postal-Mail-Services-destinations-listed-JUN-2025-1.pdf,
phone,pass,Published phone: 0000000127 ,https://slpost.gov.lk/wp-content/uploads/2025/06/Foreign-Postal-Mail-Services-destinations-listed-JUN-2025-1.pdf,
phone,pass,Published phone: 0000001753 ,https://slpost.gov.lk/wp-content/uploads/2025/06/Foreign-Postal-Mail-Services-destinations-listed-JUN-2025-1.pdf,
phone,pass,Published phone: 0000000954 ,https://slpost.gov.lk/wp-content/uploads/2025/06/Foreign-Postal-Mail-Services-destinations-listed-JUN-2025-1.pdf,
phone,pass,Published phone: 0000001099 ,https://slpost.gov.lk/wp-content/uploads/2025/06/Foreign-Postal-Mail-Services-destinations-listed-JUN-2025-1.pdf,
phone,pass,Published phone: 0000001015 ,https://slpost.gov.lk/wp-content/uploads/2025/06/Foreign-Postal-Mail-Services-destinations-listed-JUN-2025-1.pdf,
phone,pass,Published phone: 0000000286 ,https://slpost.gov.lk/wp-content/uploads/2025/06/Foreign-Postal-Mail-Services-destinations-listed-JUN-2025-1.pdf,
phone,pass,Published phone: 0000001646 ,https://slpost.gov.lk/wp-content/uploads/2025/06/Foreign-Postal-Mail-Services-destinations-listed-JUN-2025-1.pdf,
phone,pass,Published phone: 0000000716 ,https://slpost.gov.lk/wp-content/uploads/2025/06/Foreign-Postal-Mail-Services-destinations-listed-JUN-2025-1.pdf,
phone,pass,Published phone: 0000001125 ,https://slpost.gov.lk/wp-content/uploads/2025/06/Foreign-Postal-Mail-Services-destinations-listed-JUN-2025-1.pdf,
phone,pass,Published phone: 0000001487 ,https://slpost.gov.lk/wp-content/uploads/2025/06/Foreign-Postal-Mail-Services-destinations-listed-JUN-2025-1.pdf,
phone,pass,Published phone: 0000000194 ,https://slpost.gov.lk/wp-content/uploads/2025/06/Foreign-Postal-Mail-Services-destinations-listed-JUN-2025-1.pdf,
phone,pass,Published phone: 0000000072 ,https://slpost.gov.lk/wp-content/uploads/2025/06/Foreign-Postal-Mail-Services-destinations-listed-JUN-2025-1.pdf,
phone,pass,Published phone: 0000001232 ,https://slpost.gov.lk/wp-content/uploads/2025/06/Foreign-Postal-Mail-Services-destinations-listed-JUN-2025-1.pdf,
phone,pass,Published phone: 0000000821 ,https://slpost.gov.lk/wp-content/uploads/2025/06/Foreign-Postal-Mail-Services-destinations-listed-JUN-2025-1.pdf,
phone,pass,Published phone: 0000000318 ,https://slpost.gov.lk/wp-content/uploads/2025/06/Foreign-Postal-Mail-Services-destinations-listed-JUN-2025-1.pdf,
phone,pass,Published phone: 0000000771 ,https://slpost.gov.lk/wp-content/uploads/2025/06/Foreign-Postal-Mail-Services-destinations-listed-JUN-2025-1.pdf,
phone,pass,Published phone: 0000001844 ,https://slpost.gov.lk/wp-content/uploads/2025/06/Foreign-Postal-Mail-Services-destinations-listed-JUN-2025-1.pdf,
phone,pass,Published phone: 0000000826 ,https://slpost.gov.lk/wp-content/uploads/2025/06/Foreign-Postal-Mail-Services-destinations-listed-JUN-2025-1.pdf,
phone,pass,Published phone: 0000000289 ,https://slpost.gov.lk/wp-content/uploads/2025/06/Foreign-Postal-Mail-Services-destinations-listed-JUN-2025-1.pdf,
phone,pass,Published phone: 0000001792 ,https://slpost.gov.lk/wp-content/uploads/2025/06/Foreign-Postal-Mail-Services-destinations-listed-JUN-2025-1.pdf,
phone,pass,Published phone: 0000001558 ,https://slpost.gov.lk/wp-content/uploads/2025/06/Foreign-Postal-Mail-Services-destinations-listed-JUN-2025-1.pdf,
phone,pass,Published phone: 0000001338 ,https://slpost.gov.lk/wp-content/uploads/2025/06/Foreign-Postal-Mail-Services-destinations-listed-JUN-2025-1.pdf,
phone,pass,Published phone: 0000000953 ,https://slpost.gov.lk/wp-content/uploads/2025/06/Foreign-Postal-Mail-Services-destinations-listed-JUN-2025-1.pdf,
phone,pass,Published phone: 0000001148 ,https://slpost.gov.lk/wp-content/uploads/2025/06/Foreign-Postal-Mail-Services-destinations-listed-JUN-2025-1.pdf,
phone,pass,Published phone: 0000001376 ,https://slpost.gov.lk/wp-content/uploads/2025/06/Foreign-Postal-Mail-Services-destinations-listed-JUN-2025-1.pdf,
phone,pass,Published phone: 0000001023 ,https://slpost.gov.lk/wp-content/uploads/2025/06/Foreign-Postal-Mail-Services-destinations-listed-JUN-2025-1.pdf,
phone,pass,Published phone: 0000001771 ,https://slpost.gov.lk/wp-content/uploads/2025/06/Foreign-Postal-Mail-Services-destinations-listed-JUN-2025-1.pdf,
phone,pass,Published phone: 0000001877 ,https://slpost.gov.lk/wp-content/uploads/2025/06/Foreign-Postal-Mail-Services-destinations-listed-JUN-2025-1.pdf,
phone,pass,Published phone: 0000000781 ,https://slpost.gov.lk/wp-content/uploads/2025/06/Foreign-Postal-Mail-Services-destinations-listed-JUN-2025-1.pdf,
phone,pass,Published phone: 0000000205 ,https://slpost.gov.lk/wp-content/uploads/2025/06/Foreign-Postal-Mail-Services-destinations-listed-JUN-2025-1.pdf,
phone,pass,Published phone: 0000001764 ,https://slpost.gov.lk/wp-content/uploads/2025/06/Foreign-Postal-Mail-Services-destinations-listed-JUN-2025-1.pdf,
phone,pass,Published phone: 0000000429 ,https://slpost.gov.lk/wp-content/uploads/2025/06/Foreign-Postal-Mail-Services-destinations-listed-JUN-2025-1.pdf,
phone,pass,Published phone: 0000000882 ,https://slpost.gov.lk/wp-content/uploads/2025/06/Foreign-Postal-Mail-Services-destinations-listed-JUN-2025-1.pdf,
phone,pass,Published phone: 0000001155 ,https://slpost.gov.lk/wp-content/uploads/2025/06/Foreign-Postal-Mail-Services-destinations-listed-JUN-2025-1.pdf,
phone,pass,Published phone: 0000001630 ,https://slpost.gov.lk/wp-content/uploads/2025/06/Foreign-Postal-Mail-Services-destinations-listed-JUN-2025-1.pdf,
phone,pass,Published phone: 0000001451 ,https://slpost.gov.lk/wp-content/uploads/2025/06/Foreign-Postal-Mail-Services-destinations-listed-JUN-2025-1.pdf,
phone,pass,Published phone: 0000000154 ,https://slpost.gov.lk/wp-content/uploads/2025/06/Foreign-Postal-Mail-Services-destinations-listed-JUN-2025-1.pdf,
phone,pass,Published phone: 0000000749 ,https://slpost.gov.lk/wp-content/uploads/2025/06/Foreign-Postal-Mail-Services-destinations-listed-JUN-2025-1.pdf,
phone,pass,Published phone: 0000001675 ,https://slpost.gov.lk/wp-content/uploads/2025/06/Foreign-Postal-Mail-Services-destinations-listed-JUN-2025-1.pdf,
phone,pass,Published phone: 0000001695 ,https://slpost.gov.lk/wp-content/uploads/2025/06/Foreign-Postal-Mail-Services-destinations-listed-JUN-2025-1.pdf,
phone,pass,Published phone: 0000001323 ,https://slpost.gov.lk/wp-content/uploads/2025/06/Foreign-Postal-Mail-Services-destinations-listed-JUN-2025-1.pdf,
phone,pass,Published phone: 0000000825 ,https://slpost.gov.lk/wp-content/uploads/2025/06/Foreign-Postal-Mail-Services-destinations-listed-JUN-2025-1.pdf,
phone,pass,Published phone: 0000000043 ,https://slpost.gov.lk/wp-content/uploads/2025/06/Foreign-Postal-Mail-Services-destinations-listed-JUN-2025-1.pdf,
phone,pass,Published phone: 0000000769 ,https://slpost.gov.lk/wp-content/uploads/2025/06/Foreign-Postal-Mail-Services-destinations-listed-JUN-2025-1.pdf,
phone,pass,Published phone: 0000001777 ,https://slpost.gov.lk/wp-content/uploads/2025/06/Foreign-Postal-Mail-Services-destinations-listed-JUN-2025-1.pdf,
phone,pass,Published phone: 0000000417 ,https://slpost.gov.lk/wp-content/uploads/2025/06/Foreign-Postal-Mail-Services-destinations-listed-JUN-2025-1.pdf,
phone,pass,Published phone: 0000000993 ,https://slpost.gov.lk/wp-content/uploads/2025/06/Foreign-Postal-Mail-Services-destinations-listed-JUN-2025-1.pdf,
phone,pass,Published phone: 0000001345 ,https://slpost.gov.lk/wp-content/uploads/2025/06/Foreign-Postal-Mail-Services-destinations-listed-JUN-2025-1.pdf,
phone,pass,Published phone: 0000001565 ,https://slpost.gov.lk/wp-content/uploads/2025/06/Foreign-Postal-Mail-Services-destinations-listed-JUN-2025-1.pdf,
phone,pass,Published phone: 0000000076 ,https://slpost.gov.lk/wp-content/uploads/2025/06/Foreign-Postal-Mail-Services-destinations-listed-JUN-2025-1.pdf,
phone,pass,Published phone: 0 0 0 0 468 0 0 0 ,https://slpost.gov.lk/wp-content/uploads/2025/06/Foreign-Postal-Mail-Services-destinations-listed-JUN-2025-1.pdf,
phone,pass,Published phone: 0000000839 ,https://slpost.gov.lk/wp-content/uploads/2025/06/Foreign-Postal-Mail-Services-destinations-listed-JUN-2025-1.pdf,
phone,pass,Published phone: 0000000241 ,https://slpost.gov.lk/wp-content/uploads/2025/06/Foreign-Postal-Mail-Services-destinations-listed-JUN-2025-1.pdf,
phone,pass,Published phone: 0000000624 ,https://slpost.gov.lk/wp-content/uploads/2025/06/Foreign-Postal-Mail-Services-destinations-listed-JUN-2025-1.pdf,
phone,pass,Published phone: 0000001402 ,https://slpost.gov.lk/wp-content/uploads/2025/06/Foreign-Postal-Mail-Services-destinations-listed-JUN-2025-1.pdf,
phone,pass,Published phone: 0000001831 ,https://slpost.gov.lk/wp-content/uploads/2025/06/Foreign-Postal-Mail-Services-destinations-listed-JUN-2025-1.pdf,
phone,pass,Published phone: 0000000850 ,https://slpost.gov.lk/wp-content/uploads/2025/06/Foreign-Postal-Mail-Services-destinations-listed-JUN-2025-1.pdf,
phone,pass,Published phone: 0000000452 ,https://slpost.gov.lk/wp-content/uploads/2025/06/Foreign-Postal-Mail-Services-destinations-listed-JUN-2025-1.pdf,
phone,pass,Published phone: 0000000976 ,https://slpost.gov.lk/wp-content/uploads/2025/06/Foreign-Postal-Mail-Services-destinations-listed-JUN-2025-1.pdf,
phone,pass,Published phone: 0000001795 ,https://slpost.gov.lk/wp-content/uploads/2025/06/Foreign-Postal-Mail-Services-destinations-listed-JUN-2025-1.pdf,
phone,pass,Published phone: 0000001478 ,https://slpost.gov.lk/wp-content/uploads/2025/06/Foreign-Postal-Mail-Services-destinations-listed-JUN-2025-1.pdf,
phone,pass,Published phone: 0000001868 ,https://slpost.gov.lk/wp-content/uploads/2025/06/Foreign-Postal-Mail-Services-destinations-listed-JUN-2025-1.pdf,
phone,pass,Published phone: 0000000978 ,https://slpost.gov.lk/wp-content/uploads/2025/06/Foreign-Postal-Mail-Services-destinations-listed-JUN-2025-1.pdf,
phone,pass,Published phone: 0000001474 ,https://slpost.gov.lk/wp-content/uploads/2025/06/Foreign-Postal-Mail-Services-destinations-listed-JUN-2025-1.pdf,
phone,pass,Published phone: 0000000579 ,https://slpost.gov.lk/wp-content/uploads/2025/06/Foreign-Postal-Mail-Services-destinations-listed-JUN-2025-1.pdf,
phone,pass,Published phone: 0000000909 ,https://slpost.gov.lk/wp-content/uploads/2025/06/Foreign-Postal-Mail-Services-destinations-listed-JUN-2025-1.pdf,
phone,pass,Published phone: 0000000477 ,https://slpost.gov.lk/wp-content/uploads/2025/06/Foreign-Postal-Mail-Services-destinations-listed-JUN-2025-1.pdf,
phone,pass,Published phone: 0000000340 ,https://slpost.gov.lk/wp-content/uploads/2025/06/Foreign-Postal-Mail-Services-destinations-listed-JUN-2025-1.pdf,
phone,pass,Published phone: 0000000801 ,https://slpost.gov.lk/wp-content/uploads/2025/06/Foreign-Postal-Mail-Services-destinations-listed-JUN-2025-1.pdf,
phone,pass,Published phone: 0000000083 ,https://slpost.gov.lk/wp-content/uploads/2025/06/Foreign-Postal-Mail-Services-destinations-listed-JUN-2025-1.pdf,
phone,pass,Published phone: 0000001780 ,https://slpost.gov.lk/wp-content/uploads/2025/06/Foreign-Postal-Mail-Services-destinations-listed-JUN-2025-1.pdf,
phone,pass,Published phone: 0000001721 ,https://slpost.gov.lk/wp-content/uploads/2025/06/Foreign-Postal-Mail-Services-destinations-listed-JUN-2025-1.pdf,
phone,pass,Published phone: 0000001510 ,https://slpost.gov.lk/wp-content/uploads/2025/06/Foreign-Postal-Mail-Services-destinations-listed-JUN-2025-1.pdf,
phone,pass,Published phone: 0000209280 ,https://slpost.gov.lk/wp-content/uploads/2025/06/Foreign-Postal-Mail-Services-destinations-listed-JUN-2025-1.pdf,
phone,pass,Published phone: 0000000888 ,https://slpost.gov.lk/wp-content/uploads/2025/06/Foreign-Postal-Mail-Services-destinations-listed-JUN-2025-1.pdf,
phone,pass,Published phone: 0000000133 ,https://slpost.gov.lk/wp-content/uploads/2025/06/Foreign-Postal-Mail-Services-destinations-listed-JUN-2025-1.pdf,
phone,pass,Published phone: 0000001368 ,https://slpost.gov.lk/wp-content/uploads/2025/06/Foreign-Postal-Mail-Services-destinations-listed-JUN-2025-1.pdf,
phone,pass,Published phone: 0000000774 ,https://slpost.gov.lk/wp-content/uploads/2025/06/Foreign-Postal-Mail-Services-destinations-listed-JUN-2025-1.pdf,
phone,pass,Published phone: 0000001448 ,https://slpost.gov.lk/wp-content/uploads/2025/06/Foreign-Postal-Mail-Services-destinations-listed-JUN-2025-1.pdf,
phone,pass,Published phone: 0000000867 ,https://slpost.gov.lk/wp-content/uploads/2025/06/Foreign-Postal-Mail-Services-destinations-listed-JUN-2025-1.pdf,
phone,pass,Published phone: 0000001548 ,https://slpost.gov.lk/wp-content/uploads/2025/06/Foreign-Postal-Mail-Services-destinations-listed-JUN-2025-1.pdf,
phone,pass,Published phone: 0000001194 ,https://slpost.gov.lk/wp-content/uploads/2025/06/Foreign-Postal-Mail-Services-destinations-listed-JUN-2025-1.pdf,
phone,pass,Published phone: 0 0 579 544 53,https://slpost.gov.lk/wp-content/uploads/2025/06/Foreign-Postal-Mail-Services-destinations-listed-JUN-2025-1.pdf,
phone,pass,Published phone: 0000001616 ,https://slpost.gov.lk/wp-content/uploads/2025/06/Foreign-Postal-Mail-Services-destinations-listed-JUN-2025-1.pdf,
phone,pass,Published phone: 0000001855 ,https://slpost.gov.lk/wp-content/uploads/2025/06/Foreign-Postal-Mail-Services-destinations-listed-JUN-2025-1.pdf,
phone,pass,Published phone: 0000001505 ,https://slpost.gov.lk/wp-content/uploads/2025/06/Foreign-Postal-Mail-Services-destinations-listed-JUN-2025-1.pdf,
phone,pass,Published phone: 0000001177 ,https://slpost.gov.lk/wp-content/uploads/2025/06/Foreign-Postal-Mail-Services-destinations-listed-JUN-2025-1.pdf,
phone,pass,Published phone: 0000001797 ,https://slpost.gov.lk/wp-content/uploads/2025/06/Foreign-Postal-Mail-Services-destinations-listed-JUN-2025-1.pdf,
phone,pass,Published phone: 0000001162 ,https://slpost.gov.lk/wp-content/uploads/2025/06/Foreign-Postal-Mail-Services-destinations-listed-JUN-2025-1.pdf,
phone,pass,Published phone: 0000001602 ,https://slpost.gov.lk/wp-content/uploads/2025/06/Foreign-Postal-Mail-Services-destinations-listed-JUN-2025-1.pdf,
phone,pass,Published phone: 0000000674 ,https://slpost.gov.lk/wp-content/uploads/2025/06/Foreign-Postal-Mail-Services-destinations-listed-JUN-2025-1.pdf,
phone,pass,Published phone: 0000000741 ,https://slpost.gov.lk/wp-content/uploads/2025/06/Foreign-Postal-Mail-Services-destinations-listed-JUN-2025-1.pdf,
phone,pass,Published phone: 0000000860 ,https://slpost.gov.lk/wp-content/uploads/2025/06/Foreign-Postal-Mail-Services-destinations-listed-JUN-2025-1.pdf,
phone,pass,Published phone: 0000000090 ,https://slpost.gov.lk/wp-content/uploads/2025/06/Foreign-Postal-Mail-Services-destinations-listed-JUN-2025-1.pdf,
phone,pass,Published phone: 0000000134 ,https://slpost.gov.lk/wp-content/uploads/2025/06/Foreign-Postal-Mail-Services-destinations-listed-JUN-2025-1.pdf,
phone,pass,Published phone: 0000001760 ,https://slpost.gov.lk/wp-content/uploads/2025/06/Foreign-Postal-Mail-Services-destinations-listed-JUN-2025-1.pdf,
phone,pass,Published phone: 0000001660 ,https://slpost.gov.lk/wp-content/uploads/2025/06/Foreign-Postal-Mail-Services-destinations-listed-JUN-2025-1.pdf,
phone,pass,Published phone: 0000000610 ,https://slpost.gov.lk/wp-content/uploads/2025/06/Foreign-Postal-Mail-Services-destinations-listed-JUN-2025-1.pdf,
phone,pass,Published phone: 0000000238 ,https://slpost.gov.lk/wp-content/uploads/2025/06/Foreign-Postal-Mail-Services-destinations-listed-JUN-2025-1.pdf,
phone,pass,Published phone: 0000000691 ,https://slpost.gov.lk/wp-content/uploads/2025/06/Foreign-Postal-Mail-Services-destinations-listed-JUN-2025-1.pdf,
phone,pass,Published phone: 0000000056 ,https://slpost.gov.lk/wp-content/uploads/2025/06/Foreign-Postal-Mail-Services-destinations-listed-JUN-2025-1.pdf,
phone,pass,Published phone: 0000001872 ,https://slpost.gov.lk/wp-content/uploads/2025/06/Foreign-Postal-Mail-Services-destinations-listed-JUN-2025-1.pdf,
phone,pass,Published phone: 0000000474 ,https://slpost.gov.lk/wp-content/uploads/2025/06/Foreign-Postal-Mail-Services-destinations-listed-JUN-2025-1.pdf,
phone,pass,Published phone: 0000000678 ,https://slpost.gov.lk/wp-content/uploads/2025/06/Foreign-Postal-Mail-Services-destinations-listed-JUN-2025-1.pdf,
phone,pass,Published phone: 0000000829 ,https://slpost.gov.lk/wp-content/uploads/2025/06/Foreign-Postal-Mail-Services-destinations-listed-JUN-2025-1.pdf,
phone,pass,Published phone: 0000001124 ,https://slpost.gov.lk/wp-content/uploads/2025/06/Foreign-Postal-Mail-Services-destinations-listed-JUN-2025-1.pdf,
phone,pass,Published phone: 0000000746 ,https://slpost.gov.lk/wp-content/uploads/2025/06/Foreign-Postal-Mail-Services-destinations-listed-JUN-2025-1.pdf,
phone,pass,Published phone: 0000000979 ,https://slpost.gov.lk/wp-content/uploads/2025/06/Foreign-Postal-Mail-Services-destinations-listed-JUN-2025-1.pdf,
phone,pass,Published phone: 0000000698 ,https://slpost.gov.lk/wp-content/uploads/2025/06/Foreign-Postal-Mail-Services-destinations-listed-JUN-2025-1.pdf,
phone,pass,Published phone: 0000001056 ,https://slpost.gov.lk/wp-content/uploads/2025/06/Foreign-Postal-Mail-Services-destinations-listed-JUN-2025-1.pdf,
phone,pass,Published phone: 0000001107 ,https://slpost.gov.lk/wp-content/uploads/2025/06/Foreign-Postal-Mail-Services-destinations-listed-JUN-2025-1.pdf,
phone,pass,Published phone: 0000000480 ,https://slpost.gov.lk/wp-content/uploads/2025/06/Foreign-Postal-Mail-Services-destinations-listed-JUN-2025-1.pdf,
phone,pass,Published phone: 0000000848 ,https://slpost.gov.lk/wp-content/uploads/2025/06/Foreign-Postal-Mail-Services-destinations-listed-JUN-2025-1.pdf,
phone,pass,Published phone: 0000001361 ,https://slpost.gov.lk/wp-content/uploads/2025/06/Foreign-Postal-Mail-Services-destinations-listed-JUN-2025-1.pdf,
phone,pass,Published phone: 0000001396 ,https://slpost.gov.lk/wp-content/uploads/2025/06/Foreign-Postal-Mail-Services-destinations-listed-JUN-2025-1.pdf,
phone,pass,Published phone: 0000001176 ,https://slpost.gov.lk/wp-content/uploads/2025/06/Foreign-Postal-Mail-Services-destinations-listed-JUN-2025-1.pdf,
phone,pass,Published phone: 0000001481 ,https://slpost.gov.lk/wp-content/uploads/2025/06/Foreign-Postal-Mail-Services-destinations-listed-JUN-2025-1.pdf,
phone,pass,Published phone: 0000000211 ,https://slpost.gov.lk/wp-content/uploads/2025/06/Foreign-Postal-Mail-Services-destinations-listed-JUN-2025-1.pdf,
phone,pass,Published phone: 0000000936 ,https://slpost.gov.lk/wp-content/uploads/2025/06/Foreign-Postal-Mail-Services-destinations-listed-JUN-2025-1.pdf,
phone,pass,Published phone: 0000001140 ,https://slpost.gov.lk/wp-content/uploads/2025/06/Foreign-Postal-Mail-Services-destinations-listed-JUN-2025-1.pdf,
phone,pass,Published phone: 0000000190 ,https://slpost.gov.lk/wp-content/uploads/2025/06/Foreign-Postal-Mail-Services-destinations-listed-JUN-2025-1.pdf,
phone,pass,Published phone: 0000000537 ,https://slpost.gov.lk/wp-content/uploads/2025/06/Foreign-Postal-Mail-Services-destinations-listed-JUN-2025-1.pdf,
phone,pass,Published phone: 0000001269 ,https://slpost.gov.lk/wp-content/uploads/2025/06/Foreign-Postal-Mail-Services-destinations-listed-JUN-2025-1.pdf,
phone,pass,Published phone: 0000000093 ,https://slpost.gov.lk/wp-content/uploads/2025/06/Foreign-Postal-Mail-Services-destinations-listed-JUN-2025-1.pdf,
phone,pass,Published phone: 0000001379 ,https://slpost.gov.lk/wp-content/uploads/2025/06/Foreign-Postal-Mail-Services-destinations-listed-JUN-2025-1.pdf,
phone,pass,Published phone: 0000000582 ,https://slpost.gov.lk/wp-content/uploads/2025/06/Foreign-Postal-Mail-Services-destinations-listed-JUN-2025-1.pdf,
phone,pass,Published phone: 0000037978 ,https://slpost.gov.lk/wp-content/uploads/2025/06/Foreign-Postal-Mail-Services-destinations-listed-JUN-2025-1.pdf,
phone,pass,Published phone: 0000000420 ,https://slpost.gov.lk/wp-content/uploads/2025/06/Foreign-Postal-Mail-Services-destinations-listed-JUN-2025-1.pdf,
phone,pass,Published phone: 0000000874 ,https://slpost.gov.lk/wp-content/uploads/2025/06/Foreign-Postal-Mail-Services-destinations-listed-JUN-2025-1.pdf,
phone,pass,Published phone: 0000000153 ,https://slpost.gov.lk/wp-content/uploads/2025/06/Foreign-Postal-Mail-Services-destinations-listed-JUN-2025-1.pdf,
phone,pass,Published phone: 0000000520 ,https://slpost.gov.lk/wp-content/uploads/2025/06/Foreign-Postal-Mail-Services-destinations-listed-JUN-2025-1.pdf,
phone,pass,Published phone: 0000001826 ,https://slpost.gov.lk/wp-content/uploads/2025/06/Foreign-Postal-Mail-Services-destinations-listed-JUN-2025-1.pdf,
phone,pass,Published phone: 05 514 514 23,https://slpost.gov.lk/wp-content/uploads/2025/06/Foreign-Postal-Mail-Services-destinations-listed-JUN-2025-1.pdf,
phone,pass,Published phone: 0000001733 ,https://slpost.gov.lk/wp-content/uploads/2025/06/Foreign-Postal-Mail-Services-destinations-listed-JUN-2025-1.pdf,
phone,pass,Published phone: 0000001796 ,https://slpost.gov.lk/wp-content/uploads/2025/06/Foreign-Postal-Mail-Services-destinations-listed-JUN-2025-1.pdf,
phone,pass,Published phone: 0000001183 ,https://slpost.gov.lk/wp-content/uploads/2025/06/Foreign-Postal-Mail-Services-destinations-listed-JUN-2025-1.pdf,
phone,pass,Published phone: 0000000720 ,https://slpost.gov.lk/wp-content/uploads/2025/06/Foreign-Postal-Mail-Services-destinations-listed-JUN-2025-1.pdf,
phone,pass,Published phone: 0000000731 ,https://slpost.gov.lk/wp-content/uploads/2025/06/Foreign-Postal-Mail-Services-destinations-listed-JUN-2025-1.pdf,
phone,pass,Published phone: 0 1911 00000,https://slpost.gov.lk/wp-content/uploads/2025/06/Foreign-Postal-Mail-Services-destinations-listed-JUN-2025-1.pdf,
phone,pass,Published phone: 0000000172 ,https://slpost.gov.lk/wp-content/uploads/2025/06/Foreign-Postal-Mail-Services-destinations-listed-JUN-2025-1.pdf,
phone,pass,Published phone: 0000000221 ,https://slpost.gov.lk/wp-content/uploads/2025/06/Foreign-Postal-Mail-Services-destinations-listed-JUN-2025-1.pdf,
phone,pass,Published phone: 0000001524 ,https://slpost.gov.lk/wp-content/uploads/2025/06/Foreign-Postal-Mail-Services-destinations-listed-JUN-2025-1.pdf,
phone,pass,Published phone: 0000001875 ,https://slpost.gov.lk/wp-content/uploads/2025/06/Foreign-Postal-Mail-Services-destinations-listed-JUN-2025-1.pdf,
phone,pass,Published phone: 0000000990 ,https://slpost.gov.lk/wp-content/uploads/2025/06/Foreign-Postal-Mail-Services-destinations-listed-JUN-2025-1.pdf,
phone,pass,Published phone: 0000001477 ,https://slpost.gov.lk/wp-content/uploads/2025/06/Foreign-Postal-Mail-Services-destinations-listed-JUN-2025-1.pdf,
phone,pass,Published phone: 0000001637 ,https://slpost.gov.lk/wp-content/uploads/2025/06/Foreign-Postal-Mail-Services-destinations-listed-JUN-2025-1.pdf,
phone,pass,Published phone: 0000000501 ,https://slpost.gov.lk/wp-content/uploads/2025/06/Foreign-Postal-Mail-Services-destinations-listed-JUN-2025-1.pdf,
phone,pass,Published phone: 0000000139 ,https://slpost.gov.lk/wp-content/uploads/2025/06/Foreign-Postal-Mail-Services-destinations-listed-JUN-2025-1.pdf,
phone,pass,Published phone: 0000001730 ,https://slpost.gov.lk/wp-content/uploads/2025/06/Foreign-Postal-Mail-Services-destinations-listed-JUN-2025-1.pdf,
phone,pass,Published phone: 0000000219 ,https://slpost.gov.lk/wp-content/uploads/2025/06/Foreign-Postal-Mail-Services-destinations-listed-JUN-2025-1.pdf,
phone,pass,Published phone: 0000000341 ,https://slpost.gov.lk/wp-content/uploads/2025/06/Foreign-Postal-Mail-Services-destinations-listed-JUN-2025-1.pdf,
phone,pass,Published phone: 0000000951 ,https://slpost.gov.lk/wp-content/uploads/2025/06/Foreign-Postal-Mail-Services-destinations-listed-JUN-2025-1.pdf,
phone,pass,Published phone: 0000000608 ,https://slpost.gov.lk/wp-content/uploads/2025/06/Foreign-Postal-Mail-Services-destinations-listed-JUN-2025-1.pdf,
phone,pass,Published phone: 0000001537 ,https://slpost.gov.lk/wp-content/uploads/2025/06/Foreign-Postal-Mail-Services-destinations-listed-JUN-2025-1.pdf,
phone,pass,Published phone: 07 507 507 50,https://slpost.gov.lk/wp-content/uploads/2025/06/Foreign-Postal-Mail-Services-destinations-listed-JUN-2025-1.pdf,
phone,pass,Published phone: 0000001208 ,https://slpost.gov.lk/wp-content/uploads/2025/06/Foreign-Postal-Mail-Services-destinations-listed-JUN-2025-1.pdf,
phone,pass,Published phone: 0000001312 ,https://slpost.gov.lk/wp-content/uploads/2025/06/Foreign-Postal-Mail-Services-destinations-listed-JUN-2025-1.pdf,
phone,pass,Published phone: 0000000632 ,https://slpost.gov.lk/wp-content/uploads/2025/06/Foreign-Postal-Mail-Services-destinations-listed-JUN-2025-1.pdf,
phone,pass,Published phone: 0000001534 ,https://slpost.gov.lk/wp-content/uploads/2025/06/Foreign-Postal-Mail-Services-destinations-listed-JUN-2025-1.pdf,
phone,pass,Published phone: 0000000944 ,https://slpost.gov.lk/wp-content/uploads/2025/06/Foreign-Postal-Mail-Services-destinations-listed-JUN-2025-1.pdf,
phone,pass,Published phone: 0000001001 ,https://slpost.gov.lk/wp-content/uploads/2025/06/Foreign-Postal-Mail-Services-destinations-listed-JUN-2025-1.pdf,
phone,pass,Published phone: 0000000390 ,https://slpost.gov.lk/wp-content/uploads/2025/06/Foreign-Postal-Mail-Services-destinations-listed-JUN-2025-1.pdf,
phone,pass,Published phone: 0000000719 ,https://slpost.gov.lk/wp-content/uploads/2025/06/Foreign-Postal-Mail-Services-destinations-listed-JUN-2025-1.pdf,
phone,pass,Published phone: 0000001206 ,https://slpost.gov.lk/wp-content/uploads/2025/06/Foreign-Postal-Mail-Services-destinations-listed-JUN-2025-1.pdf,
phone,pass,Published phone: 0000001224 ,https://slpost.gov.lk/wp-content/uploads/2025/06/Foreign-Postal-Mail-Services-destinations-listed-JUN-2025-1.pdf,
phone,pass,Published phone: 0000001416 ,https://slpost.gov.lk/wp-content/uploads/2025/06/Foreign-Postal-Mail-Services-destinations-listed-JUN-2025-1.pdf,
phone,pass,Published phone: 0000000495 ,https://slpost.gov.lk/wp-content/uploads/2025/06/Foreign-Postal-Mail-Services-destinations-listed-JUN-2025-1.pdf,
phone,pass,Published phone: 0000000547 ,https://slpost.gov.lk/wp-content/uploads/2025/06/Foreign-Postal-Mail-Services-destinations-listed-JUN-2025-1.pdf,
phone,pass,Published phone: 0000000637 ,https://slpost.gov.lk/wp-content/uploads/2025/06/Foreign-Postal-Mail-Services-destinations-listed-JUN-2025-1.pdf,
phone,pass,Published phone: 0000000119 ,https://slpost.gov.lk/wp-content/uploads/2025/06/Foreign-Postal-Mail-Services-destinations-listed-JUN-2025-1.pdf,
phone,pass,Published phone: 0000001393 ,https://slpost.gov.lk/wp-content/uploads/2025/06/Foreign-Postal-Mail-Services-destinations-listed-JUN-2025-1.pdf,
phone,pass,Published phone: 0000001523 ,https://slpost.gov.lk/wp-content/uploads/2025/06/Foreign-Postal-Mail-Services-destinations-listed-JUN-2025-1.pdf,
phone,pass,Published phone: 0000001075 ,https://slpost.gov.lk/wp-content/uploads/2025/06/Foreign-Postal-Mail-Services-destinations-listed-JUN-2025-1.pdf,
phone,pass,Published phone: 0000000870 ,https://slpost.gov.lk/wp-content/uploads/2025/06/Foreign-Postal-Mail-Services-destinations-listed-JUN-2025-1.pdf,
phone,pass,Published phone: 0000001816 ,https://slpost.gov.lk/wp-content/uploads/2025/06/Foreign-Postal-Mail-Services-destinations-listed-JUN-2025-1.pdf,
phone,pass,Published phone: 0000001828 ,https://slpost.gov.lk/wp-content/uploads/2025/06/Foreign-Postal-Mail-Services-destinations-listed-JUN-2025-1.pdf,
phone,pass,Published phone: 0000000243 ,https://slpost.gov.lk/wp-content/uploads/2025/06/Foreign-Postal-Mail-Services-destinations-listed-JUN-2025-1.pdf,
phone,pass,Published phone: 0000000280 ,https://slpost.gov.lk/wp-content/uploads/2025/06/Foreign-Postal-Mail-Services-destinations-listed-JUN-2025-1.pdf,
phone,pass,Published phone: 0000001198 ,https://slpost.gov.lk/wp-content/uploads/2025/06/Foreign-Postal-Mail-Services-destinations-listed-JUN-2025-1.pdf,
phone,pass,Published phone: 0000000392 ,https://slpost.gov.lk/wp-content/uploads/2025/06/Foreign-Postal-Mail-Services-destinations-listed-JUN-2025-1.pdf,
phone,pass,Published phone: 0000001583 ,https://slpost.gov.lk/wp-content/uploads/2025/06/Foreign-Postal-Mail-Services-destinations-listed-JUN-2025-1.pdf,
phone,pass,Published phone: 0000001172 ,https://slpost.gov.lk/wp-content/uploads/2025/06/Foreign-Postal-Mail-Services-destinations-listed-JUN-2025-1.pdf,
phone,pass,Published phone: 0000001468 ,https://slpost.gov.lk/wp-content/uploads/2025/06/Foreign-Postal-Mail-Services-destinations-listed-JUN-2025-1.pdf,
phone,pass,Published phone: 0000001348 ,https://slpost.gov.lk/wp-content/uploads/2025/06/Foreign-Postal-Mail-Services-destinations-listed-JUN-2025-1.pdf,
phone,pass,Published phone: 0000001518 ,https://slpost.gov.lk/wp-content/uploads/2025/06/Foreign-Postal-Mail-Services-destinations-listed-JUN-2025-1.pdf,
phone,pass,Published phone: 0000000811 ,https://slpost.gov.lk/wp-content/uploads/2025/06/Foreign-Postal-Mail-Services-destinations-listed-JUN-2025-1.pdf,
phone,pass,Published phone: 0 0 0 0 0 507 50,https://slpost.gov.lk/wp-content/uploads/2025/06/Foreign-Postal-Mail-Services-destinations-listed-JUN-2025-1.pdf,
phone,pass,Published phone: 0000001503 ,https://slpost.gov.lk/wp-content/uploads/2025/06/Foreign-Postal-Mail-Services-destinations-listed-JUN-2025-1.pdf,
phone,pass,Published phone: 0000000808 ,https://slpost.gov.lk/wp-content/uploads/2025/06/Foreign-Postal-Mail-Services-destinations-listed-JUN-2025-1.pdf,
phone,pass,Published phone: 0000000603 ,https://slpost.gov.lk/wp-content/uploads/2025/06/Foreign-Postal-Mail-Services-destinations-listed-JUN-2025-1.pdf,
phone,pass,Published phone: 0000001272 ,https://slpost.gov.lk/wp-content/uploads/2025/06/Foreign-Postal-Mail-Services-destinations-listed-JUN-2025-1.pdf,
phone,pass,Published phone: 0000000676 ,https://slpost.gov.lk/wp-content/uploads/2025/06/Foreign-Postal-Mail-Services-destinations-listed-JUN-2025-1.pdf,
phone,pass,Published phone: 0000000545 ,https://slpost.gov.lk/wp-content/uploads/2025/06/Foreign-Postal-Mail-Services-destinations-listed-JUN-2025-1.pdf,
phone,pass,Published phone: 0000001195 ,https://slpost.gov.lk/wp-content/uploads/2025/06/Foreign-Postal-Mail-Services-destinations-listed-JUN-2025-1.pdf,
phone,pass,Published phone: 0000001824 ,https://slpost.gov.lk/wp-content/uploads/2025/06/Foreign-Postal-Mail-Services-destinations-listed-JUN-2025-1.pdf,
phone,pass,Published phone: 0000000590 ,https://slpost.gov.lk/wp-content/uploads/2025/06/Foreign-Postal-Mail-Services-destinations-listed-JUN-2025-1.pdf,
phone,pass,Published phone: 0000001710 ,https://slpost.gov.lk/wp-content/uploads/2025/06/Foreign-Postal-Mail-Services-destinations-listed-JUN-2025-1.pdf,
phone,pass,Published phone: 0000000697 ,https://slpost.gov.lk/wp-content/uploads/2025/06/Foreign-Postal-Mail-Services-destinations-listed-JUN-2025-1.pdf,
phone,pass,Published phone: 0000001848 ,https://slpost.gov.lk/wp-content/uploads/2025/06/Foreign-Postal-Mail-Services-destinations-listed-JUN-2025-1.pdf,
phone,pass,Published phone: 0000000271 ,https://slpost.gov.lk/wp-content/uploads/2025/06/Foreign-Postal-Mail-Services-destinations-listed-JUN-2025-1.pdf,
phone,pass,Published phone: 0000000468 ,https://slpost.gov.lk/wp-content/uploads/2025/06/Foreign-Postal-Mail-Services-destinations-listed-JUN-2025-1.pdf,
phone,pass,Published phone: 0000000062 ,https://slpost.gov.lk/wp-content/uploads/2025/06/Foreign-Postal-Mail-Services-destinations-listed-JUN-2025-1.pdf,
phone,pass,Published phone: 0000001070 ,https://slpost.gov.lk/wp-content/uploads/2025/06/Foreign-Postal-Mail-Services-destinations-listed-JUN-2025-1.pdf,
phone,pass,Published phone: 0000000330 ,https://slpost.gov.lk/wp-content/uploads/2025/06/Foreign-Postal-Mail-Services-destinations-listed-JUN-2025-1.pdf,
phone,pass,Published phone: 0000000593 ,https://slpost.gov.lk/wp-content/uploads/2025/06/Foreign-Postal-Mail-Services-destinations-listed-JUN-2025-1.pdf,
phone,pass,Published phone: 0000000075 ,https://slpost.gov.lk/wp-content/uploads/2025/06/Foreign-Postal-Mail-Services-destinations-listed-JUN-2025-1.pdf,
phone,pass,Published phone: 0000000249 ,https://slpost.gov.lk/wp-content/uploads/2025/06/Foreign-Postal-Mail-Services-destinations-listed-JUN-2025-1.pdf,
phone,pass,Published phone: 0000001090 ,https://slpost.gov.lk/wp-content/uploads/2025/06/Foreign-Postal-Mail-Services-destinations-listed-JUN-2025-1.pdf,
phone,pass,Published phone: 0000013659 ,https://slpost.gov.lk/wp-content/uploads/2025/06/Foreign-Postal-Mail-Services-destinations-listed-JUN-2025-1.pdf,
phone,pass,Published phone: 0000000984 ,https://slpost.gov.lk/wp-content/uploads/2025/06/Foreign-Postal-Mail-Services-destinations-listed-JUN-2025-1.pdf,
phone,pass,Published phone: 0000001234 ,https://slpost.gov.lk/wp-content/uploads/2025/06/Foreign-Postal-Mail-Services-destinations-listed-JUN-2025-1.pdf,
phone,pass,Published phone: 0000001658 ,https://slpost.gov.lk/wp-content/uploads/2025/06/Foreign-Postal-Mail-Services-destinations-listed-JUN-2025-1.pdf,
phone,pass,Published phone: 0000425016 ,https://slpost.gov.lk/wp-content/uploads/2025/06/Foreign-Postal-Mail-Services-destinations-listed-JUN-2025-1.pdf,
phone,pass,Published phone: 0000001035 ,https://slpost.gov.lk/wp-content/uploads/2025/06/Foreign-Postal-Mail-Services-destinations-listed-JUN-2025-1.pdf,
phone,pass,Published phone: 0000000137 ,https://slpost.gov.lk/wp-content/uploads/2025/06/Foreign-Postal-Mail-Services-destinations-listed-JUN-2025-1.pdf,
phone,pass,Published phone: 0000000962 ,https://slpost.gov.lk/wp-content/uploads/2025/06/Foreign-Postal-Mail-Services-destinations-listed-JUN-2025-1.pdf,
phone,pass,Published phone: 0000001628 ,https://slpost.gov.lk/wp-content/uploads/2025/06/Foreign-Postal-Mail-Services-destinations-listed-JUN-2025-1.pdf,
phone,pass,Published phone: 0000000273 ,https://slpost.gov.lk/wp-content/uploads/2025/06/Foreign-Postal-Mail-Services-destinations-listed-JUN-2025-1.pdf,
phone,pass,Published phone: 0000001766 ,https://slpost.gov.lk/wp-content/uploads/2025/06/Foreign-Postal-Mail-Services-destinations-listed-JUN-2025-1.pdf,
phone,pass,Published phone: 0000001132 ,https://slpost.gov.lk/wp-content/uploads/2025/06/Foreign-Postal-Mail-Services-destinations-listed-JUN-2025-1.pdf,
phone,pass,Published phone: 0000000991 ,https://slpost.gov.lk/wp-content/uploads/2025/06/Foreign-Postal-Mail-Services-destinations-listed-JUN-2025-1.pdf,
phone,pass,Published phone: 0000001281 ,https://slpost.gov.lk/wp-content/uploads/2025/06/Foreign-Postal-Mail-Services-destinations-listed-JUN-2025-1.pdf,
phone,pass,Published phone: 0000000965 ,https://slpost.gov.lk/wp-content/uploads/2025/06/Foreign-Postal-Mail-Services-destinations-listed-JUN-2025-1.pdf,
phone,pass,Published phone: 0000000679 ,https://slpost.gov.lk/wp-content/uploads/2025/06/Foreign-Postal-Mail-Services-destinations-listed-JUN-2025-1.pdf,
phone,pass,Published phone: 0000000228 ,https://slpost.gov.lk/wp-content/uploads/2025/06/Foreign-Postal-Mail-Services-destinations-listed-JUN-2025-1.pdf,
phone,pass,Published phone: 0000000846 ,https://slpost.gov.lk/wp-content/uploads/2025/06/Foreign-Postal-Mail-Services-destinations-listed-JUN-2025-1.pdf,
phone,pass,Published phone: 0000001708 ,https://slpost.gov.lk/wp-content/uploads/2025/06/Foreign-Postal-Mail-Services-destinations-listed-JUN-2025-1.pdf,
phone,pass,Published phone: 0000000717 ,https://slpost.gov.lk/wp-content/uploads/2025/06/Foreign-Postal-Mail-Services-destinations-listed-JUN-2025-1.pdf,
phone,pass,Published phone: 0000000328 ,https://slpost.gov.lk/wp-content/uploads/2025/06/Foreign-Postal-Mail-Services-destinations-listed-JUN-2025-1.pdf,
phone,pass,Published phone: 0000001603 ,https://slpost.gov.lk/wp-content/uploads/2025/06/Foreign-Postal-Mail-Services-destinations-listed-JUN-2025-1.pdf,
phone,pass,Published phone: 0000001171 ,https://slpost.gov.lk/wp-content/uploads/2025/06/Foreign-Postal-Mail-Services-destinations-listed-JUN-2025-1.pdf,
phone,pass,Published phone: 0000000937 ,https://slpost.gov.lk/wp-content/uploads/2025/06/Foreign-Postal-Mail-Services-destinations-listed-JUN-2025-1.pdf,
phone,pass,Published phone: 0000000862 ,https://slpost.gov.lk/wp-content/uploads/2025/06/Foreign-Postal-Mail-Services-destinations-listed-JUN-2025-1.pdf,
phone,pass,Published phone: 0000000285 ,https://slpost.gov.lk/wp-content/uploads/2025/06/Foreign-Postal-Mail-Services-destinations-listed-JUN-2025-1.pdf,
phone,pass,Published phone: 0000000108 ,https://slpost.gov.lk/wp-content/uploads/2025/06/Foreign-Postal-Mail-Services-destinations-listed-JUN-2025-1.pdf,
phone,pass,Published phone: 0000001360 ,https://slpost.gov.lk/wp-content/uploads/2025/06/Foreign-Postal-Mail-Services-destinations-listed-JUN-2025-1.pdf,
phone,pass,Published phone: 0000001722 ,https://slpost.gov.lk/wp-content/uploads/2025/06/Foreign-Postal-Mail-Services-destinations-listed-JUN-2025-1.pdf,
phone,pass,Published phone: 0000000743 ,https://slpost.gov.lk/wp-content/uploads/2025/06/Foreign-Postal-Mail-Services-destinations-listed-JUN-2025-1.pdf,
phone,pass,Published phone: 0000000857 ,https://slpost.gov.lk/wp-content/uploads/2025/06/Foreign-Postal-Mail-Services-destinations-listed-JUN-2025-1.pdf,
phone,pass,Published phone: 0000000753 ,https://slpost.gov.lk/wp-content/uploads/2025/06/Foreign-Postal-Mail-Services-destinations-listed-JUN-2025-1.pdf,
phone,pass,Published phone: 0000001005 ,https://slpost.gov.lk/wp-content/uploads/2025/06/Foreign-Postal-Mail-Services-destinations-listed-JUN-2025-1.pdf,
phone,pass,Published phone: 0000000842 ,https://slpost.gov.lk/wp-content/uploads/2025/06/Foreign-Postal-Mail-Services-destinations-listed-JUN-2025-1.pdf,
phone,pass,Published phone: 0000001303 ,https://slpost.gov.lk/wp-content/uploads/2025/06/Foreign-Postal-Mail-Services-destinations-listed-JUN-2025-1.pdf,
phone,pass,Published phone: 0000001011 ,https://slpost.gov.lk/wp-content/uploads/2025/06/Foreign-Postal-Mail-Services-destinations-listed-JUN-2025-1.pdf,
phone,pass,Published phone: 0000001121 ,https://slpost.gov.lk/wp-content/uploads/2025/06/Foreign-Postal-Mail-Services-destinations-listed-JUN-2025-1.pdf,
phone,pass,Published phone: 0000001004 ,https://slpost.gov.lk/wp-content/uploads/2025/06/Foreign-Postal-Mail-Services-destinations-listed-JUN-2025-1.pdf,
phone,pass,Published phone: 0000000852 ,https://slpost.gov.lk/wp-content/uploads/2025/06/Foreign-Postal-Mail-Services-destinations-listed-JUN-2025-1.pdf,
phone,pass,Published phone: 0000001305 ,https://slpost.gov.lk/wp-content/uploads/2025/06/Foreign-Postal-Mail-Services-destinations-listed-JUN-2025-1.pdf,
phone,pass,Published phone: 0000001397 ,https://slpost.gov.lk/wp-content/uploads/2025/06/Foreign-Postal-Mail-Services-destinations-listed-JUN-2025-1.pdf,
phone,pass,Published phone: 0000000524 ,https://slpost.gov.lk/wp-content/uploads/2025/06/Foreign-Postal-Mail-Services-destinations-listed-JUN-2025-1.pdf,
phone,pass,Published phone: 0000001314 ,https://slpost.gov.lk/wp-content/uploads/2025/06/Foreign-Postal-Mail-Services-destinations-listed-JUN-2025-1.pdf,
phone,pass,Published phone: 0000001652 ,https://slpost.gov.lk/wp-content/uploads/2025/06/Foreign-Postal-Mail-Services-destinations-listed-JUN-2025-1.pdf,
phone,pass,Published phone: 0000000613 ,https://slpost.gov.lk/wp-content/uploads/2025/06/Foreign-Postal-Mail-Services-destinations-listed-JUN-2025-1.pdf,
phone,pass,Published phone: 0000000541 ,https://slpost.gov.lk/wp-content/uploads/2025/06/Foreign-Postal-Mail-Services-destinations-listed-JUN-2025-1.pdf,
phone,pass,Published phone: 0000001197 ,https://slpost.gov.lk/wp-content/uploads/2025/06/Foreign-Postal-Mail-Services-destinations-listed-JUN-2025-1.pdf,
phone,pass,Published phone: 0000000788 ,https://slpost.gov.lk/wp-content/uploads/2025/06/Foreign-Postal-Mail-Services-destinations-listed-JUN-2025-1.pdf,
phone,pass,Published phone: 0000000515 ,https://slpost.gov.lk/wp-content/uploads/2025/06/Foreign-Postal-Mail-Services-destinations-listed-JUN-2025-1.pdf,
phone,pass,Published phone: 0000000085 ,https://slpost.gov.lk/wp-content/uploads/2025/06/Foreign-Postal-Mail-Services-destinations-listed-JUN-2025-1.pdf,
phone,pass,Published phone: 0000001130 ,https://slpost.gov.lk/wp-content/uploads/2025/06/Foreign-Postal-Mail-Services-destinations-listed-JUN-2025-1.pdf,
phone,pass,Published phone: 0000000087 ,https://slpost.gov.lk/wp-content/uploads/2025/06/Foreign-Postal-Mail-Services-destinations-listed-JUN-2025-1.pdf,
phone,pass,Published phone: 0000001555 ,https://slpost.gov.lk/wp-content/uploads/2025/06/Foreign-Postal-Mail-Services-destinations-listed-JUN-2025-1.pdf,
phone,pass,Published phone: 0000001103 ,https://slpost.gov.lk/wp-content/uploads/2025/06/Foreign-Postal-Mail-Services-destinations-listed-JUN-2025-1.pdf,
phone,pass,Published phone: 0000067809 ,https://slpost.gov.lk/wp-content/uploads/2025/06/Foreign-Postal-Mail-Services-destinations-listed-JUN-2025-1.pdf,
phone,pass,Published phone: 0000001012 ,https://slpost.gov.lk/wp-content/uploads/2025/06/Foreign-Postal-Mail-Services-destinations-listed-JUN-2025-1.pdf,
phone,pass,Published phone: 0000001256 ,https://slpost.gov.lk/wp-content/uploads/2025/06/Foreign-Postal-Mail-Services-destinations-listed-JUN-2025-1.pdf,
phone,pass,Published phone: 0000001318 ,https://slpost.gov.lk/wp-content/uploads/2025/06/Foreign-Postal-Mail-Services-destinations-listed-JUN-2025-1.pdf,
phone,pass,Published phone: 0000001141 ,https://slpost.gov.lk/wp-content/uploads/2025/06/Foreign-Postal-Mail-Services-destinations-listed-JUN-2025-1.pdf,
phone,pass,Published phone: 0000001453 ,https://slpost.gov.lk/wp-content/uploads/2025/06/Foreign-Postal-Mail-Services-destinations-listed-JUN-2025-1.pdf,
phone,pass,Published phone: 0000001561 ,https://slpost.gov.lk/wp-content/uploads/2025/06/Foreign-Postal-Mail-Services-destinations-listed-JUN-2025-1.pdf,
phone,pass,Published phone: 0000000372 ,https://slpost.gov.lk/wp-content/uploads/2025/06/Foreign-Postal-Mail-Services-destinations-listed-JUN-2025-1.pdf,
phone,pass,Published phone: 0000001082 ,https://slpost.gov.lk/wp-content/uploads/2025/06/Foreign-Postal-Mail-Services-destinations-listed-JUN-2025-1.pdf,
phone,pass,Published phone: 0000000727 ,https://slpost.gov.lk/wp-content/uploads/2025/06/Foreign-Postal-Mail-Services-destinations-listed-JUN-2025-1.pdf,
phone,pass,Published phone: 0000001220 ,https://slpost.gov.lk/wp-content/uploads/2025/06/Foreign-Postal-Mail-Services-destinations-listed-JUN-2025-1.pdf,
phone,pass,Published phone: 0000037550 ,https://slpost.gov.lk/wp-content/uploads/2025/06/Foreign-Postal-Mail-Services-destinations-listed-JUN-2025-1.pdf,
phone,pass,Published phone: 0000001228 ,https://slpost.gov.lk/wp-content/uploads/2025/06/Foreign-Postal-Mail-Services-destinations-listed-JUN-2025-1.pdf,
phone,pass,Published phone: 0000001745 ,https://slpost.gov.lk/wp-content/uploads/2025/06/Foreign-Postal-Mail-Services-destinations-listed-JUN-2025-1.pdf,
phone,pass,Published phone: 0000001488 ,https://slpost.gov.lk/wp-content/uploads/2025/06/Foreign-Postal-Mail-Services-destinations-listed-JUN-2025-1.pdf,
phone,pass,Published phone: 0000001486 ,https://slpost.gov.lk/wp-content/uploads/2025/06/Foreign-Postal-Mail-Services-destinations-listed-JUN-2025-1.pdf,
phone,pass,Published phone: 0000001406 ,https://slpost.gov.lk/wp-content/uploads/2025/06/Foreign-Postal-Mail-Services-destinations-listed-JUN-2025-1.pdf,
phone,pass,Published phone: 0000000152 ,https://slpost.gov.lk/wp-content/uploads/2025/06/Foreign-Postal-Mail-Services-destinations-listed-JUN-2025-1.pdf,
phone,pass,Published phone: 0000001794 ,https://slpost.gov.lk/wp-content/uploads/2025/06/Foreign-Postal-Mail-Services-destinations-listed-JUN-2025-1.pdf,
phone,pass,Published phone: 0000000224 ,https://slpost.gov.lk/wp-content/uploads/2025/06/Foreign-Postal-Mail-Services-destinations-listed-JUN-2025-1.pdf,
phone,pass,Published phone: 0000037277 ,https://slpost.gov.lk/wp-content/uploads/2025/06/Foreign-Postal-Mail-Services-destinations-listed-JUN-2025-1.pdf,
phone,pass,Published phone: 0000000526 ,https://slpost.gov.lk/wp-content/uploads/2025/06/Foreign-Postal-Mail-Services-destinations-listed-JUN-2025-1.pdf,
phone,pass,Published phone: 0 239 455 230 ,https://slpost.gov.lk/wp-content/uploads/2025/06/Foreign-Postal-Mail-Services-destinations-listed-JUN-2025-1.pdf,
phone,pass,Published phone: 0000000832 ,https://slpost.gov.lk/wp-content/uploads/2025/06/Foreign-Postal-Mail-Services-destinations-listed-JUN-2025-1.pdf,
phone,pass,Published phone: 0000001508 ,https://slpost.gov.lk/wp-content/uploads/2025/06/Foreign-Postal-Mail-Services-destinations-listed-JUN-2025-1.pdf,
phone,pass,Published phone: 0000001582 ,https://slpost.gov.lk/wp-content/uploads/2025/06/Foreign-Postal-Mail-Services-destinations-listed-JUN-2025-1.pdf,
phone,pass,Published phone: 0000000037 ,https://slpost.gov.lk/wp-content/uploads/2025/06/Foreign-Postal-Mail-Services-destinations-listed-JUN-2025-1.pdf,
phone,pass,Published phone: 0000000703 ,https://slpost.gov.lk/wp-content/uploads/2025/06/Foreign-Postal-Mail-Services-destinations-listed-JUN-2025-1.pdf,
phone,pass,Published phone: 0000000945 ,https://slpost.gov.lk/wp-content/uploads/2025/06/Foreign-Postal-Mail-Services-destinations-listed-JUN-2025-1.pdf,
phone,pass,Published phone: 0000000553 ,https://slpost.gov.lk/wp-content/uploads/2025/06/Foreign-Postal-Mail-Services-destinations-listed-JUN-2025-1.pdf,
phone,pass,Published phone: 0000001410 ,https://slpost.gov.lk/wp-content/uploads/2025/06/Foreign-Postal-Mail-Services-destinations-listed-JUN-2025-1.pdf,
phone,pass,Published phone: 0000001157 ,https://slpost.gov.lk/wp-content/uploads/2025/06/Foreign-Postal-Mail-Services-destinations-listed-JUN-2025-1.pdf,
phone,pass,Published phone: 0000001254 ,https://slpost.gov.lk/wp-content/uploads/2025/06/Foreign-Postal-Mail-Services-destinations-listed-JUN-2025-1.pdf,
phone,pass,Published phone: 0000000231 ,https://slpost.gov.lk/wp-content/uploads/2025/06/Foreign-Postal-Mail-Services-destinations-listed-JUN-2025-1.pdf,
phone,pass,Published phone: 0000001047 ,https://slpost.gov.lk/wp-content/uploads/2025/06/Foreign-Postal-Mail-Services-destinations-listed-JUN-2025-1.pdf,
phone,pass,Published phone: 0000001752 ,https://slpost.gov.lk/wp-content/uploads/2025/06/Foreign-Postal-Mail-Services-destinations-listed-JUN-2025-1.pdf,
phone,pass,Published phone: 0000000184 ,https://slpost.gov.lk/wp-content/uploads/2025/06/Foreign-Postal-Mail-Services-destinations-listed-JUN-2025-1.pdf,
phone,pass,Published phone: 0000000307 ,https://slpost.gov.lk/wp-content/uploads/2025/06/Foreign-Postal-Mail-Services-destinations-listed-JUN-2025-1.pdf,
phone,pass,Published phone: 0000001756 ,https://slpost.gov.lk/wp-content/uploads/2025/06/Foreign-Postal-Mail-Services-destinations-listed-JUN-2025-1.pdf,
phone,pass,Published phone: 0000001692 ,https://slpost.gov.lk/wp-content/uploads/2025/06/Foreign-Postal-Mail-Services-destinations-listed-JUN-2025-1.pdf,
phone,pass,Published phone: 0000001697 ,https://slpost.gov.lk/wp-content/uploads/2025/06/Foreign-Postal-Mail-Services-destinations-listed-JUN-2025-1.pdf,
phone,pass,Published phone: 0000001343 ,https://slpost.gov.lk/wp-content/uploads/2025/06/Foreign-Postal-Mail-Services-destinations-listed-JUN-2025-1.pdf,
phone,pass,Published phone: 0000001008 ,https://slpost.gov.lk/wp-content/uploads/2025/06/Foreign-Postal-Mail-Services-destinations-listed-JUN-2025-1.pdf,
phone,pass,Published phone: 0000000585 ,https://slpost.gov.lk/wp-content/uploads/2025/06/Foreign-Postal-Mail-Services-destinations-listed-JUN-2025-1.pdf,
phone,pass,Published phone: 0000000059 ,https://slpost.gov.lk/wp-content/uploads/2025/06/Foreign-Postal-Mail-Services-destinations-listed-JUN-2025-1.pdf,
phone,pass,Published phone: 0000001320 ,https://slpost.gov.lk/wp-content/uploads/2025/06/Foreign-Postal-Mail-Services-destinations-listed-JUN-2025-1.pdf,
phone,pass,Published phone: 0000000164 ,https://slpost.gov.lk/wp-content/uploads/2025/06/Foreign-Postal-Mail-Services-destinations-listed-JUN-2025-1.pdf,
phone,pass,Published phone: 0000001046 ,https://slpost.gov.lk/wp-content/uploads/2025/06/Foreign-Postal-Mail-Services-destinations-listed-JUN-2025-1.pdf,
phone,pass,Published phone: 0000000236 ,https://slpost.gov.lk/wp-content/uploads/2025/06/Foreign-Postal-Mail-Services-destinations-listed-JUN-2025-1.pdf,
phone,pass,Published phone: 0000001719 ,https://slpost.gov.lk/wp-content/uploads/2025/06/Foreign-Postal-Mail-Services-destinations-listed-JUN-2025-1.pdf,
phone,pass,Published phone: 0000000806 ,https://slpost.gov.lk/wp-content/uploads/2025/06/Foreign-Postal-Mail-Services-destinations-listed-JUN-2025-1.pdf,
phone,pass,Published phone: 0000000149 ,https://slpost.gov.lk/wp-content/uploads/2025/06/Foreign-Postal-Mail-Services-destinations-listed-JUN-2025-1.pdf,
phone,pass,Published phone: 0000000735 ,https://slpost.gov.lk/wp-content/uploads/2025/06/Foreign-Postal-Mail-Services-destinations-listed-JUN-2025-1.pdf,
phone,pass,Published phone: 0000000504 ,https://slpost.gov.lk/wp-content/uploads/2025/06/Foreign-Postal-Mail-Services-destinations-listed-JUN-2025-1.pdf,
phone,pass,Published phone: 0000000266 ,https://slpost.gov.lk/wp-content/uploads/2025/06/Foreign-Postal-Mail-Services-destinations-listed-JUN-2025-1.pdf,
phone,pass,Published phone: 0000000366 ,https://slpost.gov.lk/wp-content/uploads/2025/06/Foreign-Postal-Mail-Services-destinations-listed-JUN-2025-1.pdf,
phone,pass,Published phone: 0000000562 ,https://slpost.gov.lk/wp-content/uploads/2025/06/Foreign-Postal-Mail-Services-destinations-listed-JUN-2025-1.pdf,
phone,pass,Published phone: 0000001606 ,https://slpost.gov.lk/wp-content/uploads/2025/06/Foreign-Postal-Mail-Services-destinations-listed-JUN-2025-1.pdf,
phone,pass,Published phone: 0000001657 ,https://slpost.gov.lk/wp-content/uploads/2025/06/Foreign-Postal-Mail-Services-destinations-listed-JUN-2025-1.pdf,
phone,pass,Published phone: 0000000089 ,https://slpost.gov.lk/wp-content/uploads/2025/06/Foreign-Postal-Mail-Services-destinations-listed-JUN-2025-1.pdf,
phone,pass,Published phone: 0000013483 ,https://slpost.gov.lk/wp-content/uploads/2025/06/Foreign-Postal-Mail-Services-destinations-listed-JUN-2025-1.pdf,
phone,pass,Published phone: 0000000947 ,https://slpost.gov.lk/wp-content/uploads/2025/06/Foreign-Postal-Mail-Services-destinations-listed-JUN-2025-1.pdf,
phone,pass,Published phone: 0000001815 ,https://slpost.gov.lk/wp-content/uploads/2025/06/Foreign-Postal-Mail-Services-destinations-listed-JUN-2025-1.pdf,
phone,pass,Published phone: 0000001142 ,https://slpost.gov.lk/wp-content/uploads/2025/06/Foreign-Postal-Mail-Services-destinations-listed-JUN-2025-1.pdf,
phone,pass,Published phone: 0 0 455 230 79,https://slpost.gov.lk/wp-content/uploads/2025/06/Foreign-Postal-Mail-Services-destinations-listed-JUN-2025-1.pdf,
phone,pass,Published phone: 0000001856 ,https://slpost.gov.lk/wp-content/uploads/2025/06/Foreign-Postal-Mail-Services-destinations-listed-JUN-2025-1.pdf,
phone,pass,Published phone: 0000001732 ,https://slpost.gov.lk/wp-content/uploads/2025/06/Foreign-Postal-Mail-Services-destinations-listed-JUN-2025-1.pdf,
phone,pass,Published phone: 0000001884 ,https://slpost.gov.lk/wp-content/uploads/2025/06/Foreign-Postal-Mail-Services-destinations-listed-JUN-2025-1.pdf,
phone,pass,Published phone: 0000001640 ,https://slpost.gov.lk/wp-content/uploads/2025/06/Foreign-Postal-Mail-Services-destinations-listed-JUN-2025-1.pdf,
phone,pass,Published phone: 0000001805 ,https://slpost.gov.lk/wp-content/uploads/2025/06/Foreign-Postal-Mail-Services-destinations-listed-JUN-2025-1.pdf,
phone,pass,Published phone: 0000001748 ,https://slpost.gov.lk/wp-content/uploads/2025/06/Foreign-Postal-Mail-Services-destinations-listed-JUN-2025-1.pdf,
phone,pass,Published phone: 0000000175 ,https://slpost.gov.lk/wp-content/uploads/2025/06/Foreign-Postal-Mail-Services-destinations-listed-JUN-2025-1.pdf,
phone,pass,Published phone: 0000001707 ,https://slpost.gov.lk/wp-content/uploads/2025/06/Foreign-Postal-Mail-Services-destinations-listed-JUN-2025-1.pdf,
phone,pass,Published phone: 0000001445 ,https://slpost.gov.lk/wp-content/uploads/2025/06/Foreign-Postal-Mail-Services-destinations-listed-JUN-2025-1.pdf,
phone,pass,Published phone: 0000001785 ,https://slpost.gov.lk/wp-content/uploads/2025/06/Foreign-Postal-Mail-Services-destinations-listed-JUN-2025-1.pdf,
phone,pass,Published phone: 0000000996 ,https://slpost.gov.lk/wp-content/uploads/2025/06/Foreign-Postal-Mail-Services-destinations-listed-JUN-2025-1.pdf,
phone,pass,Published phone: 0000001041 ,https://slpost.gov.lk/wp-content/uploads/2025/06/Foreign-Postal-Mail-Services-destinations-listed-JUN-2025-1.pdf,
phone,pass,Published phone: 0000001882 ,https://slpost.gov.lk/wp-content/uploads/2025/06/Foreign-Postal-Mail-Services-destinations-listed-JUN-2025-1.pdf,
phone,pass,Published phone: 0000001889 ,https://slpost.gov.lk/wp-content/uploads/2025/06/Foreign-Postal-Mail-Services-destinations-listed-JUN-2025-1.pdf,
phone,pass,Published phone: 0000001211 ,https://slpost.gov.lk/wp-content/uploads/2025/06/Foreign-Postal-Mail-Services-destinations-listed-JUN-2025-1.pdf,
phone,pass,Published phone: 0000000278 ,https://slpost.gov.lk/wp-content/uploads/2025/06/Foreign-Postal-Mail-Services-destinations-listed-JUN-2025-1.pdf,
phone,pass,Published phone: 0000001009 ,https://slpost.gov.lk/wp-content/uploads/2025/06/Foreign-Postal-Mail-Services-destinations-listed-JUN-2025-1.pdf,
phone,pass,Published phone: 0000000881 ,https://slpost.gov.lk/wp-content/uploads/2025/06/Foreign-Postal-Mail-Services-destinations-listed-JUN-2025-1.pdf,
phone,pass,Published phone: 0000000223 ,https://slpost.gov.lk/wp-content/uploads/2025/06/Foreign-Postal-Mail-Services-destinations-listed-JUN-2025-1.pdf,
phone,pass,Published phone: 0000000955 ,https://slpost.gov.lk/wp-content/uploads/2025/06/Foreign-Postal-Mail-Services-destinations-listed-JUN-2025-1.pdf,
phone,pass,Published phone: 0000000445 ,https://slpost.gov.lk/wp-content/uploads/2025/06/Foreign-Postal-Mail-Services-destinations-listed-JUN-2025-1.pdf,
phone,pass,Published phone: 0000000365 ,https://slpost.gov.lk/wp-content/uploads/2025/06/Foreign-Postal-Mail-Services-destinations-listed-JUN-2025-1.pdf,
phone,pass,Published phone: 0000037136 ,https://slpost.gov.lk/wp-content/uploads/2025/06/Foreign-Postal-Mail-Services-destinations-listed-JUN-2025-1.pdf,
phone,pass,Published phone: 0000001755 ,https://slpost.gov.lk/wp-content/uploads/2025/06/Foreign-Postal-Mail-Services-destinations-listed-JUN-2025-1.pdf,
phone,pass,Published phone: 0000001596 ,https://slpost.gov.lk/wp-content/uploads/2025/06/Foreign-Postal-Mail-Services-destinations-listed-JUN-2025-1.pdf,
phone,pass,Published phone: 0000000419 ,https://slpost.gov.lk/wp-content/uploads/2025/06/Foreign-Postal-Mail-Services-destinations-listed-JUN-2025-1.pdf,
phone,pass,Published phone: 0000001586 ,https://slpost.gov.lk/wp-content/uploads/2025/06/Foreign-Postal-Mail-Services-destinations-listed-JUN-2025-1.pdf,
phone,pass,Published phone: 0000001398 ,https://slpost.gov.lk/wp-content/uploads/2025/06/Foreign-Postal-Mail-Services-destinations-listed-JUN-2025-1.pdf,
phone,pass,Published phone: 0000000320 ,https://slpost.gov.lk/wp-content/uploads/2025/06/Foreign-Postal-Mail-Services-destinations-listed-JUN-2025-1.pdf,
phone,pass,Published phone: 0000001812 ,https://slpost.gov.lk/wp-content/uploads/2025/06/Foreign-Postal-Mail-Services-destinations-listed-JUN-2025-1.pdf,
phone,pass,Published phone: 0000000814 ,https://slpost.gov.lk/wp-content/uploads/2025/06/Foreign-Postal-Mail-Services-destinations-listed-JUN-2025-1.pdf,
phone,pass,Published phone: 0000000934 ,https://slpost.gov.lk/wp-content/uploads/2025/06/Foreign-Postal-Mail-Services-destinations-listed-JUN-2025-1.pdf,
phone,pass,Published phone: 0000001086 ,https://slpost.gov.lk/wp-content/uploads/2025/06/Foreign-Postal-Mail-Services-destinations-listed-JUN-2025-1.pdf,
phone,pass,Published phone: 03 0 0 250 0 25,https://slpost.gov.lk/wp-content/uploads/2025/06/Foreign-Postal-Mail-Services-destinations-listed-JUN-2025-1.pdf,
phone,pass,Published phone: 0000001357 ,https://slpost.gov.lk/wp-content/uploads/2025/06/Foreign-Postal-Mail-Services-destinations-listed-JUN-2025-1.pdf,
phone,pass,Published phone: 0000001863 ,https://slpost.gov.lk/wp-content/uploads/2025/06/Foreign-Postal-Mail-Services-destinations-listed-JUN-2025-1.pdf,
phone,pass,Published phone: 0000000131 ,https://slpost.gov.lk/wp-content/uploads/2025/06/Foreign-Postal-Mail-Services-destinations-listed-JUN-2025-1.pdf,
phone,pass,Published phone: 0000001709 ,https://slpost.gov.lk/wp-content/uploads/2025/06/Foreign-Postal-Mail-Services-destinations-listed-JUN-2025-1.pdf,
phone,pass,Published phone: 0000001401 ,https://slpost.gov.lk/wp-content/uploads/2025/06/Foreign-Postal-Mail-Services-destinations-listed-JUN-2025-1.pdf,
phone,pass,Published phone: 0000001661 ,https://slpost.gov.lk/wp-content/uploads/2025/06/Foreign-Postal-Mail-Services-destinations-listed-JUN-2025-1.pdf,
phone,pass,Published phone: 0000000403 ,https://slpost.gov.lk/wp-content/uploads/2025/06/Foreign-Postal-Mail-Services-destinations-listed-JUN-2025-1.pdf,
phone,pass,Published phone: 0000001126 ,https://slpost.gov.lk/wp-content/uploads/2025/06/Foreign-Postal-Mail-Services-destinations-listed-JUN-2025-1.pdf,
phone,pass,Published phone: 0000000891 ,https://slpost.gov.lk/wp-content/uploads/2025/06/Foreign-Postal-Mail-Services-destinations-listed-JUN-2025-1.pdf,
phone,pass,Published phone: 0000000170 ,https://slpost.gov.lk/wp-content/uploads/2025/06/Foreign-Postal-Mail-Services-destinations-listed-JUN-2025-1.pdf,
phone,pass,Published phone: 0000000156 ,https://slpost.gov.lk/wp-content/uploads/2025/06/Foreign-Postal-Mail-Services-destinations-listed-JUN-2025-1.pdf,
phone,pass,Published phone: 0000001876 ,https://slpost.gov.lk/wp-content/uploads/2025/06/Foreign-Postal-Mail-Services-destinations-listed-JUN-2025-1.pdf,
phone,pass,Published phone: 0000001742 ,https://slpost.gov.lk/wp-content/uploads/2025/06/Foreign-Postal-Mail-Services-destinations-listed-JUN-2025-1.pdf,
phone,pass,Published phone: 0000000096 ,https://slpost.gov.lk/wp-content/uploads/2025/06/Foreign-Postal-Mail-Services-destinations-listed-JUN-2025-1.pdf,
phone,pass,Published phone: 0000000355 ,https://slpost.gov.lk/wp-content/uploads/2025/06/Foreign-Postal-Mail-Services-destinations-listed-JUN-2025-1.pdf,
phone,pass,Published phone: 0000001420 ,https://slpost.gov.lk/wp-content/uploads/2025/06/Foreign-Postal-Mail-Services-destinations-listed-JUN-2025-1.pdf,
phone,pass,Published phone: 0000001625 ,https://slpost.gov.lk/wp-content/uploads/2025/06/Foreign-Postal-Mail-Services-destinations-listed-JUN-2025-1.pdf,
phone,pass,Published phone: 0000001809 ,https://slpost.gov.lk/wp-content/uploads/2025/06/Foreign-Postal-Mail-Services-destinations-listed-JUN-2025-1.pdf,
phone,pass,Published phone: 0000001804 ,https://slpost.gov.lk/wp-content/uploads/2025/06/Foreign-Postal-Mail-Services-destinations-listed-JUN-2025-1.pdf,
phone,pass,Published phone: 0000001243 ,https://slpost.gov.lk/wp-content/uploads/2025/06/Foreign-Postal-Mail-Services-destinations-listed-JUN-2025-1.pdf,
phone,pass,Published phone: 0000001685 ,https://slpost.gov.lk/wp-content/uploads/2025/06/Foreign-Postal-Mail-Services-destinations-listed-JUN-2025-1.pdf,
phone,pass,Published phone: 0000000994 ,https://slpost.gov.lk/wp-content/uploads/2025/06/Foreign-Postal-Mail-Services-destinations-listed-JUN-2025-1.pdf,
phone,pass,Published phone: 0000001535 ,https://slpost.gov.lk/wp-content/uploads/2025/06/Foreign-Postal-Mail-Services-destinations-listed-JUN-2025-1.pdf,
phone,pass,Published phone: 0000001638 ,https://slpost.gov.lk/wp-content/uploads/2025/06/Foreign-Postal-Mail-Services-destinations-listed-JUN-2025-1.pdf,
phone,pass,Published phone: 0000000927 ,https://slpost.gov.lk/wp-content/uploads/2025/06/Foreign-Postal-Mail-Services-destinations-listed-JUN-2025-1.pdf,
phone,pass,Published phone: 0000001827 ,https://slpost.gov.lk/wp-content/uploads/2025/06/Foreign-Postal-Mail-Services-destinations-listed-JUN-2025-1.pdf,
phone,pass,Published phone: 0000001600 ,https://slpost.gov.lk/wp-content/uploads/2025/06/Foreign-Postal-Mail-Services-destinations-listed-JUN-2025-1.pdf,
phone,pass,Published phone: 0000001287 ,https://slpost.gov.lk/wp-content/uploads/2025/06/Foreign-Postal-Mail-Services-destinations-listed-JUN-2025-1.pdf,
phone,pass,Published phone: 0000000120 ,https://slpost.gov.lk/wp-content/uploads/2025/06/Foreign-Postal-Mail-Services-destinations-listed-JUN-2025-1.pdf,
phone,pass,Published phone: 0000000274 ,https://slpost.gov.lk/wp-content/uploads/2025/06/Foreign-Postal-Mail-Services-destinations-listed-JUN-2025-1.pdf,
phone,pass,Published phone: 0000001042 ,https://slpost.gov.lk/wp-content/uploads/2025/06/Foreign-Postal-Mail-Services-destinations-listed-JUN-2025-1.pdf,
phone,pass,Published phone: 0000001257 ,https://slpost.gov.lk/wp-content/uploads/2025/06/Foreign-Postal-Mail-Services-destinations-listed-JUN-2025-1.pdf,
phone,pass,Published phone: 0000000326 ,https://slpost.gov.lk/wp-content/uploads/2025/06/Foreign-Postal-Mail-Services-destinations-listed-JUN-2025-1.pdf,
phone,pass,Published phone: 0000000939 ,https://slpost.gov.lk/wp-content/uploads/2025/06/Foreign-Postal-Mail-Services-destinations-listed-JUN-2025-1.pdf,
phone,pass,Published phone: 0000000159 ,https://slpost.gov.lk/wp-content/uploads/2025/06/Foreign-Postal-Mail-Services-destinations-listed-JUN-2025-1.pdf,
phone,pass,Published phone: 0000000325 ,https://slpost.gov.lk/wp-content/uploads/2025/06/Foreign-Postal-Mail-Services-destinations-listed-JUN-2025-1.pdf,
phone,pass,Published phone: 0000000070 ,https://slpost.gov.lk/wp-content/uploads/2025/06/Foreign-Postal-Mail-Services-destinations-listed-JUN-2025-1.pdf,
phone,pass,Published phone: 0000000384 ,https://slpost.gov.lk/wp-content/uploads/2025/06/Foreign-Postal-Mail-Services-destinations-listed-JUN-2025-1.pdf,
phone,pass,Published phone: 0000001109 ,https://slpost.gov.lk/wp-content/uploads/2025/06/Foreign-Postal-Mail-Services-destinations-listed-JUN-2025-1.pdf,
phone,pass,Published phone: 0000001682 ,https://slpost.gov.lk/wp-content/uploads/2025/06/Foreign-Postal-Mail-Services-destinations-listed-JUN-2025-1.pdf,
phone,pass,Published phone: 0000000972 ,https://slpost.gov.lk/wp-content/uploads/2025/06/Foreign-Postal-Mail-Services-destinations-listed-JUN-2025-1.pdf,
phone,pass,Published phone: 0000001395 ,https://slpost.gov.lk/wp-content/uploads/2025/06/Foreign-Postal-Mail-Services-destinations-listed-JUN-2025-1.pdf,
phone,pass,Published phone: 0000000338 ,https://slpost.gov.lk/wp-content/uploads/2025/06/Foreign-Postal-Mail-Services-destinations-listed-JUN-2025-1.pdf,
phone,pass,Published phone: 0000000745 ,https://slpost.gov.lk/wp-content/uploads/2025/06/Foreign-Postal-Mail-Services-destinations-listed-JUN-2025-1.pdf,
phone,pass,Published phone: 0000001053 ,https://slpost.gov.lk/wp-content/uploads/2025/06/Foreign-Postal-Mail-Services-destinations-listed-JUN-2025-1.pdf,
phone,pass,Published phone: 0000001351 ,https://slpost.gov.lk/wp-content/uploads/2025/06/Foreign-Postal-Mail-Services-destinations-listed-JUN-2025-1.pdf,
phone,pass,Published phone: 0000001118 ,https://slpost.gov.lk/wp-content/uploads/2025/06/Foreign-Postal-Mail-Services-destinations-listed-JUN-2025-1.pdf,
phone,pass,Published phone: 0000001150 ,https://slpost.gov.lk/wp-content/uploads/2025/06/Foreign-Postal-Mail-Services-destinations-listed-JUN-2025-1.pdf,
phone,pass,Published phone: 0000001775 ,https://slpost.gov.lk/wp-content/uploads/2025/06/Foreign-Postal-Mail-Services-destinations-listed-JUN-2025-1.pdf,
phone,pass,Published phone: 0000001601 ,https://slpost.gov.lk/wp-content/uploads/2025/06/Foreign-Postal-Mail-Services-destinations-listed-JUN-2025-1.pdf,
phone,pass,Published phone: 0000001592 ,https://slpost.gov.lk/wp-content/uploads/2025/06/Foreign-Postal-Mail-Services-destinations-listed-JUN-2025-1.pdf,
phone,pass,Published phone: 0000000101 ,https://slpost.gov.lk/wp-content/uploads/2025/06/Foreign-Postal-Mail-Services-destinations-listed-JUN-2025-1.pdf,
phone,pass,Published phone: 0000001620 ,https://slpost.gov.lk/wp-content/uploads/2025/06/Foreign-Postal-Mail-Services-destinations-listed-JUN-2025-1.pdf,
phone,pass,Published phone: 0000000973 ,https://slpost.gov.lk/wp-content/uploads/2025/06/Foreign-Postal-Mail-Services-destinations-listed-JUN-2025-1.pdf,
phone,pass,Published phone: 0000014073 ,https://slpost.gov.lk/wp-content/uploads/2025/06/Foreign-Postal-Mail-Services-destinations-listed-JUN-2025-1.pdf,
phone,pass,Published phone: 0000001434 ,https://slpost.gov.lk/wp-content/uploads/2025/06/Foreign-Postal-Mail-Services-destinations-listed-JUN-2025-1.pdf,
phone,pass,Published phone: 0000000291 ,https://slpost.gov.lk/wp-content/uploads/2025/06/Foreign-Postal-Mail-Services-destinations-listed-JUN-2025-1.pdf,
phone,pass,Published phone: 0000000180 ,https://slpost.gov.lk/wp-content/uploads/2025/06/Foreign-Postal-Mail-Services-destinations-listed-JUN-2025-1.pdf,
phone,pass,Published phone: 0000001698 ,https://slpost.gov.lk/wp-content/uploads/2025/06/Foreign-Postal-Mail-Services-destinations-listed-JUN-2025-1.pdf,
phone,pass,Published phone: 0000000686 ,https://slpost.gov.lk/wp-content/uploads/2025/06/Foreign-Postal-Mail-Services-destinations-listed-JUN-2025-1.pdf,
phone,pass,Published phone: 0000001613 ,https://slpost.gov.lk/wp-content/uploads/2025/06/Foreign-Postal-Mail-Services-destinations-listed-JUN-2025-1.pdf,
phone,pass,Published phone: 0000001129 ,https://slpost.gov.lk/wp-content/uploads/2025/06/Foreign-Postal-Mail-Services-destinations-listed-JUN-2025-1.pdf,
phone,pass,Published phone: 0000001147 ,https://slpost.gov.lk/wp-content/uploads/2025/06/Foreign-Postal-Mail-Services-destinations-listed-JUN-2025-1.pdf,
phone,pass,Published phone: 0000001636 ,https://slpost.gov.lk/wp-content/uploads/2025/06/Foreign-Postal-Mail-Services-destinations-listed-JUN-2025-1.pdf,
phone,pass,Published phone: 0000000964 ,https://slpost.gov.lk/wp-content/uploads/2025/06/Foreign-Postal-Mail-Services-destinations-listed-JUN-2025-1.pdf,
phone,pass,Published phone: 0000001769 ,https://slpost.gov.lk/wp-content/uploads/2025/06/Foreign-Postal-Mail-Services-destinations-listed-JUN-2025-1.pdf,
phone,pass,Published phone: 0000001559 ,https://slpost.gov.lk/wp-content/uploads/2025/06/Foreign-Postal-Mail-Services-destinations-listed-JUN-2025-1.pdf,
phone,pass,Published phone: 0000000569 ,https://slpost.gov.lk/wp-content/uploads/2025/06/Foreign-Postal-Mail-Services-destinations-listed-JUN-2025-1.pdf,
phone,pass,Published phone: 0000001455 ,https://slpost.gov.lk/wp-content/uploads/2025/06/Foreign-Postal-Mail-Services-destinations-listed-JUN-2025-1.pdf,
phone,pass,Published phone: 0000001471 ,https://slpost.gov.lk/wp-content/uploads/2025/06/Foreign-Postal-Mail-Services-destinations-listed-JUN-2025-1.pdf,
phone,pass,Published phone: 0000000397 ,https://slpost.gov.lk/wp-content/uploads/2025/06/Foreign-Postal-Mail-Services-destinations-listed-JUN-2025-1.pdf,
phone,pass,Published phone: 0000001757 ,https://slpost.gov.lk/wp-content/uploads/2025/06/Foreign-Postal-Mail-Services-destinations-listed-JUN-2025-1.pdf,
phone,pass,Published phone: 0000000222 ,https://slpost.gov.lk/wp-content/uploads/2025/06/Foreign-Postal-Mail-Services-destinations-listed-JUN-2025-1.pdf,
phone,pass,Published phone: 0000000518 ,https://slpost.gov.lk/wp-content/uploads/2025/06/Foreign-Postal-Mail-Services-destinations-listed-JUN-2025-1.pdf,
phone,pass,Published phone: 0000001459 ,https://slpost.gov.lk/wp-content/uploads/2025/06/Foreign-Postal-Mail-Services-destinations-listed-JUN-2025-1.pdf,
phone,pass,Published phone: 0000000212 ,https://slpost.gov.lk/wp-content/uploads/2025/06/Foreign-Postal-Mail-Services-destinations-listed-JUN-2025-1.pdf,
phone,pass,Published phone: 0000001153 ,https://slpost.gov.lk/wp-content/uploads/2025/06/Foreign-Postal-Mail-Services-destinations-listed-JUN-2025-1.pdf,
phone,pass,Published phone: 0000000868 ,https://slpost.gov.lk/wp-content/uploads/2025/06/Foreign-Postal-Mail-Services-destinations-listed-JUN-2025-1.pdf,
phone,pass,Published phone: 0000000696 ,https://slpost.gov.lk/wp-content/uploads/2025/06/Foreign-Postal-Mail-Services-destinations-listed-JUN-2025-1.pdf,
phone,pass,Published phone: 0000000548 ,https://slpost.gov.lk/wp-content/uploads/2025/06/Foreign-Postal-Mail-Services-destinations-listed-JUN-2025-1.pdf,
phone,pass,Published phone: 0000001509 ,https://slpost.gov.lk/wp-content/uploads/2025/06/Foreign-Postal-Mail-Services-destinations-listed-JUN-2025-1.pdf,
phone,pass,Published phone: 0000001715 ,https://slpost.gov.lk/wp-content/uploads/2025/06/Foreign-Postal-Mail-Services-destinations-listed-JUN-2025-1.pdf,
phone,pass,Published phone: 0000000669 ,https://slpost.gov.lk/wp-content/uploads/2025/06/Foreign-Postal-Mail-Services-destinations-listed-JUN-2025-1.pdf,
phone,pass,Published phone: 0000001731 ,https://slpost.gov.lk/wp-content/uploads/2025/06/Foreign-Postal-Mail-Services-destinations-listed-JUN-2025-1.pdf,
phone,pass,Published phone: 0000000728 ,https://slpost.gov.lk/wp-content/uploads/2025/06/Foreign-Postal-Mail-Services-destinations-listed-JUN-2025-1.pdf,
phone,pass,Published phone: 0000001516 ,https://slpost.gov.lk/wp-content/uploads/2025/06/Foreign-Postal-Mail-Services-destinations-listed-JUN-2025-1.pdf,
phone,pass,Published phone: 0000001044 ,https://slpost.gov.lk/wp-content/uploads/2025/06/Foreign-Postal-Mail-Services-destinations-listed-JUN-2025-1.pdf,
phone,pass,Published phone: 0000000438 ,https://slpost.gov.lk/wp-content/uploads/2025/06/Foreign-Postal-Mail-Services-destinations-listed-JUN-2025-1.pdf,
phone,pass,Published phone: 0000001007 ,https://slpost.gov.lk/wp-content/uploads/2025/06/Foreign-Postal-Mail-Services-destinations-listed-JUN-2025-1.pdf,
phone,pass,Published phone: 0000001418 ,https://slpost.gov.lk/wp-content/uploads/2025/06/Foreign-Postal-Mail-Services-destinations-listed-JUN-2025-1.pdf,
phone,pass,Published phone: 0000306430 ,https://slpost.gov.lk/wp-content/uploads/2025/06/Foreign-Postal-Mail-Services-destinations-listed-JUN-2025-1.pdf,
phone,pass,Published phone: 0000000217 ,https://slpost.gov.lk/wp-content/uploads/2025/06/Foreign-Postal-Mail-Services-destinations-listed-JUN-2025-1.pdf,
phone,pass,Published phone: 0000001677 ,https://slpost.gov.lk/wp-content/uploads/2025/06/Foreign-Postal-Mail-Services-destinations-listed-JUN-2025-1.pdf,
phone,pass,Published phone: 0000001626 ,https://slpost.gov.lk/wp-content/uploads/2025/06/Foreign-Postal-Mail-Services-destinations-listed-JUN-2025-1.pdf,
phone,pass,Published phone: 0000000399 ,https://slpost.gov.lk/wp-content/uploads/2025/06/Foreign-Postal-Mail-Services-destinations-listed-JUN-2025-1.pdf,
phone,pass,Published phone: 0000000484 ,https://slpost.gov.lk/wp-content/uploads/2025/06/Foreign-Postal-Mail-Services-destinations-listed-JUN-2025-1.pdf,
phone,pass,Published phone: 0000000155 ,https://slpost.gov.lk/wp-content/uploads/2025/06/Foreign-Postal-Mail-Services-destinations-listed-JUN-2025-1.pdf,
phone,pass,Published phone: 0000000661 ,https://slpost.gov.lk/wp-content/uploads/2025/06/Foreign-Postal-Mail-Services-destinations-listed-JUN-2025-1.pdf,
phone,pass,Published phone: 0000000373 ,https://slpost.gov.lk/wp-content/uploads/2025/06/Foreign-Postal-Mail-Services-destinations-listed-JUN-2025-1.pdf,
phone,pass,Published phone: 0000001310 ,https://slpost.gov.lk/wp-content/uploads/2025/06/Foreign-Postal-Mail-Services-destinations-listed-JUN-2025-1.pdf,
phone,pass,Published phone: 0000001276 ,https://slpost.gov.lk/wp-content/uploads/2025/06/Foreign-Postal-Mail-Services-destinations-listed-JUN-2025-1.pdf,
phone,pass,Published phone: 0000000602 ,https://slpost.gov.lk/wp-content/uploads/2025/06/Foreign-Postal-Mail-Services-destinations-listed-JUN-2025-1.pdf,
phone,pass,Published phone: 0000001676 ,https://slpost.gov.lk/wp-content/uploads/2025/06/Foreign-Postal-Mail-Services-destinations-listed-JUN-2025-1.pdf,
phone,pass,Published phone: 0000000333 ,https://slpost.gov.lk/wp-content/uploads/2025/06/Foreign-Postal-Mail-Services-destinations-listed-JUN-2025-1.pdf,
phone,pass,Published phone: 0000000646 ,https://slpost.gov.lk/wp-content/uploads/2025/06/Foreign-Postal-Mail-Services-destinations-listed-JUN-2025-1.pdf,
phone,pass,Published phone: 0000000744 ,https://slpost.gov.lk/wp-content/uploads/2025/06/Foreign-Postal-Mail-Services-destinations-listed-JUN-2025-1.pdf,
phone,pass,Published phone: 0000001566 ,https://slpost.gov.lk/wp-content/uploads/2025/06/Foreign-Postal-Mail-Services-destinations-listed-JUN-2025-1.pdf,
phone,pass,Published phone: 0000000565 ,https://slpost.gov.lk/wp-content/uploads/2025/06/Foreign-Postal-Mail-Services-destinations-listed-JUN-2025-1.pdf,
phone,pass,Published phone: 0000001737 ,https://slpost.gov.lk/wp-content/uploads/2025/06/Foreign-Postal-Mail-Services-destinations-listed-JUN-2025-1.pdf,
phone,pass,Published phone: 0000000971 ,https://slpost.gov.lk/wp-content/uploads/2025/06/Foreign-Postal-Mail-Services-destinations-listed-JUN-2025-1.pdf,
phone,pass,Published phone: 0000001716 ,https://slpost.gov.lk/wp-content/uploads/2025/06/Foreign-Postal-Mail-Services-destinations-listed-JUN-2025-1.pdf,
phone,pass,Published phone: 0000001521 ,https://slpost.gov.lk/wp-content/uploads/2025/06/Foreign-Postal-Mail-Services-destinations-listed-JUN-2025-1.pdf,
phone,pass,Published phone: 0000000693 ,https://slpost.gov.lk/wp-content/uploads/2025/06/Foreign-Postal-Mail-Services-destinations-listed-JUN-2025-1.pdf,
phone,pass,Published phone: 0000001530 ,https://slpost.gov.lk/wp-content/uploads/2025/06/Foreign-Postal-Mail-Services-destinations-listed-JUN-2025-1.pdf,
phone,pass,Published phone: 0000000949 ,https://slpost.gov.lk/wp-content/uploads/2025/06/Foreign-Postal-Mail-Services-destinations-listed-JUN-2025-1.pdf,
phone,pass,Published phone: 0000000798 ,https://slpost.gov.lk/wp-content/uploads/2025/06/Foreign-Postal-Mail-Services-destinations-listed-JUN-2025-1.pdf,
phone,pass,Published phone: 0000000255 ,https://slpost.gov.lk/wp-content/uploads/2025/06/Foreign-Postal-Mail-Services-destinations-listed-JUN-2025-1.pdf,
phone,pass,Published phone: 0000001718 ,https://slpost.gov.lk/wp-content/uploads/2025/06/Foreign-Postal-Mail-Services-destinations-listed-JUN-2025-1.pdf,
phone,pass,Published phone: 0000001458 ,https://slpost.gov.lk/wp-content/uploads/2025/06/Foreign-Postal-Mail-Services-destinations-listed-JUN-2025-1.pdf,
phone,pass,Published phone: 0000000629 ,https://slpost.gov.lk/wp-content/uploads/2025/06/Foreign-Postal-Mail-Services-destinations-listed-JUN-2025-1.pdf,
phone,pass,Published phone: 0000000165 ,https://slpost.gov.lk/wp-content/uploads/2025/06/Foreign-Postal-Mail-Services-destinations-listed-JUN-2025-1.pdf,
phone,pass,Published phone: 0000000466 ,https://slpost.gov.lk/wp-content/uploads/2025/06/Foreign-Postal-Mail-Services-destinations-listed-JUN-2025-1.pdf,
phone,pass,Published phone: 0000000329 ,https://slpost.gov.lk/wp-content/uploads/2025/06/Foreign-Postal-Mail-Services-destinations-listed-JUN-2025-1.pdf,
phone,pass,Published phone: 0000001683 ,https://slpost.gov.lk/wp-content/uploads/2025/06/Foreign-Postal-Mail-Services-destinations-listed-JUN-2025-1.pdf,
phone,pass,Published phone: 0000001423 ,https://slpost.gov.lk/wp-content/uploads/2025/06/Foreign-Postal-Mail-Services-destinations-listed-JUN-2025-1.pdf,
phone,pass,Published phone: 0000000140 ,https://slpost.gov.lk/wp-content/uploads/2025/06/Foreign-Postal-Mail-Services-destinations-listed-JUN-2025-1.pdf,
phone,pass,Published phone: 0000001212 ,https://slpost.gov.lk/wp-content/uploads/2025/06/Foreign-Postal-Mail-Services-destinations-listed-JUN-2025-1.pdf,
phone,pass,Published phone: 0000001467 ,https://slpost.gov.lk/wp-content/uploads/2025/06/Foreign-Postal-Mail-Services-destinations-listed-JUN-2025-1.pdf,
phone,pass,Published phone: 0000000047 ,https://slpost.gov.lk/wp-content/uploads/2025/06/Foreign-Postal-Mail-Services-destinations-listed-JUN-2025-1.pdf,
phone,pass,Published phone: 0000000401 ,https://slpost.gov.lk/wp-content/uploads/2025/06/Foreign-Postal-Mail-Services-destinations-listed-JUN-2025-1.pdf,
phone,pass,Published phone: 0000001169 ,https://slpost.gov.lk/wp-content/uploads/2025/06/Foreign-Postal-Mail-Services-destinations-listed-JUN-2025-1.pdf,
phone,pass,Published phone: 0000000309 ,https://slpost.gov.lk/wp-content/uploads/2025/06/Foreign-Postal-Mail-Services-destinations-listed-JUN-2025-1.pdf,
phone,pass,Published phone: 0000000406 ,https://slpost.gov.lk/wp-content/uploads/2025/06/Foreign-Postal-Mail-Services-destinations-listed-JUN-2025-1.pdf,
phone,pass,Published phone: 0000000345 ,https://slpost.gov.lk/wp-content/uploads/2025/06/Foreign-Postal-Mail-Services-destinations-listed-JUN-2025-1.pdf,
phone,pass,Published phone: 0000000758 ,https://slpost.gov.lk/wp-content/uploads/2025/06/Foreign-Postal-Mail-Services-destinations-listed-JUN-2025-1.pdf,
phone,pass,Published phone: 0000001482 ,https://slpost.gov.lk/wp-content/uploads/2025/06/Foreign-Postal-Mail-Services-destinations-listed-JUN-2025-1.pdf,
phone,pass,Published phone: 0000000605 ,https://slpost.gov.lk/wp-content/uploads/2025/06/Foreign-Postal-Mail-Services-destinations-listed-JUN-2025-1.pdf,
phone,pass,Published phone: 0000000680 ,https://slpost.gov.lk/wp-content/uploads/2025/06/Foreign-Postal-Mail-Services-destinations-listed-JUN-2025-1.pdf,
phone,pass,Published phone: 0000000499 ,https://slpost.gov.lk/wp-content/uploads/2025/06/Foreign-Postal-Mail-Services-destinations-listed-JUN-2025-1.pdf,
phone,pass,Published phone: 0000000998 ,https://slpost.gov.lk/wp-content/uploads/2025/06/Foreign-Postal-Mail-Services-destinations-listed-JUN-2025-1.pdf,
phone,pass,Published phone: 0000000699 ,https://slpost.gov.lk/wp-content/uploads/2025/06/Foreign-Postal-Mail-Services-destinations-listed-JUN-2025-1.pdf,
phone,pass,Published phone: 0000001670 ,https://slpost.gov.lk/wp-content/uploads/2025/06/Foreign-Postal-Mail-Services-destinations-listed-JUN-2025-1.pdf,
phone,pass,Published phone: 0000001116 ,https://slpost.gov.lk/wp-content/uploads/2025/06/Foreign-Postal-Mail-Services-destinations-listed-JUN-2025-1.pdf,
phone,pass,Published phone: 0000000525 ,https://slpost.gov.lk/wp-content/uploads/2025/06/Foreign-Postal-Mail-Services-destinations-listed-JUN-2025-1.pdf,
phone,pass,Published phone: 0000000529 ,https://slpost.gov.lk/wp-content/uploads/2025/06/Foreign-Postal-Mail-Services-destinations-listed-JUN-2025-1.pdf,
phone,pass,Published phone: 0000000317 ,https://slpost.gov.lk/wp-content/uploads/2025/06/Foreign-Postal-Mail-Services-destinations-listed-JUN-2025-1.pdf,
phone,pass,Published phone: 0000000750 ,https://slpost.gov.lk/wp-content/uploads/2025/06/Foreign-Postal-Mail-Services-destinations-listed-JUN-2025-1.pdf,
phone,pass,Published phone: 0000001059 ,https://slpost.gov.lk/wp-content/uploads/2025/06/Foreign-Postal-Mail-Services-destinations-listed-JUN-2025-1.pdf,
phone,pass,Published phone: 0000001587 ,https://slpost.gov.lk/wp-content/uploads/2025/06/Foreign-Postal-Mail-Services-destinations-listed-JUN-2025-1.pdf,
phone,pass,Published phone: 0000001149 ,https://slpost.gov.lk/wp-content/uploads/2025/06/Foreign-Postal-Mail-Services-destinations-listed-JUN-2025-1.pdf,
phone,pass,Published phone: 0000000375 ,https://slpost.gov.lk/wp-content/uploads/2025/06/Foreign-Postal-Mail-Services-destinations-listed-JUN-2025-1.pdf,
phone,pass,Published phone: 0000001839 ,https://slpost.gov.lk/wp-content/uploads/2025/06/Foreign-Postal-Mail-Services-destinations-listed-JUN-2025-1.pdf,
phone,pass,Published phone: 0000001137 ,https://slpost.gov.lk/wp-content/uploads/2025/06/Foreign-Postal-Mail-Services-destinations-listed-JUN-2025-1.pdf,
phone,pass,Published phone: 0000000555 ,https://slpost.gov.lk/wp-content/uploads/2025/06/Foreign-Postal-Mail-Services-destinations-listed-JUN-2025-1.pdf,
phone,pass,Published phone: 0000000805 ,https://slpost.gov.lk/wp-content/uploads/2025/06/Foreign-Postal-Mail-Services-destinations-listed-JUN-2025-1.pdf,
phone,pass,Published phone: 0000001417 ,https://slpost.gov.lk/wp-content/uploads/2025/06/Foreign-Postal-Mail-Services-destinations-listed-JUN-2025-1.pdf,
phone,pass,Published phone: 0000001786 ,https://slpost.gov.lk/wp-content/uploads/2025/06/Foreign-Postal-Mail-Services-destinations-listed-JUN-2025-1.pdf,
phone,pass,Published phone: 0000000467 ,https://slpost.gov.lk/wp-content/uploads/2025/06/Foreign-Postal-Mail-Services-destinations-listed-JUN-2025-1.pdf,
phone,pass,Published phone: 0000001295 ,https://slpost.gov.lk/wp-content/uploads/2025/06/Foreign-Postal-Mail-Services-destinations-listed-JUN-2025-1.pdf,
phone,pass,Published phone: 0000001037 ,https://slpost.gov.lk/wp-content/uploads/2025/06/Foreign-Postal-Mail-Services-destinations-listed-JUN-2025-1.pdf,
phone,pass,Published phone: 0000000425 ,https://slpost.gov.lk/wp-content/uploads/2025/06/Foreign-Postal-Mail-Services-destinations-listed-JUN-2025-1.pdf,
phone,pass,Published phone: 0000001122 ,https://slpost.gov.lk/wp-content/uploads/2025/06/Foreign-Postal-Mail-Services-destinations-listed-JUN-2025-1.pdf,
phone,pass,Published phone: 0000001781 ,https://slpost.gov.lk/wp-content/uploads/2025/06/Foreign-Postal-Mail-Services-destinations-listed-JUN-2025-1.pdf,
phone,pass,Published phone: 0000000426 ,https://slpost.gov.lk/wp-content/uploads/2025/06/Foreign-Postal-Mail-Services-destinations-listed-JUN-2025-1.pdf,
phone,pass,Published phone: 0000001881 ,https://slpost.gov.lk/wp-content/uploads/2025/06/Foreign-Postal-Mail-Services-destinations-listed-JUN-2025-1.pdf,
phone,pass,Published phone: 0000000639 ,https://slpost.gov.lk/wp-content/uploads/2025/06/Foreign-Postal-Mail-Services-destinations-listed-JUN-2025-1.pdf,
phone,pass,Published phone: 0000001449 ,https://slpost.gov.lk/wp-content/uploads/2025/06/Foreign-Postal-Mail-Services-destinations-listed-JUN-2025-1.pdf,
phone,pass,Published phone: 0000000670 ,https://slpost.gov.lk/wp-content/uploads/2025/06/Foreign-Postal-Mail-Services-destinations-listed-JUN-2025-1.pdf,
phone,pass,Published phone: 0000000795 ,https://slpost.gov.lk/wp-content/uploads/2025/06/Foreign-Postal-Mail-Services-destinations-listed-JUN-2025-1.pdf,
phone,pass,Published phone: 0000000472 ,https://slpost.gov.lk/wp-content/uploads/2025/06/Foreign-Postal-Mail-Services-destinations-listed-JUN-2025-1.pdf,
phone,pass,Published phone: 0000001525 ,https://slpost.gov.lk/wp-content/uploads/2025/06/Foreign-Postal-Mail-Services-destinations-listed-JUN-2025-1.pdf,
phone,pass,Published phone: 0000000958 ,https://slpost.gov.lk/wp-content/uploads/2025/06/Foreign-Postal-Mail-Services-destinations-listed-JUN-2025-1.pdf,
phone,pass,Published phone: 0000000391 ,https://slpost.gov.lk/wp-content/uploads/2025/06/Foreign-Postal-Mail-Services-destinations-listed-JUN-2025-1.pdf,
phone,pass,Published phone: 0000001808 ,https://slpost.gov.lk/wp-content/uploads/2025/06/Foreign-Postal-Mail-Services-destinations-listed-JUN-2025-1.pdf,
phone,pass,Published phone: 0000000342 ,https://slpost.gov.lk/wp-content/uploads/2025/06/Foreign-Postal-Mail-Services-destinations-listed-JUN-2025-1.pdf,
phone,pass,Published phone: 0000000551 ,https://slpost.gov.lk/wp-content/uploads/2025/06/Foreign-Postal-Mail-Services-destinations-listed-JUN-2025-1.pdf,
phone,pass,Published phone: 0000001094 ,https://slpost.gov.lk/wp-content/uploads/2025/06/Foreign-Postal-Mail-Services-destinations-listed-JUN-2025-1.pdf,
phone,pass,Published phone: 0000001428 ,https://slpost.gov.lk/wp-content/uploads/2025/06/Foreign-Postal-Mail-Services-destinations-listed-JUN-2025-1.pdf,
phone,pass,Published phone: 0000000730 ,https://slpost.gov.lk/wp-content/uploads/2025/06/Foreign-Postal-Mail-Services-destinations-listed-JUN-2025-1.pdf,
phone,pass,Published phone: 0000000694 ,https://slpost.gov.lk/wp-content/uploads/2025/06/Foreign-Postal-Mail-Services-destinations-listed-JUN-2025-1.pdf,
phone,pass,Published phone: 0000000815 ,https://slpost.gov.lk/wp-content/uploads/2025/06/Foreign-Postal-Mail-Services-destinations-listed-JUN-2025-1.pdf,
phone,pass,Published phone: 0000001758 ,https://slpost.gov.lk/wp-content/uploads/2025/06/Foreign-Postal-Mail-Services-destinations-listed-JUN-2025-1.pdf,
phone,pass,Published phone: 0000001104 ,https://slpost.gov.lk/wp-content/uploads/2025/06/Foreign-Postal-Mail-Services-destinations-listed-JUN-2025-1.pdf,
phone,pass,Published phone: 0000000290 ,https://slpost.gov.lk/wp-content/uploads/2025/06/Foreign-Postal-Mail-Services-destinations-listed-JUN-2025-1.pdf,
phone,pass,Published phone: 0000001341 ,https://slpost.gov.lk/wp-content/uploads/2025/06/Foreign-Postal-Mail-Services-destinations-listed-JUN-2025-1.pdf,
phone,pass,Published phone: 0000001852 ,https://slpost.gov.lk/wp-content/uploads/2025/06/Foreign-Postal-Mail-Services-destinations-listed-JUN-2025-1.pdf,
phone,pass,Published phone: 0000001850 ,https://slpost.gov.lk/wp-content/uploads/2025/06/Foreign-Postal-Mail-Services-destinations-listed-JUN-2025-1.pdf,
phone,pass,Published phone: 0000000818 ,https://slpost.gov.lk/wp-content/uploads/2025/06/Foreign-Postal-Mail-Services-destinations-listed-JUN-2025-1.pdf,
phone,pass,Published phone: 0000001378 ,https://slpost.gov.lk/wp-content/uploads/2025/06/Foreign-Postal-Mail-Services-destinations-listed-JUN-2025-1.pdf,
phone,pass,Published phone: 0000000974 ,https://slpost.gov.lk/wp-content/uploads/2025/06/Foreign-Postal-Mail-Services-destinations-listed-JUN-2025-1.pdf,
phone,pass,Published phone: 0000000664 ,https://slpost.gov.lk/wp-content/uploads/2025/06/Foreign-Postal-Mail-Services-destinations-listed-JUN-2025-1.pdf,
phone,pass,Published phone: 0000001165 ,https://slpost.gov.lk/wp-content/uploads/2025/06/Foreign-Postal-Mail-Services-destinations-listed-JUN-2025-1.pdf,
phone,pass,Published phone: 0000001532 ,https://slpost.gov.lk/wp-content/uploads/2025/06/Foreign-Postal-Mail-Services-destinations-listed-JUN-2025-1.pdf,
phone,pass,Published phone: 0000000782 ,https://slpost.gov.lk/wp-content/uploads/2025/06/Foreign-Postal-Mail-Services-destinations-listed-JUN-2025-1.pdf,
phone,pass,Published phone: 0000001818 ,https://slpost.gov.lk/wp-content/uploads/2025/06/Foreign-Postal-Mail-Services-destinations-listed-JUN-2025-1.pdf,
phone,pass,Published phone: 0000001067 ,https://slpost.gov.lk/wp-content/uploads/2025/06/Foreign-Postal-Mail-Services-destinations-listed-JUN-2025-1.pdf,
phone,pass,Published phone: 0000001096 ,https://slpost.gov.lk/wp-content/uploads/2025/06/Foreign-Postal-Mail-Services-destinations-listed-JUN-2025-1.pdf,
phone,pass,Published phone: 0000001653 ,https://slpost.gov.lk/wp-content/uploads/2025/06/Foreign-Postal-Mail-Services-destinations-listed-JUN-2025-1.pdf,
phone,pass,Published phone: 0000001265 ,https://slpost.gov.lk/wp-content/uploads/2025/06/Foreign-Postal-Mail-Services-destinations-listed-JUN-2025-1.pdf,
phone,pass,Published phone: 0000001229 ,https://slpost.gov.lk/wp-content/uploads/2025/06/Foreign-Postal-Mail-Services-destinations-listed-JUN-2025-1.pdf,
phone,pass,Published phone: 0000001476 ,https://slpost.gov.lk/wp-content/uploads/2025/06/Foreign-Postal-Mail-Services-destinations-listed-JUN-2025-1.pdf,
phone,pass,Published phone: 0000001215 ,https://slpost.gov.lk/wp-content/uploads/2025/06/Foreign-Postal-Mail-Services-destinations-listed-JUN-2025-1.pdf,
phone,pass,Published phone: 0000000969 ,https://slpost.gov.lk/wp-content/uploads/2025/06/Foreign-Postal-Mail-Services-destinations-listed-JUN-2025-1.pdf,
phone,pass,Published phone: 0000000692 ,https://slpost.gov.lk/wp-content/uploads/2025/06/Foreign-Postal-Mail-Services-destinations-listed-JUN-2025-1.pdf,
phone,pass,Published phone: 0000000911 ,https://slpost.gov.lk/wp-content/uploads/2025/06/Foreign-Postal-Mail-Services-destinations-listed-JUN-2025-1.pdf,
phone,pass,Published phone: 0000000113 ,https://slpost.gov.lk/wp-content/uploads/2025/06/Foreign-Postal-Mail-Services-destinations-listed-JUN-2025-1.pdf,
phone,pass,Published phone: 0000001492 ,https://slpost.gov.lk/wp-content/uploads/2025/06/Foreign-Postal-Mail-Services-destinations-listed-JUN-2025-1.pdf,
phone,pass,Published phone: 0000000284 ,https://slpost.gov.lk/wp-content/uploads/2025/06/Foreign-Postal-Mail-Services-destinations-listed-JUN-2025-1.pdf,
phone,pass,Published phone: 0000001277 ,https://slpost.gov.lk/wp-content/uploads/2025/06/Foreign-Postal-Mail-Services-destinations-listed-JUN-2025-1.pdf,
phone,pass,Published phone: 0000000845 ,https://slpost.gov.lk/wp-content/uploads/2025/06/Foreign-Postal-Mail-Services-destinations-listed-JUN-2025-1.pdf,
phone,pass,Published phone: 0000013906 ,https://slpost.gov.lk/wp-content/uploads/2025/06/Foreign-Postal-Mail-Services-destinations-listed-JUN-2025-1.pdf,
phone,pass,Published phone: 0000000666 ,https://slpost.gov.lk/wp-content/uploads/2025/06/Foreign-Postal-Mail-Services-destinations-listed-JUN-2025-1.pdf,
phone,pass,Published phone: 0000000963 ,https://slpost.gov.lk/wp-content/uploads/2025/06/Foreign-Postal-Mail-Services-destinations-listed-JUN-2025-1.pdf,
phone,pass,Published phone: 0000001635 ,https://slpost.gov.lk/wp-content/uploads/2025/06/Foreign-Postal-Mail-Services-destinations-listed-JUN-2025-1.pdf,
phone,pass,Published phone: 0000000129 ,https://slpost.gov.lk/wp-content/uploads/2025/06/Foreign-Postal-Mail-Services-destinations-listed-JUN-2025-1.pdf,
phone,pass,Published phone: 0000001038 ,https://slpost.gov.lk/wp-content/uploads/2025/06/Foreign-Postal-Mail-Services-destinations-listed-JUN-2025-1.pdf,
phone,pass,Published phone: 0000000385 ,https://slpost.gov.lk/wp-content/uploads/2025/06/Foreign-Postal-Mail-Services-destinations-listed-JUN-2025-1.pdf,
phone,pass,Published phone: 0 420 855 646 ,https://slpost.gov.lk/wp-content/uploads/2025/06/Foreign-Postal-Mail-Services-destinations-listed-JUN-2025-1.pdf,
phone,pass,Published phone: 0000001443 ,https://slpost.gov.lk/wp-content/uploads/2025/06/Foreign-Postal-Mail-Services-destinations-listed-JUN-2025-1.pdf,
phone,pass,Published phone: 0000000505 ,https://slpost.gov.lk/wp-content/uploads/2025/06/Foreign-Postal-Mail-Services-destinations-listed-JUN-2025-1.pdf,
phone,pass,Published phone: 0000001699 ,https://slpost.gov.lk/wp-content/uploads/2025/06/Foreign-Postal-Mail-Services-destinations-listed-JUN-2025-1.pdf,
phone,pass,Published phone: 0000001700 ,https://slpost.gov.lk/wp-content/uploads/2025/06/Foreign-Postal-Mail-Services-destinations-listed-JUN-2025-1.pdf,
phone,pass,Published phone: 0000001167 ,https://slpost.gov.lk/wp-content/uploads/2025/06/Foreign-Postal-Mail-Services-destinations-listed-JUN-2025-1.pdf,
phone,pass,Published phone: 0000001021 ,https://slpost.gov.lk/wp-content/uploads/2025/06/Foreign-Postal-Mail-Services-destinations-listed-JUN-2025-1.pdf,
phone,pass,Published phone: 0000000599 ,https://slpost.gov.lk/wp-content/uploads/2025/06/Foreign-Postal-Mail-Services-destinations-listed-JUN-2025-1.pdf,
phone,pass,Published phone: 0000001666 ,https://slpost.gov.lk/wp-content/uploads/2025/06/Foreign-Postal-Mail-Services-destinations-listed-JUN-2025-1.pdf,
phone,pass,Published phone: 0000000319 ,https://slpost.gov.lk/wp-content/uploads/2025/06/Foreign-Postal-Mail-Services-destinations-listed-JUN-2025-1.pdf,
phone,pass,Published phone: 0000001017 ,https://slpost.gov.lk/wp-content/uploads/2025/06/Foreign-Postal-Mail-Services-destinations-listed-JUN-2025-1.pdf,
phone,pass,Published phone: 0000000229 ,https://slpost.gov.lk/wp-content/uploads/2025/06/Foreign-Postal-Mail-Services-destinations-listed-JUN-2025-1.pdf,
phone,pass,Published phone: 0000001264 ,https://slpost.gov.lk/wp-content/uploads/2025/06/Foreign-Postal-Mail-Services-destinations-listed-JUN-2025-1.pdf,
phone,pass,Published phone: 0000000616 ,https://slpost.gov.lk/wp-content/uploads/2025/06/Foreign-Postal-Mail-Services-destinations-listed-JUN-2025-1.pdf,
phone,pass,Published phone: 0000000079 ,https://slpost.gov.lk/wp-content/uploads/2025/06/Foreign-Postal-Mail-Services-destinations-listed-JUN-2025-1.pdf,
phone,pass,Published phone: 0000000981 ,https://slpost.gov.lk/wp-content/uploads/2025/06/Foreign-Postal-Mail-Services-destinations-listed-JUN-2025-1.pdf,
phone,pass,Published phone: 0000001728 ,https://slpost.gov.lk/wp-content/uploads/2025/06/Foreign-Postal-Mail-Services-destinations-listed-JUN-2025-1.pdf,
phone,pass,Published phone: 0000001528 ,https://slpost.gov.lk/wp-content/uploads/2025/06/Foreign-Postal-Mail-Services-destinations-listed-JUN-2025-1.pdf,
phone,pass,Published phone: 0000001496 ,https://slpost.gov.lk/wp-content/uploads/2025/06/Foreign-Postal-Mail-Services-destinations-listed-JUN-2025-1.pdf,
phone,pass,Published phone: 0000001567 ,https://slpost.gov.lk/wp-content/uploads/2025/06/Foreign-Postal-Mail-Services-destinations-listed-JUN-2025-1.pdf,
phone,pass,Published phone: 0000001570 ,https://slpost.gov.lk/wp-content/uploads/2025/06/Foreign-Postal-Mail-Services-destinations-listed-JUN-2025-1.pdf,
phone,pass,Published phone: 0000000188 ,https://slpost.gov.lk/wp-content/uploads/2025/06/Foreign-Postal-Mail-Services-destinations-listed-JUN-2025-1.pdf,
phone,pass,Published phone: 0000001247 ,https://slpost.gov.lk/wp-content/uploads/2025/06/Foreign-Postal-Mail-Services-destinations-listed-JUN-2025-1.pdf,
phone,pass,Published phone: 0000001765 ,https://slpost.gov.lk/wp-content/uploads/2025/06/Foreign-Postal-Mail-Services-destinations-listed-JUN-2025-1.pdf,
phone,pass,Published phone: 0000000327 ,https://slpost.gov.lk/wp-content/uploads/2025/06/Foreign-Postal-Mail-Services-destinations-listed-JUN-2025-1.pdf,
phone,pass,Published phone: 0000001133 ,https://slpost.gov.lk/wp-content/uploads/2025/06/Foreign-Postal-Mail-Services-destinations-listed-JUN-2025-1.pdf,
phone,pass,Published phone: 0000000995 ,https://slpost.gov.lk/wp-content/uploads/2025/06/Foreign-Postal-Mail-Services-destinations-listed-JUN-2025-1.pdf,
phone,pass,Published phone: 0000000173 ,https://slpost.gov.lk/wp-content/uploads/2025/06/Foreign-Postal-Mail-Services-destinations-listed-JUN-2025-1.pdf,
phone,pass,Published phone: 0000000546 ,https://slpost.gov.lk/wp-content/uploads/2025/06/Foreign-Postal-Mail-Services-destinations-listed-JUN-2025-1.pdf,
phone,pass,Published phone: 0000001068 ,https://slpost.gov.lk/wp-content/uploads/2025/06/Foreign-Postal-Mail-Services-destinations-listed-JUN-2025-1.pdf,
phone,pass,Published phone: 0000001673 ,https://slpost.gov.lk/wp-content/uploads/2025/06/Foreign-Postal-Mail-Services-destinations-listed-JUN-2025-1.pdf,
phone,pass,Published phone: 0000000359 ,https://slpost.gov.lk/wp-content/uploads/2025/06/Foreign-Postal-Mail-Services-destinations-listed-JUN-2025-1.pdf,
phone,pass,Published phone: 0000001631 ,https://slpost.gov.lk/wp-content/uploads/2025/06/Foreign-Postal-Mail-Services-destinations-listed-JUN-2025-1.pdf,
phone,pass,Published phone: 0000001404 ,https://slpost.gov.lk/wp-content/uploads/2025/06/Foreign-Postal-Mail-Services-destinations-listed-JUN-2025-1.pdf,
phone,pass,Published phone: 0000001003 ,https://slpost.gov.lk/wp-content/uploads/2025/06/Foreign-Postal-Mail-Services-destinations-listed-JUN-2025-1.pdf,
phone,pass,Published phone: 0000000057 ,https://slpost.gov.lk/wp-content/uploads/2025/06/Foreign-Postal-Mail-Services-destinations-listed-JUN-2025-1.pdf,
phone,pass,Published phone: 0000000254 ,https://slpost.gov.lk/wp-content/uploads/2025/06/Foreign-Postal-Mail-Services-destinations-listed-JUN-2025-1.pdf,
phone,pass,Published phone: 0000001664 ,https://slpost.gov.lk/wp-content/uploads/2025/06/Foreign-Postal-Mail-Services-destinations-listed-JUN-2025-1.pdf,
phone,pass,Published phone: 0000001174 ,https://slpost.gov.lk/wp-content/uploads/2025/06/Foreign-Postal-Mail-Services-destinations-listed-JUN-2025-1.pdf,
phone,pass,Published phone: 0000001349 ,https://slpost.gov.lk/wp-content/uploads/2025/06/Foreign-Postal-Mail-Services-destinations-listed-JUN-2025-1.pdf,
phone,pass,Published phone: 0000000980 ,https://slpost.gov.lk/wp-content/uploads/2025/06/Foreign-Postal-Mail-Services-destinations-listed-JUN-2025-1.pdf,
phone,pass,Published phone: 0000000523 ,https://slpost.gov.lk/wp-content/uploads/2025/06/Foreign-Postal-Mail-Services-destinations-listed-JUN-2025-1.pdf,
phone,pass,Published phone: 0000000276 ,https://slpost.gov.lk/wp-content/uploads/2025/06/Foreign-Postal-Mail-Services-destinations-listed-JUN-2025-1.pdf,
phone,pass,Published phone: 0000190023 ,https://slpost.gov.lk/wp-content/uploads/2025/06/Foreign-Postal-Mail-Services-destinations-listed-JUN-2025-1.pdf,
phone,pass,Published phone: 0000001704 ,https://slpost.gov.lk/wp-content/uploads/2025/06/Foreign-Postal-Mail-Services-destinations-listed-JUN-2025-1.pdf,
phone,pass,Published phone: 0000001058 ,https://slpost.gov.lk/wp-content/uploads/2025/06/Foreign-Postal-Mail-Services-destinations-listed-JUN-2025-1.pdf,
phone,pass,Published phone: 0000000511 ,https://slpost.gov.lk/wp-content/uploads/2025/06/Foreign-Postal-Mail-Services-destinations-listed-JUN-2025-1.pdf,
phone,pass,Published phone: 0000001444 ,https://slpost.gov.lk/wp-content/uploads/2025/06/Foreign-Postal-Mail-Services-destinations-listed-JUN-2025-1.pdf,
phone,pass,Published phone: 0000000301 ,https://slpost.gov.lk/wp-content/uploads/2025/06/Foreign-Postal-Mail-Services-destinations-listed-JUN-2025-1.pdf,
phone,pass,Published phone: 0000000174 ,https://slpost.gov.lk/wp-content/uploads/2025/06/Foreign-Postal-Mail-Services-destinations-listed-JUN-2025-1.pdf,
phone,pass,Published phone: 0000001123 ,https://slpost.gov.lk/wp-content/uploads/2025/06/Foreign-Postal-Mail-Services-destinations-listed-JUN-2025-1.pdf,
phone,pass,Published phone: 0000001479 ,https://slpost.gov.lk/wp-content/uploads/2025/06/Foreign-Postal-Mail-Services-destinations-listed-JUN-2025-1.pdf,
phone,pass,Published phone: 0000000880 ,https://slpost.gov.lk/wp-content/uploads/2025/06/Foreign-Postal-Mail-Services-destinations-listed-JUN-2025-1.pdf,
phone,pass,Published phone: 0000001490 ,https://slpost.gov.lk/wp-content/uploads/2025/06/Foreign-Postal-Mail-Services-destinations-listed-JUN-2025-1.pdf,
phone,pass,Published phone: 0000001146 ,https://slpost.gov.lk/wp-content/uploads/2025/06/Foreign-Postal-Mail-Services-destinations-listed-JUN-2025-1.pdf,
phone,pass,Published phone: 0000001851 ,https://slpost.gov.lk/wp-content/uploads/2025/06/Foreign-Postal-Mail-Services-destinations-listed-JUN-2025-1.pdf,
phone,pass,Published phone: 0000000412 ,https://slpost.gov.lk/wp-content/uploads/2025/06/Foreign-Postal-Mail-Services-destinations-listed-JUN-2025-1.pdf,
phone,pass,Published phone: 0000000510 ,https://slpost.gov.lk/wp-content/uploads/2025/06/Foreign-Postal-Mail-Services-destinations-listed-JUN-2025-1.pdf,
phone,pass,Published phone: 0000000767 ,https://slpost.gov.lk/wp-content/uploads/2025/06/Foreign-Postal-Mail-Services-destinations-listed-JUN-2025-1.pdf,
phone,pass,Published phone: 0000000459 ,https://slpost.gov.lk/wp-content/uploads/2025/06/Foreign-Postal-Mail-Services-destinations-listed-JUN-2025-1.pdf,
phone,pass,Published phone: 0000001235 ,https://slpost.gov.lk/wp-content/uploads/2025/06/Foreign-Postal-Mail-Services-destinations-listed-JUN-2025-1.pdf,
phone,pass,Published phone: 0000001034 ,https://slpost.gov.lk/wp-content/uploads/2025/06/Foreign-Postal-Mail-Services-destinations-listed-JUN-2025-1.pdf,
phone,pass,Published phone: 0000001060 ,https://slpost.gov.lk/wp-content/uploads/2025/06/Foreign-Postal-Mail-Services-destinations-listed-JUN-2025-1.pdf,
phone,pass,Published phone: 0000000323 ,https://slpost.gov.lk/wp-content/uploads/2025/06/Foreign-Postal-Mail-Services-destinations-listed-JUN-2025-1.pdf,
phone,pass,Published phone: 0000001811 ,https://slpost.gov.lk/wp-content/uploads/2025/06/Foreign-Postal-Mail-Services-destinations-listed-JUN-2025-1.pdf,
phone,pass,Published phone: 0000000865 ,https://slpost.gov.lk/wp-content/uploads/2025/06/Foreign-Postal-Mail-Services-destinations-listed-JUN-2025-1.pdf,
phone,pass,Published phone: 0000000448 ,https://slpost.gov.lk/wp-content/uploads/2025/06/Foreign-Postal-Mail-Services-destinations-listed-JUN-2025-1.pdf,
phone,pass,Published phone: 0000000507 ,https://slpost.gov.lk/wp-content/uploads/2025/06/Foreign-Postal-Mail-Services-destinations-listed-JUN-2025-1.pdf,
phone,pass,Published phone: 0000000684 ,https://slpost.gov.lk/wp-content/uploads/2025/06/Foreign-Postal-Mail-Services-destinations-listed-JUN-2025-1.pdf,
phone,pass,Published phone: 0000001424 ,https://slpost.gov.lk/wp-content/uploads/2025/06/Foreign-Postal-Mail-Services-destinations-listed-JUN-2025-1.pdf,
phone,pass,Published phone: 0000001353 ,https://slpost.gov.lk/wp-content/uploads/2025/06/Foreign-Postal-Mail-Services-destinations-listed-JUN-2025-1.pdf,
phone,pass,Published phone: 0000001143 ,https://slpost.gov.lk/wp-content/uploads/2025/06/Foreign-Postal-Mail-Services-destinations-listed-JUN-2025-1.pdf,
phone,pass,Published phone: 0000001409 ,https://slpost.gov.lk/wp-content/uploads/2025/06/Foreign-Postal-Mail-Services-destinations-listed-JUN-2025-1.pdf,
phone,pass,Published phone: 0000001588 ,https://slpost.gov.lk/wp-content/uploads/2025/06/Foreign-Postal-Mail-Services-destinations-listed-JUN-2025-1.pdf,
phone,pass,Published phone: 0000000084 ,https://slpost.gov.lk/wp-content/uploads/2025/06/Foreign-Postal-Mail-Services-destinations-listed-JUN-2025-1.pdf,
phone,pass,Published phone: 0000000189 ,https://slpost.gov.lk/wp-content/uploads/2025/06/Foreign-Postal-Mail-Services-destinations-listed-JUN-2025-1.pdf,
phone,pass,Published phone: 0000000198 ,https://slpost.gov.lk/wp-content/uploads/2025/06/Foreign-Postal-Mail-Services-destinations-listed-JUN-2025-1.pdf,
phone,pass,Published phone: 0000000932 ,https://slpost.gov.lk/wp-content/uploads/2025/06/Foreign-Postal-Mail-Services-destinations-listed-JUN-2025-1.pdf,
phone,pass,Published phone: 0000000288 ,https://slpost.gov.lk/wp-content/uploads/2025/06/Foreign-Postal-Mail-Services-destinations-listed-JUN-2025-1.pdf,
phone,pass,Published phone: 0000000270 ,https://slpost.gov.lk/wp-content/uploads/2025/06/Foreign-Postal-Mail-Services-destinations-listed-JUN-2025-1.pdf,
phone,pass,Published phone: 0000001386 ,https://slpost.gov.lk/wp-content/uploads/2025/06/Foreign-Postal-Mail-Services-destinations-listed-JUN-2025-1.pdf,
phone,pass,Published phone: 0000000542 ,https://slpost.gov.lk/wp-content/uploads/2025/06/Foreign-Postal-Mail-Services-destinations-listed-JUN-2025-1.pdf,
phone,pass,Published phone: 0000000069 ,https://slpost.gov.lk/wp-content/uploads/2025/06/Foreign-Postal-Mail-Services-destinations-listed-JUN-2025-1.pdf,
phone,pass,Published phone: 0000000823 ,https://slpost.gov.lk/wp-content/uploads/2025/06/Foreign-Postal-Mail-Services-destinations-listed-JUN-2025-1.pdf,
phone,pass,Published phone: 0000001891 ,https://slpost.gov.lk/wp-content/uploads/2025/06/Foreign-Postal-Mail-Services-destinations-listed-JUN-2025-1.pdf,
phone,pass,Published phone: 0000042345 ,https://slpost.gov.lk/wp-content/uploads/2025/06/Foreign-Postal-Mail-Services-destinations-listed-JUN-2025-1.pdf,
phone,pass,Published phone: 0000000388 ,https://slpost.gov.lk/wp-content/uploads/2025/06/Foreign-Postal-Mail-Services-destinations-listed-JUN-2025-1.pdf,
phone,pass,Published phone: 0000000606 ,https://slpost.gov.lk/wp-content/uploads/2025/06/Foreign-Postal-Mail-Services-destinations-listed-JUN-2025-1.pdf,
phone,pass,Published phone: 0000000917 ,https://slpost.gov.lk/wp-content/uploads/2025/06/Foreign-Postal-Mail-Services-destinations-listed-JUN-2025-1.pdf,
phone,pass,Published phone: 0000000298 ,https://slpost.gov.lk/wp-content/uploads/2025/06/Foreign-Postal-Mail-Services-destinations-listed-JUN-2025-1.pdf,
phone,pass,Published phone: 0000001750 ,https://slpost.gov.lk/wp-content/uploads/2025/06/Foreign-Postal-Mail-Services-destinations-listed-JUN-2025-1.pdf,
phone,pass,Published phone: 0000000166 ,https://slpost.gov.lk/wp-content/uploads/2025/06/Foreign-Postal-Mail-Services-destinations-listed-JUN-2025-1.pdf,
phone,pass,Published phone: 0000000244 ,https://slpost.gov.lk/wp-content/uploads/2025/06/Foreign-Postal-Mail-Services-destinations-listed-JUN-2025-1.pdf,
phone,pass,Published phone: 0000001669 ,https://slpost.gov.lk/wp-content/uploads/2025/06/Foreign-Postal-Mail-Services-destinations-listed-JUN-2025-1.pdf,
phone,pass,Published phone: 0000001429 ,https://slpost.gov.lk/wp-content/uploads/2025/06/Foreign-Postal-Mail-Services-destinations-listed-JUN-2025-1.pdf,
phone,pass,Published phone: 0000000213 ,https://slpost.gov.lk/wp-content/uploads/2025/06/Foreign-Postal-Mail-Services-destinations-listed-JUN-2025-1.pdf,
phone,pass,Published phone: 0000000044 ,https://slpost.gov.lk/wp-content/uploads/2025/06/Foreign-Postal-Mail-Services-destinations-listed-JUN-2025-1.pdf,
phone,pass,Published phone: 0000001552 ,https://slpost.gov.lk/wp-content/uploads/2025/06/Foreign-Postal-Mail-Services-destinations-listed-JUN-2025-1.pdf,
phone,pass,Published phone: 0000001604 ,https://slpost.gov.lk/wp-content/uploads/2025/06/Foreign-Postal-Mail-Services-destinations-listed-JUN-2025-1.pdf,
phone,pass,Published phone: 0000000879 ,https://slpost.gov.lk/wp-content/uploads/2025/06/Foreign-Postal-Mail-Services-destinations-listed-JUN-2025-1.pdf,
phone,pass,Published phone: 0000000929 ,https://slpost.gov.lk/wp-content/uploads/2025/06/Foreign-Postal-Mail-Services-destinations-listed-JUN-2025-1.pdf,
phone,pass,Published phone: 0000001057 ,https://slpost.gov.lk/wp-content/uploads/2025/06/Foreign-Postal-Mail-Services-destinations-listed-JUN-2025-1.pdf,
phone,pass,Published phone: 0000000045 ,https://slpost.gov.lk/wp-content/uploads/2025/06/Foreign-Postal-Mail-Services-destinations-listed-JUN-2025-1.pdf,
phone,pass,Published phone: 0000000225 ,https://slpost.gov.lk/wp-content/uploads/2025/06/Foreign-Postal-Mail-Services-destinations-listed-JUN-2025-1.pdf,
phone,pass,Published phone: 0000000925 ,https://slpost.gov.lk/wp-content/uploads/2025/06/Foreign-Postal-Mail-Services-destinations-listed-JUN-2025-1.pdf,
phone,pass,Published phone: 0000001066 ,https://slpost.gov.lk/wp-content/uploads/2025/06/Foreign-Postal-Mail-Services-destinations-listed-JUN-2025-1.pdf,
phone,pass,Published phone: 0000000875 ,https://slpost.gov.lk/wp-content/uploads/2025/06/Foreign-Postal-Mail-Services-destinations-listed-JUN-2025-1.pdf,
phone,pass,Published phone: 0000001540 ,https://slpost.gov.lk/wp-content/uploads/2025/06/Foreign-Postal-Mail-Services-destinations-listed-JUN-2025-1.pdf,
phone,pass,Published phone: 0000001441 ,https://slpost.gov.lk/wp-content/uploads/2025/06/Foreign-Postal-Mail-Services-destinations-listed-JUN-2025-1.pdf,
phone,pass,Published phone: 0000000522 ,https://slpost.gov.lk/wp-content/uploads/2025/06/Foreign-Postal-Mail-Services-destinations-listed-JUN-2025-1.pdf,
phone,pass,Published phone: 0000001134 ,https://slpost.gov.lk/wp-content/uploads/2025/06/Foreign-Postal-Mail-Services-destinations-listed-JUN-2025-1.pdf,
phone,pass,Published phone: 0000001201 ,https://slpost.gov.lk/wp-content/uploads/2025/06/Foreign-Postal-Mail-Services-destinations-listed-JUN-2025-1.pdf,
phone,pass,Published phone: 0000001335 ,https://slpost.gov.lk/wp-content/uploads/2025/06/Foreign-Postal-Mail-Services-destinations-listed-JUN-2025-1.pdf,
phone,pass,Published phone: 0000000724 ,https://slpost.gov.lk/wp-content/uploads/2025/06/Foreign-Postal-Mail-Services-destinations-listed-JUN-2025-1.pdf,
phone,pass,Published phone: 0000000041 ,https://slpost.gov.lk/wp-content/uploads/2025/06/Foreign-Postal-Mail-Services-destinations-listed-JUN-2025-1.pdf,
phone,pass,Published phone: 0000001377 ,https://slpost.gov.lk/wp-content/uploads/2025/06/Foreign-Postal-Mail-Services-destinations-listed-JUN-2025-1.pdf,
phone,pass,Published phone: 0000000916 ,https://slpost.gov.lk/wp-content/uploads/2025/06/Foreign-Postal-Mail-Services-destinations-listed-JUN-2025-1.pdf,
phone,pass,Published phone: 0000042399 ,https://slpost.gov.lk/wp-content/uploads/2025/06/Foreign-Postal-Mail-Services-destinations-listed-JUN-2025-1.pdf,
phone,pass,Published phone: 0000000451 ,https://slpost.gov.lk/wp-content/uploads/2025/06/Foreign-Postal-Mail-Services-destinations-listed-JUN-2025-1.pdf,
phone,pass,Published phone: 0000000509 ,https://slpost.gov.lk/wp-content/uploads/2025/06/Foreign-Postal-Mail-Services-destinations-listed-JUN-2025-1.pdf,
phone,pass,Published phone: 0000000068 ,https://slpost.gov.lk/wp-content/uploads/2025/06/Foreign-Postal-Mail-Services-destinations-listed-JUN-2025-1.pdf,
phone,pass,Published phone: 0000000138 ,https://slpost.gov.lk/wp-content/uploads/2025/06/Foreign-Postal-Mail-Services-destinations-listed-JUN-2025-1.pdf,
phone,pass,Published phone: 0000000376 ,https://slpost.gov.lk/wp-content/uploads/2025/06/Foreign-Postal-Mail-Services-destinations-listed-JUN-2025-1.pdf,
phone,pass,Published phone: 0000000415 ,https://slpost.gov.lk/wp-content/uploads/2025/06/Foreign-Postal-Mail-Services-destinations-listed-JUN-2025-1.pdf,
phone,pass,Published phone: 0000000766 ,https://slpost.gov.lk/wp-content/uploads/2025/06/Foreign-Postal-Mail-Services-destinations-listed-JUN-2025-1.pdf,
phone,pass,Published phone: 0000000618 ,https://slpost.gov.lk/wp-content/uploads/2025/06/Foreign-Postal-Mail-Services-destinations-listed-JUN-2025-1.pdf,
phone,pass,Published phone: 0000001192 ,https://slpost.gov.lk/wp-content/uploads/2025/06/Foreign-Postal-Mail-Services-destinations-listed-JUN-2025-1.pdf,
phone,pass,Published phone: 0000000332 ,https://slpost.gov.lk/wp-content/uploads/2025/06/Foreign-Postal-Mail-Services-destinations-listed-JUN-2025-1.pdf,
phone,pass,Published phone: 0000001275 ,https://slpost.gov.lk/wp-content/uploads/2025/06/Foreign-Postal-Mail-Services-destinations-listed-JUN-2025-1.pdf,
phone,pass,Published phone: 0000001564 ,https://slpost.gov.lk/wp-content/uploads/2025/06/Foreign-Postal-Mail-Services-destinations-listed-JUN-2025-1.pdf,
phone,pass,Published phone: 0000000354 ,https://slpost.gov.lk/wp-content/uploads/2025/06/Foreign-Postal-Mail-Services-destinations-listed-JUN-2025-1.pdf,
phone,pass,Published phone: 0000000588 ,https://slpost.gov.lk/wp-content/uploads/2025/06/Foreign-Postal-Mail-Services-destinations-listed-JUN-2025-1.pdf,
phone,pass,Published phone: 0000001050 ,https://slpost.gov.lk/wp-content/uploads/2025/06/Foreign-Postal-Mail-Services-destinations-listed-JUN-2025-1.pdf,
phone,pass,Published phone: 0000000707 ,https://slpost.gov.lk/wp-content/uploads/2025/06/Foreign-Postal-Mail-Services-destinations-listed-JUN-2025-1.pdf,
phone,pass,Published phone: 0000000928 ,https://slpost.gov.lk/wp-content/uploads/2025/06/Foreign-Postal-Mail-Services-destinations-listed-JUN-2025-1.pdf,
phone,pass,Published phone: 0000001589 ,https://slpost.gov.lk/wp-content/uploads/2025/06/Foreign-Postal-Mail-Services-destinations-listed-JUN-2025-1.pdf,
phone,pass,Published phone: 0000001187 ,https://slpost.gov.lk/wp-content/uploads/2025/06/Foreign-Postal-Mail-Services-destinations-listed-JUN-2025-1.pdf,
phone,pass,Published phone: 0000001879 ,https://slpost.gov.lk/wp-content/uploads/2025/06/Foreign-Postal-Mail-Services-destinations-listed-JUN-2025-1.pdf,
phone,pass,Published phone: 0000001841 ,https://slpost.gov.lk/wp-content/uploads/2025/06/Foreign-Postal-Mail-Services-destinations-listed-JUN-2025-1.pdf,
phone,pass,Published phone: 0000001400 ,https://slpost.gov.lk/wp-content/uploads/2025/06/Foreign-Postal-Mail-Services-destinations-listed-JUN-2025-1.pdf,
phone,pass,Published phone: 0000000643 ,https://slpost.gov.lk/wp-content/uploads/2025/06/Foreign-Postal-Mail-Services-destinations-listed-JUN-2025-1.pdf,
phone,pass,Published phone: 0000000389 ,https://slpost.gov.lk/wp-content/uploads/2025/06/Foreign-Postal-Mail-Services-destinations-listed-JUN-2025-1.pdf,
phone,pass,Published phone: 0000000759 ,https://slpost.gov.lk/wp-content/uploads/2025/06/Foreign-Postal-Mail-Services-destinations-listed-JUN-2025-1.pdf,
phone,pass,Published phone: 0000001687 ,https://slpost.gov.lk/wp-content/uploads/2025/06/Foreign-Postal-Mail-Services-destinations-listed-JUN-2025-1.pdf,
phone,pass,Published phone: 0000000660 ,https://slpost.gov.lk/wp-content/uploads/2025/06/Foreign-Postal-Mail-Services-destinations-listed-JUN-2025-1.pdf,
phone,pass,Published phone: 0000001701 ,https://slpost.gov.lk/wp-content/uploads/2025/06/Foreign-Postal-Mail-Services-destinations-listed-JUN-2025-1.pdf,
phone,pass,Published phone: 0000014945 ,https://slpost.gov.lk/wp-content/uploads/2025/06/Foreign-Postal-Mail-Services-destinations-listed-JUN-2025-1.pdf,
phone,pass,Published phone: 0000001144 ,https://slpost.gov.lk/wp-content/uploads/2025/06/Foreign-Postal-Mail-Services-destinations-listed-JUN-2025-1.pdf,
phone,pass,Published phone: 0000001080 ,https://slpost.gov.lk/wp-content/uploads/2025/06/Foreign-Postal-Mail-Services-destinations-listed-JUN-2025-1.pdf,
phone,pass,Published phone: 0000000890 ,https://slpost.gov.lk/wp-content/uploads/2025/06/Foreign-Postal-Mail-Services-destinations-listed-JUN-2025-1.pdf,
phone,pass,Published phone: 0000001168 ,https://slpost.gov.lk/wp-content/uploads/2025/06/Foreign-Postal-Mail-Services-destinations-listed-JUN-2025-1.pdf,
phone,pass,Published phone: 0000001862 ,https://slpost.gov.lk/wp-content/uploads/2025/06/Foreign-Postal-Mail-Services-destinations-listed-JUN-2025-1.pdf,
phone,pass,Published phone: 0000001463 ,https://slpost.gov.lk/wp-content/uploads/2025/06/Foreign-Postal-Mail-Services-destinations-listed-JUN-2025-1.pdf,
phone,pass,Published phone: 0000000436 ,https://slpost.gov.lk/wp-content/uploads/2025/06/Foreign-Postal-Mail-Services-destinations-listed-JUN-2025-1.pdf,
phone,pass,Published phone: 0000000337 ,https://slpost.gov.lk/wp-content/uploads/2025/06/Foreign-Postal-Mail-Services-destinations-listed-JUN-2025-1.pdf,
phone,pass,Published phone: 0000001347 ,https://slpost.gov.lk/wp-content/uploads/2025/06/Foreign-Postal-Mail-Services-destinations-listed-JUN-2025-1.pdf,
phone,pass,Published phone: 0000001166 ,https://slpost.gov.lk/wp-content/uploads/2025/06/Foreign-Postal-Mail-Services-destinations-listed-JUN-2025-1.pdf,
phone,pass,Published phone: 0000000924 ,https://slpost.gov.lk/wp-content/uploads/2025/06/Foreign-Postal-Mail-Services-destinations-listed-JUN-2025-1.pdf,
phone,pass,Published phone: 0000000517 ,https://slpost.gov.lk/wp-content/uploads/2025/06/Foreign-Postal-Mail-Services-destinations-listed-JUN-2025-1.pdf,
phone,pass,Published phone: 0000000054 ,https://slpost.gov.lk/wp-content/uploads/2025/06/Foreign-Postal-Mail-Services-destinations-listed-JUN-2025-1.pdf,
phone,pass,Published phone: 0000000600 ,https://slpost.gov.lk/wp-content/uploads/2025/06/Foreign-Postal-Mail-Services-destinations-listed-JUN-2025-1.pdf,
phone,pass,Published phone: 0000001285 ,https://slpost.gov.lk/wp-content/uploads/2025/06/Foreign-Postal-Mail-Services-destinations-listed-JUN-2025-1.pdf,
phone,pass,Published phone: 0000001633 ,https://slpost.gov.lk/wp-content/uploads/2025/06/Foreign-Postal-Mail-Services-destinations-listed-JUN-2025-1.pdf,
phone,pass,Published phone: 0000001726 ,https://slpost.gov.lk/wp-content/uploads/2025/06/Foreign-Postal-Mail-Services-destinations-listed-JUN-2025-1.pdf,
phone,pass,Published phone: 0000001574 ,https://slpost.gov.lk/wp-content/uploads/2025/06/Foreign-Postal-Mail-Services-destinations-listed-JUN-2025-1.pdf,
phone,pass,Published phone: 0000001189 ,https://slpost.gov.lk/wp-content/uploads/2025/06/Foreign-Postal-Mail-Services-destinations-listed-JUN-2025-1.pdf,
phone,pass,Published phone: 0000001772 ,https://slpost.gov.lk/wp-content/uploads/2025/06/Foreign-Postal-Mail-Services-destinations-listed-JUN-2025-1.pdf,
phone,pass,Published phone: 0000000473 ,https://slpost.gov.lk/wp-content/uploads/2025/06/Foreign-Postal-Mail-Services-destinations-listed-JUN-2025-1.pdf,
phone,pass,Published phone: 0000001749 ,https://slpost.gov.lk/wp-content/uploads/2025/06/Foreign-Postal-Mail-Services-destinations-listed-JUN-2025-1.pdf,
phone,pass,Published phone: 0000000854 ,https://slpost.gov.lk/wp-content/uploads/2025/06/Foreign-Postal-Mail-Services-destinations-listed-JUN-2025-1.pdf,
phone,pass,Published phone: 0000000940 ,https://slpost.gov.lk/wp-content/uploads/2025/06/Foreign-Postal-Mail-Services-destinations-listed-JUN-2025-1.pdf,
phone,pass,Published phone: 0000000836 ,https://slpost.gov.lk/wp-content/uploads/2025/06/Foreign-Postal-Mail-Services-destinations-listed-JUN-2025-1.pdf,
phone,pass,Published phone: 0000000983 ,https://slpost.gov.lk/wp-content/uploads/2025/06/Foreign-Postal-Mail-Services-destinations-listed-JUN-2025-1.pdf,
phone,pass,Published phone: 0000001399 ,https://slpost.gov.lk/wp-content/uploads/2025/06/Foreign-Postal-Mail-Services-destinations-listed-JUN-2025-1.pdf,
phone,pass,Published phone: 0000000503 ,https://slpost.gov.lk/wp-content/uploads/2025/06/Foreign-Postal-Mail-Services-destinations-listed-JUN-2025-1.pdf,
phone,pass,Published phone: 0000000471 ,https://slpost.gov.lk/wp-content/uploads/2025/06/Foreign-Postal-Mail-Services-destinations-listed-JUN-2025-1.pdf,
phone,pass,Published phone: 0000001553 ,https://slpost.gov.lk/wp-content/uploads/2025/06/Foreign-Postal-Mail-Services-destinations-listed-JUN-2025-1.pdf,
phone,pass,Published phone: 0000000460 ,https://slpost.gov.lk/wp-content/uploads/2025/06/Foreign-Postal-Mail-Services-destinations-listed-JUN-2025-1.pdf,
phone,pass,Published phone: 0000000943 ,https://slpost.gov.lk/wp-content/uploads/2025/06/Foreign-Postal-Mail-Services-destinations-listed-JUN-2025-1.pdf,
phone,pass,Published phone: 0000001584 ,https://slpost.gov.lk/wp-content/uploads/2025/06/Foreign-Postal-Mail-Services-destinations-listed-JUN-2025-1.pdf,
phone,pass,Published phone: 0000000167 ,https://slpost.gov.lk/wp-content/uploads/2025/06/Foreign-Postal-Mail-Services-destinations-listed-JUN-2025-1.pdf,
phone,pass,Published phone: 0000001412 ,https://slpost.gov.lk/wp-content/uploads/2025/06/Foreign-Postal-Mail-Services-destinations-listed-JUN-2025-1.pdf,
phone,pass,Published phone: 0000001106 ,https://slpost.gov.lk/wp-content/uploads/2025/06/Foreign-Postal-Mail-Services-destinations-listed-JUN-2025-1.pdf,
phone,pass,Published phone: 0000000858 ,https://slpost.gov.lk/wp-content/uploads/2025/06/Foreign-Postal-Mail-Services-destinations-listed-JUN-2025-1.pdf,
phone,pass,Published phone: 0000001065 ,https://slpost.gov.lk/wp-content/uploads/2025/06/Foreign-Postal-Mail-Services-destinations-listed-JUN-2025-1.pdf,
phone,pass,Published phone: 0000001131 ,https://slpost.gov.lk/wp-content/uploads/2025/06/Foreign-Postal-Mail-Services-destinations-listed-JUN-2025-1.pdf,
phone,pass,Published phone: 0000014703 ,https://slpost.gov.lk/wp-content/uploads/2025/06/Foreign-Postal-Mail-Services-destinations-listed-JUN-2025-1.pdf,
phone,pass,Published phone: 0000000251 ,https://slpost.gov.lk/wp-content/uploads/2025/06/Foreign-Postal-Mail-Services-destinations-listed-JUN-2025-1.pdf,
phone,pass,Published phone: 0000001838 ,https://slpost.gov.lk/wp-content/uploads/2025/06/Foreign-Postal-Mail-Services-destinations-listed-JUN-2025-1.pdf,
phone,pass,Published phone: 0000000775 ,https://slpost.gov.lk/wp-content/uploads/2025/06/Foreign-Postal-Mail-Services-destinations-listed-JUN-2025-1.pdf,
phone,pass,Published phone: 0000001315 ,https://slpost.gov.lk/wp-content/uploads/2025/06/Foreign-Postal-Mail-Services-destinations-listed-JUN-2025-1.pdf,
phone,pass,Published phone: 0000001043 ,https://slpost.gov.lk/wp-content/uploads/2025/06/Foreign-Postal-Mail-Services-destinations-listed-JUN-2025-1.pdf,
phone,pass,Published phone: 0000000267 ,https://slpost.gov.lk/wp-content/uploads/2025/06/Foreign-Postal-Mail-Services-destinations-listed-JUN-2025-1.pdf,
phone,pass,Published phone: 0000001209 ,https://slpost.gov.lk/wp-content/uploads/2025/06/Foreign-Postal-Mail-Services-destinations-listed-JUN-2025-1.pdf,
phone,pass,Published phone: 0000001504 ,https://slpost.gov.lk/wp-content/uploads/2025/06/Foreign-Postal-Mail-Services-destinations-listed-JUN-2025-1.pdf,
phone,pass,Published phone: 0000000531 ,https://slpost.gov.lk/wp-content/uploads/2025/06/Foreign-Postal-Mail-Services-destinations-listed-JUN-2025-1.pdf,
phone,pass,Published phone: 0000000382 ,https://slpost.gov.lk/wp-content/uploads/2025/06/Foreign-Postal-Mail-Services-destinations-listed-JUN-2025-1.pdf,
phone,pass,Published phone: 0000000809 ,https://slpost.gov.lk/wp-content/uploads/2025/06/Foreign-Postal-Mail-Services-destinations-listed-JUN-2025-1.pdf,
phone,pass,Published phone: 0000000311 ,https://slpost.gov.lk/wp-content/uploads/2025/06/Foreign-Postal-Mail-Services-destinations-listed-JUN-2025-1.pdf,
phone,pass,Published phone: 0000000866 ,https://slpost.gov.lk/wp-content/uploads/2025/06/Foreign-Postal-Mail-Services-destinations-listed-JUN-2025-1.pdf,
phone,pass,Published phone: 0000001858 ,https://slpost.gov.lk/wp-content/uploads/2025/06/Foreign-Postal-Mail-Services-destinations-listed-JUN-2025-1.pdf,
phone,pass,Published phone: 0000001867 ,https://slpost.gov.lk/wp-content/uploads/2025/06/Foreign-Postal-Mail-Services-destinations-listed-JUN-2025-1.pdf,
phone,pass,Published phone: 0000000786 ,https://slpost.gov.lk/wp-content/uploads/2025/06/Foreign-Postal-Mail-Services-destinations-listed-JUN-2025-1.pdf,
phone,pass,Published phone: 0000306084 ,https://slpost.gov.lk/wp-content/uploads/2025/06/Foreign-Postal-Mail-Services-destinations-listed-JUN-2025-1.pdf,
phone,pass,Published phone: 0000001240 ,https://slpost.gov.lk/wp-content/uploads/2025/06/Foreign-Postal-Mail-Services-destinations-listed-JUN-2025-1.pdf,
phone,pass,Published phone: 0000000804 ,https://slpost.gov.lk/wp-content/uploads/2025/06/Foreign-Postal-Mail-Services-destinations-listed-JUN-2025-1.pdf,
phone,pass,Published phone: 0000001610 ,https://slpost.gov.lk/wp-content/uploads/2025/06/Foreign-Postal-Mail-Services-destinations-listed-JUN-2025-1.pdf,
phone,pass,Published phone: 0000001091 ,https://slpost.gov.lk/wp-content/uploads/2025/06/Foreign-Postal-Mail-Services-destinations-listed-JUN-2025-1.pdf,
phone,pass,Published phone: 0000000571 ,https://slpost.gov.lk/wp-content/uploads/2025/06/Foreign-Postal-Mail-Services-destinations-listed-JUN-2025-1.pdf,
phone,pass,Published phone: 0000000216 ,https://slpost.gov.lk/wp-content/uploads/2025/06/Foreign-Postal-Mail-Services-destinations-listed-JUN-2025-1.pdf,
phone,pass,Published phone: 0000001544 ,https://slpost.gov.lk/wp-content/uploads/2025/06/Foreign-Postal-Mail-Services-destinations-listed-JUN-2025-1.pdf,
phone,pass,Published phone: 0000001411 ,https://slpost.gov.lk/wp-content/uploads/2025/06/Foreign-Postal-Mail-Services-destinations-listed-JUN-2025-1.pdf,
phone,pass,Published phone: 0000001241 ,https://slpost.gov.lk/wp-content/uploads/2025/06/Foreign-Postal-Mail-Services-destinations-listed-JUN-2025-1.pdf,
phone,pass,Published phone: 0000001032 ,https://slpost.gov.lk/wp-content/uploads/2025/06/Foreign-Postal-Mail-Services-destinations-listed-JUN-2025-1.pdf,
phone,pass,Published phone: 0000001370 ,https://slpost.gov.lk/wp-content/uploads/2025/06/Foreign-Postal-Mail-Services-destinations-listed-JUN-2025-1.pdf,
phone,pass,Published phone: 0000000662 ,https://slpost.gov.lk/wp-content/uploads/2025/06/Foreign-Postal-Mail-Services-destinations-listed-JUN-2025-1.pdf,
phone,pass,Published phone: 0000000496 ,https://slpost.gov.lk/wp-content/uploads/2025/06/Foreign-Postal-Mail-Services-destinations-listed-JUN-2025-1.pdf,
phone,pass,Published phone: 0000001139 ,https://slpost.gov.lk/wp-content/uploads/2025/06/Foreign-Postal-Mail-Services-destinations-listed-JUN-2025-1.pdf,
phone,pass,Published phone: 0000000887 ,https://slpost.gov.lk/wp-content/uploads/2025/06/Foreign-Postal-Mail-Services-destinations-listed-JUN-2025-1.pdf,
phone,pass,Published phone: 0000000122 ,https://slpost.gov.lk/wp-content/uploads/2025/06/Foreign-Postal-Mail-Services-destinations-listed-JUN-2025-1.pdf,
phone,pass,Published phone: 0000001735 ,https://slpost.gov.lk/wp-content/uploads/2025/06/Foreign-Postal-Mail-Services-destinations-listed-JUN-2025-1.pdf,
phone,pass,Published phone: 0000001346 ,https://slpost.gov.lk/wp-content/uploads/2025/06/Foreign-Postal-Mail-Services-destinations-listed-JUN-2025-1.pdf,
phone,pass,Published phone: 0000000849 ,https://slpost.gov.lk/wp-content/uploads/2025/06/Foreign-Postal-Mail-Services-destinations-listed-JUN-2025-1.pdf,
phone,pass,Published phone: 0000000592 ,https://slpost.gov.lk/wp-content/uploads/2025/06/Foreign-Postal-Mail-Services-destinations-listed-JUN-2025-1.pdf,
phone,pass,Published phone: 0000000394 ,https://slpost.gov.lk/wp-content/uploads/2025/06/Foreign-Postal-Mail-Services-destinations-listed-JUN-2025-1.pdf,
phone,pass,Published phone: 0000000581 ,https://slpost.gov.lk/wp-content/uploads/2025/06/Foreign-Postal-Mail-Services-destinations-listed-JUN-2025-1.pdf,
phone,pass,Published phone: 0000001119 ,https://slpost.gov.lk/wp-content/uploads/2025/06/Foreign-Postal-Mail-Services-destinations-listed-JUN-2025-1.pdf,
phone,pass,Published phone: 0000000723 ,https://slpost.gov.lk/wp-content/uploads/2025/06/Foreign-Postal-Mail-Services-destinations-listed-JUN-2025-1.pdf,
phone,pass,Published phone: 0000001800 ,https://slpost.gov.lk/wp-content/uploads/2025/06/Foreign-Postal-Mail-Services-destinations-listed-JUN-2025-1.pdf,
phone,pass,Published phone: 0000001180 ,https://slpost.gov.lk/wp-content/uploads/2025/06/Foreign-Postal-Mail-Services-destinations-listed-JUN-2025-1.pdf,
phone,pass,Published phone: 0000001100 ,https://slpost.gov.lk/wp-content/uploads/2025/06/Foreign-Postal-Mail-Services-destinations-listed-JUN-2025-1.pdf,
phone,pass,Published phone: 0000001506 ,https://slpost.gov.lk/wp-content/uploads/2025/06/Foreign-Postal-Mail-Services-destinations-listed-JUN-2025-1.pdf,
phone,pass,Published phone: 0000000339 ,https://slpost.gov.lk/wp-content/uploads/2025/06/Foreign-Postal-Mail-Services-destinations-listed-JUN-2025-1.pdf,
phone,pass,Published phone: 0000000207 ,https://slpost.gov.lk/wp-content/uploads/2025/06/Foreign-Postal-Mail-Services-destinations-listed-JUN-2025-1.pdf,
phone,pass,Published phone: 0000000416 ,https://slpost.gov.lk/wp-content/uploads/2025/06/Foreign-Postal-Mail-Services-destinations-listed-JUN-2025-1.pdf,
phone,pass,Published phone: 0000000300 ,https://slpost.gov.lk/wp-content/uploads/2025/06/Foreign-Postal-Mail-Services-destinations-listed-JUN-2025-1.pdf,
phone,pass,Published phone: 0000000125 ,https://slpost.gov.lk/wp-content/uploads/2025/06/Foreign-Postal-Mail-Services-destinations-listed-JUN-2025-1.pdf,
phone,pass,Published phone: 0000001545 ,https://slpost.gov.lk/wp-content/uploads/2025/06/Foreign-Postal-Mail-Services-destinations-listed-JUN-2025-1.pdf,
phone,pass,Published phone: 0000001219 ,https://slpost.gov.lk/wp-content/uploads/2025/06/Foreign-Postal-Mail-Services-destinations-listed-JUN-2025-1.pdf,
phone,pass,Published phone: 0000000690 ,https://slpost.gov.lk/wp-content/uploads/2025/06/Foreign-Postal-Mail-Services-destinations-listed-JUN-2025-1.pdf,
phone,pass,Published phone: 0000000768 ,https://slpost.gov.lk/wp-content/uploads/2025/06/Foreign-Postal-Mail-Services-destinations-listed-JUN-2025-1.pdf,
phone,pass,Published phone: 0000000612 ,https://slpost.gov.lk/wp-content/uploads/2025/06/Foreign-Postal-Mail-Services-destinations-listed-JUN-2025-1.pdf,
phone,pass,Published phone: 0000001179 ,https://slpost.gov.lk/wp-content/uploads/2025/06/Foreign-Postal-Mail-Services-destinations-listed-JUN-2025-1.pdf,
phone,pass,Published phone: 0000000689 ,https://slpost.gov.lk/wp-content/uploads/2025/06/Foreign-Postal-Mail-Services-destinations-listed-JUN-2025-1.pdf,
phone,pass,Published phone: 0000001161 ,https://slpost.gov.lk/wp-content/uploads/2025/06/Foreign-Postal-Mail-Services-destinations-listed-JUN-2025-1.pdf,
phone,pass,Published phone: 0000001801 ,https://slpost.gov.lk/wp-content/uploads/2025/06/Foreign-Postal-Mail-Services-destinations-listed-JUN-2025-1.pdf,
phone,pass,Published phone: 0000001255 ,https://slpost.gov.lk/wp-content/uploads/2025/06/Foreign-Postal-Mail-Services-destinations-listed-JUN-2025-1.pdf,
phone,pass,Published phone: 0000000446 ,https://slpost.gov.lk/wp-content/uploads/2025/06/Foreign-Postal-Mail-Services-destinations-listed-JUN-2025-1.pdf,
phone,pass,Published phone: 0000001213 ,https://slpost.gov.lk/wp-content/uploads/2025/06/Foreign-Postal-Mail-Services-destinations-listed-JUN-2025-1.pdf,
phone,pass,Published phone: 0000001307 ,https://slpost.gov.lk/wp-content/uploads/2025/06/Foreign-Postal-Mail-Services-destinations-listed-JUN-2025-1.pdf,
phone,pass,Published phone: 0000001515 ,https://slpost.gov.lk/wp-content/uploads/2025/06/Foreign-Postal-Mail-Services-destinations-listed-JUN-2025-1.pdf,
phone,pass,Published phone: 0000000650 ,https://slpost.gov.lk/wp-content/uploads/2025/06/Foreign-Postal-Mail-Services-destinations-listed-JUN-2025-1.pdf,
phone,pass,Published phone: 0000000794 ,https://slpost.gov.lk/wp-content/uploads/2025/06/Foreign-Postal-Mail-Services-destinations-listed-JUN-2025-1.pdf,
phone,pass,Published phone: 0000001324 ,https://slpost.gov.lk/wp-content/uploads/2025/06/Foreign-Postal-Mail-Services-destinations-listed-JUN-2025-1.pdf,
phone,pass,Published phone: 0000000258 ,https://slpost.gov.lk/wp-content/uploads/2025/06/Foreign-Postal-Mail-Services-destinations-listed-JUN-2025-1.pdf,
phone,pass,Published phone: 0000001160 ,https://slpost.gov.lk/wp-content/uploads/2025/06/Foreign-Postal-Mail-Services-destinations-listed-JUN-2025-1.pdf,
phone,pass,Published phone: 0000001297 ,https://slpost.gov.lk/wp-content/uploads/2025/06/Foreign-Postal-Mail-Services-destinations-listed-JUN-2025-1.pdf,
phone,pass,Published phone: 0000000315 ,https://slpost.gov.lk/wp-content/uploads/2025/06/Foreign-Postal-Mail-Services-destinations-listed-JUN-2025-1.pdf,
phone,pass,Published phone: 0000000556 ,https://slpost.gov.lk/wp-content/uploads/2025/06/Foreign-Postal-Mail-Services-destinations-listed-JUN-2025-1.pdf,
phone,pass,Published phone: 0000001237 ,https://slpost.gov.lk/wp-content/uploads/2025/06/Foreign-Postal-Mail-Services-destinations-listed-JUN-2025-1.pdf,
phone,pass,Published phone: 0000000799 ,https://slpost.gov.lk/wp-content/uploads/2025/06/Foreign-Postal-Mail-Services-destinations-listed-JUN-2025-1.pdf,
phone,pass,Published phone: 0000000877 ,https://slpost.gov.lk/wp-content/uploads/2025/06/Foreign-Postal-Mail-Services-destinations-listed-JUN-2025-1.pdf,
phone,pass,Published phone: 0000001842 ,https://slpost.gov.lk/wp-content/uploads/2025/06/Foreign-Postal-Mail-Services-destinations-listed-JUN-2025-1.pdf,
phone,pass,Published phone: 0000000718 ,https://slpost.gov.lk/wp-content/uploads/2025/06/Foreign-Postal-Mail-Services-destinations-listed-JUN-2025-1.pdf,
phone,pass,Published phone: 0000001705 ,https://slpost.gov.lk/wp-content/uploads/2025/06/Foreign-Postal-Mail-Services-destinations-listed-JUN-2025-1.pdf,
phone,pass,Published phone: 0000001289 ,https://slpost.gov.lk/wp-content/uploads/2025/06/Foreign-Postal-Mail-Services-destinations-listed-JUN-2025-1.pdf,
phone,pass,Published phone: 0000000196 ,https://slpost.gov.lk/wp-content/uploads/2025/06/Foreign-Postal-Mail-Services-destinations-listed-JUN-2025-1.pdf,
phone,pass,Published phone: 0000068267 ,https://slpost.gov.lk/wp-content/uploads/2025/06/Foreign-Postal-Mail-Services-destinations-listed-JUN-2025-1.pdf,
phone,pass,Published phone: 0000001702 ,https://slpost.gov.lk/wp-content/uploads/2025/06/Foreign-Postal-Mail-Services-destinations-listed-JUN-2025-1.pdf,
phone,pass,Published phone: 0000001885 ,https://slpost.gov.lk/wp-content/uploads/2025/06/Foreign-Postal-Mail-Services-destinations-listed-JUN-2025-1.pdf,
phone,pass,Published phone: 0000000992 ,https://slpost.gov.lk/wp-content/uploads/2025/06/Foreign-Postal-Mail-Services-destinations-listed-JUN-2025-1.pdf,
phone,pass,Published phone: 0000000074 ,https://slpost.gov.lk/wp-content/uploads/2025/06/Foreign-Postal-Mail-Services-destinations-listed-JUN-2025-1.pdf,
phone,pass,Published phone: 0000001214 ,https://slpost.gov.lk/wp-content/uploads/2025/06/Foreign-Postal-Mail-Services-destinations-listed-JUN-2025-1.pdf,
phone,pass,Published phone: 0000001025 ,https://slpost.gov.lk/wp-content/uploads/2025/06/Foreign-Postal-Mail-Services-destinations-listed-JUN-2025-1.pdf,
phone,pass,Published phone: 0000001175 ,https://slpost.gov.lk/wp-content/uploads/2025/06/Foreign-Postal-Mail-Services-destinations-listed-JUN-2025-1.pdf,
phone,pass,Published phone: 0000001300 ,https://slpost.gov.lk/wp-content/uploads/2025/06/Foreign-Postal-Mail-Services-destinations-listed-JUN-2025-1.pdf,
phone,pass,Published phone: 0000189723 ,https://slpost.gov.lk/wp-content/uploads/2025/06/Foreign-Postal-Mail-Services-destinations-listed-JUN-2025-1.pdf,
phone,pass,Published phone: 0000000246 ,https://slpost.gov.lk/wp-content/uploads/2025/06/Foreign-Postal-Mail-Services-destinations-listed-JUN-2025-1.pdf,
phone,pass,Published phone: 0000001024 ,https://slpost.gov.lk/wp-content/uploads/2025/06/Foreign-Postal-Mail-Services-destinations-listed-JUN-2025-1.pdf,
phone,pass,Published phone: 0000001843 ,https://slpost.gov.lk/wp-content/uploads/2025/06/Foreign-Postal-Mail-Services-destinations-listed-JUN-2025-1.pdf,
phone,pass,Published phone: 0000000305 ,https://slpost.gov.lk/wp-content/uploads/2025/06/Foreign-Postal-Mail-Services-destinations-listed-JUN-2025-1.pdf,
phone,pass,Published phone: 0000001333 ,https://slpost.gov.lk/wp-content/uploads/2025/06/Foreign-Postal-Mail-Services-destinations-listed-JUN-2025-1.pdf,
phone,pass,Published phone: 0000000121 ,https://slpost.gov.lk/wp-content/uploads/2025/06/Foreign-Postal-Mail-Services-destinations-listed-JUN-2025-1.pdf,
phone,pass,Published phone: 0000000331 ,https://slpost.gov.lk/wp-content/uploads/2025/06/Foreign-Postal-Mail-Services-destinations-listed-JUN-2025-1.pdf,
phone,pass,Published phone: 0000000192 ,https://slpost.gov.lk/wp-content/uploads/2025/06/Foreign-Postal-Mail-Services-destinations-listed-JUN-2025-1.pdf,
phone,pass,Published phone: 0000000148 ,https://slpost.gov.lk/wp-content/uploads/2025/06/Foreign-Postal-Mail-Services-destinations-listed-JUN-2025-1.pdf,
phone,pass,Published phone: 0000306113 ,https://slpost.gov.lk/wp-content/uploads/2025/06/Foreign-Postal-Mail-Services-destinations-listed-JUN-2025-1.pdf,
phone,pass,Published phone: 0000001415 ,https://slpost.gov.lk/wp-content/uploads/2025/06/Foreign-Postal-Mail-Services-destinations-listed-JUN-2025-1.pdf,
phone,pass,Published phone: 0000000424 ,https://slpost.gov.lk/wp-content/uploads/2025/06/Foreign-Postal-Mail-Services-destinations-listed-JUN-2025-1.pdf,
phone,pass,Published phone: 0000000252 ,https://slpost.gov.lk/wp-content/uploads/2025/06/Foreign-Postal-Mail-Services-destinations-listed-JUN-2025-1.pdf,
phone,pass,Published phone: 0000000357 ,https://slpost.gov.lk/wp-content/uploads/2025/06/Foreign-Postal-Mail-Services-destinations-listed-JUN-2025-1.pdf,
phone,pass,Published phone: 0000000362 ,https://slpost.gov.lk/wp-content/uploads/2025/06/Foreign-Postal-Mail-Services-destinations-listed-JUN-2025-1.pdf,
phone,pass,Published phone: 0000001624 ,https://slpost.gov.lk/wp-content/uploads/2025/06/Foreign-Postal-Mail-Services-destinations-listed-JUN-2025-1.pdf,
phone,pass,Published phone: 0000000923 ,https://slpost.gov.lk/wp-content/uploads/2025/06/Foreign-Postal-Mail-Services-destinations-listed-JUN-2025-1.pdf,
phone,pass,Published phone: 0000001154 ,https://slpost.gov.lk/wp-content/uploads/2025/06/Foreign-Postal-Mail-Services-destinations-listed-JUN-2025-1.pdf,
phone,pass,Published phone: 0000000519 ,https://slpost.gov.lk/wp-content/uploads/2025/06/Foreign-Postal-Mail-Services-destinations-listed-JUN-2025-1.pdf,
phone,pass,Published phone: 0000001271 ,https://slpost.gov.lk/wp-content/uploads/2025/06/Foreign-Postal-Mail-Services-destinations-listed-JUN-2025-1.pdf,
phone,pass,Published phone: 0000000411 ,https://slpost.gov.lk/wp-content/uploads/2025/06/Foreign-Postal-Mail-Services-destinations-listed-JUN-2025-1.pdf,
phone,pass,Published phone: 0000000871 ,https://slpost.gov.lk/wp-content/uploads/2025/06/Foreign-Postal-Mail-Services-destinations-listed-JUN-2025-1.pdf,
phone,pass,Published phone: 0000000488 ,https://slpost.gov.lk/wp-content/uploads/2025/06/Foreign-Postal-Mail-Services-destinations-listed-JUN-2025-1.pdf,
phone,pass,Published phone: 0000001054 ,https://slpost.gov.lk/wp-content/uploads/2025/06/Foreign-Postal-Mail-Services-destinations-listed-JUN-2025-1.pdf,
phone,pass,Published phone: 0000001403 ,https://slpost.gov.lk/wp-content/uploads/2025/06/Foreign-Postal-Mail-Services-destinations-listed-JUN-2025-1.pdf,
phone,pass,Published phone: 0000001233 ,https://slpost.gov.lk/wp-content/uploads/2025/06/Foreign-Postal-Mail-Services-destinations-listed-JUN-2025-1.pdf,
phone,pass,Published phone: 0000001729 ,https://slpost.gov.lk/wp-content/uploads/2025/06/Foreign-Postal-Mail-Services-destinations-listed-JUN-2025-1.pdf,
phone,pass,Published phone: 0000000813 ,https://slpost.gov.lk/wp-content/uploads/2025/06/Foreign-Postal-Mail-Services-destinations-listed-JUN-2025-1.pdf,
phone,pass,Published phone: 0000000988 ,https://slpost.gov.lk/wp-content/uploads/2025/06/Foreign-Postal-Mail-Services-destinations-listed-JUN-2025-1.pdf,
phone,pass,Published phone: 0000001301 ,https://slpost.gov.lk/wp-content/uploads/2025/06/Foreign-Postal-Mail-Services-destinations-listed-JUN-2025-1.pdf,
phone,pass,Published phone: 0000001475 ,https://slpost.gov.lk/wp-content/uploads/2025/06/Foreign-Postal-Mail-Services-destinations-listed-JUN-2025-1.pdf,
phone,pass,Published phone: 0000000248 ,https://slpost.gov.lk/wp-content/uploads/2025/06/Foreign-Postal-Mail-Services-destinations-listed-JUN-2025-1.pdf,
phone,pass,Published phone: 0000001002 ,https://slpost.gov.lk/wp-content/uploads/2025/06/Foreign-Postal-Mail-Services-destinations-listed-JUN-2025-1.pdf,
phone,pass,Published phone: 0000014629 ,https://slpost.gov.lk/wp-content/uploads/2025/06/Foreign-Postal-Mail-Services-destinations-listed-JUN-2025-1.pdf,
phone,pass,Published phone: 0000000052 ,https://slpost.gov.lk/wp-content/uploads/2025/06/Foreign-Postal-Mail-Services-destinations-listed-JUN-2025-1.pdf,
phone,pass,Published phone: 0000001892 ,https://slpost.gov.lk/wp-content/uploads/2025/06/Foreign-Postal-Mail-Services-destinations-listed-JUN-2025-1.pdf,
phone,pass,Published phone: 0000000086 ,https://slpost.gov.lk/wp-content/uploads/2025/06/Foreign-Postal-Mail-Services-destinations-listed-JUN-2025-1.pdf,
phone,pass,Published phone: 0000042814 ,https://slpost.gov.lk/wp-content/uploads/2025/06/Foreign-Postal-Mail-Services-destinations-listed-JUN-2025-1.pdf,
phone,pass,Published phone: 0000000363 ,https://slpost.gov.lk/wp-content/uploads/2025/06/Foreign-Postal-Mail-Services-destinations-listed-JUN-2025-1.pdf,
phone,pass,Published phone: 0000001878 ,https://slpost.gov.lk/wp-content/uploads/2025/06/Foreign-Postal-Mail-Services-destinations-listed-JUN-2025-1.pdf,
phone,pass,Published phone: 0000001782 ,https://slpost.gov.lk/wp-content/uploads/2025/06/Foreign-Postal-Mail-Services-destinations-listed-JUN-2025-1.pdf,
phone,pass,Published phone: 0000000302 ,https://slpost.gov.lk/wp-content/uploads/2025/06/Foreign-Postal-Mail-Services-destinations-listed-JUN-2025-1.pdf,
phone,pass,Published phone: 0000000299 ,https://slpost.gov.lk/wp-content/uploads/2025/06/Foreign-Postal-Mail-Services-destinations-listed-JUN-2025-1.pdf,
phone,pass,Published phone: 0000000158 ,https://slpost.gov.lk/wp-content/uploads/2025/06/Foreign-Postal-Mail-Services-destinations-listed-JUN-2025-1.pdf,
phone,pass,Published phone: 0000001873 ,https://slpost.gov.lk/wp-content/uploads/2025/06/Foreign-Postal-Mail-Services-destinations-listed-JUN-2025-1.pdf,
phone,pass,Published phone: 0000000185 ,https://slpost.gov.lk/wp-content/uploads/2025/06/Foreign-Postal-Mail-Services-destinations-listed-JUN-2025-1.pdf,
phone,pass,Published phone: 0000000324 ,https://slpost.gov.lk/wp-content/uploads/2025/06/Foreign-Postal-Mail-Services-destinations-listed-JUN-2025-1.pdf,
phone,pass,Published phone: 0000000803 ,https://slpost.gov.lk/wp-content/uploads/2025/06/Foreign-Postal-Mail-Services-destinations-listed-JUN-2025-1.pdf,
phone,pass,Published phone: 0000001239 ,https://slpost.gov.lk/wp-content/uploads/2025/06/Foreign-Postal-Mail-Services-destinations-listed-JUN-2025-1.pdf,
phone,pass,Published phone: +94-112328301-,https://slpost.gov.lk/parcel-post-service-foreign/,
phone,pass,Published phone: +94) 112320700 ,https://slpost.gov.lk/parcel-post-service-foreign/,
phone,pass,Published phone: 011-2328301-,https://slpost.gov.lk/parcel-post-service-foreign/,
phone,pass,Published phone: +94) 112449886 ,https://slpost.gov.lk/parcel-post-service-foreign/,
email,pass,Published email: info@slpost.lk,https://slpost.gov.lk/parcel-post-service-foreign/,
email,pass,Published email: as.parcel@slpost.lk,https://slpost.gov.lk/parcel-post-service-foreign/,
email,pass,Published email: -info@slpost.lk,https://slpost.gov.lk/parcel-post-service-foreign/,
named_responsibility,pass,Published named responsibility: division,https://slpost.gov.lk/parcel-post-service-foreign/,
legal_basis,pass,Published legal basis: regulations,https://slpost.gov.lk/parcel-post-service-foreign/,
published_update_date,pass,Published published update date: 2026-09-03,https://slpost.gov.lk/parcel-post-service-foreign/,
phone,pass,Published phone: +94-112328301-,https://slpost.gov.lk/services/ems/,
phone,pass,Published phone: +94-91-2233221 ,https://slpost.gov.lk/services/ems/,
phone,pass,Published phone: +94-11-2320700,https://slpost.gov.lk/services/ems/,
phone,pass,Published phone: 011-2328301 ,https://slpost.gov.lk/services/ems/,
phone,pass,Published phone: +94-11-2252762 ,https://slpost.gov.lk/services/ems/,
phone,pass,Published phone: +94-81-2234071 ,https://slpost.gov.lk/services/ems/,
phone,pass,Published phone: +94-21-2222415 ,https://slpost.gov.lk/services/ems/,
phone,pass,Published phone: +94-26-2222372 ,https://slpost.gov.lk/services/ems/,
phone,pass,Published phone: +94-11-2328644 ,https://slpost.gov.lk/services/ems/,
phone,pass,Published phone: +94112447844,https://slpost.gov.lk/services/ems/,
email,pass,Published email: as.fgn@slpost.lk,https://slpost.gov.lk/services/ems/,
email,pass,Published email: ems.colombo@yahoo.com,https://slpost.gov.lk/services/ems/,
email,pass,Published email: info@slpost.lk,https://slpost.gov.lk/services/ems/,
email,pass,Published email: -info@slpost.lk,https://slpost.gov.lk/services/ems/,
named_responsibility,pass,Published named responsibility: division,https://slpost.gov.lk/services/ems/,
fees_and_payment,pass,"Published fees and payment: rs,",https://slpost.gov.lk/services/ems/,
processing_time,pass,Published processing time: 2 weeks,https://slpost.gov.lk/services/ems/,
published_update_date,pass,Published published update date: 2026-09-03,https://slpost.gov.lk/services/ems/,
phone,pass,Published phone: +94-112328301-,https://slpost.gov.lk/international-mail/surface-air-lifted-sal-parcel-service/,
phone,pass,Published phone: 050 430 30 12 ,https://slpost.gov.lk/international-mail/surface-air-lifted-sal-parcel-service/,
email,pass,Published email: -info@slpost.lk,https://slpost.gov.lk/international-mail/surface-air-lifted-sal-parcel-service/,
named_responsibility,pass,Published named responsibility: division,https://slpost.gov.lk/international-mail/surface-air-lifted-sal-parcel-service/,
downloadable_form,pass,Published downloadable form: https://slpost.gov.lk/wp-content/uploads/2019/09/Holiday-home-booking-application-english.pdf,https://slpost.gov.lk/international-mail/surface-air-lifted-sal-parcel-service/,
phone,pass,Published phone: 0112328112 ,https://slpost.gov.lk/services/speed-post-courier-tracking/,
phone,pass,Published phone: +94-112328301-,https://slpost.gov.lk/services/speed-post-courier-tracking/,
phone,pass,Published phone: 0714440440,https://slpost.gov.lk/services/speed-post-courier-tracking/,
email,pass,Published email: slpmailenquiry@gmail.com,https://slpost.gov.lk/services/speed-post-courier-tracking/,
email,pass,Published email: -info@slpost.lk,https://slpost.gov.lk/services/speed-post-courier-tracking/,
named_responsibility,pass,Published named responsibility: division,https://slpost.gov.lk/services/speed-post-courier-tracking/,
published_update_date,pass,Published published update date: 2026-09-03,https://slpost.gov.lk/services/speed-post-courier-tracking/,
phone,pass,Published phone: +94 011232830,https://slpost.gov.lk/contact-us/,
phone,pass,Published phone: +94-112328301-,https://slpost.gov.lk/contact-us/,
phone,pass,Published phone: 011 2440555 ,https://slpost.gov.lk/contact-us/,
email,pass,Published email: info@slpost.lk,https://slpost.gov.lk/contact-us/,
email,pass,Published email: pmg@slpost.lk,https://slpost.gov.lk/contact-us/,
email,pass,Published email: -info@slpost.lk,https://slpost.gov.lk/contact-us/,
postal_address,pass,"Published postal address: Post Master General , Postal Head Quarters , D.R Wijewardena Mawatha , Colombo 10 , 001000 , Sri Lanka. Headquarters Dir",https://slpost.gov.lk/contact-us/,
named_responsibility,pass,Published named responsibility: director,https://slpost.gov.lk/contact-us/,
fees_and_payment,pass,"Published fees and payment: rs ,",https://slpost.gov.lk/contact-us/,
published_update_date,pass,Published published update date: 2026-09-03,https://slpost.gov.lk/contact-us/,
page_text,pass,Substantive page content: 286930 visible characters across 12 pages,https://slpost.gov.lk/,
