check,status,detail,source,observed_at
dns,pass,Public DNS resolved,,2026-09-08T23:57:53.001276+05:30
domain_registration,error,Domain is absent from RDAP,,2026-09-08T23:57:53.001296+05:30
tls_hostname,fail,TLS certificate does not match the hostname,,2026-09-08T23:57:53.026565+05:30
tls_browser_error,fail,"Probe 1: [SSL: CERTIFICATE_VERIFY_FAILED] certificate verify failed: Hostname mismatch, certificate is not valid for 'www.dgshipping.gov.lk'. (_ssl.c:1032)",https://www.dgshipping.gov.lk/,2026-09-08T23:58:21.099555+05:30
http,pass,Probe 2: HTTP 200 at http://www.dgshipping.gov.lk/,http://www.dgshipping.gov.lk/,2026-09-08T23:58:21.099578+05:30
tls_browser_error,fail,"Probe 3: [SSL: CERTIFICATE_VERIFY_FAILED] certificate verify failed: Hostname mismatch, certificate is not valid for 'www.dgshipping.gov.lk'. (_ssl.c:1032)",https://www.dgshipping.gov.lk/,2026-09-08T23:58:21.099582+05:30
http,pass,Probe 4: HTTP 200 at http://www.dgshipping.gov.lk/,http://www.dgshipping.gov.lk/,2026-09-08T23:58:21.099585+05:30
http,pass,Probe 5: HTTP 200 at http://www.dgshipping.gov.lk/web/index.php?lang=en,http://www.dgshipping.gov.lk/web/index.php?lang=si,2026-09-08T23:58:21.099588+05:30
http,pass,Probe 6: HTTP 200 at http://www.dgshipping.gov.lk/web/index.php?lang=en,http://www.dgshipping.gov.lk/web/index.php?lang=en,2026-09-08T23:58:21.099591+05:30
http,pass,Probe 7: HTTP 200 at http://www.dgshipping.gov.lk/web/index.php?lang=en,http://www.dgshipping.gov.lk/web/index.php?lang=ta,2026-09-08T23:58:21.099594+05:30
http,pass,Probe 8: HTTP 200 at http://www.dgshipping.gov.lk/web/images/2026/MSS_Noties/BID_DOCUMENT_SECURITY_SERVICE.pdf,http://www.dgshipping.gov.lk/web/images/2026/MSS_Noties/BID_DOCUMENT_SECURITY_SERVICE.pdf,2026-09-08T23:58:21.099596+05:30
http,pass,Probe 9: HTTP 200 at http://www.dgshipping.gov.lk/web/images/2026/MSS_Noties/Bid_cleaning_service_PDF.pdf,http://www.dgshipping.gov.lk/web/images/2026/MSS_Noties/Bid_cleaning_service_PDF.pdf,2026-09-08T23:58:21.099599+05:30
http,pass,Probe 10: HTTP 200 at http://www.dgshipping.gov.lk/web/images/One_Day_Service/CDC.pdf,http://www.dgshipping.gov.lk/web/images/One_Day_Service/CDC.pdf,2026-09-08T23:58:21.099602+05:30
http,pass,Probe 11: HTTP 200 at http://www.dgshipping.gov.lk/web/images/One_Day_Service/SID.pdf,http://www.dgshipping.gov.lk/web/images/One_Day_Service/SID.pdf,2026-09-08T23:58:21.099604+05:30
http,pass,Probe 12: HTTP 200 at http://www.dgshipping.gov.lk/web/images/2026/Notices/Establishment_of_a_Pool_of_Port_State_Control_Officers.pdf,http://www.dgshipping.gov.lk/web/images/2026/Notices/Establishment_of_a_Pool_of_Port_State_Control_Officers.pdf,2026-09-08T23:58:21.099607+05:30
http,pass,Probe 13: HTTP 200 at http://www.dgshipping.gov.lk/web/index.php?lang=en,http://www.dgshipping.gov.lk/web,2026-09-08T23:58:21.099610+05:30
http,pass,Probe 14: HTTP 200 at http://www.dgshipping.gov.lk/web/index.php?lang=en,http://www.dgshipping.gov.lk/web/index.php,2026-09-08T23:58:21.099612+05:30
phone,pass,Published phone: 0. 011 210570,http://www.dgshipping.gov.lk/web/index.php?lang=en,
phone,pass,Published phone: 011-2105700 ,http://www.dgshipping.gov.lk/web/index.php?lang=en,
phone,pass,Published phone: 011-2430277 ,http://www.dgshipping.gov.lk/web/index.php?lang=en,
phone,pass,Published phone: 011 2105700 ,http://www.dgshipping.gov.lk/web/index.php?lang=en,
phone,pass,Published phone: 011-2435127 ,http://www.dgshipping.gov.lk/web/index.php?lang=en,
phone,pass,Published phone: 0 011 210570,http://www.dgshipping.gov.lk/web/index.php?lang=en,
phone,pass,Published phone: 070-1107787 ,http://www.dgshipping.gov.lk/web/index.php?lang=en,
phone,pass,Published phone: 011 2105710 ,http://www.dgshipping.gov.lk/web/index.php?lang=en,
postal_address,pass,Published postal address: of the person or organization making the submission; Relevant contact details; and Specific observations and comments to,http://www.dgshipping.gov.lk/web/index.php?lang=en,
named_responsibility,pass,Published named responsibility: director,http://www.dgshipping.gov.lk/web/index.php?lang=en,
eligibility_criteria,pass,Published eligibility criteria: eligibility,http://www.dgshipping.gov.lk/web/index.php?lang=en,
legal_basis,pass,Published legal basis: regulations,http://www.dgshipping.gov.lk/web/index.php?lang=en,
fees_and_payment,pass,"Published fees and payment: rs,",http://www.dgshipping.gov.lk/web/index.php?lang=en,
downloadable_form,pass,Published downloadable form: http://www.dgshipping.gov.lk/web/images/2026/Notices/APPLICATION_FOR_REGISTRATION_AS_EXTERNAL_RESOURCE_PERSON-2.pdf,http://www.dgshipping.gov.lk/web/index.php?lang=en,
phone,pass,Published phone: 0. 011 210570,http://www.dgshipping.gov.lk/web/index.php?lang=en,
phone,pass,Published phone: 011-2105700 ,http://www.dgshipping.gov.lk/web/index.php?lang=en,
phone,pass,Published phone: 011-2430277 ,http://www.dgshipping.gov.lk/web/index.php?lang=en,
phone,pass,Published phone: 011 2105700 ,http://www.dgshipping.gov.lk/web/index.php?lang=en,
phone,pass,Published phone: 011-2435127 ,http://www.dgshipping.gov.lk/web/index.php?lang=en,
phone,pass,Published phone: 0 011 210570,http://www.dgshipping.gov.lk/web/index.php?lang=en,
phone,pass,Published phone: 070-1107787 ,http://www.dgshipping.gov.lk/web/index.php?lang=en,
phone,pass,Published phone: 011 2105710 ,http://www.dgshipping.gov.lk/web/index.php?lang=en,
postal_address,pass,Published postal address: of the person or organization making the submission; Relevant contact details; and Specific observations and comments to,http://www.dgshipping.gov.lk/web/index.php?lang=en,
named_responsibility,pass,Published named responsibility: director,http://www.dgshipping.gov.lk/web/index.php?lang=en,
eligibility_criteria,pass,Published eligibility criteria: eligibility,http://www.dgshipping.gov.lk/web/index.php?lang=en,
legal_basis,pass,Published legal basis: regulations,http://www.dgshipping.gov.lk/web/index.php?lang=en,
fees_and_payment,pass,"Published fees and payment: rs,",http://www.dgshipping.gov.lk/web/index.php?lang=en,
downloadable_form,pass,Published downloadable form: http://www.dgshipping.gov.lk/web/images/2026/Notices/APPLICATION_FOR_REGISTRATION_AS_EXTERNAL_RESOURCE_PERSON-2.pdf,http://www.dgshipping.gov.lk/web/index.php?lang=en,
phone,pass,Published phone: 0. 011 210570,http://www.dgshipping.gov.lk/web/index.php?lang=en,
phone,pass,Published phone: 011-2105700 ,http://www.dgshipping.gov.lk/web/index.php?lang=en,
phone,pass,Published phone: 011-2430277 ,http://www.dgshipping.gov.lk/web/index.php?lang=en,
phone,pass,Published phone: 011 2105700 ,http://www.dgshipping.gov.lk/web/index.php?lang=en,
phone,pass,Published phone: 011-2435127 ,http://www.dgshipping.gov.lk/web/index.php?lang=en,
phone,pass,Published phone: 0 011 210570,http://www.dgshipping.gov.lk/web/index.php?lang=en,
phone,pass,Published phone: 070-1107787 ,http://www.dgshipping.gov.lk/web/index.php?lang=en,
phone,pass,Published phone: 011 2105710 ,http://www.dgshipping.gov.lk/web/index.php?lang=en,
postal_address,pass,Published postal address: of the person or organization making the submission; Relevant contact details; and Specific observations and comments to,http://www.dgshipping.gov.lk/web/index.php?lang=en,
named_responsibility,pass,Published named responsibility: director,http://www.dgshipping.gov.lk/web/index.php?lang=en,
eligibility_criteria,pass,Published eligibility criteria: eligibility,http://www.dgshipping.gov.lk/web/index.php?lang=en,
legal_basis,pass,Published legal basis: regulations,http://www.dgshipping.gov.lk/web/index.php?lang=en,
fees_and_payment,pass,"Published fees and payment: rs,",http://www.dgshipping.gov.lk/web/index.php?lang=en,
downloadable_form,pass,Published downloadable form: http://www.dgshipping.gov.lk/web/images/2026/Notices/APPLICATION_FOR_REGISTRATION_AS_EXTERNAL_RESOURCE_PERSON-2.pdf,http://www.dgshipping.gov.lk/web/index.php?lang=en,
phone,pass,Published phone: 0000000066 ,http://www.dgshipping.gov.lk/web/images/2026/MSS_Noties/BID_DOCUMENT_SECURITY_SERVICE.pdf,
phone,pass,Published phone: 0000000101 ,http://www.dgshipping.gov.lk/web/images/2026/MSS_Noties/BID_DOCUMENT_SECURITY_SERVICE.pdf,
phone,pass,Published phone: 0000000183 ,http://www.dgshipping.gov.lk/web/images/2026/MSS_Noties/BID_DOCUMENT_SECURITY_SERVICE.pdf,
phone,pass,Published phone: 0000064994 ,http://www.dgshipping.gov.lk/web/images/2026/MSS_Noties/BID_DOCUMENT_SECURITY_SERVICE.pdf,
phone,pass,Published phone: 0000000180 ,http://www.dgshipping.gov.lk/web/images/2026/MSS_Noties/BID_DOCUMENT_SECURITY_SERVICE.pdf,
phone,pass,Published phone: 0000000071 ,http://www.dgshipping.gov.lk/web/images/2026/MSS_Noties/BID_DOCUMENT_SECURITY_SERVICE.pdf,
phone,pass,Published phone: 0 0 333 333 0 5,http://www.dgshipping.gov.lk/web/images/2026/MSS_Noties/BID_DOCUMENT_SECURITY_SERVICE.pdf,
phone,pass,Published phone: 0000000088 ,http://www.dgshipping.gov.lk/web/images/2026/MSS_Noties/BID_DOCUMENT_SECURITY_SERVICE.pdf,
phone,pass,Published phone: 0000000126 ,http://www.dgshipping.gov.lk/web/images/2026/MSS_Noties/BID_DOCUMENT_SECURITY_SERVICE.pdf,
phone,pass,Published phone: 0000000017 ,http://www.dgshipping.gov.lk/web/images/2026/MSS_Noties/BID_DOCUMENT_SECURITY_SERVICE.pdf,
phone,pass,Published phone: 0000109778 ,http://www.dgshipping.gov.lk/web/images/2026/MSS_Noties/BID_DOCUMENT_SECURITY_SERVICE.pdf,
phone,pass,Published phone: 0000073476 ,http://www.dgshipping.gov.lk/web/images/2026/MSS_Noties/BID_DOCUMENT_SECURITY_SERVICE.pdf,
phone,pass,Published phone: 0000002913 ,http://www.dgshipping.gov.lk/web/images/2026/MSS_Noties/BID_DOCUMENT_SECURITY_SERVICE.pdf,
phone,pass,Published phone: 0000000055 ,http://www.dgshipping.gov.lk/web/images/2026/MSS_Noties/BID_DOCUMENT_SECURITY_SERVICE.pdf,
phone,pass,Published phone: 0000000195 ,http://www.dgshipping.gov.lk/web/images/2026/MSS_Noties/BID_DOCUMENT_SECURITY_SERVICE.pdf,
phone,pass,Published phone: 0000000222 ,http://www.dgshipping.gov.lk/web/images/2026/MSS_Noties/BID_DOCUMENT_SECURITY_SERVICE.pdf,
phone,pass,Published phone: 0000000116 ,http://www.dgshipping.gov.lk/web/images/2026/MSS_Noties/BID_DOCUMENT_SECURITY_SERVICE.pdf,
phone,pass,Published phone: 0000000109 ,http://www.dgshipping.gov.lk/web/images/2026/MSS_Noties/BID_DOCUMENT_SECURITY_SERVICE.pdf,
phone,pass,Published phone: 0000000107 ,http://www.dgshipping.gov.lk/web/images/2026/MSS_Noties/BID_DOCUMENT_SECURITY_SERVICE.pdf,
phone,pass,Published phone: 0000000218 ,http://www.dgshipping.gov.lk/web/images/2026/MSS_Noties/BID_DOCUMENT_SECURITY_SERVICE.pdf,
phone,pass,Published phone: 0000000212 ,http://www.dgshipping.gov.lk/web/images/2026/MSS_Noties/BID_DOCUMENT_SECURITY_SERVICE.pdf,
phone,pass,Published phone: 0000000230 ,http://www.dgshipping.gov.lk/web/images/2026/MSS_Noties/BID_DOCUMENT_SECURITY_SERVICE.pdf,
phone,pass,Published phone: 0000000099 ,http://www.dgshipping.gov.lk/web/images/2026/MSS_Noties/BID_DOCUMENT_SECURITY_SERVICE.pdf,
phone,pass,Published phone: 0000000279 ,http://www.dgshipping.gov.lk/web/images/2026/MSS_Noties/BID_DOCUMENT_SECURITY_SERVICE.pdf,
phone,pass,Published phone: 0000002639 ,http://www.dgshipping.gov.lk/web/images/2026/MSS_Noties/BID_DOCUMENT_SECURITY_SERVICE.pdf,
phone,pass,Published phone: 0 0 287 348 28,http://www.dgshipping.gov.lk/web/images/2026/MSS_Noties/BID_DOCUMENT_SECURITY_SERVICE.pdf,
phone,pass,Published phone: 04 604 604 60,http://www.dgshipping.gov.lk/web/images/2026/MSS_Noties/BID_DOCUMENT_SECURITY_SERVICE.pdf,
phone,pass,Published phone: 0000000214 ,http://www.dgshipping.gov.lk/web/images/2026/MSS_Noties/BID_DOCUMENT_SECURITY_SERVICE.pdf,
phone,pass,Published phone: 0000000217 ,http://www.dgshipping.gov.lk/web/images/2026/MSS_Noties/BID_DOCUMENT_SECURITY_SERVICE.pdf,
phone,pass,Published phone: 0000000155 ,http://www.dgshipping.gov.lk/web/images/2026/MSS_Noties/BID_DOCUMENT_SECURITY_SERVICE.pdf,
phone,pass,Published phone: 0000000081 ,http://www.dgshipping.gov.lk/web/images/2026/MSS_Noties/BID_DOCUMENT_SECURITY_SERVICE.pdf,
phone,pass,Published phone: 0000122108 ,http://www.dgshipping.gov.lk/web/images/2026/MSS_Noties/BID_DOCUMENT_SECURITY_SERVICE.pdf,
phone,pass,Published phone: 0000115457 ,http://www.dgshipping.gov.lk/web/images/2026/MSS_Noties/BID_DOCUMENT_SECURITY_SERVICE.pdf,
phone,pass,Published phone: 0000000277 ,http://www.dgshipping.gov.lk/web/images/2026/MSS_Noties/BID_DOCUMENT_SECURITY_SERVICE.pdf,
phone,pass,Published phone: 0 0 408 0 0 833 ,http://www.dgshipping.gov.lk/web/images/2026/MSS_Noties/BID_DOCUMENT_SECURITY_SERVICE.pdf,
phone,pass,Published phone: 0 0 0 500 500 2,http://www.dgshipping.gov.lk/web/images/2026/MSS_Noties/BID_DOCUMENT_SECURITY_SERVICE.pdf,
phone,pass,Published phone: 0000000269 ,http://www.dgshipping.gov.lk/web/images/2026/MSS_Noties/BID_DOCUMENT_SECURITY_SERVICE.pdf,
phone,pass,Published phone: 019 2026-06-0,http://www.dgshipping.gov.lk/web/images/2026/MSS_Noties/BID_DOCUMENT_SECURITY_SERVICE.pdf,
phone,pass,Published phone: 0000000115 ,http://www.dgshipping.gov.lk/web/images/2026/MSS_Noties/BID_DOCUMENT_SECURITY_SERVICE.pdf,
phone,pass,Published phone: 0000000058 ,http://www.dgshipping.gov.lk/web/images/2026/MSS_Noties/BID_DOCUMENT_SECURITY_SERVICE.pdf,
phone,pass,Published phone: 0000000234 ,http://www.dgshipping.gov.lk/web/images/2026/MSS_Noties/BID_DOCUMENT_SECURITY_SERVICE.pdf,
phone,pass,Published phone: 0000000144 ,http://www.dgshipping.gov.lk/web/images/2026/MSS_Noties/BID_DOCUMENT_SECURITY_SERVICE.pdf,
phone,pass,Published phone: 0000205039 ,http://www.dgshipping.gov.lk/web/images/2026/MSS_Noties/BID_DOCUMENT_SECURITY_SERVICE.pdf,
phone,pass,Published phone: 0000002392 ,http://www.dgshipping.gov.lk/web/images/2026/MSS_Noties/BID_DOCUMENT_SECURITY_SERVICE.pdf,
phone,pass,Published phone: 0000107645 ,http://www.dgshipping.gov.lk/web/images/2026/MSS_Noties/BID_DOCUMENT_SECURITY_SERVICE.pdf,
phone,pass,Published phone: 0000000255 ,http://www.dgshipping.gov.lk/web/images/2026/MSS_Noties/BID_DOCUMENT_SECURITY_SERVICE.pdf,
phone,pass,Published phone: 0000064827 ,http://www.dgshipping.gov.lk/web/images/2026/MSS_Noties/BID_DOCUMENT_SECURITY_SERVICE.pdf,
phone,pass,Published phone: 0000000264 ,http://www.dgshipping.gov.lk/web/images/2026/MSS_Noties/BID_DOCUMENT_SECURITY_SERVICE.pdf,
phone,pass,Published phone: 0000000165 ,http://www.dgshipping.gov.lk/web/images/2026/MSS_Noties/BID_DOCUMENT_SECURITY_SERVICE.pdf,
phone,pass,Published phone: 08 604 656 60,http://www.dgshipping.gov.lk/web/images/2026/MSS_Noties/BID_DOCUMENT_SECURITY_SERVICE.pdf,
phone,pass,Published phone: 0000000171 ,http://www.dgshipping.gov.lk/web/images/2026/MSS_Noties/BID_DOCUMENT_SECURITY_SERVICE.pdf,
phone,pass,Published phone: 0000000130 ,http://www.dgshipping.gov.lk/web/images/2026/MSS_Noties/BID_DOCUMENT_SECURITY_SERVICE.pdf,
phone,pass,Published phone: 0000000140 ,http://www.dgshipping.gov.lk/web/images/2026/MSS_Noties/BID_DOCUMENT_SECURITY_SERVICE.pdf,
phone,pass,Published phone: 0000000094 ,http://www.dgshipping.gov.lk/web/images/2026/MSS_Noties/BID_DOCUMENT_SECURITY_SERVICE.pdf,
phone,pass,Published phone: 0000000000 ,http://www.dgshipping.gov.lk/web/images/2026/MSS_Noties/BID_DOCUMENT_SECURITY_SERVICE.pdf,
phone,pass,Published phone: 0000000208 ,http://www.dgshipping.gov.lk/web/images/2026/MSS_Noties/BID_DOCUMENT_SECURITY_SERVICE.pdf,
phone,pass,Published phone: 0000000261 ,http://www.dgshipping.gov.lk/web/images/2026/MSS_Noties/BID_DOCUMENT_SECURITY_SERVICE.pdf,
phone,pass,Published phone: 0000000182 ,http://www.dgshipping.gov.lk/web/images/2026/MSS_Noties/BID_DOCUMENT_SECURITY_SERVICE.pdf,
phone,pass,Published phone: 0000048641 ,http://www.dgshipping.gov.lk/web/images/2026/MSS_Noties/BID_DOCUMENT_SECURITY_SERVICE.pdf,
phone,pass,Published phone: 00 500 500 50,http://www.dgshipping.gov.lk/web/images/2026/MSS_Noties/BID_DOCUMENT_SECURITY_SERVICE.pdf,
phone,pass,Published phone: 0000000127 ,http://www.dgshipping.gov.lk/web/images/2026/MSS_Noties/BID_DOCUMENT_SECURITY_SERVICE.pdf,
phone,pass,Published phone: 0000055307 ,http://www.dgshipping.gov.lk/web/images/2026/MSS_Noties/BID_DOCUMENT_SECURITY_SERVICE.pdf,
phone,pass,Published phone: 0000000247 ,http://www.dgshipping.gov.lk/web/images/2026/MSS_Noties/BID_DOCUMENT_SECURITY_SERVICE.pdf,
phone,pass,Published phone: 0000000194 ,http://www.dgshipping.gov.lk/web/images/2026/MSS_Noties/BID_DOCUMENT_SECURITY_SERVICE.pdf,
phone,pass,Published phone: 0000000072 ,http://www.dgshipping.gov.lk/web/images/2026/MSS_Noties/BID_DOCUMENT_SECURITY_SERVICE.pdf,
phone,pass,Published phone: 0000064964 ,http://www.dgshipping.gov.lk/web/images/2026/MSS_Noties/BID_DOCUMENT_SECURITY_SERVICE.pdf,
phone,pass,Published phone: 08 656 431 65,http://www.dgshipping.gov.lk/web/images/2026/MSS_Noties/BID_DOCUMENT_SECURITY_SERVICE.pdf,
phone,pass,Published phone: 0000000080 ,http://www.dgshipping.gov.lk/web/images/2026/MSS_Noties/BID_DOCUMENT_SECURITY_SERVICE.pdf,
phone,pass,Published phone: 0000000250 ,http://www.dgshipping.gov.lk/web/images/2026/MSS_Noties/BID_DOCUMENT_SECURITY_SERVICE.pdf,
phone,pass,Published phone: 0000000205 ,http://www.dgshipping.gov.lk/web/images/2026/MSS_Noties/BID_DOCUMENT_SECURITY_SERVICE.pdf,
phone,pass,Published phone: 0000149784 ,http://www.dgshipping.gov.lk/web/images/2026/MSS_Noties/BID_DOCUMENT_SECURITY_SERVICE.pdf,
phone,pass,Published phone: 0000000065 ,http://www.dgshipping.gov.lk/web/images/2026/MSS_Noties/BID_DOCUMENT_SECURITY_SERVICE.pdf,
phone,pass,Published phone: 0000000281 ,http://www.dgshipping.gov.lk/web/images/2026/MSS_Noties/BID_DOCUMENT_SECURITY_SERVICE.pdf,
phone,pass,Published phone: 0000000199 ,http://www.dgshipping.gov.lk/web/images/2026/MSS_Noties/BID_DOCUMENT_SECURITY_SERVICE.pdf,
phone,pass,Published phone: 0000000154 ,http://www.dgshipping.gov.lk/web/images/2026/MSS_Noties/BID_DOCUMENT_SECURITY_SERVICE.pdf,
phone,pass,Published phone: 0000000135 ,http://www.dgshipping.gov.lk/web/images/2026/MSS_Noties/BID_DOCUMENT_SECURITY_SERVICE.pdf,
phone,pass,Published phone: 0000000136 ,http://www.dgshipping.gov.lk/web/images/2026/MSS_Noties/BID_DOCUMENT_SECURITY_SERVICE.pdf,
phone,pass,Published phone: 0000000257 ,http://www.dgshipping.gov.lk/web/images/2026/MSS_Noties/BID_DOCUMENT_SECURITY_SERVICE.pdf,
phone,pass,Published phone: 0000001955 ,http://www.dgshipping.gov.lk/web/images/2026/MSS_Noties/BID_DOCUMENT_SECURITY_SERVICE.pdf,
phone,pass,Published phone: 0000285172 ,http://www.dgshipping.gov.lk/web/images/2026/MSS_Noties/BID_DOCUMENT_SECURITY_SERVICE.pdf,
phone,pass,Published phone: 0000000076 ,http://www.dgshipping.gov.lk/web/images/2026/MSS_Noties/BID_DOCUMENT_SECURITY_SERVICE.pdf,
phone,pass,Published phone: 0000087570 ,http://www.dgshipping.gov.lk/web/images/2026/MSS_Noties/BID_DOCUMENT_SECURITY_SERVICE.pdf,
phone,pass,Published phone: 0000002839 ,http://www.dgshipping.gov.lk/web/images/2026/MSS_Noties/BID_DOCUMENT_SECURITY_SERVICE.pdf,
phone,pass,Published phone: 0000000241 ,http://www.dgshipping.gov.lk/web/images/2026/MSS_Noties/BID_DOCUMENT_SECURITY_SERVICE.pdf,
phone,pass,Published phone: 0000000061 ,http://www.dgshipping.gov.lk/web/images/2026/MSS_Noties/BID_DOCUMENT_SECURITY_SERVICE.pdf,
phone,pass,Published phone: 0 0 0 0 0 444 50,http://www.dgshipping.gov.lk/web/images/2026/MSS_Noties/BID_DOCUMENT_SECURITY_SERVICE.pdf,
phone,pass,Published phone: 0000000113 ,http://www.dgshipping.gov.lk/web/images/2026/MSS_Noties/BID_DOCUMENT_SECURITY_SERVICE.pdf,
phone,pass,Published phone: 0000000083 ,http://www.dgshipping.gov.lk/web/images/2026/MSS_Noties/BID_DOCUMENT_SECURITY_SERVICE.pdf,
phone,pass,Published phone: 0000000129 ,http://www.dgshipping.gov.lk/web/images/2026/MSS_Noties/BID_DOCUMENT_SECURITY_SERVICE.pdf,
phone,pass,Published phone: 0000000176 ,http://www.dgshipping.gov.lk/web/images/2026/MSS_Noties/BID_DOCUMENT_SECURITY_SERVICE.pdf,
phone,pass,Published phone: 0000000259 ,http://www.dgshipping.gov.lk/web/images/2026/MSS_Noties/BID_DOCUMENT_SECURITY_SERVICE.pdf,
phone,pass,Published phone: 0000000133 ,http://www.dgshipping.gov.lk/web/images/2026/MSS_Noties/BID_DOCUMENT_SECURITY_SERVICE.pdf,
phone,pass,Published phone: 0000000262 ,http://www.dgshipping.gov.lk/web/images/2026/MSS_Noties/BID_DOCUMENT_SECURITY_SERVICE.pdf,
phone,pass,Published phone: 0000000229 ,http://www.dgshipping.gov.lk/web/images/2026/MSS_Noties/BID_DOCUMENT_SECURITY_SERVICE.pdf,
phone,pass,Published phone: 0000000079 ,http://www.dgshipping.gov.lk/web/images/2026/MSS_Noties/BID_DOCUMENT_SECURITY_SERVICE.pdf,
phone,pass,Published phone: 0000002498 ,http://www.dgshipping.gov.lk/web/images/2026/MSS_Noties/BID_DOCUMENT_SECURITY_SERVICE.pdf,
phone,pass,Published phone: 0000100368 ,http://www.dgshipping.gov.lk/web/images/2026/MSS_Noties/BID_DOCUMENT_SECURITY_SERVICE.pdf,
phone,pass,Published phone: 0000000188 ,http://www.dgshipping.gov.lk/web/images/2026/MSS_Noties/BID_DOCUMENT_SECURITY_SERVICE.pdf,
phone,pass,Published phone: 0000000090 ,http://www.dgshipping.gov.lk/web/images/2026/MSS_Noties/BID_DOCUMENT_SECURITY_SERVICE.pdf,
phone,pass,Published phone: 0000000106 ,http://www.dgshipping.gov.lk/web/images/2026/MSS_Noties/BID_DOCUMENT_SECURITY_SERVICE.pdf,
phone,pass,Published phone: 0000092972 ,http://www.dgshipping.gov.lk/web/images/2026/MSS_Noties/BID_DOCUMENT_SECURITY_SERVICE.pdf,
phone,pass,Published phone: 0000000134 ,http://www.dgshipping.gov.lk/web/images/2026/MSS_Noties/BID_DOCUMENT_SECURITY_SERVICE.pdf,
phone,pass,Published phone: 0000000173 ,http://www.dgshipping.gov.lk/web/images/2026/MSS_Noties/BID_DOCUMENT_SECURITY_SERVICE.pdf,
phone,pass,Published phone: 0000000206 ,http://www.dgshipping.gov.lk/web/images/2026/MSS_Noties/BID_DOCUMENT_SECURITY_SERVICE.pdf,
phone,pass,Published phone: 0 667 556 611 ,http://www.dgshipping.gov.lk/web/images/2026/MSS_Noties/BID_DOCUMENT_SECURITY_SERVICE.pdf,
phone,pass,Published phone: 0000000238 ,http://www.dgshipping.gov.lk/web/images/2026/MSS_Noties/BID_DOCUMENT_SECURITY_SERVICE.pdf,
phone,pass,Published phone: 0000000091 ,http://www.dgshipping.gov.lk/web/images/2026/MSS_Noties/BID_DOCUMENT_SECURITY_SERVICE.pdf,
phone,pass,Published phone: 0000000204 ,http://www.dgshipping.gov.lk/web/images/2026/MSS_Noties/BID_DOCUMENT_SECURITY_SERVICE.pdf,
phone,pass,Published phone: 0000000056 ,http://www.dgshipping.gov.lk/web/images/2026/MSS_Noties/BID_DOCUMENT_SECURITY_SERVICE.pdf,
phone,pass,Published phone: 0000000057 ,http://www.dgshipping.gov.lk/web/images/2026/MSS_Noties/BID_DOCUMENT_SECURITY_SERVICE.pdf,
phone,pass,Published phone: 0000000092 ,http://www.dgshipping.gov.lk/web/images/2026/MSS_Noties/BID_DOCUMENT_SECURITY_SERVICE.pdf,
phone,pass,Published phone: 0000000254 ,http://www.dgshipping.gov.lk/web/images/2026/MSS_Noties/BID_DOCUMENT_SECURITY_SERVICE.pdf,
phone,pass,Published phone: 0000000276 ,http://www.dgshipping.gov.lk/web/images/2026/MSS_Noties/BID_DOCUMENT_SECURITY_SERVICE.pdf,
phone,pass,Published phone: 0000000203 ,http://www.dgshipping.gov.lk/web/images/2026/MSS_Noties/BID_DOCUMENT_SECURITY_SERVICE.pdf,
phone,pass,Published phone: 0000000132 ,http://www.dgshipping.gov.lk/web/images/2026/MSS_Noties/BID_DOCUMENT_SECURITY_SERVICE.pdf,
phone,pass,Published phone: 0000004143 ,http://www.dgshipping.gov.lk/web/images/2026/MSS_Noties/BID_DOCUMENT_SECURITY_SERVICE.pdf,
phone,pass,Published phone: 0000000150 ,http://www.dgshipping.gov.lk/web/images/2026/MSS_Noties/BID_DOCUMENT_SECURITY_SERVICE.pdf,
phone,pass,Published phone: 0 333 250 278 ,http://www.dgshipping.gov.lk/web/images/2026/MSS_Noties/BID_DOCUMENT_SECURITY_SERVICE.pdf,
phone,pass,Published phone: 0000000174 ,http://www.dgshipping.gov.lk/web/images/2026/MSS_Noties/BID_DOCUMENT_SECURITY_SERVICE.pdf,
phone,pass,Published phone: 0000000211 ,http://www.dgshipping.gov.lk/web/images/2026/MSS_Noties/BID_DOCUMENT_SECURITY_SERVICE.pdf,
phone,pass,Published phone: 0 0 0 0 0 0 0 348 ,http://www.dgshipping.gov.lk/web/images/2026/MSS_Noties/BID_DOCUMENT_SECURITY_SERVICE.pdf,
phone,pass,Published phone: 0000000190 ,http://www.dgshipping.gov.lk/web/images/2026/MSS_Noties/BID_DOCUMENT_SECURITY_SERVICE.pdf,
phone,pass,Published phone: 0000084268 ,http://www.dgshipping.gov.lk/web/images/2026/MSS_Noties/BID_DOCUMENT_SECURITY_SERVICE.pdf,
phone,pass,Published phone: 0000000060 ,http://www.dgshipping.gov.lk/web/images/2026/MSS_Noties/BID_DOCUMENT_SECURITY_SERVICE.pdf,
phone,pass,Published phone: 0000000093 ,http://www.dgshipping.gov.lk/web/images/2026/MSS_Noties/BID_DOCUMENT_SECURITY_SERVICE.pdf,
phone,pass,Published phone: 0000000117 ,http://www.dgshipping.gov.lk/web/images/2026/MSS_Noties/BID_DOCUMENT_SECURITY_SERVICE.pdf,
phone,pass,Published phone: 0000000105 ,http://www.dgshipping.gov.lk/web/images/2026/MSS_Noties/BID_DOCUMENT_SECURITY_SERVICE.pdf,
phone,pass,Published phone: 0000000153 ,http://www.dgshipping.gov.lk/web/images/2026/MSS_Noties/BID_DOCUMENT_SECURITY_SERVICE.pdf,
phone,pass,Published phone: 0000004657 ,http://www.dgshipping.gov.lk/web/images/2026/MSS_Noties/BID_DOCUMENT_SECURITY_SERVICE.pdf,
phone,pass,Published phone: 0000000111 ,http://www.dgshipping.gov.lk/web/images/2026/MSS_Noties/BID_DOCUMENT_SECURITY_SERVICE.pdf,
phone,pass,Published phone: 0000000104 ,http://www.dgshipping.gov.lk/web/images/2026/MSS_Noties/BID_DOCUMENT_SECURITY_SERVICE.pdf,
phone,pass,Published phone: 0000000112 ,http://www.dgshipping.gov.lk/web/images/2026/MSS_Noties/BID_DOCUMENT_SECURITY_SERVICE.pdf,
phone,pass,Published phone: 0000000172 ,http://www.dgshipping.gov.lk/web/images/2026/MSS_Noties/BID_DOCUMENT_SECURITY_SERVICE.pdf,
phone,pass,Published phone: 0000000221 ,http://www.dgshipping.gov.lk/web/images/2026/MSS_Noties/BID_DOCUMENT_SECURITY_SERVICE.pdf,
phone,pass,Published phone: 0000000077 ,http://www.dgshipping.gov.lk/web/images/2026/MSS_Noties/BID_DOCUMENT_SECURITY_SERVICE.pdf,
phone,pass,Published phone: 0000000242 ,http://www.dgshipping.gov.lk/web/images/2026/MSS_Noties/BID_DOCUMENT_SECURITY_SERVICE.pdf,
phone,pass,Published phone: 0000000100 ,http://www.dgshipping.gov.lk/web/images/2026/MSS_Noties/BID_DOCUMENT_SECURITY_SERVICE.pdf,
phone,pass,Published phone: 0000002445 ,http://www.dgshipping.gov.lk/web/images/2026/MSS_Noties/BID_DOCUMENT_SECURITY_SERVICE.pdf,
phone,pass,Published phone: 0000000168 ,http://www.dgshipping.gov.lk/web/images/2026/MSS_Noties/BID_DOCUMENT_SECURITY_SERVICE.pdf,
phone,pass,Published phone: 0000000235 ,http://www.dgshipping.gov.lk/web/images/2026/MSS_Noties/BID_DOCUMENT_SECURITY_SERVICE.pdf,
phone,pass,Published phone: 0 500 500 500 ,http://www.dgshipping.gov.lk/web/images/2026/MSS_Noties/BID_DOCUMENT_SECURITY_SERVICE.pdf,
phone,pass,Published phone: 0000000139 ,http://www.dgshipping.gov.lk/web/images/2026/MSS_Noties/BID_DOCUMENT_SECURITY_SERVICE.pdf,
phone,pass,Published phone: 0000000220 ,http://www.dgshipping.gov.lk/web/images/2026/MSS_Noties/BID_DOCUMENT_SECURITY_SERVICE.pdf,
phone,pass,Published phone: 0000000084 ,http://www.dgshipping.gov.lk/web/images/2026/MSS_Noties/BID_DOCUMENT_SECURITY_SERVICE.pdf,
phone,pass,Published phone: 0000000189 ,http://www.dgshipping.gov.lk/web/images/2026/MSS_Noties/BID_DOCUMENT_SECURITY_SERVICE.pdf,
phone,pass,Published phone: 0000000198 ,http://www.dgshipping.gov.lk/web/images/2026/MSS_Noties/BID_DOCUMENT_SECURITY_SERVICE.pdf,
phone,pass,Published phone: 0000000219 ,http://www.dgshipping.gov.lk/web/images/2026/MSS_Noties/BID_DOCUMENT_SECURITY_SERVICE.pdf,
phone,pass,Published phone: 0000107330 ,http://www.dgshipping.gov.lk/web/images/2026/MSS_Noties/BID_DOCUMENT_SECURITY_SERVICE.pdf,
phone,pass,Published phone: 0000000288 ,http://www.dgshipping.gov.lk/web/images/2026/MSS_Noties/BID_DOCUMENT_SECURITY_SERVICE.pdf,
phone,pass,Published phone: 0000003344 ,http://www.dgshipping.gov.lk/web/images/2026/MSS_Noties/BID_DOCUMENT_SECURITY_SERVICE.pdf,
phone,pass,Published phone: 0000003586 ,http://www.dgshipping.gov.lk/web/images/2026/MSS_Noties/BID_DOCUMENT_SECURITY_SERVICE.pdf,
phone,pass,Published phone: 0000000270 ,http://www.dgshipping.gov.lk/web/images/2026/MSS_Noties/BID_DOCUMENT_SECURITY_SERVICE.pdf,
phone,pass,Published phone: 0000000181 ,http://www.dgshipping.gov.lk/web/images/2026/MSS_Noties/BID_DOCUMENT_SECURITY_SERVICE.pdf,
phone,pass,Published phone: 0000000069 ,http://www.dgshipping.gov.lk/web/images/2026/MSS_Noties/BID_DOCUMENT_SECURITY_SERVICE.pdf,
phone,pass,Published phone: 0000065159 ,http://www.dgshipping.gov.lk/web/images/2026/MSS_Noties/BID_DOCUMENT_SECURITY_SERVICE.pdf,
phone,pass,Published phone: 0000000227 ,http://www.dgshipping.gov.lk/web/images/2026/MSS_Noties/BID_DOCUMENT_SECURITY_SERVICE.pdf,
phone,pass,Published phone: 0000000110 ,http://www.dgshipping.gov.lk/web/images/2026/MSS_Noties/BID_DOCUMENT_SECURITY_SERVICE.pdf,
phone,pass,Published phone: 0000000209 ,http://www.dgshipping.gov.lk/web/images/2026/MSS_Noties/BID_DOCUMENT_SECURITY_SERVICE.pdf,
phone,pass,Published phone: 0000000177 ,http://www.dgshipping.gov.lk/web/images/2026/MSS_Noties/BID_DOCUMENT_SECURITY_SERVICE.pdf,
phone,pass,Published phone: 0000000160 ,http://www.dgshipping.gov.lk/web/images/2026/MSS_Noties/BID_DOCUMENT_SECURITY_SERVICE.pdf,
phone,pass,Published phone: 0000267755 ,http://www.dgshipping.gov.lk/web/images/2026/MSS_Noties/BID_DOCUMENT_SECURITY_SERVICE.pdf,
phone,pass,Published phone: 0000000119 ,http://www.dgshipping.gov.lk/web/images/2026/MSS_Noties/BID_DOCUMENT_SECURITY_SERVICE.pdf,
phone,pass,Published phone: 0000000166 ,http://www.dgshipping.gov.lk/web/images/2026/MSS_Noties/BID_DOCUMENT_SECURITY_SERVICE.pdf,
phone,pass,Published phone: 0000000244 ,http://www.dgshipping.gov.lk/web/images/2026/MSS_Noties/BID_DOCUMENT_SECURITY_SERVICE.pdf,
phone,pass,Published phone: 0000000191 ,http://www.dgshipping.gov.lk/web/images/2026/MSS_Noties/BID_DOCUMENT_SECURITY_SERVICE.pdf,
phone,pass,Published phone: 0000176140 ,http://www.dgshipping.gov.lk/web/images/2026/MSS_Noties/BID_DOCUMENT_SECURITY_SERVICE.pdf,
phone,pass,Published phone: 0000000161 ,http://www.dgshipping.gov.lk/web/images/2026/MSS_Noties/BID_DOCUMENT_SECURITY_SERVICE.pdf,
phone,pass,Published phone: 0000000243 ,http://www.dgshipping.gov.lk/web/images/2026/MSS_Noties/BID_DOCUMENT_SECURITY_SERVICE.pdf,
phone,pass,Published phone: 0000000213 ,http://www.dgshipping.gov.lk/web/images/2026/MSS_Noties/BID_DOCUMENT_SECURITY_SERVICE.pdf,
phone,pass,Published phone: 0000000280 ,http://www.dgshipping.gov.lk/web/images/2026/MSS_Noties/BID_DOCUMENT_SECURITY_SERVICE.pdf,
phone,pass,Published phone: 0000065233 ,http://www.dgshipping.gov.lk/web/images/2026/MSS_Noties/BID_DOCUMENT_SECURITY_SERVICE.pdf,
phone,pass,Published phone: 0000000147 ,http://www.dgshipping.gov.lk/web/images/2026/MSS_Noties/BID_DOCUMENT_SECURITY_SERVICE.pdf,
phone,pass,Published phone: 0000000245 ,http://www.dgshipping.gov.lk/web/images/2026/MSS_Noties/BID_DOCUMENT_SECURITY_SERVICE.pdf,
phone,pass,Published phone: 0000000225 ,http://www.dgshipping.gov.lk/web/images/2026/MSS_Noties/BID_DOCUMENT_SECURITY_SERVICE.pdf,
phone,pass,Published phone: 0000149178 ,http://www.dgshipping.gov.lk/web/images/2026/MSS_Noties/BID_DOCUMENT_SECURITY_SERVICE.pdf,
phone,pass,Published phone: 0000000178 ,http://www.dgshipping.gov.lk/web/images/2026/MSS_Noties/BID_DOCUMENT_SECURITY_SERVICE.pdf,
phone,pass,Published phone: 0000000151 ,http://www.dgshipping.gov.lk/web/images/2026/MSS_Noties/BID_DOCUMENT_SECURITY_SERVICE.pdf,
phone,pass,Published phone: 0000000275 ,http://www.dgshipping.gov.lk/web/images/2026/MSS_Noties/BID_DOCUMENT_SECURITY_SERVICE.pdf,
phone,pass,Published phone: 0000000271 ,http://www.dgshipping.gov.lk/web/images/2026/MSS_Noties/BID_DOCUMENT_SECURITY_SERVICE.pdf,
phone,pass,Published phone: 0000000272 ,http://www.dgshipping.gov.lk/web/images/2026/MSS_Noties/BID_DOCUMENT_SECURITY_SERVICE.pdf,
phone,pass,Published phone: 0000000062 ,http://www.dgshipping.gov.lk/web/images/2026/MSS_Noties/BID_DOCUMENT_SECURITY_SERVICE.pdf,
phone,pass,Published phone: 0 0 0 0 333 389 ,http://www.dgshipping.gov.lk/web/images/2026/MSS_Noties/BID_DOCUMENT_SECURITY_SERVICE.pdf,
phone,pass,Published phone: 0000000075 ,http://www.dgshipping.gov.lk/web/images/2026/MSS_Noties/BID_DOCUMENT_SECURITY_SERVICE.pdf,
phone,pass,Published phone: 0000000068 ,http://www.dgshipping.gov.lk/web/images/2026/MSS_Noties/BID_DOCUMENT_SECURITY_SERVICE.pdf,
phone,pass,Published phone: 0000000249 ,http://www.dgshipping.gov.lk/web/images/2026/MSS_Noties/BID_DOCUMENT_SECURITY_SERVICE.pdf,
phone,pass,Published phone: 0000000138 ,http://www.dgshipping.gov.lk/web/images/2026/MSS_Noties/BID_DOCUMENT_SECURITY_SERVICE.pdf,
phone,pass,Published phone: 0000002669 ,http://www.dgshipping.gov.lk/web/images/2026/MSS_Noties/BID_DOCUMENT_SECURITY_SERVICE.pdf,
phone,pass,Published phone: 0000000618 ,http://www.dgshipping.gov.lk/web/images/2026/MSS_Noties/BID_DOCUMENT_SECURITY_SERVICE.pdf,
phone,pass,Published phone: 0000000201 ,http://www.dgshipping.gov.lk/web/images/2026/MSS_Noties/BID_DOCUMENT_SECURITY_SERVICE.pdf,
phone,pass,Published phone: 0000004173 ,http://www.dgshipping.gov.lk/web/images/2026/MSS_Noties/BID_DOCUMENT_SECURITY_SERVICE.pdf,
phone,pass,Published phone: 0000048946 ,http://www.dgshipping.gov.lk/web/images/2026/MSS_Noties/BID_DOCUMENT_SECURITY_SERVICE.pdf,
phone,pass,Published phone: 0000000169 ,http://www.dgshipping.gov.lk/web/images/2026/MSS_Noties/BID_DOCUMENT_SECURITY_SERVICE.pdf,
phone,pass,Published phone: 0000000137 ,http://www.dgshipping.gov.lk/web/images/2026/MSS_Noties/BID_DOCUMENT_SECURITY_SERVICE.pdf,
phone,pass,Published phone: 0000203335 ,http://www.dgshipping.gov.lk/web/images/2026/MSS_Noties/BID_DOCUMENT_SECURITY_SERVICE.pdf,
phone,pass,Published phone: 0000000273 ,http://www.dgshipping.gov.lk/web/images/2026/MSS_Noties/BID_DOCUMENT_SECURITY_SERVICE.pdf,
phone,pass,Published phone: 0000000228 ,http://www.dgshipping.gov.lk/web/images/2026/MSS_Noties/BID_DOCUMENT_SECURITY_SERVICE.pdf,
phone,pass,Published phone: 0000073791 ,http://www.dgshipping.gov.lk/web/images/2026/MSS_Noties/BID_DOCUMENT_SECURITY_SERVICE.pdf,
phone,pass,Published phone: 0000266718 ,http://www.dgshipping.gov.lk/web/images/2026/MSS_Noties/BID_DOCUMENT_SECURITY_SERVICE.pdf,
phone,pass,Published phone: 0000000260 ,http://www.dgshipping.gov.lk/web/images/2026/MSS_Noties/BID_DOCUMENT_SECURITY_SERVICE.pdf,
phone,pass,Published phone: 0000065478 ,http://www.dgshipping.gov.lk/web/images/2026/MSS_Noties/BID_DOCUMENT_SECURITY_SERVICE.pdf,
phone,pass,Published phone: 08 656 0 302 3,http://www.dgshipping.gov.lk/web/images/2026/MSS_Noties/BID_DOCUMENT_SECURITY_SERVICE.pdf,
phone,pass,Published phone: 0000000108 ,http://www.dgshipping.gov.lk/web/images/2026/MSS_Noties/BID_DOCUMENT_SECURITY_SERVICE.pdf,
phone,pass,Published phone: 0000100053 ,http://www.dgshipping.gov.lk/web/images/2026/MSS_Noties/BID_DOCUMENT_SECURITY_SERVICE.pdf,
phone,pass,Published phone: 0000203707 ,http://www.dgshipping.gov.lk/web/images/2026/MSS_Noties/BID_DOCUMENT_SECURITY_SERVICE.pdf,
phone,pass,Published phone: 0000175794 ,http://www.dgshipping.gov.lk/web/images/2026/MSS_Noties/BID_DOCUMENT_SECURITY_SERVICE.pdf,
phone,pass,Published phone: 0000000239 ,http://www.dgshipping.gov.lk/web/images/2026/MSS_Noties/BID_DOCUMENT_SECURITY_SERVICE.pdf,
phone,pass,Published phone: 0 0 0 0 0 0 722 0 ,http://www.dgshipping.gov.lk/web/images/2026/MSS_Noties/BID_DOCUMENT_SECURITY_SERVICE.pdf,
phone,pass,Published phone: 0000065783 ,http://www.dgshipping.gov.lk/web/images/2026/MSS_Noties/BID_DOCUMENT_SECURITY_SERVICE.pdf,
phone,pass,Published phone: 0000000054 ,http://www.dgshipping.gov.lk/web/images/2026/MSS_Noties/BID_DOCUMENT_SECURITY_SERVICE.pdf,
phone,pass,Published phone: 0000000063 ,http://www.dgshipping.gov.lk/web/images/2026/MSS_Noties/BID_DOCUMENT_SECURITY_SERVICE.pdf,
phone,pass,Published phone: 0000000162 ,http://www.dgshipping.gov.lk/web/images/2026/MSS_Noties/BID_DOCUMENT_SECURITY_SERVICE.pdf,
phone,pass,Published phone: 0000000186 ,http://www.dgshipping.gov.lk/web/images/2026/MSS_Noties/BID_DOCUMENT_SECURITY_SERVICE.pdf,
phone,pass,Published phone: 0000000085 ,http://www.dgshipping.gov.lk/web/images/2026/MSS_Noties/BID_DOCUMENT_SECURITY_SERVICE.pdf,
phone,pass,Published phone: 0000000087 ,http://www.dgshipping.gov.lk/web/images/2026/MSS_Noties/BID_DOCUMENT_SECURITY_SERVICE.pdf,
phone,pass,Published phone: 0000000210 ,http://www.dgshipping.gov.lk/web/images/2026/MSS_Noties/BID_DOCUMENT_SECURITY_SERVICE.pdf,
phone,pass,Published phone: 0000000067 ,http://www.dgshipping.gov.lk/web/images/2026/MSS_Noties/BID_DOCUMENT_SECURITY_SERVICE.pdf,
phone,pass,Published phone: 0000000097 ,http://www.dgshipping.gov.lk/web/images/2026/MSS_Noties/BID_DOCUMENT_SECURITY_SERVICE.pdf,
phone,pass,Published phone: 0000000193 ,http://www.dgshipping.gov.lk/web/images/2026/MSS_Noties/BID_DOCUMENT_SECURITY_SERVICE.pdf,
phone,pass,Published phone: 0000000141 ,http://www.dgshipping.gov.lk/web/images/2026/MSS_Noties/BID_DOCUMENT_SECURITY_SERVICE.pdf,
phone,pass,Published phone: 0000107085 ,http://www.dgshipping.gov.lk/web/images/2026/MSS_Noties/BID_DOCUMENT_SECURITY_SERVICE.pdf,
phone,pass,Published phone: 0000004412 ,http://www.dgshipping.gov.lk/web/images/2026/MSS_Noties/BID_DOCUMENT_SECURITY_SERVICE.pdf,
phone,pass,Published phone: 0000000232 ,http://www.dgshipping.gov.lk/web/images/2026/MSS_Noties/BID_DOCUMENT_SECURITY_SERVICE.pdf,
phone,pass,Published phone: 0000000124 ,http://www.dgshipping.gov.lk/web/images/2026/MSS_Noties/BID_DOCUMENT_SECURITY_SERVICE.pdf,
phone,pass,Published phone: 0000000167 ,http://www.dgshipping.gov.lk/web/images/2026/MSS_Noties/BID_DOCUMENT_SECURITY_SERVICE.pdf,
phone,pass,Published phone: 0000281981 ,http://www.dgshipping.gov.lk/web/images/2026/MSS_Noties/BID_DOCUMENT_SECURITY_SERVICE.pdf,
phone,pass,Published phone: 0000000251 ,http://www.dgshipping.gov.lk/web/images/2026/MSS_Noties/BID_DOCUMENT_SECURITY_SERVICE.pdf,
phone,pass,Published phone: 0000000145 ,http://www.dgshipping.gov.lk/web/images/2026/MSS_Noties/BID_DOCUMENT_SECURITY_SERVICE.pdf,
phone,pass,Published phone: 0000000128 ,http://www.dgshipping.gov.lk/web/images/2026/MSS_Noties/BID_DOCUMENT_SECURITY_SERVICE.pdf,
phone,pass,Published phone: 0000000202 ,http://www.dgshipping.gov.lk/web/images/2026/MSS_Noties/BID_DOCUMENT_SECURITY_SERVICE.pdf,
phone,pass,Published phone: 0 500 278 0 50,http://www.dgshipping.gov.lk/web/images/2026/MSS_Noties/BID_DOCUMENT_SECURITY_SERVICE.pdf,
phone,pass,Published phone: 0000000267 ,http://www.dgshipping.gov.lk/web/images/2026/MSS_Noties/BID_DOCUMENT_SECURITY_SERVICE.pdf,
phone,pass,Published phone: 0000000143 ,http://www.dgshipping.gov.lk/web/images/2026/MSS_Noties/BID_DOCUMENT_SECURITY_SERVICE.pdf,
phone,pass,Published phone: 0000003761 ,http://www.dgshipping.gov.lk/web/images/2026/MSS_Noties/BID_DOCUMENT_SECURITY_SERVICE.pdf,
phone,pass,Published phone: 0000106911 ,http://www.dgshipping.gov.lk/web/images/2026/MSS_Noties/BID_DOCUMENT_SECURITY_SERVICE.pdf,
phone,pass,Published phone: 0000267811 ,http://www.dgshipping.gov.lk/web/images/2026/MSS_Noties/BID_DOCUMENT_SECURITY_SERVICE.pdf,
phone,pass,Published phone: 0000000152 ,http://www.dgshipping.gov.lk/web/images/2026/MSS_Noties/BID_DOCUMENT_SECURITY_SERVICE.pdf,
phone,pass,Published phone: 0000000224 ,http://www.dgshipping.gov.lk/web/images/2026/MSS_Noties/BID_DOCUMENT_SECURITY_SERVICE.pdf,
phone,pass,Published phone: 0000000098 ,http://www.dgshipping.gov.lk/web/images/2026/MSS_Noties/BID_DOCUMENT_SECURITY_SERVICE.pdf,
phone,pass,Published phone: 0000000073 ,http://www.dgshipping.gov.lk/web/images/2026/MSS_Noties/BID_DOCUMENT_SECURITY_SERVICE.pdf,
phone,pass,Published phone: 0000000157 ,http://www.dgshipping.gov.lk/web/images/2026/MSS_Noties/BID_DOCUMENT_SECURITY_SERVICE.pdf,
phone,pass,Published phone: 0000000253 ,http://www.dgshipping.gov.lk/web/images/2026/MSS_Noties/BID_DOCUMENT_SECURITY_SERVICE.pdf,
phone,pass,Published phone: 0000099631 ,http://www.dgshipping.gov.lk/web/images/2026/MSS_Noties/BID_DOCUMENT_SECURITY_SERVICE.pdf,
phone,pass,Published phone: 0000000095 ,http://www.dgshipping.gov.lk/web/images/2026/MSS_Noties/BID_DOCUMENT_SECURITY_SERVICE.pdf,
phone,pass,Published phone: 0000267783 ,http://www.dgshipping.gov.lk/web/images/2026/MSS_Noties/BID_DOCUMENT_SECURITY_SERVICE.pdf,
phone,pass,Published phone: 0000000216 ,http://www.dgshipping.gov.lk/web/images/2026/MSS_Noties/BID_DOCUMENT_SECURITY_SERVICE.pdf,
phone,pass,Published phone: 0000000231 ,http://www.dgshipping.gov.lk/web/images/2026/MSS_Noties/BID_DOCUMENT_SECURITY_SERVICE.pdf,
phone,pass,Published phone: 0000000263 ,http://www.dgshipping.gov.lk/web/images/2026/MSS_Noties/BID_DOCUMENT_SECURITY_SERVICE.pdf,
phone,pass,Published phone: 0000000184 ,http://www.dgshipping.gov.lk/web/images/2026/MSS_Noties/BID_DOCUMENT_SECURITY_SERVICE.pdf,
phone,pass,Published phone: 0000000122 ,http://www.dgshipping.gov.lk/web/images/2026/MSS_Noties/BID_DOCUMENT_SECURITY_SERVICE.pdf,
phone,pass,Published phone: 0000000059 ,http://www.dgshipping.gov.lk/web/images/2026/MSS_Noties/BID_DOCUMENT_SECURITY_SERVICE.pdf,
phone,pass,Published phone: 0000099806 ,http://www.dgshipping.gov.lk/web/images/2026/MSS_Noties/BID_DOCUMENT_SECURITY_SERVICE.pdf,
phone,pass,Published phone: 0000000164 ,http://www.dgshipping.gov.lk/web/images/2026/MSS_Noties/BID_DOCUMENT_SECURITY_SERVICE.pdf,
phone,pass,Published phone: 0000000078 ,http://www.dgshipping.gov.lk/web/images/2026/MSS_Noties/BID_DOCUMENT_SECURITY_SERVICE.pdf,
phone,pass,Published phone: 0000000240 ,http://www.dgshipping.gov.lk/web/images/2026/MSS_Noties/BID_DOCUMENT_SECURITY_SERVICE.pdf,
phone,pass,Published phone: 0000000236 ,http://www.dgshipping.gov.lk/web/images/2026/MSS_Noties/BID_DOCUMENT_SECURITY_SERVICE.pdf,
phone,pass,Published phone: 0 611 889 722 ,http://www.dgshipping.gov.lk/web/images/2026/MSS_Noties/BID_DOCUMENT_SECURITY_SERVICE.pdf,
phone,pass,Published phone: 0000000149 ,http://www.dgshipping.gov.lk/web/images/2026/MSS_Noties/BID_DOCUMENT_SECURITY_SERVICE.pdf,
phone,pass,Published phone: 0000002132 ,http://www.dgshipping.gov.lk/web/images/2026/MSS_Noties/BID_DOCUMENT_SECURITY_SERVICE.pdf,
phone,pass,Published phone: 0000003174 ,http://www.dgshipping.gov.lk/web/images/2026/MSS_Noties/BID_DOCUMENT_SECURITY_SERVICE.pdf,
phone,pass,Published phone: 0000000266 ,http://www.dgshipping.gov.lk/web/images/2026/MSS_Noties/BID_DOCUMENT_SECURITY_SERVICE.pdf,
phone,pass,Published phone: 0000000207 ,http://www.dgshipping.gov.lk/web/images/2026/MSS_Noties/BID_DOCUMENT_SECURITY_SERVICE.pdf,
phone,pass,Published phone: 0000000089 ,http://www.dgshipping.gov.lk/web/images/2026/MSS_Noties/BID_DOCUMENT_SECURITY_SERVICE.pdf,
phone,pass,Published phone: 0000000233 ,http://www.dgshipping.gov.lk/web/images/2026/MSS_Noties/BID_DOCUMENT_SECURITY_SERVICE.pdf,
phone,pass,Published phone: 0000115343 ,http://www.dgshipping.gov.lk/web/images/2026/MSS_Noties/BID_DOCUMENT_SECURITY_SERVICE.pdf,
phone,pass,Published phone: 0000000200 ,http://www.dgshipping.gov.lk/web/images/2026/MSS_Noties/BID_DOCUMENT_SECURITY_SERVICE.pdf,
phone,pass,Published phone: 0000000125 ,http://www.dgshipping.gov.lk/web/images/2026/MSS_Noties/BID_DOCUMENT_SECURITY_SERVICE.pdf,
phone,pass,Published phone: 0000000118 ,http://www.dgshipping.gov.lk/web/images/2026/MSS_Noties/BID_DOCUMENT_SECURITY_SERVICE.pdf,
phone,pass,Published phone: 0000000123 ,http://www.dgshipping.gov.lk/web/images/2026/MSS_Noties/BID_DOCUMENT_SECURITY_SERVICE.pdf,
phone,pass,Published phone: 0000285126 ,http://www.dgshipping.gov.lk/web/images/2026/MSS_Noties/BID_DOCUMENT_SECURITY_SERVICE.pdf,
phone,pass,Published phone: 0000000175 ,http://www.dgshipping.gov.lk/web/images/2026/MSS_Noties/BID_DOCUMENT_SECURITY_SERVICE.pdf,
phone,pass,Published phone: 0000000163 ,http://www.dgshipping.gov.lk/web/images/2026/MSS_Noties/BID_DOCUMENT_SECURITY_SERVICE.pdf,
phone,pass,Published phone: 05 656 656 65,http://www.dgshipping.gov.lk/web/images/2026/MSS_Noties/BID_DOCUMENT_SECURITY_SERVICE.pdf,
phone,pass,Published phone: 0000000102 ,http://www.dgshipping.gov.lk/web/images/2026/MSS_Noties/BID_DOCUMENT_SECURITY_SERVICE.pdf,
phone,pass,Published phone: 0000000278 ,http://www.dgshipping.gov.lk/web/images/2026/MSS_Noties/BID_DOCUMENT_SECURITY_SERVICE.pdf,
phone,pass,Published phone: 0000000258 ,http://www.dgshipping.gov.lk/web/images/2026/MSS_Noties/BID_DOCUMENT_SECURITY_SERVICE.pdf,
phone,pass,Published phone: 0000000223 ,http://www.dgshipping.gov.lk/web/images/2026/MSS_Noties/BID_DOCUMENT_SECURITY_SERVICE.pdf,
phone,pass,Published phone: 0 500 500 0 33,http://www.dgshipping.gov.lk/web/images/2026/MSS_Noties/BID_DOCUMENT_SECURITY_SERVICE.pdf,
phone,pass,Published phone: 0000000179 ,http://www.dgshipping.gov.lk/web/images/2026/MSS_Noties/BID_DOCUMENT_SECURITY_SERVICE.pdf,
phone,pass,Published phone: 0000000064 ,http://www.dgshipping.gov.lk/web/images/2026/MSS_Noties/BID_DOCUMENT_SECURITY_SERVICE.pdf,
phone,pass,Published phone: 0000000197 ,http://www.dgshipping.gov.lk/web/images/2026/MSS_Noties/BID_DOCUMENT_SECURITY_SERVICE.pdf,
phone,pass,Published phone: 0000000196 ,http://www.dgshipping.gov.lk/web/images/2026/MSS_Noties/BID_DOCUMENT_SECURITY_SERVICE.pdf,
phone,pass,Published phone: 0000000265 ,http://www.dgshipping.gov.lk/web/images/2026/MSS_Noties/BID_DOCUMENT_SECURITY_SERVICE.pdf,
phone,pass,Published phone: 0000000187 ,http://www.dgshipping.gov.lk/web/images/2026/MSS_Noties/BID_DOCUMENT_SECURITY_SERVICE.pdf,
phone,pass,Published phone: 0000000142 ,http://www.dgshipping.gov.lk/web/images/2026/MSS_Noties/BID_DOCUMENT_SECURITY_SERVICE.pdf,
phone,pass,Published phone: 0000000074 ,http://www.dgshipping.gov.lk/web/images/2026/MSS_Noties/BID_DOCUMENT_SECURITY_SERVICE.pdf,
phone,pass,Published phone: 0000087255 ,http://www.dgshipping.gov.lk/web/images/2026/MSS_Noties/BID_DOCUMENT_SECURITY_SERVICE.pdf,
phone,pass,Published phone: 0000000131 ,http://www.dgshipping.gov.lk/web/images/2026/MSS_Noties/BID_DOCUMENT_SECURITY_SERVICE.pdf,
phone,pass,Published phone: 0000000246 ,http://www.dgshipping.gov.lk/web/images/2026/MSS_Noties/BID_DOCUMENT_SECURITY_SERVICE.pdf,
phone,pass,Published phone: 0000084565 ,http://www.dgshipping.gov.lk/web/images/2026/MSS_Noties/BID_DOCUMENT_SECURITY_SERVICE.pdf,
phone,pass,Published phone: 0000149812 ,http://www.dgshipping.gov.lk/web/images/2026/MSS_Noties/BID_DOCUMENT_SECURITY_SERVICE.pdf,
phone,pass,Published phone: 0 0 0 0 333 0 33,http://www.dgshipping.gov.lk/web/images/2026/MSS_Noties/BID_DOCUMENT_SECURITY_SERVICE.pdf,
phone,pass,Published phone: 0000000170 ,http://www.dgshipping.gov.lk/web/images/2026/MSS_Noties/BID_DOCUMENT_SECURITY_SERVICE.pdf,
phone,pass,Published phone: 0000000156 ,http://www.dgshipping.gov.lk/web/images/2026/MSS_Noties/BID_DOCUMENT_SECURITY_SERVICE.pdf,
phone,pass,Published phone: 0000000121 ,http://www.dgshipping.gov.lk/web/images/2026/MSS_Noties/BID_DOCUMENT_SECURITY_SERVICE.pdf,
phone,pass,Published phone: 0000121418 ,http://www.dgshipping.gov.lk/web/images/2026/MSS_Noties/BID_DOCUMENT_SECURITY_SERVICE.pdf,
phone,pass,Published phone: 0000000096 ,http://www.dgshipping.gov.lk/web/images/2026/MSS_Noties/BID_DOCUMENT_SECURITY_SERVICE.pdf,
phone,pass,Published phone: 0000000192 ,http://www.dgshipping.gov.lk/web/images/2026/MSS_Noties/BID_DOCUMENT_SECURITY_SERVICE.pdf,
phone,pass,Published phone: 0000000226 ,http://www.dgshipping.gov.lk/web/images/2026/MSS_Noties/BID_DOCUMENT_SECURITY_SERVICE.pdf,
phone,pass,Published phone: 0000000148 ,http://www.dgshipping.gov.lk/web/images/2026/MSS_Noties/BID_DOCUMENT_SECURITY_SERVICE.pdf,
phone,pass,Published phone: 0000000256 ,http://www.dgshipping.gov.lk/web/images/2026/MSS_Noties/BID_DOCUMENT_SECURITY_SERVICE.pdf,
phone,pass,Published phone: 0000000252 ,http://www.dgshipping.gov.lk/web/images/2026/MSS_Noties/BID_DOCUMENT_SECURITY_SERVICE.pdf,
phone,pass,Published phone: 00 500 500 27,http://www.dgshipping.gov.lk/web/images/2026/MSS_Noties/BID_DOCUMENT_SECURITY_SERVICE.pdf,
phone,pass,Published phone: 0000000053 ,http://www.dgshipping.gov.lk/web/images/2026/MSS_Noties/BID_DOCUMENT_SECURITY_SERVICE.pdf,
phone,pass,Published phone: 0000000146 ,http://www.dgshipping.gov.lk/web/images/2026/MSS_Noties/BID_DOCUMENT_SECURITY_SERVICE.pdf,
phone,pass,Published phone: 0000055622 ,http://www.dgshipping.gov.lk/web/images/2026/MSS_Noties/BID_DOCUMENT_SECURITY_SERVICE.pdf,
phone,pass,Published phone: 0000000082 ,http://www.dgshipping.gov.lk/web/images/2026/MSS_Noties/BID_DOCUMENT_SECURITY_SERVICE.pdf,
phone,pass,Published phone: 0000000114 ,http://www.dgshipping.gov.lk/web/images/2026/MSS_Noties/BID_DOCUMENT_SECURITY_SERVICE.pdf,
phone,pass,Published phone: 0000000103 ,http://www.dgshipping.gov.lk/web/images/2026/MSS_Noties/BID_DOCUMENT_SECURITY_SERVICE.pdf,
phone,pass,Published phone: 0000000120 ,http://www.dgshipping.gov.lk/web/images/2026/MSS_Noties/BID_DOCUMENT_SECURITY_SERVICE.pdf,
phone,pass,Published phone: 0000000268 ,http://www.dgshipping.gov.lk/web/images/2026/MSS_Noties/BID_DOCUMENT_SECURITY_SERVICE.pdf,
phone,pass,Published phone: 0000000274 ,http://www.dgshipping.gov.lk/web/images/2026/MSS_Noties/BID_DOCUMENT_SECURITY_SERVICE.pdf,
phone,pass,Published phone: 0000000248 ,http://www.dgshipping.gov.lk/web/images/2026/MSS_Noties/BID_DOCUMENT_SECURITY_SERVICE.pdf,
phone,pass,Published phone: 0000004006 ,http://www.dgshipping.gov.lk/web/images/2026/MSS_Noties/BID_DOCUMENT_SECURITY_SERVICE.pdf,
phone,pass,Published phone: 0000000159 ,http://www.dgshipping.gov.lk/web/images/2026/MSS_Noties/BID_DOCUMENT_SECURITY_SERVICE.pdf,
phone,pass,Published phone: 0000000215 ,http://www.dgshipping.gov.lk/web/images/2026/MSS_Noties/BID_DOCUMENT_SECURITY_SERVICE.pdf,
phone,pass,Published phone: 0000000070 ,http://www.dgshipping.gov.lk/web/images/2026/MSS_Noties/BID_DOCUMENT_SECURITY_SERVICE.pdf,
phone,pass,Published phone: 0000000086 ,http://www.dgshipping.gov.lk/web/images/2026/MSS_Noties/BID_DOCUMENT_SECURITY_SERVICE.pdf,
phone,pass,Published phone: 0000204013 ,http://www.dgshipping.gov.lk/web/images/2026/MSS_Noties/BID_DOCUMENT_SECURITY_SERVICE.pdf,
phone,pass,Published phone: 0 302 000000,http://www.dgshipping.gov.lk/web/images/2026/MSS_Noties/BID_DOCUMENT_SECURITY_SERVICE.pdf,
phone,pass,Published phone: 0000093287 ,http://www.dgshipping.gov.lk/web/images/2026/MSS_Noties/BID_DOCUMENT_SECURITY_SERVICE.pdf,
phone,pass,Published phone: 0000004338 ,http://www.dgshipping.gov.lk/web/images/2026/MSS_Noties/BID_DOCUMENT_SECURITY_SERVICE.pdf,
phone,pass,Published phone: 0000000158 ,http://www.dgshipping.gov.lk/web/images/2026/MSS_Noties/BID_DOCUMENT_SECURITY_SERVICE.pdf,
phone,pass,Published phone: 0000000185 ,http://www.dgshipping.gov.lk/web/images/2026/MSS_Noties/BID_DOCUMENT_SECURITY_SERVICE.pdf,
phone,pass,Published phone: 0000000237 ,http://www.dgshipping.gov.lk/web/images/2026/MSS_Noties/BID_DOCUMENT_SECURITY_SERVICE.pdf,
phone,pass,Published phone: 0000000752 ,http://www.dgshipping.gov.lk/web/images/2026/MSS_Noties/Bid_cleaning_service_PDF.pdf,
phone,pass,Published phone: 0000001040 ,http://www.dgshipping.gov.lk/web/images/2026/MSS_Noties/Bid_cleaning_service_PDF.pdf,
phone,pass,Published phone: 0000001273 ,http://www.dgshipping.gov.lk/web/images/2026/MSS_Noties/Bid_cleaning_service_PDF.pdf,
phone,pass,Published phone: 0000000398 ,http://www.dgshipping.gov.lk/web/images/2026/MSS_Noties/Bid_cleaning_service_PDF.pdf,
phone,pass,Published phone: 0000000491 ,http://www.dgshipping.gov.lk/web/images/2026/MSS_Noties/Bid_cleaning_service_PDF.pdf,
phone,pass,Published phone: 0000001085 ,http://www.dgshipping.gov.lk/web/images/2026/MSS_Noties/Bid_cleaning_service_PDF.pdf,
phone,pass,Published phone: 0000001071 ,http://www.dgshipping.gov.lk/web/images/2026/MSS_Noties/Bid_cleaning_service_PDF.pdf,
phone,pass,Published phone: 0000000950 ,http://www.dgshipping.gov.lk/web/images/2026/MSS_Noties/Bid_cleaning_service_PDF.pdf,
phone,pass,Published phone: 0000001207 ,http://www.dgshipping.gov.lk/web/images/2026/MSS_Noties/Bid_cleaning_service_PDF.pdf,
phone,pass,Published phone: 0000001033 ,http://www.dgshipping.gov.lk/web/images/2026/MSS_Noties/Bid_cleaning_service_PDF.pdf,
phone,pass,Published phone: 0000000492 ,http://www.dgshipping.gov.lk/web/images/2026/MSS_Noties/Bid_cleaning_service_PDF.pdf,
phone,pass,Published phone: 0000001102 ,http://www.dgshipping.gov.lk/web/images/2026/MSS_Noties/Bid_cleaning_service_PDF.pdf,
phone,pass,Published phone: 0000000380 ,http://www.dgshipping.gov.lk/web/images/2026/MSS_Noties/Bid_cleaning_service_PDF.pdf,
phone,pass,Published phone: 0000000903 ,http://www.dgshipping.gov.lk/web/images/2026/MSS_Noties/Bid_cleaning_service_PDF.pdf,
phone,pass,Published phone: 0000000295 ,http://www.dgshipping.gov.lk/web/images/2026/MSS_Noties/Bid_cleaning_service_PDF.pdf,
phone,pass,Published phone: 0000000109 ,http://www.dgshipping.gov.lk/web/images/2026/MSS_Noties/Bid_cleaning_service_PDF.pdf,
phone,pass,Published phone: 0000000791 ,http://www.dgshipping.gov.lk/web/images/2026/MSS_Noties/Bid_cleaning_service_PDF.pdf,
phone,pass,Published phone: 0000000230 ,http://www.dgshipping.gov.lk/web/images/2026/MSS_Noties/Bid_cleaning_service_PDF.pdf,
phone,pass,Published phone: 0000000483 ,http://www.dgshipping.gov.lk/web/images/2026/MSS_Noties/Bid_cleaning_service_PDF.pdf,
phone,pass,Published phone: 0000000840 ,http://www.dgshipping.gov.lk/web/images/2026/MSS_Noties/Bid_cleaning_service_PDF.pdf,
phone,pass,Published phone: 0000000619 ,http://www.dgshipping.gov.lk/web/images/2026/MSS_Noties/Bid_cleaning_service_PDF.pdf,
phone,pass,Published phone: 0000001013 ,http://www.dgshipping.gov.lk/web/images/2026/MSS_Noties/Bid_cleaning_service_PDF.pdf,
phone,pass,Published phone: 04 604 604 60,http://www.dgshipping.gov.lk/web/images/2026/MSS_Noties/Bid_cleaning_service_PDF.pdf,
phone,pass,Published phone: 0000001293 ,http://www.dgshipping.gov.lk/web/images/2026/MSS_Noties/Bid_cleaning_service_PDF.pdf,
phone,pass,Published phone: 0000000778 ,http://www.dgshipping.gov.lk/web/images/2026/MSS_Noties/Bid_cleaning_service_PDF.pdf,
phone,pass,Published phone: 0000000214 ,http://www.dgshipping.gov.lk/web/images/2026/MSS_Noties/Bid_cleaning_service_PDF.pdf,
phone,pass,Published phone: 0000001000 ,http://www.dgshipping.gov.lk/web/images/2026/MSS_Noties/Bid_cleaning_service_PDF.pdf,
phone,pass,Published phone: 0000410364 ,http://www.dgshipping.gov.lk/web/images/2026/MSS_Noties/Bid_cleaning_service_PDF.pdf,
phone,pass,Published phone: 0000001248 ,http://www.dgshipping.gov.lk/web/images/2026/MSS_Noties/Bid_cleaning_service_PDF.pdf,
phone,pass,Published phone: 0000001253 ,http://www.dgshipping.gov.lk/web/images/2026/MSS_Noties/Bid_cleaning_service_PDF.pdf,
phone,pass,Published phone: 0000000478 ,http://www.dgshipping.gov.lk/web/images/2026/MSS_Noties/Bid_cleaning_service_PDF.pdf,
phone,pass,Published phone: 0000000828 ,http://www.dgshipping.gov.lk/web/images/2026/MSS_Noties/Bid_cleaning_service_PDF.pdf,
phone,pass,Published phone: 0000001298 ,http://www.dgshipping.gov.lk/web/images/2026/MSS_Noties/Bid_cleaning_service_PDF.pdf,
phone,pass,Published phone: 0000001184 ,http://www.dgshipping.gov.lk/web/images/2026/MSS_Noties/Bid_cleaning_service_PDF.pdf,
phone,pass,Published phone: 0000000833 ,http://www.dgshipping.gov.lk/web/images/2026/MSS_Noties/Bid_cleaning_service_PDF.pdf,
phone,pass,Published phone: 0000001260 ,http://www.dgshipping.gov.lk/web/images/2026/MSS_Noties/Bid_cleaning_service_PDF.pdf,
phone,pass,Published phone: 0000001045 ,http://www.dgshipping.gov.lk/web/images/2026/MSS_Noties/Bid_cleaning_service_PDF.pdf,
phone,pass,Published phone: 0000000115 ,http://www.dgshipping.gov.lk/web/images/2026/MSS_Noties/Bid_cleaning_service_PDF.pdf,
phone,pass,Published phone: 0000001282 ,http://www.dgshipping.gov.lk/web/images/2026/MSS_Noties/Bid_cleaning_service_PDF.pdf,
phone,pass,Published phone: 0000000234 ,http://www.dgshipping.gov.lk/web/images/2026/MSS_Noties/Bid_cleaning_service_PDF.pdf,
phone,pass,Published phone: 0000001173 ,http://www.dgshipping.gov.lk/web/images/2026/MSS_Noties/Bid_cleaning_service_PDF.pdf,
phone,pass,Published phone: 0000000461 ,http://www.dgshipping.gov.lk/web/images/2026/MSS_Noties/Bid_cleaning_service_PDF.pdf,
phone,pass,Published phone: 0000361186 ,http://www.dgshipping.gov.lk/web/images/2026/MSS_Noties/Bid_cleaning_service_PDF.pdf,
phone,pass,Published phone: 0000000393 ,http://www.dgshipping.gov.lk/web/images/2026/MSS_Noties/Bid_cleaning_service_PDF.pdf,
phone,pass,Published phone: 0000000636 ,http://www.dgshipping.gov.lk/web/images/2026/MSS_Noties/Bid_cleaning_service_PDF.pdf,
phone,pass,Published phone: 0000001230 ,http://www.dgshipping.gov.lk/web/images/2026/MSS_Noties/Bid_cleaning_service_PDF.pdf,
phone,pass,Published phone: 0000000532 ,http://www.dgshipping.gov.lk/web/images/2026/MSS_Noties/Bid_cleaning_service_PDF.pdf,
phone,pass,Published phone: 0000000549 ,http://www.dgshipping.gov.lk/web/images/2026/MSS_Noties/Bid_cleaning_service_PDF.pdf,
phone,pass,Published phone: 0000000889 ,http://www.dgshipping.gov.lk/web/images/2026/MSS_Noties/Bid_cleaning_service_PDF.pdf,
phone,pass,Published phone: 0000000208 ,http://www.dgshipping.gov.lk/web/images/2026/MSS_Noties/Bid_cleaning_service_PDF.pdf,
phone,pass,Published phone: 0000000544 ,http://www.dgshipping.gov.lk/web/images/2026/MSS_Noties/Bid_cleaning_service_PDF.pdf,
phone,pass,Published phone: 0000001221 ,http://www.dgshipping.gov.lk/web/images/2026/MSS_Noties/Bid_cleaning_service_PDF.pdf,
phone,pass,Published phone: 0000000364 ,http://www.dgshipping.gov.lk/web/images/2026/MSS_Noties/Bid_cleaning_service_PDF.pdf,
phone,pass,Published phone: 0000001191 ,http://www.dgshipping.gov.lk/web/images/2026/MSS_Noties/Bid_cleaning_service_PDF.pdf,
phone,pass,Published phone: 0000000247 ,http://www.dgshipping.gov.lk/web/images/2026/MSS_Noties/Bid_cleaning_service_PDF.pdf,
phone,pass,Published phone: 0000000712 ,http://www.dgshipping.gov.lk/web/images/2026/MSS_Noties/Bid_cleaning_service_PDF.pdf,
phone,pass,Published phone: 0000000614 ,http://www.dgshipping.gov.lk/web/images/2026/MSS_Noties/Bid_cleaning_service_PDF.pdf,
phone,pass,Published phone: 0000000742 ,http://www.dgshipping.gov.lk/web/images/2026/MSS_Noties/Bid_cleaning_service_PDF.pdf,
phone,pass,Published phone: 0000093516 ,http://www.dgshipping.gov.lk/web/images/2026/MSS_Noties/Bid_cleaning_service_PDF.pdf,
phone,pass,Published phone: 0000000910 ,http://www.dgshipping.gov.lk/web/images/2026/MSS_Noties/Bid_cleaning_service_PDF.pdf,
phone,pass,Published phone: 0000000855 ,http://www.dgshipping.gov.lk/web/images/2026/MSS_Noties/Bid_cleaning_service_PDF.pdf,
phone,pass,Published phone: 0000322618 ,http://www.dgshipping.gov.lk/web/images/2026/MSS_Noties/Bid_cleaning_service_PDF.pdf,
phone,pass,Published phone: 0000000895 ,http://www.dgshipping.gov.lk/web/images/2026/MSS_Noties/Bid_cleaning_service_PDF.pdf,
phone,pass,Published phone: 0000000763 ,http://www.dgshipping.gov.lk/web/images/2026/MSS_Noties/Bid_cleaning_service_PDF.pdf,
phone,pass,Published phone: 0000133338 ,http://www.dgshipping.gov.lk/web/images/2026/MSS_Noties/Bid_cleaning_service_PDF.pdf,
phone,pass,Published phone: 0000000754 ,http://www.dgshipping.gov.lk/web/images/2026/MSS_Noties/Bid_cleaning_service_PDF.pdf,
phone,pass,Published phone: 0000000431 ,http://www.dgshipping.gov.lk/web/images/2026/MSS_Noties/Bid_cleaning_service_PDF.pdf,
phone,pass,Published phone: 0000000898 ,http://www.dgshipping.gov.lk/web/images/2026/MSS_Noties/Bid_cleaning_service_PDF.pdf,
phone,pass,Published phone: 0000000250 ,http://www.dgshipping.gov.lk/web/images/2026/MSS_Noties/Bid_cleaning_service_PDF.pdf,
phone,pass,Published phone: 0000000346 ,http://www.dgshipping.gov.lk/web/images/2026/MSS_Noties/Bid_cleaning_service_PDF.pdf,
phone,pass,Published phone: 0000000948 ,http://www.dgshipping.gov.lk/web/images/2026/MSS_Noties/Bid_cleaning_service_PDF.pdf,
phone,pass,Published phone: 0000000673 ,http://www.dgshipping.gov.lk/web/images/2026/MSS_Noties/Bid_cleaning_service_PDF.pdf,
phone,pass,Published phone: 0000000831 ,http://www.dgshipping.gov.lk/web/images/2026/MSS_Noties/Bid_cleaning_service_PDF.pdf,
phone,pass,Published phone: 0000000310 ,http://www.dgshipping.gov.lk/web/images/2026/MSS_Noties/Bid_cleaning_service_PDF.pdf,
phone,pass,Published phone: 0000001204 ,http://www.dgshipping.gov.lk/web/images/2026/MSS_Noties/Bid_cleaning_service_PDF.pdf,
phone,pass,Published phone: 0000000281 ,http://www.dgshipping.gov.lk/web/images/2026/MSS_Noties/Bid_cleaning_service_PDF.pdf,
phone,pass,Published phone: 0000546915 ,http://www.dgshipping.gov.lk/web/images/2026/MSS_Noties/Bid_cleaning_service_PDF.pdf,
phone,pass,Published phone: 0000000135 ,http://www.dgshipping.gov.lk/web/images/2026/MSS_Noties/Bid_cleaning_service_PDF.pdf,
phone,pass,Published phone: 0000000400 ,http://www.dgshipping.gov.lk/web/images/2026/MSS_Noties/Bid_cleaning_service_PDF.pdf,
phone,pass,Published phone: 0000000740 ,http://www.dgshipping.gov.lk/web/images/2026/MSS_Noties/Bid_cleaning_service_PDF.pdf,
phone,pass,Published phone: 0000000543 ,http://www.dgshipping.gov.lk/web/images/2026/MSS_Noties/Bid_cleaning_service_PDF.pdf,
phone,pass,Published phone: 0000001117 ,http://www.dgshipping.gov.lk/web/images/2026/MSS_Noties/Bid_cleaning_service_PDF.pdf,
phone,pass,Published phone: 0000001092 ,http://www.dgshipping.gov.lk/web/images/2026/MSS_Noties/Bid_cleaning_service_PDF.pdf,
phone,pass,Published phone: 0000000824 ,http://www.dgshipping.gov.lk/web/images/2026/MSS_Noties/Bid_cleaning_service_PDF.pdf,
phone,pass,Published phone: 0000001296 ,http://www.dgshipping.gov.lk/web/images/2026/MSS_Noties/Bid_cleaning_service_PDF.pdf,
phone,pass,Published phone: 0000000257 ,http://www.dgshipping.gov.lk/web/images/2026/MSS_Noties/Bid_cleaning_service_PDF.pdf,
phone,pass,Published phone: 0000001152 ,http://www.dgshipping.gov.lk/web/images/2026/MSS_Noties/Bid_cleaning_service_PDF.pdf,
phone,pass,Published phone: 0000134027 ,http://www.dgshipping.gov.lk/web/images/2026/MSS_Noties/Bid_cleaning_service_PDF.pdf,
phone,pass,Published phone: 0000000450 ,http://www.dgshipping.gov.lk/web/images/2026/MSS_Noties/Bid_cleaning_service_PDF.pdf,
phone,pass,Published phone: 0000000757 ,http://www.dgshipping.gov.lk/web/images/2026/MSS_Noties/Bid_cleaning_service_PDF.pdf,
phone,pass,Published phone: 0000001159 ,http://www.dgshipping.gov.lk/web/images/2026/MSS_Noties/Bid_cleaning_service_PDF.pdf,
phone,pass,Published phone: 0000173609 ,http://www.dgshipping.gov.lk/web/images/2026/MSS_Noties/Bid_cleaning_service_PDF.pdf,
phone,pass,Published phone: 0000000395 ,http://www.dgshipping.gov.lk/web/images/2026/MSS_Noties/Bid_cleaning_service_PDF.pdf,
phone,pass,Published phone: 0000000386 ,http://www.dgshipping.gov.lk/web/images/2026/MSS_Noties/Bid_cleaning_service_PDF.pdf,
phone,pass,Published phone: 0000000321 ,http://www.dgshipping.gov.lk/web/images/2026/MSS_Noties/Bid_cleaning_service_PDF.pdf,
phone,pass,Published phone: 0000001244 ,http://www.dgshipping.gov.lk/web/images/2026/MSS_Noties/Bid_cleaning_service_PDF.pdf,
phone,pass,Published phone: 0000001313 ,http://www.dgshipping.gov.lk/web/images/2026/MSS_Noties/Bid_cleaning_service_PDF.pdf,
phone,pass,Published phone: 0000014942 ,http://www.dgshipping.gov.lk/web/images/2026/MSS_Noties/Bid_cleaning_service_PDF.pdf,
phone,pass,Published phone: 0000000370 ,http://www.dgshipping.gov.lk/web/images/2026/MSS_Noties/Bid_cleaning_service_PDF.pdf,
phone,pass,Published phone: 0000000770 ,http://www.dgshipping.gov.lk/web/images/2026/MSS_Noties/Bid_cleaning_service_PDF.pdf,
phone,pass,Published phone: 0000000764 ,http://www.dgshipping.gov.lk/web/images/2026/MSS_Noties/Bid_cleaning_service_PDF.pdf,
phone,pass,Published phone: 0000000938 ,http://www.dgshipping.gov.lk/web/images/2026/MSS_Noties/Bid_cleaning_service_PDF.pdf,
phone,pass,Published phone: 0000000369 ,http://www.dgshipping.gov.lk/web/images/2026/MSS_Noties/Bid_cleaning_service_PDF.pdf,
phone,pass,Published phone: 0000000176 ,http://www.dgshipping.gov.lk/web/images/2026/MSS_Noties/Bid_cleaning_service_PDF.pdf,
phone,pass,Published phone: 0000001193 ,http://www.dgshipping.gov.lk/web/images/2026/MSS_Noties/Bid_cleaning_service_PDF.pdf,
phone,pass,Published phone: 0000000966 ,http://www.dgshipping.gov.lk/web/images/2026/MSS_Noties/Bid_cleaning_service_PDF.pdf,
phone,pass,Published phone: 0000001267 ,http://www.dgshipping.gov.lk/web/images/2026/MSS_Noties/Bid_cleaning_service_PDF.pdf,
phone,pass,Published phone: 0000000540 ,http://www.dgshipping.gov.lk/web/images/2026/MSS_Noties/Bid_cleaning_service_PDF.pdf,
phone,pass,Published phone: 0000000262 ,http://www.dgshipping.gov.lk/web/images/2026/MSS_Noties/Bid_cleaning_service_PDF.pdf,
phone,pass,Published phone: 0000521177 ,http://www.dgshipping.gov.lk/web/images/2026/MSS_Noties/Bid_cleaning_service_PDF.pdf,
phone,pass,Published phone: 0000001016 ,http://www.dgshipping.gov.lk/web/images/2026/MSS_Noties/Bid_cleaning_service_PDF.pdf,
phone,pass,Published phone: 0000000634 ,http://www.dgshipping.gov.lk/web/images/2026/MSS_Noties/Bid_cleaning_service_PDF.pdf,
phone,pass,Published phone: 0000000584 ,http://www.dgshipping.gov.lk/web/images/2026/MSS_Noties/Bid_cleaning_service_PDF.pdf,
phone,pass,Published phone: 0000001302 ,http://www.dgshipping.gov.lk/web/images/2026/MSS_Noties/Bid_cleaning_service_PDF.pdf,
phone,pass,Published phone: 0000001274 ,http://www.dgshipping.gov.lk/web/images/2026/MSS_Noties/Bid_cleaning_service_PDF.pdf,
phone,pass,Published phone: 0000000413 ,http://www.dgshipping.gov.lk/web/images/2026/MSS_Noties/Bid_cleaning_service_PDF.pdf,
phone,pass,Published phone: 0000001063 ,http://www.dgshipping.gov.lk/web/images/2026/MSS_Noties/Bid_cleaning_service_PDF.pdf,
phone,pass,Published phone: 0000000819 ,http://www.dgshipping.gov.lk/web/images/2026/MSS_Noties/Bid_cleaning_service_PDF.pdf,
phone,pass,Published phone: 0000000856 ,http://www.dgshipping.gov.lk/web/images/2026/MSS_Noties/Bid_cleaning_service_PDF.pdf,
phone,pass,Published phone: 0000029643 ,http://www.dgshipping.gov.lk/web/images/2026/MSS_Noties/Bid_cleaning_service_PDF.pdf,
phone,pass,Published phone: 0000399037 ,http://www.dgshipping.gov.lk/web/images/2026/MSS_Noties/Bid_cleaning_service_PDF.pdf,
phone,pass,Published phone: 0000000671 ,http://www.dgshipping.gov.lk/web/images/2026/MSS_Noties/Bid_cleaning_service_PDF.pdf,
phone,pass,Published phone: 0000000313 ,http://www.dgshipping.gov.lk/web/images/2026/MSS_Noties/Bid_cleaning_service_PDF.pdf,
phone,pass,Published phone: 0000000206 ,http://www.dgshipping.gov.lk/web/images/2026/MSS_Noties/Bid_cleaning_service_PDF.pdf,
phone,pass,Published phone: 0000000303 ,http://www.dgshipping.gov.lk/web/images/2026/MSS_Noties/Bid_cleaning_service_PDF.pdf,
phone,pass,Published phone: 0 667 556 611 ,http://www.dgshipping.gov.lk/web/images/2026/MSS_Noties/Bid_cleaning_service_PDF.pdf,
phone,pass,Published phone: 0000000204 ,http://www.dgshipping.gov.lk/web/images/2026/MSS_Noties/Bid_cleaning_service_PDF.pdf,
phone,pass,Published phone: 0000000820 ,http://www.dgshipping.gov.lk/web/images/2026/MSS_Noties/Bid_cleaning_service_PDF.pdf,
phone,pass,Published phone: 0000001217 ,http://www.dgshipping.gov.lk/web/images/2026/MSS_Noties/Bid_cleaning_service_PDF.pdf,
phone,pass,Published phone: 0000001120 ,http://www.dgshipping.gov.lk/web/images/2026/MSS_Noties/Bid_cleaning_service_PDF.pdf,
phone,pass,Published phone: 0000000453 ,http://www.dgshipping.gov.lk/web/images/2026/MSS_Noties/Bid_cleaning_service_PDF.pdf,
phone,pass,Published phone: 0000145462 ,http://www.dgshipping.gov.lk/web/images/2026/MSS_Noties/Bid_cleaning_service_PDF.pdf,
phone,pass,Published phone: 0000233160 ,http://www.dgshipping.gov.lk/web/images/2026/MSS_Noties/Bid_cleaning_service_PDF.pdf,
phone,pass,Published phone: 0000000150 ,http://www.dgshipping.gov.lk/web/images/2026/MSS_Noties/Bid_cleaning_service_PDF.pdf,
phone,pass,Published phone: 0000001190 ,http://www.dgshipping.gov.lk/web/images/2026/MSS_Noties/Bid_cleaning_service_PDF.pdf,
phone,pass,Published phone: 0 333 250 278 ,http://www.dgshipping.gov.lk/web/images/2026/MSS_Noties/Bid_cleaning_service_PDF.pdf,
phone,pass,Published phone: 0000000439 ,http://www.dgshipping.gov.lk/web/images/2026/MSS_Noties/Bid_cleaning_service_PDF.pdf,
phone,pass,Published phone: 0000079296 ,http://www.dgshipping.gov.lk/web/images/2026/MSS_Noties/Bid_cleaning_service_PDF.pdf,
phone,pass,Published phone: 0000000656 ,http://www.dgshipping.gov.lk/web/images/2026/MSS_Noties/Bid_cleaning_service_PDF.pdf,
phone,pass,Published phone: 0000000772 ,http://www.dgshipping.gov.lk/web/images/2026/MSS_Noties/Bid_cleaning_service_PDF.pdf,
phone,pass,Published phone: 0000000647 ,http://www.dgshipping.gov.lk/web/images/2026/MSS_Noties/Bid_cleaning_service_PDF.pdf,
phone,pass,Published phone: 0 0 0 0 0 833 77,http://www.dgshipping.gov.lk/web/images/2026/MSS_Noties/Bid_cleaning_service_PDF.pdf,
phone,pass,Published phone: 0000000105 ,http://www.dgshipping.gov.lk/web/images/2026/MSS_Noties/Bid_cleaning_service_PDF.pdf,
phone,pass,Published phone: 0000001286 ,http://www.dgshipping.gov.lk/web/images/2026/MSS_Noties/Bid_cleaning_service_PDF.pdf,
phone,pass,Published phone: 0000000648 ,http://www.dgshipping.gov.lk/web/images/2026/MSS_Noties/Bid_cleaning_service_PDF.pdf,
phone,pass,Published phone: 0000001246 ,http://www.dgshipping.gov.lk/web/images/2026/MSS_Noties/Bid_cleaning_service_PDF.pdf,
phone,pass,Published phone: 0000340665 ,http://www.dgshipping.gov.lk/web/images/2026/MSS_Noties/Bid_cleaning_service_PDF.pdf,
phone,pass,Published phone: 0000000617 ,http://www.dgshipping.gov.lk/web/images/2026/MSS_Noties/Bid_cleaning_service_PDF.pdf,
phone,pass,Published phone: 0000001252 ,http://www.dgshipping.gov.lk/web/images/2026/MSS_Noties/Bid_cleaning_service_PDF.pdf,
phone,pass,Published phone: 0000000587 ,http://www.dgshipping.gov.lk/web/images/2026/MSS_Noties/Bid_cleaning_service_PDF.pdf,
phone,pass,Published phone: 0000001006 ,http://www.dgshipping.gov.lk/web/images/2026/MSS_Noties/Bid_cleaning_service_PDF.pdf,
phone,pass,Published phone: 0000000514 ,http://www.dgshipping.gov.lk/web/images/2026/MSS_Noties/Bid_cleaning_service_PDF.pdf,
phone,pass,Published phone: 0000001225 ,http://www.dgshipping.gov.lk/web/images/2026/MSS_Noties/Bid_cleaning_service_PDF.pdf,
phone,pass,Published phone: 0000000456 ,http://www.dgshipping.gov.lk/web/images/2026/MSS_Noties/Bid_cleaning_service_PDF.pdf,
phone,pass,Published phone: 0000000935 ,http://www.dgshipping.gov.lk/web/images/2026/MSS_Noties/Bid_cleaning_service_PDF.pdf,
phone,pass,Published phone: 0000000896 ,http://www.dgshipping.gov.lk/web/images/2026/MSS_Noties/Bid_cleaning_service_PDF.pdf,
phone,pass,Published phone: 0000000580 ,http://www.dgshipping.gov.lk/web/images/2026/MSS_Noties/Bid_cleaning_service_PDF.pdf,
phone,pass,Published phone: 0000000442 ,http://www.dgshipping.gov.lk/web/images/2026/MSS_Noties/Bid_cleaning_service_PDF.pdf,
phone,pass,Published phone: 0000000732 ,http://www.dgshipping.gov.lk/web/images/2026/MSS_Noties/Bid_cleaning_service_PDF.pdf,
phone,pass,Published phone: 0000001087 ,http://www.dgshipping.gov.lk/web/images/2026/MSS_Noties/Bid_cleaning_service_PDF.pdf,
phone,pass,Published phone: 0000001226 ,http://www.dgshipping.gov.lk/web/images/2026/MSS_Noties/Bid_cleaning_service_PDF.pdf,
phone,pass,Published phone: 0000001227 ,http://www.dgshipping.gov.lk/web/images/2026/MSS_Noties/Bid_cleaning_service_PDF.pdf,
phone,pass,Published phone: 0000000708 ,http://www.dgshipping.gov.lk/web/images/2026/MSS_Noties/Bid_cleaning_service_PDF.pdf,
phone,pass,Published phone: 0000000596 ,http://www.dgshipping.gov.lk/web/images/2026/MSS_Noties/Bid_cleaning_service_PDF.pdf,
phone,pass,Published phone: 0000000177 ,http://www.dgshipping.gov.lk/web/images/2026/MSS_Noties/Bid_cleaning_service_PDF.pdf,
phone,pass,Published phone: 0000001089 ,http://www.dgshipping.gov.lk/web/images/2026/MSS_Noties/Bid_cleaning_service_PDF.pdf,
phone,pass,Published phone: 0000000160 ,http://www.dgshipping.gov.lk/web/images/2026/MSS_Noties/Bid_cleaning_service_PDF.pdf,
phone,pass,Published phone: 0000000827 ,http://www.dgshipping.gov.lk/web/images/2026/MSS_Noties/Bid_cleaning_service_PDF.pdf,
phone,pass,Published phone: 0000000780 ,http://www.dgshipping.gov.lk/web/images/2026/MSS_Noties/Bid_cleaning_service_PDF.pdf,
phone,pass,Published phone: 0000001185 ,http://www.dgshipping.gov.lk/web/images/2026/MSS_Noties/Bid_cleaning_service_PDF.pdf,
phone,pass,Published phone: 0000000350 ,http://www.dgshipping.gov.lk/web/images/2026/MSS_Noties/Bid_cleaning_service_PDF.pdf,
phone,pass,Published phone: 0000001030 ,http://www.dgshipping.gov.lk/web/images/2026/MSS_Noties/Bid_cleaning_service_PDF.pdf,
phone,pass,Published phone: 0000000351 ,http://www.dgshipping.gov.lk/web/images/2026/MSS_Noties/Bid_cleaning_service_PDF.pdf,
phone,pass,Published phone: 0000000161 ,http://www.dgshipping.gov.lk/web/images/2026/MSS_Noties/Bid_cleaning_service_PDF.pdf,
phone,pass,Published phone: 0000000513 ,http://www.dgshipping.gov.lk/web/images/2026/MSS_Noties/Bid_cleaning_service_PDF.pdf,
phone,pass,Published phone: 0000000497 ,http://www.dgshipping.gov.lk/web/images/2026/MSS_Noties/Bid_cleaning_service_PDF.pdf,
phone,pass,Published phone: 0000000738 ,http://www.dgshipping.gov.lk/web/images/2026/MSS_Noties/Bid_cleaning_service_PDF.pdf,
phone,pass,Published phone: 0000001317 ,http://www.dgshipping.gov.lk/web/images/2026/MSS_Noties/Bid_cleaning_service_PDF.pdf,
phone,pass,Published phone: 0000000344 ,http://www.dgshipping.gov.lk/web/images/2026/MSS_Noties/Bid_cleaning_service_PDF.pdf,
phone,pass,Published phone: 0000127073 ,http://www.dgshipping.gov.lk/web/images/2026/MSS_Noties/Bid_cleaning_service_PDF.pdf,
phone,pass,Published phone: 0000000644 ,http://www.dgshipping.gov.lk/web/images/2026/MSS_Noties/Bid_cleaning_service_PDF.pdf,
phone,pass,Published phone: 0000000374 ,http://www.dgshipping.gov.lk/web/images/2026/MSS_Noties/Bid_cleaning_service_PDF.pdf,
phone,pass,Published phone: 0 0 595.32 841.,http://www.dgshipping.gov.lk/web/images/2026/MSS_Noties/Bid_cleaning_service_PDF.pdf,
phone,pass,Published phone: 0000000147 ,http://www.dgshipping.gov.lk/web/images/2026/MSS_Noties/Bid_cleaning_service_PDF.pdf,
phone,pass,Published phone: 0000000918 ,http://www.dgshipping.gov.lk/web/images/2026/MSS_Noties/Bid_cleaning_service_PDF.pdf,
phone,pass,Published phone: 0000000422 ,http://www.dgshipping.gov.lk/web/images/2026/MSS_Noties/Bid_cleaning_service_PDF.pdf,
phone,pass,Published phone: 0000000368 ,http://www.dgshipping.gov.lk/web/images/2026/MSS_Noties/Bid_cleaning_service_PDF.pdf,
phone,pass,Published phone: 0000000715 ,http://www.dgshipping.gov.lk/web/images/2026/MSS_Noties/Bid_cleaning_service_PDF.pdf,
phone,pass,Published phone: 0000000151 ,http://www.dgshipping.gov.lk/web/images/2026/MSS_Noties/Bid_cleaning_service_PDF.pdf,
phone,pass,Published phone: 0000000360 ,http://www.dgshipping.gov.lk/web/images/2026/MSS_Noties/Bid_cleaning_service_PDF.pdf,
phone,pass,Published phone: 0000000800 ,http://www.dgshipping.gov.lk/web/images/2026/MSS_Noties/Bid_cleaning_service_PDF.pdf,
phone,pass,Published phone: 0000000762 ,http://www.dgshipping.gov.lk/web/images/2026/MSS_Noties/Bid_cleaning_service_PDF.pdf,
phone,pass,Published phone: 0000000275 ,http://www.dgshipping.gov.lk/web/images/2026/MSS_Noties/Bid_cleaning_service_PDF.pdf,
phone,pass,Published phone: 0000000628 ,http://www.dgshipping.gov.lk/web/images/2026/MSS_Noties/Bid_cleaning_service_PDF.pdf,
phone,pass,Published phone: 0000001073 ,http://www.dgshipping.gov.lk/web/images/2026/MSS_Noties/Bid_cleaning_service_PDF.pdf,
phone,pass,Published phone: 0000000726 ,http://www.dgshipping.gov.lk/web/images/2026/MSS_Noties/Bid_cleaning_service_PDF.pdf,
phone,pass,Published phone: 0000001200 ,http://www.dgshipping.gov.lk/web/images/2026/MSS_Noties/Bid_cleaning_service_PDF.pdf,
phone,pass,Published phone: 0000015765 ,http://www.dgshipping.gov.lk/web/images/2026/MSS_Noties/Bid_cleaning_service_PDF.pdf,
phone,pass,Published phone: 0000000872 ,http://www.dgshipping.gov.lk/web/images/2026/MSS_Noties/Bid_cleaning_service_PDF.pdf,
phone,pass,Published phone: 0000000843 ,http://www.dgshipping.gov.lk/web/images/2026/MSS_Noties/Bid_cleaning_service_PDF.pdf,
phone,pass,Published phone: 08 656 0 302 3,http://www.dgshipping.gov.lk/web/images/2026/MSS_Noties/Bid_cleaning_service_PDF.pdf,
phone,pass,Published phone: 0000000314 ,http://www.dgshipping.gov.lk/web/images/2026/MSS_Noties/Bid_cleaning_service_PDF.pdf,
phone,pass,Published phone: 0000001098 ,http://www.dgshipping.gov.lk/web/images/2026/MSS_Noties/Bid_cleaning_service_PDF.pdf,
phone,pass,Published phone: 0000000597 ,http://www.dgshipping.gov.lk/web/images/2026/MSS_Noties/Bid_cleaning_service_PDF.pdf,
phone,pass,Published phone: 0000000956 ,http://www.dgshipping.gov.lk/web/images/2026/MSS_Noties/Bid_cleaning_service_PDF.pdf,
phone,pass,Published phone: 0000000487 ,http://www.dgshipping.gov.lk/web/images/2026/MSS_Noties/Bid_cleaning_service_PDF.pdf,
phone,pass,Published phone: 0000000418 ,http://www.dgshipping.gov.lk/web/images/2026/MSS_Noties/Bid_cleaning_service_PDF.pdf,
phone,pass,Published phone: 0000000239 ,http://www.dgshipping.gov.lk/web/images/2026/MSS_Noties/Bid_cleaning_service_PDF.pdf,
phone,pass,Published phone: 0000000568 ,http://www.dgshipping.gov.lk/web/images/2026/MSS_Noties/Bid_cleaning_service_PDF.pdf,
phone,pass,Published phone: 0000546840 ,http://www.dgshipping.gov.lk/web/images/2026/MSS_Noties/Bid_cleaning_service_PDF.pdf,
phone,pass,Published phone: 0000000485 ,http://www.dgshipping.gov.lk/web/images/2026/MSS_Noties/Bid_cleaning_service_PDF.pdf,
phone,pass,Published phone: 0000000859 ,http://www.dgshipping.gov.lk/web/images/2026/MSS_Noties/Bid_cleaning_service_PDF.pdf,
phone,pass,Published phone: 0000000789 ,http://www.dgshipping.gov.lk/web/images/2026/MSS_Noties/Bid_cleaning_service_PDF.pdf,
phone,pass,Published phone: 0000000779 ,http://www.dgshipping.gov.lk/web/images/2026/MSS_Noties/Bid_cleaning_service_PDF.pdf,
phone,pass,Published phone: 0000000793 ,http://www.dgshipping.gov.lk/web/images/2026/MSS_Noties/Bid_cleaning_service_PDF.pdf,
phone,pass,Published phone: 0000001105 ,http://www.dgshipping.gov.lk/web/images/2026/MSS_Noties/Bid_cleaning_service_PDF.pdf,
phone,pass,Published phone: 0000000377 ,http://www.dgshipping.gov.lk/web/images/2026/MSS_Noties/Bid_cleaning_service_PDF.pdf,
phone,pass,Published phone: 0000000334 ,http://www.dgshipping.gov.lk/web/images/2026/MSS_Noties/Bid_cleaning_service_PDF.pdf,
phone,pass,Published phone: 0000000915 ,http://www.dgshipping.gov.lk/web/images/2026/MSS_Noties/Bid_cleaning_service_PDF.pdf,
phone,pass,Published phone: 0000550137 ,http://www.dgshipping.gov.lk/web/images/2026/MSS_Noties/Bid_cleaning_service_PDF.pdf,
phone,pass,Published phone: 0000000186 ,http://www.dgshipping.gov.lk/web/images/2026/MSS_Noties/Bid_cleaning_service_PDF.pdf,
phone,pass,Published phone: 0000000863 ,http://www.dgshipping.gov.lk/web/images/2026/MSS_Noties/Bid_cleaning_service_PDF.pdf,
phone,pass,Published phone: 0000099873 ,http://www.dgshipping.gov.lk/web/images/2026/MSS_Noties/Bid_cleaning_service_PDF.pdf,
phone,pass,Published phone: 0000000834 ,http://www.dgshipping.gov.lk/web/images/2026/MSS_Noties/Bid_cleaning_service_PDF.pdf,
phone,pass,Published phone: 0000000193 ,http://www.dgshipping.gov.lk/web/images/2026/MSS_Noties/Bid_cleaning_service_PDF.pdf,
phone,pass,Published phone: 0000000141 ,http://www.dgshipping.gov.lk/web/images/2026/MSS_Noties/Bid_cleaning_service_PDF.pdf,
phone,pass,Published phone: 0000000232 ,http://www.dgshipping.gov.lk/web/images/2026/MSS_Noties/Bid_cleaning_service_PDF.pdf,
phone,pass,Published phone: 0000000336 ,http://www.dgshipping.gov.lk/web/images/2026/MSS_Noties/Bid_cleaning_service_PDF.pdf,
phone,pass,Published phone: 0000000977 ,http://www.dgshipping.gov.lk/web/images/2026/MSS_Noties/Bid_cleaning_service_PDF.pdf,
phone,pass,Published phone: 0000000470 ,http://www.dgshipping.gov.lk/web/images/2026/MSS_Noties/Bid_cleaning_service_PDF.pdf,
phone,pass,Published phone: 0000398277 ,http://www.dgshipping.gov.lk/web/images/2026/MSS_Noties/Bid_cleaning_service_PDF.pdf,
phone,pass,Published phone: 0000013708 ,http://www.dgshipping.gov.lk/web/images/2026/MSS_Noties/Bid_cleaning_service_PDF.pdf,
phone,pass,Published phone: 0000000626 ,http://www.dgshipping.gov.lk/web/images/2026/MSS_Noties/Bid_cleaning_service_PDF.pdf,
phone,pass,Published phone: 0000001022 ,http://www.dgshipping.gov.lk/web/images/2026/MSS_Noties/Bid_cleaning_service_PDF.pdf,
phone,pass,Published phone: 0000000145 ,http://www.dgshipping.gov.lk/web/images/2026/MSS_Noties/Bid_cleaning_service_PDF.pdf,
phone,pass,Published phone: 0000000128 ,http://www.dgshipping.gov.lk/web/images/2026/MSS_Noties/Bid_cleaning_service_PDF.pdf,
phone,pass,Published phone: 0000001290 ,http://www.dgshipping.gov.lk/web/images/2026/MSS_Noties/Bid_cleaning_service_PDF.pdf,
phone,pass,Published phone: 0000000591 ,http://www.dgshipping.gov.lk/web/images/2026/MSS_Noties/Bid_cleaning_service_PDF.pdf,
phone,pass,Published phone: 0000000776 ,http://www.dgshipping.gov.lk/web/images/2026/MSS_Noties/Bid_cleaning_service_PDF.pdf,
phone,pass,Published phone: 0000001039 ,http://www.dgshipping.gov.lk/web/images/2026/MSS_Noties/Bid_cleaning_service_PDF.pdf,
phone,pass,Published phone: 0000001284 ,http://www.dgshipping.gov.lk/web/images/2026/MSS_Noties/Bid_cleaning_service_PDF.pdf,
phone,pass,Published phone: 0000001128 ,http://www.dgshipping.gov.lk/web/images/2026/MSS_Noties/Bid_cleaning_service_PDF.pdf,
phone,pass,Published phone: 0000000885 ,http://www.dgshipping.gov.lk/web/images/2026/MSS_Noties/Bid_cleaning_service_PDF.pdf,
phone,pass,Published phone: 0000000658 ,http://www.dgshipping.gov.lk/web/images/2026/MSS_Noties/Bid_cleaning_service_PDF.pdf,
phone,pass,Published phone: 0000001263 ,http://www.dgshipping.gov.lk/web/images/2026/MSS_Noties/Bid_cleaning_service_PDF.pdf,
phone,pass,Published phone: 0000000433 ,http://www.dgshipping.gov.lk/web/images/2026/MSS_Noties/Bid_cleaning_service_PDF.pdf,
phone,pass,Published phone: 0000000263 ,http://www.dgshipping.gov.lk/web/images/2026/MSS_Noties/Bid_cleaning_service_PDF.pdf,
phone,pass,Published phone: 0000001164 ,http://www.dgshipping.gov.lk/web/images/2026/MSS_Noties/Bid_cleaning_service_PDF.pdf,
phone,pass,Published phone: 0000000899 ,http://www.dgshipping.gov.lk/web/images/2026/MSS_Noties/Bid_cleaning_service_PDF.pdf,
phone,pass,Published phone: 0000000574 ,http://www.dgshipping.gov.lk/web/images/2026/MSS_Noties/Bid_cleaning_service_PDF.pdf,
phone,pass,Published phone: 0000079848 ,http://www.dgshipping.gov.lk/web/images/2026/MSS_Noties/Bid_cleaning_service_PDF.pdf,
phone,pass,Published phone: 0000000594 ,http://www.dgshipping.gov.lk/web/images/2026/MSS_Noties/Bid_cleaning_service_PDF.pdf,
phone,pass,Published phone: 0000001266 ,http://www.dgshipping.gov.lk/web/images/2026/MSS_Noties/Bid_cleaning_service_PDF.pdf,
phone,pass,Published phone: 0000000873 ,http://www.dgshipping.gov.lk/web/images/2026/MSS_Noties/Bid_cleaning_service_PDF.pdf,
phone,pass,Published phone: 0000000627 ,http://www.dgshipping.gov.lk/web/images/2026/MSS_Noties/Bid_cleaning_service_PDF.pdf,
phone,pass,Published phone: 0000000611 ,http://www.dgshipping.gov.lk/web/images/2026/MSS_Noties/Bid_cleaning_service_PDF.pdf,
phone,pass,Published phone: 0000001163 ,http://www.dgshipping.gov.lk/web/images/2026/MSS_Noties/Bid_cleaning_service_PDF.pdf,
phone,pass,Published phone: 0000000361 ,http://www.dgshipping.gov.lk/web/images/2026/MSS_Noties/Bid_cleaning_service_PDF.pdf,
phone,pass,Published phone: 0000000886 ,http://www.dgshipping.gov.lk/web/images/2026/MSS_Noties/Bid_cleaning_service_PDF.pdf,
phone,pass,Published phone: 0000000721 ,http://www.dgshipping.gov.lk/web/images/2026/MSS_Noties/Bid_cleaning_service_PDF.pdf,
phone,pass,Published phone: 0000546944 ,http://www.dgshipping.gov.lk/web/images/2026/MSS_Noties/Bid_cleaning_service_PDF.pdf,
phone,pass,Published phone: 0 333 333 500 ,http://www.dgshipping.gov.lk/web/images/2026/MSS_Noties/Bid_cleaning_service_PDF.pdf,
phone,pass,Published phone: 0000000233 ,http://www.dgshipping.gov.lk/web/images/2026/MSS_Noties/Bid_cleaning_service_PDF.pdf,
phone,pass,Published phone: 0000000200 ,http://www.dgshipping.gov.lk/web/images/2026/MSS_Noties/Bid_cleaning_service_PDF.pdf,
phone,pass,Published phone: 0000001283 ,http://www.dgshipping.gov.lk/web/images/2026/MSS_Noties/Bid_cleaning_service_PDF.pdf,
phone,pass,Published phone: 0000000118 ,http://www.dgshipping.gov.lk/web/images/2026/MSS_Noties/Bid_cleaning_service_PDF.pdf,
phone,pass,Published phone: 0000125927 ,http://www.dgshipping.gov.lk/web/images/2026/MSS_Noties/Bid_cleaning_service_PDF.pdf,
phone,pass,Published phone: 0000000123 ,http://www.dgshipping.gov.lk/web/images/2026/MSS_Noties/Bid_cleaning_service_PDF.pdf,
phone,pass,Published phone: 0000000405 ,http://www.dgshipping.gov.lk/web/images/2026/MSS_Noties/Bid_cleaning_service_PDF.pdf,
phone,pass,Published phone: 0000001170 ,http://www.dgshipping.gov.lk/web/images/2026/MSS_Noties/Bid_cleaning_service_PDF.pdf,
phone,pass,Published phone: 0000322838 ,http://www.dgshipping.gov.lk/web/images/2026/MSS_Noties/Bid_cleaning_service_PDF.pdf,
phone,pass,Published phone: 0000001036 ,http://www.dgshipping.gov.lk/web/images/2026/MSS_Noties/Bid_cleaning_service_PDF.pdf,
phone,pass,Published phone: 0000000163 ,http://www.dgshipping.gov.lk/web/images/2026/MSS_Noties/Bid_cleaning_service_PDF.pdf,
phone,pass,Published phone: 0000197643 ,http://www.dgshipping.gov.lk/web/images/2026/MSS_Noties/Bid_cleaning_service_PDF.pdf,
phone,pass,Published phone: 0000001097 ,http://www.dgshipping.gov.lk/web/images/2026/MSS_Noties/Bid_cleaning_service_PDF.pdf,
phone,pass,Published phone: 0000000179 ,http://www.dgshipping.gov.lk/web/images/2026/MSS_Noties/Bid_cleaning_service_PDF.pdf,
phone,pass,Published phone: 0000150611 ,http://www.dgshipping.gov.lk/web/images/2026/MSS_Noties/Bid_cleaning_service_PDF.pdf,
phone,pass,Published phone: 0000000566 ,http://www.dgshipping.gov.lk/web/images/2026/MSS_Noties/Bid_cleaning_service_PDF.pdf,
phone,pass,Published phone: 0000000572 ,http://www.dgshipping.gov.lk/web/images/2026/MSS_Noties/Bid_cleaning_service_PDF.pdf,
phone,pass,Published phone: 0000000455 ,http://www.dgshipping.gov.lk/web/images/2026/MSS_Noties/Bid_cleaning_service_PDF.pdf,
phone,pass,Published phone: 0000001280 ,http://www.dgshipping.gov.lk/web/images/2026/MSS_Noties/Bid_cleaning_service_PDF.pdf,
phone,pass,Published phone: 0000000790 ,http://www.dgshipping.gov.lk/web/images/2026/MSS_Noties/Bid_cleaning_service_PDF.pdf,
phone,pass,Published phone: 0000000760 ,http://www.dgshipping.gov.lk/web/images/2026/MSS_Noties/Bid_cleaning_service_PDF.pdf,
phone,pass,Published phone: 0000000449 ,http://www.dgshipping.gov.lk/web/images/2026/MSS_Noties/Bid_cleaning_service_PDF.pdf,
phone,pass,Published phone: 0000000187 ,http://www.dgshipping.gov.lk/web/images/2026/MSS_Noties/Bid_cleaning_service_PDF.pdf,
phone,pass,Published phone: 0000000959 ,http://www.dgshipping.gov.lk/web/images/2026/MSS_Noties/Bid_cleaning_service_PDF.pdf,
phone,pass,Published phone: 0000000654 ,http://www.dgshipping.gov.lk/web/images/2026/MSS_Noties/Bid_cleaning_service_PDF.pdf,
phone,pass,Published phone: 0000001051 ,http://www.dgshipping.gov.lk/web/images/2026/MSS_Noties/Bid_cleaning_service_PDF.pdf,
phone,pass,Published phone: 0000001145 ,http://www.dgshipping.gov.lk/web/images/2026/MSS_Noties/Bid_cleaning_service_PDF.pdf,
phone,pass,Published phone: 0000000559 ,http://www.dgshipping.gov.lk/web/images/2026/MSS_Noties/Bid_cleaning_service_PDF.pdf,
phone,pass,Published phone: 0000000900 ,http://www.dgshipping.gov.lk/web/images/2026/MSS_Noties/Bid_cleaning_service_PDF.pdf,
phone,pass,Published phone: 0000000931 ,http://www.dgshipping.gov.lk/web/images/2026/MSS_Noties/Bid_cleaning_service_PDF.pdf,
phone,pass,Published phone: 0000001231 ,http://www.dgshipping.gov.lk/web/images/2026/MSS_Noties/Bid_cleaning_service_PDF.pdf,
phone,pass,Published phone: 0000001027 ,http://www.dgshipping.gov.lk/web/images/2026/MSS_Noties/Bid_cleaning_service_PDF.pdf,
phone,pass,Published phone: 0000000226 ,http://www.dgshipping.gov.lk/web/images/2026/MSS_Noties/Bid_cleaning_service_PDF.pdf,
phone,pass,Published phone: 0000000851 ,http://www.dgshipping.gov.lk/web/images/2026/MSS_Noties/Bid_cleaning_service_PDF.pdf,
phone,pass,Published phone: 0000000837 ,http://www.dgshipping.gov.lk/web/images/2026/MSS_Noties/Bid_cleaning_service_PDF.pdf,
phone,pass,Published phone: 0000001111 ,http://www.dgshipping.gov.lk/web/images/2026/MSS_Noties/Bid_cleaning_service_PDF.pdf,
phone,pass,Published phone: 0000000576 ,http://www.dgshipping.gov.lk/web/images/2026/MSS_Noties/Bid_cleaning_service_PDF.pdf,
phone,pass,Published phone: 0000014696 ,http://www.dgshipping.gov.lk/web/images/2026/MSS_Noties/Bid_cleaning_service_PDF.pdf,
phone,pass,Published phone: 0000014023 ,http://www.dgshipping.gov.lk/web/images/2026/MSS_Noties/Bid_cleaning_service_PDF.pdf,
phone,pass,Published phone: 0000000414 ,http://www.dgshipping.gov.lk/web/images/2026/MSS_Noties/Bid_cleaning_service_PDF.pdf,
phone,pass,Published phone: 0000001258 ,http://www.dgshipping.gov.lk/web/images/2026/MSS_Noties/Bid_cleaning_service_PDF.pdf,
phone,pass,Published phone: 0000000876 ,http://www.dgshipping.gov.lk/web/images/2026/MSS_Noties/Bid_cleaning_service_PDF.pdf,
phone,pass,Published phone: 0000000353 ,http://www.dgshipping.gov.lk/web/images/2026/MSS_Noties/Bid_cleaning_service_PDF.pdf,
phone,pass,Published phone: 0000000304 ,http://www.dgshipping.gov.lk/web/images/2026/MSS_Noties/Bid_cleaning_service_PDF.pdf,
phone,pass,Published phone: 0000000655 ,http://www.dgshipping.gov.lk/web/images/2026/MSS_Noties/Bid_cleaning_service_PDF.pdf,
phone,pass,Published phone: 0000000421 ,http://www.dgshipping.gov.lk/web/images/2026/MSS_Noties/Bid_cleaning_service_PDF.pdf,
phone,pass,Published phone: 0000000440 ,http://www.dgshipping.gov.lk/web/images/2026/MSS_Noties/Bid_cleaning_service_PDF.pdf,
phone,pass,Published phone: 0000000502 ,http://www.dgshipping.gov.lk/web/images/2026/MSS_Noties/Bid_cleaning_service_PDF.pdf,
phone,pass,Published phone: 0000000114 ,http://www.dgshipping.gov.lk/web/images/2026/MSS_Noties/Bid_cleaning_service_PDF.pdf,
phone,pass,Published phone: 00 500 722 50,http://www.dgshipping.gov.lk/web/images/2026/MSS_Noties/Bid_cleaning_service_PDF.pdf,
phone,pass,Published phone: 0000001018 ,http://www.dgshipping.gov.lk/web/images/2026/MSS_Noties/Bid_cleaning_service_PDF.pdf,
phone,pass,Published phone: 0000001205 ,http://www.dgshipping.gov.lk/web/images/2026/MSS_Noties/Bid_cleaning_service_PDF.pdf,
phone,pass,Published phone: 0000000830 ,http://www.dgshipping.gov.lk/web/images/2026/MSS_Noties/Bid_cleaning_service_PDF.pdf,
phone,pass,Published phone: 0000000490 ,http://www.dgshipping.gov.lk/web/images/2026/MSS_Noties/Bid_cleaning_service_PDF.pdf,
phone,pass,Published phone: 0000000883 ,http://www.dgshipping.gov.lk/web/images/2026/MSS_Noties/Bid_cleaning_service_PDF.pdf,
phone,pass,Published phone: 0000000649 ,http://www.dgshipping.gov.lk/web/images/2026/MSS_Noties/Bid_cleaning_service_PDF.pdf,
phone,pass,Published phone: 0000001049 ,http://www.dgshipping.gov.lk/web/images/2026/MSS_Noties/Bid_cleaning_service_PDF.pdf,
phone,pass,Published phone: 0000000493 ,http://www.dgshipping.gov.lk/web/images/2026/MSS_Noties/Bid_cleaning_service_PDF.pdf,
phone,pass,Published phone: 0000001270 ,http://www.dgshipping.gov.lk/web/images/2026/MSS_Noties/Bid_cleaning_service_PDF.pdf,
phone,pass,Published phone: 0000000535 ,http://www.dgshipping.gov.lk/web/images/2026/MSS_Noties/Bid_cleaning_service_PDF.pdf,
phone,pass,Published phone: 0000001095 ,http://www.dgshipping.gov.lk/web/images/2026/MSS_Noties/Bid_cleaning_service_PDF.pdf,
phone,pass,Published phone: 0000000652 ,http://www.dgshipping.gov.lk/web/images/2026/MSS_Noties/Bid_cleaning_service_PDF.pdf,
phone,pass,Published phone: 0000000787 ,http://www.dgshipping.gov.lk/web/images/2026/MSS_Noties/Bid_cleaning_service_PDF.pdf,
phone,pass,Published phone: 0000000183 ,http://www.dgshipping.gov.lk/web/images/2026/MSS_Noties/Bid_cleaning_service_PDF.pdf,
phone,pass,Published phone: 0000001306 ,http://www.dgshipping.gov.lk/web/images/2026/MSS_Noties/Bid_cleaning_service_PDF.pdf,
phone,pass,Published phone: 0000001292 ,http://www.dgshipping.gov.lk/web/images/2026/MSS_Noties/Bid_cleaning_service_PDF.pdf,
phone,pass,Published phone: 0000000378 ,http://www.dgshipping.gov.lk/web/images/2026/MSS_Noties/Bid_cleaning_service_PDF.pdf,
phone,pass,Published phone: 0000001127 ,http://www.dgshipping.gov.lk/web/images/2026/MSS_Noties/Bid_cleaning_service_PDF.pdf,
phone,pass,Published phone: 0000000897 ,http://www.dgshipping.gov.lk/web/images/2026/MSS_Noties/Bid_cleaning_service_PDF.pdf,
phone,pass,Published phone: 0000000126 ,http://www.dgshipping.gov.lk/web/images/2026/MSS_Noties/Bid_cleaning_service_PDF.pdf,
phone,pass,Published phone: 0000001112 ,http://www.dgshipping.gov.lk/web/images/2026/MSS_Noties/Bid_cleaning_service_PDF.pdf,
phone,pass,Published phone: 0000361131 ,http://www.dgshipping.gov.lk/web/images/2026/MSS_Noties/Bid_cleaning_service_PDF.pdf,
phone,pass,Published phone: 0000546886 ,http://www.dgshipping.gov.lk/web/images/2026/MSS_Noties/Bid_cleaning_service_PDF.pdf,
phone,pass,Published phone: 0000000463 ,http://www.dgshipping.gov.lk/web/images/2026/MSS_Noties/Bid_cleaning_service_PDF.pdf,
phone,pass,Published phone: 0000000985 ,http://www.dgshipping.gov.lk/web/images/2026/MSS_Noties/Bid_cleaning_service_PDF.pdf,
phone,pass,Published phone: 0000000287 ,http://www.dgshipping.gov.lk/web/images/2026/MSS_Noties/Bid_cleaning_service_PDF.pdf,
phone,pass,Published phone: 0000000358 ,http://www.dgshipping.gov.lk/web/images/2026/MSS_Noties/Bid_cleaning_service_PDF.pdf,
phone,pass,Published phone: 0000000282 ,http://www.dgshipping.gov.lk/web/images/2026/MSS_Noties/Bid_cleaning_service_PDF.pdf,
phone,pass,Published phone: 0000000195 ,http://www.dgshipping.gov.lk/web/images/2026/MSS_Noties/Bid_cleaning_service_PDF.pdf,
phone,pass,Published phone: 0000001196 ,http://www.dgshipping.gov.lk/web/images/2026/MSS_Noties/Bid_cleaning_service_PDF.pdf,
phone,pass,Published phone: 0000001249 ,http://www.dgshipping.gov.lk/web/images/2026/MSS_Noties/Bid_cleaning_service_PDF.pdf,
phone,pass,Published phone: 0000000557 ,http://www.dgshipping.gov.lk/web/images/2026/MSS_Noties/Bid_cleaning_service_PDF.pdf,
phone,pass,Published phone: 0000000578 ,http://www.dgshipping.gov.lk/web/images/2026/MSS_Noties/Bid_cleaning_service_PDF.pdf,
phone,pass,Published phone: 0000000218 ,http://www.dgshipping.gov.lk/web/images/2026/MSS_Noties/Bid_cleaning_service_PDF.pdf,
phone,pass,Published phone: 0000000560 ,http://www.dgshipping.gov.lk/web/images/2026/MSS_Noties/Bid_cleaning_service_PDF.pdf,
phone,pass,Published phone: 0000000383 ,http://www.dgshipping.gov.lk/web/images/2026/MSS_Noties/Bid_cleaning_service_PDF.pdf,
phone,pass,Published phone: 0000000381 ,http://www.dgshipping.gov.lk/web/images/2026/MSS_Noties/Bid_cleaning_service_PDF.pdf,
phone,pass,Published phone: 0000000989 ,http://www.dgshipping.gov.lk/web/images/2026/MSS_Noties/Bid_cleaning_service_PDF.pdf,
phone,pass,Published phone: 0000001135 ,http://www.dgshipping.gov.lk/web/images/2026/MSS_Noties/Bid_cleaning_service_PDF.pdf,
phone,pass,Published phone: 0000000577 ,http://www.dgshipping.gov.lk/web/images/2026/MSS_Noties/Bid_cleaning_service_PDF.pdf,
phone,pass,Published phone: 0000000322 ,http://www.dgshipping.gov.lk/web/images/2026/MSS_Noties/Bid_cleaning_service_PDF.pdf,
phone,pass,Published phone: 0000001202 ,http://www.dgshipping.gov.lk/web/images/2026/MSS_Noties/Bid_cleaning_service_PDF.pdf,
phone,pass,Published phone: 0000000586 ,http://www.dgshipping.gov.lk/web/images/2026/MSS_Noties/Bid_cleaning_service_PDF.pdf,
phone,pass,Published phone: 0000001093 ,http://www.dgshipping.gov.lk/web/images/2026/MSS_Noties/Bid_cleaning_service_PDF.pdf,
phone,pass,Published phone: 0000000645 ,http://www.dgshipping.gov.lk/web/images/2026/MSS_Noties/Bid_cleaning_service_PDF.pdf,
phone,pass,Published phone: 0000280796 ,http://www.dgshipping.gov.lk/web/images/2026/MSS_Noties/Bid_cleaning_service_PDF.pdf,
phone,pass,Published phone: 0000001062 ,http://www.dgshipping.gov.lk/web/images/2026/MSS_Noties/Bid_cleaning_service_PDF.pdf,
phone,pass,Published phone: 0000000277 ,http://www.dgshipping.gov.lk/web/images/2026/MSS_Noties/Bid_cleaning_service_PDF.pdf,
phone,pass,Published phone: 0000000802 ,http://www.dgshipping.gov.lk/web/images/2026/MSS_Noties/Bid_cleaning_service_PDF.pdf,
phone,pass,Published phone: 0000001029 ,http://www.dgshipping.gov.lk/web/images/2026/MSS_Noties/Bid_cleaning_service_PDF.pdf,
phone,pass,Published phone: 0000001288 ,http://www.dgshipping.gov.lk/web/images/2026/MSS_Noties/Bid_cleaning_service_PDF.pdf,
phone,pass,Published phone: 0000000269 ,http://www.dgshipping.gov.lk/web/images/2026/MSS_Noties/Bid_cleaning_service_PDF.pdf,
phone,pass,Published phone: 0000000817 ,http://www.dgshipping.gov.lk/web/images/2026/MSS_Noties/Bid_cleaning_service_PDF.pdf,
phone,pass,Published phone: 0000000575 ,http://www.dgshipping.gov.lk/web/images/2026/MSS_Noties/Bid_cleaning_service_PDF.pdf,
phone,pass,Published phone: 0000000908 ,http://www.dgshipping.gov.lk/web/images/2026/MSS_Noties/Bid_cleaning_service_PDF.pdf,
phone,pass,Published phone: 0000248639 ,http://www.dgshipping.gov.lk/web/images/2026/MSS_Noties/Bid_cleaning_service_PDF.pdf,
phone,pass,Published phone: 0000000144 ,http://www.dgshipping.gov.lk/web/images/2026/MSS_Noties/Bid_cleaning_service_PDF.pdf,
phone,pass,Published phone: 0000000457 ,http://www.dgshipping.gov.lk/web/images/2026/MSS_Noties/Bid_cleaning_service_PDF.pdf,
phone,pass,Published phone: 0000000755 ,http://www.dgshipping.gov.lk/web/images/2026/MSS_Noties/Bid_cleaning_service_PDF.pdf,
phone,pass,Published phone: 0000000620 ,http://www.dgshipping.gov.lk/web/images/2026/MSS_Noties/Bid_cleaning_service_PDF.pdf,
phone,pass,Published phone: 0000000906 ,http://www.dgshipping.gov.lk/web/images/2026/MSS_Noties/Bid_cleaning_service_PDF.pdf,
phone,pass,Published phone: 0000000952 ,http://www.dgshipping.gov.lk/web/images/2026/MSS_Noties/Bid_cleaning_service_PDF.pdf,
phone,pass,Published phone: 0000000810 ,http://www.dgshipping.gov.lk/web/images/2026/MSS_Noties/Bid_cleaning_service_PDF.pdf,
phone,pass,Published phone: 0000000410 ,http://www.dgshipping.gov.lk/web/images/2026/MSS_Noties/Bid_cleaning_service_PDF.pdf,
phone,pass,Published phone: 0000001322 ,http://www.dgshipping.gov.lk/web/images/2026/MSS_Noties/Bid_cleaning_service_PDF.pdf,
phone,pass,Published phone: 0000001245 ,http://www.dgshipping.gov.lk/web/images/2026/MSS_Noties/Bid_cleaning_service_PDF.pdf,
phone,pass,Published phone: 0000000941 ,http://www.dgshipping.gov.lk/web/images/2026/MSS_Noties/Bid_cleaning_service_PDF.pdf,
phone,pass,Published phone: 0000000785 ,http://www.dgshipping.gov.lk/web/images/2026/MSS_Noties/Bid_cleaning_service_PDF.pdf,
phone,pass,Published phone: 0000000657 ,http://www.dgshipping.gov.lk/web/images/2026/MSS_Noties/Bid_cleaning_service_PDF.pdf,
phone,pass,Published phone: 0000000264 ,http://www.dgshipping.gov.lk/web/images/2026/MSS_Noties/Bid_cleaning_service_PDF.pdf,
phone,pass,Published phone: 0000000171 ,http://www.dgshipping.gov.lk/web/images/2026/MSS_Noties/Bid_cleaning_service_PDF.pdf,
phone,pass,Published phone: 0000000435 ,http://www.dgshipping.gov.lk/web/images/2026/MSS_Noties/Bid_cleaning_service_PDF.pdf,
phone,pass,Published phone: 0000000130 ,http://www.dgshipping.gov.lk/web/images/2026/MSS_Noties/Bid_cleaning_service_PDF.pdf,
phone,pass,Published phone: 0000001203 ,http://www.dgshipping.gov.lk/web/images/2026/MSS_Noties/Bid_cleaning_service_PDF.pdf,
phone,pass,Published phone: 0000000182 ,http://www.dgshipping.gov.lk/web/images/2026/MSS_Noties/Bid_cleaning_service_PDF.pdf,
phone,pass,Published phone: 0000000430 ,http://www.dgshipping.gov.lk/web/images/2026/MSS_Noties/Bid_cleaning_service_PDF.pdf,
phone,pass,Published phone: 0000000297 ,http://www.dgshipping.gov.lk/web/images/2026/MSS_Noties/Bid_cleaning_service_PDF.pdf,
phone,pass,Published phone: 0000133729 ,http://www.dgshipping.gov.lk/web/images/2026/MSS_Noties/Bid_cleaning_service_PDF.pdf,
phone,pass,Published phone: 0000000567 ,http://www.dgshipping.gov.lk/web/images/2026/MSS_Noties/Bid_cleaning_service_PDF.pdf,
phone,pass,Published phone: 08 656 431 65,http://www.dgshipping.gov.lk/web/images/2026/MSS_Noties/Bid_cleaning_service_PDF.pdf,
phone,pass,Published phone: 0000000816 ,http://www.dgshipping.gov.lk/web/images/2026/MSS_Noties/Bid_cleaning_service_PDF.pdf,
phone,pass,Published phone: 0000000999 ,http://www.dgshipping.gov.lk/web/images/2026/MSS_Noties/Bid_cleaning_service_PDF.pdf,
phone,pass,Published phone: 0000001279 ,http://www.dgshipping.gov.lk/web/images/2026/MSS_Noties/Bid_cleaning_service_PDF.pdf,
phone,pass,Published phone: 0000000706 ,http://www.dgshipping.gov.lk/web/images/2026/MSS_Noties/Bid_cleaning_service_PDF.pdf,
phone,pass,Published phone: 0000000961 ,http://www.dgshipping.gov.lk/web/images/2026/MSS_Noties/Bid_cleaning_service_PDF.pdf,
phone,pass,Published phone: 0000000733 ,http://www.dgshipping.gov.lk/web/images/2026/MSS_Noties/Bid_cleaning_service_PDF.pdf,
phone,pass,Published phone: 0000275521 ,http://www.dgshipping.gov.lk/web/images/2026/MSS_Noties/Bid_cleaning_service_PDF.pdf,
phone,pass,Published phone: 0000000756 ,http://www.dgshipping.gov.lk/web/images/2026/MSS_Noties/Bid_cleaning_service_PDF.pdf,
phone,pass,Published phone: 0000001031 ,http://www.dgshipping.gov.lk/web/images/2026/MSS_Noties/Bid_cleaning_service_PDF.pdf,
phone,pass,Published phone: 0000173969 ,http://www.dgshipping.gov.lk/web/images/2026/MSS_Noties/Bid_cleaning_service_PDF.pdf,
phone,pass,Published phone: 0000000402 ,http://www.dgshipping.gov.lk/web/images/2026/MSS_Noties/Bid_cleaning_service_PDF.pdf,
phone,pass,Published phone: 0000000539 ,http://www.dgshipping.gov.lk/web/images/2026/MSS_Noties/Bid_cleaning_service_PDF.pdf,
phone,pass,Published phone: 0000000512 ,http://www.dgshipping.gov.lk/web/images/2026/MSS_Noties/Bid_cleaning_service_PDF.pdf,
phone,pass,Published phone: 0000000352 ,http://www.dgshipping.gov.lk/web/images/2026/MSS_Noties/Bid_cleaning_service_PDF.pdf,
phone,pass,Published phone: 0000001026 ,http://www.dgshipping.gov.lk/web/images/2026/MSS_Noties/Bid_cleaning_service_PDF.pdf,
phone,pass,Published phone: 0000000199 ,http://www.dgshipping.gov.lk/web/images/2026/MSS_Noties/Bid_cleaning_service_PDF.pdf,
phone,pass,Published phone: 0000000736 ,http://www.dgshipping.gov.lk/web/images/2026/MSS_Noties/Bid_cleaning_service_PDF.pdf,
phone,pass,Published phone: 0000000561 ,http://www.dgshipping.gov.lk/web/images/2026/MSS_Noties/Bid_cleaning_service_PDF.pdf,
phone,pass,Published phone: 0000001019 ,http://www.dgshipping.gov.lk/web/images/2026/MSS_Noties/Bid_cleaning_service_PDF.pdf,
phone,pass,Published phone: 0000336293 ,http://www.dgshipping.gov.lk/web/images/2026/MSS_Noties/Bid_cleaning_service_PDF.pdf,
phone,pass,Published phone: 0000000919 ,http://www.dgshipping.gov.lk/web/images/2026/MSS_Noties/Bid_cleaning_service_PDF.pdf,
phone,pass,Published phone: 0000000443 ,http://www.dgshipping.gov.lk/web/images/2026/MSS_Noties/Bid_cleaning_service_PDF.pdf,
phone,pass,Published phone: 0000000136 ,http://www.dgshipping.gov.lk/web/images/2026/MSS_Noties/Bid_cleaning_service_PDF.pdf,
phone,pass,Published phone: 0000000688 ,http://www.dgshipping.gov.lk/web/images/2026/MSS_Noties/Bid_cleaning_service_PDF.pdf,
phone,pass,Published phone: 0000001010 ,http://www.dgshipping.gov.lk/web/images/2026/MSS_Noties/Bid_cleaning_service_PDF.pdf,
phone,pass,Published phone: 0000000482 ,http://www.dgshipping.gov.lk/web/images/2026/MSS_Noties/Bid_cleaning_service_PDF.pdf,
phone,pass,Published phone: 0000000683 ,http://www.dgshipping.gov.lk/web/images/2026/MSS_Noties/Bid_cleaning_service_PDF.pdf,
phone,pass,Published phone: 0000000968 ,http://www.dgshipping.gov.lk/web/images/2026/MSS_Noties/Bid_cleaning_service_PDF.pdf,
phone,pass,Published phone: 0000000986 ,http://www.dgshipping.gov.lk/web/images/2026/MSS_Noties/Bid_cleaning_service_PDF.pdf,
phone,pass,Published phone: 0000001072 ,http://www.dgshipping.gov.lk/web/images/2026/MSS_Noties/Bid_cleaning_service_PDF.pdf,
phone,pass,Published phone: 0000001218 ,http://www.dgshipping.gov.lk/web/images/2026/MSS_Noties/Bid_cleaning_service_PDF.pdf,
phone,pass,Published phone: 0000000427 ,http://www.dgshipping.gov.lk/web/images/2026/MSS_Noties/Bid_cleaning_service_PDF.pdf,
phone,pass,Published phone: 0000000734 ,http://www.dgshipping.gov.lk/web/images/2026/MSS_Noties/Bid_cleaning_service_PDF.pdf,
phone,pass,Published phone: 0000000668 ,http://www.dgshipping.gov.lk/web/images/2026/MSS_Noties/Bid_cleaning_service_PDF.pdf,
phone,pass,Published phone: 0000000625 ,http://www.dgshipping.gov.lk/web/images/2026/MSS_Noties/Bid_cleaning_service_PDF.pdf,
phone,pass,Published phone: 0000520008 ,http://www.dgshipping.gov.lk/web/images/2026/MSS_Noties/Bid_cleaning_service_PDF.pdf,
phone,pass,Published phone: 0000000292 ,http://www.dgshipping.gov.lk/web/images/2026/MSS_Noties/Bid_cleaning_service_PDF.pdf,
phone,pass,Published phone: 0000000729 ,http://www.dgshipping.gov.lk/web/images/2026/MSS_Noties/Bid_cleaning_service_PDF.pdf,
phone,pass,Published phone: 0000000864 ,http://www.dgshipping.gov.lk/web/images/2026/MSS_Noties/Bid_cleaning_service_PDF.pdf,
phone,pass,Published phone: 0000000283 ,http://www.dgshipping.gov.lk/web/images/2026/MSS_Noties/Bid_cleaning_service_PDF.pdf,
phone,pass,Published phone: 0000000792 ,http://www.dgshipping.gov.lk/web/images/2026/MSS_Noties/Bid_cleaning_service_PDF.pdf,
phone,pass,Published phone: 0000000713 ,http://www.dgshipping.gov.lk/web/images/2026/MSS_Noties/Bid_cleaning_service_PDF.pdf,
phone,pass,Published phone: 0000000498 ,http://www.dgshipping.gov.lk/web/images/2026/MSS_Noties/Bid_cleaning_service_PDF.pdf,
phone,pass,Published phone: 0000000489 ,http://www.dgshipping.gov.lk/web/images/2026/MSS_Noties/Bid_cleaning_service_PDF.pdf,
phone,pass,Published phone: 0000001311 ,http://www.dgshipping.gov.lk/web/images/2026/MSS_Noties/Bid_cleaning_service_PDF.pdf,
phone,pass,Published phone: 0000410703 ,http://www.dgshipping.gov.lk/web/images/2026/MSS_Noties/Bid_cleaning_service_PDF.pdf,
phone,pass,Published phone: 0000001158 ,http://www.dgshipping.gov.lk/web/images/2026/MSS_Noties/Bid_cleaning_service_PDF.pdf,
phone,pass,Published phone: 0000000259 ,http://www.dgshipping.gov.lk/web/images/2026/MSS_Noties/Bid_cleaning_service_PDF.pdf,
phone,pass,Published phone: 0000000822 ,http://www.dgshipping.gov.lk/web/images/2026/MSS_Noties/Bid_cleaning_service_PDF.pdf,
phone,pass,Published phone: 0000001113 ,http://www.dgshipping.gov.lk/web/images/2026/MSS_Noties/Bid_cleaning_service_PDF.pdf,
phone,pass,Published phone: 0000001308 ,http://www.dgshipping.gov.lk/web/images/2026/MSS_Noties/Bid_cleaning_service_PDF.pdf,
phone,pass,Published phone: 0000000926 ,http://www.dgshipping.gov.lk/web/images/2026/MSS_Noties/Bid_cleaning_service_PDF.pdf,
phone,pass,Published phone: 0000001188 ,http://www.dgshipping.gov.lk/web/images/2026/MSS_Noties/Bid_cleaning_service_PDF.pdf,
phone,pass,Published phone: 0000307339 ,http://www.dgshipping.gov.lk/web/images/2026/MSS_Noties/Bid_cleaning_service_PDF.pdf,
phone,pass,Published phone: 0000000347 ,http://www.dgshipping.gov.lk/web/images/2026/MSS_Noties/Bid_cleaning_service_PDF.pdf,
phone,pass,Published phone: 0000029949 ,http://www.dgshipping.gov.lk/web/images/2026/MSS_Noties/Bid_cleaning_service_PDF.pdf,
phone,pass,Published phone: 0000001299 ,http://www.dgshipping.gov.lk/web/images/2026/MSS_Noties/Bid_cleaning_service_PDF.pdf,
phone,pass,Published phone: 0000000622 ,http://www.dgshipping.gov.lk/web/images/2026/MSS_Noties/Bid_cleaning_service_PDF.pdf,
phone,pass,Published phone: 0000000869 ,http://www.dgshipping.gov.lk/web/images/2026/MSS_Noties/Bid_cleaning_service_PDF.pdf,
phone,pass,Published phone: 0000100179 ,http://www.dgshipping.gov.lk/web/images/2026/MSS_Noties/Bid_cleaning_service_PDF.pdf,
phone,pass,Published phone: 0000000807 ,http://www.dgshipping.gov.lk/web/images/2026/MSS_Noties/Bid_cleaning_service_PDF.pdf,
phone,pass,Published phone: 0000000704 ,http://www.dgshipping.gov.lk/web/images/2026/MSS_Noties/Bid_cleaning_service_PDF.pdf,
phone,pass,Published phone: 0000521206 ,http://www.dgshipping.gov.lk/web/images/2026/MSS_Noties/Bid_cleaning_service_PDF.pdf,
phone,pass,Published phone: 0000000432 ,http://www.dgshipping.gov.lk/web/images/2026/MSS_Noties/Bid_cleaning_service_PDF.pdf,
phone,pass,Published phone: 0000000621 ,http://www.dgshipping.gov.lk/web/images/2026/MSS_Noties/Bid_cleaning_service_PDF.pdf,
phone,pass,Published phone: 0000000106 ,http://www.dgshipping.gov.lk/web/images/2026/MSS_Noties/Bid_cleaning_service_PDF.pdf,
phone,pass,Published phone: 0000000681 ,http://www.dgshipping.gov.lk/web/images/2026/MSS_Noties/Bid_cleaning_service_PDF.pdf,
phone,pass,Published phone: 0000000942 ,http://www.dgshipping.gov.lk/web/images/2026/MSS_Noties/Bid_cleaning_service_PDF.pdf,
phone,pass,Published phone: 00 444 333 50,http://www.dgshipping.gov.lk/web/images/2026/MSS_Noties/Bid_cleaning_service_PDF.pdf,
phone,pass,Published phone: 0000000922 ,http://www.dgshipping.gov.lk/web/images/2026/MSS_Noties/Bid_cleaning_service_PDF.pdf,
phone,pass,Published phone: 0000000444 ,http://www.dgshipping.gov.lk/web/images/2026/MSS_Noties/Bid_cleaning_service_PDF.pdf,
phone,pass,Published phone: 0000001321 ,http://www.dgshipping.gov.lk/web/images/2026/MSS_Noties/Bid_cleaning_service_PDF.pdf,
phone,pass,Published phone: 0000000630 ,http://www.dgshipping.gov.lk/web/images/2026/MSS_Noties/Bid_cleaning_service_PDF.pdf,
phone,pass,Published phone: 0000001055 ,http://www.dgshipping.gov.lk/web/images/2026/MSS_Noties/Bid_cleaning_service_PDF.pdf,
phone,pass,Published phone: 0000322394 ,http://www.dgshipping.gov.lk/web/images/2026/MSS_Noties/Bid_cleaning_service_PDF.pdf,
phone,pass,Published phone: 0000001014 ,http://www.dgshipping.gov.lk/web/images/2026/MSS_Noties/Bid_cleaning_service_PDF.pdf,
phone,pass,Published phone: 0000000812 ,http://www.dgshipping.gov.lk/web/images/2026/MSS_Noties/Bid_cleaning_service_PDF.pdf,
phone,pass,Published phone: 0000000844 ,http://www.dgshipping.gov.lk/web/images/2026/MSS_Noties/Bid_cleaning_service_PDF.pdf,
phone,pass,Published phone: 0000000841 ,http://www.dgshipping.gov.lk/web/images/2026/MSS_Noties/Bid_cleaning_service_PDF.pdf,
phone,pass,Published phone: 0000001261 ,http://www.dgshipping.gov.lk/web/images/2026/MSS_Noties/Bid_cleaning_service_PDF.pdf,
phone,pass,Published phone: 0000000462 ,http://www.dgshipping.gov.lk/web/images/2026/MSS_Noties/Bid_cleaning_service_PDF.pdf,
phone,pass,Published phone: 0000001262 ,http://www.dgshipping.gov.lk/web/images/2026/MSS_Noties/Bid_cleaning_service_PDF.pdf,
phone,pass,Published phone: 0000000203 ,http://www.dgshipping.gov.lk/web/images/2026/MSS_Noties/Bid_cleaning_service_PDF.pdf,
phone,pass,Published phone: 0000000640 ,http://www.dgshipping.gov.lk/web/images/2026/MSS_Noties/Bid_cleaning_service_PDF.pdf,
phone,pass,Published phone: 0000000132 ,http://www.dgshipping.gov.lk/web/images/2026/MSS_Noties/Bid_cleaning_service_PDF.pdf,
phone,pass,Published phone: 0000000641 ,http://www.dgshipping.gov.lk/web/images/2026/MSS_Noties/Bid_cleaning_service_PDF.pdf,
phone,pass,Published phone: 0000000454 ,http://www.dgshipping.gov.lk/web/images/2026/MSS_Noties/Bid_cleaning_service_PDF.pdf,
phone,pass,Published phone: 0000000117 ,http://www.dgshipping.gov.lk/web/images/2026/MSS_Noties/Bid_cleaning_service_PDF.pdf,
phone,pass,Published phone: 0000000111 ,http://www.dgshipping.gov.lk/web/images/2026/MSS_Noties/Bid_cleaning_service_PDF.pdf,
phone,pass,Published phone: 0000001020 ,http://www.dgshipping.gov.lk/web/images/2026/MSS_Noties/Bid_cleaning_service_PDF.pdf,
phone,pass,Published phone: 0000000343 ,http://www.dgshipping.gov.lk/web/images/2026/MSS_Noties/Bid_cleaning_service_PDF.pdf,
phone,pass,Published phone: 0000000112 ,http://www.dgshipping.gov.lk/web/images/2026/MSS_Noties/Bid_cleaning_service_PDF.pdf,
phone,pass,Published phone: 0000000475 ,http://www.dgshipping.gov.lk/web/images/2026/MSS_Noties/Bid_cleaning_service_PDF.pdf,
phone,pass,Published phone: 0000000476 ,http://www.dgshipping.gov.lk/web/images/2026/MSS_Noties/Bid_cleaning_service_PDF.pdf,
phone,pass,Published phone: 0000000242 ,http://www.dgshipping.gov.lk/web/images/2026/MSS_Noties/Bid_cleaning_service_PDF.pdf,
phone,pass,Published phone: 0000000651 ,http://www.dgshipping.gov.lk/web/images/2026/MSS_Noties/Bid_cleaning_service_PDF.pdf,
phone,pass,Published phone: 0000001251 ,http://www.dgshipping.gov.lk/web/images/2026/MSS_Noties/Bid_cleaning_service_PDF.pdf,
phone,pass,Published phone: 0000001084 ,http://www.dgshipping.gov.lk/web/images/2026/MSS_Noties/Bid_cleaning_service_PDF.pdf,
phone,pass,Published phone: 0000000235 ,http://www.dgshipping.gov.lk/web/images/2026/MSS_Noties/Bid_cleaning_service_PDF.pdf,
phone,pass,Published phone: 0000000168 ,http://www.dgshipping.gov.lk/web/images/2026/MSS_Noties/Bid_cleaning_service_PDF.pdf,
phone,pass,Published phone: 0000000220 ,http://www.dgshipping.gov.lk/web/images/2026/MSS_Noties/Bid_cleaning_service_PDF.pdf,
phone,pass,Published phone: 0000000920 ,http://www.dgshipping.gov.lk/web/images/2026/MSS_Noties/Bid_cleaning_service_PDF.pdf,
phone,pass,Published phone: 0000001186 ,http://www.dgshipping.gov.lk/web/images/2026/MSS_Noties/Bid_cleaning_service_PDF.pdf,
phone,pass,Published phone: 0000001216 ,http://www.dgshipping.gov.lk/web/images/2026/MSS_Noties/Bid_cleaning_service_PDF.pdf,
phone,pass,Published phone: 0000000604 ,http://www.dgshipping.gov.lk/web/images/2026/MSS_Noties/Bid_cleaning_service_PDF.pdf,
phone,pass,Published phone: 0000000902 ,http://www.dgshipping.gov.lk/web/images/2026/MSS_Noties/Bid_cleaning_service_PDF.pdf,
phone,pass,Published phone: 0000000710 ,http://www.dgshipping.gov.lk/web/images/2026/MSS_Noties/Bid_cleaning_service_PDF.pdf,
phone,pass,Published phone: 0000000711 ,http://www.dgshipping.gov.lk/web/images/2026/MSS_Noties/Bid_cleaning_service_PDF.pdf,
phone,pass,Published phone: 0000001182 ,http://www.dgshipping.gov.lk/web/images/2026/MSS_Noties/Bid_cleaning_service_PDF.pdf,
phone,pass,Published phone: 0000000181 ,http://www.dgshipping.gov.lk/web/images/2026/MSS_Noties/Bid_cleaning_service_PDF.pdf,
phone,pass,Published phone: 0000000316 ,http://www.dgshipping.gov.lk/web/images/2026/MSS_Noties/Bid_cleaning_service_PDF.pdf,
phone,pass,Published phone: 0000000356 ,http://www.dgshipping.gov.lk/web/images/2026/MSS_Noties/Bid_cleaning_service_PDF.pdf,
phone,pass,Published phone: 0000000907 ,http://www.dgshipping.gov.lk/web/images/2026/MSS_Noties/Bid_cleaning_service_PDF.pdf,
phone,pass,Published phone: 0000001151 ,http://www.dgshipping.gov.lk/web/images/2026/MSS_Noties/Bid_cleaning_service_PDF.pdf,
phone,pass,Published phone: 0000000687 ,http://www.dgshipping.gov.lk/web/images/2026/MSS_Noties/Bid_cleaning_service_PDF.pdf,
phone,pass,Published phone: 0000000227 ,http://www.dgshipping.gov.lk/web/images/2026/MSS_Noties/Bid_cleaning_service_PDF.pdf,
phone,pass,Published phone: 0000000110 ,http://www.dgshipping.gov.lk/web/images/2026/MSS_Noties/Bid_cleaning_service_PDF.pdf,
phone,pass,Published phone: 0000000209 ,http://www.dgshipping.gov.lk/web/images/2026/MSS_Noties/Bid_cleaning_service_PDF.pdf,
phone,pass,Published phone: 0000000901 ,http://www.dgshipping.gov.lk/web/images/2026/MSS_Noties/Bid_cleaning_service_PDF.pdf,
phone,pass,Published phone: 0000000379 ,http://www.dgshipping.gov.lk/web/images/2026/MSS_Noties/Bid_cleaning_service_PDF.pdf,
phone,pass,Published phone: 0000000982 ,http://www.dgshipping.gov.lk/web/images/2026/MSS_Noties/Bid_cleaning_service_PDF.pdf,
phone,pass,Published phone: 0000001259 ,http://www.dgshipping.gov.lk/web/images/2026/MSS_Noties/Bid_cleaning_service_PDF.pdf,
phone,pass,Published phone: 0000000191 ,http://www.dgshipping.gov.lk/web/images/2026/MSS_Noties/Bid_cleaning_service_PDF.pdf,
phone,pass,Published phone: 0000000878 ,http://www.dgshipping.gov.lk/web/images/2026/MSS_Noties/Bid_cleaning_service_PDF.pdf,
phone,pass,Published phone: 0000000635 ,http://www.dgshipping.gov.lk/web/images/2026/MSS_Noties/Bid_cleaning_service_PDF.pdf,
phone,pass,Published phone: 0000001268 ,http://www.dgshipping.gov.lk/web/images/2026/MSS_Noties/Bid_cleaning_service_PDF.pdf,
phone,pass,Published phone: 0000000533 ,http://www.dgshipping.gov.lk/web/images/2026/MSS_Noties/Bid_cleaning_service_PDF.pdf,
phone,pass,Published phone: 0000000245 ,http://www.dgshipping.gov.lk/web/images/2026/MSS_Noties/Bid_cleaning_service_PDF.pdf,
phone,pass,Published phone: 0000000642 ,http://www.dgshipping.gov.lk/web/images/2026/MSS_Noties/Bid_cleaning_service_PDF.pdf,
phone,pass,Published phone: 0000000558 ,http://www.dgshipping.gov.lk/web/images/2026/MSS_Noties/Bid_cleaning_service_PDF.pdf,
phone,pass,Published phone: 0000000308 ,http://www.dgshipping.gov.lk/web/images/2026/MSS_Noties/Bid_cleaning_service_PDF.pdf,
phone,pass,Published phone: 0000521510 ,http://www.dgshipping.gov.lk/web/images/2026/MSS_Noties/Bid_cleaning_service_PDF.pdf,
phone,pass,Published phone: 0000000178 ,http://www.dgshipping.gov.lk/web/images/2026/MSS_Noties/Bid_cleaning_service_PDF.pdf,
phone,pass,Published phone: 0000001326 ,http://www.dgshipping.gov.lk/web/images/2026/MSS_Noties/Bid_cleaning_service_PDF.pdf,
phone,pass,Published phone: 0000000595 ,http://www.dgshipping.gov.lk/web/images/2026/MSS_Noties/Bid_cleaning_service_PDF.pdf,
phone,pass,Published phone: 0000000773 ,http://www.dgshipping.gov.lk/web/images/2026/MSS_Noties/Bid_cleaning_service_PDF.pdf,
phone,pass,Published phone: 0000000970 ,http://www.dgshipping.gov.lk/web/images/2026/MSS_Noties/Bid_cleaning_service_PDF.pdf,
phone,pass,Published phone: 0000001136 ,http://www.dgshipping.gov.lk/web/images/2026/MSS_Noties/Bid_cleaning_service_PDF.pdf,
phone,pass,Published phone: 0000000404 ,http://www.dgshipping.gov.lk/web/images/2026/MSS_Noties/Bid_cleaning_service_PDF.pdf,
phone,pass,Published phone: 0000001077 ,http://www.dgshipping.gov.lk/web/images/2026/MSS_Noties/Bid_cleaning_service_PDF.pdf,
phone,pass,Published phone: 0000000835 ,http://www.dgshipping.gov.lk/web/images/2026/MSS_Noties/Bid_cleaning_service_PDF.pdf,
phone,pass,Published phone: 0000001061 ,http://www.dgshipping.gov.lk/web/images/2026/MSS_Noties/Bid_cleaning_service_PDF.pdf,
phone,pass,Published phone: 0000000761 ,http://www.dgshipping.gov.lk/web/images/2026/MSS_Noties/Bid_cleaning_service_PDF.pdf,
phone,pass,Published phone: 0000000407 ,http://www.dgshipping.gov.lk/web/images/2026/MSS_Noties/Bid_cleaning_service_PDF.pdf,
phone,pass,Published phone: 0000000272 ,http://www.dgshipping.gov.lk/web/images/2026/MSS_Noties/Bid_cleaning_service_PDF.pdf,
phone,pass,Published phone: 0000093846 ,http://www.dgshipping.gov.lk/web/images/2026/MSS_Noties/Bid_cleaning_service_PDF.pdf,
phone,pass,Published phone: 0000000563 ,http://www.dgshipping.gov.lk/web/images/2026/MSS_Noties/Bid_cleaning_service_PDF.pdf,
phone,pass,Published phone: 0000001210 ,http://www.dgshipping.gov.lk/web/images/2026/MSS_Noties/Bid_cleaning_service_PDF.pdf,
phone,pass,Published phone: 0000000409 ,http://www.dgshipping.gov.lk/web/images/2026/MSS_Noties/Bid_cleaning_service_PDF.pdf,
phone,pass,Published phone: 0000001101 ,http://www.dgshipping.gov.lk/web/images/2026/MSS_Noties/Bid_cleaning_service_PDF.pdf,
phone,pass,Published phone: 0000000201 ,http://www.dgshipping.gov.lk/web/images/2026/MSS_Noties/Bid_cleaning_service_PDF.pdf,
phone,pass,Published phone: 0000000169 ,http://www.dgshipping.gov.lk/web/images/2026/MSS_Noties/Bid_cleaning_service_PDF.pdf,
phone,pass,Published phone: 0000000536 ,http://www.dgshipping.gov.lk/web/images/2026/MSS_Noties/Bid_cleaning_service_PDF.pdf,
phone,pass,Published phone: 0000079121 ,http://www.dgshipping.gov.lk/web/images/2026/MSS_Noties/Bid_cleaning_service_PDF.pdf,
phone,pass,Published phone: 0000001291 ,http://www.dgshipping.gov.lk/web/images/2026/MSS_Noties/Bid_cleaning_service_PDF.pdf,
phone,pass,Published phone: 0000001223 ,http://www.dgshipping.gov.lk/web/images/2026/MSS_Noties/Bid_cleaning_service_PDF.pdf,
phone,pass,Published phone: 0000001064 ,http://www.dgshipping.gov.lk/web/images/2026/MSS_Noties/Bid_cleaning_service_PDF.pdf,
phone,pass,Published phone: 0000000516 ,http://www.dgshipping.gov.lk/web/images/2026/MSS_Noties/Bid_cleaning_service_PDF.pdf,
phone,pass,Published phone: 0000000464 ,http://www.dgshipping.gov.lk/web/images/2026/MSS_Noties/Bid_cleaning_service_PDF.pdf,
phone,pass,Published phone: 0000000737 ,http://www.dgshipping.gov.lk/web/images/2026/MSS_Noties/Bid_cleaning_service_PDF.pdf,
phone,pass,Published phone: 0000000570 ,http://www.dgshipping.gov.lk/web/images/2026/MSS_Noties/Bid_cleaning_service_PDF.pdf,
phone,pass,Published phone: 0000001236 ,http://www.dgshipping.gov.lk/web/images/2026/MSS_Noties/Bid_cleaning_service_PDF.pdf,
phone,pass,Published phone: 0000000260 ,http://www.dgshipping.gov.lk/web/images/2026/MSS_Noties/Bid_cleaning_service_PDF.pdf,
phone,pass,Published phone: 0000000847 ,http://www.dgshipping.gov.lk/web/images/2026/MSS_Noties/Bid_cleaning_service_PDF.pdf,
phone,pass,Published phone: 0000001079 ,http://www.dgshipping.gov.lk/web/images/2026/MSS_Noties/Bid_cleaning_service_PDF.pdf,
phone,pass,Published phone: 0000001074 ,http://www.dgshipping.gov.lk/web/images/2026/MSS_Noties/Bid_cleaning_service_PDF.pdf,
phone,pass,Published phone: 0000000921 ,http://www.dgshipping.gov.lk/web/images/2026/MSS_Noties/Bid_cleaning_service_PDF.pdf,
phone,pass,Published phone: 0000343945 ,http://www.dgshipping.gov.lk/web/images/2026/MSS_Noties/Bid_cleaning_service_PDF.pdf,
phone,pass,Published phone: 0000001069 ,http://www.dgshipping.gov.lk/web/images/2026/MSS_Noties/Bid_cleaning_service_PDF.pdf,
phone,pass,Published phone: 0000354351 ,http://www.dgshipping.gov.lk/web/images/2026/MSS_Noties/Bid_cleaning_service_PDF.pdf,
phone,pass,Published phone: 0000000892 ,http://www.dgshipping.gov.lk/web/images/2026/MSS_Noties/Bid_cleaning_service_PDF.pdf,
phone,pass,Published phone: 0000000914 ,http://www.dgshipping.gov.lk/web/images/2026/MSS_Noties/Bid_cleaning_service_PDF.pdf,
phone,pass,Published phone: 0000000296 ,http://www.dgshipping.gov.lk/web/images/2026/MSS_Noties/Bid_cleaning_service_PDF.pdf,
phone,pass,Published phone: 0000000506 ,http://www.dgshipping.gov.lk/web/images/2026/MSS_Noties/Bid_cleaning_service_PDF.pdf,
phone,pass,Published phone: 0000000528 ,http://www.dgshipping.gov.lk/web/images/2026/MSS_Noties/Bid_cleaning_service_PDF.pdf,
phone,pass,Published phone: 0000000765 ,http://www.dgshipping.gov.lk/web/images/2026/MSS_Noties/Bid_cleaning_service_PDF.pdf,
phone,pass,Published phone: 0000000162 ,http://www.dgshipping.gov.lk/web/images/2026/MSS_Noties/Bid_cleaning_service_PDF.pdf,
phone,pass,Published phone: 0000000747 ,http://www.dgshipping.gov.lk/web/images/2026/MSS_Noties/Bid_cleaning_service_PDF.pdf,
phone,pass,Published phone: 0000000653 ,http://www.dgshipping.gov.lk/web/images/2026/MSS_Noties/Bid_cleaning_service_PDF.pdf,
phone,pass,Published phone: 0000001081 ,http://www.dgshipping.gov.lk/web/images/2026/MSS_Noties/Bid_cleaning_service_PDF.pdf,
phone,pass,Published phone: 0000000210 ,http://www.dgshipping.gov.lk/web/images/2026/MSS_Noties/Bid_cleaning_service_PDF.pdf,
phone,pass,Published phone: 0000000659 ,http://www.dgshipping.gov.lk/web/images/2026/MSS_Noties/Bid_cleaning_service_PDF.pdf,
phone,pass,Published phone: 0000000530 ,http://www.dgshipping.gov.lk/web/images/2026/MSS_Noties/Bid_cleaning_service_PDF.pdf,
phone,pass,Published phone: 0000000893 ,http://www.dgshipping.gov.lk/web/images/2026/MSS_Noties/Bid_cleaning_service_PDF.pdf,
phone,pass,Published phone: 0000001115 ,http://www.dgshipping.gov.lk/web/images/2026/MSS_Noties/Bid_cleaning_service_PDF.pdf,
phone,pass,Published phone: 0000000396 ,http://www.dgshipping.gov.lk/web/images/2026/MSS_Noties/Bid_cleaning_service_PDF.pdf,
phone,pass,Published phone: 0000000527 ,http://www.dgshipping.gov.lk/web/images/2026/MSS_Noties/Bid_cleaning_service_PDF.pdf,
phone,pass,Published phone: 0000000538 ,http://www.dgshipping.gov.lk/web/images/2026/MSS_Noties/Bid_cleaning_service_PDF.pdf,
phone,pass,Published phone: 0000000796 ,http://www.dgshipping.gov.lk/web/images/2026/MSS_Noties/Bid_cleaning_service_PDF.pdf,
phone,pass,Published phone: 0000000601 ,http://www.dgshipping.gov.lk/web/images/2026/MSS_Noties/Bid_cleaning_service_PDF.pdf,
phone,pass,Published phone: 0000000124 ,http://www.dgshipping.gov.lk/web/images/2026/MSS_Noties/Bid_cleaning_service_PDF.pdf,
phone,pass,Published phone: 0000000202 ,http://www.dgshipping.gov.lk/web/images/2026/MSS_Noties/Bid_cleaning_service_PDF.pdf,
phone,pass,Published phone: 0000000494 ,http://www.dgshipping.gov.lk/web/images/2026/MSS_Noties/Bid_cleaning_service_PDF.pdf,
phone,pass,Published phone: 0000000143 ,http://www.dgshipping.gov.lk/web/images/2026/MSS_Noties/Bid_cleaning_service_PDF.pdf,
phone,pass,Published phone: 0000000479 ,http://www.dgshipping.gov.lk/web/images/2026/MSS_Noties/Bid_cleaning_service_PDF.pdf,
phone,pass,Published phone: 0000001052 ,http://www.dgshipping.gov.lk/web/images/2026/MSS_Noties/Bid_cleaning_service_PDF.pdf,
phone,pass,Published phone: 0000000930 ,http://www.dgshipping.gov.lk/web/images/2026/MSS_Noties/Bid_cleaning_service_PDF.pdf,
phone,pass,Published phone: 0000000975 ,http://www.dgshipping.gov.lk/web/images/2026/MSS_Noties/Bid_cleaning_service_PDF.pdf,
phone,pass,Published phone: 0000000905 ,http://www.dgshipping.gov.lk/web/images/2026/MSS_Noties/Bid_cleaning_service_PDF.pdf,
phone,pass,Published phone: 0000000564 ,http://www.dgshipping.gov.lk/web/images/2026/MSS_Noties/Bid_cleaning_service_PDF.pdf,
phone,pass,Published phone: 0000000157 ,http://www.dgshipping.gov.lk/web/images/2026/MSS_Noties/Bid_cleaning_service_PDF.pdf,
phone,pass,Published phone: 0000000725 ,http://www.dgshipping.gov.lk/web/images/2026/MSS_Noties/Bid_cleaning_service_PDF.pdf,
phone,pass,Published phone: 0000000748 ,http://www.dgshipping.gov.lk/web/images/2026/MSS_Noties/Bid_cleaning_service_PDF.pdf,
phone,pass,Published phone: 0000000253 ,http://www.dgshipping.gov.lk/web/images/2026/MSS_Noties/Bid_cleaning_service_PDF.pdf,
phone,pass,Published phone: 0000000371 ,http://www.dgshipping.gov.lk/web/images/2026/MSS_Noties/Bid_cleaning_service_PDF.pdf,
phone,pass,Published phone: 0000000387 ,http://www.dgshipping.gov.lk/web/images/2026/MSS_Noties/Bid_cleaning_service_PDF.pdf,
phone,pass,Published phone: 0000367102 ,http://www.dgshipping.gov.lk/web/images/2026/MSS_Noties/Bid_cleaning_service_PDF.pdf,
phone,pass,Published phone: 0000000294 ,http://www.dgshipping.gov.lk/web/images/2026/MSS_Noties/Bid_cleaning_service_PDF.pdf,
phone,pass,Published phone: 0000001156 ,http://www.dgshipping.gov.lk/web/images/2026/MSS_Noties/Bid_cleaning_service_PDF.pdf,
phone,pass,Published phone: 0000001078 ,http://www.dgshipping.gov.lk/web/images/2026/MSS_Noties/Bid_cleaning_service_PDF.pdf,
phone,pass,Published phone: 0000000633 ,http://www.dgshipping.gov.lk/web/images/2026/MSS_Noties/Bid_cleaning_service_PDF.pdf,
phone,pass,Published phone: 0000343655 ,http://www.dgshipping.gov.lk/web/images/2026/MSS_Noties/Bid_cleaning_service_PDF.pdf,
phone,pass,Published phone: 0000000739 ,http://www.dgshipping.gov.lk/web/images/2026/MSS_Noties/Bid_cleaning_service_PDF.pdf,
phone,pass,Published phone: 0000000615 ,http://www.dgshipping.gov.lk/web/images/2026/MSS_Noties/Bid_cleaning_service_PDF.pdf,
phone,pass,Published phone: 0000000913 ,http://www.dgshipping.gov.lk/web/images/2026/MSS_Noties/Bid_cleaning_service_PDF.pdf,
phone,pass,Published phone: 0000000960 ,http://www.dgshipping.gov.lk/web/images/2026/MSS_Noties/Bid_cleaning_service_PDF.pdf,
phone,pass,Published phone: 0000016540 ,http://www.dgshipping.gov.lk/web/images/2026/MSS_Noties/Bid_cleaning_service_PDF.pdf,
phone,pass,Published phone: 0000000672 ,http://www.dgshipping.gov.lk/web/images/2026/MSS_Noties/Bid_cleaning_service_PDF.pdf,
phone,pass,Published phone: 0000001199 ,http://www.dgshipping.gov.lk/web/images/2026/MSS_Noties/Bid_cleaning_service_PDF.pdf,
phone,pass,Published phone: 0000000701 ,http://www.dgshipping.gov.lk/web/images/2026/MSS_Noties/Bid_cleaning_service_PDF.pdf,
phone,pass,Published phone: 0000000240 ,http://www.dgshipping.gov.lk/web/images/2026/MSS_Noties/Bid_cleaning_service_PDF.pdf,
phone,pass,Published phone: 0000001048 ,http://www.dgshipping.gov.lk/web/images/2026/MSS_Noties/Bid_cleaning_service_PDF.pdf,
phone,pass,Published phone: 0000000957 ,http://www.dgshipping.gov.lk/web/images/2026/MSS_Noties/Bid_cleaning_service_PDF.pdf,
phone,pass,Published phone: 0000000751 ,http://www.dgshipping.gov.lk/web/images/2026/MSS_Noties/Bid_cleaning_service_PDF.pdf,
phone,pass,Published phone: 0000000797 ,http://www.dgshipping.gov.lk/web/images/2026/MSS_Noties/Bid_cleaning_service_PDF.pdf,
phone,pass,Published phone: 0000001316 ,http://www.dgshipping.gov.lk/web/images/2026/MSS_Noties/Bid_cleaning_service_PDF.pdf,
phone,pass,Published phone: 0000000709 ,http://www.dgshipping.gov.lk/web/images/2026/MSS_Noties/Bid_cleaning_service_PDF.pdf,
phone,pass,Published phone: 0000001294 ,http://www.dgshipping.gov.lk/web/images/2026/MSS_Noties/Bid_cleaning_service_PDF.pdf,
phone,pass,Published phone: 0000000722 ,http://www.dgshipping.gov.lk/web/images/2026/MSS_Noties/Bid_cleaning_service_PDF.pdf,
phone,pass,Published phone: 0000000677 ,http://www.dgshipping.gov.lk/web/images/2026/MSS_Noties/Bid_cleaning_service_PDF.pdf,
phone,pass,Published phone: 0000001083 ,http://www.dgshipping.gov.lk/web/images/2026/MSS_Noties/Bid_cleaning_service_PDF.pdf,
phone,pass,Published phone: 0000001325 ,http://www.dgshipping.gov.lk/web/images/2026/MSS_Noties/Bid_cleaning_service_PDF.pdf,
phone,pass,Published phone: 0000000500 ,http://www.dgshipping.gov.lk/web/images/2026/MSS_Noties/Bid_cleaning_service_PDF.pdf,
phone,pass,Published phone: 0000016253 ,http://www.dgshipping.gov.lk/web/images/2026/MSS_Noties/Bid_cleaning_service_PDF.pdf,
phone,pass,Published phone: 0000000663 ,http://www.dgshipping.gov.lk/web/images/2026/MSS_Noties/Bid_cleaning_service_PDF.pdf,
phone,pass,Published phone: 0000000335 ,http://www.dgshipping.gov.lk/web/images/2026/MSS_Noties/Bid_cleaning_service_PDF.pdf,
phone,pass,Published phone: 0000000667 ,http://www.dgshipping.gov.lk/web/images/2026/MSS_Noties/Bid_cleaning_service_PDF.pdf,
phone,pass,Published phone: 0000000783 ,http://www.dgshipping.gov.lk/web/images/2026/MSS_Noties/Bid_cleaning_service_PDF.pdf,
phone,pass,Published phone: 0000000685 ,http://www.dgshipping.gov.lk/web/images/2026/MSS_Noties/Bid_cleaning_service_PDF.pdf,
phone,pass,Published phone: 0000001250 ,http://www.dgshipping.gov.lk/web/images/2026/MSS_Noties/Bid_cleaning_service_PDF.pdf,
phone,pass,Published phone: 0000000486 ,http://www.dgshipping.gov.lk/web/images/2026/MSS_Noties/Bid_cleaning_service_PDF.pdf,
phone,pass,Published phone: 0000000784 ,http://www.dgshipping.gov.lk/web/images/2026/MSS_Noties/Bid_cleaning_service_PDF.pdf,
phone,pass,Published phone: 0000133502 ,http://www.dgshipping.gov.lk/web/images/2026/MSS_Noties/Bid_cleaning_service_PDF.pdf,
phone,pass,Published phone: 0000000552 ,http://www.dgshipping.gov.lk/web/images/2026/MSS_Noties/Bid_cleaning_service_PDF.pdf,
phone,pass,Published phone: 0000000465 ,http://www.dgshipping.gov.lk/web/images/2026/MSS_Noties/Bid_cleaning_service_PDF.pdf,
phone,pass,Published phone: 0000000447 ,http://www.dgshipping.gov.lk/web/images/2026/MSS_Noties/Bid_cleaning_service_PDF.pdf,
phone,pass,Published phone: 0000001138 ,http://www.dgshipping.gov.lk/web/images/2026/MSS_Noties/Bid_cleaning_service_PDF.pdf,
phone,pass,Published phone: 0000000197 ,http://www.dgshipping.gov.lk/web/images/2026/MSS_Noties/Bid_cleaning_service_PDF.pdf,
phone,pass,Published phone: 0 1350 00000,http://www.dgshipping.gov.lk/web/images/2026/MSS_Noties/Bid_cleaning_service_PDF.pdf,
phone,pass,Published phone: 0000000265 ,http://www.dgshipping.gov.lk/web/images/2026/MSS_Noties/Bid_cleaning_service_PDF.pdf,
phone,pass,Published phone: 0000000312 ,http://www.dgshipping.gov.lk/web/images/2026/MSS_Noties/Bid_cleaning_service_PDF.pdf,
phone,pass,Published phone: 0000114494 ,http://www.dgshipping.gov.lk/web/images/2026/MSS_Noties/Bid_cleaning_service_PDF.pdf,
phone,pass,Published phone: 0000000142 ,http://www.dgshipping.gov.lk/web/images/2026/MSS_Noties/Bid_cleaning_service_PDF.pdf,
phone,pass,Published phone: 0000000904 ,http://www.dgshipping.gov.lk/web/images/2026/MSS_Noties/Bid_cleaning_service_PDF.pdf,
phone,pass,Published phone: 0000000348 ,http://www.dgshipping.gov.lk/web/images/2026/MSS_Noties/Bid_cleaning_service_PDF.pdf,
phone,pass,Published phone: 0000000550 ,http://www.dgshipping.gov.lk/web/images/2026/MSS_Noties/Bid_cleaning_service_PDF.pdf,
phone,pass,Published phone: 0000001181 ,http://www.dgshipping.gov.lk/web/images/2026/MSS_Noties/Bid_cleaning_service_PDF.pdf,
phone,pass,Published phone: 0000013298 ,http://www.dgshipping.gov.lk/web/images/2026/MSS_Noties/Bid_cleaning_service_PDF.pdf,
phone,pass,Published phone: 0000000933 ,http://www.dgshipping.gov.lk/web/images/2026/MSS_Noties/Bid_cleaning_service_PDF.pdf,
phone,pass,Published phone: 0000399372 ,http://www.dgshipping.gov.lk/web/images/2026/MSS_Noties/Bid_cleaning_service_PDF.pdf,
phone,pass,Published phone: 0000000589 ,http://www.dgshipping.gov.lk/web/images/2026/MSS_Noties/Bid_cleaning_service_PDF.pdf,
phone,pass,Published phone: 0000000256 ,http://www.dgshipping.gov.lk/web/images/2026/MSS_Noties/Bid_cleaning_service_PDF.pdf,
phone,pass,Published phone: 0000000946 ,http://www.dgshipping.gov.lk/web/images/2026/MSS_Noties/Bid_cleaning_service_PDF.pdf,
phone,pass,Published phone: 0000001028 ,http://www.dgshipping.gov.lk/web/images/2026/MSS_Noties/Bid_cleaning_service_PDF.pdf,
phone,pass,Published phone: 0000000146 ,http://www.dgshipping.gov.lk/web/images/2026/MSS_Noties/Bid_cleaning_service_PDF.pdf,
phone,pass,Published phone: 0000001110 ,http://www.dgshipping.gov.lk/web/images/2026/MSS_Noties/Bid_cleaning_service_PDF.pdf,
phone,pass,Published phone: 0000001222 ,http://www.dgshipping.gov.lk/web/images/2026/MSS_Noties/Bid_cleaning_service_PDF.pdf,
phone,pass,Published phone: 0000001278 ,http://www.dgshipping.gov.lk/web/images/2026/MSS_Noties/Bid_cleaning_service_PDF.pdf,
phone,pass,Published phone: 0000087150 ,http://www.dgshipping.gov.lk/web/images/2026/MSS_Noties/Bid_cleaning_service_PDF.pdf,
phone,pass,Published phone: 0000015080 ,http://www.dgshipping.gov.lk/web/images/2026/MSS_Noties/Bid_cleaning_service_PDF.pdf,
phone,pass,Published phone: 0000000508 ,http://www.dgshipping.gov.lk/web/images/2026/MSS_Noties/Bid_cleaning_service_PDF.pdf,
phone,pass,Published phone: 0000000554 ,http://www.dgshipping.gov.lk/web/images/2026/MSS_Noties/Bid_cleaning_service_PDF.pdf,
phone,pass,Published phone: 0000260159 ,http://www.dgshipping.gov.lk/web/images/2026/MSS_Noties/Bid_cleaning_service_PDF.pdf,
phone,pass,Published phone: 0000000268 ,http://www.dgshipping.gov.lk/web/images/2026/MSS_Noties/Bid_cleaning_service_PDF.pdf,
phone,pass,Published phone: 0000001178 ,http://www.dgshipping.gov.lk/web/images/2026/MSS_Noties/Bid_cleaning_service_PDF.pdf,
phone,pass,Published phone: 0000000534 ,http://www.dgshipping.gov.lk/web/images/2026/MSS_Noties/Bid_cleaning_service_PDF.pdf,
phone,pass,Published phone: 0000001238 ,http://www.dgshipping.gov.lk/web/images/2026/MSS_Noties/Bid_cleaning_service_PDF.pdf,
phone,pass,Published phone: 0000000441 ,http://www.dgshipping.gov.lk/web/images/2026/MSS_Noties/Bid_cleaning_service_PDF.pdf,
phone,pass,Published phone: 0000000215 ,http://www.dgshipping.gov.lk/web/images/2026/MSS_Noties/Bid_cleaning_service_PDF.pdf,
phone,pass,Published phone: 0000015350 ,http://www.dgshipping.gov.lk/web/images/2026/MSS_Noties/Bid_cleaning_service_PDF.pdf,
phone,pass,Published phone: 0000000437 ,http://www.dgshipping.gov.lk/web/images/2026/MSS_Noties/Bid_cleaning_service_PDF.pdf,
phone,pass,Published phone: 0000000607 ,http://www.dgshipping.gov.lk/web/images/2026/MSS_Noties/Bid_cleaning_service_PDF.pdf,
phone,pass,Published phone: 0000058395 ,http://www.dgshipping.gov.lk/web/images/2026/MSS_Noties/Bid_cleaning_service_PDF.pdf,
phone,pass,Published phone: 0000000987 ,http://www.dgshipping.gov.lk/web/images/2026/MSS_Noties/Bid_cleaning_service_PDF.pdf,
phone,pass,Published phone: 0000001309 ,http://www.dgshipping.gov.lk/web/images/2026/MSS_Noties/Bid_cleaning_service_PDF.pdf,
phone,pass,Published phone: 0000280432 ,http://www.dgshipping.gov.lk/web/images/2026/MSS_Noties/Bid_cleaning_service_PDF.pdf,
phone,pass,Published phone: 0000000237 ,http://www.dgshipping.gov.lk/web/images/2026/MSS_Noties/Bid_cleaning_service_PDF.pdf,
phone,pass,Published phone: 0000000638 ,http://www.dgshipping.gov.lk/web/images/2026/MSS_Noties/Bid_cleaning_service_PDF.pdf,
phone,pass,Published phone: 0000000861 ,http://www.dgshipping.gov.lk/web/images/2026/MSS_Noties/Bid_cleaning_service_PDF.pdf,
phone,pass,Published phone: 0000001242 ,http://www.dgshipping.gov.lk/web/images/2026/MSS_Noties/Bid_cleaning_service_PDF.pdf,
phone,pass,Published phone: 0000001076 ,http://www.dgshipping.gov.lk/web/images/2026/MSS_Noties/Bid_cleaning_service_PDF.pdf,
phone,pass,Published phone: 0000000293 ,http://www.dgshipping.gov.lk/web/images/2026/MSS_Noties/Bid_cleaning_service_PDF.pdf,
phone,pass,Published phone: 0000145019 ,http://www.dgshipping.gov.lk/web/images/2026/MSS_Noties/Bid_cleaning_service_PDF.pdf,
phone,pass,Published phone: 0000000434 ,http://www.dgshipping.gov.lk/web/images/2026/MSS_Noties/Bid_cleaning_service_PDF.pdf,
phone,pass,Published phone: 0000000997 ,http://www.dgshipping.gov.lk/web/images/2026/MSS_Noties/Bid_cleaning_service_PDF.pdf,
phone,pass,Published phone: 0000000598 ,http://www.dgshipping.gov.lk/web/images/2026/MSS_Noties/Bid_cleaning_service_PDF.pdf,
phone,pass,Published phone: 0000000017 ,http://www.dgshipping.gov.lk/web/images/2026/MSS_Noties/Bid_cleaning_service_PDF.pdf,
phone,pass,Published phone: 0000000428 ,http://www.dgshipping.gov.lk/web/images/2026/MSS_Noties/Bid_cleaning_service_PDF.pdf,
phone,pass,Published phone: 0000000702 ,http://www.dgshipping.gov.lk/web/images/2026/MSS_Noties/Bid_cleaning_service_PDF.pdf,
phone,pass,Published phone: 0000001319 ,http://www.dgshipping.gov.lk/web/images/2026/MSS_Noties/Bid_cleaning_service_PDF.pdf,
phone,pass,Published phone: 0000000349 ,http://www.dgshipping.gov.lk/web/images/2026/MSS_Noties/Bid_cleaning_service_PDF.pdf,
phone,pass,Published phone: 0000000116 ,http://www.dgshipping.gov.lk/web/images/2026/MSS_Noties/Bid_cleaning_service_PDF.pdf,
phone,pass,Published phone: 0000000884 ,http://www.dgshipping.gov.lk/web/images/2026/MSS_Noties/Bid_cleaning_service_PDF.pdf,
phone,pass,Published phone: 0000000107 ,http://www.dgshipping.gov.lk/web/images/2026/MSS_Noties/Bid_cleaning_service_PDF.pdf,
phone,pass,Published phone: 0000000705 ,http://www.dgshipping.gov.lk/web/images/2026/MSS_Noties/Bid_cleaning_service_PDF.pdf,
phone,pass,Published phone: 0000000367 ,http://www.dgshipping.gov.lk/web/images/2026/MSS_Noties/Bid_cleaning_service_PDF.pdf,
phone,pass,Published phone: 0000000682 ,http://www.dgshipping.gov.lk/web/images/2026/MSS_Noties/Bid_cleaning_service_PDF.pdf,
phone,pass,Published phone: 0000000279 ,http://www.dgshipping.gov.lk/web/images/2026/MSS_Noties/Bid_cleaning_service_PDF.pdf,
phone,pass,Published phone: 0000000967 ,http://www.dgshipping.gov.lk/web/images/2026/MSS_Noties/Bid_cleaning_service_PDF.pdf,
phone,pass,Published phone: 0000000631 ,http://www.dgshipping.gov.lk/web/images/2026/MSS_Noties/Bid_cleaning_service_PDF.pdf,
phone,pass,Published phone: 0000000912 ,http://www.dgshipping.gov.lk/web/images/2026/MSS_Noties/Bid_cleaning_service_PDF.pdf,
phone,pass,Published phone: 0000000469 ,http://www.dgshipping.gov.lk/web/images/2026/MSS_Noties/Bid_cleaning_service_PDF.pdf,
phone,pass,Published phone: 0000000423 ,http://www.dgshipping.gov.lk/web/images/2026/MSS_Noties/Bid_cleaning_service_PDF.pdf,
phone,pass,Published phone: 0000014520 ,http://www.dgshipping.gov.lk/web/images/2026/MSS_Noties/Bid_cleaning_service_PDF.pdf,
phone,pass,Published phone: 0000000665 ,http://www.dgshipping.gov.lk/web/images/2026/MSS_Noties/Bid_cleaning_service_PDF.pdf,
phone,pass,Published phone: 0000000609 ,http://www.dgshipping.gov.lk/web/images/2026/MSS_Noties/Bid_cleaning_service_PDF.pdf,
phone,pass,Published phone: 0000001088 ,http://www.dgshipping.gov.lk/web/images/2026/MSS_Noties/Bid_cleaning_service_PDF.pdf,
phone,pass,Published phone: 00104 65535 ,http://www.dgshipping.gov.lk/web/images/2026/MSS_Noties/Bid_cleaning_service_PDF.pdf,
phone,pass,Published phone: 0000000838 ,http://www.dgshipping.gov.lk/web/images/2026/MSS_Noties/Bid_cleaning_service_PDF.pdf,
phone,pass,Published phone: 0000001304 ,http://www.dgshipping.gov.lk/web/images/2026/MSS_Noties/Bid_cleaning_service_PDF.pdf,
phone,pass,Published phone: 0000000521 ,http://www.dgshipping.gov.lk/web/images/2026/MSS_Noties/Bid_cleaning_service_PDF.pdf,
phone,pass,Published phone: 0000000408 ,http://www.dgshipping.gov.lk/web/images/2026/MSS_Noties/Bid_cleaning_service_PDF.pdf,
phone,pass,Published phone: 0000000623 ,http://www.dgshipping.gov.lk/web/images/2026/MSS_Noties/Bid_cleaning_service_PDF.pdf,
phone,pass,Published phone: 0000000853 ,http://www.dgshipping.gov.lk/web/images/2026/MSS_Noties/Bid_cleaning_service_PDF.pdf,
phone,pass,Published phone: 0000000458 ,http://www.dgshipping.gov.lk/web/images/2026/MSS_Noties/Bid_cleaning_service_PDF.pdf,
phone,pass,Published phone: 0000000894 ,http://www.dgshipping.gov.lk/web/images/2026/MSS_Noties/Bid_cleaning_service_PDF.pdf,
phone,pass,Published phone: 0000000573 ,http://www.dgshipping.gov.lk/web/images/2026/MSS_Noties/Bid_cleaning_service_PDF.pdf,
phone,pass,Published phone: 08 604 656 60,http://www.dgshipping.gov.lk/web/images/2026/MSS_Noties/Bid_cleaning_service_PDF.pdf,
phone,pass,Published phone: 0000000714 ,http://www.dgshipping.gov.lk/web/images/2026/MSS_Noties/Bid_cleaning_service_PDF.pdf,
phone,pass,Published phone: 0000000675 ,http://www.dgshipping.gov.lk/web/images/2026/MSS_Noties/Bid_cleaning_service_PDF.pdf,
phone,pass,Published phone: 0000000777 ,http://www.dgshipping.gov.lk/web/images/2026/MSS_Noties/Bid_cleaning_service_PDF.pdf,
phone,pass,Published phone: 0000000000 ,http://www.dgshipping.gov.lk/web/images/2026/MSS_Noties/Bid_cleaning_service_PDF.pdf,
phone,pass,Published phone: 0000000261 ,http://www.dgshipping.gov.lk/web/images/2026/MSS_Noties/Bid_cleaning_service_PDF.pdf,
phone,pass,Published phone: 0000000583 ,http://www.dgshipping.gov.lk/web/images/2026/MSS_Noties/Bid_cleaning_service_PDF.pdf,
phone,pass,Published phone: 0000000306 ,http://www.dgshipping.gov.lk/web/images/2026/MSS_Noties/Bid_cleaning_service_PDF.pdf,
phone,pass,Published phone: 0000000695 ,http://www.dgshipping.gov.lk/web/images/2026/MSS_Noties/Bid_cleaning_service_PDF.pdf,
phone,pass,Published phone: 00 500 500 50,http://www.dgshipping.gov.lk/web/images/2026/MSS_Noties/Bid_cleaning_service_PDF.pdf,
phone,pass,Published phone: 0000000700 ,http://www.dgshipping.gov.lk/web/images/2026/MSS_Noties/Bid_cleaning_service_PDF.pdf,
phone,pass,Published phone: 0000000127 ,http://www.dgshipping.gov.lk/web/images/2026/MSS_Noties/Bid_cleaning_service_PDF.pdf,
phone,pass,Published phone: 0000000954 ,http://www.dgshipping.gov.lk/web/images/2026/MSS_Noties/Bid_cleaning_service_PDF.pdf,
phone,pass,Published phone: 0000001099 ,http://www.dgshipping.gov.lk/web/images/2026/MSS_Noties/Bid_cleaning_service_PDF.pdf,
phone,pass,Published phone: 0000001015 ,http://www.dgshipping.gov.lk/web/images/2026/MSS_Noties/Bid_cleaning_service_PDF.pdf,
phone,pass,Published phone: 0000000286 ,http://www.dgshipping.gov.lk/web/images/2026/MSS_Noties/Bid_cleaning_service_PDF.pdf,
phone,pass,Published phone: 0000000716 ,http://www.dgshipping.gov.lk/web/images/2026/MSS_Noties/Bid_cleaning_service_PDF.pdf,
phone,pass,Published phone: 0000001125 ,http://www.dgshipping.gov.lk/web/images/2026/MSS_Noties/Bid_cleaning_service_PDF.pdf,
phone,pass,Published phone: 0000000194 ,http://www.dgshipping.gov.lk/web/images/2026/MSS_Noties/Bid_cleaning_service_PDF.pdf,
phone,pass,Published phone: 0000001232 ,http://www.dgshipping.gov.lk/web/images/2026/MSS_Noties/Bid_cleaning_service_PDF.pdf,
phone,pass,Published phone: 0000000821 ,http://www.dgshipping.gov.lk/web/images/2026/MSS_Noties/Bid_cleaning_service_PDF.pdf,
phone,pass,Published phone: 0000000318 ,http://www.dgshipping.gov.lk/web/images/2026/MSS_Noties/Bid_cleaning_service_PDF.pdf,
phone,pass,Published phone: 0000000771 ,http://www.dgshipping.gov.lk/web/images/2026/MSS_Noties/Bid_cleaning_service_PDF.pdf,
phone,pass,Published phone: 0000000826 ,http://www.dgshipping.gov.lk/web/images/2026/MSS_Noties/Bid_cleaning_service_PDF.pdf,
phone,pass,Published phone: 0000446590 ,http://www.dgshipping.gov.lk/web/images/2026/MSS_Noties/Bid_cleaning_service_PDF.pdf,
phone,pass,Published phone: 0000000289 ,http://www.dgshipping.gov.lk/web/images/2026/MSS_Noties/Bid_cleaning_service_PDF.pdf,
phone,pass,Published phone: 0000070842 ,http://www.dgshipping.gov.lk/web/images/2026/MSS_Noties/Bid_cleaning_service_PDF.pdf,
phone,pass,Published phone: 0000000953 ,http://www.dgshipping.gov.lk/web/images/2026/MSS_Noties/Bid_cleaning_service_PDF.pdf,
phone,pass,Published phone: 0000001148 ,http://www.dgshipping.gov.lk/web/images/2026/MSS_Noties/Bid_cleaning_service_PDF.pdf,
phone,pass,Published phone: 0000001023 ,http://www.dgshipping.gov.lk/web/images/2026/MSS_Noties/Bid_cleaning_service_PDF.pdf,
phone,pass,Published phone: 0000143429 ,http://www.dgshipping.gov.lk/web/images/2026/MSS_Noties/Bid_cleaning_service_PDF.pdf,
phone,pass,Published phone: 0000000781 ,http://www.dgshipping.gov.lk/web/images/2026/MSS_Noties/Bid_cleaning_service_PDF.pdf,
phone,pass,Published phone: 0000000205 ,http://www.dgshipping.gov.lk/web/images/2026/MSS_Noties/Bid_cleaning_service_PDF.pdf,
phone,pass,Published phone: 0000000429 ,http://www.dgshipping.gov.lk/web/images/2026/MSS_Noties/Bid_cleaning_service_PDF.pdf,
phone,pass,Published phone: 0000094482 ,http://www.dgshipping.gov.lk/web/images/2026/MSS_Noties/Bid_cleaning_service_PDF.pdf,
phone,pass,Published phone: 0000539803 ,http://www.dgshipping.gov.lk/web/images/2026/MSS_Noties/Bid_cleaning_service_PDF.pdf,
phone,pass,Published phone: 0000000882 ,http://www.dgshipping.gov.lk/web/images/2026/MSS_Noties/Bid_cleaning_service_PDF.pdf,
phone,pass,Published phone: 0000367885 ,http://www.dgshipping.gov.lk/web/images/2026/MSS_Noties/Bid_cleaning_service_PDF.pdf,
phone,pass,Published phone: 0000001155 ,http://www.dgshipping.gov.lk/web/images/2026/MSS_Noties/Bid_cleaning_service_PDF.pdf,
phone,pass,Published phone: 0000000154 ,http://www.dgshipping.gov.lk/web/images/2026/MSS_Noties/Bid_cleaning_service_PDF.pdf,
phone,pass,Published phone: 0000255397 ,http://www.dgshipping.gov.lk/web/images/2026/MSS_Noties/Bid_cleaning_service_PDF.pdf,
phone,pass,Published phone: 0000000749 ,http://www.dgshipping.gov.lk/web/images/2026/MSS_Noties/Bid_cleaning_service_PDF.pdf,
phone,pass,Published phone: 0000001323 ,http://www.dgshipping.gov.lk/web/images/2026/MSS_Noties/Bid_cleaning_service_PDF.pdf,
phone,pass,Published phone: 0000000825 ,http://www.dgshipping.gov.lk/web/images/2026/MSS_Noties/Bid_cleaning_service_PDF.pdf,
phone,pass,Published phone: 0000000769 ,http://www.dgshipping.gov.lk/web/images/2026/MSS_Noties/Bid_cleaning_service_PDF.pdf,
phone,pass,Published phone: 0000000417 ,http://www.dgshipping.gov.lk/web/images/2026/MSS_Noties/Bid_cleaning_service_PDF.pdf,
phone,pass,Published phone: 0000000993 ,http://www.dgshipping.gov.lk/web/images/2026/MSS_Noties/Bid_cleaning_service_PDF.pdf,
phone,pass,Published phone: 0000014077 ,http://www.dgshipping.gov.lk/web/images/2026/MSS_Noties/Bid_cleaning_service_PDF.pdf,
phone,pass,Published phone: 0000000839 ,http://www.dgshipping.gov.lk/web/images/2026/MSS_Noties/Bid_cleaning_service_PDF.pdf,
phone,pass,Published phone: 0000000241 ,http://www.dgshipping.gov.lk/web/images/2026/MSS_Noties/Bid_cleaning_service_PDF.pdf,
phone,pass,Published phone: 0000000624 ,http://www.dgshipping.gov.lk/web/images/2026/MSS_Noties/Bid_cleaning_service_PDF.pdf,
phone,pass,Published phone: 0000000850 ,http://www.dgshipping.gov.lk/web/images/2026/MSS_Noties/Bid_cleaning_service_PDF.pdf,
phone,pass,Published phone: 0000000452 ,http://www.dgshipping.gov.lk/web/images/2026/MSS_Noties/Bid_cleaning_service_PDF.pdf,
phone,pass,Published phone: 0000000976 ,http://www.dgshipping.gov.lk/web/images/2026/MSS_Noties/Bid_cleaning_service_PDF.pdf,
phone,pass,Published phone: 0000000978 ,http://www.dgshipping.gov.lk/web/images/2026/MSS_Noties/Bid_cleaning_service_PDF.pdf,
phone,pass,Published phone: 0000000579 ,http://www.dgshipping.gov.lk/web/images/2026/MSS_Noties/Bid_cleaning_service_PDF.pdf,
phone,pass,Published phone: 0000000909 ,http://www.dgshipping.gov.lk/web/images/2026/MSS_Noties/Bid_cleaning_service_PDF.pdf,
phone,pass,Published phone: 0000000477 ,http://www.dgshipping.gov.lk/web/images/2026/MSS_Noties/Bid_cleaning_service_PDF.pdf,
phone,pass,Published phone: 0000000340 ,http://www.dgshipping.gov.lk/web/images/2026/MSS_Noties/Bid_cleaning_service_PDF.pdf,
phone,pass,Published phone: 0 500 278 278 ,http://www.dgshipping.gov.lk/web/images/2026/MSS_Noties/Bid_cleaning_service_PDF.pdf,
phone,pass,Published phone: 0000000801 ,http://www.dgshipping.gov.lk/web/images/2026/MSS_Noties/Bid_cleaning_service_PDF.pdf,
phone,pass,Published phone: 0000000888 ,http://www.dgshipping.gov.lk/web/images/2026/MSS_Noties/Bid_cleaning_service_PDF.pdf,
phone,pass,Published phone: 0000000133 ,http://www.dgshipping.gov.lk/web/images/2026/MSS_Noties/Bid_cleaning_service_PDF.pdf,
phone,pass,Published phone: 0000000774 ,http://www.dgshipping.gov.lk/web/images/2026/MSS_Noties/Bid_cleaning_service_PDF.pdf,
phone,pass,Published phone: 0000000867 ,http://www.dgshipping.gov.lk/web/images/2026/MSS_Noties/Bid_cleaning_service_PDF.pdf,
phone,pass,Published phone: 0000001194 ,http://www.dgshipping.gov.lk/web/images/2026/MSS_Noties/Bid_cleaning_service_PDF.pdf,
phone,pass,Published phone: 0000001177 ,http://www.dgshipping.gov.lk/web/images/2026/MSS_Noties/Bid_cleaning_service_PDF.pdf,
phone,pass,Published phone: 0000135404 ,http://www.dgshipping.gov.lk/web/images/2026/MSS_Noties/Bid_cleaning_service_PDF.pdf,
phone,pass,Published phone: 0000001162 ,http://www.dgshipping.gov.lk/web/images/2026/MSS_Noties/Bid_cleaning_service_PDF.pdf,
phone,pass,Published phone: 0000000674 ,http://www.dgshipping.gov.lk/web/images/2026/MSS_Noties/Bid_cleaning_service_PDF.pdf,
phone,pass,Published phone: 0000000741 ,http://www.dgshipping.gov.lk/web/images/2026/MSS_Noties/Bid_cleaning_service_PDF.pdf,
phone,pass,Published phone: 0000000860 ,http://www.dgshipping.gov.lk/web/images/2026/MSS_Noties/Bid_cleaning_service_PDF.pdf,
phone,pass,Published phone: 0000000134 ,http://www.dgshipping.gov.lk/web/images/2026/MSS_Noties/Bid_cleaning_service_PDF.pdf,
phone,pass,Published phone: 0000000610 ,http://www.dgshipping.gov.lk/web/images/2026/MSS_Noties/Bid_cleaning_service_PDF.pdf,
phone,pass,Published phone: 0000015932 ,http://www.dgshipping.gov.lk/web/images/2026/MSS_Noties/Bid_cleaning_service_PDF.pdf,
phone,pass,Published phone: 0000000238 ,http://www.dgshipping.gov.lk/web/images/2026/MSS_Noties/Bid_cleaning_service_PDF.pdf,
phone,pass,Published phone: 0000000691 ,http://www.dgshipping.gov.lk/web/images/2026/MSS_Noties/Bid_cleaning_service_PDF.pdf,
phone,pass,Published phone: 0000000474 ,http://www.dgshipping.gov.lk/web/images/2026/MSS_Noties/Bid_cleaning_service_PDF.pdf,
phone,pass,Published phone: 0000000678 ,http://www.dgshipping.gov.lk/web/images/2026/MSS_Noties/Bid_cleaning_service_PDF.pdf,
phone,pass,Published phone: 0000000829 ,http://www.dgshipping.gov.lk/web/images/2026/MSS_Noties/Bid_cleaning_service_PDF.pdf,
phone,pass,Published phone: 0000001124 ,http://www.dgshipping.gov.lk/web/images/2026/MSS_Noties/Bid_cleaning_service_PDF.pdf,
phone,pass,Published phone: 0000000746 ,http://www.dgshipping.gov.lk/web/images/2026/MSS_Noties/Bid_cleaning_service_PDF.pdf,
phone,pass,Published phone: 0000000979 ,http://www.dgshipping.gov.lk/web/images/2026/MSS_Noties/Bid_cleaning_service_PDF.pdf,
phone,pass,Published phone: 0000000698 ,http://www.dgshipping.gov.lk/web/images/2026/MSS_Noties/Bid_cleaning_service_PDF.pdf,
phone,pass,Published phone: 0000210899 ,http://www.dgshipping.gov.lk/web/images/2026/MSS_Noties/Bid_cleaning_service_PDF.pdf,
phone,pass,Published phone: 0000001056 ,http://www.dgshipping.gov.lk/web/images/2026/MSS_Noties/Bid_cleaning_service_PDF.pdf,
phone,pass,Published phone: 0000001107 ,http://www.dgshipping.gov.lk/web/images/2026/MSS_Noties/Bid_cleaning_service_PDF.pdf,
phone,pass,Published phone: 0000000480 ,http://www.dgshipping.gov.lk/web/images/2026/MSS_Noties/Bid_cleaning_service_PDF.pdf,
phone,pass,Published phone: 00 278 778 50,http://www.dgshipping.gov.lk/web/images/2026/MSS_Noties/Bid_cleaning_service_PDF.pdf,
phone,pass,Published phone: 0000000848 ,http://www.dgshipping.gov.lk/web/images/2026/MSS_Noties/Bid_cleaning_service_PDF.pdf,
phone,pass,Published phone: 0000001176 ,http://www.dgshipping.gov.lk/web/images/2026/MSS_Noties/Bid_cleaning_service_PDF.pdf,
phone,pass,Published phone: 0000000211 ,http://www.dgshipping.gov.lk/web/images/2026/MSS_Noties/Bid_cleaning_service_PDF.pdf,
phone,pass,Published phone: 0000000936 ,http://www.dgshipping.gov.lk/web/images/2026/MSS_Noties/Bid_cleaning_service_PDF.pdf,
phone,pass,Published phone: 0000001140 ,http://www.dgshipping.gov.lk/web/images/2026/MSS_Noties/Bid_cleaning_service_PDF.pdf,
phone,pass,Published phone: 0000000190 ,http://www.dgshipping.gov.lk/web/images/2026/MSS_Noties/Bid_cleaning_service_PDF.pdf,
phone,pass,Published phone: 0000000537 ,http://www.dgshipping.gov.lk/web/images/2026/MSS_Noties/Bid_cleaning_service_PDF.pdf,
phone,pass,Published phone: 0000001269 ,http://www.dgshipping.gov.lk/web/images/2026/MSS_Noties/Bid_cleaning_service_PDF.pdf,
phone,pass,Published phone: 0000000582 ,http://www.dgshipping.gov.lk/web/images/2026/MSS_Noties/Bid_cleaning_service_PDF.pdf,
phone,pass,Published phone: 0000000420 ,http://www.dgshipping.gov.lk/web/images/2026/MSS_Noties/Bid_cleaning_service_PDF.pdf,
phone,pass,Published phone: 0000000874 ,http://www.dgshipping.gov.lk/web/images/2026/MSS_Noties/Bid_cleaning_service_PDF.pdf,
phone,pass,Published phone: 0000000153 ,http://www.dgshipping.gov.lk/web/images/2026/MSS_Noties/Bid_cleaning_service_PDF.pdf,
phone,pass,Published phone: 0000000520 ,http://www.dgshipping.gov.lk/web/images/2026/MSS_Noties/Bid_cleaning_service_PDF.pdf,
phone,pass,Published phone: 0000014258 ,http://www.dgshipping.gov.lk/web/images/2026/MSS_Noties/Bid_cleaning_service_PDF.pdf,
phone,pass,Published phone: 0000001183 ,http://www.dgshipping.gov.lk/web/images/2026/MSS_Noties/Bid_cleaning_service_PDF.pdf,
phone,pass,Published phone: 0000000720 ,http://www.dgshipping.gov.lk/web/images/2026/MSS_Noties/Bid_cleaning_service_PDF.pdf,
phone,pass,Published phone: 0000000731 ,http://www.dgshipping.gov.lk/web/images/2026/MSS_Noties/Bid_cleaning_service_PDF.pdf,
phone,pass,Published phone: 0000000172 ,http://www.dgshipping.gov.lk/web/images/2026/MSS_Noties/Bid_cleaning_service_PDF.pdf,
phone,pass,Published phone: 0000000221 ,http://www.dgshipping.gov.lk/web/images/2026/MSS_Noties/Bid_cleaning_service_PDF.pdf,
phone,pass,Published phone: 0000000990 ,http://www.dgshipping.gov.lk/web/images/2026/MSS_Noties/Bid_cleaning_service_PDF.pdf,
phone,pass,Published phone: 0000150388 ,http://www.dgshipping.gov.lk/web/images/2026/MSS_Noties/Bid_cleaning_service_PDF.pdf,
phone,pass,Published phone: 0000000501 ,http://www.dgshipping.gov.lk/web/images/2026/MSS_Noties/Bid_cleaning_service_PDF.pdf,
phone,pass,Published phone: 0000000139 ,http://www.dgshipping.gov.lk/web/images/2026/MSS_Noties/Bid_cleaning_service_PDF.pdf,
phone,pass,Published phone: 0000000219 ,http://www.dgshipping.gov.lk/web/images/2026/MSS_Noties/Bid_cleaning_service_PDF.pdf,
phone,pass,Published phone: 0000000341 ,http://www.dgshipping.gov.lk/web/images/2026/MSS_Noties/Bid_cleaning_service_PDF.pdf,
phone,pass,Published phone: 0000000951 ,http://www.dgshipping.gov.lk/web/images/2026/MSS_Noties/Bid_cleaning_service_PDF.pdf,
phone,pass,Published phone: 0000000608 ,http://www.dgshipping.gov.lk/web/images/2026/MSS_Noties/Bid_cleaning_service_PDF.pdf,
phone,pass,Published phone: 0000001208 ,http://www.dgshipping.gov.lk/web/images/2026/MSS_Noties/Bid_cleaning_service_PDF.pdf,
phone,pass,Published phone: 0000001312 ,http://www.dgshipping.gov.lk/web/images/2026/MSS_Noties/Bid_cleaning_service_PDF.pdf,
phone,pass,Published phone: 0000000632 ,http://www.dgshipping.gov.lk/web/images/2026/MSS_Noties/Bid_cleaning_service_PDF.pdf,
phone,pass,Published phone: 0000340366 ,http://www.dgshipping.gov.lk/web/images/2026/MSS_Noties/Bid_cleaning_service_PDF.pdf,
phone,pass,Published phone: 0000015596 ,http://www.dgshipping.gov.lk/web/images/2026/MSS_Noties/Bid_cleaning_service_PDF.pdf,
phone,pass,Published phone: 0000000944 ,http://www.dgshipping.gov.lk/web/images/2026/MSS_Noties/Bid_cleaning_service_PDF.pdf,
phone,pass,Published phone: 0000001001 ,http://www.dgshipping.gov.lk/web/images/2026/MSS_Noties/Bid_cleaning_service_PDF.pdf,
phone,pass,Published phone: 0000000390 ,http://www.dgshipping.gov.lk/web/images/2026/MSS_Noties/Bid_cleaning_service_PDF.pdf,
phone,pass,Published phone: 0000000719 ,http://www.dgshipping.gov.lk/web/images/2026/MSS_Noties/Bid_cleaning_service_PDF.pdf,
phone,pass,Published phone: 0000001206 ,http://www.dgshipping.gov.lk/web/images/2026/MSS_Noties/Bid_cleaning_service_PDF.pdf,
phone,pass,Published phone: 0000001224 ,http://www.dgshipping.gov.lk/web/images/2026/MSS_Noties/Bid_cleaning_service_PDF.pdf,
phone,pass,Published phone: 0000000495 ,http://www.dgshipping.gov.lk/web/images/2026/MSS_Noties/Bid_cleaning_service_PDF.pdf,
phone,pass,Published phone: 0000000547 ,http://www.dgshipping.gov.lk/web/images/2026/MSS_Noties/Bid_cleaning_service_PDF.pdf,
phone,pass,Published phone: 0000000637 ,http://www.dgshipping.gov.lk/web/images/2026/MSS_Noties/Bid_cleaning_service_PDF.pdf,
phone,pass,Published phone: 0000094166 ,http://www.dgshipping.gov.lk/web/images/2026/MSS_Noties/Bid_cleaning_service_PDF.pdf,
phone,pass,Published phone: 0000000119 ,http://www.dgshipping.gov.lk/web/images/2026/MSS_Noties/Bid_cleaning_service_PDF.pdf,
phone,pass,Published phone: 0000001075 ,http://www.dgshipping.gov.lk/web/images/2026/MSS_Noties/Bid_cleaning_service_PDF.pdf,
phone,pass,Published phone: 0000000870 ,http://www.dgshipping.gov.lk/web/images/2026/MSS_Noties/Bid_cleaning_service_PDF.pdf,
phone,pass,Published phone: 0000000243 ,http://www.dgshipping.gov.lk/web/images/2026/MSS_Noties/Bid_cleaning_service_PDF.pdf,
phone,pass,Published phone: 0000000280 ,http://www.dgshipping.gov.lk/web/images/2026/MSS_Noties/Bid_cleaning_service_PDF.pdf,
phone,pass,Published phone: 0000001198 ,http://www.dgshipping.gov.lk/web/images/2026/MSS_Noties/Bid_cleaning_service_PDF.pdf,
phone,pass,Published phone: 0000000392 ,http://www.dgshipping.gov.lk/web/images/2026/MSS_Noties/Bid_cleaning_service_PDF.pdf,
phone,pass,Published phone: 0000001172 ,http://www.dgshipping.gov.lk/web/images/2026/MSS_Noties/Bid_cleaning_service_PDF.pdf,
phone,pass,Published phone: 0000000811 ,http://www.dgshipping.gov.lk/web/images/2026/MSS_Noties/Bid_cleaning_service_PDF.pdf,
phone,pass,Published phone: 0000000808 ,http://www.dgshipping.gov.lk/web/images/2026/MSS_Noties/Bid_cleaning_service_PDF.pdf,
phone,pass,Published phone: 0000000603 ,http://www.dgshipping.gov.lk/web/images/2026/MSS_Noties/Bid_cleaning_service_PDF.pdf,
phone,pass,Published phone: 0000001272 ,http://www.dgshipping.gov.lk/web/images/2026/MSS_Noties/Bid_cleaning_service_PDF.pdf,
phone,pass,Published phone: 0000000676 ,http://www.dgshipping.gov.lk/web/images/2026/MSS_Noties/Bid_cleaning_service_PDF.pdf,
phone,pass,Published phone: 0000000545 ,http://www.dgshipping.gov.lk/web/images/2026/MSS_Noties/Bid_cleaning_service_PDF.pdf,
phone,pass,Published phone: 0000001195 ,http://www.dgshipping.gov.lk/web/images/2026/MSS_Noties/Bid_cleaning_service_PDF.pdf,
phone,pass,Published phone: 0000000590 ,http://www.dgshipping.gov.lk/web/images/2026/MSS_Noties/Bid_cleaning_service_PDF.pdf,
phone,pass,Published phone: 0000000697 ,http://www.dgshipping.gov.lk/web/images/2026/MSS_Noties/Bid_cleaning_service_PDF.pdf,
phone,pass,Published phone: 0000000271 ,http://www.dgshipping.gov.lk/web/images/2026/MSS_Noties/Bid_cleaning_service_PDF.pdf,
phone,pass,Published phone: 0000000468 ,http://www.dgshipping.gov.lk/web/images/2026/MSS_Noties/Bid_cleaning_service_PDF.pdf,
phone,pass,Published phone: 0000001070 ,http://www.dgshipping.gov.lk/web/images/2026/MSS_Noties/Bid_cleaning_service_PDF.pdf,
phone,pass,Published phone: 0000000330 ,http://www.dgshipping.gov.lk/web/images/2026/MSS_Noties/Bid_cleaning_service_PDF.pdf,
phone,pass,Published phone: 0000093652 ,http://www.dgshipping.gov.lk/web/images/2026/MSS_Noties/Bid_cleaning_service_PDF.pdf,
phone,pass,Published phone: 0000000593 ,http://www.dgshipping.gov.lk/web/images/2026/MSS_Noties/Bid_cleaning_service_PDF.pdf,
phone,pass,Published phone: 0000000249 ,http://www.dgshipping.gov.lk/web/images/2026/MSS_Noties/Bid_cleaning_service_PDF.pdf,
phone,pass,Published phone: 0000001090 ,http://www.dgshipping.gov.lk/web/images/2026/MSS_Noties/Bid_cleaning_service_PDF.pdf,
phone,pass,Published phone: 0000000984 ,http://www.dgshipping.gov.lk/web/images/2026/MSS_Noties/Bid_cleaning_service_PDF.pdf,
phone,pass,Published phone: 0000001234 ,http://www.dgshipping.gov.lk/web/images/2026/MSS_Noties/Bid_cleaning_service_PDF.pdf,
phone,pass,Published phone: 0000043450 ,http://www.dgshipping.gov.lk/web/images/2026/MSS_Noties/Bid_cleaning_service_PDF.pdf,
phone,pass,Published phone: 0000001035 ,http://www.dgshipping.gov.lk/web/images/2026/MSS_Noties/Bid_cleaning_service_PDF.pdf,
phone,pass,Published phone: 0000000137 ,http://www.dgshipping.gov.lk/web/images/2026/MSS_Noties/Bid_cleaning_service_PDF.pdf,
phone,pass,Published phone: 0000000962 ,http://www.dgshipping.gov.lk/web/images/2026/MSS_Noties/Bid_cleaning_service_PDF.pdf,
phone,pass,Published phone: 0000093682 ,http://www.dgshipping.gov.lk/web/images/2026/MSS_Noties/Bid_cleaning_service_PDF.pdf,
phone,pass,Published phone: 0000000273 ,http://www.dgshipping.gov.lk/web/images/2026/MSS_Noties/Bid_cleaning_service_PDF.pdf,
phone,pass,Published phone: 0000001132 ,http://www.dgshipping.gov.lk/web/images/2026/MSS_Noties/Bid_cleaning_service_PDF.pdf,
phone,pass,Published phone: 0000000991 ,http://www.dgshipping.gov.lk/web/images/2026/MSS_Noties/Bid_cleaning_service_PDF.pdf,
phone,pass,Published phone: 0000001281 ,http://www.dgshipping.gov.lk/web/images/2026/MSS_Noties/Bid_cleaning_service_PDF.pdf,
phone,pass,Published phone: 0000000965 ,http://www.dgshipping.gov.lk/web/images/2026/MSS_Noties/Bid_cleaning_service_PDF.pdf,
phone,pass,Published phone: 0000000679 ,http://www.dgshipping.gov.lk/web/images/2026/MSS_Noties/Bid_cleaning_service_PDF.pdf,
phone,pass,Published phone: 0000000228 ,http://www.dgshipping.gov.lk/web/images/2026/MSS_Noties/Bid_cleaning_service_PDF.pdf,
phone,pass,Published phone: 0000000846 ,http://www.dgshipping.gov.lk/web/images/2026/MSS_Noties/Bid_cleaning_service_PDF.pdf,
phone,pass,Published phone: 0000000717 ,http://www.dgshipping.gov.lk/web/images/2026/MSS_Noties/Bid_cleaning_service_PDF.pdf,
phone,pass,Published phone: 0000000328 ,http://www.dgshipping.gov.lk/web/images/2026/MSS_Noties/Bid_cleaning_service_PDF.pdf,
phone,pass,Published phone: 0000001171 ,http://www.dgshipping.gov.lk/web/images/2026/MSS_Noties/Bid_cleaning_service_PDF.pdf,
phone,pass,Published phone: 0000000937 ,http://www.dgshipping.gov.lk/web/images/2026/MSS_Noties/Bid_cleaning_service_PDF.pdf,
phone,pass,Published phone: 0000000862 ,http://www.dgshipping.gov.lk/web/images/2026/MSS_Noties/Bid_cleaning_service_PDF.pdf,
phone,pass,Published phone: 0000015735 ,http://www.dgshipping.gov.lk/web/images/2026/MSS_Noties/Bid_cleaning_service_PDF.pdf,
phone,pass,Published phone: 0000000285 ,http://www.dgshipping.gov.lk/web/images/2026/MSS_Noties/Bid_cleaning_service_PDF.pdf,
phone,pass,Published phone: 0000000108 ,http://www.dgshipping.gov.lk/web/images/2026/MSS_Noties/Bid_cleaning_service_PDF.pdf,
phone,pass,Published phone: 0000000743 ,http://www.dgshipping.gov.lk/web/images/2026/MSS_Noties/Bid_cleaning_service_PDF.pdf,
phone,pass,Published phone: 0000000857 ,http://www.dgshipping.gov.lk/web/images/2026/MSS_Noties/Bid_cleaning_service_PDF.pdf,
phone,pass,Published phone: 0000000753 ,http://www.dgshipping.gov.lk/web/images/2026/MSS_Noties/Bid_cleaning_service_PDF.pdf,
phone,pass,Published phone: 0000001005 ,http://www.dgshipping.gov.lk/web/images/2026/MSS_Noties/Bid_cleaning_service_PDF.pdf,
phone,pass,Published phone: 0000000842 ,http://www.dgshipping.gov.lk/web/images/2026/MSS_Noties/Bid_cleaning_service_PDF.pdf,
phone,pass,Published phone: 0000001303 ,http://www.dgshipping.gov.lk/web/images/2026/MSS_Noties/Bid_cleaning_service_PDF.pdf,
phone,pass,Published phone: 0000001011 ,http://www.dgshipping.gov.lk/web/images/2026/MSS_Noties/Bid_cleaning_service_PDF.pdf,
phone,pass,Published phone: 0000001121 ,http://www.dgshipping.gov.lk/web/images/2026/MSS_Noties/Bid_cleaning_service_PDF.pdf,
phone,pass,Published phone: 0000001004 ,http://www.dgshipping.gov.lk/web/images/2026/MSS_Noties/Bid_cleaning_service_PDF.pdf,
phone,pass,Published phone: 0000000852 ,http://www.dgshipping.gov.lk/web/images/2026/MSS_Noties/Bid_cleaning_service_PDF.pdf,
phone,pass,Published phone: 0000001305 ,http://www.dgshipping.gov.lk/web/images/2026/MSS_Noties/Bid_cleaning_service_PDF.pdf,
phone,pass,Published phone: 0000252715 ,http://www.dgshipping.gov.lk/web/images/2026/MSS_Noties/Bid_cleaning_service_PDF.pdf,
phone,pass,Published phone: 0000000524 ,http://www.dgshipping.gov.lk/web/images/2026/MSS_Noties/Bid_cleaning_service_PDF.pdf,
phone,pass,Published phone: 0000001314 ,http://www.dgshipping.gov.lk/web/images/2026/MSS_Noties/Bid_cleaning_service_PDF.pdf,
phone,pass,Published phone: 0000000613 ,http://www.dgshipping.gov.lk/web/images/2026/MSS_Noties/Bid_cleaning_service_PDF.pdf,
phone,pass,Published phone: 0000000541 ,http://www.dgshipping.gov.lk/web/images/2026/MSS_Noties/Bid_cleaning_service_PDF.pdf,
phone,pass,Published phone: 0000001197 ,http://www.dgshipping.gov.lk/web/images/2026/MSS_Noties/Bid_cleaning_service_PDF.pdf,
phone,pass,Published phone: 0000000788 ,http://www.dgshipping.gov.lk/web/images/2026/MSS_Noties/Bid_cleaning_service_PDF.pdf,
phone,pass,Published phone: 0000000515 ,http://www.dgshipping.gov.lk/web/images/2026/MSS_Noties/Bid_cleaning_service_PDF.pdf,
phone,pass,Published phone: 0000001130 ,http://www.dgshipping.gov.lk/web/images/2026/MSS_Noties/Bid_cleaning_service_PDF.pdf,
phone,pass,Published phone: 0000001012 ,http://www.dgshipping.gov.lk/web/images/2026/MSS_Noties/Bid_cleaning_service_PDF.pdf,
phone,pass,Published phone: 0000001256 ,http://www.dgshipping.gov.lk/web/images/2026/MSS_Noties/Bid_cleaning_service_PDF.pdf,
phone,pass,Published phone: 0000001318 ,http://www.dgshipping.gov.lk/web/images/2026/MSS_Noties/Bid_cleaning_service_PDF.pdf,
phone,pass,Published phone: 0000001141 ,http://www.dgshipping.gov.lk/web/images/2026/MSS_Noties/Bid_cleaning_service_PDF.pdf,
phone,pass,Published phone: 0000000372 ,http://www.dgshipping.gov.lk/web/images/2026/MSS_Noties/Bid_cleaning_service_PDF.pdf,
phone,pass,Published phone: 0000001082 ,http://www.dgshipping.gov.lk/web/images/2026/MSS_Noties/Bid_cleaning_service_PDF.pdf,
phone,pass,Published phone: 0000539500 ,http://www.dgshipping.gov.lk/web/images/2026/MSS_Noties/Bid_cleaning_service_PDF.pdf,
phone,pass,Published phone: 0000000727 ,http://www.dgshipping.gov.lk/web/images/2026/MSS_Noties/Bid_cleaning_service_PDF.pdf,
phone,pass,Published phone: 0000001220 ,http://www.dgshipping.gov.lk/web/images/2026/MSS_Noties/Bid_cleaning_service_PDF.pdf,
phone,pass,Published phone: 0000093920 ,http://www.dgshipping.gov.lk/web/images/2026/MSS_Noties/Bid_cleaning_service_PDF.pdf,
phone,pass,Published phone: 0000001228 ,http://www.dgshipping.gov.lk/web/images/2026/MSS_Noties/Bid_cleaning_service_PDF.pdf,
phone,pass,Published phone: 0000000152 ,http://www.dgshipping.gov.lk/web/images/2026/MSS_Noties/Bid_cleaning_service_PDF.pdf,
phone,pass,Published phone: 0000000224 ,http://www.dgshipping.gov.lk/web/images/2026/MSS_Noties/Bid_cleaning_service_PDF.pdf,
phone,pass,Published phone: 0000000526 ,http://www.dgshipping.gov.lk/web/images/2026/MSS_Noties/Bid_cleaning_service_PDF.pdf,
phone,pass,Published phone: 0000000832 ,http://www.dgshipping.gov.lk/web/images/2026/MSS_Noties/Bid_cleaning_service_PDF.pdf,
phone,pass,Published phone: 0000000703 ,http://www.dgshipping.gov.lk/web/images/2026/MSS_Noties/Bid_cleaning_service_PDF.pdf,
phone,pass,Published phone: 0000000945 ,http://www.dgshipping.gov.lk/web/images/2026/MSS_Noties/Bid_cleaning_service_PDF.pdf,
phone,pass,Published phone: 0000000553 ,http://www.dgshipping.gov.lk/web/images/2026/MSS_Noties/Bid_cleaning_service_PDF.pdf,
phone,pass,Published phone: 0000001157 ,http://www.dgshipping.gov.lk/web/images/2026/MSS_Noties/Bid_cleaning_service_PDF.pdf,
phone,pass,Published phone: 0000001254 ,http://www.dgshipping.gov.lk/web/images/2026/MSS_Noties/Bid_cleaning_service_PDF.pdf,
phone,pass,Published phone: 0000000231 ,http://www.dgshipping.gov.lk/web/images/2026/MSS_Noties/Bid_cleaning_service_PDF.pdf,
phone,pass,Published phone: 0000001047 ,http://www.dgshipping.gov.lk/web/images/2026/MSS_Noties/Bid_cleaning_service_PDF.pdf,
phone,pass,Published phone: 0000000184 ,http://www.dgshipping.gov.lk/web/images/2026/MSS_Noties/Bid_cleaning_service_PDF.pdf,
phone,pass,Published phone: 0000000307 ,http://www.dgshipping.gov.lk/web/images/2026/MSS_Noties/Bid_cleaning_service_PDF.pdf,
phone,pass,Published phone: 0000135749 ,http://www.dgshipping.gov.lk/web/images/2026/MSS_Noties/Bid_cleaning_service_PDF.pdf,
phone,pass,Published phone: 0000001008 ,http://www.dgshipping.gov.lk/web/images/2026/MSS_Noties/Bid_cleaning_service_PDF.pdf,
phone,pass,Published phone: 0000000585 ,http://www.dgshipping.gov.lk/web/images/2026/MSS_Noties/Bid_cleaning_service_PDF.pdf,
phone,pass,Published phone: 0000001320 ,http://www.dgshipping.gov.lk/web/images/2026/MSS_Noties/Bid_cleaning_service_PDF.pdf,
phone,pass,Published phone: 0000000164 ,http://www.dgshipping.gov.lk/web/images/2026/MSS_Noties/Bid_cleaning_service_PDF.pdf,
phone,pass,Published phone: 0000399066 ,http://www.dgshipping.gov.lk/web/images/2026/MSS_Noties/Bid_cleaning_service_PDF.pdf,
phone,pass,Published phone: 0000001046 ,http://www.dgshipping.gov.lk/web/images/2026/MSS_Noties/Bid_cleaning_service_PDF.pdf,
phone,pass,Published phone: 0000000236 ,http://www.dgshipping.gov.lk/web/images/2026/MSS_Noties/Bid_cleaning_service_PDF.pdf,
phone,pass,Published phone: 0000000806 ,http://www.dgshipping.gov.lk/web/images/2026/MSS_Noties/Bid_cleaning_service_PDF.pdf,
phone,pass,Published phone: 0000000149 ,http://www.dgshipping.gov.lk/web/images/2026/MSS_Noties/Bid_cleaning_service_PDF.pdf,
phone,pass,Published phone: 0000269159 ,http://www.dgshipping.gov.lk/web/images/2026/MSS_Noties/Bid_cleaning_service_PDF.pdf,
phone,pass,Published phone: 0000000735 ,http://www.dgshipping.gov.lk/web/images/2026/MSS_Noties/Bid_cleaning_service_PDF.pdf,
phone,pass,Published phone: 0000000504 ,http://www.dgshipping.gov.lk/web/images/2026/MSS_Noties/Bid_cleaning_service_PDF.pdf,
phone,pass,Published phone: 0000126904 ,http://www.dgshipping.gov.lk/web/images/2026/MSS_Noties/Bid_cleaning_service_PDF.pdf,
phone,pass,Published phone: 0000000266 ,http://www.dgshipping.gov.lk/web/images/2026/MSS_Noties/Bid_cleaning_service_PDF.pdf,
phone,pass,Published phone: 0000000366 ,http://www.dgshipping.gov.lk/web/images/2026/MSS_Noties/Bid_cleaning_service_PDF.pdf,
phone,pass,Published phone: 0000000562 ,http://www.dgshipping.gov.lk/web/images/2026/MSS_Noties/Bid_cleaning_service_PDF.pdf,
phone,pass,Published phone: 0000000947 ,http://www.dgshipping.gov.lk/web/images/2026/MSS_Noties/Bid_cleaning_service_PDF.pdf,
phone,pass,Published phone: 0 0 611 889 0 7,http://www.dgshipping.gov.lk/web/images/2026/MSS_Noties/Bid_cleaning_service_PDF.pdf,
phone,pass,Published phone: 0000140704 ,http://www.dgshipping.gov.lk/web/images/2026/MSS_Noties/Bid_cleaning_service_PDF.pdf,
phone,pass,Published phone: 0000001142 ,http://www.dgshipping.gov.lk/web/images/2026/MSS_Noties/Bid_cleaning_service_PDF.pdf,
phone,pass,Published phone: 0000000175 ,http://www.dgshipping.gov.lk/web/images/2026/MSS_Noties/Bid_cleaning_service_PDF.pdf,
phone,pass,Published phone: 0000000996 ,http://www.dgshipping.gov.lk/web/images/2026/MSS_Noties/Bid_cleaning_service_PDF.pdf,
phone,pass,Published phone: 0000001041 ,http://www.dgshipping.gov.lk/web/images/2026/MSS_Noties/Bid_cleaning_service_PDF.pdf,
phone,pass,Published phone: 05 656 656 65,http://www.dgshipping.gov.lk/web/images/2026/MSS_Noties/Bid_cleaning_service_PDF.pdf,
phone,pass,Published phone: 0000001211 ,http://www.dgshipping.gov.lk/web/images/2026/MSS_Noties/Bid_cleaning_service_PDF.pdf,
phone,pass,Published phone: 0000000278 ,http://www.dgshipping.gov.lk/web/images/2026/MSS_Noties/Bid_cleaning_service_PDF.pdf,
phone,pass,Published phone: 0000001009 ,http://www.dgshipping.gov.lk/web/images/2026/MSS_Noties/Bid_cleaning_service_PDF.pdf,
phone,pass,Published phone: 0000000881 ,http://www.dgshipping.gov.lk/web/images/2026/MSS_Noties/Bid_cleaning_service_PDF.pdf,
phone,pass,Published phone: 0000000223 ,http://www.dgshipping.gov.lk/web/images/2026/MSS_Noties/Bid_cleaning_service_PDF.pdf,
phone,pass,Published phone: 0000000955 ,http://www.dgshipping.gov.lk/web/images/2026/MSS_Noties/Bid_cleaning_service_PDF.pdf,
phone,pass,Published phone: 0000000445 ,http://www.dgshipping.gov.lk/web/images/2026/MSS_Noties/Bid_cleaning_service_PDF.pdf,
phone,pass,Published phone: 0000000365 ,http://www.dgshipping.gov.lk/web/images/2026/MSS_Noties/Bid_cleaning_service_PDF.pdf,
phone,pass,Published phone: 0000000419 ,http://www.dgshipping.gov.lk/web/images/2026/MSS_Noties/Bid_cleaning_service_PDF.pdf,
phone,pass,Published phone: 0000000320 ,http://www.dgshipping.gov.lk/web/images/2026/MSS_Noties/Bid_cleaning_service_PDF.pdf,
phone,pass,Published phone: 0000000814 ,http://www.dgshipping.gov.lk/web/images/2026/MSS_Noties/Bid_cleaning_service_PDF.pdf,
phone,pass,Published phone: 0000000934 ,http://www.dgshipping.gov.lk/web/images/2026/MSS_Noties/Bid_cleaning_service_PDF.pdf,
phone,pass,Published phone: 0000001086 ,http://www.dgshipping.gov.lk/web/images/2026/MSS_Noties/Bid_cleaning_service_PDF.pdf,
phone,pass,Published phone: 0000058108 ,http://www.dgshipping.gov.lk/web/images/2026/MSS_Noties/Bid_cleaning_service_PDF.pdf,
phone,pass,Published phone: 0000087447 ,http://www.dgshipping.gov.lk/web/images/2026/MSS_Noties/Bid_cleaning_service_PDF.pdf,
phone,pass,Published phone: 0000000131 ,http://www.dgshipping.gov.lk/web/images/2026/MSS_Noties/Bid_cleaning_service_PDF.pdf,
phone,pass,Published phone: 0000000403 ,http://www.dgshipping.gov.lk/web/images/2026/MSS_Noties/Bid_cleaning_service_PDF.pdf,
phone,pass,Published phone: 0000001126 ,http://www.dgshipping.gov.lk/web/images/2026/MSS_Noties/Bid_cleaning_service_PDF.pdf,
phone,pass,Published phone: 0000000891 ,http://www.dgshipping.gov.lk/web/images/2026/MSS_Noties/Bid_cleaning_service_PDF.pdf,
phone,pass,Published phone: 0000000170 ,http://www.dgshipping.gov.lk/web/images/2026/MSS_Noties/Bid_cleaning_service_PDF.pdf,
phone,pass,Published phone: 0000000156 ,http://www.dgshipping.gov.lk/web/images/2026/MSS_Noties/Bid_cleaning_service_PDF.pdf,
phone,pass,Published phone: 0000000355 ,http://www.dgshipping.gov.lk/web/images/2026/MSS_Noties/Bid_cleaning_service_PDF.pdf,
phone,pass,Published phone: 0000001243 ,http://www.dgshipping.gov.lk/web/images/2026/MSS_Noties/Bid_cleaning_service_PDF.pdf,
phone,pass,Published phone: 0000127305 ,http://www.dgshipping.gov.lk/web/images/2026/MSS_Noties/Bid_cleaning_service_PDF.pdf,
phone,pass,Published phone: 0000000994 ,http://www.dgshipping.gov.lk/web/images/2026/MSS_Noties/Bid_cleaning_service_PDF.pdf,
phone,pass,Published phone: 0000000927 ,http://www.dgshipping.gov.lk/web/images/2026/MSS_Noties/Bid_cleaning_service_PDF.pdf,
phone,pass,Published phone: 0000127632 ,http://www.dgshipping.gov.lk/web/images/2026/MSS_Noties/Bid_cleaning_service_PDF.pdf,
phone,pass,Published phone: 0000001287 ,http://www.dgshipping.gov.lk/web/images/2026/MSS_Noties/Bid_cleaning_service_PDF.pdf,
phone,pass,Published phone: 0000000120 ,http://www.dgshipping.gov.lk/web/images/2026/MSS_Noties/Bid_cleaning_service_PDF.pdf,
phone,pass,Published phone: 0000000274 ,http://www.dgshipping.gov.lk/web/images/2026/MSS_Noties/Bid_cleaning_service_PDF.pdf,
phone,pass,Published phone: 0000001042 ,http://www.dgshipping.gov.lk/web/images/2026/MSS_Noties/Bid_cleaning_service_PDF.pdf,
phone,pass,Published phone: 0000001257 ,http://www.dgshipping.gov.lk/web/images/2026/MSS_Noties/Bid_cleaning_service_PDF.pdf,
phone,pass,Published phone: 0000000326 ,http://www.dgshipping.gov.lk/web/images/2026/MSS_Noties/Bid_cleaning_service_PDF.pdf,
phone,pass,Published phone: 0000000939 ,http://www.dgshipping.gov.lk/web/images/2026/MSS_Noties/Bid_cleaning_service_PDF.pdf,
phone,pass,Published phone: 0000000159 ,http://www.dgshipping.gov.lk/web/images/2026/MSS_Noties/Bid_cleaning_service_PDF.pdf,
phone,pass,Published phone: 0000000325 ,http://www.dgshipping.gov.lk/web/images/2026/MSS_Noties/Bid_cleaning_service_PDF.pdf,
phone,pass,Published phone: 0000000384 ,http://www.dgshipping.gov.lk/web/images/2026/MSS_Noties/Bid_cleaning_service_PDF.pdf,
phone,pass,Published phone: 0000001109 ,http://www.dgshipping.gov.lk/web/images/2026/MSS_Noties/Bid_cleaning_service_PDF.pdf,
phone,pass,Published phone: 0000000972 ,http://www.dgshipping.gov.lk/web/images/2026/MSS_Noties/Bid_cleaning_service_PDF.pdf,
phone,pass,Published phone: 0000000338 ,http://www.dgshipping.gov.lk/web/images/2026/MSS_Noties/Bid_cleaning_service_PDF.pdf,
phone,pass,Published phone: 0000000745 ,http://www.dgshipping.gov.lk/web/images/2026/MSS_Noties/Bid_cleaning_service_PDF.pdf,
phone,pass,Published phone: 0000001053 ,http://www.dgshipping.gov.lk/web/images/2026/MSS_Noties/Bid_cleaning_service_PDF.pdf,
phone,pass,Published phone: 0000001118 ,http://www.dgshipping.gov.lk/web/images/2026/MSS_Noties/Bid_cleaning_service_PDF.pdf,
phone,pass,Published phone: 0000001150 ,http://www.dgshipping.gov.lk/web/images/2026/MSS_Noties/Bid_cleaning_service_PDF.pdf,
phone,pass,Published phone: 0000255712 ,http://www.dgshipping.gov.lk/web/images/2026/MSS_Noties/Bid_cleaning_service_PDF.pdf,
phone,pass,Published phone: 0000000973 ,http://www.dgshipping.gov.lk/web/images/2026/MSS_Noties/Bid_cleaning_service_PDF.pdf,
phone,pass,Published phone: 0000000291 ,http://www.dgshipping.gov.lk/web/images/2026/MSS_Noties/Bid_cleaning_service_PDF.pdf,
phone,pass,Published phone: 0000000180 ,http://www.dgshipping.gov.lk/web/images/2026/MSS_Noties/Bid_cleaning_service_PDF.pdf,
phone,pass,Published phone: 0000000686 ,http://www.dgshipping.gov.lk/web/images/2026/MSS_Noties/Bid_cleaning_service_PDF.pdf,
phone,pass,Published phone: 0000001129 ,http://www.dgshipping.gov.lk/web/images/2026/MSS_Noties/Bid_cleaning_service_PDF.pdf,
phone,pass,Published phone: 0000001147 ,http://www.dgshipping.gov.lk/web/images/2026/MSS_Noties/Bid_cleaning_service_PDF.pdf,
phone,pass,Published phone: 0000000964 ,http://www.dgshipping.gov.lk/web/images/2026/MSS_Noties/Bid_cleaning_service_PDF.pdf,
phone,pass,Published phone: 0000000569 ,http://www.dgshipping.gov.lk/web/images/2026/MSS_Noties/Bid_cleaning_service_PDF.pdf,
phone,pass,Published phone: 0000000397 ,http://www.dgshipping.gov.lk/web/images/2026/MSS_Noties/Bid_cleaning_service_PDF.pdf,
phone,pass,Published phone: 0000000222 ,http://www.dgshipping.gov.lk/web/images/2026/MSS_Noties/Bid_cleaning_service_PDF.pdf,
phone,pass,Published phone: 0000000518 ,http://www.dgshipping.gov.lk/web/images/2026/MSS_Noties/Bid_cleaning_service_PDF.pdf,
phone,pass,Published phone: 0000000212 ,http://www.dgshipping.gov.lk/web/images/2026/MSS_Noties/Bid_cleaning_service_PDF.pdf,
phone,pass,Published phone: 0000001153 ,http://www.dgshipping.gov.lk/web/images/2026/MSS_Noties/Bid_cleaning_service_PDF.pdf,
phone,pass,Published phone: 0000000868 ,http://www.dgshipping.gov.lk/web/images/2026/MSS_Noties/Bid_cleaning_service_PDF.pdf,
phone,pass,Published phone: 0000000696 ,http://www.dgshipping.gov.lk/web/images/2026/MSS_Noties/Bid_cleaning_service_PDF.pdf,
phone,pass,Published phone: 0000000548 ,http://www.dgshipping.gov.lk/web/images/2026/MSS_Noties/Bid_cleaning_service_PDF.pdf,
phone,pass,Published phone: 0000000669 ,http://www.dgshipping.gov.lk/web/images/2026/MSS_Noties/Bid_cleaning_service_PDF.pdf,
phone,pass,Published phone: 0000000728 ,http://www.dgshipping.gov.lk/web/images/2026/MSS_Noties/Bid_cleaning_service_PDF.pdf,
phone,pass,Published phone: 0000539455 ,http://www.dgshipping.gov.lk/web/images/2026/MSS_Noties/Bid_cleaning_service_PDF.pdf,
phone,pass,Published phone: 0000001044 ,http://www.dgshipping.gov.lk/web/images/2026/MSS_Noties/Bid_cleaning_service_PDF.pdf,
phone,pass,Published phone: 0000000438 ,http://www.dgshipping.gov.lk/web/images/2026/MSS_Noties/Bid_cleaning_service_PDF.pdf,
phone,pass,Published phone: 0000001007 ,http://www.dgshipping.gov.lk/web/images/2026/MSS_Noties/Bid_cleaning_service_PDF.pdf,
phone,pass,Published phone: 0000000217 ,http://www.dgshipping.gov.lk/web/images/2026/MSS_Noties/Bid_cleaning_service_PDF.pdf,
phone,pass,Published phone: 0000000399 ,http://www.dgshipping.gov.lk/web/images/2026/MSS_Noties/Bid_cleaning_service_PDF.pdf,
phone,pass,Published phone: 0000000484 ,http://www.dgshipping.gov.lk/web/images/2026/MSS_Noties/Bid_cleaning_service_PDF.pdf,
phone,pass,Published phone: 0000000155 ,http://www.dgshipping.gov.lk/web/images/2026/MSS_Noties/Bid_cleaning_service_PDF.pdf,
phone,pass,Published phone: 0000000661 ,http://www.dgshipping.gov.lk/web/images/2026/MSS_Noties/Bid_cleaning_service_PDF.pdf,
phone,pass,Published phone: 0000000373 ,http://www.dgshipping.gov.lk/web/images/2026/MSS_Noties/Bid_cleaning_service_PDF.pdf,
phone,pass,Published phone: 0000001310 ,http://www.dgshipping.gov.lk/web/images/2026/MSS_Noties/Bid_cleaning_service_PDF.pdf,
phone,pass,Published phone: 0000001276 ,http://www.dgshipping.gov.lk/web/images/2026/MSS_Noties/Bid_cleaning_service_PDF.pdf,
phone,pass,Published phone: 0000000602 ,http://www.dgshipping.gov.lk/web/images/2026/MSS_Noties/Bid_cleaning_service_PDF.pdf,
phone,pass,Published phone: 0000000333 ,http://www.dgshipping.gov.lk/web/images/2026/MSS_Noties/Bid_cleaning_service_PDF.pdf,
phone,pass,Published phone: 0000000646 ,http://www.dgshipping.gov.lk/web/images/2026/MSS_Noties/Bid_cleaning_service_PDF.pdf,
phone,pass,Published phone: 0000000744 ,http://www.dgshipping.gov.lk/web/images/2026/MSS_Noties/Bid_cleaning_service_PDF.pdf,
phone,pass,Published phone: 019 2026-06-0,http://www.dgshipping.gov.lk/web/images/2026/MSS_Noties/Bid_cleaning_service_PDF.pdf,
phone,pass,Published phone: 0000354297 ,http://www.dgshipping.gov.lk/web/images/2026/MSS_Noties/Bid_cleaning_service_PDF.pdf,
phone,pass,Published phone: 030 998 998 9,http://www.dgshipping.gov.lk/web/images/2026/MSS_Noties/Bid_cleaning_service_PDF.pdf,
phone,pass,Published phone: 0000000565 ,http://www.dgshipping.gov.lk/web/images/2026/MSS_Noties/Bid_cleaning_service_PDF.pdf,
phone,pass,Published phone: 0000000971 ,http://www.dgshipping.gov.lk/web/images/2026/MSS_Noties/Bid_cleaning_service_PDF.pdf,
phone,pass,Published phone: 0000000693 ,http://www.dgshipping.gov.lk/web/images/2026/MSS_Noties/Bid_cleaning_service_PDF.pdf,
phone,pass,Published phone: 0000000949 ,http://www.dgshipping.gov.lk/web/images/2026/MSS_Noties/Bid_cleaning_service_PDF.pdf,
phone,pass,Published phone: 0000000798 ,http://www.dgshipping.gov.lk/web/images/2026/MSS_Noties/Bid_cleaning_service_PDF.pdf,
phone,pass,Published phone: 0000000255 ,http://www.dgshipping.gov.lk/web/images/2026/MSS_Noties/Bid_cleaning_service_PDF.pdf,
phone,pass,Published phone: 0000000629 ,http://www.dgshipping.gov.lk/web/images/2026/MSS_Noties/Bid_cleaning_service_PDF.pdf,
phone,pass,Published phone: 0000015110 ,http://www.dgshipping.gov.lk/web/images/2026/MSS_Noties/Bid_cleaning_service_PDF.pdf,
phone,pass,Published phone: 0000000165 ,http://www.dgshipping.gov.lk/web/images/2026/MSS_Noties/Bid_cleaning_service_PDF.pdf,
phone,pass,Published phone: 0000000466 ,http://www.dgshipping.gov.lk/web/images/2026/MSS_Noties/Bid_cleaning_service_PDF.pdf,
phone,pass,Published phone: 0000000329 ,http://www.dgshipping.gov.lk/web/images/2026/MSS_Noties/Bid_cleaning_service_PDF.pdf,
phone,pass,Published phone: 0 0 0 0 444 0 72,http://www.dgshipping.gov.lk/web/images/2026/MSS_Noties/Bid_cleaning_service_PDF.pdf,
phone,pass,Published phone: 0 0 0 0 444 500 ,http://www.dgshipping.gov.lk/web/images/2026/MSS_Noties/Bid_cleaning_service_PDF.pdf,
phone,pass,Published phone: 0000015276 ,http://www.dgshipping.gov.lk/web/images/2026/MSS_Noties/Bid_cleaning_service_PDF.pdf,
phone,pass,Published phone: 0000000140 ,http://www.dgshipping.gov.lk/web/images/2026/MSS_Noties/Bid_cleaning_service_PDF.pdf,
phone,pass,Published phone: 0000001212 ,http://www.dgshipping.gov.lk/web/images/2026/MSS_Noties/Bid_cleaning_service_PDF.pdf,
phone,pass,Published phone: 0000000401 ,http://www.dgshipping.gov.lk/web/images/2026/MSS_Noties/Bid_cleaning_service_PDF.pdf,
phone,pass,Published phone: 0000001169 ,http://www.dgshipping.gov.lk/web/images/2026/MSS_Noties/Bid_cleaning_service_PDF.pdf,
phone,pass,Published phone: 0000000309 ,http://www.dgshipping.gov.lk/web/images/2026/MSS_Noties/Bid_cleaning_service_PDF.pdf,
phone,pass,Published phone: 0000000406 ,http://www.dgshipping.gov.lk/web/images/2026/MSS_Noties/Bid_cleaning_service_PDF.pdf,
phone,pass,Published phone: 0000000345 ,http://www.dgshipping.gov.lk/web/images/2026/MSS_Noties/Bid_cleaning_service_PDF.pdf,
phone,pass,Published phone: 0000000758 ,http://www.dgshipping.gov.lk/web/images/2026/MSS_Noties/Bid_cleaning_service_PDF.pdf,
phone,pass,Published phone: 0000000605 ,http://www.dgshipping.gov.lk/web/images/2026/MSS_Noties/Bid_cleaning_service_PDF.pdf,
phone,pass,Published phone: 0000000680 ,http://www.dgshipping.gov.lk/web/images/2026/MSS_Noties/Bid_cleaning_service_PDF.pdf,
phone,pass,Published phone: 0000000499 ,http://www.dgshipping.gov.lk/web/images/2026/MSS_Noties/Bid_cleaning_service_PDF.pdf,
phone,pass,Published phone: 0000000998 ,http://www.dgshipping.gov.lk/web/images/2026/MSS_Noties/Bid_cleaning_service_PDF.pdf,
phone,pass,Published phone: 0000000699 ,http://www.dgshipping.gov.lk/web/images/2026/MSS_Noties/Bid_cleaning_service_PDF.pdf,
phone,pass,Published phone: 0000001116 ,http://www.dgshipping.gov.lk/web/images/2026/MSS_Noties/Bid_cleaning_service_PDF.pdf,
phone,pass,Published phone: 0000000525 ,http://www.dgshipping.gov.lk/web/images/2026/MSS_Noties/Bid_cleaning_service_PDF.pdf,
phone,pass,Published phone: 0000000529 ,http://www.dgshipping.gov.lk/web/images/2026/MSS_Noties/Bid_cleaning_service_PDF.pdf,
phone,pass,Published phone: 0000000317 ,http://www.dgshipping.gov.lk/web/images/2026/MSS_Noties/Bid_cleaning_service_PDF.pdf,
phone,pass,Published phone: 0000000750 ,http://www.dgshipping.gov.lk/web/images/2026/MSS_Noties/Bid_cleaning_service_PDF.pdf,
phone,pass,Published phone: 0000001059 ,http://www.dgshipping.gov.lk/web/images/2026/MSS_Noties/Bid_cleaning_service_PDF.pdf,
phone,pass,Published phone: 0000001149 ,http://www.dgshipping.gov.lk/web/images/2026/MSS_Noties/Bid_cleaning_service_PDF.pdf,
phone,pass,Published phone: 0000000375 ,http://www.dgshipping.gov.lk/web/images/2026/MSS_Noties/Bid_cleaning_service_PDF.pdf,
phone,pass,Published phone: 0000001137 ,http://www.dgshipping.gov.lk/web/images/2026/MSS_Noties/Bid_cleaning_service_PDF.pdf,
phone,pass,Published phone: 0000000555 ,http://www.dgshipping.gov.lk/web/images/2026/MSS_Noties/Bid_cleaning_service_PDF.pdf,
phone,pass,Published phone: 0000000805 ,http://www.dgshipping.gov.lk/web/images/2026/MSS_Noties/Bid_cleaning_service_PDF.pdf,
phone,pass,Published phone: 0000000467 ,http://www.dgshipping.gov.lk/web/images/2026/MSS_Noties/Bid_cleaning_service_PDF.pdf,
phone,pass,Published phone: 0000001295 ,http://www.dgshipping.gov.lk/web/images/2026/MSS_Noties/Bid_cleaning_service_PDF.pdf,
phone,pass,Published phone: 0000001037 ,http://www.dgshipping.gov.lk/web/images/2026/MSS_Noties/Bid_cleaning_service_PDF.pdf,
phone,pass,Published phone: 0000000425 ,http://www.dgshipping.gov.lk/web/images/2026/MSS_Noties/Bid_cleaning_service_PDF.pdf,
phone,pass,Published phone: 0000001122 ,http://www.dgshipping.gov.lk/web/images/2026/MSS_Noties/Bid_cleaning_service_PDF.pdf,
phone,pass,Published phone: 0000000426 ,http://www.dgshipping.gov.lk/web/images/2026/MSS_Noties/Bid_cleaning_service_PDF.pdf,
phone,pass,Published phone: 0000000639 ,http://www.dgshipping.gov.lk/web/images/2026/MSS_Noties/Bid_cleaning_service_PDF.pdf,
phone,pass,Published phone: 0000000670 ,http://www.dgshipping.gov.lk/web/images/2026/MSS_Noties/Bid_cleaning_service_PDF.pdf,
phone,pass,Published phone: 0000000795 ,http://www.dgshipping.gov.lk/web/images/2026/MSS_Noties/Bid_cleaning_service_PDF.pdf,
phone,pass,Published phone: 0000000472 ,http://www.dgshipping.gov.lk/web/images/2026/MSS_Noties/Bid_cleaning_service_PDF.pdf,
phone,pass,Published phone: 0000000958 ,http://www.dgshipping.gov.lk/web/images/2026/MSS_Noties/Bid_cleaning_service_PDF.pdf,
phone,pass,Published phone: 0000000391 ,http://www.dgshipping.gov.lk/web/images/2026/MSS_Noties/Bid_cleaning_service_PDF.pdf,
phone,pass,Published phone: 0000000342 ,http://www.dgshipping.gov.lk/web/images/2026/MSS_Noties/Bid_cleaning_service_PDF.pdf,
phone,pass,Published phone: 0000000551 ,http://www.dgshipping.gov.lk/web/images/2026/MSS_Noties/Bid_cleaning_service_PDF.pdf,
phone,pass,Published phone: 0000001094 ,http://www.dgshipping.gov.lk/web/images/2026/MSS_Noties/Bid_cleaning_service_PDF.pdf,
phone,pass,Published phone: 0000000730 ,http://www.dgshipping.gov.lk/web/images/2026/MSS_Noties/Bid_cleaning_service_PDF.pdf,
phone,pass,Published phone: 0000000694 ,http://www.dgshipping.gov.lk/web/images/2026/MSS_Noties/Bid_cleaning_service_PDF.pdf,
phone,pass,Published phone: 0000000815 ,http://www.dgshipping.gov.lk/web/images/2026/MSS_Noties/Bid_cleaning_service_PDF.pdf,
phone,pass,Published phone: 0000013439 ,http://www.dgshipping.gov.lk/web/images/2026/MSS_Noties/Bid_cleaning_service_PDF.pdf,
phone,pass,Published phone: 0000016006 ,http://www.dgshipping.gov.lk/web/images/2026/MSS_Noties/Bid_cleaning_service_PDF.pdf,
phone,pass,Published phone: 0000001104 ,http://www.dgshipping.gov.lk/web/images/2026/MSS_Noties/Bid_cleaning_service_PDF.pdf,
phone,pass,Published phone: 0000000290 ,http://www.dgshipping.gov.lk/web/images/2026/MSS_Noties/Bid_cleaning_service_PDF.pdf,
phone,pass,Published phone: 0000000818 ,http://www.dgshipping.gov.lk/web/images/2026/MSS_Noties/Bid_cleaning_service_PDF.pdf,
phone,pass,Published phone: 0000000974 ,http://www.dgshipping.gov.lk/web/images/2026/MSS_Noties/Bid_cleaning_service_PDF.pdf,
phone,pass,Published phone: 0000000664 ,http://www.dgshipping.gov.lk/web/images/2026/MSS_Noties/Bid_cleaning_service_PDF.pdf,
phone,pass,Published phone: 0000001165 ,http://www.dgshipping.gov.lk/web/images/2026/MSS_Noties/Bid_cleaning_service_PDF.pdf,
phone,pass,Published phone: 0000000782 ,http://www.dgshipping.gov.lk/web/images/2026/MSS_Noties/Bid_cleaning_service_PDF.pdf,
phone,pass,Published phone: 0000001067 ,http://www.dgshipping.gov.lk/web/images/2026/MSS_Noties/Bid_cleaning_service_PDF.pdf,
phone,pass,Published phone: 0000001096 ,http://www.dgshipping.gov.lk/web/images/2026/MSS_Noties/Bid_cleaning_service_PDF.pdf,
phone,pass,Published phone: 0000001265 ,http://www.dgshipping.gov.lk/web/images/2026/MSS_Noties/Bid_cleaning_service_PDF.pdf,
phone,pass,Published phone: 0000001229 ,http://www.dgshipping.gov.lk/web/images/2026/MSS_Noties/Bid_cleaning_service_PDF.pdf,
phone,pass,Published phone: 0000001215 ,http://www.dgshipping.gov.lk/web/images/2026/MSS_Noties/Bid_cleaning_service_PDF.pdf,
phone,pass,Published phone: 0000000969 ,http://www.dgshipping.gov.lk/web/images/2026/MSS_Noties/Bid_cleaning_service_PDF.pdf,
phone,pass,Published phone: 0000000692 ,http://www.dgshipping.gov.lk/web/images/2026/MSS_Noties/Bid_cleaning_service_PDF.pdf,
phone,pass,Published phone: 0000000911 ,http://www.dgshipping.gov.lk/web/images/2026/MSS_Noties/Bid_cleaning_service_PDF.pdf,
phone,pass,Published phone: 0000000113 ,http://www.dgshipping.gov.lk/web/images/2026/MSS_Noties/Bid_cleaning_service_PDF.pdf,
phone,pass,Published phone: 0000000284 ,http://www.dgshipping.gov.lk/web/images/2026/MSS_Noties/Bid_cleaning_service_PDF.pdf,
phone,pass,Published phone: 0000001277 ,http://www.dgshipping.gov.lk/web/images/2026/MSS_Noties/Bid_cleaning_service_PDF.pdf,
phone,pass,Published phone: 0000000845 ,http://www.dgshipping.gov.lk/web/images/2026/MSS_Noties/Bid_cleaning_service_PDF.pdf,
phone,pass,Published phone: 0000000666 ,http://www.dgshipping.gov.lk/web/images/2026/MSS_Noties/Bid_cleaning_service_PDF.pdf,
phone,pass,Published phone: 0000000963 ,http://www.dgshipping.gov.lk/web/images/2026/MSS_Noties/Bid_cleaning_service_PDF.pdf,
phone,pass,Published phone: 0000000129 ,http://www.dgshipping.gov.lk/web/images/2026/MSS_Noties/Bid_cleaning_service_PDF.pdf,
phone,pass,Published phone: 0000001038 ,http://www.dgshipping.gov.lk/web/images/2026/MSS_Noties/Bid_cleaning_service_PDF.pdf,
phone,pass,Published phone: 0000000385 ,http://www.dgshipping.gov.lk/web/images/2026/MSS_Noties/Bid_cleaning_service_PDF.pdf,
phone,pass,Published phone: 0000000505 ,http://www.dgshipping.gov.lk/web/images/2026/MSS_Noties/Bid_cleaning_service_PDF.pdf,
phone,pass,Published phone: 0000001167 ,http://www.dgshipping.gov.lk/web/images/2026/MSS_Noties/Bid_cleaning_service_PDF.pdf,
phone,pass,Published phone: 0000445502 ,http://www.dgshipping.gov.lk/web/images/2026/MSS_Noties/Bid_cleaning_service_PDF.pdf,
phone,pass,Published phone: 0000001021 ,http://www.dgshipping.gov.lk/web/images/2026/MSS_Noties/Bid_cleaning_service_PDF.pdf,
phone,pass,Published phone: 0000000599 ,http://www.dgshipping.gov.lk/web/images/2026/MSS_Noties/Bid_cleaning_service_PDF.pdf,
phone,pass,Published phone: 0000000319 ,http://www.dgshipping.gov.lk/web/images/2026/MSS_Noties/Bid_cleaning_service_PDF.pdf,
phone,pass,Published phone: 0000001017 ,http://www.dgshipping.gov.lk/web/images/2026/MSS_Noties/Bid_cleaning_service_PDF.pdf,
phone,pass,Published phone: 0000000229 ,http://www.dgshipping.gov.lk/web/images/2026/MSS_Noties/Bid_cleaning_service_PDF.pdf,
phone,pass,Published phone: 0000001264 ,http://www.dgshipping.gov.lk/web/images/2026/MSS_Noties/Bid_cleaning_service_PDF.pdf,
phone,pass,Published phone: 0000000616 ,http://www.dgshipping.gov.lk/web/images/2026/MSS_Noties/Bid_cleaning_service_PDF.pdf,
phone,pass,Published phone: 0000000981 ,http://www.dgshipping.gov.lk/web/images/2026/MSS_Noties/Bid_cleaning_service_PDF.pdf,
phone,pass,Published phone: 0000000188 ,http://www.dgshipping.gov.lk/web/images/2026/MSS_Noties/Bid_cleaning_service_PDF.pdf,
phone,pass,Published phone: 0000001247 ,http://www.dgshipping.gov.lk/web/images/2026/MSS_Noties/Bid_cleaning_service_PDF.pdf,
phone,pass,Published phone: 0000000327 ,http://www.dgshipping.gov.lk/web/images/2026/MSS_Noties/Bid_cleaning_service_PDF.pdf,
phone,pass,Published phone: 0000001133 ,http://www.dgshipping.gov.lk/web/images/2026/MSS_Noties/Bid_cleaning_service_PDF.pdf,
phone,pass,Published phone: 0000000995 ,http://www.dgshipping.gov.lk/web/images/2026/MSS_Noties/Bid_cleaning_service_PDF.pdf,
phone,pass,Published phone: 0000000173 ,http://www.dgshipping.gov.lk/web/images/2026/MSS_Noties/Bid_cleaning_service_PDF.pdf,
phone,pass,Published phone: 0000000546 ,http://www.dgshipping.gov.lk/web/images/2026/MSS_Noties/Bid_cleaning_service_PDF.pdf,
phone,pass,Published phone: 0000001068 ,http://www.dgshipping.gov.lk/web/images/2026/MSS_Noties/Bid_cleaning_service_PDF.pdf,
phone,pass,Published phone: 0000000359 ,http://www.dgshipping.gov.lk/web/images/2026/MSS_Noties/Bid_cleaning_service_PDF.pdf,
phone,pass,Published phone: 0000001003 ,http://www.dgshipping.gov.lk/web/images/2026/MSS_Noties/Bid_cleaning_service_PDF.pdf,
phone,pass,Published phone: 0000013467 ,http://www.dgshipping.gov.lk/web/images/2026/MSS_Noties/Bid_cleaning_service_PDF.pdf,
phone,pass,Published phone: 0000000254 ,http://www.dgshipping.gov.lk/web/images/2026/MSS_Noties/Bid_cleaning_service_PDF.pdf,
phone,pass,Published phone: 0000001174 ,http://www.dgshipping.gov.lk/web/images/2026/MSS_Noties/Bid_cleaning_service_PDF.pdf,
phone,pass,Published phone: 0000000980 ,http://www.dgshipping.gov.lk/web/images/2026/MSS_Noties/Bid_cleaning_service_PDF.pdf,
phone,pass,Published phone: 0000000523 ,http://www.dgshipping.gov.lk/web/images/2026/MSS_Noties/Bid_cleaning_service_PDF.pdf,
phone,pass,Published phone: 0000000276 ,http://www.dgshipping.gov.lk/web/images/2026/MSS_Noties/Bid_cleaning_service_PDF.pdf,
phone,pass,Published phone: 0000079542 ,http://www.dgshipping.gov.lk/web/images/2026/MSS_Noties/Bid_cleaning_service_PDF.pdf,
phone,pass,Published phone: 0000001058 ,http://www.dgshipping.gov.lk/web/images/2026/MSS_Noties/Bid_cleaning_service_PDF.pdf,
phone,pass,Published phone: 0000145200 ,http://www.dgshipping.gov.lk/web/images/2026/MSS_Noties/Bid_cleaning_service_PDF.pdf,
phone,pass,Published phone: 0000000511 ,http://www.dgshipping.gov.lk/web/images/2026/MSS_Noties/Bid_cleaning_service_PDF.pdf,
phone,pass,Published phone: 0000000301 ,http://www.dgshipping.gov.lk/web/images/2026/MSS_Noties/Bid_cleaning_service_PDF.pdf,
phone,pass,Published phone: 0000000174 ,http://www.dgshipping.gov.lk/web/images/2026/MSS_Noties/Bid_cleaning_service_PDF.pdf,
phone,pass,Published phone: 0000001123 ,http://www.dgshipping.gov.lk/web/images/2026/MSS_Noties/Bid_cleaning_service_PDF.pdf,
phone,pass,Published phone: 0000000880 ,http://www.dgshipping.gov.lk/web/images/2026/MSS_Noties/Bid_cleaning_service_PDF.pdf,
phone,pass,Published phone: 0000001146 ,http://www.dgshipping.gov.lk/web/images/2026/MSS_Noties/Bid_cleaning_service_PDF.pdf,
phone,pass,Published phone: 0000000412 ,http://www.dgshipping.gov.lk/web/images/2026/MSS_Noties/Bid_cleaning_service_PDF.pdf,
phone,pass,Published phone: 0000000510 ,http://www.dgshipping.gov.lk/web/images/2026/MSS_Noties/Bid_cleaning_service_PDF.pdf,
phone,pass,Published phone: 0000000767 ,http://www.dgshipping.gov.lk/web/images/2026/MSS_Noties/Bid_cleaning_service_PDF.pdf,
phone,pass,Published phone: 0000000459 ,http://www.dgshipping.gov.lk/web/images/2026/MSS_Noties/Bid_cleaning_service_PDF.pdf,
phone,pass,Published phone: 0000001235 ,http://www.dgshipping.gov.lk/web/images/2026/MSS_Noties/Bid_cleaning_service_PDF.pdf,
phone,pass,Published phone: 0000001034 ,http://www.dgshipping.gov.lk/web/images/2026/MSS_Noties/Bid_cleaning_service_PDF.pdf,
phone,pass,Published phone: 0000001060 ,http://www.dgshipping.gov.lk/web/images/2026/MSS_Noties/Bid_cleaning_service_PDF.pdf,
phone,pass,Published phone: 0000000323 ,http://www.dgshipping.gov.lk/web/images/2026/MSS_Noties/Bid_cleaning_service_PDF.pdf,
phone,pass,Published phone: 0000000865 ,http://www.dgshipping.gov.lk/web/images/2026/MSS_Noties/Bid_cleaning_service_PDF.pdf,
phone,pass,Published phone: 0000000448 ,http://www.dgshipping.gov.lk/web/images/2026/MSS_Noties/Bid_cleaning_service_PDF.pdf,
phone,pass,Published phone: 0000000507 ,http://www.dgshipping.gov.lk/web/images/2026/MSS_Noties/Bid_cleaning_service_PDF.pdf,
phone,pass,Published phone: 0000000684 ,http://www.dgshipping.gov.lk/web/images/2026/MSS_Noties/Bid_cleaning_service_PDF.pdf,
phone,pass,Published phone: 0000013969 ,http://www.dgshipping.gov.lk/web/images/2026/MSS_Noties/Bid_cleaning_service_PDF.pdf,
phone,pass,Published phone: 0000001143 ,http://www.dgshipping.gov.lk/web/images/2026/MSS_Noties/Bid_cleaning_service_PDF.pdf,
phone,pass,Published phone: 0 500 500 500 ,http://www.dgshipping.gov.lk/web/images/2026/MSS_Noties/Bid_cleaning_service_PDF.pdf,
phone,pass,Published phone: 0000000189 ,http://www.dgshipping.gov.lk/web/images/2026/MSS_Noties/Bid_cleaning_service_PDF.pdf,
phone,pass,Published phone: 0000000198 ,http://www.dgshipping.gov.lk/web/images/2026/MSS_Noties/Bid_cleaning_service_PDF.pdf,
phone,pass,Published phone: 0000000932 ,http://www.dgshipping.gov.lk/web/images/2026/MSS_Noties/Bid_cleaning_service_PDF.pdf,
phone,pass,Published phone: 0000000288 ,http://www.dgshipping.gov.lk/web/images/2026/MSS_Noties/Bid_cleaning_service_PDF.pdf,
phone,pass,Published phone: 0000000270 ,http://www.dgshipping.gov.lk/web/images/2026/MSS_Noties/Bid_cleaning_service_PDF.pdf,
phone,pass,Published phone: 0000000542 ,http://www.dgshipping.gov.lk/web/images/2026/MSS_Noties/Bid_cleaning_service_PDF.pdf,
phone,pass,Published phone: 0000000823 ,http://www.dgshipping.gov.lk/web/images/2026/MSS_Noties/Bid_cleaning_service_PDF.pdf,
phone,pass,Published phone: 0000550090 ,http://www.dgshipping.gov.lk/web/images/2026/MSS_Noties/Bid_cleaning_service_PDF.pdf,
phone,pass,Published phone: 0000361241 ,http://www.dgshipping.gov.lk/web/images/2026/MSS_Noties/Bid_cleaning_service_PDF.pdf,
phone,pass,Published phone: 0000000388 ,http://www.dgshipping.gov.lk/web/images/2026/MSS_Noties/Bid_cleaning_service_PDF.pdf,
phone,pass,Published phone: 0000000606 ,http://www.dgshipping.gov.lk/web/images/2026/MSS_Noties/Bid_cleaning_service_PDF.pdf,
phone,pass,Published phone: 0000000917 ,http://www.dgshipping.gov.lk/web/images/2026/MSS_Noties/Bid_cleaning_service_PDF.pdf,
phone,pass,Published phone: 0000000298 ,http://www.dgshipping.gov.lk/web/images/2026/MSS_Noties/Bid_cleaning_service_PDF.pdf,
phone,pass,Published phone: 0000000166 ,http://www.dgshipping.gov.lk/web/images/2026/MSS_Noties/Bid_cleaning_service_PDF.pdf,
phone,pass,Published phone: 0000000244 ,http://www.dgshipping.gov.lk/web/images/2026/MSS_Noties/Bid_cleaning_service_PDF.pdf,
phone,pass,Published phone: 0000000213 ,http://www.dgshipping.gov.lk/web/images/2026/MSS_Noties/Bid_cleaning_service_PDF.pdf,
phone,pass,Published phone: 0000000879 ,http://www.dgshipping.gov.lk/web/images/2026/MSS_Noties/Bid_cleaning_service_PDF.pdf,
phone,pass,Published phone: 0000000929 ,http://www.dgshipping.gov.lk/web/images/2026/MSS_Noties/Bid_cleaning_service_PDF.pdf,
phone,pass,Published phone: 0000001057 ,http://www.dgshipping.gov.lk/web/images/2026/MSS_Noties/Bid_cleaning_service_PDF.pdf,
phone,pass,Published phone: 0000275233 ,http://www.dgshipping.gov.lk/web/images/2026/MSS_Noties/Bid_cleaning_service_PDF.pdf,
phone,pass,Published phone: 0000000225 ,http://www.dgshipping.gov.lk/web/images/2026/MSS_Noties/Bid_cleaning_service_PDF.pdf,
phone,pass,Published phone: 0000000925 ,http://www.dgshipping.gov.lk/web/images/2026/MSS_Noties/Bid_cleaning_service_PDF.pdf,
phone,pass,Published phone: 0000001066 ,http://www.dgshipping.gov.lk/web/images/2026/MSS_Noties/Bid_cleaning_service_PDF.pdf,
phone,pass,Published phone: 0000000875 ,http://www.dgshipping.gov.lk/web/images/2026/MSS_Noties/Bid_cleaning_service_PDF.pdf,
phone,pass,Published phone: 0000000522 ,http://www.dgshipping.gov.lk/web/images/2026/MSS_Noties/Bid_cleaning_service_PDF.pdf,
phone,pass,Published phone: 0000001134 ,http://www.dgshipping.gov.lk/web/images/2026/MSS_Noties/Bid_cleaning_service_PDF.pdf,
phone,pass,Published phone: 0000001201 ,http://www.dgshipping.gov.lk/web/images/2026/MSS_Noties/Bid_cleaning_service_PDF.pdf,
phone,pass,Published phone: 0000000724 ,http://www.dgshipping.gov.lk/web/images/2026/MSS_Noties/Bid_cleaning_service_PDF.pdf,
phone,pass,Published phone: 0000145792 ,http://www.dgshipping.gov.lk/web/images/2026/MSS_Noties/Bid_cleaning_service_PDF.pdf,
phone,pass,Published phone: 0000000916 ,http://www.dgshipping.gov.lk/web/images/2026/MSS_Noties/Bid_cleaning_service_PDF.pdf,
phone,pass,Published phone: 0000000451 ,http://www.dgshipping.gov.lk/web/images/2026/MSS_Noties/Bid_cleaning_service_PDF.pdf,
phone,pass,Published phone: 0000000509 ,http://www.dgshipping.gov.lk/web/images/2026/MSS_Noties/Bid_cleaning_service_PDF.pdf,
phone,pass,Published phone: 0000000138 ,http://www.dgshipping.gov.lk/web/images/2026/MSS_Noties/Bid_cleaning_service_PDF.pdf,
phone,pass,Published phone: 0000000376 ,http://www.dgshipping.gov.lk/web/images/2026/MSS_Noties/Bid_cleaning_service_PDF.pdf,
phone,pass,Published phone: 0000000415 ,http://www.dgshipping.gov.lk/web/images/2026/MSS_Noties/Bid_cleaning_service_PDF.pdf,
phone,pass,Published phone: 0000000766 ,http://www.dgshipping.gov.lk/web/images/2026/MSS_Noties/Bid_cleaning_service_PDF.pdf,
phone,pass,Published phone: 0000000618 ,http://www.dgshipping.gov.lk/web/images/2026/MSS_Noties/Bid_cleaning_service_PDF.pdf,
phone,pass,Published phone: 0000001192 ,http://www.dgshipping.gov.lk/web/images/2026/MSS_Noties/Bid_cleaning_service_PDF.pdf,
phone,pass,Published phone: 0000000332 ,http://www.dgshipping.gov.lk/web/images/2026/MSS_Noties/Bid_cleaning_service_PDF.pdf,
phone,pass,Published phone: 0000001275 ,http://www.dgshipping.gov.lk/web/images/2026/MSS_Noties/Bid_cleaning_service_PDF.pdf,
phone,pass,Published phone: 0000000354 ,http://www.dgshipping.gov.lk/web/images/2026/MSS_Noties/Bid_cleaning_service_PDF.pdf,
phone,pass,Published phone: 0000000588 ,http://www.dgshipping.gov.lk/web/images/2026/MSS_Noties/Bid_cleaning_service_PDF.pdf,
phone,pass,Published phone: 0000001050 ,http://www.dgshipping.gov.lk/web/images/2026/MSS_Noties/Bid_cleaning_service_PDF.pdf,
phone,pass,Published phone: 0000000707 ,http://www.dgshipping.gov.lk/web/images/2026/MSS_Noties/Bid_cleaning_service_PDF.pdf,
phone,pass,Published phone: 0000114206 ,http://www.dgshipping.gov.lk/web/images/2026/MSS_Noties/Bid_cleaning_service_PDF.pdf,
phone,pass,Published phone: 0000000928 ,http://www.dgshipping.gov.lk/web/images/2026/MSS_Noties/Bid_cleaning_service_PDF.pdf,
phone,pass,Published phone: 0000001187 ,http://www.dgshipping.gov.lk/web/images/2026/MSS_Noties/Bid_cleaning_service_PDF.pdf,
phone,pass,Published phone: 0000000643 ,http://www.dgshipping.gov.lk/web/images/2026/MSS_Noties/Bid_cleaning_service_PDF.pdf,
phone,pass,Published phone: 0000000389 ,http://www.dgshipping.gov.lk/web/images/2026/MSS_Noties/Bid_cleaning_service_PDF.pdf,
phone,pass,Published phone: 0000000759 ,http://www.dgshipping.gov.lk/web/images/2026/MSS_Noties/Bid_cleaning_service_PDF.pdf,
phone,pass,Published phone: 0000000660 ,http://www.dgshipping.gov.lk/web/images/2026/MSS_Noties/Bid_cleaning_service_PDF.pdf,
phone,pass,Published phone: 0000001144 ,http://www.dgshipping.gov.lk/web/images/2026/MSS_Noties/Bid_cleaning_service_PDF.pdf,
phone,pass,Published phone: 0000001080 ,http://www.dgshipping.gov.lk/web/images/2026/MSS_Noties/Bid_cleaning_service_PDF.pdf,
phone,pass,Published phone: 0000000890 ,http://www.dgshipping.gov.lk/web/images/2026/MSS_Noties/Bid_cleaning_service_PDF.pdf,
phone,pass,Published phone: 0000150831 ,http://www.dgshipping.gov.lk/web/images/2026/MSS_Noties/Bid_cleaning_service_PDF.pdf,
phone,pass,Published phone: 0000354243 ,http://www.dgshipping.gov.lk/web/images/2026/MSS_Noties/Bid_cleaning_service_PDF.pdf,
phone,pass,Published phone: 0000001168 ,http://www.dgshipping.gov.lk/web/images/2026/MSS_Noties/Bid_cleaning_service_PDF.pdf,
phone,pass,Published phone: 0000000436 ,http://www.dgshipping.gov.lk/web/images/2026/MSS_Noties/Bid_cleaning_service_PDF.pdf,
phone,pass,Published phone: 0000000337 ,http://www.dgshipping.gov.lk/web/images/2026/MSS_Noties/Bid_cleaning_service_PDF.pdf,
phone,pass,Published phone: 0000001166 ,http://www.dgshipping.gov.lk/web/images/2026/MSS_Noties/Bid_cleaning_service_PDF.pdf,
phone,pass,Published phone: 0000000924 ,http://www.dgshipping.gov.lk/web/images/2026/MSS_Noties/Bid_cleaning_service_PDF.pdf,
phone,pass,Published phone: 0000000517 ,http://www.dgshipping.gov.lk/web/images/2026/MSS_Noties/Bid_cleaning_service_PDF.pdf,
phone,pass,Published phone: 0000000600 ,http://www.dgshipping.gov.lk/web/images/2026/MSS_Noties/Bid_cleaning_service_PDF.pdf,
phone,pass,Published phone: 0000001285 ,http://www.dgshipping.gov.lk/web/images/2026/MSS_Noties/Bid_cleaning_service_PDF.pdf,
phone,pass,Published phone: 0000070526 ,http://www.dgshipping.gov.lk/web/images/2026/MSS_Noties/Bid_cleaning_service_PDF.pdf,
phone,pass,Published phone: 0000001189 ,http://www.dgshipping.gov.lk/web/images/2026/MSS_Noties/Bid_cleaning_service_PDF.pdf,
phone,pass,Published phone: 0000000854 ,http://www.dgshipping.gov.lk/web/images/2026/MSS_Noties/Bid_cleaning_service_PDF.pdf,
phone,pass,Published phone: 0000000940 ,http://www.dgshipping.gov.lk/web/images/2026/MSS_Noties/Bid_cleaning_service_PDF.pdf,
phone,pass,Published phone: 0000000836 ,http://www.dgshipping.gov.lk/web/images/2026/MSS_Noties/Bid_cleaning_service_PDF.pdf,
phone,pass,Published phone: 0000000983 ,http://www.dgshipping.gov.lk/web/images/2026/MSS_Noties/Bid_cleaning_service_PDF.pdf,
phone,pass,Published phone: 0000000503 ,http://www.dgshipping.gov.lk/web/images/2026/MSS_Noties/Bid_cleaning_service_PDF.pdf,
phone,pass,Published phone: 0000000471 ,http://www.dgshipping.gov.lk/web/images/2026/MSS_Noties/Bid_cleaning_service_PDF.pdf,
phone,pass,Published phone: 0000000460 ,http://www.dgshipping.gov.lk/web/images/2026/MSS_Noties/Bid_cleaning_service_PDF.pdf,
phone,pass,Published phone: 0000000943 ,http://www.dgshipping.gov.lk/web/images/2026/MSS_Noties/Bid_cleaning_service_PDF.pdf,
phone,pass,Published phone: 0000000167 ,http://www.dgshipping.gov.lk/web/images/2026/MSS_Noties/Bid_cleaning_service_PDF.pdf,
phone,pass,Published phone: 0000001106 ,http://www.dgshipping.gov.lk/web/images/2026/MSS_Noties/Bid_cleaning_service_PDF.pdf,
phone,pass,Published phone: 0000000858 ,http://www.dgshipping.gov.lk/web/images/2026/MSS_Noties/Bid_cleaning_service_PDF.pdf,
phone,pass,Published phone: 0000001065 ,http://www.dgshipping.gov.lk/web/images/2026/MSS_Noties/Bid_cleaning_service_PDF.pdf,
phone,pass,Published phone: 0000001131 ,http://www.dgshipping.gov.lk/web/images/2026/MSS_Noties/Bid_cleaning_service_PDF.pdf,
phone,pass,Published phone: 0000000251 ,http://www.dgshipping.gov.lk/web/images/2026/MSS_Noties/Bid_cleaning_service_PDF.pdf,
phone,pass,Published phone: 0000000775 ,http://www.dgshipping.gov.lk/web/images/2026/MSS_Noties/Bid_cleaning_service_PDF.pdf,
phone,pass,Published phone: 0000001315 ,http://www.dgshipping.gov.lk/web/images/2026/MSS_Noties/Bid_cleaning_service_PDF.pdf,
phone,pass,Published phone: 0000001043 ,http://www.dgshipping.gov.lk/web/images/2026/MSS_Noties/Bid_cleaning_service_PDF.pdf,
phone,pass,Published phone: 0000000267 ,http://www.dgshipping.gov.lk/web/images/2026/MSS_Noties/Bid_cleaning_service_PDF.pdf,
phone,pass,Published phone: 0000001209 ,http://www.dgshipping.gov.lk/web/images/2026/MSS_Noties/Bid_cleaning_service_PDF.pdf,
phone,pass,Published phone: 0000000382 ,http://www.dgshipping.gov.lk/web/images/2026/MSS_Noties/Bid_cleaning_service_PDF.pdf,
phone,pass,Published phone: 0000000809 ,http://www.dgshipping.gov.lk/web/images/2026/MSS_Noties/Bid_cleaning_service_PDF.pdf,
phone,pass,Published phone: 0000000311 ,http://www.dgshipping.gov.lk/web/images/2026/MSS_Noties/Bid_cleaning_service_PDF.pdf,
phone,pass,Published phone: 0000000866 ,http://www.dgshipping.gov.lk/web/images/2026/MSS_Noties/Bid_cleaning_service_PDF.pdf,
phone,pass,Published phone: 0000000786 ,http://www.dgshipping.gov.lk/web/images/2026/MSS_Noties/Bid_cleaning_service_PDF.pdf,
phone,pass,Published phone: 0000001240 ,http://www.dgshipping.gov.lk/web/images/2026/MSS_Noties/Bid_cleaning_service_PDF.pdf,
phone,pass,Published phone: 0000000804 ,http://www.dgshipping.gov.lk/web/images/2026/MSS_Noties/Bid_cleaning_service_PDF.pdf,
phone,pass,Published phone: 0000001091 ,http://www.dgshipping.gov.lk/web/images/2026/MSS_Noties/Bid_cleaning_service_PDF.pdf,
phone,pass,Published phone: 0000000571 ,http://www.dgshipping.gov.lk/web/images/2026/MSS_Noties/Bid_cleaning_service_PDF.pdf,
phone,pass,Published phone: 0000000216 ,http://www.dgshipping.gov.lk/web/images/2026/MSS_Noties/Bid_cleaning_service_PDF.pdf,
phone,pass,Published phone: 0000001241 ,http://www.dgshipping.gov.lk/web/images/2026/MSS_Noties/Bid_cleaning_service_PDF.pdf,
phone,pass,Published phone: 0000336611 ,http://www.dgshipping.gov.lk/web/images/2026/MSS_Noties/Bid_cleaning_service_PDF.pdf,
phone,pass,Published phone: 0000001032 ,http://www.dgshipping.gov.lk/web/images/2026/MSS_Noties/Bid_cleaning_service_PDF.pdf,
phone,pass,Published phone: 0000000662 ,http://www.dgshipping.gov.lk/web/images/2026/MSS_Noties/Bid_cleaning_service_PDF.pdf,
phone,pass,Published phone: 0000000496 ,http://www.dgshipping.gov.lk/web/images/2026/MSS_Noties/Bid_cleaning_service_PDF.pdf,
phone,pass,Published phone: 0000001139 ,http://www.dgshipping.gov.lk/web/images/2026/MSS_Noties/Bid_cleaning_service_PDF.pdf,
phone,pass,Published phone: 0000000887 ,http://www.dgshipping.gov.lk/web/images/2026/MSS_Noties/Bid_cleaning_service_PDF.pdf,
phone,pass,Published phone: 0000000122 ,http://www.dgshipping.gov.lk/web/images/2026/MSS_Noties/Bid_cleaning_service_PDF.pdf,
phone,pass,Published phone: 0000000849 ,http://www.dgshipping.gov.lk/web/images/2026/MSS_Noties/Bid_cleaning_service_PDF.pdf,
phone,pass,Published phone: 0000000592 ,http://www.dgshipping.gov.lk/web/images/2026/MSS_Noties/Bid_cleaning_service_PDF.pdf,
phone,pass,Published phone: 0000000394 ,http://www.dgshipping.gov.lk/web/images/2026/MSS_Noties/Bid_cleaning_service_PDF.pdf,
phone,pass,Published phone: 0000000581 ,http://www.dgshipping.gov.lk/web/images/2026/MSS_Noties/Bid_cleaning_service_PDF.pdf,
phone,pass,Published phone: 0000001119 ,http://www.dgshipping.gov.lk/web/images/2026/MSS_Noties/Bid_cleaning_service_PDF.pdf,
phone,pass,Published phone: 0000000723 ,http://www.dgshipping.gov.lk/web/images/2026/MSS_Noties/Bid_cleaning_service_PDF.pdf,
phone,pass,Published phone: 0000001180 ,http://www.dgshipping.gov.lk/web/images/2026/MSS_Noties/Bid_cleaning_service_PDF.pdf,
phone,pass,Published phone: 0000001100 ,http://www.dgshipping.gov.lk/web/images/2026/MSS_Noties/Bid_cleaning_service_PDF.pdf,
phone,pass,Published phone: 0000000339 ,http://www.dgshipping.gov.lk/web/images/2026/MSS_Noties/Bid_cleaning_service_PDF.pdf,
phone,pass,Published phone: 0000000207 ,http://www.dgshipping.gov.lk/web/images/2026/MSS_Noties/Bid_cleaning_service_PDF.pdf,
phone,pass,Published phone: 0000000416 ,http://www.dgshipping.gov.lk/web/images/2026/MSS_Noties/Bid_cleaning_service_PDF.pdf,
phone,pass,Published phone: 0000000300 ,http://www.dgshipping.gov.lk/web/images/2026/MSS_Noties/Bid_cleaning_service_PDF.pdf,
phone,pass,Published phone: 0 722 0 0 0 0 0 0 ,http://www.dgshipping.gov.lk/web/images/2026/MSS_Noties/Bid_cleaning_service_PDF.pdf,
phone,pass,Published phone: 0000000125 ,http://www.dgshipping.gov.lk/web/images/2026/MSS_Noties/Bid_cleaning_service_PDF.pdf,
phone,pass,Published phone: 0000001219 ,http://www.dgshipping.gov.lk/web/images/2026/MSS_Noties/Bid_cleaning_service_PDF.pdf,
phone,pass,Published phone: 0000164525 ,http://www.dgshipping.gov.lk/web/images/2026/MSS_Noties/Bid_cleaning_service_PDF.pdf,
phone,pass,Published phone: 0000000690 ,http://www.dgshipping.gov.lk/web/images/2026/MSS_Noties/Bid_cleaning_service_PDF.pdf,
phone,pass,Published phone: 0000000768 ,http://www.dgshipping.gov.lk/web/images/2026/MSS_Noties/Bid_cleaning_service_PDF.pdf,
phone,pass,Published phone: 0000000612 ,http://www.dgshipping.gov.lk/web/images/2026/MSS_Noties/Bid_cleaning_service_PDF.pdf,
phone,pass,Published phone: 0000001179 ,http://www.dgshipping.gov.lk/web/images/2026/MSS_Noties/Bid_cleaning_service_PDF.pdf,
phone,pass,Published phone: 0000000689 ,http://www.dgshipping.gov.lk/web/images/2026/MSS_Noties/Bid_cleaning_service_PDF.pdf,
phone,pass,Published phone: 0000001161 ,http://www.dgshipping.gov.lk/web/images/2026/MSS_Noties/Bid_cleaning_service_PDF.pdf,
phone,pass,Published phone: 0000001255 ,http://www.dgshipping.gov.lk/web/images/2026/MSS_Noties/Bid_cleaning_service_PDF.pdf,
phone,pass,Published phone: 0000000446 ,http://www.dgshipping.gov.lk/web/images/2026/MSS_Noties/Bid_cleaning_service_PDF.pdf,
phone,pass,Published phone: 0000001213 ,http://www.dgshipping.gov.lk/web/images/2026/MSS_Noties/Bid_cleaning_service_PDF.pdf,
phone,pass,Published phone: 0000001307 ,http://www.dgshipping.gov.lk/web/images/2026/MSS_Noties/Bid_cleaning_service_PDF.pdf,
phone,pass,Published phone: 0000000650 ,http://www.dgshipping.gov.lk/web/images/2026/MSS_Noties/Bid_cleaning_service_PDF.pdf,
phone,pass,Published phone: 0000000794 ,http://www.dgshipping.gov.lk/web/images/2026/MSS_Noties/Bid_cleaning_service_PDF.pdf,
phone,pass,Published phone: 0000001324 ,http://www.dgshipping.gov.lk/web/images/2026/MSS_Noties/Bid_cleaning_service_PDF.pdf,
phone,pass,Published phone: 0000000258 ,http://www.dgshipping.gov.lk/web/images/2026/MSS_Noties/Bid_cleaning_service_PDF.pdf,
phone,pass,Published phone: 0000001160 ,http://www.dgshipping.gov.lk/web/images/2026/MSS_Noties/Bid_cleaning_service_PDF.pdf,
phone,pass,Published phone: 0000001297 ,http://www.dgshipping.gov.lk/web/images/2026/MSS_Noties/Bid_cleaning_service_PDF.pdf,
phone,pass,Published phone: 0000043737 ,http://www.dgshipping.gov.lk/web/images/2026/MSS_Noties/Bid_cleaning_service_PDF.pdf,
phone,pass,Published phone: 0000000315 ,http://www.dgshipping.gov.lk/web/images/2026/MSS_Noties/Bid_cleaning_service_PDF.pdf,
phone,pass,Published phone: 0000000556 ,http://www.dgshipping.gov.lk/web/images/2026/MSS_Noties/Bid_cleaning_service_PDF.pdf,
phone,pass,Published phone: 0000001237 ,http://www.dgshipping.gov.lk/web/images/2026/MSS_Noties/Bid_cleaning_service_PDF.pdf,
phone,pass,Published phone: 0000000799 ,http://www.dgshipping.gov.lk/web/images/2026/MSS_Noties/Bid_cleaning_service_PDF.pdf,
phone,pass,Published phone: 0000000877 ,http://www.dgshipping.gov.lk/web/images/2026/MSS_Noties/Bid_cleaning_service_PDF.pdf,
phone,pass,Published phone: 0000000718 ,http://www.dgshipping.gov.lk/web/images/2026/MSS_Noties/Bid_cleaning_service_PDF.pdf,
phone,pass,Published phone: 0000001289 ,http://www.dgshipping.gov.lk/web/images/2026/MSS_Noties/Bid_cleaning_service_PDF.pdf,
phone,pass,Published phone: 0000000196 ,http://www.dgshipping.gov.lk/web/images/2026/MSS_Noties/Bid_cleaning_service_PDF.pdf,
phone,pass,Published phone: 0000285700 ,http://www.dgshipping.gov.lk/web/images/2026/MSS_Noties/Bid_cleaning_service_PDF.pdf,
phone,pass,Published phone: 0000000992 ,http://www.dgshipping.gov.lk/web/images/2026/MSS_Noties/Bid_cleaning_service_PDF.pdf,
phone,pass,Published phone: 0000001214 ,http://www.dgshipping.gov.lk/web/images/2026/MSS_Noties/Bid_cleaning_service_PDF.pdf,
phone,pass,Published phone: 0000001025 ,http://www.dgshipping.gov.lk/web/images/2026/MSS_Noties/Bid_cleaning_service_PDF.pdf,
phone,pass,Published phone: 0000001175 ,http://www.dgshipping.gov.lk/web/images/2026/MSS_Noties/Bid_cleaning_service_PDF.pdf,
phone,pass,Published phone: 0000001300 ,http://www.dgshipping.gov.lk/web/images/2026/MSS_Noties/Bid_cleaning_service_PDF.pdf,
phone,pass,Published phone: 0000000246 ,http://www.dgshipping.gov.lk/web/images/2026/MSS_Noties/Bid_cleaning_service_PDF.pdf,
phone,pass,Published phone: 0000001024 ,http://www.dgshipping.gov.lk/web/images/2026/MSS_Noties/Bid_cleaning_service_PDF.pdf,
phone,pass,Published phone: 0000000305 ,http://www.dgshipping.gov.lk/web/images/2026/MSS_Noties/Bid_cleaning_service_PDF.pdf,
phone,pass,Published phone: 0000000121 ,http://www.dgshipping.gov.lk/web/images/2026/MSS_Noties/Bid_cleaning_service_PDF.pdf,
phone,pass,Published phone: 0000000331 ,http://www.dgshipping.gov.lk/web/images/2026/MSS_Noties/Bid_cleaning_service_PDF.pdf,
phone,pass,Published phone: 0000000192 ,http://www.dgshipping.gov.lk/web/images/2026/MSS_Noties/Bid_cleaning_service_PDF.pdf,
phone,pass,Published phone: 0000000148 ,http://www.dgshipping.gov.lk/web/images/2026/MSS_Noties/Bid_cleaning_service_PDF.pdf,
phone,pass,Published phone: 0000331102 ,http://www.dgshipping.gov.lk/web/images/2026/MSS_Noties/Bid_cleaning_service_PDF.pdf,
phone,pass,Published phone: 0000000424 ,http://www.dgshipping.gov.lk/web/images/2026/MSS_Noties/Bid_cleaning_service_PDF.pdf,
phone,pass,Published phone: 0000000252 ,http://www.dgshipping.gov.lk/web/images/2026/MSS_Noties/Bid_cleaning_service_PDF.pdf,
phone,pass,Published phone: 00 500 500 27,http://www.dgshipping.gov.lk/web/images/2026/MSS_Noties/Bid_cleaning_service_PDF.pdf,
phone,pass,Published phone: 0000000357 ,http://www.dgshipping.gov.lk/web/images/2026/MSS_Noties/Bid_cleaning_service_PDF.pdf,
phone,pass,Published phone: 0000000362 ,http://www.dgshipping.gov.lk/web/images/2026/MSS_Noties/Bid_cleaning_service_PDF.pdf,
phone,pass,Published phone: 0000001154 ,http://www.dgshipping.gov.lk/web/images/2026/MSS_Noties/Bid_cleaning_service_PDF.pdf,
phone,pass,Published phone: 0000000923 ,http://www.dgshipping.gov.lk/web/images/2026/MSS_Noties/Bid_cleaning_service_PDF.pdf,
phone,pass,Published phone: 0000000519 ,http://www.dgshipping.gov.lk/web/images/2026/MSS_Noties/Bid_cleaning_service_PDF.pdf,
phone,pass,Published phone: 0000125629 ,http://www.dgshipping.gov.lk/web/images/2026/MSS_Noties/Bid_cleaning_service_PDF.pdf,
phone,pass,Published phone: 0000001271 ,http://www.dgshipping.gov.lk/web/images/2026/MSS_Noties/Bid_cleaning_service_PDF.pdf,
phone,pass,Published phone: 0000000411 ,http://www.dgshipping.gov.lk/web/images/2026/MSS_Noties/Bid_cleaning_service_PDF.pdf,
phone,pass,Published phone: 0000000871 ,http://www.dgshipping.gov.lk/web/images/2026/MSS_Noties/Bid_cleaning_service_PDF.pdf,
phone,pass,Published phone: 0000000488 ,http://www.dgshipping.gov.lk/web/images/2026/MSS_Noties/Bid_cleaning_service_PDF.pdf,
phone,pass,Published phone: 0000001054 ,http://www.dgshipping.gov.lk/web/images/2026/MSS_Noties/Bid_cleaning_service_PDF.pdf,
phone,pass,Published phone: 0000001233 ,http://www.dgshipping.gov.lk/web/images/2026/MSS_Noties/Bid_cleaning_service_PDF.pdf,
phone,pass,Published phone: 0000000813 ,http://www.dgshipping.gov.lk/web/images/2026/MSS_Noties/Bid_cleaning_service_PDF.pdf,
phone,pass,Published phone: 0000000988 ,http://www.dgshipping.gov.lk/web/images/2026/MSS_Noties/Bid_cleaning_service_PDF.pdf,
phone,pass,Published phone: 0000001301 ,http://www.dgshipping.gov.lk/web/images/2026/MSS_Noties/Bid_cleaning_service_PDF.pdf,
phone,pass,Published phone: 0000345965 ,http://www.dgshipping.gov.lk/web/images/2026/MSS_Noties/Bid_cleaning_service_PDF.pdf,
phone,pass,Published phone: 0000000248 ,http://www.dgshipping.gov.lk/web/images/2026/MSS_Noties/Bid_cleaning_service_PDF.pdf,
phone,pass,Published phone: 0000001002 ,http://www.dgshipping.gov.lk/web/images/2026/MSS_Noties/Bid_cleaning_service_PDF.pdf,
phone,pass,Published phone: 0000000363 ,http://www.dgshipping.gov.lk/web/images/2026/MSS_Noties/Bid_cleaning_service_PDF.pdf,
phone,pass,Published phone: 0000178578 ,http://www.dgshipping.gov.lk/web/images/2026/MSS_Noties/Bid_cleaning_service_PDF.pdf,
phone,pass,Published phone: 0000000302 ,http://www.dgshipping.gov.lk/web/images/2026/MSS_Noties/Bid_cleaning_service_PDF.pdf,
phone,pass,Published phone: 0000013635 ,http://www.dgshipping.gov.lk/web/images/2026/MSS_Noties/Bid_cleaning_service_PDF.pdf,
phone,pass,Published phone: 0000000299 ,http://www.dgshipping.gov.lk/web/images/2026/MSS_Noties/Bid_cleaning_service_PDF.pdf,
phone,pass,Published phone: 0000000158 ,http://www.dgshipping.gov.lk/web/images/2026/MSS_Noties/Bid_cleaning_service_PDF.pdf,
phone,pass,Published phone: 0000000185 ,http://www.dgshipping.gov.lk/web/images/2026/MSS_Noties/Bid_cleaning_service_PDF.pdf,
phone,pass,Published phone: 0000000324 ,http://www.dgshipping.gov.lk/web/images/2026/MSS_Noties/Bid_cleaning_service_PDF.pdf,
phone,pass,Published phone: 0000000803 ,http://www.dgshipping.gov.lk/web/images/2026/MSS_Noties/Bid_cleaning_service_PDF.pdf,
phone,pass,Published phone: 0000001239 ,http://www.dgshipping.gov.lk/web/images/2026/MSS_Noties/Bid_cleaning_service_PDF.pdf,
phone,pass,Published phone: 0 0 0 0 0 0 0 872 ,http://www.dgshipping.gov.lk/web/images/One_Day_Service/CDC.pdf,
phone,pass,Published phone: 00 500 0 278 0 ,http://www.dgshipping.gov.lk/web/images/One_Day_Service/CDC.pdf,
phone,pass,Published phone: 0 0 595.2 841.9,http://www.dgshipping.gov.lk/web/images/One_Day_Service/CDC.pdf,
phone,pass,Published phone: 016 2025-12-0,http://www.dgshipping.gov.lk/web/images/One_Day_Service/CDC.pdf,
phone,pass,Published phone: 08 656 431 65,http://www.dgshipping.gov.lk/web/images/One_Day_Service/CDC.pdf,
phone,pass,Published phone: 0 522 0 462 58,http://www.dgshipping.gov.lk/web/images/One_Day_Service/CDC.pdf,
phone,pass,Published phone: 0 0 0 0 0 0 0 0 0 3,http://www.dgshipping.gov.lk/web/images/One_Day_Service/CDC.pdf,
phone,pass,Published phone: 0 0 0 0 0 0 0 667 ,http://www.dgshipping.gov.lk/web/images/One_Day_Service/CDC.pdf,
phone,pass,Published phone: 0 278 500 500 ,http://www.dgshipping.gov.lk/web/images/One_Day_Service/CDC.pdf,
phone,pass,Published phone: 0 500 722 0 50,http://www.dgshipping.gov.lk/web/images/One_Day_Service/CDC.pdf,
phone,pass,Published phone: 08 604 656 60,http://www.dgshipping.gov.lk/web/images/One_Day_Service/CDC.pdf,
phone,pass,Published phone: 0 500 500 500,http://www.dgshipping.gov.lk/web/images/One_Day_Service/CDC.pdf,
phone,pass,Published phone: 0 0 250 0 250 2,http://www.dgshipping.gov.lk/web/images/One_Day_Service/CDC.pdf,
phone,pass,Published phone: 00 278 0 500 2,http://www.dgshipping.gov.lk/web/images/One_Day_Service/CDC.pdf,
phone,pass,Published phone: 0 0 287 348 0 2,http://www.dgshipping.gov.lk/web/images/One_Day_Service/CDC.pdf,
phone,pass,Published phone: 0 722 667 556 ,http://www.dgshipping.gov.lk/web/images/One_Day_Service/CDC.pdf,
phone,pass,Published phone: 0 0 0 0 0 0 0 0 0 7,http://www.dgshipping.gov.lk/web/images/One_Day_Service/CDC.pdf,
phone,pass,Published phone: 0 500 500 500 ,http://www.dgshipping.gov.lk/web/images/One_Day_Service/CDC.pdf,
phone,pass,Published phone: 0 0 760 872 0 0 ,http://www.dgshipping.gov.lk/web/images/One_Day_Service/CDC.pdf,
phone,pass,Published phone: 0 0 410 0 0 0 52,http://www.dgshipping.gov.lk/web/images/One_Day_Service/CDC.pdf,
phone,pass,Published phone: 0 722 944 0 0 0 ,http://www.dgshipping.gov.lk/web/images/One_Day_Service/CDC.pdf,
phone,pass,Published phone: 00 500 500 50,http://www.dgshipping.gov.lk/web/images/One_Day_Service/CDC.pdf,
phone,pass,Published phone: 0 0 0 0 0 0 0 0 0 0 ,http://www.dgshipping.gov.lk/web/images/One_Day_Service/CDC.pdf,
phone,pass,Published phone: 00 444 0 500 5,http://www.dgshipping.gov.lk/web/images/One_Day_Service/CDC.pdf,
phone,pass,Published phone: 0 0 0 0 0 0 0 348 ,http://www.dgshipping.gov.lk/web/images/One_Day_Service/CDC.pdf,
phone,pass,Published phone: 0 0 0 521 521 0 ,http://www.dgshipping.gov.lk/web/images/One_Day_Service/CDC.pdf,
phone,pass,Published phone: 0 0 0 0 0 0 444 0 ,http://www.dgshipping.gov.lk/web/images/One_Day_Service/CDC.pdf,
phone,pass,Published phone: 0 333 389 278 ,http://www.dgshipping.gov.lk/web/images/One_Day_Service/CDC.pdf,
phone,pass,Published phone: 0 0 287 0 0 0 0 5,http://www.dgshipping.gov.lk/web/images/One_Day_Service/CDC.pdf,
phone,pass,Published phone: 0 0 811 585 0 0 ,http://www.dgshipping.gov.lk/web/images/One_Day_Service/CDC.pdf,
phone,pass,Published phone: 0000028262 ,http://www.dgshipping.gov.lk/web/images/One_Day_Service/SID.pdf,
phone,pass,Published phone: 0000026848 ,http://www.dgshipping.gov.lk/web/images/One_Day_Service/SID.pdf,
phone,pass,Published phone: 0000000066 ,http://www.dgshipping.gov.lk/web/images/One_Day_Service/SID.pdf,
phone,pass,Published phone: 0000000101 ,http://www.dgshipping.gov.lk/web/images/One_Day_Service/SID.pdf,
phone,pass,Published phone: 0000010636 ,http://www.dgshipping.gov.lk/web/images/One_Day_Service/SID.pdf,
phone,pass,Published phone: 0000000073 ,http://www.dgshipping.gov.lk/web/images/One_Day_Service/SID.pdf,
phone,pass,Published phone: 0000008744 ,http://www.dgshipping.gov.lk/web/images/One_Day_Service/SID.pdf,
phone,pass,Published phone: 0000000110 ,http://www.dgshipping.gov.lk/web/images/One_Day_Service/SID.pdf,
phone,pass,Published phone: 0000007083 ,http://www.dgshipping.gov.lk/web/images/One_Day_Service/SID.pdf,
phone,pass,Published phone: 0000000095 ,http://www.dgshipping.gov.lk/web/images/One_Day_Service/SID.pdf,
phone,pass,Published phone: 0000000160 ,http://www.dgshipping.gov.lk/web/images/One_Day_Service/SID.pdf,
phone,pass,Published phone: 0000189878 ,http://www.dgshipping.gov.lk/web/images/One_Day_Service/SID.pdf,
phone,pass,Published phone: 0000007745 ,http://www.dgshipping.gov.lk/web/images/One_Day_Service/SID.pdf,
phone,pass,Published phone: 0000170486 ,http://www.dgshipping.gov.lk/web/images/One_Day_Service/SID.pdf,
phone,pass,Published phone: 0000170514 ,http://www.dgshipping.gov.lk/web/images/One_Day_Service/SID.pdf,
phone,pass,Published phone: 0000193060 ,http://www.dgshipping.gov.lk/web/images/One_Day_Service/SID.pdf,
phone,pass,Published phone: 0000000119 ,http://www.dgshipping.gov.lk/web/images/One_Day_Service/SID.pdf,
phone,pass,Published phone: 0000052708 ,http://www.dgshipping.gov.lk/web/images/One_Day_Service/SID.pdf,
phone,pass,Published phone: 0000000136 ,http://www.dgshipping.gov.lk/web/images/One_Day_Service/SID.pdf,
phone,pass,Published phone: 0000000166 ,http://www.dgshipping.gov.lk/web/images/One_Day_Service/SID.pdf,
phone,pass,Published phone: 0 0 250 0 250 2,http://www.dgshipping.gov.lk/web/images/One_Day_Service/SID.pdf,
phone,pass,Published phone: 0000000051 ,http://www.dgshipping.gov.lk/web/images/One_Day_Service/SID.pdf,
phone,pass,Published phone: 0000026909 ,http://www.dgshipping.gov.lk/web/images/One_Day_Service/SID.pdf,
phone,pass,Published phone: 0000000088 ,http://www.dgshipping.gov.lk/web/images/One_Day_Service/SID.pdf,
phone,pass,Published phone: 0000000126 ,http://www.dgshipping.gov.lk/web/images/One_Day_Service/SID.pdf,
phone,pass,Published phone: 0000000017 ,http://www.dgshipping.gov.lk/web/images/One_Day_Service/SID.pdf,
phone,pass,Published phone: 0000000076 ,http://www.dgshipping.gov.lk/web/images/One_Day_Service/SID.pdf,
phone,pass,Published phone: 0000000161 ,http://www.dgshipping.gov.lk/web/images/One_Day_Service/SID.pdf,
phone,pass,Published phone: 0000000044 ,http://www.dgshipping.gov.lk/web/images/One_Day_Service/SID.pdf,
phone,pass,Published phone: 0 462 0 462 34,http://www.dgshipping.gov.lk/web/images/One_Day_Service/SID.pdf,
phone,pass,Published phone: 0000000061 ,http://www.dgshipping.gov.lk/web/images/One_Day_Service/SID.pdf,
phone,pass,Published phone: 0000024276 ,http://www.dgshipping.gov.lk/web/images/One_Day_Service/SID.pdf,
phone,pass,Published phone: 0000006139 ,http://www.dgshipping.gov.lk/web/images/One_Day_Service/SID.pdf,
phone,pass,Published phone: 0000010499 ,http://www.dgshipping.gov.lk/web/images/One_Day_Service/SID.pdf,
phone,pass,Published phone: 0000073327 ,http://www.dgshipping.gov.lk/web/images/One_Day_Service/SID.pdf,
phone,pass,Published phone: 0000000055 ,http://www.dgshipping.gov.lk/web/images/One_Day_Service/SID.pdf,
phone,pass,Published phone: 0 0 595.32 841.,http://www.dgshipping.gov.lk/web/images/One_Day_Service/SID.pdf,
phone,pass,Published phone: 0000000147 ,http://www.dgshipping.gov.lk/web/images/One_Day_Service/SID.pdf,
phone,pass,Published phone: 0000000116 ,http://www.dgshipping.gov.lk/web/images/One_Day_Service/SID.pdf,
phone,pass,Published phone: 0000000122 ,http://www.dgshipping.gov.lk/web/images/One_Day_Service/SID.pdf,
phone,pass,Published phone: 0 0 0 0 0 0 0 0 0 0 ,http://www.dgshipping.gov.lk/web/images/One_Day_Service/SID.pdf,
phone,pass,Published phone: 0000000045 ,http://www.dgshipping.gov.lk/web/images/One_Day_Service/SID.pdf,
phone,pass,Published phone: 0000000642 ,http://www.dgshipping.gov.lk/web/images/One_Day_Service/SID.pdf,
phone,pass,Published phone: 0000099130 ,http://www.dgshipping.gov.lk/web/images/One_Day_Service/SID.pdf,
phone,pass,Published phone: 0000000113 ,http://www.dgshipping.gov.lk/web/images/One_Day_Service/SID.pdf,
phone,pass,Published phone: 0000000109 ,http://www.dgshipping.gov.lk/web/images/One_Day_Service/SID.pdf,
phone,pass,Published phone: 0000000164 ,http://www.dgshipping.gov.lk/web/images/One_Day_Service/SID.pdf,
phone,pass,Published phone: 0000000078 ,http://www.dgshipping.gov.lk/web/images/One_Day_Service/SID.pdf,
phone,pass,Published phone: 024 2025-12-1,http://www.dgshipping.gov.lk/web/images/One_Day_Service/SID.pdf,
phone,pass,Published phone: 0000000107 ,http://www.dgshipping.gov.lk/web/images/One_Day_Service/SID.pdf,
phone,pass,Published phone: 0000144228 ,http://www.dgshipping.gov.lk/web/images/One_Day_Service/SID.pdf,
phone,pass,Published phone: 0000000099 ,http://www.dgshipping.gov.lk/web/images/One_Day_Service/SID.pdf,
phone,pass,Published phone: 0000000151 ,http://www.dgshipping.gov.lk/web/images/One_Day_Service/SID.pdf,
phone,pass,Published phone: 0000012038 ,http://www.dgshipping.gov.lk/web/images/One_Day_Service/SID.pdf,
phone,pass,Published phone: 0000163566 ,http://www.dgshipping.gov.lk/web/images/One_Day_Service/SID.pdf,
phone,pass,Published phone: 0000006807 ,http://www.dgshipping.gov.lk/web/images/One_Day_Service/SID.pdf,
phone,pass,Published phone: 0000000149 ,http://www.dgshipping.gov.lk/web/images/One_Day_Service/SID.pdf,
phone,pass,Published phone: 0 0 0 872 0 0 0 0 ,http://www.dgshipping.gov.lk/web/images/One_Day_Service/SID.pdf,
phone,pass,Published phone: 0000000083 ,http://www.dgshipping.gov.lk/web/images/One_Day_Service/SID.pdf,
phone,pass,Published phone: 0000027482 ,http://www.dgshipping.gov.lk/web/images/One_Day_Service/SID.pdf,
phone,pass,Published phone: 0000027273 ,http://www.dgshipping.gov.lk/web/images/One_Day_Service/SID.pdf,
phone,pass,Published phone: 0000006547 ,http://www.dgshipping.gov.lk/web/images/One_Day_Service/SID.pdf,
phone,pass,Published phone: 0000000089 ,http://www.dgshipping.gov.lk/web/images/One_Day_Service/SID.pdf,
phone,pass,Published phone: 0000000062 ,http://www.dgshipping.gov.lk/web/images/One_Day_Service/SID.pdf,
phone,pass,Published phone: 0000009233 ,http://www.dgshipping.gov.lk/web/images/One_Day_Service/SID.pdf,
phone,pass,Published phone: 0000000125 ,http://www.dgshipping.gov.lk/web/images/One_Day_Service/SID.pdf,
phone,pass,Published phone: 0000000133 ,http://www.dgshipping.gov.lk/web/images/One_Day_Service/SID.pdf,
phone,pass,Published phone: 0 500 722 0 50,http://www.dgshipping.gov.lk/web/images/One_Day_Service/SID.pdf,
phone,pass,Published phone: 0000053093 ,http://www.dgshipping.gov.lk/web/images/One_Day_Service/SID.pdf,
phone,pass,Published phone: 0000011150 ,http://www.dgshipping.gov.lk/web/images/One_Day_Service/SID.pdf,
phone,pass,Published phone: 0000007323 ,http://www.dgshipping.gov.lk/web/images/One_Day_Service/SID.pdf,
phone,pass,Published phone: 0000000155 ,http://www.dgshipping.gov.lk/web/images/One_Day_Service/SID.pdf,
phone,pass,Published phone: 0000000081 ,http://www.dgshipping.gov.lk/web/images/One_Day_Service/SID.pdf,
phone,pass,Published phone: 0 500 500 500,http://www.dgshipping.gov.lk/web/images/One_Day_Service/SID.pdf,
phone,pass,Published phone: 0000008549 ,http://www.dgshipping.gov.lk/web/images/One_Day_Service/SID.pdf,
phone,pass,Published phone: 0000006279 ,http://www.dgshipping.gov.lk/web/images/One_Day_Service/SID.pdf,
phone,pass,Published phone: 0000009665 ,http://www.dgshipping.gov.lk/web/images/One_Day_Service/SID.pdf,
phone,pass,Published phone: 0000000118 ,http://www.dgshipping.gov.lk/web/images/One_Day_Service/SID.pdf,
phone,pass,Published phone: 0000000123 ,http://www.dgshipping.gov.lk/web/images/One_Day_Service/SID.pdf,
phone,pass,Published phone: 0000000075 ,http://www.dgshipping.gov.lk/web/images/One_Day_Service/SID.pdf,
phone,pass,Published phone: 0000000068 ,http://www.dgshipping.gov.lk/web/images/One_Day_Service/SID.pdf,
phone,pass,Published phone: 0000027109 ,http://www.dgshipping.gov.lk/web/images/One_Day_Service/SID.pdf,
phone,pass,Published phone: 0000000138 ,http://www.dgshipping.gov.lk/web/images/One_Day_Service/SID.pdf,
phone,pass,Published phone: 0 0 0 0 0 0 0 585 ,http://www.dgshipping.gov.lk/web/images/One_Day_Service/SID.pdf,
phone,pass,Published phone: 0000000163 ,http://www.dgshipping.gov.lk/web/images/One_Day_Service/SID.pdf,
phone,pass,Published phone: 0000000169 ,http://www.dgshipping.gov.lk/web/images/One_Day_Service/SID.pdf,
phone,pass,Published phone: 0000007570 ,http://www.dgshipping.gov.lk/web/images/One_Day_Service/SID.pdf,
phone,pass,Published phone: 0000000137 ,http://www.dgshipping.gov.lk/web/images/One_Day_Service/SID.pdf,
phone,pass,Published phone: 0000000102 ,http://www.dgshipping.gov.lk/web/images/One_Day_Service/SID.pdf,
phone,pass,Published phone: 0000007249 ,http://www.dgshipping.gov.lk/web/images/One_Day_Service/SID.pdf,
phone,pass,Published phone: 0000000115 ,http://www.dgshipping.gov.lk/web/images/One_Day_Service/SID.pdf,
phone,pass,Published phone: 00 444 0 500 5,http://www.dgshipping.gov.lk/web/images/One_Day_Service/SID.pdf,
phone,pass,Published phone: 0000010096 ,http://www.dgshipping.gov.lk/web/images/One_Day_Service/SID.pdf,
phone,pass,Published phone: 0000000058 ,http://www.dgshipping.gov.lk/web/images/One_Day_Service/SID.pdf,
phone,pass,Published phone: 0000010905 ,http://www.dgshipping.gov.lk/web/images/One_Day_Service/SID.pdf,
phone,pass,Published phone: 0000000090 ,http://www.dgshipping.gov.lk/web/images/One_Day_Service/SID.pdf,
phone,pass,Published phone: 0000000106 ,http://www.dgshipping.gov.lk/web/images/One_Day_Service/SID.pdf,
phone,pass,Published phone: 0000073500 ,http://www.dgshipping.gov.lk/web/images/One_Day_Service/SID.pdf,
phone,pass,Published phone: 0000000134 ,http://www.dgshipping.gov.lk/web/images/One_Day_Service/SID.pdf,
phone,pass,Published phone: 0000000144 ,http://www.dgshipping.gov.lk/web/images/One_Day_Service/SID.pdf,
phone,pass,Published phone: 0000000064 ,http://www.dgshipping.gov.lk/web/images/One_Day_Service/SID.pdf,
phone,pass,Published phone: 00 500 0 278 0 ,http://www.dgshipping.gov.lk/web/images/One_Day_Service/SID.pdf,
phone,pass,Published phone: 0000027380 ,http://www.dgshipping.gov.lk/web/images/One_Day_Service/SID.pdf,
phone,pass,Published phone: 0000073528 ,http://www.dgshipping.gov.lk/web/images/One_Day_Service/SID.pdf,
phone,pass,Published phone: 0000099725 ,http://www.dgshipping.gov.lk/web/images/One_Day_Service/SID.pdf,
phone,pass,Published phone: 0000000050 ,http://www.dgshipping.gov.lk/web/images/One_Day_Service/SID.pdf,
phone,pass,Published phone: 0000000091 ,http://www.dgshipping.gov.lk/web/images/One_Day_Service/SID.pdf,
phone,pass,Published phone: 0000010831 ,http://www.dgshipping.gov.lk/web/images/One_Day_Service/SID.pdf,
phone,pass,Published phone: 0000000056 ,http://www.dgshipping.gov.lk/web/images/One_Day_Service/SID.pdf,
phone,pass,Published phone: 0000000057 ,http://www.dgshipping.gov.lk/web/images/One_Day_Service/SID.pdf,
phone,pass,Published phone: 0000026959 ,http://www.dgshipping.gov.lk/web/images/One_Day_Service/SID.pdf,
phone,pass,Published phone: 0000193014 ,http://www.dgshipping.gov.lk/web/images/One_Day_Service/SID.pdf,
phone,pass,Published phone: 0000143518 ,http://www.dgshipping.gov.lk/web/images/One_Day_Service/SID.pdf,
phone,pass,Published phone: 0 278 500 500 ,http://www.dgshipping.gov.lk/web/images/One_Day_Service/SID.pdf,
phone,pass,Published phone: 0 0 0 0 0 0 0 0 33,http://www.dgshipping.gov.lk/web/images/One_Day_Service/SID.pdf,
phone,pass,Published phone: 0000000142 ,http://www.dgshipping.gov.lk/web/images/One_Day_Service/SID.pdf,
phone,pass,Published phone: 0 0 722 0 722 6,http://www.dgshipping.gov.lk/web/images/One_Day_Service/SID.pdf,
phone,pass,Published phone: 0000010666 ,http://www.dgshipping.gov.lk/web/images/One_Day_Service/SID.pdf,
phone,pass,Published phone: 0000000165 ,http://www.dgshipping.gov.lk/web/images/One_Day_Service/SID.pdf,
phone,pass,Published phone: 08 604 656 60,http://www.dgshipping.gov.lk/web/images/One_Day_Service/SID.pdf,
phone,pass,Published phone: 0000000092 ,http://www.dgshipping.gov.lk/web/images/One_Day_Service/SID.pdf,
phone,pass,Published phone: 0000000049 ,http://www.dgshipping.gov.lk/web/images/One_Day_Service/SID.pdf,
phone,pass,Published phone: 0000000074 ,http://www.dgshipping.gov.lk/web/images/One_Day_Service/SID.pdf,
phone,pass,Published phone: 0000000131 ,http://www.dgshipping.gov.lk/web/images/One_Day_Service/SID.pdf,
phone,pass,Published phone: 0000052125 ,http://www.dgshipping.gov.lk/web/images/One_Day_Service/SID.pdf,
phone,pass,Published phone: 0000008579 ,http://www.dgshipping.gov.lk/web/images/One_Day_Service/SID.pdf,
phone,pass,Published phone: 0000006474 ,http://www.dgshipping.gov.lk/web/images/One_Day_Service/SID.pdf,
phone,pass,Published phone: 0000000094 ,http://www.dgshipping.gov.lk/web/images/One_Day_Service/SID.pdf,
phone,pass,Published phone: 0000000047 ,http://www.dgshipping.gov.lk/web/images/One_Day_Service/SID.pdf,
phone,pass,Published phone: 0000000000 ,http://www.dgshipping.gov.lk/web/images/One_Day_Service/SID.pdf,
phone,pass,Published phone: 0000000132 ,http://www.dgshipping.gov.lk/web/images/One_Day_Service/SID.pdf,
phone,pass,Published phone: 0000006307 ,http://www.dgshipping.gov.lk/web/images/One_Day_Service/SID.pdf,
phone,pass,Published phone: 0000009063 ,http://www.dgshipping.gov.lk/web/images/One_Day_Service/SID.pdf,
phone,pass,Published phone: 0 0 0 0 0 872 0 0 ,http://www.dgshipping.gov.lk/web/images/One_Day_Service/SID.pdf,
phone,pass,Published phone: 0000000150 ,http://www.dgshipping.gov.lk/web/images/One_Day_Service/SID.pdf,
phone,pass,Published phone: 0000000156 ,http://www.dgshipping.gov.lk/web/images/One_Day_Service/SID.pdf,
phone,pass,Published phone: 00 500 500 50,http://www.dgshipping.gov.lk/web/images/One_Day_Service/SID.pdf,
phone,pass,Published phone: 0000000054 ,http://www.dgshipping.gov.lk/web/images/One_Day_Service/SID.pdf,
phone,pass,Published phone: 0000000096 ,http://www.dgshipping.gov.lk/web/images/One_Day_Service/SID.pdf,
phone,pass,Published phone: 0000000127 ,http://www.dgshipping.gov.lk/web/images/One_Day_Service/SID.pdf,
phone,pass,Published phone: 0000006861 ,http://www.dgshipping.gov.lk/web/images/One_Day_Service/SID.pdf,
phone,pass,Published phone: 0 0 0 0 0 0 0 348 ,http://www.dgshipping.gov.lk/web/images/One_Day_Service/SID.pdf,
phone,pass,Published phone: 0 333 389 278 ,http://www.dgshipping.gov.lk/web/images/One_Day_Service/SID.pdf,
phone,pass,Published phone: 0000007053 ,http://www.dgshipping.gov.lk/web/images/One_Day_Service/SID.pdf,
phone,pass,Published phone: 0000000063 ,http://www.dgshipping.gov.lk/web/images/One_Day_Service/SID.pdf,
phone,pass,Published phone: 0000027533 ,http://www.dgshipping.gov.lk/web/images/One_Day_Service/SID.pdf,
phone,pass,Published phone: 0000000048 ,http://www.dgshipping.gov.lk/web/images/One_Day_Service/SID.pdf,
phone,pass,Published phone: 0000000162 ,http://www.dgshipping.gov.lk/web/images/One_Day_Service/SID.pdf,
phone,pass,Published phone: 0000000085 ,http://www.dgshipping.gov.lk/web/images/One_Day_Service/SID.pdf,
phone,pass,Published phone: 0000000072 ,http://www.dgshipping.gov.lk/web/images/One_Day_Service/SID.pdf,
phone,pass,Published phone: 0000144256 ,http://www.dgshipping.gov.lk/web/images/One_Day_Service/SID.pdf,
phone,pass,Published phone: 0000027431 ,http://www.dgshipping.gov.lk/web/images/One_Day_Service/SID.pdf,
phone,pass,Published phone: 0000000093 ,http://www.dgshipping.gov.lk/web/images/One_Day_Service/SID.pdf,
phone,pass,Published phone: 0000000117 ,http://www.dgshipping.gov.lk/web/images/One_Day_Service/SID.pdf,
phone,pass,Published phone: 0000000105 ,http://www.dgshipping.gov.lk/web/images/One_Day_Service/SID.pdf,
phone,pass,Published phone: 0000010337 ,http://www.dgshipping.gov.lk/web/images/One_Day_Service/SID.pdf,
phone,pass,Published phone: 0000000053 ,http://www.dgshipping.gov.lk/web/images/One_Day_Service/SID.pdf,
phone,pass,Published phone: 0 811 585 0 0 0 ,http://www.dgshipping.gov.lk/web/images/One_Day_Service/SID.pdf,
phone,pass,Published phone: 0000000067 ,http://www.dgshipping.gov.lk/web/images/One_Day_Service/SID.pdf,
phone,pass,Published phone: 0000000146 ,http://www.dgshipping.gov.lk/web/images/One_Day_Service/SID.pdf,
phone,pass,Published phone: 0000000153 ,http://www.dgshipping.gov.lk/web/images/One_Day_Service/SID.pdf,
phone,pass,Published phone: 0000009485 ,http://www.dgshipping.gov.lk/web/images/One_Day_Service/SID.pdf,
phone,pass,Published phone: 0000000097 ,http://www.dgshipping.gov.lk/web/images/One_Day_Service/SID.pdf,
phone,pass,Published phone: 0000027584 ,http://www.dgshipping.gov.lk/web/images/One_Day_Service/SID.pdf,
phone,pass,Published phone: 08 656 431 65,http://www.dgshipping.gov.lk/web/images/One_Day_Service/SID.pdf,
phone,pass,Published phone: 0000023452 ,http://www.dgshipping.gov.lk/web/images/One_Day_Service/SID.pdf,
phone,pass,Published phone: 0000000111 ,http://www.dgshipping.gov.lk/web/images/One_Day_Service/SID.pdf,
phone,pass,Published phone: 0000000104 ,http://www.dgshipping.gov.lk/web/images/One_Day_Service/SID.pdf,
phone,pass,Published phone: 0000000141 ,http://www.dgshipping.gov.lk/web/images/One_Day_Service/SID.pdf,
phone,pass,Published phone: 0000000080 ,http://www.dgshipping.gov.lk/web/images/One_Day_Service/SID.pdf,
phone,pass,Published phone: 0000163798 ,http://www.dgshipping.gov.lk/web/images/One_Day_Service/SID.pdf,
phone,pass,Published phone: 0000000082 ,http://www.dgshipping.gov.lk/web/images/One_Day_Service/SID.pdf,
phone,pass,Published phone: 0000027159 ,http://www.dgshipping.gov.lk/web/images/One_Day_Service/SID.pdf,
phone,pass,Published phone: 0 0 0 0 0 0 0 667 ,http://www.dgshipping.gov.lk/web/images/One_Day_Service/SID.pdf,
phone,pass,Published phone: 0 0 0 0 333 0 0 0 ,http://www.dgshipping.gov.lk/web/images/One_Day_Service/SID.pdf,
phone,pass,Published phone: 0000000114 ,http://www.dgshipping.gov.lk/web/images/One_Day_Service/SID.pdf,
phone,pass,Published phone: 0000073828 ,http://www.dgshipping.gov.lk/web/images/One_Day_Service/SID.pdf,
phone,pass,Published phone: 0 193 000000,http://www.dgshipping.gov.lk/web/images/One_Day_Service/SID.pdf,
phone,pass,Published phone: 0000000112 ,http://www.dgshipping.gov.lk/web/images/One_Day_Service/SID.pdf,
phone,pass,Published phone: 0000007992 ,http://www.dgshipping.gov.lk/web/images/One_Day_Service/SID.pdf,
phone,pass,Published phone: 0000008412 ,http://www.dgshipping.gov.lk/web/images/One_Day_Service/SID.pdf,
phone,pass,Published phone: 0000000124 ,http://www.dgshipping.gov.lk/web/images/One_Day_Service/SID.pdf,
phone,pass,Published phone: 0000000221 ,http://www.dgshipping.gov.lk/web/images/One_Day_Service/SID.pdf,
phone,pass,Published phone: 00 278 0 500 2,http://www.dgshipping.gov.lk/web/images/One_Day_Service/SID.pdf,
phone,pass,Published phone: 0000000077 ,http://www.dgshipping.gov.lk/web/images/One_Day_Service/SID.pdf,
phone,pass,Published phone: 0000000103 ,http://www.dgshipping.gov.lk/web/images/One_Day_Service/SID.pdf,
phone,pass,Published phone: 0000000167 ,http://www.dgshipping.gov.lk/web/images/One_Day_Service/SID.pdf,
phone,pass,Published phone: 0 0 287 348 0 2,http://www.dgshipping.gov.lk/web/images/One_Day_Service/SID.pdf,
phone,pass,Published phone: 0000000100 ,http://www.dgshipping.gov.lk/web/images/One_Day_Service/SID.pdf,
phone,pass,Published phone: 0000027009 ,http://www.dgshipping.gov.lk/web/images/One_Day_Service/SID.pdf,
phone,pass,Published phone: 0000000168 ,http://www.dgshipping.gov.lk/web/images/One_Day_Service/SID.pdf,
phone,pass,Published phone: 0 500 500 500 ,http://www.dgshipping.gov.lk/web/images/One_Day_Service/SID.pdf,
phone,pass,Published phone: 0000000159 ,http://www.dgshipping.gov.lk/web/images/One_Day_Service/SID.pdf,
phone,pass,Published phone: 0000000139 ,http://www.dgshipping.gov.lk/web/images/One_Day_Service/SID.pdf,
phone,pass,Published phone: 0000000070 ,http://www.dgshipping.gov.lk/web/images/One_Day_Service/SID.pdf,
phone,pass,Published phone: 0000006915 ,http://www.dgshipping.gov.lk/web/images/One_Day_Service/SID.pdf,
phone,pass,Published phone: 0 0 0 444 0 444 ,http://www.dgshipping.gov.lk/web/images/One_Day_Service/SID.pdf,
phone,pass,Published phone: 0 0 0 521 0 521 ,http://www.dgshipping.gov.lk/web/images/One_Day_Service/SID.pdf,
phone,pass,Published phone: 0000000052 ,http://www.dgshipping.gov.lk/web/images/One_Day_Service/SID.pdf,
phone,pass,Published phone: 0000000084 ,http://www.dgshipping.gov.lk/web/images/One_Day_Service/SID.pdf,
phone,pass,Published phone: 0000000086 ,http://www.dgshipping.gov.lk/web/images/One_Day_Service/SID.pdf,
phone,pass,Published phone: 0000000128 ,http://www.dgshipping.gov.lk/web/images/One_Day_Service/SID.pdf,
phone,pass,Published phone: 0000000145 ,http://www.dgshipping.gov.lk/web/images/One_Day_Service/SID.pdf,
phone,pass,Published phone: 0000008818 ,http://www.dgshipping.gov.lk/web/images/One_Day_Service/SID.pdf,
phone,pass,Published phone: 0000027317 ,http://www.dgshipping.gov.lk/web/images/One_Day_Service/SID.pdf,
phone,pass,Published phone: 0000100522 ,http://www.dgshipping.gov.lk/web/images/One_Day_Service/SID.pdf,
phone,pass,Published phone: 0000000143 ,http://www.dgshipping.gov.lk/web/images/One_Day_Service/SID.pdf,
phone,pass,Published phone: 0000000046 ,http://www.dgshipping.gov.lk/web/images/One_Day_Service/SID.pdf,
phone,pass,Published phone: 0000011879 ,http://www.dgshipping.gov.lk/web/images/One_Day_Service/SID.pdf,
phone,pass,Published phone: 0000000065 ,http://www.dgshipping.gov.lk/web/images/One_Day_Service/SID.pdf,
phone,pass,Published phone: 0000027059 ,http://www.dgshipping.gov.lk/web/images/One_Day_Service/SID.pdf,
phone,pass,Published phone: 0000000154 ,http://www.dgshipping.gov.lk/web/images/One_Day_Service/SID.pdf,
phone,pass,Published phone: 0000099439 ,http://www.dgshipping.gov.lk/web/images/One_Day_Service/SID.pdf,
phone,pass,Published phone: 0000000158 ,http://www.dgshipping.gov.lk/web/images/One_Day_Service/SID.pdf,
phone,pass,Published phone: 0000000135 ,http://www.dgshipping.gov.lk/web/images/One_Day_Service/SID.pdf,
phone,pass,Published phone: 0000000152 ,http://www.dgshipping.gov.lk/web/images/One_Day_Service/SID.pdf,
phone,pass,Published phone: 0000000069 ,http://www.dgshipping.gov.lk/web/images/One_Day_Service/SID.pdf,
phone,pass,Published phone: 0000008167 ,http://www.dgshipping.gov.lk/web/images/One_Day_Service/SID.pdf,
phone,pass,Published phone: 0000009926 ,http://www.dgshipping.gov.lk/web/images/One_Day_Service/SID.pdf,
phone,pass,Published phone: 0000027210 ,http://www.dgshipping.gov.lk/web/images/One_Day_Service/SID.pdf,
phone,pass,Published phone: 0000000066 ,http://www.dgshipping.gov.lk/web/images/2026/Notices/Establishment_of_a_Pool_of_Port_State_Control_Officers.pdf,
phone,pass,Published phone: 0000000101 ,http://www.dgshipping.gov.lk/web/images/2026/Notices/Establishment_of_a_Pool_of_Port_State_Control_Officers.pdf,
phone,pass,Published phone: 0000061277 ,http://www.dgshipping.gov.lk/web/images/2026/Notices/Establishment_of_a_Pool_of_Port_State_Control_Officers.pdf,
phone,pass,Published phone: 0000061590 ,http://www.dgshipping.gov.lk/web/images/2026/Notices/Establishment_of_a_Pool_of_Port_State_Control_Officers.pdf,
phone,pass,Published phone: 0000000073 ,http://www.dgshipping.gov.lk/web/images/2026/Notices/Establishment_of_a_Pool_of_Port_State_Control_Officers.pdf,
phone,pass,Published phone: 0000000157 ,http://www.dgshipping.gov.lk/web/images/2026/Notices/Establishment_of_a_Pool_of_Port_State_Control_Officers.pdf,
phone,pass,Published phone: 0000169505 ,http://www.dgshipping.gov.lk/web/images/2026/Notices/Establishment_of_a_Pool_of_Port_State_Control_Officers.pdf,
phone,pass,Published phone: 0000065993 ,http://www.dgshipping.gov.lk/web/images/2026/Notices/Establishment_of_a_Pool_of_Port_State_Control_Officers.pdf,
phone,pass,Published phone: 0000000095 ,http://www.dgshipping.gov.lk/web/images/2026/Notices/Establishment_of_a_Pool_of_Port_State_Control_Officers.pdf,
phone,pass,Published phone: 0000007055 ,http://www.dgshipping.gov.lk/web/images/2026/Notices/Establishment_of_a_Pool_of_Port_State_Control_Officers.pdf,
phone,pass,Published phone: 0000191693 ,http://www.dgshipping.gov.lk/web/images/2026/Notices/Establishment_of_a_Pool_of_Port_State_Control_Officers.pdf,
phone,pass,Published phone: 0000000160 ,http://www.dgshipping.gov.lk/web/images/2026/Notices/Establishment_of_a_Pool_of_Port_State_Control_Officers.pdf,
phone,pass,Published phone: 0000019897 ,http://www.dgshipping.gov.lk/web/images/2026/Notices/Establishment_of_a_Pool_of_Port_State_Control_Officers.pdf,
phone,pass,Published phone: 0000021221 ,http://www.dgshipping.gov.lk/web/images/2026/Notices/Establishment_of_a_Pool_of_Port_State_Control_Officers.pdf,
phone,pass,Published phone: 0000000119 ,http://www.dgshipping.gov.lk/web/images/2026/Notices/Establishment_of_a_Pool_of_Port_State_Control_Officers.pdf,
phone,pass,Published phone: 0000023434 ,http://www.dgshipping.gov.lk/web/images/2026/Notices/Establishment_of_a_Pool_of_Port_State_Control_Officers.pdf,
phone,pass,Published phone: 0000000071 ,http://www.dgshipping.gov.lk/web/images/2026/Notices/Establishment_of_a_Pool_of_Port_State_Control_Officers.pdf,
phone,pass,Published phone: 0000000136 ,http://www.dgshipping.gov.lk/web/images/2026/Notices/Establishment_of_a_Pool_of_Port_State_Control_Officers.pdf,
phone,pass,Published phone: 0000179081 ,http://www.dgshipping.gov.lk/web/images/2026/Notices/Establishment_of_a_Pool_of_Port_State_Control_Officers.pdf,
phone,pass,Published phone: 02.65 756.47 2,http://www.dgshipping.gov.lk/web/images/2026/Notices/Establishment_of_a_Pool_of_Port_State_Control_Officers.pdf,
phone,pass,Published phone: 0000000051 ,http://www.dgshipping.gov.lk/web/images/2026/Notices/Establishment_of_a_Pool_of_Port_State_Control_Officers.pdf,
phone,pass,Published phone: 0000000088 ,http://www.dgshipping.gov.lk/web/images/2026/Notices/Establishment_of_a_Pool_of_Port_State_Control_Officers.pdf,
phone,pass,Published phone: 0000000126 ,http://www.dgshipping.gov.lk/web/images/2026/Notices/Establishment_of_a_Pool_of_Port_State_Control_Officers.pdf,
phone,pass,Published phone: 0000000017 ,http://www.dgshipping.gov.lk/web/images/2026/Notices/Establishment_of_a_Pool_of_Port_State_Control_Officers.pdf,
phone,pass,Published phone: 0000000076 ,http://www.dgshipping.gov.lk/web/images/2026/Notices/Establishment_of_a_Pool_of_Port_State_Control_Officers.pdf,
phone,pass,Published phone: 0000000161 ,http://www.dgshipping.gov.lk/web/images/2026/Notices/Establishment_of_a_Pool_of_Port_State_Control_Officers.pdf,
phone,pass,Published phone: 0000092843 ,http://www.dgshipping.gov.lk/web/images/2026/Notices/Establishment_of_a_Pool_of_Port_State_Control_Officers.pdf,
phone,pass,Published phone: 0000007916 ,http://www.dgshipping.gov.lk/web/images/2026/Notices/Establishment_of_a_Pool_of_Port_State_Control_Officers.pdf,
phone,pass,Published phone: 0000022048 ,http://www.dgshipping.gov.lk/web/images/2026/Notices/Establishment_of_a_Pool_of_Port_State_Control_Officers.pdf,
phone,pass,Published phone: 00 556 278 0 5,http://www.dgshipping.gov.lk/web/images/2026/Notices/Establishment_of_a_Pool_of_Port_State_Control_Officers.pdf,
phone,pass,Published phone: 0000000061 ,http://www.dgshipping.gov.lk/web/images/2026/Notices/Establishment_of_a_Pool_of_Port_State_Control_Officers.pdf,
phone,pass,Published phone: 0000021553 ,http://www.dgshipping.gov.lk/web/images/2026/Notices/Establishment_of_a_Pool_of_Port_State_Control_Officers.pdf,
phone,pass,Published phone: 00 0 500 0 0 0 0 ,http://www.dgshipping.gov.lk/web/images/2026/Notices/Establishment_of_a_Pool_of_Port_State_Control_Officers.pdf,
phone,pass,Published phone: 0000169206 ,http://www.dgshipping.gov.lk/web/images/2026/Notices/Establishment_of_a_Pool_of_Port_State_Control_Officers.pdf,
phone,pass,Published phone: 0000143072 ,http://www.dgshipping.gov.lk/web/images/2026/Notices/Establishment_of_a_Pool_of_Port_State_Control_Officers.pdf,
phone,pass,Published phone: 0000000055 ,http://www.dgshipping.gov.lk/web/images/2026/Notices/Establishment_of_a_Pool_of_Port_State_Control_Officers.pdf,
phone,pass,Published phone: 0000030019 ,http://www.dgshipping.gov.lk/web/images/2026/Notices/Establishment_of_a_Pool_of_Port_State_Control_Officers.pdf,
phone,pass,Published phone: 0000179447 ,http://www.dgshipping.gov.lk/web/images/2026/Notices/Establishment_of_a_Pool_of_Port_State_Control_Officers.pdf,
phone,pass,Published phone: 0 0 595.32 841.,http://www.dgshipping.gov.lk/web/images/2026/Notices/Establishment_of_a_Pool_of_Port_State_Control_Officers.pdf,
phone,pass,Published phone: 0000000147 ,http://www.dgshipping.gov.lk/web/images/2026/Notices/Establishment_of_a_Pool_of_Port_State_Control_Officers.pdf,
phone,pass,Published phone: 0000029969 ,http://www.dgshipping.gov.lk/web/images/2026/Notices/Establishment_of_a_Pool_of_Port_State_Control_Officers.pdf,
phone,pass,Published phone: 024 2026-02-0,http://www.dgshipping.gov.lk/web/images/2026/Notices/Establishment_of_a_Pool_of_Port_State_Control_Officers.pdf,
phone,pass,Published phone: 0000000116 ,http://www.dgshipping.gov.lk/web/images/2026/Notices/Establishment_of_a_Pool_of_Port_State_Control_Officers.pdf,
phone,pass,Published phone: 0 0 0 0 0 0 0 0 0 0 ,http://www.dgshipping.gov.lk/web/images/2026/Notices/Establishment_of_a_Pool_of_Port_State_Control_Officers.pdf,
phone,pass,Published phone: 0000000122 ,http://www.dgshipping.gov.lk/web/images/2026/Notices/Establishment_of_a_Pool_of_Port_State_Control_Officers.pdf,
phone,pass,Published phone: 0000000059 ,http://www.dgshipping.gov.lk/web/images/2026/Notices/Establishment_of_a_Pool_of_Port_State_Control_Officers.pdf,
phone,pass,Published phone: 0000022632 ,http://www.dgshipping.gov.lk/web/images/2026/Notices/Establishment_of_a_Pool_of_Port_State_Control_Officers.pdf,
phone,pass,Published phone: 0000000113 ,http://www.dgshipping.gov.lk/web/images/2026/Notices/Establishment_of_a_Pool_of_Port_State_Control_Officers.pdf,
phone,pass,Published phone: 0000000109 ,http://www.dgshipping.gov.lk/web/images/2026/Notices/Establishment_of_a_Pool_of_Port_State_Control_Officers.pdf,
phone,pass,Published phone: 0000000164 ,http://www.dgshipping.gov.lk/web/images/2026/Notices/Establishment_of_a_Pool_of_Port_State_Control_Officers.pdf,
phone,pass,Published phone: 0000006358 ,http://www.dgshipping.gov.lk/web/images/2026/Notices/Establishment_of_a_Pool_of_Port_State_Control_Officers.pdf,
phone,pass,Published phone: 0000000078 ,http://www.dgshipping.gov.lk/web/images/2026/Notices/Establishment_of_a_Pool_of_Port_State_Control_Officers.pdf,
phone,pass,Published phone: 0000000107 ,http://www.dgshipping.gov.lk/web/images/2026/Notices/Establishment_of_a_Pool_of_Port_State_Control_Officers.pdf,
phone,pass,Published phone: 0000000099 ,http://www.dgshipping.gov.lk/web/images/2026/Notices/Establishment_of_a_Pool_of_Port_State_Control_Officers.pdf,
phone,pass,Published phone: 0000030119 ,http://www.dgshipping.gov.lk/web/images/2026/Notices/Establishment_of_a_Pool_of_Port_State_Control_Officers.pdf,
phone,pass,Published phone: 0000020969 ,http://www.dgshipping.gov.lk/web/images/2026/Notices/Establishment_of_a_Pool_of_Port_State_Control_Officers.pdf,
phone,pass,Published phone: 0000000151 ,http://www.dgshipping.gov.lk/web/images/2026/Notices/Establishment_of_a_Pool_of_Port_State_Control_Officers.pdf,
phone,pass,Published phone: 0000020159 ,http://www.dgshipping.gov.lk/web/images/2026/Notices/Establishment_of_a_Pool_of_Port_State_Control_Officers.pdf,
phone,pass,Published phone: 0000019823 ,http://www.dgshipping.gov.lk/web/images/2026/Notices/Establishment_of_a_Pool_of_Port_State_Control_Officers.pdf,
phone,pass,Published phone: 0000066235 ,http://www.dgshipping.gov.lk/web/images/2026/Notices/Establishment_of_a_Pool_of_Port_State_Control_Officers.pdf,
phone,pass,Published phone: 0 500 278 278 ,http://www.dgshipping.gov.lk/web/images/2026/Notices/Establishment_of_a_Pool_of_Port_State_Control_Officers.pdf,
phone,pass,Published phone: 0000000149 ,http://www.dgshipping.gov.lk/web/images/2026/Notices/Establishment_of_a_Pool_of_Port_State_Control_Officers.pdf,
phone,pass,Published phone: 0000000083 ,http://www.dgshipping.gov.lk/web/images/2026/Notices/Establishment_of_a_Pool_of_Port_State_Control_Officers.pdf,
phone,pass,Published phone: 0000000129 ,http://www.dgshipping.gov.lk/web/images/2026/Notices/Establishment_of_a_Pool_of_Port_State_Control_Officers.pdf,
phone,pass,Published phone: 0 944 0 0 0 0 0 0 ,http://www.dgshipping.gov.lk/web/images/2026/Notices/Establishment_of_a_Pool_of_Port_State_Control_Officers.pdf,
phone,pass,Published phone: 0000020293 ,http://www.dgshipping.gov.lk/web/images/2026/Notices/Establishment_of_a_Pool_of_Port_State_Control_Officers.pdf,
phone,pass,Published phone: 0000027981 ,http://www.dgshipping.gov.lk/web/images/2026/Notices/Establishment_of_a_Pool_of_Port_State_Control_Officers.pdf,
phone,pass,Published phone: 0000000089 ,http://www.dgshipping.gov.lk/web/images/2026/Notices/Establishment_of_a_Pool_of_Port_State_Control_Officers.pdf,
phone,pass,Published phone: 0 0 0 500 556 4,http://www.dgshipping.gov.lk/web/images/2026/Notices/Establishment_of_a_Pool_of_Port_State_Control_Officers.pdf,
phone,pass,Published phone: 0000027765 ,http://www.dgshipping.gov.lk/web/images/2026/Notices/Establishment_of_a_Pool_of_Port_State_Control_Officers.pdf,
phone,pass,Published phone: 0000020559 ,http://www.dgshipping.gov.lk/web/images/2026/Notices/Establishment_of_a_Pool_of_Port_State_Control_Officers.pdf,
phone,pass,Published phone: 0000000062 ,http://www.dgshipping.gov.lk/web/images/2026/Notices/Establishment_of_a_Pool_of_Port_State_Control_Officers.pdf,
phone,pass,Published phone: 0000000125 ,http://www.dgshipping.gov.lk/web/images/2026/Notices/Establishment_of_a_Pool_of_Port_State_Control_Officers.pdf,
phone,pass,Published phone: 0000188529 ,http://www.dgshipping.gov.lk/web/images/2026/Notices/Establishment_of_a_Pool_of_Port_State_Control_Officers.pdf,
phone,pass,Published phone: 0 333 0 0 0 0 0 0 ,http://www.dgshipping.gov.lk/web/images/2026/Notices/Establishment_of_a_Pool_of_Port_State_Control_Officers.pdf,
phone,pass,Published phone: 0000021358 ,http://www.dgshipping.gov.lk/web/images/2026/Notices/Establishment_of_a_Pool_of_Port_State_Control_Officers.pdf,
phone,pass,Published phone: 0000188557 ,http://www.dgshipping.gov.lk/web/images/2026/Notices/Establishment_of_a_Pool_of_Port_State_Control_Officers.pdf,
phone,pass,Published phone: 0000000155 ,http://www.dgshipping.gov.lk/web/images/2026/Notices/Establishment_of_a_Pool_of_Port_State_Control_Officers.pdf,
phone,pass,Published phone: 0000000118 ,http://www.dgshipping.gov.lk/web/images/2026/Notices/Establishment_of_a_Pool_of_Port_State_Control_Officers.pdf,
phone,pass,Published phone: 0000019036 ,http://www.dgshipping.gov.lk/web/images/2026/Notices/Establishment_of_a_Pool_of_Port_State_Control_Officers.pdf,
phone,pass,Published phone: 0000000123 ,http://www.dgshipping.gov.lk/web/images/2026/Notices/Establishment_of_a_Pool_of_Port_State_Control_Officers.pdf,
phone,pass,Published phone: 0000007590 ,http://www.dgshipping.gov.lk/web/images/2026/Notices/Establishment_of_a_Pool_of_Port_State_Control_Officers.pdf,
phone,pass,Published phone: 0000000075 ,http://www.dgshipping.gov.lk/web/images/2026/Notices/Establishment_of_a_Pool_of_Port_State_Control_Officers.pdf,
phone,pass,Published phone: 0000000138 ,http://www.dgshipping.gov.lk/web/images/2026/Notices/Establishment_of_a_Pool_of_Port_State_Control_Officers.pdf,
phone,pass,Published phone: 0000022954 ,http://www.dgshipping.gov.lk/web/images/2026/Notices/Establishment_of_a_Pool_of_Port_State_Control_Officers.pdf,
phone,pass,Published phone: 0000021388 ,http://www.dgshipping.gov.lk/web/images/2026/Notices/Establishment_of_a_Pool_of_Port_State_Control_Officers.pdf,
phone,pass,Published phone: 0 192 000000,http://www.dgshipping.gov.lk/web/images/2026/Notices/Establishment_of_a_Pool_of_Port_State_Control_Officers.pdf,
phone,pass,Published phone: 0 0 0 444 500 4,http://www.dgshipping.gov.lk/web/images/2026/Notices/Establishment_of_a_Pool_of_Port_State_Control_Officers.pdf,
phone,pass,Published phone: 0000000079 ,http://www.dgshipping.gov.lk/web/images/2026/Notices/Establishment_of_a_Pool_of_Port_State_Control_Officers.pdf,
phone,pass,Published phone: 0 0 0 333 0 0 0 0 ,http://www.dgshipping.gov.lk/web/images/2026/Notices/Establishment_of_a_Pool_of_Port_State_Control_Officers.pdf,
phone,pass,Published phone: 0 0 0 0 667 944 ,http://www.dgshipping.gov.lk/web/images/2026/Notices/Establishment_of_a_Pool_of_Port_State_Control_Officers.pdf,
phone,pass,Published phone: 0000030170 ,http://www.dgshipping.gov.lk/web/images/2026/Notices/Establishment_of_a_Pool_of_Port_State_Control_Officers.pdf,
phone,pass,Published phone: 0000000163 ,http://www.dgshipping.gov.lk/web/images/2026/Notices/Establishment_of_a_Pool_of_Port_State_Control_Officers.pdf,
phone,pass,Published phone: 0000007085 ,http://www.dgshipping.gov.lk/web/images/2026/Notices/Establishment_of_a_Pool_of_Port_State_Control_Officers.pdf,
phone,pass,Published phone: 0000000137 ,http://www.dgshipping.gov.lk/web/images/2026/Notices/Establishment_of_a_Pool_of_Port_State_Control_Officers.pdf,
phone,pass,Published phone: 0000000102 ,http://www.dgshipping.gov.lk/web/images/2026/Notices/Establishment_of_a_Pool_of_Port_State_Control_Officers.pdf,
phone,pass,Published phone: 0000000115 ,http://www.dgshipping.gov.lk/web/images/2026/Notices/Establishment_of_a_Pool_of_Port_State_Control_Officers.pdf,
phone,pass,Published phone: 0000022435 ,http://www.dgshipping.gov.lk/web/images/2026/Notices/Establishment_of_a_Pool_of_Port_State_Control_Officers.pdf,
phone,pass,Published phone: 0000022465 ,http://www.dgshipping.gov.lk/web/images/2026/Notices/Establishment_of_a_Pool_of_Port_State_Control_Officers.pdf,
phone,pass,Published phone: 0000023113 ,http://www.dgshipping.gov.lk/web/images/2026/Notices/Establishment_of_a_Pool_of_Port_State_Control_Officers.pdf,
phone,pass,Published phone: 0000007329 ,http://www.dgshipping.gov.lk/web/images/2026/Notices/Establishment_of_a_Pool_of_Port_State_Control_Officers.pdf,
phone,pass,Published phone: 0000000058 ,http://www.dgshipping.gov.lk/web/images/2026/Notices/Establishment_of_a_Pool_of_Port_State_Control_Officers.pdf,
phone,pass,Published phone: 0000030605 ,http://www.dgshipping.gov.lk/web/images/2026/Notices/Establishment_of_a_Pool_of_Port_State_Control_Officers.pdf,
phone,pass,Published phone: 0000000090 ,http://www.dgshipping.gov.lk/web/images/2026/Notices/Establishment_of_a_Pool_of_Port_State_Control_Officers.pdf,
phone,pass,Published phone: 0000020799 ,http://www.dgshipping.gov.lk/web/images/2026/Notices/Establishment_of_a_Pool_of_Port_State_Control_Officers.pdf,
phone,pass,Published phone: 0000000106 ,http://www.dgshipping.gov.lk/web/images/2026/Notices/Establishment_of_a_Pool_of_Port_State_Control_Officers.pdf,
phone,pass,Published phone: 00 444 333 50,http://www.dgshipping.gov.lk/web/images/2026/Notices/Establishment_of_a_Pool_of_Port_State_Control_Officers.pdf,
phone,pass,Published phone: 0000000134 ,http://www.dgshipping.gov.lk/web/images/2026/Notices/Establishment_of_a_Pool_of_Port_State_Control_Officers.pdf,
phone,pass,Published phone: 0000000064 ,http://www.dgshipping.gov.lk/web/images/2026/Notices/Establishment_of_a_Pool_of_Port_State_Control_Officers.pdf,
phone,pass,Published phone: 0000065931 ,http://www.dgshipping.gov.lk/web/images/2026/Notices/Establishment_of_a_Pool_of_Port_State_Control_Officers.pdf,
phone,pass,Published phone: 0000006542 ,http://www.dgshipping.gov.lk/web/images/2026/Notices/Establishment_of_a_Pool_of_Port_State_Control_Officers.pdf,
phone,pass,Published phone: 0000023274 ,http://www.dgshipping.gov.lk/web/images/2026/Notices/Establishment_of_a_Pool_of_Port_State_Control_Officers.pdf,
phone,pass,Published phone: 0000000108 ,http://www.dgshipping.gov.lk/web/images/2026/Notices/Establishment_of_a_Pool_of_Port_State_Control_Officers.pdf,
phone,pass,Published phone: 0000142718 ,http://www.dgshipping.gov.lk/web/images/2026/Notices/Establishment_of_a_Pool_of_Port_State_Control_Officers.pdf,
phone,pass,Published phone: 0000149868 ,http://www.dgshipping.gov.lk/web/images/2026/Notices/Establishment_of_a_Pool_of_Port_State_Control_Officers.pdf,
phone,pass,Published phone: 0 667 556 611 ,http://www.dgshipping.gov.lk/web/images/2026/Notices/Establishment_of_a_Pool_of_Port_State_Control_Officers.pdf,
phone,pass,Published phone: 0000021627 ,http://www.dgshipping.gov.lk/web/images/2026/Notices/Establishment_of_a_Pool_of_Port_State_Control_Officers.pdf,
phone,pass,Published phone: 0000000050 ,http://www.dgshipping.gov.lk/web/images/2026/Notices/Establishment_of_a_Pool_of_Port_State_Control_Officers.pdf,
phone,pass,Published phone: 0000000091 ,http://www.dgshipping.gov.lk/web/images/2026/Notices/Establishment_of_a_Pool_of_Port_State_Control_Officers.pdf,
phone,pass,Published phone: 0 278 500 500 ,http://www.dgshipping.gov.lk/web/images/2026/Notices/Establishment_of_a_Pool_of_Port_State_Control_Officers.pdf,
phone,pass,Published phone: 0 0 0 0 0 0 0 0 33,http://www.dgshipping.gov.lk/web/images/2026/Notices/Establishment_of_a_Pool_of_Port_State_Control_Officers.pdf,
phone,pass,Published phone: 0000019622 ,http://www.dgshipping.gov.lk/web/images/2026/Notices/Establishment_of_a_Pool_of_Port_State_Control_Officers.pdf,
phone,pass,Published phone: 0000000142 ,http://www.dgshipping.gov.lk/web/images/2026/Notices/Establishment_of_a_Pool_of_Port_State_Control_Officers.pdf,
phone,pass,Published phone: 0000018759 ,http://www.dgshipping.gov.lk/web/images/2026/Notices/Establishment_of_a_Pool_of_Port_State_Control_Officers.pdf,
phone,pass,Published phone: 0000021872 ,http://www.dgshipping.gov.lk/web/images/2026/Notices/Establishment_of_a_Pool_of_Port_State_Control_Officers.pdf,
phone,pass,Published phone: 0000000654 ,http://www.dgshipping.gov.lk/web/images/2026/Notices/Establishment_of_a_Pool_of_Port_State_Control_Officers.pdf,
phone,pass,Published phone: 0000000165 ,http://www.dgshipping.gov.lk/web/images/2026/Notices/Establishment_of_a_Pool_of_Port_State_Control_Officers.pdf,
phone,pass,Published phone: 0000000074 ,http://www.dgshipping.gov.lk/web/images/2026/Notices/Establishment_of_a_Pool_of_Port_State_Control_Officers.pdf,
phone,pass,Published phone: 0 0 0 0 0 0 0 921 ,http://www.dgshipping.gov.lk/web/images/2026/Notices/Establishment_of_a_Pool_of_Port_State_Control_Officers.pdf,
phone,pass,Published phone: 0000000131 ,http://www.dgshipping.gov.lk/web/images/2026/Notices/Establishment_of_a_Pool_of_Port_State_Control_Officers.pdf,
phone,pass,Published phone: 0000022706 ,http://www.dgshipping.gov.lk/web/images/2026/Notices/Establishment_of_a_Pool_of_Port_State_Control_Officers.pdf,
phone,pass,Published phone: 0000000130 ,http://www.dgshipping.gov.lk/web/images/2026/Notices/Establishment_of_a_Pool_of_Port_State_Control_Officers.pdf,
phone,pass,Published phone: 0000000140 ,http://www.dgshipping.gov.lk/web/images/2026/Notices/Establishment_of_a_Pool_of_Port_State_Control_Officers.pdf,
phone,pass,Published phone: 0000030272 ,http://www.dgshipping.gov.lk/web/images/2026/Notices/Establishment_of_a_Pool_of_Port_State_Control_Officers.pdf,
phone,pass,Published phone: 0000000094 ,http://www.dgshipping.gov.lk/web/images/2026/Notices/Establishment_of_a_Pool_of_Port_State_Control_Officers.pdf,
phone,pass,Published phone: 0000000000 ,http://www.dgshipping.gov.lk/web/images/2026/Notices/Establishment_of_a_Pool_of_Port_State_Control_Officers.pdf,
phone,pass,Published phone: 0000000132 ,http://www.dgshipping.gov.lk/web/images/2026/Notices/Establishment_of_a_Pool_of_Port_State_Control_Officers.pdf,
phone,pass,Published phone: 00 278 778 50,http://www.dgshipping.gov.lk/web/images/2026/Notices/Establishment_of_a_Pool_of_Port_State_Control_Officers.pdf,
phone,pass,Published phone: 0 333 0 0 611 8,http://www.dgshipping.gov.lk/web/images/2026/Notices/Establishment_of_a_Pool_of_Port_State_Control_Officers.pdf,
phone,pass,Published phone: 0000006808 ,http://www.dgshipping.gov.lk/web/images/2026/Notices/Establishment_of_a_Pool_of_Port_State_Control_Officers.pdf,
phone,pass,Published phone: 0000000150 ,http://www.dgshipping.gov.lk/web/images/2026/Notices/Establishment_of_a_Pool_of_Port_State_Control_Officers.pdf,
phone,pass,Published phone: 0000000156 ,http://www.dgshipping.gov.lk/web/images/2026/Notices/Establishment_of_a_Pool_of_Port_State_Control_Officers.pdf,
phone,pass,Published phone: 00 500 500 50,http://www.dgshipping.gov.lk/web/images/2026/Notices/Establishment_of_a_Pool_of_Port_State_Control_Officers.pdf,
phone,pass,Published phone: 0000000054 ,http://www.dgshipping.gov.lk/web/images/2026/Notices/Establishment_of_a_Pool_of_Port_State_Control_Officers.pdf,
phone,pass,Published phone: 0000000121 ,http://www.dgshipping.gov.lk/web/images/2026/Notices/Establishment_of_a_Pool_of_Port_State_Control_Officers.pdf,
phone,pass,Published phone: 0000000096 ,http://www.dgshipping.gov.lk/web/images/2026/Notices/Establishment_of_a_Pool_of_Port_State_Control_Officers.pdf,
phone,pass,Published phone: 0 333 250 278 ,http://www.dgshipping.gov.lk/web/images/2026/Notices/Establishment_of_a_Pool_of_Port_State_Control_Officers.pdf,
phone,pass,Published phone: 0000000127 ,http://www.dgshipping.gov.lk/web/images/2026/Notices/Establishment_of_a_Pool_of_Port_State_Control_Officers.pdf,
phone,pass,Published phone: 0000006861 ,http://www.dgshipping.gov.lk/web/images/2026/Notices/Establishment_of_a_Pool_of_Port_State_Control_Officers.pdf,
phone,pass,Published phone: 0000000148 ,http://www.dgshipping.gov.lk/web/images/2026/Notices/Establishment_of_a_Pool_of_Port_State_Control_Officers.pdf,
phone,pass,Published phone: 0000030323 ,http://www.dgshipping.gov.lk/web/images/2026/Notices/Establishment_of_a_Pool_of_Port_State_Control_Officers.pdf,
phone,pass,Published phone: 0 667 722 611 ,http://www.dgshipping.gov.lk/web/images/2026/Notices/Establishment_of_a_Pool_of_Port_State_Control_Officers.pdf,
phone,pass,Published phone: 0000019217 ,http://www.dgshipping.gov.lk/web/images/2026/Notices/Establishment_of_a_Pool_of_Port_State_Control_Officers.pdf,
phone,pass,Published phone: 0000000063 ,http://www.dgshipping.gov.lk/web/images/2026/Notices/Establishment_of_a_Pool_of_Port_State_Control_Officers.pdf,
phone,pass,Published phone: 0000020323 ,http://www.dgshipping.gov.lk/web/images/2026/Notices/Establishment_of_a_Pool_of_Port_State_Control_Officers.pdf,
phone,pass,Published phone: 0000019479 ,http://www.dgshipping.gov.lk/web/images/2026/Notices/Establishment_of_a_Pool_of_Port_State_Control_Officers.pdf,
phone,pass,Published phone: 0000000060 ,http://www.dgshipping.gov.lk/web/images/2026/Notices/Establishment_of_a_Pool_of_Port_State_Control_Officers.pdf,
phone,pass,Published phone: 0000179123 ,http://www.dgshipping.gov.lk/web/images/2026/Notices/Establishment_of_a_Pool_of_Port_State_Control_Officers.pdf,
phone,pass,Published phone: 0000000162 ,http://www.dgshipping.gov.lk/web/images/2026/Notices/Establishment_of_a_Pool_of_Port_State_Control_Officers.pdf,
phone,pass,Published phone: 0000000085 ,http://www.dgshipping.gov.lk/web/images/2026/Notices/Establishment_of_a_Pool_of_Port_State_Control_Officers.pdf,
phone,pass,Published phone: 0000000072 ,http://www.dgshipping.gov.lk/web/images/2026/Notices/Establishment_of_a_Pool_of_Port_State_Control_Officers.pdf,
phone,pass,Published phone: 0000000093 ,http://www.dgshipping.gov.lk/web/images/2026/Notices/Establishment_of_a_Pool_of_Port_State_Control_Officers.pdf,
phone,pass,Published phone: 0000000087 ,http://www.dgshipping.gov.lk/web/images/2026/Notices/Establishment_of_a_Pool_of_Port_State_Control_Officers.pdf,
phone,pass,Published phone: 0000022296 ,http://www.dgshipping.gov.lk/web/images/2026/Notices/Establishment_of_a_Pool_of_Port_State_Control_Officers.pdf,
phone,pass,Published phone: 0000000105 ,http://www.dgshipping.gov.lk/web/images/2026/Notices/Establishment_of_a_Pool_of_Port_State_Control_Officers.pdf,
phone,pass,Published phone: 0000000053 ,http://www.dgshipping.gov.lk/web/images/2026/Notices/Establishment_of_a_Pool_of_Port_State_Control_Officers.pdf,
phone,pass,Published phone: 0000020485 ,http://www.dgshipping.gov.lk/web/images/2026/Notices/Establishment_of_a_Pool_of_Port_State_Control_Officers.pdf,
phone,pass,Published phone: 0000000067 ,http://www.dgshipping.gov.lk/web/images/2026/Notices/Establishment_of_a_Pool_of_Port_State_Control_Officers.pdf,
phone,pass,Published phone: 0000000146 ,http://www.dgshipping.gov.lk/web/images/2026/Notices/Establishment_of_a_Pool_of_Port_State_Control_Officers.pdf,
phone,pass,Published phone: 0000000097 ,http://www.dgshipping.gov.lk/web/images/2026/Notices/Establishment_of_a_Pool_of_Port_State_Control_Officers.pdf,
phone,pass,Published phone: 0000000153 ,http://www.dgshipping.gov.lk/web/images/2026/Notices/Establishment_of_a_Pool_of_Port_State_Control_Officers.pdf,
phone,pass,Published phone: 0 0 250 333 25,http://www.dgshipping.gov.lk/web/images/2026/Notices/Establishment_of_a_Pool_of_Port_State_Control_Officers.pdf,
phone,pass,Published phone: 0000007255 ,http://www.dgshipping.gov.lk/web/images/2026/Notices/Establishment_of_a_Pool_of_Port_State_Control_Officers.pdf,
phone,pass,Published phone: 0000000111 ,http://www.dgshipping.gov.lk/web/images/2026/Notices/Establishment_of_a_Pool_of_Port_State_Control_Officers.pdf,
phone,pass,Published phone: 0000000104 ,http://www.dgshipping.gov.lk/web/images/2026/Notices/Establishment_of_a_Pool_of_Port_State_Control_Officers.pdf,
phone,pass,Published phone: 0 722 0 667 0 0 ,http://www.dgshipping.gov.lk/web/images/2026/Notices/Establishment_of_a_Pool_of_Port_State_Control_Officers.pdf,
phone,pass,Published phone: 0000000080 ,http://www.dgshipping.gov.lk/web/images/2026/Notices/Establishment_of_a_Pool_of_Port_State_Control_Officers.pdf,
phone,pass,Published phone: 0000000141 ,http://www.dgshipping.gov.lk/web/images/2026/Notices/Establishment_of_a_Pool_of_Port_State_Control_Officers.pdf,
phone,pass,Published phone: 0000000082 ,http://www.dgshipping.gov.lk/web/images/2026/Notices/Establishment_of_a_Pool_of_Port_State_Control_Officers.pdf,
phone,pass,Published phone: 0000000114 ,http://www.dgshipping.gov.lk/web/images/2026/Notices/Establishment_of_a_Pool_of_Port_State_Control_Officers.pdf,
phone,pass,Published phone: 0000000112 ,http://www.dgshipping.gov.lk/web/images/2026/Notices/Establishment_of_a_Pool_of_Port_State_Control_Officers.pdf,
phone,pass,Published phone: 00 500 722 50,http://www.dgshipping.gov.lk/web/images/2026/Notices/Establishment_of_a_Pool_of_Port_State_Control_Officers.pdf,
phone,pass,Published phone: 0000028042 ,http://www.dgshipping.gov.lk/web/images/2026/Notices/Establishment_of_a_Pool_of_Port_State_Control_Officers.pdf,
phone,pass,Published phone: 0000000124 ,http://www.dgshipping.gov.lk/web/images/2026/Notices/Establishment_of_a_Pool_of_Port_State_Control_Officers.pdf,
phone,pass,Published phone: 0000191739 ,http://www.dgshipping.gov.lk/web/images/2026/Notices/Establishment_of_a_Pool_of_Port_State_Control_Officers.pdf,
phone,pass,Published phone: 0000188487 ,http://www.dgshipping.gov.lk/web/images/2026/Notices/Establishment_of_a_Pool_of_Port_State_Control_Officers.pdf,
phone,pass,Published phone: 0000000221 ,http://www.dgshipping.gov.lk/web/images/2026/Notices/Establishment_of_a_Pool_of_Port_State_Control_Officers.pdf,
phone,pass,Published phone: 0000149824 ,http://www.dgshipping.gov.lk/web/images/2026/Notices/Establishment_of_a_Pool_of_Port_State_Control_Officers.pdf,
phone,pass,Published phone: 0000000077 ,http://www.dgshipping.gov.lk/web/images/2026/Notices/Establishment_of_a_Pool_of_Port_State_Control_Officers.pdf,
phone,pass,Published phone: 0000006914 ,http://www.dgshipping.gov.lk/web/images/2026/Notices/Establishment_of_a_Pool_of_Port_State_Control_Officers.pdf,
phone,pass,Published phone: 0000000103 ,http://www.dgshipping.gov.lk/web/images/2026/Notices/Establishment_of_a_Pool_of_Port_State_Control_Officers.pdf,
phone,pass,Published phone: 0000000120 ,http://www.dgshipping.gov.lk/web/images/2026/Notices/Establishment_of_a_Pool_of_Port_State_Control_Officers.pdf,
phone,pass,Published phone: 0000000100 ,http://www.dgshipping.gov.lk/web/images/2026/Notices/Establishment_of_a_Pool_of_Port_State_Control_Officers.pdf,
phone,pass,Published phone: 00 444 500 44,http://www.dgshipping.gov.lk/web/images/2026/Notices/Establishment_of_a_Pool_of_Port_State_Control_Officers.pdf,
phone,pass,Published phone: 0000149896 ,http://www.dgshipping.gov.lk/web/images/2026/Notices/Establishment_of_a_Pool_of_Port_State_Control_Officers.pdf,
phone,pass,Published phone: 0000143398 ,http://www.dgshipping.gov.lk/web/images/2026/Notices/Establishment_of_a_Pool_of_Port_State_Control_Officers.pdf,
phone,pass,Published phone: 0 500 500 500 ,http://www.dgshipping.gov.lk/web/images/2026/Notices/Establishment_of_a_Pool_of_Port_State_Control_Officers.pdf,
phone,pass,Published phone: 0000000159 ,http://www.dgshipping.gov.lk/web/images/2026/Notices/Establishment_of_a_Pool_of_Port_State_Control_Officers.pdf,
phone,pass,Published phone: 00 500 278 27,http://www.dgshipping.gov.lk/web/images/2026/Notices/Establishment_of_a_Pool_of_Port_State_Control_Officers.pdf,
phone,pass,Published phone: 0000000139 ,http://www.dgshipping.gov.lk/web/images/2026/Notices/Establishment_of_a_Pool_of_Port_State_Control_Officers.pdf,
phone,pass,Published phone: 0000000070 ,http://www.dgshipping.gov.lk/web/images/2026/Notices/Establishment_of_a_Pool_of_Port_State_Control_Officers.pdf,
phone,pass,Published phone: 0000000052 ,http://www.dgshipping.gov.lk/web/images/2026/Notices/Establishment_of_a_Pool_of_Port_State_Control_Officers.pdf,
phone,pass,Published phone: 0000000084 ,http://www.dgshipping.gov.lk/web/images/2026/Notices/Establishment_of_a_Pool_of_Port_State_Control_Officers.pdf,
phone,pass,Published phone: 0000030221 ,http://www.dgshipping.gov.lk/web/images/2026/Notices/Establishment_of_a_Pool_of_Port_State_Control_Officers.pdf,
phone,pass,Published phone: 00 556 556 44,http://www.dgshipping.gov.lk/web/images/2026/Notices/Establishment_of_a_Pool_of_Port_State_Control_Officers.pdf,
phone,pass,Published phone: 0000000086 ,http://www.dgshipping.gov.lk/web/images/2026/Notices/Establishment_of_a_Pool_of_Port_State_Control_Officers.pdf,
phone,pass,Published phone: 0000000145 ,http://www.dgshipping.gov.lk/web/images/2026/Notices/Establishment_of_a_Pool_of_Port_State_Control_Officers.pdf,
phone,pass,Published phone: 0000000128 ,http://www.dgshipping.gov.lk/web/images/2026/Notices/Establishment_of_a_Pool_of_Port_State_Control_Officers.pdf,
phone,pass,Published phone: 0000092467 ,http://www.dgshipping.gov.lk/web/images/2026/Notices/Establishment_of_a_Pool_of_Port_State_Control_Officers.pdf,
phone,pass,Published phone: 0 611 778 722 ,http://www.dgshipping.gov.lk/web/images/2026/Notices/Establishment_of_a_Pool_of_Port_State_Control_Officers.pdf,
phone,pass,Published phone: 0000000143 ,http://www.dgshipping.gov.lk/web/images/2026/Notices/Establishment_of_a_Pool_of_Port_State_Control_Officers.pdf,
phone,pass,Published phone: 0000000065 ,http://www.dgshipping.gov.lk/web/images/2026/Notices/Establishment_of_a_Pool_of_Port_State_Control_Officers.pdf,
phone,pass,Published phone: 0000030069 ,http://www.dgshipping.gov.lk/web/images/2026/Notices/Establishment_of_a_Pool_of_Port_State_Control_Officers.pdf,
phone,pass,Published phone: 0000000154 ,http://www.dgshipping.gov.lk/web/images/2026/Notices/Establishment_of_a_Pool_of_Port_State_Control_Officers.pdf,
phone,pass,Published phone: 0000000158 ,http://www.dgshipping.gov.lk/web/images/2026/Notices/Establishment_of_a_Pool_of_Port_State_Control_Officers.pdf,
phone,pass,Published phone: 0000000135 ,http://www.dgshipping.gov.lk/web/images/2026/Notices/Establishment_of_a_Pool_of_Port_State_Control_Officers.pdf,
phone,pass,Published phone: 0000000152 ,http://www.dgshipping.gov.lk/web/images/2026/Notices/Establishment_of_a_Pool_of_Port_State_Control_Officers.pdf,
phone,pass,Published phone: 0000018567 ,http://www.dgshipping.gov.lk/web/images/2026/Notices/Establishment_of_a_Pool_of_Port_State_Control_Officers.pdf,
phone,pass,Published phone: 0000019652 ,http://www.dgshipping.gov.lk/web/images/2026/Notices/Establishment_of_a_Pool_of_Port_State_Control_Officers.pdf,
phone,pass,Published phone: 0000000069 ,http://www.dgshipping.gov.lk/web/images/2026/Notices/Establishment_of_a_Pool_of_Port_State_Control_Officers.pdf,
phone,pass,Published phone: 0000143700 ,http://www.dgshipping.gov.lk/web/images/2026/Notices/Establishment_of_a_Pool_of_Port_State_Control_Officers.pdf,
phone,pass,Published phone: 0000000098 ,http://www.dgshipping.gov.lk/web/images/2026/Notices/Establishment_of_a_Pool_of_Port_State_Control_Officers.pdf,
phone,pass,Published phone: 0. 011 210570,http://www.dgshipping.gov.lk/web/index.php?lang=en,
phone,pass,Published phone: 011-2105700 ,http://www.dgshipping.gov.lk/web/index.php?lang=en,
phone,pass,Published phone: 011-2430277 ,http://www.dgshipping.gov.lk/web/index.php?lang=en,
phone,pass,Published phone: 011 2105700 ,http://www.dgshipping.gov.lk/web/index.php?lang=en,
phone,pass,Published phone: 011-2435127 ,http://www.dgshipping.gov.lk/web/index.php?lang=en,
phone,pass,Published phone: 0 011 210570,http://www.dgshipping.gov.lk/web/index.php?lang=en,
phone,pass,Published phone: 070-1107787 ,http://www.dgshipping.gov.lk/web/index.php?lang=en,
phone,pass,Published phone: 011 2105710 ,http://www.dgshipping.gov.lk/web/index.php?lang=en,
postal_address,pass,Published postal address: of the person or organization making the submission; Relevant contact details; and Specific observations and comments to,http://www.dgshipping.gov.lk/web/index.php?lang=en,
named_responsibility,pass,Published named responsibility: director,http://www.dgshipping.gov.lk/web/index.php?lang=en,
eligibility_criteria,pass,Published eligibility criteria: eligibility,http://www.dgshipping.gov.lk/web/index.php?lang=en,
legal_basis,pass,Published legal basis: regulations,http://www.dgshipping.gov.lk/web/index.php?lang=en,
fees_and_payment,pass,"Published fees and payment: rs,",http://www.dgshipping.gov.lk/web/index.php?lang=en,
downloadable_form,pass,Published downloadable form: http://www.dgshipping.gov.lk/web/images/2026/Notices/APPLICATION_FOR_REGISTRATION_AS_EXTERNAL_RESOURCE_PERSON-2.pdf,http://www.dgshipping.gov.lk/web/index.php?lang=en,
phone,pass,Published phone: 0. 011 210570,http://www.dgshipping.gov.lk/web/index.php?lang=en,
phone,pass,Published phone: 011-2105700 ,http://www.dgshipping.gov.lk/web/index.php?lang=en,
phone,pass,Published phone: 011-2430277 ,http://www.dgshipping.gov.lk/web/index.php?lang=en,
phone,pass,Published phone: 011 2105700 ,http://www.dgshipping.gov.lk/web/index.php?lang=en,
phone,pass,Published phone: 011-2435127 ,http://www.dgshipping.gov.lk/web/index.php?lang=en,
phone,pass,Published phone: 0 011 210570,http://www.dgshipping.gov.lk/web/index.php?lang=en,
phone,pass,Published phone: 070-1107787 ,http://www.dgshipping.gov.lk/web/index.php?lang=en,
phone,pass,Published phone: 011 2105710 ,http://www.dgshipping.gov.lk/web/index.php?lang=en,
postal_address,pass,Published postal address: of the person or organization making the submission; Relevant contact details; and Specific observations and comments to,http://www.dgshipping.gov.lk/web/index.php?lang=en,
named_responsibility,pass,Published named responsibility: director,http://www.dgshipping.gov.lk/web/index.php?lang=en,
eligibility_criteria,pass,Published eligibility criteria: eligibility,http://www.dgshipping.gov.lk/web/index.php?lang=en,
legal_basis,pass,Published legal basis: regulations,http://www.dgshipping.gov.lk/web/index.php?lang=en,
fees_and_payment,pass,"Published fees and payment: rs,",http://www.dgshipping.gov.lk/web/index.php?lang=en,
downloadable_form,pass,Published downloadable form: http://www.dgshipping.gov.lk/web/images/2026/Notices/APPLICATION_FOR_REGISTRATION_AS_EXTERNAL_RESOURCE_PERSON-2.pdf,http://www.dgshipping.gov.lk/web/index.php?lang=en,
page_text,pass,Substantive page content: 259942 visible characters across 12 pages,http://www.dgshipping.gov.lk/,
