check,status,detail,source,observed_at
dns,pass,Public DNS resolved,,2026-09-08T23:54:03.773916+05:30
domain_registration,error,Domain is absent from RDAP,,2026-09-08T23:54:03.773939+05:30
tls,pass,TLS certificate valid,,2026-09-08T23:54:04.282121+05:30
http,pass,Probe 1: HTTP 200 at https://nationalsalt.lk/,https://nationalsalt.lk/,2026-09-08T23:54:40.985438+05:30
http,pass,Probe 2: HTTP 200 at http://nationalsalt.lk/,http://nationalsalt.lk/,2026-09-08T23:54:40.985458+05:30
http,pass,Probe 3: HTTP 200 at https://nationalsalt.lk/,https://nationalsalt.lk/,2026-09-08T23:54:40.985462+05:30
http,pass,Probe 4: HTTP 200 at http://nationalsalt.lk/,http://nationalsalt.lk/,2026-09-08T23:54:40.985465+05:30
http,pass,Probe 5: HTTP 200 at https://nationalsalt.lk/contact,https://nationalsalt.lk/contact,2026-09-08T23:54:40.985467+05:30
http,pass,Probe 6: HTTP 200 at https://nationalsalt.lk,https://nationalsalt.lk,2026-09-08T23:54:40.985470+05:30
http,pass,Probe 7: HTTP 200 at https://nationalsalt.lk/about,https://nationalsalt.lk/about,2026-09-08T23:54:40.985472+05:30
http,pass,Probe 8: HTTP 200 at https://nationalsalt.lk/reports,https://nationalsalt.lk/reports,2026-09-08T23:54:40.985475+05:30
http,pass,Probe 9: HTTP 200 at https://nationalsalt.lk/notices,https://nationalsalt.lk/notices,2026-09-08T23:54:40.985477+05:30
http,pass,Probe 10: HTTP 200 at https://nationalsalt.lk/events,https://nationalsalt.lk/events,2026-09-08T23:54:40.985480+05:30
http,pass,Probe 11: HTTP 200 at https://nationalsalt.lk/storage/coparate_plans_report_files/1728628686_ByQRe9ZxCN.pdf,https://nationalsalt.lk/storage/coparate_plans_report_files/1728628686_ByQRe9ZxCN.pdf,2026-09-08T23:54:40.985483+05:30
http,pass,Probe 12: HTTP 200 at https://www.nationalsalt.lk/assets/pdf/NSL_compressed.pdf,https://www.nationalsalt.lk/assets/pdf/NSL_compressed.pdf,2026-09-08T23:54:40.985485+05:30
http,pass,Probe 13: HTTP 200 at https://nationalsalt.lk/past_events/single/13,https://nationalsalt.lk/past_events/single/13,2026-09-08T23:54:40.985487+05:30
http,pass,Probe 14: HTTP 200 at https://nationalsalt.lk/past_events/single/14,https://nationalsalt.lk/past_events/single/14,2026-09-08T23:54:40.985490+05:30
phone,pass,Published phone: +94112368974,https://nationalsalt.lk/,
phone,pass,Published phone: 071 683 9441 ,https://nationalsalt.lk/,
phone,pass,Published phone: 05. 01123689,https://nationalsalt.lk/,
phone,pass,Published phone: 022 10.10.202,https://nationalsalt.lk/,
phone,pass,Published phone: 011 236 8964 - ,https://nationalsalt.lk/,
phone,pass,Published phone: 011-2368974 ,https://nationalsalt.lk/,
phone,pass,Published phone: 06198 11236,https://nationalsalt.lk/,
phone,pass,Published phone: 09.2001 05.12.,https://nationalsalt.lk/,
phone,pass,Published phone: 02.2020 10.02.,https://nationalsalt.lk/,
phone,pass,Published phone: 082 2132045,https://nationalsalt.lk/,
phone,pass,Published phone: 074226 1123,https://nationalsalt.lk/,
phone,pass,Published phone: 02.2022 09.12.,https://nationalsalt.lk/,
phone,pass,Published phone: 0313230 112,https://nationalsalt.lk/,
phone,pass,Published phone: 01.01.2025 14.,https://nationalsalt.lk/,
phone,pass,Published phone: 02.03.2006 07.,https://nationalsalt.lk/,
phone,pass,Published phone: 06.2010 30.10.,https://nationalsalt.lk/,
phone,pass,Published phone: 0.10.2014 25.1,https://nationalsalt.lk/,
phone,pass,Published phone: 0112368974 ,https://nationalsalt.lk/,
email,pass,Published email: suyanthan.sme@gmail.com,https://nationalsalt.lk/,
email,pass,Published email: nsl.coac@gmail.com,https://nationalsalt.lk/,
email,pass,Published email: nslchairman@gmail.com,https://nationalsalt.lk/,
email,pass,Published email: nslho.admn@gmail.com,https://nationalsalt.lk/,
email,pass,Published email: mslhogm@gmail.com,https://nationalsalt.lk/,
email,pass,Published email: info@nationalsalt.lk,https://nationalsalt.lk/,
email,pass,Published email: nslhomkt@gmail.com,https://nationalsalt.lk/,
postal_address,pass,"Published postal address: GENERAL NUMBER 0112368974 EMAIL info@nationalsalt.lk WEBSITE www.nationalsalt.lk Thank you. Your message has been sent Error, email not sent Sent Now NATIONAL SALT LIMITED Copyright 2023 by Ceylon Cloud Technologies (Pvt) Ltd. $(document).ready(function() { // required elements var imgPopup = $('.img-popup'); var imgCont = $('.s'); var popupImage = $('.img-popup img'); var closeBtn = $('.close-btn'); // handle events imgCont.on('click', function() { var img_src = $(this).children('img').attr('src'); imgPopup.children('img').attr('src', img_src); imgPopup.addClass('opened'); }); $(imgPopup, closeBtn).on('click', function() { imgPopup.removeClass('opened'); imgPopup.children('img').attr('src', ''); }); popupImage.on('click', function(e) { e.stopPropagation(); }); });",https://nationalsalt.lk/,
named_responsibility,pass,Published named responsibility: director,https://nationalsalt.lk/,
legal_basis,pass,Published legal basis: gazette,https://nationalsalt.lk/,
phone,pass,Published phone: +94112368974,http://nationalsalt.lk/,
phone,pass,Published phone: 071 683 9441 ,http://nationalsalt.lk/,
phone,pass,Published phone: 05. 01123689,http://nationalsalt.lk/,
phone,pass,Published phone: 022 10.10.202,http://nationalsalt.lk/,
phone,pass,Published phone: 011 236 8964 - ,http://nationalsalt.lk/,
phone,pass,Published phone: 011-2368974 ,http://nationalsalt.lk/,
phone,pass,Published phone: 06198 11236,http://nationalsalt.lk/,
phone,pass,Published phone: 09.2001 05.12.,http://nationalsalt.lk/,
phone,pass,Published phone: 02.2020 10.02.,http://nationalsalt.lk/,
phone,pass,Published phone: 082 2132045,http://nationalsalt.lk/,
phone,pass,Published phone: 074226 1123,http://nationalsalt.lk/,
phone,pass,Published phone: 02.2022 09.12.,http://nationalsalt.lk/,
phone,pass,Published phone: 0313230 112,http://nationalsalt.lk/,
phone,pass,Published phone: 01.01.2025 14.,http://nationalsalt.lk/,
phone,pass,Published phone: 02.03.2006 07.,http://nationalsalt.lk/,
phone,pass,Published phone: 06.2010 30.10.,http://nationalsalt.lk/,
phone,pass,Published phone: 0.10.2014 25.1,http://nationalsalt.lk/,
phone,pass,Published phone: 0112368974 ,http://nationalsalt.lk/,
email,pass,Published email: suyanthan.sme@gmail.com,http://nationalsalt.lk/,
email,pass,Published email: nsl.coac@gmail.com,http://nationalsalt.lk/,
email,pass,Published email: nslchairman@gmail.com,http://nationalsalt.lk/,
email,pass,Published email: nslho.admn@gmail.com,http://nationalsalt.lk/,
email,pass,Published email: mslhogm@gmail.com,http://nationalsalt.lk/,
email,pass,Published email: info@nationalsalt.lk,http://nationalsalt.lk/,
email,pass,Published email: nslhomkt@gmail.com,http://nationalsalt.lk/,
postal_address,pass,"Published postal address: GENERAL NUMBER 0112368974 EMAIL info@nationalsalt.lk WEBSITE www.nationalsalt.lk Thank you. Your message has been sent Error, email not sent Sent Now NATIONAL SALT LIMITED Copyright 2023 by Ceylon Cloud Technologies (Pvt) Ltd. $(document).ready(function() { // required elements var imgPopup = $('.img-popup'); var imgCont = $('.s'); var popupImage = $('.img-popup img'); var closeBtn = $('.close-btn'); // handle events imgCont.on('click', function() { var img_src = $(this).children('img').attr('src'); imgPopup.children('img').attr('src', img_src); imgPopup.addClass('opened'); }); $(imgPopup, closeBtn).on('click', function() { imgPopup.removeClass('opened'); imgPopup.children('img').attr('src', ''); }); popupImage.on('click', function(e) { e.stopPropagation(); }); });",http://nationalsalt.lk/,
named_responsibility,pass,Published named responsibility: director,http://nationalsalt.lk/,
legal_basis,pass,Published legal basis: gazette,http://nationalsalt.lk/,
phone,pass,Published phone: +94112368974,https://nationalsalt.lk/,
phone,pass,Published phone: 071 683 9441 ,https://nationalsalt.lk/,
phone,pass,Published phone: 05. 01123689,https://nationalsalt.lk/,
phone,pass,Published phone: 022 10.10.202,https://nationalsalt.lk/,
phone,pass,Published phone: 011 236 8964 - ,https://nationalsalt.lk/,
phone,pass,Published phone: 011-2368974 ,https://nationalsalt.lk/,
phone,pass,Published phone: 06198 11236,https://nationalsalt.lk/,
phone,pass,Published phone: 09.2001 05.12.,https://nationalsalt.lk/,
phone,pass,Published phone: 02.2020 10.02.,https://nationalsalt.lk/,
phone,pass,Published phone: 082 2132045,https://nationalsalt.lk/,
phone,pass,Published phone: 074226 1123,https://nationalsalt.lk/,
phone,pass,Published phone: 02.2022 09.12.,https://nationalsalt.lk/,
phone,pass,Published phone: 0313230 112,https://nationalsalt.lk/,
phone,pass,Published phone: 01.01.2025 14.,https://nationalsalt.lk/,
phone,pass,Published phone: 02.03.2006 07.,https://nationalsalt.lk/,
phone,pass,Published phone: 06.2010 30.10.,https://nationalsalt.lk/,
phone,pass,Published phone: 0.10.2014 25.1,https://nationalsalt.lk/,
phone,pass,Published phone: 0112368974 ,https://nationalsalt.lk/,
email,pass,Published email: suyanthan.sme@gmail.com,https://nationalsalt.lk/,
email,pass,Published email: nsl.coac@gmail.com,https://nationalsalt.lk/,
email,pass,Published email: nslchairman@gmail.com,https://nationalsalt.lk/,
email,pass,Published email: nslho.admn@gmail.com,https://nationalsalt.lk/,
email,pass,Published email: mslhogm@gmail.com,https://nationalsalt.lk/,
email,pass,Published email: info@nationalsalt.lk,https://nationalsalt.lk/,
email,pass,Published email: nslhomkt@gmail.com,https://nationalsalt.lk/,
postal_address,pass,"Published postal address: GENERAL NUMBER 0112368974 EMAIL info@nationalsalt.lk WEBSITE www.nationalsalt.lk Thank you. Your message has been sent Error, email not sent Sent Now NATIONAL SALT LIMITED Copyright 2023 by Ceylon Cloud Technologies (Pvt) Ltd. $(document).ready(function() { // required elements var imgPopup = $('.img-popup'); var imgCont = $('.s'); var popupImage = $('.img-popup img'); var closeBtn = $('.close-btn'); // handle events imgCont.on('click', function() { var img_src = $(this).children('img').attr('src'); imgPopup.children('img').attr('src', img_src); imgPopup.addClass('opened'); }); $(imgPopup, closeBtn).on('click', function() { imgPopup.removeClass('opened'); imgPopup.children('img').attr('src', ''); }); popupImage.on('click', function(e) { e.stopPropagation(); }); });",https://nationalsalt.lk/,
named_responsibility,pass,Published named responsibility: director,https://nationalsalt.lk/,
legal_basis,pass,Published legal basis: gazette,https://nationalsalt.lk/,
phone,pass,Published phone: +94112368974,http://nationalsalt.lk/,
phone,pass,Published phone: 071 683 9441 ,http://nationalsalt.lk/,
phone,pass,Published phone: 05. 01123689,http://nationalsalt.lk/,
phone,pass,Published phone: 022 10.10.202,http://nationalsalt.lk/,
phone,pass,Published phone: 011 236 8964 - ,http://nationalsalt.lk/,
phone,pass,Published phone: 011-2368974 ,http://nationalsalt.lk/,
phone,pass,Published phone: 06198 11236,http://nationalsalt.lk/,
phone,pass,Published phone: 09.2001 05.12.,http://nationalsalt.lk/,
phone,pass,Published phone: 02.2020 10.02.,http://nationalsalt.lk/,
phone,pass,Published phone: 082 2132045,http://nationalsalt.lk/,
phone,pass,Published phone: 074226 1123,http://nationalsalt.lk/,
phone,pass,Published phone: 02.2022 09.12.,http://nationalsalt.lk/,
phone,pass,Published phone: 0313230 112,http://nationalsalt.lk/,
phone,pass,Published phone: 01.01.2025 14.,http://nationalsalt.lk/,
phone,pass,Published phone: 02.03.2006 07.,http://nationalsalt.lk/,
phone,pass,Published phone: 06.2010 30.10.,http://nationalsalt.lk/,
phone,pass,Published phone: 0.10.2014 25.1,http://nationalsalt.lk/,
phone,pass,Published phone: 0112368974 ,http://nationalsalt.lk/,
email,pass,Published email: suyanthan.sme@gmail.com,http://nationalsalt.lk/,
email,pass,Published email: nsl.coac@gmail.com,http://nationalsalt.lk/,
email,pass,Published email: nslchairman@gmail.com,http://nationalsalt.lk/,
email,pass,Published email: nslho.admn@gmail.com,http://nationalsalt.lk/,
email,pass,Published email: mslhogm@gmail.com,http://nationalsalt.lk/,
email,pass,Published email: info@nationalsalt.lk,http://nationalsalt.lk/,
email,pass,Published email: nslhomkt@gmail.com,http://nationalsalt.lk/,
postal_address,pass,"Published postal address: GENERAL NUMBER 0112368974 EMAIL info@nationalsalt.lk WEBSITE www.nationalsalt.lk Thank you. Your message has been sent Error, email not sent Sent Now NATIONAL SALT LIMITED Copyright 2023 by Ceylon Cloud Technologies (Pvt) Ltd. $(document).ready(function() { // required elements var imgPopup = $('.img-popup'); var imgCont = $('.s'); var popupImage = $('.img-popup img'); var closeBtn = $('.close-btn'); // handle events imgCont.on('click', function() { var img_src = $(this).children('img').attr('src'); imgPopup.children('img').attr('src', img_src); imgPopup.addClass('opened'); }); $(imgPopup, closeBtn).on('click', function() { imgPopup.removeClass('opened'); imgPopup.children('img').attr('src', ''); }); popupImage.on('click', function(e) { e.stopPropagation(); }); });",http://nationalsalt.lk/,
named_responsibility,pass,Published named responsibility: director,http://nationalsalt.lk/,
legal_basis,pass,Published legal basis: gazette,http://nationalsalt.lk/,
phone,pass,Published phone: 071 683 9441 ,https://nationalsalt.lk/contact,
phone,pass,Published phone: 011 236 8964 - ,https://nationalsalt.lk/contact,
phone,pass,Published phone: 06198 11236,https://nationalsalt.lk/contact,
phone,pass,Published phone: 074226 1123,https://nationalsalt.lk/contact,
phone,pass,Published phone: 082 2132045,https://nationalsalt.lk/contact,
phone,pass,Published phone: 0313230 112,https://nationalsalt.lk/contact,
phone,pass,Published phone: 0112368974 ,https://nationalsalt.lk/contact,
email,pass,Published email: suyanthan.sme@gmail.com,https://nationalsalt.lk/contact,
email,pass,Published email: nsl.coac@gmail.com,https://nationalsalt.lk/contact,
email,pass,Published email: nslchairman@gmail.com,https://nationalsalt.lk/contact,
email,pass,Published email: mslhogm@gmail.com,https://nationalsalt.lk/contact,
email,pass,Published email: nslho.admn@gmail.com,https://nationalsalt.lk/contact,
email,pass,Published email: info@nationalsalt.lk,https://nationalsalt.lk/contact,
email,pass,Published email: nslhomkt@gmail.com,https://nationalsalt.lk/contact,
postal_address,pass,"Published postal address: GENERAL NUMBER 0112368974 EMAIL info@nationalsalt.lk WEBSITE www.nationalsalt.lk Thank you. Your message has been sent Error, email not sent Sent Now NATIONAL SALT LIMITED Copyright 2023 by Ceylon Cloud Technologies (Pvt) Ltd. $(document).ready(function() { // required elements var imgPopup = $('.img-popup'); var imgCont = $('.s'); var popupImage = $('.img-popup img'); var closeBtn = $('.close-btn'); // handle events imgCont.on('click', function() { var img_src = $(this).children('img').attr('src'); imgPopup.children('img').attr('src', img_src); imgPopup.addClass('opened'); }); $(imgPopup, closeBtn).on('click', function() { imgPopup.removeClass('opened'); imgPopup.children('img').attr('src', ''); }); popupImage.on('click', function(e) { e.stopPropagation(); }); });",https://nationalsalt.lk/contact,
phone,pass,Published phone: +94112368974,https://nationalsalt.lk,
phone,pass,Published phone: 071 683 9441 ,https://nationalsalt.lk,
phone,pass,Published phone: 05. 01123689,https://nationalsalt.lk,
phone,pass,Published phone: 022 10.10.202,https://nationalsalt.lk,
phone,pass,Published phone: 011 236 8964 - ,https://nationalsalt.lk,
phone,pass,Published phone: 011-2368974 ,https://nationalsalt.lk,
phone,pass,Published phone: 06198 11236,https://nationalsalt.lk,
phone,pass,Published phone: 09.2001 05.12.,https://nationalsalt.lk,
phone,pass,Published phone: 02.2020 10.02.,https://nationalsalt.lk,
phone,pass,Published phone: 082 2132045,https://nationalsalt.lk,
phone,pass,Published phone: 074226 1123,https://nationalsalt.lk,
phone,pass,Published phone: 02.2022 09.12.,https://nationalsalt.lk,
phone,pass,Published phone: 0313230 112,https://nationalsalt.lk,
phone,pass,Published phone: 01.01.2025 14.,https://nationalsalt.lk,
phone,pass,Published phone: 02.03.2006 07.,https://nationalsalt.lk,
phone,pass,Published phone: 06.2010 30.10.,https://nationalsalt.lk,
phone,pass,Published phone: 0.10.2014 25.1,https://nationalsalt.lk,
phone,pass,Published phone: 0112368974 ,https://nationalsalt.lk,
email,pass,Published email: suyanthan.sme@gmail.com,https://nationalsalt.lk,
email,pass,Published email: nsl.coac@gmail.com,https://nationalsalt.lk,
email,pass,Published email: nslchairman@gmail.com,https://nationalsalt.lk,
email,pass,Published email: nslho.admn@gmail.com,https://nationalsalt.lk,
email,pass,Published email: mslhogm@gmail.com,https://nationalsalt.lk,
email,pass,Published email: info@nationalsalt.lk,https://nationalsalt.lk,
email,pass,Published email: nslhomkt@gmail.com,https://nationalsalt.lk,
postal_address,pass,"Published postal address: GENERAL NUMBER 0112368974 EMAIL info@nationalsalt.lk WEBSITE www.nationalsalt.lk Thank you. Your message has been sent Error, email not sent Sent Now NATIONAL SALT LIMITED Copyright 2023 by Ceylon Cloud Technologies (Pvt) Ltd. $(document).ready(function() { // required elements var imgPopup = $('.img-popup'); var imgCont = $('.s'); var popupImage = $('.img-popup img'); var closeBtn = $('.close-btn'); // handle events imgCont.on('click', function() { var img_src = $(this).children('img').attr('src'); imgPopup.children('img').attr('src', img_src); imgPopup.addClass('opened'); }); $(imgPopup, closeBtn).on('click', function() { imgPopup.removeClass('opened'); imgPopup.children('img').attr('src', ''); }); popupImage.on('click', function(e) { e.stopPropagation(); }); });",https://nationalsalt.lk,
named_responsibility,pass,Published named responsibility: director,https://nationalsalt.lk,
legal_basis,pass,Published legal basis: gazette,https://nationalsalt.lk,
named_responsibility,pass,Published named responsibility: division,https://nationalsalt.lk/about,
legal_basis,pass,Published legal basis: gazette,https://nationalsalt.lk/about,
phone,pass,Published phone: 0000000752 ,https://nationalsalt.lk/storage/coparate_plans_report_files/1728628686_ByQRe9ZxCN.pdf,
phone,pass,Published phone: 0000001339 ,https://nationalsalt.lk/storage/coparate_plans_report_files/1728628686_ByQRe9ZxCN.pdf,
phone,pass,Published phone: 0000001457 ,https://nationalsalt.lk/storage/coparate_plans_report_files/1728628686_ByQRe9ZxCN.pdf,
phone,pass,Published phone: 0000001040 ,https://nationalsalt.lk/storage/coparate_plans_report_files/1728628686_ByQRe9ZxCN.pdf,
phone,pass,Published phone: 0000002293 ,https://nationalsalt.lk/storage/coparate_plans_report_files/1728628686_ByQRe9ZxCN.pdf,
phone,pass,Published phone: 0000002178 ,https://nationalsalt.lk/storage/coparate_plans_report_files/1728628686_ByQRe9ZxCN.pdf,
phone,pass,Published phone: 0000001273 ,https://nationalsalt.lk/storage/coparate_plans_report_files/1728628686_ByQRe9ZxCN.pdf,
phone,pass,Published phone: 0000000398 ,https://nationalsalt.lk/storage/coparate_plans_report_files/1728628686_ByQRe9ZxCN.pdf,
phone,pass,Published phone: 0000000491 ,https://nationalsalt.lk/storage/coparate_plans_report_files/1728628686_ByQRe9ZxCN.pdf,
phone,pass,Published phone: 0000001546 ,https://nationalsalt.lk/storage/coparate_plans_report_files/1728628686_ByQRe9ZxCN.pdf,
phone,pass,Published phone: 0000050993 ,https://nationalsalt.lk/storage/coparate_plans_report_files/1728628686_ByQRe9ZxCN.pdf,
phone,pass,Published phone: 0000001859 ,https://nationalsalt.lk/storage/coparate_plans_report_files/1728628686_ByQRe9ZxCN.pdf,
phone,pass,Published phone: 0000002123 ,https://nationalsalt.lk/storage/coparate_plans_report_files/1728628686_ByQRe9ZxCN.pdf,
phone,pass,Published phone: 0000001327 ,https://nationalsalt.lk/storage/coparate_plans_report_files/1728628686_ByQRe9ZxCN.pdf,
phone,pass,Published phone: 0000001085 ,https://nationalsalt.lk/storage/coparate_plans_report_files/1728628686_ByQRe9ZxCN.pdf,
phone,pass,Published phone: 0000001071 ,https://nationalsalt.lk/storage/coparate_plans_report_files/1728628686_ByQRe9ZxCN.pdf,
phone,pass,Published phone: 0000170329 ,https://nationalsalt.lk/storage/coparate_plans_report_files/1728628686_ByQRe9ZxCN.pdf,
phone,pass,Published phone: 0000001976 ,https://nationalsalt.lk/storage/coparate_plans_report_files/1728628686_ByQRe9ZxCN.pdf,
phone,pass,Published phone: 0000000950 ,https://nationalsalt.lk/storage/coparate_plans_report_files/1728628686_ByQRe9ZxCN.pdf,
phone,pass,Published phone: 0000001207 ,https://nationalsalt.lk/storage/coparate_plans_report_files/1728628686_ByQRe9ZxCN.pdf,
phone,pass,Published phone: 0000001033 ,https://nationalsalt.lk/storage/coparate_plans_report_files/1728628686_ByQRe9ZxCN.pdf,
phone,pass,Published phone: 0000001810 ,https://nationalsalt.lk/storage/coparate_plans_report_files/1728628686_ByQRe9ZxCN.pdf,
phone,pass,Published phone: 0000001672 ,https://nationalsalt.lk/storage/coparate_plans_report_files/1728628686_ByQRe9ZxCN.pdf,
phone,pass,Published phone: 0000000492 ,https://nationalsalt.lk/storage/coparate_plans_report_files/1728628686_ByQRe9ZxCN.pdf,
phone,pass,Published phone: 0000001102 ,https://nationalsalt.lk/storage/coparate_plans_report_files/1728628686_ByQRe9ZxCN.pdf,
phone,pass,Published phone: 0000002294 ,https://nationalsalt.lk/storage/coparate_plans_report_files/1728628686_ByQRe9ZxCN.pdf,
phone,pass,Published phone: 0000001520 ,https://nationalsalt.lk/storage/coparate_plans_report_files/1728628686_ByQRe9ZxCN.pdf,
phone,pass,Published phone: 0000000380 ,https://nationalsalt.lk/storage/coparate_plans_report_files/1728628686_ByQRe9ZxCN.pdf,
phone,pass,Published phone: 0000001853 ,https://nationalsalt.lk/storage/coparate_plans_report_files/1728628686_ByQRe9ZxCN.pdf,
phone,pass,Published phone: 0000000903 ,https://nationalsalt.lk/storage/coparate_plans_report_files/1728628686_ByQRe9ZxCN.pdf,
phone,pass,Published phone: 0000001436 ,https://nationalsalt.lk/storage/coparate_plans_report_files/1728628686_ByQRe9ZxCN.pdf,
phone,pass,Published phone: 0000000295 ,https://nationalsalt.lk/storage/coparate_plans_report_files/1728628686_ByQRe9ZxCN.pdf,
phone,pass,Published phone: 0000001623 ,https://nationalsalt.lk/storage/coparate_plans_report_files/1728628686_ByQRe9ZxCN.pdf,
phone,pass,Published phone: 0000001578 ,https://nationalsalt.lk/storage/coparate_plans_report_files/1728628686_ByQRe9ZxCN.pdf,
phone,pass,Published phone: 0000000109 ,https://nationalsalt.lk/storage/coparate_plans_report_files/1728628686_ByQRe9ZxCN.pdf,
phone,pass,Published phone: 0000000791 ,https://nationalsalt.lk/storage/coparate_plans_report_files/1728628686_ByQRe9ZxCN.pdf,
phone,pass,Published phone: 0000001678 ,https://nationalsalt.lk/storage/coparate_plans_report_files/1728628686_ByQRe9ZxCN.pdf,
phone,pass,Published phone: 0000063408 ,https://nationalsalt.lk/storage/coparate_plans_report_files/1728628686_ByQRe9ZxCN.pdf,
phone,pass,Published phone: 0000000230 ,https://nationalsalt.lk/storage/coparate_plans_report_files/1728628686_ByQRe9ZxCN.pdf,
phone,pass,Published phone: 0000000483 ,https://nationalsalt.lk/storage/coparate_plans_report_files/1728628686_ByQRe9ZxCN.pdf,
phone,pass,Published phone: 0000000840 ,https://nationalsalt.lk/storage/coparate_plans_report_files/1728628686_ByQRe9ZxCN.pdf,
phone,pass,Published phone: 0000001788 ,https://nationalsalt.lk/storage/coparate_plans_report_files/1728628686_ByQRe9ZxCN.pdf,
phone,pass,Published phone: 0000000619 ,https://nationalsalt.lk/storage/coparate_plans_report_files/1728628686_ByQRe9ZxCN.pdf,
phone,pass,Published phone: 0000001711 ,https://nationalsalt.lk/storage/coparate_plans_report_files/1728628686_ByQRe9ZxCN.pdf,
phone,pass,Published phone: 0000001013 ,https://nationalsalt.lk/storage/coparate_plans_report_files/1728628686_ByQRe9ZxCN.pdf,
phone,pass,Published phone: 0000001789 ,https://nationalsalt.lk/storage/coparate_plans_report_files/1728628686_ByQRe9ZxCN.pdf,
phone,pass,Published phone: 0000001293 ,https://nationalsalt.lk/storage/coparate_plans_report_files/1728628686_ByQRe9ZxCN.pdf,
phone,pass,Published phone: 0000000778 ,https://nationalsalt.lk/storage/coparate_plans_report_files/1728628686_ByQRe9ZxCN.pdf,
phone,pass,Published phone: 0000364593 ,https://nationalsalt.lk/storage/coparate_plans_report_files/1728628686_ByQRe9ZxCN.pdf,
phone,pass,Published phone: 0000001382 ,https://nationalsalt.lk/storage/coparate_plans_report_files/1728628686_ByQRe9ZxCN.pdf,
phone,pass,Published phone: 0000000214 ,https://nationalsalt.lk/storage/coparate_plans_report_files/1728628686_ByQRe9ZxCN.pdf,
phone,pass,Published phone: 0000001000 ,https://nationalsalt.lk/storage/coparate_plans_report_files/1728628686_ByQRe9ZxCN.pdf,
phone,pass,Published phone: 0000001248 ,https://nationalsalt.lk/storage/coparate_plans_report_files/1728628686_ByQRe9ZxCN.pdf,
phone,pass,Published phone: 0000001253 ,https://nationalsalt.lk/storage/coparate_plans_report_files/1728628686_ByQRe9ZxCN.pdf,
phone,pass,Published phone: 0000000478 ,https://nationalsalt.lk/storage/coparate_plans_report_files/1728628686_ByQRe9ZxCN.pdf,
phone,pass,Published phone: 0000000828 ,https://nationalsalt.lk/storage/coparate_plans_report_files/1728628686_ByQRe9ZxCN.pdf,
phone,pass,Published phone: 0000001298 ,https://nationalsalt.lk/storage/coparate_plans_report_files/1728628686_ByQRe9ZxCN.pdf,
phone,pass,Published phone: 0000001184 ,https://nationalsalt.lk/storage/coparate_plans_report_files/1728628686_ByQRe9ZxCN.pdf,
phone,pass,Published phone: 0000000833 ,https://nationalsalt.lk/storage/coparate_plans_report_files/1728628686_ByQRe9ZxCN.pdf,
phone,pass,Published phone: 0000001529 ,https://nationalsalt.lk/storage/coparate_plans_report_files/1728628686_ByQRe9ZxCN.pdf,
phone,pass,Published phone: 0000001260 ,https://nationalsalt.lk/storage/coparate_plans_report_files/1728628686_ByQRe9ZxCN.pdf,
phone,pass,Published phone: 0000001045 ,https://nationalsalt.lk/storage/coparate_plans_report_files/1728628686_ByQRe9ZxCN.pdf,
phone,pass,Published phone: 0000001408 ,https://nationalsalt.lk/storage/coparate_plans_report_files/1728628686_ByQRe9ZxCN.pdf,
phone,pass,Published phone: 0000000115 ,https://nationalsalt.lk/storage/coparate_plans_report_files/1728628686_ByQRe9ZxCN.pdf,
phone,pass,Published phone: 0000002274 ,https://nationalsalt.lk/storage/coparate_plans_report_files/1728628686_ByQRe9ZxCN.pdf,
phone,pass,Published phone: 0000001282 ,https://nationalsalt.lk/storage/coparate_plans_report_files/1728628686_ByQRe9ZxCN.pdf,
phone,pass,Published phone: 0000000234 ,https://nationalsalt.lk/storage/coparate_plans_report_files/1728628686_ByQRe9ZxCN.pdf,
phone,pass,Published phone: 0000001173 ,https://nationalsalt.lk/storage/coparate_plans_report_files/1728628686_ByQRe9ZxCN.pdf,
phone,pass,Published phone: 0000002069 ,https://nationalsalt.lk/storage/coparate_plans_report_files/1728628686_ByQRe9ZxCN.pdf,
phone,pass,Published phone: 0000002218 ,https://nationalsalt.lk/storage/coparate_plans_report_files/1728628686_ByQRe9ZxCN.pdf,
phone,pass,Published phone: 0000000461 ,https://nationalsalt.lk/storage/coparate_plans_report_files/1728628686_ByQRe9ZxCN.pdf,
phone,pass,Published phone: 0000002361 ,https://nationalsalt.lk/storage/coparate_plans_report_files/1728628686_ByQRe9ZxCN.pdf,
phone,pass,Published phone: 0000000393 ,https://nationalsalt.lk/storage/coparate_plans_report_files/1728628686_ByQRe9ZxCN.pdf,
phone,pass,Published phone: 0000002104 ,https://nationalsalt.lk/storage/coparate_plans_report_files/1728628686_ByQRe9ZxCN.pdf,
phone,pass,Published phone: 0000000636 ,https://nationalsalt.lk/storage/coparate_plans_report_files/1728628686_ByQRe9ZxCN.pdf,
phone,pass,Published phone: 0000001230 ,https://nationalsalt.lk/storage/coparate_plans_report_files/1728628686_ByQRe9ZxCN.pdf,
phone,pass,Published phone: 0000000532 ,https://nationalsalt.lk/storage/coparate_plans_report_files/1728628686_ByQRe9ZxCN.pdf,
phone,pass,Published phone: 0000001888 ,https://nationalsalt.lk/storage/coparate_plans_report_files/1728628686_ByQRe9ZxCN.pdf,
phone,pass,Published phone: 0000000549 ,https://nationalsalt.lk/storage/coparate_plans_report_files/1728628686_ByQRe9ZxCN.pdf,
phone,pass,Published phone: 0000000889 ,https://nationalsalt.lk/storage/coparate_plans_report_files/1728628686_ByQRe9ZxCN.pdf,
phone,pass,Published phone: 0000002100 ,https://nationalsalt.lk/storage/coparate_plans_report_files/1728628686_ByQRe9ZxCN.pdf,
phone,pass,Published phone: 0000002232 ,https://nationalsalt.lk/storage/coparate_plans_report_files/1728628686_ByQRe9ZxCN.pdf,
phone,pass,Published phone: 0000001947 ,https://nationalsalt.lk/storage/coparate_plans_report_files/1728628686_ByQRe9ZxCN.pdf,
phone,pass,Published phone: 0000000208 ,https://nationalsalt.lk/storage/coparate_plans_report_files/1728628686_ByQRe9ZxCN.pdf,
phone,pass,Published phone: 0000000544 ,https://nationalsalt.lk/storage/coparate_plans_report_files/1728628686_ByQRe9ZxCN.pdf,
phone,pass,Published phone: 0000001830 ,https://nationalsalt.lk/storage/coparate_plans_report_files/1728628686_ByQRe9ZxCN.pdf,
phone,pass,Published phone: 0000001221 ,https://nationalsalt.lk/storage/coparate_plans_report_files/1728628686_ByQRe9ZxCN.pdf,
phone,pass,Published phone: 0000000364 ,https://nationalsalt.lk/storage/coparate_plans_report_files/1728628686_ByQRe9ZxCN.pdf,
phone,pass,Published phone: 0000001191 ,https://nationalsalt.lk/storage/coparate_plans_report_files/1728628686_ByQRe9ZxCN.pdf,
phone,pass,Published phone: 0000097784 ,https://nationalsalt.lk/storage/coparate_plans_report_files/1728628686_ByQRe9ZxCN.pdf,
phone,pass,Published phone: 0000002022 ,https://nationalsalt.lk/storage/coparate_plans_report_files/1728628686_ByQRe9ZxCN.pdf,
phone,pass,Published phone: 0000001902 ,https://nationalsalt.lk/storage/coparate_plans_report_files/1728628686_ByQRe9ZxCN.pdf,
phone,pass,Published phone: 0000000247 ,https://nationalsalt.lk/storage/coparate_plans_report_files/1728628686_ByQRe9ZxCN.pdf,
phone,pass,Published phone: 0000033514 ,https://nationalsalt.lk/storage/coparate_plans_report_files/1728628686_ByQRe9ZxCN.pdf,
phone,pass,Published phone: 0000000712 ,https://nationalsalt.lk/storage/coparate_plans_report_files/1728628686_ByQRe9ZxCN.pdf,
phone,pass,Published phone: 0000000614 ,https://nationalsalt.lk/storage/coparate_plans_report_files/1728628686_ByQRe9ZxCN.pdf,
phone,pass,Published phone: 0000001456 ,https://nationalsalt.lk/storage/coparate_plans_report_files/1728628686_ByQRe9ZxCN.pdf,
phone,pass,Published phone: 0000001821 ,https://nationalsalt.lk/storage/coparate_plans_report_files/1728628686_ByQRe9ZxCN.pdf,
phone,pass,Published phone: 0000001849 ,https://nationalsalt.lk/storage/coparate_plans_report_files/1728628686_ByQRe9ZxCN.pdf,
phone,pass,Published phone: 0000002003 ,https://nationalsalt.lk/storage/coparate_plans_report_files/1728628686_ByQRe9ZxCN.pdf,
phone,pass,Published phone: 0000002134 ,https://nationalsalt.lk/storage/coparate_plans_report_files/1728628686_ByQRe9ZxCN.pdf,
phone,pass,Published phone: 0000000742 ,https://nationalsalt.lk/storage/coparate_plans_report_files/1728628686_ByQRe9ZxCN.pdf,
phone,pass,Published phone: 0000001464 ,https://nationalsalt.lk/storage/coparate_plans_report_files/1728628686_ByQRe9ZxCN.pdf,
phone,pass,Published phone: 0000001776 ,https://nationalsalt.lk/storage/coparate_plans_report_files/1728628686_ByQRe9ZxCN.pdf,
phone,pass,Published phone: 0000034713 ,https://nationalsalt.lk/storage/coparate_plans_report_files/1728628686_ByQRe9ZxCN.pdf,
phone,pass,Published phone: 0000000910 ,https://nationalsalt.lk/storage/coparate_plans_report_files/1728628686_ByQRe9ZxCN.pdf,
phone,pass,Published phone: 0000087613 ,https://nationalsalt.lk/storage/coparate_plans_report_files/1728628686_ByQRe9ZxCN.pdf,
phone,pass,Published phone: 0000001972 ,https://nationalsalt.lk/storage/coparate_plans_report_files/1728628686_ByQRe9ZxCN.pdf,
phone,pass,Published phone: 0000002046 ,https://nationalsalt.lk/storage/coparate_plans_report_files/1728628686_ByQRe9ZxCN.pdf,
phone,pass,Published phone: 0000002394 ,https://nationalsalt.lk/storage/coparate_plans_report_files/1728628686_ByQRe9ZxCN.pdf,
phone,pass,Published phone: 0000000855 ,https://nationalsalt.lk/storage/coparate_plans_report_files/1728628686_ByQRe9ZxCN.pdf,
phone,pass,Published phone: 0000000895 ,https://nationalsalt.lk/storage/coparate_plans_report_files/1728628686_ByQRe9ZxCN.pdf,
phone,pass,Published phone: 0000000763 ,https://nationalsalt.lk/storage/coparate_plans_report_files/1728628686_ByQRe9ZxCN.pdf,
phone,pass,Published phone: 0000001356 ,https://nationalsalt.lk/storage/coparate_plans_report_files/1728628686_ByQRe9ZxCN.pdf,
phone,pass,Published phone: 0000002124 ,https://nationalsalt.lk/storage/coparate_plans_report_files/1728628686_ByQRe9ZxCN.pdf,
phone,pass,Published phone: 0000000754 ,https://nationalsalt.lk/storage/coparate_plans_report_files/1728628686_ByQRe9ZxCN.pdf,
phone,pass,Published phone: 0000000431 ,https://nationalsalt.lk/storage/coparate_plans_report_files/1728628686_ByQRe9ZxCN.pdf,
phone,pass,Published phone: 0000001536 ,https://nationalsalt.lk/storage/coparate_plans_report_files/1728628686_ByQRe9ZxCN.pdf,
phone,pass,Published phone: 0000002006 ,https://nationalsalt.lk/storage/coparate_plans_report_files/1728628686_ByQRe9ZxCN.pdf,
phone,pass,Published phone: 0000000898 ,https://nationalsalt.lk/storage/coparate_plans_report_files/1728628686_ByQRe9ZxCN.pdf,
phone,pass,Published phone: 0000000250 ,https://nationalsalt.lk/storage/coparate_plans_report_files/1728628686_ByQRe9ZxCN.pdf,
phone,pass,Published phone: 0000000346 ,https://nationalsalt.lk/storage/coparate_plans_report_files/1728628686_ByQRe9ZxCN.pdf,
phone,pass,Published phone: 0000043869 ,https://nationalsalt.lk/storage/coparate_plans_report_files/1728628686_ByQRe9ZxCN.pdf,
phone,pass,Published phone: 0000000948 ,https://nationalsalt.lk/storage/coparate_plans_report_files/1728628686_ByQRe9ZxCN.pdf,
phone,pass,Published phone: 0000000673 ,https://nationalsalt.lk/storage/coparate_plans_report_files/1728628686_ByQRe9ZxCN.pdf,
phone,pass,Published phone: 0000000831 ,https://nationalsalt.lk/storage/coparate_plans_report_files/1728628686_ByQRe9ZxCN.pdf,
phone,pass,Published phone: 0000000310 ,https://nationalsalt.lk/storage/coparate_plans_report_files/1728628686_ByQRe9ZxCN.pdf,
phone,pass,Published phone: 0000001648 ,https://nationalsalt.lk/storage/coparate_plans_report_files/1728628686_ByQRe9ZxCN.pdf,
phone,pass,Published phone: 0000001439 ,https://nationalsalt.lk/storage/coparate_plans_report_files/1728628686_ByQRe9ZxCN.pdf,
phone,pass,Published phone: 0000002036 ,https://nationalsalt.lk/storage/coparate_plans_report_files/1728628686_ByQRe9ZxCN.pdf,
phone,pass,Published phone: 0000001874 ,https://nationalsalt.lk/storage/coparate_plans_report_files/1728628686_ByQRe9ZxCN.pdf,
phone,pass,Published phone: 0000001511 ,https://nationalsalt.lk/storage/coparate_plans_report_files/1728628686_ByQRe9ZxCN.pdf,
phone,pass,Published phone: 0000001381 ,https://nationalsalt.lk/storage/coparate_plans_report_files/1728628686_ByQRe9ZxCN.pdf,
phone,pass,Published phone: 0000001485 ,https://nationalsalt.lk/storage/coparate_plans_report_files/1728628686_ByQRe9ZxCN.pdf,
phone,pass,Published phone: 0000001522 ,https://nationalsalt.lk/storage/coparate_plans_report_files/1728628686_ByQRe9ZxCN.pdf,
phone,pass,Published phone: 0000001204 ,https://nationalsalt.lk/storage/coparate_plans_report_files/1728628686_ByQRe9ZxCN.pdf,
phone,pass,Published phone: 0000000281 ,https://nationalsalt.lk/storage/coparate_plans_report_files/1728628686_ByQRe9ZxCN.pdf,
phone,pass,Published phone: 0000001405 ,https://nationalsalt.lk/storage/coparate_plans_report_files/1728628686_ByQRe9ZxCN.pdf,
phone,pass,Published phone: 0000001632 ,https://nationalsalt.lk/storage/coparate_plans_report_files/1728628686_ByQRe9ZxCN.pdf,
phone,pass,Published phone: 0000000135 ,https://nationalsalt.lk/storage/coparate_plans_report_files/1728628686_ByQRe9ZxCN.pdf,
phone,pass,Published phone: 0000000400 ,https://nationalsalt.lk/storage/coparate_plans_report_files/1728628686_ByQRe9ZxCN.pdf,
phone,pass,Published phone: 0000000740 ,https://nationalsalt.lk/storage/coparate_plans_report_files/1728628686_ByQRe9ZxCN.pdf,
phone,pass,Published phone: 0000001513 ,https://nationalsalt.lk/storage/coparate_plans_report_files/1728628686_ByQRe9ZxCN.pdf,
phone,pass,Published phone: 0000003553 ,https://nationalsalt.lk/storage/coparate_plans_report_files/1728628686_ByQRe9ZxCN.pdf,
phone,pass,Published phone: 0000001980 ,https://nationalsalt.lk/storage/coparate_plans_report_files/1728628686_ByQRe9ZxCN.pdf,
phone,pass,Published phone: 0000000543 ,https://nationalsalt.lk/storage/coparate_plans_report_files/1728628686_ByQRe9ZxCN.pdf,
phone,pass,Published phone: 0000001117 ,https://nationalsalt.lk/storage/coparate_plans_report_files/1728628686_ByQRe9ZxCN.pdf,
phone,pass,Published phone: 0000178690 ,https://nationalsalt.lk/storage/coparate_plans_report_files/1728628686_ByQRe9ZxCN.pdf,
phone,pass,Published phone: 0000001092 ,https://nationalsalt.lk/storage/coparate_plans_report_files/1728628686_ByQRe9ZxCN.pdf,
phone,pass,Published phone: 0000000824 ,https://nationalsalt.lk/storage/coparate_plans_report_files/1728628686_ByQRe9ZxCN.pdf,
phone,pass,Published phone: 0000001296 ,https://nationalsalt.lk/storage/coparate_plans_report_files/1728628686_ByQRe9ZxCN.pdf,
phone,pass,Published phone: 0000002117 ,https://nationalsalt.lk/storage/coparate_plans_report_files/1728628686_ByQRe9ZxCN.pdf,
phone,pass,Published phone: 0000002373 ,https://nationalsalt.lk/storage/coparate_plans_report_files/1728628686_ByQRe9ZxCN.pdf,
phone,pass,Published phone: 0000097620 ,https://nationalsalt.lk/storage/coparate_plans_report_files/1728628686_ByQRe9ZxCN.pdf,
phone,pass,Published phone: 0000000257 ,https://nationalsalt.lk/storage/coparate_plans_report_files/1728628686_ByQRe9ZxCN.pdf,
phone,pass,Published phone: 0 0 618 286 0 0 ,https://nationalsalt.lk/storage/coparate_plans_report_files/1728628686_ByQRe9ZxCN.pdf,
phone,pass,Published phone: 0000001152 ,https://nationalsalt.lk/storage/coparate_plans_report_files/1728628686_ByQRe9ZxCN.pdf,
phone,pass,Published phone: 0000001955 ,https://nationalsalt.lk/storage/coparate_plans_report_files/1728628686_ByQRe9ZxCN.pdf,
phone,pass,Published phone: 0000000450 ,https://nationalsalt.lk/storage/coparate_plans_report_files/1728628686_ByQRe9ZxCN.pdf,
phone,pass,Published phone: 0000001598 ,https://nationalsalt.lk/storage/coparate_plans_report_files/1728628686_ByQRe9ZxCN.pdf,
phone,pass,Published phone: 0000002010 ,https://nationalsalt.lk/storage/coparate_plans_report_files/1728628686_ByQRe9ZxCN.pdf,
phone,pass,Published phone: 0000001861 ,https://nationalsalt.lk/storage/coparate_plans_report_files/1728628686_ByQRe9ZxCN.pdf,
phone,pass,Published phone: 0000000757 ,https://nationalsalt.lk/storage/coparate_plans_report_files/1728628686_ByQRe9ZxCN.pdf,
phone,pass,Published phone: 0000001159 ,https://nationalsalt.lk/storage/coparate_plans_report_files/1728628686_ByQRe9ZxCN.pdf,
phone,pass,Published phone: 0000471069 ,https://nationalsalt.lk/storage/coparate_plans_report_files/1728628686_ByQRe9ZxCN.pdf,
phone,pass,Published phone: 0000001747 ,https://nationalsalt.lk/storage/coparate_plans_report_files/1728628686_ByQRe9ZxCN.pdf,
phone,pass,Published phone: 0000001908 ,https://nationalsalt.lk/storage/coparate_plans_report_files/1728628686_ByQRe9ZxCN.pdf,
phone,pass,Published phone: 0000002058 ,https://nationalsalt.lk/storage/coparate_plans_report_files/1728628686_ByQRe9ZxCN.pdf,
phone,pass,Published phone: 0000001689 ,https://nationalsalt.lk/storage/coparate_plans_report_files/1728628686_ByQRe9ZxCN.pdf,
phone,pass,Published phone: 0000001651 ,https://nationalsalt.lk/storage/coparate_plans_report_files/1728628686_ByQRe9ZxCN.pdf,
phone,pass,Published phone: 0000001426 ,https://nationalsalt.lk/storage/coparate_plans_report_files/1728628686_ByQRe9ZxCN.pdf,
phone,pass,Published phone: 0000000395 ,https://nationalsalt.lk/storage/coparate_plans_report_files/1728628686_ByQRe9ZxCN.pdf,
phone,pass,Published phone: 0000002113 ,https://nationalsalt.lk/storage/coparate_plans_report_files/1728628686_ByQRe9ZxCN.pdf,
phone,pass,Published phone: 0000001681 ,https://nationalsalt.lk/storage/coparate_plans_report_files/1728628686_ByQRe9ZxCN.pdf,
phone,pass,Published phone: 0000000386 ,https://nationalsalt.lk/storage/coparate_plans_report_files/1728628686_ByQRe9ZxCN.pdf,
phone,pass,Published phone: 0000000321 ,https://nationalsalt.lk/storage/coparate_plans_report_files/1728628686_ByQRe9ZxCN.pdf,
phone,pass,Published phone: 0000001244 ,https://nationalsalt.lk/storage/coparate_plans_report_files/1728628686_ByQRe9ZxCN.pdf,
phone,pass,Published phone: 0000001886 ,https://nationalsalt.lk/storage/coparate_plans_report_files/1728628686_ByQRe9ZxCN.pdf,
phone,pass,Published phone: 0000087365 ,https://nationalsalt.lk/storage/coparate_plans_report_files/1728628686_ByQRe9ZxCN.pdf,
phone,pass,Published phone: 0000001679 ,https://nationalsalt.lk/storage/coparate_plans_report_files/1728628686_ByQRe9ZxCN.pdf,
phone,pass,Published phone: 0000001313 ,https://nationalsalt.lk/storage/coparate_plans_report_files/1728628686_ByQRe9ZxCN.pdf,
phone,pass,Published phone: 0000002990 ,https://nationalsalt.lk/storage/coparate_plans_report_files/1728628686_ByQRe9ZxCN.pdf,
phone,pass,Published phone: 0000033913 ,https://nationalsalt.lk/storage/coparate_plans_report_files/1728628686_ByQRe9ZxCN.pdf,
phone,pass,Published phone: 0000000370 ,https://nationalsalt.lk/storage/coparate_plans_report_files/1728628686_ByQRe9ZxCN.pdf,
phone,pass,Published phone: 0000001493 ,https://nationalsalt.lk/storage/coparate_plans_report_files/1728628686_ByQRe9ZxCN.pdf,
phone,pass,Published phone: 0000000770 ,https://nationalsalt.lk/storage/coparate_plans_report_files/1728628686_ByQRe9ZxCN.pdf,
phone,pass,Published phone: 0 0 0 0 0 0 625 0 ,https://nationalsalt.lk/storage/coparate_plans_report_files/1728628686_ByQRe9ZxCN.pdf,
phone,pass,Published phone: 0000000764 ,https://nationalsalt.lk/storage/coparate_plans_report_files/1728628686_ByQRe9ZxCN.pdf,
phone,pass,Published phone: 0000000938 ,https://nationalsalt.lk/storage/coparate_plans_report_files/1728628686_ByQRe9ZxCN.pdf,
phone,pass,Published phone: 0000000369 ,https://nationalsalt.lk/storage/coparate_plans_report_files/1728628686_ByQRe9ZxCN.pdf,
phone,pass,Published phone: 0000001860 ,https://nationalsalt.lk/storage/coparate_plans_report_files/1728628686_ByQRe9ZxCN.pdf,
phone,pass,Published phone: 0000164065 ,https://nationalsalt.lk/storage/coparate_plans_report_files/1728628686_ByQRe9ZxCN.pdf,
phone,pass,Published phone: 0000000176 ,https://nationalsalt.lk/storage/coparate_plans_report_files/1728628686_ByQRe9ZxCN.pdf,
phone,pass,Published phone: 0000001787 ,https://nationalsalt.lk/storage/coparate_plans_report_files/1728628686_ByQRe9ZxCN.pdf,
phone,pass,Published phone: 0 302 302 0 68,https://nationalsalt.lk/storage/coparate_plans_report_files/1728628686_ByQRe9ZxCN.pdf,
phone,pass,Published phone: 0000001857 ,https://nationalsalt.lk/storage/coparate_plans_report_files/1728628686_ByQRe9ZxCN.pdf,
phone,pass,Published phone: 0000001193 ,https://nationalsalt.lk/storage/coparate_plans_report_files/1728628686_ByQRe9ZxCN.pdf,
phone,pass,Published phone: 0000000966 ,https://nationalsalt.lk/storage/coparate_plans_report_files/1728628686_ByQRe9ZxCN.pdf,
phone,pass,Published phone: 0000001267 ,https://nationalsalt.lk/storage/coparate_plans_report_files/1728628686_ByQRe9ZxCN.pdf,
phone,pass,Published phone: 0 563 473 495 ,https://nationalsalt.lk/storage/coparate_plans_report_files/1728628686_ByQRe9ZxCN.pdf,
phone,pass,Published phone: 0000000540 ,https://nationalsalt.lk/storage/coparate_plans_report_files/1728628686_ByQRe9ZxCN.pdf,
phone,pass,Published phone: 0000000262 ,https://nationalsalt.lk/storage/coparate_plans_report_files/1728628686_ByQRe9ZxCN.pdf,
phone,pass,Published phone: 0000001923 ,https://nationalsalt.lk/storage/coparate_plans_report_files/1728628686_ByQRe9ZxCN.pdf,
phone,pass,Published phone: 0000001663 ,https://nationalsalt.lk/storage/coparate_plans_report_files/1728628686_ByQRe9ZxCN.pdf,
phone,pass,Published phone: 0000002001 ,https://nationalsalt.lk/storage/coparate_plans_report_files/1728628686_ByQRe9ZxCN.pdf,
phone,pass,Published phone: 0000001761 ,https://nationalsalt.lk/storage/coparate_plans_report_files/1728628686_ByQRe9ZxCN.pdf,
phone,pass,Published phone: 0000001016 ,https://nationalsalt.lk/storage/coparate_plans_report_files/1728628686_ByQRe9ZxCN.pdf,
phone,pass,Published phone: 0000000634 ,https://nationalsalt.lk/storage/coparate_plans_report_files/1728628686_ByQRe9ZxCN.pdf,
phone,pass,Published phone: 0000000584 ,https://nationalsalt.lk/storage/coparate_plans_report_files/1728628686_ByQRe9ZxCN.pdf,
phone,pass,Published phone: 0000001302 ,https://nationalsalt.lk/storage/coparate_plans_report_files/1728628686_ByQRe9ZxCN.pdf,
phone,pass,Published phone: 0000001806 ,https://nationalsalt.lk/storage/coparate_plans_report_files/1728628686_ByQRe9ZxCN.pdf,
phone,pass,Published phone: 0000001595 ,https://nationalsalt.lk/storage/coparate_plans_report_files/1728628686_ByQRe9ZxCN.pdf,
phone,pass,Published phone: 0000002142 ,https://nationalsalt.lk/storage/coparate_plans_report_files/1728628686_ByQRe9ZxCN.pdf,
phone,pass,Published phone: 0000002170 ,https://nationalsalt.lk/storage/coparate_plans_report_files/1728628686_ByQRe9ZxCN.pdf,
phone,pass,Published phone: 0000001274 ,https://nationalsalt.lk/storage/coparate_plans_report_files/1728628686_ByQRe9ZxCN.pdf,
phone,pass,Published phone: 0000057696 ,https://nationalsalt.lk/storage/coparate_plans_report_files/1728628686_ByQRe9ZxCN.pdf,
phone,pass,Published phone: 0000001680 ,https://nationalsalt.lk/storage/coparate_plans_report_files/1728628686_ByQRe9ZxCN.pdf,
phone,pass,Published phone: 0000000413 ,https://nationalsalt.lk/storage/coparate_plans_report_files/1728628686_ByQRe9ZxCN.pdf,
phone,pass,Published phone: 0000002144 ,https://nationalsalt.lk/storage/coparate_plans_report_files/1728628686_ByQRe9ZxCN.pdf,
phone,pass,Published phone: 0000001063 ,https://nationalsalt.lk/storage/coparate_plans_report_files/1728628686_ByQRe9ZxCN.pdf,
phone,pass,Published phone: 0 865 0 0 0 479 ,https://nationalsalt.lk/storage/coparate_plans_report_files/1728628686_ByQRe9ZxCN.pdf,
phone,pass,Published phone: 0000000819 ,https://nationalsalt.lk/storage/coparate_plans_report_files/1728628686_ByQRe9ZxCN.pdf,
phone,pass,Published phone: 0000000856 ,https://nationalsalt.lk/storage/coparate_plans_report_files/1728628686_ByQRe9ZxCN.pdf,
phone,pass,Published phone: 0000034408 ,https://nationalsalt.lk/storage/coparate_plans_report_files/1728628686_ByQRe9ZxCN.pdf,
phone,pass,Published phone: 0000000671 ,https://nationalsalt.lk/storage/coparate_plans_report_files/1728628686_ByQRe9ZxCN.pdf,
phone,pass,Published phone: 0000000313 ,https://nationalsalt.lk/storage/coparate_plans_report_files/1728628686_ByQRe9ZxCN.pdf,
phone,pass,Published phone: 0000000206 ,https://nationalsalt.lk/storage/coparate_plans_report_files/1728628686_ByQRe9ZxCN.pdf,
phone,pass,Published phone: 0000000303 ,https://nationalsalt.lk/storage/coparate_plans_report_files/1728628686_ByQRe9ZxCN.pdf,
phone,pass,Published phone: 0000123160 ,https://nationalsalt.lk/storage/coparate_plans_report_files/1728628686_ByQRe9ZxCN.pdf,
phone,pass,Published phone: 0000002154 ,https://nationalsalt.lk/storage/coparate_plans_report_files/1728628686_ByQRe9ZxCN.pdf,
phone,pass,Published phone: 0000002315 ,https://nationalsalt.lk/storage/coparate_plans_report_files/1728628686_ByQRe9ZxCN.pdf,
phone,pass,Published phone: 0000303948 ,https://nationalsalt.lk/storage/coparate_plans_report_files/1728628686_ByQRe9ZxCN.pdf,
phone,pass,Published phone: 0000002137 ,https://nationalsalt.lk/storage/coparate_plans_report_files/1728628686_ByQRe9ZxCN.pdf,
phone,pass,Published phone: 0000000204 ,https://nationalsalt.lk/storage/coparate_plans_report_files/1728628686_ByQRe9ZxCN.pdf,
phone,pass,Published phone: 0000001473 ,https://nationalsalt.lk/storage/coparate_plans_report_files/1728628686_ByQRe9ZxCN.pdf,
phone,pass,Published phone: 0000001387 ,https://nationalsalt.lk/storage/coparate_plans_report_files/1728628686_ByQRe9ZxCN.pdf,
phone,pass,Published phone: 0000001573 ,https://nationalsalt.lk/storage/coparate_plans_report_files/1728628686_ByQRe9ZxCN.pdf,
phone,pass,Published phone: 0000000820 ,https://nationalsalt.lk/storage/coparate_plans_report_files/1728628686_ByQRe9ZxCN.pdf,
phone,pass,Published phone: 0000001774 ,https://nationalsalt.lk/storage/coparate_plans_report_files/1728628686_ByQRe9ZxCN.pdf,
phone,pass,Published phone: 0000001217 ,https://nationalsalt.lk/storage/coparate_plans_report_files/1728628686_ByQRe9ZxCN.pdf,
phone,pass,Published phone: 0000001773 ,https://nationalsalt.lk/storage/coparate_plans_report_files/1728628686_ByQRe9ZxCN.pdf,
phone,pass,Published phone: 0000001725 ,https://nationalsalt.lk/storage/coparate_plans_report_files/1728628686_ByQRe9ZxCN.pdf,
phone,pass,Published phone: 0000123086 ,https://nationalsalt.lk/storage/coparate_plans_report_files/1728628686_ByQRe9ZxCN.pdf,
phone,pass,Published phone: 0000001688 ,https://nationalsalt.lk/storage/coparate_plans_report_files/1728628686_ByQRe9ZxCN.pdf,
phone,pass,Published phone: 0000001120 ,https://nationalsalt.lk/storage/coparate_plans_report_files/1728628686_ByQRe9ZxCN.pdf,
phone,pass,Published phone: 0000002107 ,https://nationalsalt.lk/storage/coparate_plans_report_files/1728628686_ByQRe9ZxCN.pdf,
phone,pass,Published phone: 0000000453 ,https://nationalsalt.lk/storage/coparate_plans_report_files/1728628686_ByQRe9ZxCN.pdf,
phone,pass,Published phone: 0000002153 ,https://nationalsalt.lk/storage/coparate_plans_report_files/1728628686_ByQRe9ZxCN.pdf,
phone,pass,Published phone: 0000000150 ,https://nationalsalt.lk/storage/coparate_plans_report_files/1728628686_ByQRe9ZxCN.pdf,
phone,pass,Published phone: 0000001684 ,https://nationalsalt.lk/storage/coparate_plans_report_files/1728628686_ByQRe9ZxCN.pdf,
phone,pass,Published phone: 0000001190 ,https://nationalsalt.lk/storage/coparate_plans_report_files/1728628686_ByQRe9ZxCN.pdf,
phone,pass,Published phone: 0 333 250 278 ,https://nationalsalt.lk/storage/coparate_plans_report_files/1728628686_ByQRe9ZxCN.pdf,
phone,pass,Published phone: 0000002386 ,https://nationalsalt.lk/storage/coparate_plans_report_files/1728628686_ByQRe9ZxCN.pdf,
phone,pass,Published phone: 0000002329 ,https://nationalsalt.lk/storage/coparate_plans_report_files/1728628686_ByQRe9ZxCN.pdf,
phone,pass,Published phone: 0000002291 ,https://nationalsalt.lk/storage/coparate_plans_report_files/1728628686_ByQRe9ZxCN.pdf,
phone,pass,Published phone: 0000000439 ,https://nationalsalt.lk/storage/coparate_plans_report_files/1728628686_ByQRe9ZxCN.pdf,
phone,pass,Published phone: 0000001952 ,https://nationalsalt.lk/storage/coparate_plans_report_files/1728628686_ByQRe9ZxCN.pdf,
phone,pass,Published phone: 0000001419 ,https://nationalsalt.lk/storage/coparate_plans_report_files/1728628686_ByQRe9ZxCN.pdf,
phone,pass,Published phone: 0000000656 ,https://nationalsalt.lk/storage/coparate_plans_report_files/1728628686_ByQRe9ZxCN.pdf,
phone,pass,Published phone: 0000000772 ,https://nationalsalt.lk/storage/coparate_plans_report_files/1728628686_ByQRe9ZxCN.pdf,
phone,pass,Published phone: 0000001813 ,https://nationalsalt.lk/storage/coparate_plans_report_files/1728628686_ByQRe9ZxCN.pdf,
phone,pass,Published phone: 0000000647 ,https://nationalsalt.lk/storage/coparate_plans_report_files/1728628686_ByQRe9ZxCN.pdf,
phone,pass,Published phone: 0 0 0 0 0 833 77,https://nationalsalt.lk/storage/coparate_plans_report_files/1728628686_ByQRe9ZxCN.pdf,
phone,pass,Published phone: 0000001286 ,https://nationalsalt.lk/storage/coparate_plans_report_files/1728628686_ByQRe9ZxCN.pdf,
phone,pass,Published phone: 0000002281 ,https://nationalsalt.lk/storage/coparate_plans_report_files/1728628686_ByQRe9ZxCN.pdf,
phone,pass,Published phone: 0000002710 ,https://nationalsalt.lk/storage/coparate_plans_report_files/1728628686_ByQRe9ZxCN.pdf,
phone,pass,Published phone: 0000088444 ,https://nationalsalt.lk/storage/coparate_plans_report_files/1728628686_ByQRe9ZxCN.pdf,
phone,pass,Published phone: 0000001898 ,https://nationalsalt.lk/storage/coparate_plans_report_files/1728628686_ByQRe9ZxCN.pdf,
phone,pass,Published phone: 0000002206 ,https://nationalsalt.lk/storage/coparate_plans_report_files/1728628686_ByQRe9ZxCN.pdf,
phone,pass,Published phone: 0000001944 ,https://nationalsalt.lk/storage/coparate_plans_report_files/1728628686_ByQRe9ZxCN.pdf,
phone,pass,Published phone: 0000002226 ,https://nationalsalt.lk/storage/coparate_plans_report_files/1728628686_ByQRe9ZxCN.pdf,
phone,pass,Published phone: 0000000648 ,https://nationalsalt.lk/storage/coparate_plans_report_files/1728628686_ByQRe9ZxCN.pdf,
phone,pass,Published phone: 0000001246 ,https://nationalsalt.lk/storage/coparate_plans_report_files/1728628686_ByQRe9ZxCN.pdf,
phone,pass,Published phone: 0000001354 ,https://nationalsalt.lk/storage/coparate_plans_report_files/1728628686_ByQRe9ZxCN.pdf,
phone,pass,Published phone: 0000002349 ,https://nationalsalt.lk/storage/coparate_plans_report_files/1728628686_ByQRe9ZxCN.pdf,
phone,pass,Published phone: 0000001905 ,https://nationalsalt.lk/storage/coparate_plans_report_files/1728628686_ByQRe9ZxCN.pdf,
phone,pass,Published phone: 0000002013 ,https://nationalsalt.lk/storage/coparate_plans_report_files/1728628686_ByQRe9ZxCN.pdf,
phone,pass,Published phone: 0000001495 ,https://nationalsalt.lk/storage/coparate_plans_report_files/1728628686_ByQRe9ZxCN.pdf,
phone,pass,Published phone: 0000000617 ,https://nationalsalt.lk/storage/coparate_plans_report_files/1728628686_ByQRe9ZxCN.pdf,
phone,pass,Published phone: 0000001252 ,https://nationalsalt.lk/storage/coparate_plans_report_files/1728628686_ByQRe9ZxCN.pdf,
phone,pass,Published phone: 0000001342 ,https://nationalsalt.lk/storage/coparate_plans_report_files/1728628686_ByQRe9ZxCN.pdf,
phone,pass,Published phone: 0000001778 ,https://nationalsalt.lk/storage/coparate_plans_report_files/1728628686_ByQRe9ZxCN.pdf,
phone,pass,Published phone: 0000000587 ,https://nationalsalt.lk/storage/coparate_plans_report_files/1728628686_ByQRe9ZxCN.pdf,
phone,pass,Published phone: 0000002336 ,https://nationalsalt.lk/storage/coparate_plans_report_files/1728628686_ByQRe9ZxCN.pdf,
phone,pass,Published phone: 0000002359 ,https://nationalsalt.lk/storage/coparate_plans_report_files/1728628686_ByQRe9ZxCN.pdf,
phone,pass,Published phone: 0000001006 ,https://nationalsalt.lk/storage/coparate_plans_report_files/1728628686_ByQRe9ZxCN.pdf,
phone,pass,Published phone: 0000000514 ,https://nationalsalt.lk/storage/coparate_plans_report_files/1728628686_ByQRe9ZxCN.pdf,
phone,pass,Published phone: 0000001225 ,https://nationalsalt.lk/storage/coparate_plans_report_files/1728628686_ByQRe9ZxCN.pdf,
phone,pass,Published phone: 0000000456 ,https://nationalsalt.lk/storage/coparate_plans_report_files/1728628686_ByQRe9ZxCN.pdf,
phone,pass,Published phone: 0000068575 ,https://nationalsalt.lk/storage/coparate_plans_report_files/1728628686_ByQRe9ZxCN.pdf,
phone,pass,Published phone: 0000000935 ,https://nationalsalt.lk/storage/coparate_plans_report_files/1728628686_ByQRe9ZxCN.pdf,
phone,pass,Published phone: 0000002371 ,https://nationalsalt.lk/storage/coparate_plans_report_files/1728628686_ByQRe9ZxCN.pdf,
phone,pass,Published phone: 0000001554 ,https://nationalsalt.lk/storage/coparate_plans_report_files/1728628686_ByQRe9ZxCN.pdf,
phone,pass,Published phone: 0000000896 ,https://nationalsalt.lk/storage/coparate_plans_report_files/1728628686_ByQRe9ZxCN.pdf,
phone,pass,Published phone: 0000000580 ,https://nationalsalt.lk/storage/coparate_plans_report_files/1728628686_ByQRe9ZxCN.pdf,
phone,pass,Published phone: 0000001579 ,https://nationalsalt.lk/storage/coparate_plans_report_files/1728628686_ByQRe9ZxCN.pdf,
phone,pass,Published phone: 0000001580 ,https://nationalsalt.lk/storage/coparate_plans_report_files/1728628686_ByQRe9ZxCN.pdf,
phone,pass,Published phone: 0000000442 ,https://nationalsalt.lk/storage/coparate_plans_report_files/1728628686_ByQRe9ZxCN.pdf,
phone,pass,Published phone: 0000000732 ,https://nationalsalt.lk/storage/coparate_plans_report_files/1728628686_ByQRe9ZxCN.pdf,
phone,pass,Published phone: 0000001087 ,https://nationalsalt.lk/storage/coparate_plans_report_files/1728628686_ByQRe9ZxCN.pdf,
phone,pass,Published phone: 0000001226 ,https://nationalsalt.lk/storage/coparate_plans_report_files/1728628686_ByQRe9ZxCN.pdf,
phone,pass,Published phone: 0000001713 ,https://nationalsalt.lk/storage/coparate_plans_report_files/1728628686_ByQRe9ZxCN.pdf,
phone,pass,Published phone: 0000001227 ,https://nationalsalt.lk/storage/coparate_plans_report_files/1728628686_ByQRe9ZxCN.pdf,
phone,pass,Published phone: 0000002350 ,https://nationalsalt.lk/storage/coparate_plans_report_files/1728628686_ByQRe9ZxCN.pdf,
phone,pass,Published phone: 0000103778 ,https://nationalsalt.lk/storage/coparate_plans_report_files/1728628686_ByQRe9ZxCN.pdf,
phone,pass,Published phone: 0000001380 ,https://nationalsalt.lk/storage/coparate_plans_report_files/1728628686_ByQRe9ZxCN.pdf,
phone,pass,Published phone: 0000002312 ,https://nationalsalt.lk/storage/coparate_plans_report_files/1728628686_ByQRe9ZxCN.pdf,
phone,pass,Published phone: 0000063713 ,https://nationalsalt.lk/storage/coparate_plans_report_files/1728628686_ByQRe9ZxCN.pdf,
phone,pass,Published phone: 0000001500 ,https://nationalsalt.lk/storage/coparate_plans_report_files/1728628686_ByQRe9ZxCN.pdf,
phone,pass,Published phone: 0000002339 ,https://nationalsalt.lk/storage/coparate_plans_report_files/1728628686_ByQRe9ZxCN.pdf,
phone,pass,Published phone: 0000000708 ,https://nationalsalt.lk/storage/coparate_plans_report_files/1728628686_ByQRe9ZxCN.pdf,
phone,pass,Published phone: 0000000596 ,https://nationalsalt.lk/storage/coparate_plans_report_files/1728628686_ByQRe9ZxCN.pdf,
phone,pass,Published phone: 0000001340 ,https://nationalsalt.lk/storage/coparate_plans_report_files/1728628686_ByQRe9ZxCN.pdf,
phone,pass,Published phone: 0000000177 ,https://nationalsalt.lk/storage/coparate_plans_report_files/1728628686_ByQRe9ZxCN.pdf,
phone,pass,Published phone: 0000001655 ,https://nationalsalt.lk/storage/coparate_plans_report_files/1728628686_ByQRe9ZxCN.pdf,
phone,pass,Published phone: 0000001089 ,https://nationalsalt.lk/storage/coparate_plans_report_files/1728628686_ByQRe9ZxCN.pdf,
phone,pass,Published phone: 0000002141 ,https://nationalsalt.lk/storage/coparate_plans_report_files/1728628686_ByQRe9ZxCN.pdf,
phone,pass,Published phone: 0000000160 ,https://nationalsalt.lk/storage/coparate_plans_report_files/1728628686_ByQRe9ZxCN.pdf,
phone,pass,Published phone: 0000000827 ,https://nationalsalt.lk/storage/coparate_plans_report_files/1728628686_ByQRe9ZxCN.pdf,
phone,pass,Published phone: 0000000780 ,https://nationalsalt.lk/storage/coparate_plans_report_files/1728628686_ByQRe9ZxCN.pdf,
phone,pass,Published phone: 0000001185 ,https://nationalsalt.lk/storage/coparate_plans_report_files/1728628686_ByQRe9ZxCN.pdf,
phone,pass,Published phone: 0000000350 ,https://nationalsalt.lk/storage/coparate_plans_report_files/1728628686_ByQRe9ZxCN.pdf,
phone,pass,Published phone: 0000001030 ,https://nationalsalt.lk/storage/coparate_plans_report_files/1728628686_ByQRe9ZxCN.pdf,
phone,pass,Published phone: 0000000351 ,https://nationalsalt.lk/storage/coparate_plans_report_files/1728628686_ByQRe9ZxCN.pdf,
phone,pass,Published phone: 0000002152 ,https://nationalsalt.lk/storage/coparate_plans_report_files/1728628686_ByQRe9ZxCN.pdf,
phone,pass,Published phone: 0000000161 ,https://nationalsalt.lk/storage/coparate_plans_report_files/1728628686_ByQRe9ZxCN.pdf,
phone,pass,Published phone: 0000002252 ,https://nationalsalt.lk/storage/coparate_plans_report_files/1728628686_ByQRe9ZxCN.pdf,
phone,pass,Published phone: 0000000513 ,https://nationalsalt.lk/storage/coparate_plans_report_files/1728628686_ByQRe9ZxCN.pdf,
phone,pass,Published phone: 0 0 494 537 41,https://nationalsalt.lk/storage/coparate_plans_report_files/1728628686_ByQRe9ZxCN.pdf,
phone,pass,Published phone: 0000000497 ,https://nationalsalt.lk/storage/coparate_plans_report_files/1728628686_ByQRe9ZxCN.pdf,
phone,pass,Published phone: 0000000738 ,https://nationalsalt.lk/storage/coparate_plans_report_files/1728628686_ByQRe9ZxCN.pdf,
phone,pass,Published phone: 0000507438 ,https://nationalsalt.lk/storage/coparate_plans_report_files/1728628686_ByQRe9ZxCN.pdf,
phone,pass,Published phone: 0000001317 ,https://nationalsalt.lk/storage/coparate_plans_report_files/1728628686_ByQRe9ZxCN.pdf,
phone,pass,Published phone: 0000000344 ,https://nationalsalt.lk/storage/coparate_plans_report_files/1728628686_ByQRe9ZxCN.pdf,
phone,pass,Published phone: 0000000644 ,https://nationalsalt.lk/storage/coparate_plans_report_files/1728628686_ByQRe9ZxCN.pdf,
phone,pass,Published phone: 0000000374 ,https://nationalsalt.lk/storage/coparate_plans_report_files/1728628686_ByQRe9ZxCN.pdf,
phone,pass,Published phone: 0000000147 ,https://nationalsalt.lk/storage/coparate_plans_report_files/1728628686_ByQRe9ZxCN.pdf,
phone,pass,Published phone: 0000001454 ,https://nationalsalt.lk/storage/coparate_plans_report_files/1728628686_ByQRe9ZxCN.pdf,
phone,pass,Published phone: 0000002075 ,https://nationalsalt.lk/storage/coparate_plans_report_files/1728628686_ByQRe9ZxCN.pdf,
phone,pass,Published phone: 0000002247 ,https://nationalsalt.lk/storage/coparate_plans_report_files/1728628686_ByQRe9ZxCN.pdf,
phone,pass,Published phone: 0000000918 ,https://nationalsalt.lk/storage/coparate_plans_report_files/1728628686_ByQRe9ZxCN.pdf,
phone,pass,Published phone: 0000000422 ,https://nationalsalt.lk/storage/coparate_plans_report_files/1728628686_ByQRe9ZxCN.pdf,
phone,pass,Published phone: 0000000368 ,https://nationalsalt.lk/storage/coparate_plans_report_files/1728628686_ByQRe9ZxCN.pdf,
phone,pass,Published phone: 0000002083 ,https://nationalsalt.lk/storage/coparate_plans_report_files/1728628686_ByQRe9ZxCN.pdf,
phone,pass,Published phone: 0000000715 ,https://nationalsalt.lk/storage/coparate_plans_report_files/1728628686_ByQRe9ZxCN.pdf,
phone,pass,Published phone: 0000002366 ,https://nationalsalt.lk/storage/coparate_plans_report_files/1728628686_ByQRe9ZxCN.pdf,
phone,pass,Published phone: 01 506 488 68,https://nationalsalt.lk/storage/coparate_plans_report_files/1728628686_ByQRe9ZxCN.pdf,
phone,pass,Published phone: 0000000151 ,https://nationalsalt.lk/storage/coparate_plans_report_files/1728628686_ByQRe9ZxCN.pdf,
phone,pass,Published phone: 0000000360 ,https://nationalsalt.lk/storage/coparate_plans_report_files/1728628686_ByQRe9ZxCN.pdf,
phone,pass,Published phone: 0000000800 ,https://nationalsalt.lk/storage/coparate_plans_report_files/1728628686_ByQRe9ZxCN.pdf,
phone,pass,Published phone: 0000143136 ,https://nationalsalt.lk/storage/coparate_plans_report_files/1728628686_ByQRe9ZxCN.pdf,
phone,pass,Published phone: 0000000762 ,https://nationalsalt.lk/storage/coparate_plans_report_files/1728628686_ByQRe9ZxCN.pdf,
phone,pass,Published phone: 0000000275 ,https://nationalsalt.lk/storage/coparate_plans_report_files/1728628686_ByQRe9ZxCN.pdf,
phone,pass,Published phone: 0000000628 ,https://nationalsalt.lk/storage/coparate_plans_report_files/1728628686_ByQRe9ZxCN.pdf,
phone,pass,Published phone: 0000001073 ,https://nationalsalt.lk/storage/coparate_plans_report_files/1728628686_ByQRe9ZxCN.pdf,
phone,pass,Published phone: 0000001442 ,https://nationalsalt.lk/storage/coparate_plans_report_files/1728628686_ByQRe9ZxCN.pdf,
phone,pass,Published phone: 0000001690 ,https://nationalsalt.lk/storage/coparate_plans_report_files/1728628686_ByQRe9ZxCN.pdf,
phone,pass,Published phone: 0000000726 ,https://nationalsalt.lk/storage/coparate_plans_report_files/1728628686_ByQRe9ZxCN.pdf,
phone,pass,Published phone: 0000001200 ,https://nationalsalt.lk/storage/coparate_plans_report_files/1728628686_ByQRe9ZxCN.pdf,
phone,pass,Published phone: 0 0 0 0 0 682 0 3,https://nationalsalt.lk/storage/coparate_plans_report_files/1728628686_ByQRe9ZxCN.pdf,
phone,pass,Published phone: 0000001784 ,https://nationalsalt.lk/storage/coparate_plans_report_files/1728628686_ByQRe9ZxCN.pdf,
phone,pass,Published phone: 0000002087 ,https://nationalsalt.lk/storage/coparate_plans_report_files/1728628686_ByQRe9ZxCN.pdf,
phone,pass,Published phone: 0000003869 ,https://nationalsalt.lk/storage/coparate_plans_report_files/1728628686_ByQRe9ZxCN.pdf,
phone,pass,Published phone: 0000002042 ,https://nationalsalt.lk/storage/coparate_plans_report_files/1728628686_ByQRe9ZxCN.pdf,
phone,pass,Published phone: 0000000872 ,https://nationalsalt.lk/storage/coparate_plans_report_files/1728628686_ByQRe9ZxCN.pdf,
phone,pass,Published phone: 0000001498 ,https://nationalsalt.lk/storage/coparate_plans_report_files/1728628686_ByQRe9ZxCN.pdf,
phone,pass,Published phone: 0000002230 ,https://nationalsalt.lk/storage/coparate_plans_report_files/1728628686_ByQRe9ZxCN.pdf,
phone,pass,Published phone: 0000001694 ,https://nationalsalt.lk/storage/coparate_plans_report_files/1728628686_ByQRe9ZxCN.pdf,
phone,pass,Published phone: 0000000481 ,https://nationalsalt.lk/storage/coparate_plans_report_files/1728628686_ByQRe9ZxCN.pdf,
phone,pass,Published phone: 0000152098 ,https://nationalsalt.lk/storage/coparate_plans_report_files/1728628686_ByQRe9ZxCN.pdf,
phone,pass,Published phone: 0000001790 ,https://nationalsalt.lk/storage/coparate_plans_report_files/1728628686_ByQRe9ZxCN.pdf,
phone,pass,Published phone: 0 0 0 0 240 0 0 0 ,https://nationalsalt.lk/storage/coparate_plans_report_files/1728628686_ByQRe9ZxCN.pdf,
phone,pass,Published phone: 0000001512 ,https://nationalsalt.lk/storage/coparate_plans_report_files/1728628686_ByQRe9ZxCN.pdf,
phone,pass,Published phone: 0000000843 ,https://nationalsalt.lk/storage/coparate_plans_report_files/1728628686_ByQRe9ZxCN.pdf,
phone,pass,Published phone: 0000001446 ,https://nationalsalt.lk/storage/coparate_plans_report_files/1728628686_ByQRe9ZxCN.pdf,
phone,pass,Published phone: 0000001562 ,https://nationalsalt.lk/storage/coparate_plans_report_files/1728628686_ByQRe9ZxCN.pdf,
phone,pass,Published phone: 0000001746 ,https://nationalsalt.lk/storage/coparate_plans_report_files/1728628686_ByQRe9ZxCN.pdf,
phone,pass,Published phone: 0000122930 ,https://nationalsalt.lk/storage/coparate_plans_report_files/1728628686_ByQRe9ZxCN.pdf,
phone,pass,Published phone: 0000001949 ,https://nationalsalt.lk/storage/coparate_plans_report_files/1728628686_ByQRe9ZxCN.pdf,
phone,pass,Published phone: 0000123394 ,https://nationalsalt.lk/storage/coparate_plans_report_files/1728628686_ByQRe9ZxCN.pdf,
phone,pass,Published phone: 0000000314 ,https://nationalsalt.lk/storage/coparate_plans_report_files/1728628686_ByQRe9ZxCN.pdf,
phone,pass,Published phone: 0000001569 ,https://nationalsalt.lk/storage/coparate_plans_report_files/1728628686_ByQRe9ZxCN.pdf,
phone,pass,Published phone: 0000001098 ,https://nationalsalt.lk/storage/coparate_plans_report_files/1728628686_ByQRe9ZxCN.pdf,
phone,pass,Published phone: 0000000597 ,https://nationalsalt.lk/storage/coparate_plans_report_files/1728628686_ByQRe9ZxCN.pdf,
phone,pass,Published phone: 0000001984 ,https://nationalsalt.lk/storage/coparate_plans_report_files/1728628686_ByQRe9ZxCN.pdf,
phone,pass,Published phone: 0000002347 ,https://nationalsalt.lk/storage/coparate_plans_report_files/1728628686_ByQRe9ZxCN.pdf,
phone,pass,Published phone: 0000000956 ,https://nationalsalt.lk/storage/coparate_plans_report_files/1728628686_ByQRe9ZxCN.pdf,
phone,pass,Published phone: 0000002162 ,https://nationalsalt.lk/storage/coparate_plans_report_files/1728628686_ByQRe9ZxCN.pdf,
phone,pass,Published phone: 0000000487 ,https://nationalsalt.lk/storage/coparate_plans_report_files/1728628686_ByQRe9ZxCN.pdf,
phone,pass,Published phone: 0000000418 ,https://nationalsalt.lk/storage/coparate_plans_report_files/1728628686_ByQRe9ZxCN.pdf,
phone,pass,Published phone: 0000002078 ,https://nationalsalt.lk/storage/coparate_plans_report_files/1728628686_ByQRe9ZxCN.pdf,
phone,pass,Published phone: 0000000239 ,https://nationalsalt.lk/storage/coparate_plans_report_files/1728628686_ByQRe9ZxCN.pdf,
phone,pass,Published phone: 0000002021 ,https://nationalsalt.lk/storage/coparate_plans_report_files/1728628686_ByQRe9ZxCN.pdf,
phone,pass,Published phone: 0000001572 ,https://nationalsalt.lk/storage/coparate_plans_report_files/1728628686_ByQRe9ZxCN.pdf,
phone,pass,Published phone: 0000001619 ,https://nationalsalt.lk/storage/coparate_plans_report_files/1728628686_ByQRe9ZxCN.pdf,
phone,pass,Published phone: 0000000568 ,https://nationalsalt.lk/storage/coparate_plans_report_files/1728628686_ByQRe9ZxCN.pdf,
phone,pass,Published phone: 0000072959 ,https://nationalsalt.lk/storage/coparate_plans_report_files/1728628686_ByQRe9ZxCN.pdf,
phone,pass,Published phone: 0000002363 ,https://nationalsalt.lk/storage/coparate_plans_report_files/1728628686_ByQRe9ZxCN.pdf,
phone,pass,Published phone: 0000043202 ,https://nationalsalt.lk/storage/coparate_plans_report_files/1728628686_ByQRe9ZxCN.pdf,
phone,pass,Published phone: 0000000485 ,https://nationalsalt.lk/storage/coparate_plans_report_files/1728628686_ByQRe9ZxCN.pdf,
phone,pass,Published phone: 0000000859 ,https://nationalsalt.lk/storage/coparate_plans_report_files/1728628686_ByQRe9ZxCN.pdf,
phone,pass,Published phone: 0000002037 ,https://nationalsalt.lk/storage/coparate_plans_report_files/1728628686_ByQRe9ZxCN.pdf,
phone,pass,Published phone: 0000002014 ,https://nationalsalt.lk/storage/coparate_plans_report_files/1728628686_ByQRe9ZxCN.pdf,
phone,pass,Published phone: 0000000789 ,https://nationalsalt.lk/storage/coparate_plans_report_files/1728628686_ByQRe9ZxCN.pdf,
phone,pass,Published phone: 0000000779 ,https://nationalsalt.lk/storage/coparate_plans_report_files/1728628686_ByQRe9ZxCN.pdf,
phone,pass,Published phone: 0000001642 ,https://nationalsalt.lk/storage/coparate_plans_report_files/1728628686_ByQRe9ZxCN.pdf,
phone,pass,Published phone: 0000002122 ,https://nationalsalt.lk/storage/coparate_plans_report_files/1728628686_ByQRe9ZxCN.pdf,
phone,pass,Published phone: 0000002090 ,https://nationalsalt.lk/storage/coparate_plans_report_files/1728628686_ByQRe9ZxCN.pdf,
phone,pass,Published phone: 0000002110 ,https://nationalsalt.lk/storage/coparate_plans_report_files/1728628686_ByQRe9ZxCN.pdf,
phone,pass,Published phone: 0000000793 ,https://nationalsalt.lk/storage/coparate_plans_report_files/1728628686_ByQRe9ZxCN.pdf,
phone,pass,Published phone: 0000001105 ,https://nationalsalt.lk/storage/coparate_plans_report_files/1728628686_ByQRe9ZxCN.pdf,
phone,pass,Published phone: 0000001667 ,https://nationalsalt.lk/storage/coparate_plans_report_files/1728628686_ByQRe9ZxCN.pdf,
phone,pass,Published phone: 0000000377 ,https://nationalsalt.lk/storage/coparate_plans_report_files/1728628686_ByQRe9ZxCN.pdf,
phone,pass,Published phone: 0000000334 ,https://nationalsalt.lk/storage/coparate_plans_report_files/1728628686_ByQRe9ZxCN.pdf,
phone,pass,Published phone: 0000002056 ,https://nationalsalt.lk/storage/coparate_plans_report_files/1728628686_ByQRe9ZxCN.pdf,
phone,pass,Published phone: 0000000915 ,https://nationalsalt.lk/storage/coparate_plans_report_files/1728628686_ByQRe9ZxCN.pdf,
phone,pass,Published phone: 0000001541 ,https://nationalsalt.lk/storage/coparate_plans_report_files/1728628686_ByQRe9ZxCN.pdf,
phone,pass,Published phone: 0000000186 ,https://nationalsalt.lk/storage/coparate_plans_report_files/1728628686_ByQRe9ZxCN.pdf,
phone,pass,Published phone: 0000000863 ,https://nationalsalt.lk/storage/coparate_plans_report_files/1728628686_ByQRe9ZxCN.pdf,
phone,pass,Published phone: 0000000834 ,https://nationalsalt.lk/storage/coparate_plans_report_files/1728628686_ByQRe9ZxCN.pdf,
phone,pass,Published phone: 0000001390 ,https://nationalsalt.lk/storage/coparate_plans_report_files/1728628686_ByQRe9ZxCN.pdf,
phone,pass,Published phone: 0000001674 ,https://nationalsalt.lk/storage/coparate_plans_report_files/1728628686_ByQRe9ZxCN.pdf,
phone,pass,Published phone: 0000000193 ,https://nationalsalt.lk/storage/coparate_plans_report_files/1728628686_ByQRe9ZxCN.pdf,
phone,pass,Published phone: 0000001662 ,https://nationalsalt.lk/storage/coparate_plans_report_files/1728628686_ByQRe9ZxCN.pdf,
phone,pass,Published phone: 0000000141 ,https://nationalsalt.lk/storage/coparate_plans_report_files/1728628686_ByQRe9ZxCN.pdf,
phone,pass,Published phone: 0000001621 ,https://nationalsalt.lk/storage/coparate_plans_report_files/1728628686_ByQRe9ZxCN.pdf,
phone,pass,Published phone: 0000001941 ,https://nationalsalt.lk/storage/coparate_plans_report_files/1728628686_ByQRe9ZxCN.pdf,
phone,pass,Published phone: 0 0 423 874 0 6,https://nationalsalt.lk/storage/coparate_plans_report_files/1728628686_ByQRe9ZxCN.pdf,
phone,pass,Published phone: 0000002005 ,https://nationalsalt.lk/storage/coparate_plans_report_files/1728628686_ByQRe9ZxCN.pdf,
phone,pass,Published phone: 0000000232 ,https://nationalsalt.lk/storage/coparate_plans_report_files/1728628686_ByQRe9ZxCN.pdf,
phone,pass,Published phone: 0000000336 ,https://nationalsalt.lk/storage/coparate_plans_report_files/1728628686_ByQRe9ZxCN.pdf,
phone,pass,Published phone: 0000000977 ,https://nationalsalt.lk/storage/coparate_plans_report_files/1728628686_ByQRe9ZxCN.pdf,
phone,pass,Published phone: 0000002397 ,https://nationalsalt.lk/storage/coparate_plans_report_files/1728628686_ByQRe9ZxCN.pdf,
phone,pass,Published phone: 0000000470 ,https://nationalsalt.lk/storage/coparate_plans_report_files/1728628686_ByQRe9ZxCN.pdf,
phone,pass,Published phone: 0000001430 ,https://nationalsalt.lk/storage/coparate_plans_report_files/1728628686_ByQRe9ZxCN.pdf,
phone,pass,Published phone: 0000001691 ,https://nationalsalt.lk/storage/coparate_plans_report_files/1728628686_ByQRe9ZxCN.pdf,
phone,pass,Published phone: 0000000626 ,https://nationalsalt.lk/storage/coparate_plans_report_files/1728628686_ByQRe9ZxCN.pdf,
phone,pass,Published phone: 0000001022 ,https://nationalsalt.lk/storage/coparate_plans_report_files/1728628686_ByQRe9ZxCN.pdf,
phone,pass,Published phone: 0000000145 ,https://nationalsalt.lk/storage/coparate_plans_report_files/1728628686_ByQRe9ZxCN.pdf,
phone,pass,Published phone: 0000000128 ,https://nationalsalt.lk/storage/coparate_plans_report_files/1728628686_ByQRe9ZxCN.pdf,
phone,pass,Published phone: 0000002219 ,https://nationalsalt.lk/storage/coparate_plans_report_files/1728628686_ByQRe9ZxCN.pdf,
phone,pass,Published phone: 0000001639 ,https://nationalsalt.lk/storage/coparate_plans_report_files/1728628686_ByQRe9ZxCN.pdf,
phone,pass,Published phone: 0000043593 ,https://nationalsalt.lk/storage/coparate_plans_report_files/1728628686_ByQRe9ZxCN.pdf,
phone,pass,Published phone: 0000001290 ,https://nationalsalt.lk/storage/coparate_plans_report_files/1728628686_ByQRe9ZxCN.pdf,
phone,pass,Published phone: 0000000591 ,https://nationalsalt.lk/storage/coparate_plans_report_files/1728628686_ByQRe9ZxCN.pdf,
phone,pass,Published phone: 0000000776 ,https://nationalsalt.lk/storage/coparate_plans_report_files/1728628686_ByQRe9ZxCN.pdf,
phone,pass,Published phone: 0 722 0 0 722 0 ,https://nationalsalt.lk/storage/coparate_plans_report_files/1728628686_ByQRe9ZxCN.pdf,
phone,pass,Published phone: 0000002047 ,https://nationalsalt.lk/storage/coparate_plans_report_files/1728628686_ByQRe9ZxCN.pdf,
phone,pass,Published phone: 0000002279 ,https://nationalsalt.lk/storage/coparate_plans_report_files/1728628686_ByQRe9ZxCN.pdf,
phone,pass,Published phone: 0000002165 ,https://nationalsalt.lk/storage/coparate_plans_report_files/1728628686_ByQRe9ZxCN.pdf,
phone,pass,Published phone: 0000001039 ,https://nationalsalt.lk/storage/coparate_plans_report_files/1728628686_ByQRe9ZxCN.pdf,
phone,pass,Published phone: 0000001284 ,https://nationalsalt.lk/storage/coparate_plans_report_files/1728628686_ByQRe9ZxCN.pdf,
phone,pass,Published phone: 0000002201 ,https://nationalsalt.lk/storage/coparate_plans_report_files/1728628686_ByQRe9ZxCN.pdf,
phone,pass,Published phone: 0000002384 ,https://nationalsalt.lk/storage/coparate_plans_report_files/1728628686_ByQRe9ZxCN.pdf,
phone,pass,Published phone: 0000001128 ,https://nationalsalt.lk/storage/coparate_plans_report_files/1728628686_ByQRe9ZxCN.pdf,
phone,pass,Published phone: 0000170540 ,https://nationalsalt.lk/storage/coparate_plans_report_files/1728628686_ByQRe9ZxCN.pdf,
phone,pass,Published phone: 0000002262 ,https://nationalsalt.lk/storage/coparate_plans_report_files/1728628686_ByQRe9ZxCN.pdf,
phone,pass,Published phone: 0000002276 ,https://nationalsalt.lk/storage/coparate_plans_report_files/1728628686_ByQRe9ZxCN.pdf,
phone,pass,Published phone: 0000178030 ,https://nationalsalt.lk/storage/coparate_plans_report_files/1728628686_ByQRe9ZxCN.pdf,
phone,pass,Published phone: 0000000885 ,https://nationalsalt.lk/storage/coparate_plans_report_files/1728628686_ByQRe9ZxCN.pdf,
phone,pass,Published phone: 0000000658 ,https://nationalsalt.lk/storage/coparate_plans_report_files/1728628686_ByQRe9ZxCN.pdf,
phone,pass,Published phone: 0000001263 ,https://nationalsalt.lk/storage/coparate_plans_report_files/1728628686_ByQRe9ZxCN.pdf,
phone,pass,Published phone: 0000001365 ,https://nationalsalt.lk/storage/coparate_plans_report_files/1728628686_ByQRe9ZxCN.pdf,
phone,pass,Published phone: 0000001989 ,https://nationalsalt.lk/storage/coparate_plans_report_files/1728628686_ByQRe9ZxCN.pdf,
phone,pass,Published phone: 0000000433 ,https://nationalsalt.lk/storage/coparate_plans_report_files/1728628686_ByQRe9ZxCN.pdf,
phone,pass,Published phone: 0000000263 ,https://nationalsalt.lk/storage/coparate_plans_report_files/1728628686_ByQRe9ZxCN.pdf,
phone,pass,Published phone: 0000001164 ,https://nationalsalt.lk/storage/coparate_plans_report_files/1728628686_ByQRe9ZxCN.pdf,
phone,pass,Published phone: 0000000899 ,https://nationalsalt.lk/storage/coparate_plans_report_files/1728628686_ByQRe9ZxCN.pdf,
phone,pass,Published phone: 0000002210 ,https://nationalsalt.lk/storage/coparate_plans_report_files/1728628686_ByQRe9ZxCN.pdf,
phone,pass,Published phone: 0000000574 ,https://nationalsalt.lk/storage/coparate_plans_report_files/1728628686_ByQRe9ZxCN.pdf,
phone,pass,Published phone: 0000002369 ,https://nationalsalt.lk/storage/coparate_plans_report_files/1728628686_ByQRe9ZxCN.pdf,
phone,pass,Published phone: 0000001926 ,https://nationalsalt.lk/storage/coparate_plans_report_files/1728628686_ByQRe9ZxCN.pdf,
phone,pass,Published phone: 0000001367 ,https://nationalsalt.lk/storage/coparate_plans_report_files/1728628686_ByQRe9ZxCN.pdf,
phone,pass,Published phone: 0000072797 ,https://nationalsalt.lk/storage/coparate_plans_report_files/1728628686_ByQRe9ZxCN.pdf,
phone,pass,Published phone: 0000000594 ,https://nationalsalt.lk/storage/coparate_plans_report_files/1728628686_ByQRe9ZxCN.pdf,
phone,pass,Published phone: 0000001266 ,https://nationalsalt.lk/storage/coparate_plans_report_files/1728628686_ByQRe9ZxCN.pdf,
phone,pass,Published phone: 0000002156 ,https://nationalsalt.lk/storage/coparate_plans_report_files/1728628686_ByQRe9ZxCN.pdf,
phone,pass,Published phone: 0000139773 ,https://nationalsalt.lk/storage/coparate_plans_report_files/1728628686_ByQRe9ZxCN.pdf,
phone,pass,Published phone: 0000000873 ,https://nationalsalt.lk/storage/coparate_plans_report_files/1728628686_ByQRe9ZxCN.pdf,
phone,pass,Published phone: 0000001472 ,https://nationalsalt.lk/storage/coparate_plans_report_files/1728628686_ByQRe9ZxCN.pdf,
phone,pass,Published phone: 0000001421 ,https://nationalsalt.lk/storage/coparate_plans_report_files/1728628686_ByQRe9ZxCN.pdf,
phone,pass,Published phone: 0000002089 ,https://nationalsalt.lk/storage/coparate_plans_report_files/1728628686_ByQRe9ZxCN.pdf,
phone,pass,Published phone: 0000001740 ,https://nationalsalt.lk/storage/coparate_plans_report_files/1728628686_ByQRe9ZxCN.pdf,
phone,pass,Published phone: 0000000627 ,https://nationalsalt.lk/storage/coparate_plans_report_files/1728628686_ByQRe9ZxCN.pdf,
phone,pass,Published phone: 0000000611 ,https://nationalsalt.lk/storage/coparate_plans_report_files/1728628686_ByQRe9ZxCN.pdf,
phone,pass,Published phone: 0000001819 ,https://nationalsalt.lk/storage/coparate_plans_report_files/1728628686_ByQRe9ZxCN.pdf,
phone,pass,Published phone: 0000001163 ,https://nationalsalt.lk/storage/coparate_plans_report_files/1728628686_ByQRe9ZxCN.pdf,
phone,pass,Published phone: 0000002173 ,https://nationalsalt.lk/storage/coparate_plans_report_files/1728628686_ByQRe9ZxCN.pdf,
phone,pass,Published phone: 0000001575 ,https://nationalsalt.lk/storage/coparate_plans_report_files/1728628686_ByQRe9ZxCN.pdf,
phone,pass,Published phone: 0000001413 ,https://nationalsalt.lk/storage/coparate_plans_report_files/1728628686_ByQRe9ZxCN.pdf,
phone,pass,Published phone: 0000000361 ,https://nationalsalt.lk/storage/coparate_plans_report_files/1728628686_ByQRe9ZxCN.pdf,
phone,pass,Published phone: 0000002132 ,https://nationalsalt.lk/storage/coparate_plans_report_files/1728628686_ByQRe9ZxCN.pdf,
phone,pass,Published phone: 0000034078 ,https://nationalsalt.lk/storage/coparate_plans_report_files/1728628686_ByQRe9ZxCN.pdf,
phone,pass,Published phone: 0000000886 ,https://nationalsalt.lk/storage/coparate_plans_report_files/1728628686_ByQRe9ZxCN.pdf,
phone,pass,Published phone: 0000001612 ,https://nationalsalt.lk/storage/coparate_plans_report_files/1728628686_ByQRe9ZxCN.pdf,
phone,pass,Published phone: 0000000721 ,https://nationalsalt.lk/storage/coparate_plans_report_files/1728628686_ByQRe9ZxCN.pdf,
phone,pass,Published phone: 0000001935 ,https://nationalsalt.lk/storage/coparate_plans_report_files/1728628686_ByQRe9ZxCN.pdf,
phone,pass,Published phone: 0000000233 ,https://nationalsalt.lk/storage/coparate_plans_report_files/1728628686_ByQRe9ZxCN.pdf,
phone,pass,Published phone: 0000003361 ,https://nationalsalt.lk/storage/coparate_plans_report_files/1728628686_ByQRe9ZxCN.pdf,
phone,pass,Published phone: 0000002074 ,https://nationalsalt.lk/storage/coparate_plans_report_files/1728628686_ByQRe9ZxCN.pdf,
phone,pass,Published phone: 0 778 389 0 77,https://nationalsalt.lk/storage/coparate_plans_report_files/1728628686_ByQRe9ZxCN.pdf,
phone,pass,Published phone: 0000000200 ,https://nationalsalt.lk/storage/coparate_plans_report_files/1728628686_ByQRe9ZxCN.pdf,
phone,pass,Published phone: 0000001283 ,https://nationalsalt.lk/storage/coparate_plans_report_files/1728628686_ByQRe9ZxCN.pdf,
phone,pass,Published phone: 0000000118 ,https://nationalsalt.lk/storage/coparate_plans_report_files/1728628686_ByQRe9ZxCN.pdf,
phone,pass,Published phone: 0000000405 ,https://nationalsalt.lk/storage/coparate_plans_report_files/1728628686_ByQRe9ZxCN.pdf,
phone,pass,Published phone: 0000000123 ,https://nationalsalt.lk/storage/coparate_plans_report_files/1728628686_ByQRe9ZxCN.pdf,
phone,pass,Published phone: 0000001686 ,https://nationalsalt.lk/storage/coparate_plans_report_files/1728628686_ByQRe9ZxCN.pdf,
phone,pass,Published phone: 0000001170 ,https://nationalsalt.lk/storage/coparate_plans_report_files/1728628686_ByQRe9ZxCN.pdf,
phone,pass,Published phone: 0000131703 ,https://nationalsalt.lk/storage/coparate_plans_report_files/1728628686_ByQRe9ZxCN.pdf,
phone,pass,Published phone: 0000001036 ,https://nationalsalt.lk/storage/coparate_plans_report_files/1728628686_ByQRe9ZxCN.pdf,
phone,pass,Published phone: 0000000163 ,https://nationalsalt.lk/storage/coparate_plans_report_files/1728628686_ByQRe9ZxCN.pdf,
phone,pass,Published phone: 0000002358 ,https://nationalsalt.lk/storage/coparate_plans_report_files/1728628686_ByQRe9ZxCN.pdf,
phone,pass,Published phone: 0000002324 ,https://nationalsalt.lk/storage/coparate_plans_report_files/1728628686_ByQRe9ZxCN.pdf,
phone,pass,Published phone: 0000001097 ,https://nationalsalt.lk/storage/coparate_plans_report_files/1728628686_ByQRe9ZxCN.pdf,
phone,pass,Published phone: 0000000179 ,https://nationalsalt.lk/storage/coparate_plans_report_files/1728628686_ByQRe9ZxCN.pdf,
phone,pass,Published phone: 0000001331 ,https://nationalsalt.lk/storage/coparate_plans_report_files/1728628686_ByQRe9ZxCN.pdf,
phone,pass,Published phone: 0000001364 ,https://nationalsalt.lk/storage/coparate_plans_report_files/1728628686_ByQRe9ZxCN.pdf,
phone,pass,Published phone: 0000000566 ,https://nationalsalt.lk/storage/coparate_plans_report_files/1728628686_ByQRe9ZxCN.pdf,
phone,pass,Published phone: 0000002268 ,https://nationalsalt.lk/storage/coparate_plans_report_files/1728628686_ByQRe9ZxCN.pdf,
phone,pass,Published phone: 0000003391 ,https://nationalsalt.lk/storage/coparate_plans_report_files/1728628686_ByQRe9ZxCN.pdf,
phone,pass,Published phone: 0000000572 ,https://nationalsalt.lk/storage/coparate_plans_report_files/1728628686_ByQRe9ZxCN.pdf,
phone,pass,Published phone: 0000000455 ,https://nationalsalt.lk/storage/coparate_plans_report_files/1728628686_ByQRe9ZxCN.pdf,
phone,pass,Published phone: 0000001958 ,https://nationalsalt.lk/storage/coparate_plans_report_files/1728628686_ByQRe9ZxCN.pdf,
phone,pass,Published phone: 0000001375 ,https://nationalsalt.lk/storage/coparate_plans_report_files/1728628686_ByQRe9ZxCN.pdf,
phone,pass,Published phone: 0000001422 ,https://nationalsalt.lk/storage/coparate_plans_report_files/1728628686_ByQRe9ZxCN.pdf,
phone,pass,Published phone: 0000001280 ,https://nationalsalt.lk/storage/coparate_plans_report_files/1728628686_ByQRe9ZxCN.pdf,
phone,pass,Published phone: 0000000790 ,https://nationalsalt.lk/storage/coparate_plans_report_files/1728628686_ByQRe9ZxCN.pdf,
phone,pass,Published phone: 0000001832 ,https://nationalsalt.lk/storage/coparate_plans_report_files/1728628686_ByQRe9ZxCN.pdf,
phone,pass,Published phone: 0000000760 ,https://nationalsalt.lk/storage/coparate_plans_report_files/1728628686_ByQRe9ZxCN.pdf,
phone,pass,Published phone: 0000002045 ,https://nationalsalt.lk/storage/coparate_plans_report_files/1728628686_ByQRe9ZxCN.pdf,
phone,pass,Published phone: 0000001614 ,https://nationalsalt.lk/storage/coparate_plans_report_files/1728628686_ByQRe9ZxCN.pdf,
phone,pass,Published phone: 0000001743 ,https://nationalsalt.lk/storage/coparate_plans_report_files/1728628686_ByQRe9ZxCN.pdf,
phone,pass,Published phone: 0000000449 ,https://nationalsalt.lk/storage/coparate_plans_report_files/1728628686_ByQRe9ZxCN.pdf,
phone,pass,Published phone: 0 444 500 444 ,https://nationalsalt.lk/storage/coparate_plans_report_files/1728628686_ByQRe9ZxCN.pdf,
phone,pass,Published phone: 0000446890 ,https://nationalsalt.lk/storage/coparate_plans_report_files/1728628686_ByQRe9ZxCN.pdf,
phone,pass,Published phone: 0000000187 ,https://nationalsalt.lk/storage/coparate_plans_report_files/1728628686_ByQRe9ZxCN.pdf,
phone,pass,Published phone: 0000000959 ,https://nationalsalt.lk/storage/coparate_plans_report_files/1728628686_ByQRe9ZxCN.pdf,
phone,pass,Published phone: 0000000654 ,https://nationalsalt.lk/storage/coparate_plans_report_files/1728628686_ByQRe9ZxCN.pdf,
phone,pass,Published phone: 0000002309 ,https://nationalsalt.lk/storage/coparate_plans_report_files/1728628686_ByQRe9ZxCN.pdf,
phone,pass,Published phone: 0000001051 ,https://nationalsalt.lk/storage/coparate_plans_report_files/1728628686_ByQRe9ZxCN.pdf,
phone,pass,Published phone: 0000001951 ,https://nationalsalt.lk/storage/coparate_plans_report_files/1728628686_ByQRe9ZxCN.pdf,
phone,pass,Published phone: 0000002234 ,https://nationalsalt.lk/storage/coparate_plans_report_files/1728628686_ByQRe9ZxCN.pdf,
phone,pass,Published phone: 0000002360 ,https://nationalsalt.lk/storage/coparate_plans_report_files/1728628686_ByQRe9ZxCN.pdf,
phone,pass,Published phone: 0000002073 ,https://nationalsalt.lk/storage/coparate_plans_report_files/1728628686_ByQRe9ZxCN.pdf,
phone,pass,Published phone: 0000001145 ,https://nationalsalt.lk/storage/coparate_plans_report_files/1728628686_ByQRe9ZxCN.pdf,
phone,pass,Published phone: 0000000559 ,https://nationalsalt.lk/storage/coparate_plans_report_files/1728628686_ByQRe9ZxCN.pdf,
phone,pass,Published phone: 0000000900 ,https://nationalsalt.lk/storage/coparate_plans_report_files/1728628686_ByQRe9ZxCN.pdf,
phone,pass,Published phone: 0000001440 ,https://nationalsalt.lk/storage/coparate_plans_report_files/1728628686_ByQRe9ZxCN.pdf,
phone,pass,Published phone: 0000374042 ,https://nationalsalt.lk/storage/coparate_plans_report_files/1728628686_ByQRe9ZxCN.pdf,
phone,pass,Published phone: 0000000931 ,https://nationalsalt.lk/storage/coparate_plans_report_files/1728628686_ByQRe9ZxCN.pdf,
phone,pass,Published phone: 0000001231 ,https://nationalsalt.lk/storage/coparate_plans_report_files/1728628686_ByQRe9ZxCN.pdf,
phone,pass,Published phone: 0000357110 ,https://nationalsalt.lk/storage/coparate_plans_report_files/1728628686_ByQRe9ZxCN.pdf,
phone,pass,Published phone: 0000001027 ,https://nationalsalt.lk/storage/coparate_plans_report_files/1728628686_ByQRe9ZxCN.pdf,
phone,pass,Published phone: 0000002327 ,https://nationalsalt.lk/storage/coparate_plans_report_files/1728628686_ByQRe9ZxCN.pdf,
phone,pass,Published phone: 0000000851 ,https://nationalsalt.lk/storage/coparate_plans_report_files/1728628686_ByQRe9ZxCN.pdf,
phone,pass,Published phone: 0000364314 ,https://nationalsalt.lk/storage/coparate_plans_report_files/1728628686_ByQRe9ZxCN.pdf,
phone,pass,Published phone: 0000000837 ,https://nationalsalt.lk/storage/coparate_plans_report_files/1728628686_ByQRe9ZxCN.pdf,
phone,pass,Published phone: 0000001344 ,https://nationalsalt.lk/storage/coparate_plans_report_files/1728628686_ByQRe9ZxCN.pdf,
phone,pass,Published phone: 0000001111 ,https://nationalsalt.lk/storage/coparate_plans_report_files/1728628686_ByQRe9ZxCN.pdf,
phone,pass,Published phone: 0000001928 ,https://nationalsalt.lk/storage/coparate_plans_report_files/1728628686_ByQRe9ZxCN.pdf,
phone,pass,Published phone: 0000001880 ,https://nationalsalt.lk/storage/coparate_plans_report_files/1728628686_ByQRe9ZxCN.pdf,
phone,pass,Published phone: 0000000576 ,https://nationalsalt.lk/storage/coparate_plans_report_files/1728628686_ByQRe9ZxCN.pdf,
phone,pass,Published phone: 0000001967 ,https://nationalsalt.lk/storage/coparate_plans_report_files/1728628686_ByQRe9ZxCN.pdf,
phone,pass,Published phone: 0000001258 ,https://nationalsalt.lk/storage/coparate_plans_report_files/1728628686_ByQRe9ZxCN.pdf,
phone,pass,Published phone: 0000000414 ,https://nationalsalt.lk/storage/coparate_plans_report_files/1728628686_ByQRe9ZxCN.pdf,
phone,pass,Published phone: 0000000876 ,https://nationalsalt.lk/storage/coparate_plans_report_files/1728628686_ByQRe9ZxCN.pdf,
phone,pass,Published phone: 0000000353 ,https://nationalsalt.lk/storage/coparate_plans_report_files/1728628686_ByQRe9ZxCN.pdf,
phone,pass,Published phone: 0000000304 ,https://nationalsalt.lk/storage/coparate_plans_report_files/1728628686_ByQRe9ZxCN.pdf,
phone,pass,Published phone: 0000000655 ,https://nationalsalt.lk/storage/coparate_plans_report_files/1728628686_ByQRe9ZxCN.pdf,
phone,pass,Published phone: 0000000421 ,https://nationalsalt.lk/storage/coparate_plans_report_files/1728628686_ByQRe9ZxCN.pdf,
phone,pass,Published phone: 0000000440 ,https://nationalsalt.lk/storage/coparate_plans_report_files/1728628686_ByQRe9ZxCN.pdf,
phone,pass,Published phone: 0000001533 ,https://nationalsalt.lk/storage/coparate_plans_report_files/1728628686_ByQRe9ZxCN.pdf,
phone,pass,Published phone: 0000000502 ,https://nationalsalt.lk/storage/coparate_plans_report_files/1728628686_ByQRe9ZxCN.pdf,
phone,pass,Published phone: 0000001957 ,https://nationalsalt.lk/storage/coparate_plans_report_files/1728628686_ByQRe9ZxCN.pdf,
phone,pass,Published phone: 0000002356 ,https://nationalsalt.lk/storage/coparate_plans_report_files/1728628686_ByQRe9ZxCN.pdf,
phone,pass,Published phone: 0000001966 ,https://nationalsalt.lk/storage/coparate_plans_report_files/1728628686_ByQRe9ZxCN.pdf,
phone,pass,Published phone: 0000000114 ,https://nationalsalt.lk/storage/coparate_plans_report_files/1728628686_ByQRe9ZxCN.pdf,
phone,pass,Published phone: 0000001723 ,https://nationalsalt.lk/storage/coparate_plans_report_files/1728628686_ByQRe9ZxCN.pdf,
phone,pass,Published phone: 00 500 722 50,https://nationalsalt.lk/storage/coparate_plans_report_files/1728628686_ByQRe9ZxCN.pdf,
phone,pass,Published phone: 0000001767 ,https://nationalsalt.lk/storage/coparate_plans_report_files/1728628686_ByQRe9ZxCN.pdf,
phone,pass,Published phone: 0000001906 ,https://nationalsalt.lk/storage/coparate_plans_report_files/1728628686_ByQRe9ZxCN.pdf,
phone,pass,Published phone: 0000002177 ,https://nationalsalt.lk/storage/coparate_plans_report_files/1728628686_ByQRe9ZxCN.pdf,
phone,pass,Published phone: 0000001018 ,https://nationalsalt.lk/storage/coparate_plans_report_files/1728628686_ByQRe9ZxCN.pdf,
phone,pass,Published phone: 0000001205 ,https://nationalsalt.lk/storage/coparate_plans_report_files/1728628686_ByQRe9ZxCN.pdf,
phone,pass,Published phone: 0000000830 ,https://nationalsalt.lk/storage/coparate_plans_report_files/1728628686_ByQRe9ZxCN.pdf,
phone,pass,Published phone: 0000000490 ,https://nationalsalt.lk/storage/coparate_plans_report_files/1728628686_ByQRe9ZxCN.pdf,
phone,pass,Published phone: 0000002249 ,https://nationalsalt.lk/storage/coparate_plans_report_files/1728628686_ByQRe9ZxCN.pdf,
phone,pass,Published phone: 0000000883 ,https://nationalsalt.lk/storage/coparate_plans_report_files/1728628686_ByQRe9ZxCN.pdf,
phone,pass,Published phone: 0000000649 ,https://nationalsalt.lk/storage/coparate_plans_report_files/1728628686_ByQRe9ZxCN.pdf,
phone,pass,Published phone: 0000001362 ,https://nationalsalt.lk/storage/coparate_plans_report_files/1728628686_ByQRe9ZxCN.pdf,
phone,pass,Published phone: 0000001049 ,https://nationalsalt.lk/storage/coparate_plans_report_files/1728628686_ByQRe9ZxCN.pdf,
phone,pass,Published phone: 0000000493 ,https://nationalsalt.lk/storage/coparate_plans_report_files/1728628686_ByQRe9ZxCN.pdf,
phone,pass,Published phone: 0000001834 ,https://nationalsalt.lk/storage/coparate_plans_report_files/1728628686_ByQRe9ZxCN.pdf,
phone,pass,Published phone: 0000001270 ,https://nationalsalt.lk/storage/coparate_plans_report_files/1728628686_ByQRe9ZxCN.pdf,
phone,pass,Published phone: 05 471 525 23,https://nationalsalt.lk/storage/coparate_plans_report_files/1728628686_ByQRe9ZxCN.pdf,
phone,pass,Published phone: 0 611 0 722 55,https://nationalsalt.lk/storage/coparate_plans_report_files/1728628686_ByQRe9ZxCN.pdf,
phone,pass,Published phone: 0000001427 ,https://nationalsalt.lk/storage/coparate_plans_report_files/1728628686_ByQRe9ZxCN.pdf,
phone,pass,Published phone: 0000001538 ,https://nationalsalt.lk/storage/coparate_plans_report_files/1728628686_ByQRe9ZxCN.pdf,
phone,pass,Published phone: 0000000535 ,https://nationalsalt.lk/storage/coparate_plans_report_files/1728628686_ByQRe9ZxCN.pdf,
phone,pass,Published phone: 0000097754 ,https://nationalsalt.lk/storage/coparate_plans_report_files/1728628686_ByQRe9ZxCN.pdf,
phone,pass,Published phone: 0000001095 ,https://nationalsalt.lk/storage/coparate_plans_report_files/1728628686_ByQRe9ZxCN.pdf,
phone,pass,Published phone: 0000002316 ,https://nationalsalt.lk/storage/coparate_plans_report_files/1728628686_ByQRe9ZxCN.pdf,
phone,pass,Published phone: 0000000652 ,https://nationalsalt.lk/storage/coparate_plans_report_files/1728628686_ByQRe9ZxCN.pdf,
phone,pass,Published phone: 0000002221 ,https://nationalsalt.lk/storage/coparate_plans_report_files/1728628686_ByQRe9ZxCN.pdf,
phone,pass,Published phone: 0000000787 ,https://nationalsalt.lk/storage/coparate_plans_report_files/1728628686_ByQRe9ZxCN.pdf,
phone,pass,Published phone: 0000000183 ,https://nationalsalt.lk/storage/coparate_plans_report_files/1728628686_ByQRe9ZxCN.pdf,
phone,pass,Published phone: 0000001306 ,https://nationalsalt.lk/storage/coparate_plans_report_files/1728628686_ByQRe9ZxCN.pdf,
phone,pass,Published phone: 0000001292 ,https://nationalsalt.lk/storage/coparate_plans_report_files/1728628686_ByQRe9ZxCN.pdf,
phone,pass,Published phone: 0000000378 ,https://nationalsalt.lk/storage/coparate_plans_report_files/1728628686_ByQRe9ZxCN.pdf,
phone,pass,Published phone: 0000001803 ,https://nationalsalt.lk/storage/coparate_plans_report_files/1728628686_ByQRe9ZxCN.pdf,
phone,pass,Published phone: 0000001127 ,https://nationalsalt.lk/storage/coparate_plans_report_files/1728628686_ByQRe9ZxCN.pdf,
phone,pass,Published phone: 0 230 0 455 0 0 ,https://nationalsalt.lk/storage/coparate_plans_report_files/1728628686_ByQRe9ZxCN.pdf,
phone,pass,Published phone: 0000001414 ,https://nationalsalt.lk/storage/coparate_plans_report_files/1728628686_ByQRe9ZxCN.pdf,
phone,pass,Published phone: 0000001585 ,https://nationalsalt.lk/storage/coparate_plans_report_files/1728628686_ByQRe9ZxCN.pdf,
phone,pass,Published phone: 0 0 0 0 0 0 0 645 ,https://nationalsalt.lk/storage/coparate_plans_report_files/1728628686_ByQRe9ZxCN.pdf,
phone,pass,Published phone: 0000000897 ,https://nationalsalt.lk/storage/coparate_plans_report_files/1728628686_ByQRe9ZxCN.pdf,
phone,pass,Published phone: 0000471765 ,https://nationalsalt.lk/storage/coparate_plans_report_files/1728628686_ByQRe9ZxCN.pdf,
phone,pass,Published phone: 0000128338 ,https://nationalsalt.lk/storage/coparate_plans_report_files/1728628686_ByQRe9ZxCN.pdf,
phone,pass,Published phone: 0000000126 ,https://nationalsalt.lk/storage/coparate_plans_report_files/1728628686_ByQRe9ZxCN.pdf,
phone,pass,Published phone: 0000001112 ,https://nationalsalt.lk/storage/coparate_plans_report_files/1728628686_ByQRe9ZxCN.pdf,
phone,pass,Published phone: 0000002344 ,https://nationalsalt.lk/storage/coparate_plans_report_files/1728628686_ByQRe9ZxCN.pdf,
phone,pass,Published phone: 0000002169 ,https://nationalsalt.lk/storage/coparate_plans_report_files/1728628686_ByQRe9ZxCN.pdf,
phone,pass,Published phone: 0000002059 ,https://nationalsalt.lk/storage/coparate_plans_report_files/1728628686_ByQRe9ZxCN.pdf,
phone,pass,Published phone: 0000000463 ,https://nationalsalt.lk/storage/coparate_plans_report_files/1728628686_ByQRe9ZxCN.pdf,
phone,pass,Published phone: 0 754 598 531 ,https://nationalsalt.lk/storage/coparate_plans_report_files/1728628686_ByQRe9ZxCN.pdf,
phone,pass,Published phone: 0000001734 ,https://nationalsalt.lk/storage/coparate_plans_report_files/1728628686_ByQRe9ZxCN.pdf,
phone,pass,Published phone: 0000000985 ,https://nationalsalt.lk/storage/coparate_plans_report_files/1728628686_ByQRe9ZxCN.pdf,
phone,pass,Published phone: 0000000287 ,https://nationalsalt.lk/storage/coparate_plans_report_files/1728628686_ByQRe9ZxCN.pdf,
phone,pass,Published phone: 0000000358 ,https://nationalsalt.lk/storage/coparate_plans_report_files/1728628686_ByQRe9ZxCN.pdf,
phone,pass,Published phone: 0000000282 ,https://nationalsalt.lk/storage/coparate_plans_report_files/1728628686_ByQRe9ZxCN.pdf,
phone,pass,Published phone: 0000304339 ,https://nationalsalt.lk/storage/coparate_plans_report_files/1728628686_ByQRe9ZxCN.pdf,
phone,pass,Published phone: 0000000195 ,https://nationalsalt.lk/storage/coparate_plans_report_files/1728628686_ByQRe9ZxCN.pdf,
phone,pass,Published phone: 0000001196 ,https://nationalsalt.lk/storage/coparate_plans_report_files/1728628686_ByQRe9ZxCN.pdf,
phone,pass,Published phone: 0000001249 ,https://nationalsalt.lk/storage/coparate_plans_report_files/1728628686_ByQRe9ZxCN.pdf,
phone,pass,Published phone: 0000000557 ,https://nationalsalt.lk/storage/coparate_plans_report_files/1728628686_ByQRe9ZxCN.pdf,
phone,pass,Published phone: 0000000578 ,https://nationalsalt.lk/storage/coparate_plans_report_files/1728628686_ByQRe9ZxCN.pdf,
phone,pass,Published phone: 0000002115 ,https://nationalsalt.lk/storage/coparate_plans_report_files/1728628686_ByQRe9ZxCN.pdf,
phone,pass,Published phone: 0000000218 ,https://nationalsalt.lk/storage/coparate_plans_report_files/1728628686_ByQRe9ZxCN.pdf,
phone,pass,Published phone: 0000000560 ,https://nationalsalt.lk/storage/coparate_plans_report_files/1728628686_ByQRe9ZxCN.pdf,
phone,pass,Published phone: 0000001751 ,https://nationalsalt.lk/storage/coparate_plans_report_files/1728628686_ByQRe9ZxCN.pdf,
phone,pass,Published phone: 0000001483 ,https://nationalsalt.lk/storage/coparate_plans_report_files/1728628686_ByQRe9ZxCN.pdf,
phone,pass,Published phone: 0000001114 ,https://nationalsalt.lk/storage/coparate_plans_report_files/1728628686_ByQRe9ZxCN.pdf,
phone,pass,Published phone: 0000000383 ,https://nationalsalt.lk/storage/coparate_plans_report_files/1728628686_ByQRe9ZxCN.pdf,
phone,pass,Published phone: 0000000381 ,https://nationalsalt.lk/storage/coparate_plans_report_files/1728628686_ByQRe9ZxCN.pdf,
phone,pass,Published phone: 0000000989 ,https://nationalsalt.lk/storage/coparate_plans_report_files/1728628686_ByQRe9ZxCN.pdf,
phone,pass,Published phone: 0000001135 ,https://nationalsalt.lk/storage/coparate_plans_report_files/1728628686_ByQRe9ZxCN.pdf,
phone,pass,Published phone: 0000000577 ,https://nationalsalt.lk/storage/coparate_plans_report_files/1728628686_ByQRe9ZxCN.pdf,
phone,pass,Published phone: 0000001484 ,https://nationalsalt.lk/storage/coparate_plans_report_files/1728628686_ByQRe9ZxCN.pdf,
phone,pass,Published phone: 0000001907 ,https://nationalsalt.lk/storage/coparate_plans_report_files/1728628686_ByQRe9ZxCN.pdf,
phone,pass,Published phone: 0000001526 ,https://nationalsalt.lk/storage/coparate_plans_report_files/1728628686_ByQRe9ZxCN.pdf,
phone,pass,Published phone: 0000002303 ,https://nationalsalt.lk/storage/coparate_plans_report_files/1728628686_ByQRe9ZxCN.pdf,
phone,pass,Published phone: 0000000322 ,https://nationalsalt.lk/storage/coparate_plans_report_files/1728628686_ByQRe9ZxCN.pdf,
phone,pass,Published phone: 0000001369 ,https://nationalsalt.lk/storage/coparate_plans_report_files/1728628686_ByQRe9ZxCN.pdf,
phone,pass,Published phone: 0000001202 ,https://nationalsalt.lk/storage/coparate_plans_report_files/1728628686_ByQRe9ZxCN.pdf,
phone,pass,Published phone: 0000000586 ,https://nationalsalt.lk/storage/coparate_plans_report_files/1728628686_ByQRe9ZxCN.pdf,
phone,pass,Published phone: 0000001829 ,https://nationalsalt.lk/storage/coparate_plans_report_files/1728628686_ByQRe9ZxCN.pdf,
phone,pass,Published phone: 0000001093 ,https://nationalsalt.lk/storage/coparate_plans_report_files/1728628686_ByQRe9ZxCN.pdf,
phone,pass,Published phone: 0000001609 ,https://nationalsalt.lk/storage/coparate_plans_report_files/1728628686_ByQRe9ZxCN.pdf,
phone,pass,Published phone: 0000000645 ,https://nationalsalt.lk/storage/coparate_plans_report_files/1728628686_ByQRe9ZxCN.pdf,
phone,pass,Published phone: 0 497 242 861 ,https://nationalsalt.lk/storage/coparate_plans_report_files/1728628686_ByQRe9ZxCN.pdf,
phone,pass,Published phone: 0000001062 ,https://nationalsalt.lk/storage/coparate_plans_report_files/1728628686_ByQRe9ZxCN.pdf,
phone,pass,Published phone: 0000001954 ,https://nationalsalt.lk/storage/coparate_plans_report_files/1728628686_ByQRe9ZxCN.pdf,
phone,pass,Published phone: 0000002261 ,https://nationalsalt.lk/storage/coparate_plans_report_files/1728628686_ByQRe9ZxCN.pdf,
phone,pass,Published phone: 0000002302 ,https://nationalsalt.lk/storage/coparate_plans_report_files/1728628686_ByQRe9ZxCN.pdf,
phone,pass,Published phone: 0000002214 ,https://nationalsalt.lk/storage/coparate_plans_report_files/1728628686_ByQRe9ZxCN.pdf,
phone,pass,Published phone: 0000000277 ,https://nationalsalt.lk/storage/coparate_plans_report_files/1728628686_ByQRe9ZxCN.pdf,
phone,pass,Published phone: 0000000802 ,https://nationalsalt.lk/storage/coparate_plans_report_files/1728628686_ByQRe9ZxCN.pdf,
phone,pass,Published phone: 0000002038 ,https://nationalsalt.lk/storage/coparate_plans_report_files/1728628686_ByQRe9ZxCN.pdf,
phone,pass,Published phone: 0000001550 ,https://nationalsalt.lk/storage/coparate_plans_report_files/1728628686_ByQRe9ZxCN.pdf,
phone,pass,Published phone: 0000001627 ,https://nationalsalt.lk/storage/coparate_plans_report_files/1728628686_ByQRe9ZxCN.pdf,
phone,pass,Published phone: 0000152041 ,https://nationalsalt.lk/storage/coparate_plans_report_files/1728628686_ByQRe9ZxCN.pdf,
phone,pass,Published phone: 0000001029 ,https://nationalsalt.lk/storage/coparate_plans_report_files/1728628686_ByQRe9ZxCN.pdf,
phone,pass,Published phone: 0000001871 ,https://nationalsalt.lk/storage/coparate_plans_report_files/1728628686_ByQRe9ZxCN.pdf,
phone,pass,Published phone: 0000001288 ,https://nationalsalt.lk/storage/coparate_plans_report_files/1728628686_ByQRe9ZxCN.pdf,
phone,pass,Published phone: 0000001557 ,https://nationalsalt.lk/storage/coparate_plans_report_files/1728628686_ByQRe9ZxCN.pdf,
phone,pass,Published phone: 0000000269 ,https://nationalsalt.lk/storage/coparate_plans_report_files/1728628686_ByQRe9ZxCN.pdf,
phone,pass,Published phone: 0000000817 ,https://nationalsalt.lk/storage/coparate_plans_report_files/1728628686_ByQRe9ZxCN.pdf,
phone,pass,Published phone: 0000002332 ,https://nationalsalt.lk/storage/coparate_plans_report_files/1728628686_ByQRe9ZxCN.pdf,
phone,pass,Published phone: 0000000575 ,https://nationalsalt.lk/storage/coparate_plans_report_files/1728628686_ByQRe9ZxCN.pdf,
phone,pass,Published phone: 0000000908 ,https://nationalsalt.lk/storage/coparate_plans_report_files/1728628686_ByQRe9ZxCN.pdf,
phone,pass,Published phone: 0000002094 ,https://nationalsalt.lk/storage/coparate_plans_report_files/1728628686_ByQRe9ZxCN.pdf,
phone,pass,Published phone: 0000002257 ,https://nationalsalt.lk/storage/coparate_plans_report_files/1728628686_ByQRe9ZxCN.pdf,
phone,pass,Published phone: 0000001461 ,https://nationalsalt.lk/storage/coparate_plans_report_files/1728628686_ByQRe9ZxCN.pdf,
phone,pass,Published phone: 0000002112 ,https://nationalsalt.lk/storage/coparate_plans_report_files/1728628686_ByQRe9ZxCN.pdf,
phone,pass,Published phone: 0000000144 ,https://nationalsalt.lk/storage/coparate_plans_report_files/1728628686_ByQRe9ZxCN.pdf,
phone,pass,Published phone: 0000000457 ,https://nationalsalt.lk/storage/coparate_plans_report_files/1728628686_ByQRe9ZxCN.pdf,
phone,pass,Published phone: 0000000755 ,https://nationalsalt.lk/storage/coparate_plans_report_files/1728628686_ByQRe9ZxCN.pdf,
phone,pass,Published phone: 0000001763 ,https://nationalsalt.lk/storage/coparate_plans_report_files/1728628686_ByQRe9ZxCN.pdf,
phone,pass,Published phone: 0000109947 ,https://nationalsalt.lk/storage/coparate_plans_report_files/1728628686_ByQRe9ZxCN.pdf,
phone,pass,Published phone: 0000000620 ,https://nationalsalt.lk/storage/coparate_plans_report_files/1728628686_ByQRe9ZxCN.pdf,
phone,pass,Published phone: 0000002392 ,https://nationalsalt.lk/storage/coparate_plans_report_files/1728628686_ByQRe9ZxCN.pdf,
phone,pass,Published phone: 0000000906 ,https://nationalsalt.lk/storage/coparate_plans_report_files/1728628686_ByQRe9ZxCN.pdf,
phone,pass,Published phone: 0000000952 ,https://nationalsalt.lk/storage/coparate_plans_report_files/1728628686_ByQRe9ZxCN.pdf,
phone,pass,Published phone: 0000000810 ,https://nationalsalt.lk/storage/coparate_plans_report_files/1728628686_ByQRe9ZxCN.pdf,
phone,pass,Published phone: 0000033746 ,https://nationalsalt.lk/storage/coparate_plans_report_files/1728628686_ByQRe9ZxCN.pdf,
phone,pass,Published phone: 0000000410 ,https://nationalsalt.lk/storage/coparate_plans_report_files/1728628686_ByQRe9ZxCN.pdf,
phone,pass,Published phone: 0000001322 ,https://nationalsalt.lk/storage/coparate_plans_report_files/1728628686_ByQRe9ZxCN.pdf,
phone,pass,Published phone: 0000001650 ,https://nationalsalt.lk/storage/coparate_plans_report_files/1728628686_ByQRe9ZxCN.pdf,
phone,pass,Published phone: 0000001245 ,https://nationalsalt.lk/storage/coparate_plans_report_files/1728628686_ByQRe9ZxCN.pdf,
phone,pass,Published phone: 0000002242 ,https://nationalsalt.lk/storage/coparate_plans_report_files/1728628686_ByQRe9ZxCN.pdf,
phone,pass,Published phone: 0000000941 ,https://nationalsalt.lk/storage/coparate_plans_report_files/1728628686_ByQRe9ZxCN.pdf,
phone,pass,Published phone: 0000002335 ,https://nationalsalt.lk/storage/coparate_plans_report_files/1728628686_ByQRe9ZxCN.pdf,
phone,pass,Published phone: 0000000785 ,https://nationalsalt.lk/storage/coparate_plans_report_files/1728628686_ByQRe9ZxCN.pdf,
phone,pass,Published phone: 0000000657 ,https://nationalsalt.lk/storage/coparate_plans_report_files/1728628686_ByQRe9ZxCN.pdf,
phone,pass,Published phone: 0000000264 ,https://nationalsalt.lk/storage/coparate_plans_report_files/1728628686_ByQRe9ZxCN.pdf,
phone,pass,Published phone: 0000500250 ,https://nationalsalt.lk/storage/coparate_plans_report_files/1728628686_ByQRe9ZxCN.pdf,
phone,pass,Published phone: 0000000171 ,https://nationalsalt.lk/storage/coparate_plans_report_files/1728628686_ByQRe9ZxCN.pdf,
phone,pass,Published phone: 0000000435 ,https://nationalsalt.lk/storage/coparate_plans_report_files/1728628686_ByQRe9ZxCN.pdf,
phone,pass,Published phone: 0000002398 ,https://nationalsalt.lk/storage/coparate_plans_report_files/1728628686_ByQRe9ZxCN.pdf,
phone,pass,Published phone: 0000000130 ,https://nationalsalt.lk/storage/coparate_plans_report_files/1728628686_ByQRe9ZxCN.pdf,
phone,pass,Published phone: 0000001470 ,https://nationalsalt.lk/storage/coparate_plans_report_files/1728628686_ByQRe9ZxCN.pdf,
phone,pass,Published phone: 0000001551 ,https://nationalsalt.lk/storage/coparate_plans_report_files/1728628686_ByQRe9ZxCN.pdf,
phone,pass,Published phone: 0000001779 ,https://nationalsalt.lk/storage/coparate_plans_report_files/1728628686_ByQRe9ZxCN.pdf,
phone,pass,Published phone: 0000002105 ,https://nationalsalt.lk/storage/coparate_plans_report_files/1728628686_ByQRe9ZxCN.pdf,
phone,pass,Published phone: 0000001203 ,https://nationalsalt.lk/storage/coparate_plans_report_files/1728628686_ByQRe9ZxCN.pdf,
phone,pass,Published phone: 0000000182 ,https://nationalsalt.lk/storage/coparate_plans_report_files/1728628686_ByQRe9ZxCN.pdf,
phone,pass,Published phone: 0000001328 ,https://nationalsalt.lk/storage/coparate_plans_report_files/1728628686_ByQRe9ZxCN.pdf,
phone,pass,Published phone: 0000000430 ,https://nationalsalt.lk/storage/coparate_plans_report_files/1728628686_ByQRe9ZxCN.pdf,
phone,pass,Published phone: 0000000297 ,https://nationalsalt.lk/storage/coparate_plans_report_files/1728628686_ByQRe9ZxCN.pdf,
phone,pass,Published phone: 0000001499 ,https://nationalsalt.lk/storage/coparate_plans_report_files/1728628686_ByQRe9ZxCN.pdf,
phone,pass,Published phone: 0000000567 ,https://nationalsalt.lk/storage/coparate_plans_report_files/1728628686_ByQRe9ZxCN.pdf,
phone,pass,Published phone: 0000001668 ,https://nationalsalt.lk/storage/coparate_plans_report_files/1728628686_ByQRe9ZxCN.pdf,
phone,pass,Published phone: 0000001491 ,https://nationalsalt.lk/storage/coparate_plans_report_files/1728628686_ByQRe9ZxCN.pdf,
phone,pass,Published phone: 0000001531 ,https://nationalsalt.lk/storage/coparate_plans_report_files/1728628686_ByQRe9ZxCN.pdf,
phone,pass,Published phone: 0000001981 ,https://nationalsalt.lk/storage/coparate_plans_report_files/1728628686_ByQRe9ZxCN.pdf,
phone,pass,Published phone: 0000002093 ,https://nationalsalt.lk/storage/coparate_plans_report_files/1728628686_ByQRe9ZxCN.pdf,
phone,pass,Published phone: 0 0 0 0 906 865 ,https://nationalsalt.lk/storage/coparate_plans_report_files/1728628686_ByQRe9ZxCN.pdf,
phone,pass,Published phone: 0000002235 ,https://nationalsalt.lk/storage/coparate_plans_report_files/1728628686_ByQRe9ZxCN.pdf,
phone,pass,Published phone: 0000001793 ,https://nationalsalt.lk/storage/coparate_plans_report_files/1728628686_ByQRe9ZxCN.pdf,
phone,pass,Published phone: 0000001494 ,https://nationalsalt.lk/storage/coparate_plans_report_files/1728628686_ByQRe9ZxCN.pdf,
phone,pass,Published phone: 0000002111 ,https://nationalsalt.lk/storage/coparate_plans_report_files/1728628686_ByQRe9ZxCN.pdf,
phone,pass,Published phone: 0000001807 ,https://nationalsalt.lk/storage/coparate_plans_report_files/1728628686_ByQRe9ZxCN.pdf,
phone,pass,Published phone: 0000002207 ,https://nationalsalt.lk/storage/coparate_plans_report_files/1728628686_ByQRe9ZxCN.pdf,
phone,pass,Published phone: 0000002355 ,https://nationalsalt.lk/storage/coparate_plans_report_files/1728628686_ByQRe9ZxCN.pdf,
phone,pass,Published phone: 0000001352 ,https://nationalsalt.lk/storage/coparate_plans_report_files/1728628686_ByQRe9ZxCN.pdf,
phone,pass,Published phone: 0000000816 ,https://nationalsalt.lk/storage/coparate_plans_report_files/1728628686_ByQRe9ZxCN.pdf,
phone,pass,Published phone: 0000000999 ,https://nationalsalt.lk/storage/coparate_plans_report_files/1728628686_ByQRe9ZxCN.pdf,
phone,pass,Published phone: 0000001591 ,https://nationalsalt.lk/storage/coparate_plans_report_files/1728628686_ByQRe9ZxCN.pdf,
phone,pass,Published phone: 0000001837 ,https://nationalsalt.lk/storage/coparate_plans_report_files/1728628686_ByQRe9ZxCN.pdf,
phone,pass,Published phone: 0000001279 ,https://nationalsalt.lk/storage/coparate_plans_report_files/1728628686_ByQRe9ZxCN.pdf,
phone,pass,Published phone: 0000000706 ,https://nationalsalt.lk/storage/coparate_plans_report_files/1728628686_ByQRe9ZxCN.pdf,
phone,pass,Published phone: 0000000961 ,https://nationalsalt.lk/storage/coparate_plans_report_files/1728628686_ByQRe9ZxCN.pdf,
phone,pass,Published phone: 0000003227 ,https://nationalsalt.lk/storage/coparate_plans_report_files/1728628686_ByQRe9ZxCN.pdf,
phone,pass,Published phone: 0000305306 ,https://nationalsalt.lk/storage/coparate_plans_report_files/1728628686_ByQRe9ZxCN.pdf,
phone,pass,Published phone: 0000000733 ,https://nationalsalt.lk/storage/coparate_plans_report_files/1728628686_ByQRe9ZxCN.pdf,
phone,pass,Published phone: 0000001840 ,https://nationalsalt.lk/storage/coparate_plans_report_files/1728628686_ByQRe9ZxCN.pdf,
phone,pass,Published phone: 0000000756 ,https://nationalsalt.lk/storage/coparate_plans_report_files/1728628686_ByQRe9ZxCN.pdf,
phone,pass,Published phone: 0000001031 ,https://nationalsalt.lk/storage/coparate_plans_report_files/1728628686_ByQRe9ZxCN.pdf,
phone,pass,Published phone: 0000001712 ,https://nationalsalt.lk/storage/coparate_plans_report_files/1728628686_ByQRe9ZxCN.pdf,
phone,pass,Published phone: 00 500 278 27,https://nationalsalt.lk/storage/coparate_plans_report_files/1728628686_ByQRe9ZxCN.pdf,
phone,pass,Published phone: 0000000402 ,https://nationalsalt.lk/storage/coparate_plans_report_files/1728628686_ByQRe9ZxCN.pdf,
phone,pass,Published phone: 0000001894 ,https://nationalsalt.lk/storage/coparate_plans_report_files/1728628686_ByQRe9ZxCN.pdf,
phone,pass,Published phone: 0000000539 ,https://nationalsalt.lk/storage/coparate_plans_report_files/1728628686_ByQRe9ZxCN.pdf,
phone,pass,Published phone: 0000001643 ,https://nationalsalt.lk/storage/coparate_plans_report_files/1728628686_ByQRe9ZxCN.pdf,
phone,pass,Published phone: 0000001466 ,https://nationalsalt.lk/storage/coparate_plans_report_files/1728628686_ByQRe9ZxCN.pdf,
phone,pass,Published phone: 0000001389 ,https://nationalsalt.lk/storage/coparate_plans_report_files/1728628686_ByQRe9ZxCN.pdf,
phone,pass,Published phone: 0000000512 ,https://nationalsalt.lk/storage/coparate_plans_report_files/1728628686_ByQRe9ZxCN.pdf,
phone,pass,Published phone: 0000000352 ,https://nationalsalt.lk/storage/coparate_plans_report_files/1728628686_ByQRe9ZxCN.pdf,
phone,pass,Published phone: 0000001026 ,https://nationalsalt.lk/storage/coparate_plans_report_files/1728628686_ByQRe9ZxCN.pdf,
phone,pass,Published phone: 0000000199 ,https://nationalsalt.lk/storage/coparate_plans_report_files/1728628686_ByQRe9ZxCN.pdf,
phone,pass,Published phone: 0000000736 ,https://nationalsalt.lk/storage/coparate_plans_report_files/1728628686_ByQRe9ZxCN.pdf,
phone,pass,Published phone: 0000001334 ,https://nationalsalt.lk/storage/coparate_plans_report_files/1728628686_ByQRe9ZxCN.pdf,
phone,pass,Published phone: 0000001865 ,https://nationalsalt.lk/storage/coparate_plans_report_files/1728628686_ByQRe9ZxCN.pdf,
phone,pass,Published phone: 0000002041 ,https://nationalsalt.lk/storage/coparate_plans_report_files/1728628686_ByQRe9ZxCN.pdf,
phone,pass,Published phone: 0000000561 ,https://nationalsalt.lk/storage/coparate_plans_report_files/1728628686_ByQRe9ZxCN.pdf,
phone,pass,Published phone: 0000001019 ,https://nationalsalt.lk/storage/coparate_plans_report_files/1728628686_ByQRe9ZxCN.pdf,
phone,pass,Published phone: 0000002168 ,https://nationalsalt.lk/storage/coparate_plans_report_files/1728628686_ByQRe9ZxCN.pdf,
phone,pass,Published phone: 0000002025 ,https://nationalsalt.lk/storage/coparate_plans_report_files/1728628686_ByQRe9ZxCN.pdf,
phone,pass,Published phone: 0000000919 ,https://nationalsalt.lk/storage/coparate_plans_report_files/1728628686_ByQRe9ZxCN.pdf,
phone,pass,Published phone: 0000001425 ,https://nationalsalt.lk/storage/coparate_plans_report_files/1728628686_ByQRe9ZxCN.pdf,
phone,pass,Published phone: 0000001502 ,https://nationalsalt.lk/storage/coparate_plans_report_files/1728628686_ByQRe9ZxCN.pdf,
phone,pass,Published phone: 0000000443 ,https://nationalsalt.lk/storage/coparate_plans_report_files/1728628686_ByQRe9ZxCN.pdf,
phone,pass,Published phone: 0000001744 ,https://nationalsalt.lk/storage/coparate_plans_report_files/1728628686_ByQRe9ZxCN.pdf,
phone,pass,Published phone: 0000002103 ,https://nationalsalt.lk/storage/coparate_plans_report_files/1728628686_ByQRe9ZxCN.pdf,
phone,pass,Published phone: 0000000136 ,https://nationalsalt.lk/storage/coparate_plans_report_files/1728628686_ByQRe9ZxCN.pdf,
phone,pass,Published phone: 0000000688 ,https://nationalsalt.lk/storage/coparate_plans_report_files/1728628686_ByQRe9ZxCN.pdf,
phone,pass,Published phone: 0000244074 ,https://nationalsalt.lk/storage/coparate_plans_report_files/1728628686_ByQRe9ZxCN.pdf,
phone,pass,Published phone: 0000177975 ,https://nationalsalt.lk/storage/coparate_plans_report_files/1728628686_ByQRe9ZxCN.pdf,
phone,pass,Published phone: 0000001010 ,https://nationalsalt.lk/storage/coparate_plans_report_files/1728628686_ByQRe9ZxCN.pdf,
phone,pass,Published phone: 0000000482 ,https://nationalsalt.lk/storage/coparate_plans_report_files/1728628686_ByQRe9ZxCN.pdf,
phone,pass,Published phone: 0000000683 ,https://nationalsalt.lk/storage/coparate_plans_report_files/1728628686_ByQRe9ZxCN.pdf,
phone,pass,Published phone: 0000000968 ,https://nationalsalt.lk/storage/coparate_plans_report_files/1728628686_ByQRe9ZxCN.pdf,
phone,pass,Published phone: 0000000986 ,https://nationalsalt.lk/storage/coparate_plans_report_files/1728628686_ByQRe9ZxCN.pdf,
phone,pass,Published phone: 0000001072 ,https://nationalsalt.lk/storage/coparate_plans_report_files/1728628686_ByQRe9ZxCN.pdf,
phone,pass,Published phone: 0000001218 ,https://nationalsalt.lk/storage/coparate_plans_report_files/1728628686_ByQRe9ZxCN.pdf,
phone,pass,Published phone: 0000000427 ,https://nationalsalt.lk/storage/coparate_plans_report_files/1728628686_ByQRe9ZxCN.pdf,
phone,pass,Published phone: 0000050707 ,https://nationalsalt.lk/storage/coparate_plans_report_files/1728628686_ByQRe9ZxCN.pdf,
phone,pass,Published phone: 0000000734 ,https://nationalsalt.lk/storage/coparate_plans_report_files/1728628686_ByQRe9ZxCN.pdf,
phone,pass,Published phone: 0000002301 ,https://nationalsalt.lk/storage/coparate_plans_report_files/1728628686_ByQRe9ZxCN.pdf,
phone,pass,Published phone: 0000002135 ,https://nationalsalt.lk/storage/coparate_plans_report_files/1728628686_ByQRe9ZxCN.pdf,
phone,pass,Published phone: 0000000668 ,https://nationalsalt.lk/storage/coparate_plans_report_files/1728628686_ByQRe9ZxCN.pdf,
phone,pass,Published phone: 0000091686 ,https://nationalsalt.lk/storage/coparate_plans_report_files/1728628686_ByQRe9ZxCN.pdf,
phone,pass,Published phone: 0000000625 ,https://nationalsalt.lk/storage/coparate_plans_report_files/1728628686_ByQRe9ZxCN.pdf,
phone,pass,Published phone: 0000002192 ,https://nationalsalt.lk/storage/coparate_plans_report_files/1728628686_ByQRe9ZxCN.pdf,
phone,pass,Published phone: 0000001611 ,https://nationalsalt.lk/storage/coparate_plans_report_files/1728628686_ByQRe9ZxCN.pdf,
phone,pass,Published phone: 0000000292 ,https://nationalsalt.lk/storage/coparate_plans_report_files/1728628686_ByQRe9ZxCN.pdf,
phone,pass,Published phone: 0000001714 ,https://nationalsalt.lk/storage/coparate_plans_report_files/1728628686_ByQRe9ZxCN.pdf,
phone,pass,Published phone: 0000001359 ,https://nationalsalt.lk/storage/coparate_plans_report_files/1728628686_ByQRe9ZxCN.pdf,
phone,pass,Published phone: 0000000729 ,https://nationalsalt.lk/storage/coparate_plans_report_files/1728628686_ByQRe9ZxCN.pdf,
phone,pass,Published phone: 0000000864 ,https://nationalsalt.lk/storage/coparate_plans_report_files/1728628686_ByQRe9ZxCN.pdf,
phone,pass,Published phone: 0000001383 ,https://nationalsalt.lk/storage/coparate_plans_report_files/1728628686_ByQRe9ZxCN.pdf,
phone,pass,Published phone: 0000000283 ,https://nationalsalt.lk/storage/coparate_plans_report_files/1728628686_ByQRe9ZxCN.pdf,
phone,pass,Published phone: 0000000792 ,https://nationalsalt.lk/storage/coparate_plans_report_files/1728628686_ByQRe9ZxCN.pdf,
phone,pass,Published phone: 0000000713 ,https://nationalsalt.lk/storage/coparate_plans_report_files/1728628686_ByQRe9ZxCN.pdf,
phone,pass,Published phone: 0000001696 ,https://nationalsalt.lk/storage/coparate_plans_report_files/1728628686_ByQRe9ZxCN.pdf,
phone,pass,Published phone: 0000001539 ,https://nationalsalt.lk/storage/coparate_plans_report_files/1728628686_ByQRe9ZxCN.pdf,
phone,pass,Published phone: 0000000498 ,https://nationalsalt.lk/storage/coparate_plans_report_files/1728628686_ByQRe9ZxCN.pdf,
phone,pass,Published phone: 0000000489 ,https://nationalsalt.lk/storage/coparate_plans_report_files/1728628686_ByQRe9ZxCN.pdf,
phone,pass,Published phone: 0000447191 ,https://nationalsalt.lk/storage/coparate_plans_report_files/1728628686_ByQRe9ZxCN.pdf,
phone,pass,Published phone: 0000001311 ,https://nationalsalt.lk/storage/coparate_plans_report_files/1728628686_ByQRe9ZxCN.pdf,
phone,pass,Published phone: 0000001158 ,https://nationalsalt.lk/storage/coparate_plans_report_files/1728628686_ByQRe9ZxCN.pdf,
phone,pass,Published phone: 0000001918 ,https://nationalsalt.lk/storage/coparate_plans_report_files/1728628686_ByQRe9ZxCN.pdf,
phone,pass,Published phone: 0000000259 ,https://nationalsalt.lk/storage/coparate_plans_report_files/1728628686_ByQRe9ZxCN.pdf,
phone,pass,Published phone: 0000002305 ,https://nationalsalt.lk/storage/coparate_plans_report_files/1728628686_ByQRe9ZxCN.pdf,
phone,pass,Published phone: 0000000822 ,https://nationalsalt.lk/storage/coparate_plans_report_files/1728628686_ByQRe9ZxCN.pdf,
phone,pass,Published phone: 0000001597 ,https://nationalsalt.lk/storage/coparate_plans_report_files/1728628686_ByQRe9ZxCN.pdf,
phone,pass,Published phone: 0000002244 ,https://nationalsalt.lk/storage/coparate_plans_report_files/1728628686_ByQRe9ZxCN.pdf,
phone,pass,Published phone: 0000001113 ,https://nationalsalt.lk/storage/coparate_plans_report_files/1728628686_ByQRe9ZxCN.pdf,
phone,pass,Published phone: 0000001308 ,https://nationalsalt.lk/storage/coparate_plans_report_files/1728628686_ByQRe9ZxCN.pdf,
phone,pass,Published phone: 0000000926 ,https://nationalsalt.lk/storage/coparate_plans_report_files/1728628686_ByQRe9ZxCN.pdf,
phone,pass,Published phone: 0000002227 ,https://nationalsalt.lk/storage/coparate_plans_report_files/1728628686_ByQRe9ZxCN.pdf,
phone,pass,Published phone: 0000003627 ,https://nationalsalt.lk/storage/coparate_plans_report_files/1728628686_ByQRe9ZxCN.pdf,
phone,pass,Published phone: 0000001929 ,https://nationalsalt.lk/storage/coparate_plans_report_files/1728628686_ByQRe9ZxCN.pdf,
phone,pass,Published phone: 0000001188 ,https://nationalsalt.lk/storage/coparate_plans_report_files/1728628686_ByQRe9ZxCN.pdf,
phone,pass,Published phone: 0000001974 ,https://nationalsalt.lk/storage/coparate_plans_report_files/1728628686_ByQRe9ZxCN.pdf,
phone,pass,Published phone: 0000087187 ,https://nationalsalt.lk/storage/coparate_plans_report_files/1728628686_ByQRe9ZxCN.pdf,
phone,pass,Published phone: 0000000347 ,https://nationalsalt.lk/storage/coparate_plans_report_files/1728628686_ByQRe9ZxCN.pdf,
phone,pass,Published phone: 0000001299 ,https://nationalsalt.lk/storage/coparate_plans_report_files/1728628686_ByQRe9ZxCN.pdf,
phone,pass,Published phone: 0000000622 ,https://nationalsalt.lk/storage/coparate_plans_report_files/1728628686_ByQRe9ZxCN.pdf,
phone,pass,Published phone: 0000001336 ,https://nationalsalt.lk/storage/coparate_plans_report_files/1728628686_ByQRe9ZxCN.pdf,
phone,pass,Published phone: 0000000869 ,https://nationalsalt.lk/storage/coparate_plans_report_files/1728628686_ByQRe9ZxCN.pdf,
phone,pass,Published phone: 0000001866 ,https://nationalsalt.lk/storage/coparate_plans_report_files/1728628686_ByQRe9ZxCN.pdf,
phone,pass,Published phone: 0000000807 ,https://nationalsalt.lk/storage/coparate_plans_report_files/1728628686_ByQRe9ZxCN.pdf,
phone,pass,Published phone: 0000000704 ,https://nationalsalt.lk/storage/coparate_plans_report_files/1728628686_ByQRe9ZxCN.pdf,
phone,pass,Published phone: 0000001693 ,https://nationalsalt.lk/storage/coparate_plans_report_files/1728628686_ByQRe9ZxCN.pdf,
phone,pass,Published phone: 0000001480 ,https://nationalsalt.lk/storage/coparate_plans_report_files/1728628686_ByQRe9ZxCN.pdf,
phone,pass,Published phone: 0000001355 ,https://nationalsalt.lk/storage/coparate_plans_report_files/1728628686_ByQRe9ZxCN.pdf,
phone,pass,Published phone: 0000000432 ,https://nationalsalt.lk/storage/coparate_plans_report_files/1728628686_ByQRe9ZxCN.pdf,
phone,pass,Published phone: 0000002114 ,https://nationalsalt.lk/storage/coparate_plans_report_files/1728628686_ByQRe9ZxCN.pdf,
phone,pass,Published phone: 03 316 474 53,https://nationalsalt.lk/storage/coparate_plans_report_files/1728628686_ByQRe9ZxCN.pdf,
phone,pass,Published phone: 0000000621 ,https://nationalsalt.lk/storage/coparate_plans_report_files/1728628686_ByQRe9ZxCN.pdf,
phone,pass,Published phone: 0000000681 ,https://nationalsalt.lk/storage/coparate_plans_report_files/1728628686_ByQRe9ZxCN.pdf,
phone,pass,Published phone: 0000000942 ,https://nationalsalt.lk/storage/coparate_plans_report_files/1728628686_ByQRe9ZxCN.pdf,
phone,pass,Published phone: 00 444 333 50,https://nationalsalt.lk/storage/coparate_plans_report_files/1728628686_ByQRe9ZxCN.pdf,
phone,pass,Published phone: 0000001594 ,https://nationalsalt.lk/storage/coparate_plans_report_files/1728628686_ByQRe9ZxCN.pdf,
phone,pass,Published phone: 0000001893 ,https://nationalsalt.lk/storage/coparate_plans_report_files/1728628686_ByQRe9ZxCN.pdf,
phone,pass,Published phone: 0000001999 ,https://nationalsalt.lk/storage/coparate_plans_report_files/1728628686_ByQRe9ZxCN.pdf,
phone,pass,Published phone: 0000000922 ,https://nationalsalt.lk/storage/coparate_plans_report_files/1728628686_ByQRe9ZxCN.pdf,
phone,pass,Published phone: 0000001896 ,https://nationalsalt.lk/storage/coparate_plans_report_files/1728628686_ByQRe9ZxCN.pdf,
phone,pass,Published phone: 0 890 0 0 0 0 0 0 ,https://nationalsalt.lk/storage/coparate_plans_report_files/1728628686_ByQRe9ZxCN.pdf,
phone,pass,Published phone: 0000000444 ,https://nationalsalt.lk/storage/coparate_plans_report_files/1728628686_ByQRe9ZxCN.pdf,
phone,pass,Published phone: 0000001321 ,https://nationalsalt.lk/storage/coparate_plans_report_files/1728628686_ByQRe9ZxCN.pdf,
phone,pass,Published phone: 0000000630 ,https://nationalsalt.lk/storage/coparate_plans_report_files/1728628686_ByQRe9ZxCN.pdf,
phone,pass,Published phone: 0000082172 ,https://nationalsalt.lk/storage/coparate_plans_report_files/1728628686_ByQRe9ZxCN.pdf,
phone,pass,Published phone: 0000001629 ,https://nationalsalt.lk/storage/coparate_plans_report_files/1728628686_ByQRe9ZxCN.pdf,
phone,pass,Published phone: 0000001055 ,https://nationalsalt.lk/storage/coparate_plans_report_files/1728628686_ByQRe9ZxCN.pdf,
phone,pass,Published phone: 0000001542 ,https://nationalsalt.lk/storage/coparate_plans_report_files/1728628686_ByQRe9ZxCN.pdf,
phone,pass,Published phone: 0000001462 ,https://nationalsalt.lk/storage/coparate_plans_report_files/1728628686_ByQRe9ZxCN.pdf,
phone,pass,Published phone: 0000037798 ,https://nationalsalt.lk/storage/coparate_plans_report_files/1728628686_ByQRe9ZxCN.pdf,
phone,pass,Published phone: 0000001605 ,https://nationalsalt.lk/storage/coparate_plans_report_files/1728628686_ByQRe9ZxCN.pdf,
phone,pass,Published phone: 0000507393 ,https://nationalsalt.lk/storage/coparate_plans_report_files/1728628686_ByQRe9ZxCN.pdf,
phone,pass,Published phone: 0000001014 ,https://nationalsalt.lk/storage/coparate_plans_report_files/1728628686_ByQRe9ZxCN.pdf,
phone,pass,Published phone: 00 722 0 500 4,https://nationalsalt.lk/storage/coparate_plans_report_files/1728628686_ByQRe9ZxCN.pdf,
phone,pass,Published phone: 0000000812 ,https://nationalsalt.lk/storage/coparate_plans_report_files/1728628686_ByQRe9ZxCN.pdf,
phone,pass,Published phone: 0000000844 ,https://nationalsalt.lk/storage/coparate_plans_report_files/1728628686_ByQRe9ZxCN.pdf,
phone,pass,Published phone: 0000001465 ,https://nationalsalt.lk/storage/coparate_plans_report_files/1728628686_ByQRe9ZxCN.pdf,
phone,pass,Published phone: 0000001438 ,https://nationalsalt.lk/storage/coparate_plans_report_files/1728628686_ByQRe9ZxCN.pdf,
phone,pass,Published phone: 0000000841 ,https://nationalsalt.lk/storage/coparate_plans_report_files/1728628686_ByQRe9ZxCN.pdf,
phone,pass,Published phone: 0000001261 ,https://nationalsalt.lk/storage/coparate_plans_report_files/1728628686_ByQRe9ZxCN.pdf,
phone,pass,Published phone: 0000000462 ,https://nationalsalt.lk/storage/coparate_plans_report_files/1728628686_ByQRe9ZxCN.pdf,
phone,pass,Published phone: 0000001768 ,https://nationalsalt.lk/storage/coparate_plans_report_files/1728628686_ByQRe9ZxCN.pdf,
phone,pass,Published phone: 0000002202 ,https://nationalsalt.lk/storage/coparate_plans_report_files/1728628686_ByQRe9ZxCN.pdf,
phone,pass,Published phone: 0000001469 ,https://nationalsalt.lk/storage/coparate_plans_report_files/1728628686_ByQRe9ZxCN.pdf,
phone,pass,Published phone: 0000002225 ,https://nationalsalt.lk/storage/coparate_plans_report_files/1728628686_ByQRe9ZxCN.pdf,
phone,pass,Published phone: 0000001262 ,https://nationalsalt.lk/storage/coparate_plans_report_files/1728628686_ByQRe9ZxCN.pdf,
phone,pass,Published phone: 0000001864 ,https://nationalsalt.lk/storage/coparate_plans_report_files/1728628686_ByQRe9ZxCN.pdf,
phone,pass,Published phone: 0000143445 ,https://nationalsalt.lk/storage/coparate_plans_report_files/1728628686_ByQRe9ZxCN.pdf,
phone,pass,Published phone: 0000000203 ,https://nationalsalt.lk/storage/coparate_plans_report_files/1728628686_ByQRe9ZxCN.pdf,
phone,pass,Published phone: 0000002241 ,https://nationalsalt.lk/storage/coparate_plans_report_files/1728628686_ByQRe9ZxCN.pdf,
phone,pass,Published phone: 0000000640 ,https://nationalsalt.lk/storage/coparate_plans_report_files/1728628686_ByQRe9ZxCN.pdf,
phone,pass,Published phone: 0000001407 ,https://nationalsalt.lk/storage/coparate_plans_report_files/1728628686_ByQRe9ZxCN.pdf,
phone,pass,Published phone: 0000000132 ,https://nationalsalt.lk/storage/coparate_plans_report_files/1728628686_ByQRe9ZxCN.pdf,
phone,pass,Published phone: 0000002300 ,https://nationalsalt.lk/storage/coparate_plans_report_files/1728628686_ByQRe9ZxCN.pdf,
phone,pass,Published phone: 0000000641 ,https://nationalsalt.lk/storage/coparate_plans_report_files/1728628686_ByQRe9ZxCN.pdf,
phone,pass,Published phone: 0000002119 ,https://nationalsalt.lk/storage/coparate_plans_report_files/1728628686_ByQRe9ZxCN.pdf,
phone,pass,Published phone: 0000001549 ,https://nationalsalt.lk/storage/coparate_plans_report_files/1728628686_ByQRe9ZxCN.pdf,
phone,pass,Published phone: 0000001994 ,https://nationalsalt.lk/storage/coparate_plans_report_files/1728628686_ByQRe9ZxCN.pdf,
phone,pass,Published phone: 0000002295 ,https://nationalsalt.lk/storage/coparate_plans_report_files/1728628686_ByQRe9ZxCN.pdf,
phone,pass,Published phone: 0000002109 ,https://nationalsalt.lk/storage/coparate_plans_report_files/1728628686_ByQRe9ZxCN.pdf,
phone,pass,Published phone: 0000001939 ,https://nationalsalt.lk/storage/coparate_plans_report_files/1728628686_ByQRe9ZxCN.pdf,
phone,pass,Published phone: 0000001571 ,https://nationalsalt.lk/storage/coparate_plans_report_files/1728628686_ByQRe9ZxCN.pdf,
phone,pass,Published phone: 0000000454 ,https://nationalsalt.lk/storage/coparate_plans_report_files/1728628686_ByQRe9ZxCN.pdf,
phone,pass,Published phone: 0000002238 ,https://nationalsalt.lk/storage/coparate_plans_report_files/1728628686_ByQRe9ZxCN.pdf,
phone,pass,Published phone: 0000001374 ,https://nationalsalt.lk/storage/coparate_plans_report_files/1728628686_ByQRe9ZxCN.pdf,
phone,pass,Published phone: 0000001617 ,https://nationalsalt.lk/storage/coparate_plans_report_files/1728628686_ByQRe9ZxCN.pdf,
phone,pass,Published phone: 0000002138 ,https://nationalsalt.lk/storage/coparate_plans_report_files/1728628686_ByQRe9ZxCN.pdf,
phone,pass,Published phone: 0000001607 ,https://nationalsalt.lk/storage/coparate_plans_report_files/1728628686_ByQRe9ZxCN.pdf,
phone,pass,Published phone: 0000000117 ,https://nationalsalt.lk/storage/coparate_plans_report_files/1728628686_ByQRe9ZxCN.pdf,
phone,pass,Published phone: 0000001791 ,https://nationalsalt.lk/storage/coparate_plans_report_files/1728628686_ByQRe9ZxCN.pdf,
phone,pass,Published phone: 0000002016 ,https://nationalsalt.lk/storage/coparate_plans_report_files/1728628686_ByQRe9ZxCN.pdf,
phone,pass,Published phone: 0000001590 ,https://nationalsalt.lk/storage/coparate_plans_report_files/1728628686_ByQRe9ZxCN.pdf,
phone,pass,Published phone: 0000000111 ,https://nationalsalt.lk/storage/coparate_plans_report_files/1728628686_ByQRe9ZxCN.pdf,
phone,pass,Published phone: 0000001020 ,https://nationalsalt.lk/storage/coparate_plans_report_files/1728628686_ByQRe9ZxCN.pdf,
phone,pass,Published phone: 0000000343 ,https://nationalsalt.lk/storage/coparate_plans_report_files/1728628686_ByQRe9ZxCN.pdf,
phone,pass,Published phone: 0000356809 ,https://nationalsalt.lk/storage/coparate_plans_report_files/1728628686_ByQRe9ZxCN.pdf,
phone,pass,Published phone: 0000000112 ,https://nationalsalt.lk/storage/coparate_plans_report_files/1728628686_ByQRe9ZxCN.pdf,
phone,pass,Published phone: 0000000475 ,https://nationalsalt.lk/storage/coparate_plans_report_files/1728628686_ByQRe9ZxCN.pdf,
phone,pass,Published phone: 0000000476 ,https://nationalsalt.lk/storage/coparate_plans_report_files/1728628686_ByQRe9ZxCN.pdf,
phone,pass,Published phone: 0000001759 ,https://nationalsalt.lk/storage/coparate_plans_report_files/1728628686_ByQRe9ZxCN.pdf,
phone,pass,Published phone: 0000000242 ,https://nationalsalt.lk/storage/coparate_plans_report_files/1728628686_ByQRe9ZxCN.pdf,
phone,pass,Published phone: 0000000651 ,https://nationalsalt.lk/storage/coparate_plans_report_files/1728628686_ByQRe9ZxCN.pdf,
phone,pass,Published phone: 0000001251 ,https://nationalsalt.lk/storage/coparate_plans_report_files/1728628686_ByQRe9ZxCN.pdf,
phone,pass,Published phone: 0000001084 ,https://nationalsalt.lk/storage/coparate_plans_report_files/1728628686_ByQRe9ZxCN.pdf,
phone,pass,Published phone: 0000000235 ,https://nationalsalt.lk/storage/coparate_plans_report_files/1728628686_ByQRe9ZxCN.pdf,
phone,pass,Published phone: 0000000168 ,https://nationalsalt.lk/storage/coparate_plans_report_files/1728628686_ByQRe9ZxCN.pdf,
phone,pass,Published phone: 0000002288 ,https://nationalsalt.lk/storage/coparate_plans_report_files/1728628686_ByQRe9ZxCN.pdf,
phone,pass,Published phone: 0000000920 ,https://nationalsalt.lk/storage/coparate_plans_report_files/1728628686_ByQRe9ZxCN.pdf,
phone,pass,Published phone: 0000001186 ,https://nationalsalt.lk/storage/coparate_plans_report_files/1728628686_ByQRe9ZxCN.pdf,
phone,pass,Published phone: 0000001216 ,https://nationalsalt.lk/storage/coparate_plans_report_files/1728628686_ByQRe9ZxCN.pdf,
phone,pass,Published phone: 0000000604 ,https://nationalsalt.lk/storage/coparate_plans_report_files/1728628686_ByQRe9ZxCN.pdf,
phone,pass,Published phone: 0000000902 ,https://nationalsalt.lk/storage/coparate_plans_report_files/1728628686_ByQRe9ZxCN.pdf,
phone,pass,Published phone: 0000000710 ,https://nationalsalt.lk/storage/coparate_plans_report_files/1728628686_ByQRe9ZxCN.pdf,
phone,pass,Published phone: 0000001507 ,https://nationalsalt.lk/storage/coparate_plans_report_files/1728628686_ByQRe9ZxCN.pdf,
phone,pass,Published phone: 0000000711 ,https://nationalsalt.lk/storage/coparate_plans_report_files/1728628686_ByQRe9ZxCN.pdf,
phone,pass,Published phone: 0000002326 ,https://nationalsalt.lk/storage/coparate_plans_report_files/1728628686_ByQRe9ZxCN.pdf,
phone,pass,Published phone: 0000001182 ,https://nationalsalt.lk/storage/coparate_plans_report_files/1728628686_ByQRe9ZxCN.pdf,
phone,pass,Published phone: 0000000181 ,https://nationalsalt.lk/storage/coparate_plans_report_files/1728628686_ByQRe9ZxCN.pdf,
phone,pass,Published phone: 0000000316 ,https://nationalsalt.lk/storage/coparate_plans_report_files/1728628686_ByQRe9ZxCN.pdf,
phone,pass,Published phone: 0000001671 ,https://nationalsalt.lk/storage/coparate_plans_report_files/1728628686_ByQRe9ZxCN.pdf,
phone,pass,Published phone: 0000000356 ,https://nationalsalt.lk/storage/coparate_plans_report_files/1728628686_ByQRe9ZxCN.pdf,
phone,pass,Published phone: 0000000907 ,https://nationalsalt.lk/storage/coparate_plans_report_files/1728628686_ByQRe9ZxCN.pdf,
phone,pass,Published phone: 0000001151 ,https://nationalsalt.lk/storage/coparate_plans_report_files/1728628686_ByQRe9ZxCN.pdf,
phone,pass,Published phone: 0000002009 ,https://nationalsalt.lk/storage/coparate_plans_report_files/1728628686_ByQRe9ZxCN.pdf,
phone,pass,Published phone: 0000000687 ,https://nationalsalt.lk/storage/coparate_plans_report_files/1728628686_ByQRe9ZxCN.pdf,
phone,pass,Published phone: 0000000227 ,https://nationalsalt.lk/storage/coparate_plans_report_files/1728628686_ByQRe9ZxCN.pdf,
phone,pass,Published phone: 0000000110 ,https://nationalsalt.lk/storage/coparate_plans_report_files/1728628686_ByQRe9ZxCN.pdf,
phone,pass,Published phone: 0000000901 ,https://nationalsalt.lk/storage/coparate_plans_report_files/1728628686_ByQRe9ZxCN.pdf,
phone,pass,Published phone: 0000000379 ,https://nationalsalt.lk/storage/coparate_plans_report_files/1728628686_ByQRe9ZxCN.pdf,
phone,pass,Published phone: 0000000982 ,https://nationalsalt.lk/storage/coparate_plans_report_files/1728628686_ByQRe9ZxCN.pdf,
phone,pass,Published phone: 0000001371 ,https://nationalsalt.lk/storage/coparate_plans_report_files/1728628686_ByQRe9ZxCN.pdf,
phone,pass,Published phone: 0000002383 ,https://nationalsalt.lk/storage/coparate_plans_report_files/1728628686_ByQRe9ZxCN.pdf,
phone,pass,Published phone: 0000136294 ,https://nationalsalt.lk/storage/coparate_plans_report_files/1728628686_ByQRe9ZxCN.pdf,
phone,pass,Published phone: 0 333 333 0 0 2,https://nationalsalt.lk/storage/coparate_plans_report_files/1728628686_ByQRe9ZxCN.pdf,
phone,pass,Published phone: 0000001259 ,https://nationalsalt.lk/storage/coparate_plans_report_files/1728628686_ByQRe9ZxCN.pdf,
phone,pass,Published phone: 0000000191 ,https://nationalsalt.lk/storage/coparate_plans_report_files/1728628686_ByQRe9ZxCN.pdf,
phone,pass,Published phone: 0000000878 ,https://nationalsalt.lk/storage/coparate_plans_report_files/1728628686_ByQRe9ZxCN.pdf,
phone,pass,Published phone: 0000000635 ,https://nationalsalt.lk/storage/coparate_plans_report_files/1728628686_ByQRe9ZxCN.pdf,
phone,pass,Published phone: 0000002167 ,https://nationalsalt.lk/storage/coparate_plans_report_files/1728628686_ByQRe9ZxCN.pdf,
phone,pass,Published phone: 0000001268 ,https://nationalsalt.lk/storage/coparate_plans_report_files/1728628686_ByQRe9ZxCN.pdf,
phone,pass,Published phone: 0000000533 ,https://nationalsalt.lk/storage/coparate_plans_report_files/1728628686_ByQRe9ZxCN.pdf,
phone,pass,Published phone: 0000002184 ,https://nationalsalt.lk/storage/coparate_plans_report_files/1728628686_ByQRe9ZxCN.pdf,
phone,pass,Published phone: 0000002228 ,https://nationalsalt.lk/storage/coparate_plans_report_files/1728628686_ByQRe9ZxCN.pdf,
phone,pass,Published phone: 0000001647 ,https://nationalsalt.lk/storage/coparate_plans_report_files/1728628686_ByQRe9ZxCN.pdf,
phone,pass,Published phone: 0000002099 ,https://nationalsalt.lk/storage/coparate_plans_report_files/1728628686_ByQRe9ZxCN.pdf,
phone,pass,Published phone: 0000002101 ,https://nationalsalt.lk/storage/coparate_plans_report_files/1728628686_ByQRe9ZxCN.pdf,
phone,pass,Published phone: 0 0 0 0 0 0 0 0 0 0 ,https://nationalsalt.lk/storage/coparate_plans_report_files/1728628686_ByQRe9ZxCN.pdf,
phone,pass,Published phone: 0000000245 ,https://nationalsalt.lk/storage/coparate_plans_report_files/1728628686_ByQRe9ZxCN.pdf,
phone,pass,Published phone: 0000000642 ,https://nationalsalt.lk/storage/coparate_plans_report_files/1728628686_ByQRe9ZxCN.pdf,
phone,pass,Published phone: 0000000558 ,https://nationalsalt.lk/storage/coparate_plans_report_files/1728628686_ByQRe9ZxCN.pdf,
phone,pass,Published phone: 0000000308 ,https://nationalsalt.lk/storage/coparate_plans_report_files/1728628686_ByQRe9ZxCN.pdf,
phone,pass,Published phone: 0000000178 ,https://nationalsalt.lk/storage/coparate_plans_report_files/1728628686_ByQRe9ZxCN.pdf,
phone,pass,Published phone: 0000001326 ,https://nationalsalt.lk/storage/coparate_plans_report_files/1728628686_ByQRe9ZxCN.pdf,
phone,pass,Published phone: 0000001556 ,https://nationalsalt.lk/storage/coparate_plans_report_files/1728628686_ByQRe9ZxCN.pdf,
phone,pass,Published phone: 0000001938 ,https://nationalsalt.lk/storage/coparate_plans_report_files/1728628686_ByQRe9ZxCN.pdf,
phone,pass,Published phone: 0000000595 ,https://nationalsalt.lk/storage/coparate_plans_report_files/1728628686_ByQRe9ZxCN.pdf,
phone,pass,Published phone: 0000000773 ,https://nationalsalt.lk/storage/coparate_plans_report_files/1728628686_ByQRe9ZxCN.pdf,
phone,pass,Published phone: 0000000970 ,https://nationalsalt.lk/storage/coparate_plans_report_files/1728628686_ByQRe9ZxCN.pdf,
phone,pass,Published phone: 0000471427 ,https://nationalsalt.lk/storage/coparate_plans_report_files/1728628686_ByQRe9ZxCN.pdf,
phone,pass,Published phone: 0000002150 ,https://nationalsalt.lk/storage/coparate_plans_report_files/1728628686_ByQRe9ZxCN.pdf,
phone,pass,Published phone: 0000002313 ,https://nationalsalt.lk/storage/coparate_plans_report_files/1728628686_ByQRe9ZxCN.pdf,
phone,pass,Published phone: 0000001993 ,https://nationalsalt.lk/storage/coparate_plans_report_files/1728628686_ByQRe9ZxCN.pdf,
phone,pass,Published phone: 0000001934 ,https://nationalsalt.lk/storage/coparate_plans_report_files/1728628686_ByQRe9ZxCN.pdf,
phone,pass,Published phone: 0000001136 ,https://nationalsalt.lk/storage/coparate_plans_report_files/1728628686_ByQRe9ZxCN.pdf,
phone,pass,Published phone: 0000000404 ,https://nationalsalt.lk/storage/coparate_plans_report_files/1728628686_ByQRe9ZxCN.pdf,
phone,pass,Published phone: 0000001077 ,https://nationalsalt.lk/storage/coparate_plans_report_files/1728628686_ByQRe9ZxCN.pdf,
phone,pass,Published phone: 0000002203 ,https://nationalsalt.lk/storage/coparate_plans_report_files/1728628686_ByQRe9ZxCN.pdf,
phone,pass,Published phone: 0000001754 ,https://nationalsalt.lk/storage/coparate_plans_report_files/1728628686_ByQRe9ZxCN.pdf,
phone,pass,Published phone: 0000001869 ,https://nationalsalt.lk/storage/coparate_plans_report_files/1728628686_ByQRe9ZxCN.pdf,
phone,pass,Published phone: 0000000835 ,https://nationalsalt.lk/storage/coparate_plans_report_files/1728628686_ByQRe9ZxCN.pdf,
phone,pass,Published phone: 0000001061 ,https://nationalsalt.lk/storage/coparate_plans_report_files/1728628686_ByQRe9ZxCN.pdf,
phone,pass,Published phone: 0000000761 ,https://nationalsalt.lk/storage/coparate_plans_report_files/1728628686_ByQRe9ZxCN.pdf,
phone,pass,Published phone: 0000033103 ,https://nationalsalt.lk/storage/coparate_plans_report_files/1728628686_ByQRe9ZxCN.pdf,
phone,pass,Published phone: 0000000272 ,https://nationalsalt.lk/storage/coparate_plans_report_files/1728628686_ByQRe9ZxCN.pdf,
phone,pass,Published phone: 0000000407 ,https://nationalsalt.lk/storage/coparate_plans_report_files/1728628686_ByQRe9ZxCN.pdf,
phone,pass,Published phone: 0000002028 ,https://nationalsalt.lk/storage/coparate_plans_report_files/1728628686_ByQRe9ZxCN.pdf,
phone,pass,Published phone: 0000000563 ,https://nationalsalt.lk/storage/coparate_plans_report_files/1728628686_ByQRe9ZxCN.pdf,
phone,pass,Published phone: 0000002148 ,https://nationalsalt.lk/storage/coparate_plans_report_files/1728628686_ByQRe9ZxCN.pdf,
phone,pass,Published phone: 0000002187 ,https://nationalsalt.lk/storage/coparate_plans_report_files/1728628686_ByQRe9ZxCN.pdf,
phone,pass,Published phone: 0000128668 ,https://nationalsalt.lk/storage/coparate_plans_report_files/1728628686_ByQRe9ZxCN.pdf,
phone,pass,Published phone: 0000000409 ,https://nationalsalt.lk/storage/coparate_plans_report_files/1728628686_ByQRe9ZxCN.pdf,
phone,pass,Published phone: 0000001101 ,https://nationalsalt.lk/storage/coparate_plans_report_files/1728628686_ByQRe9ZxCN.pdf,
phone,pass,Published phone: 0000000201 ,https://nationalsalt.lk/storage/coparate_plans_report_files/1728628686_ByQRe9ZxCN.pdf,
phone,pass,Published phone: 0000001991 ,https://nationalsalt.lk/storage/coparate_plans_report_files/1728628686_ByQRe9ZxCN.pdf,
phone,pass,Published phone: 0000002275 ,https://nationalsalt.lk/storage/coparate_plans_report_files/1728628686_ByQRe9ZxCN.pdf,
phone,pass,Published phone: 0000000169 ,https://nationalsalt.lk/storage/coparate_plans_report_files/1728628686_ByQRe9ZxCN.pdf,
phone,pass,Published phone: 0000000536 ,https://nationalsalt.lk/storage/coparate_plans_report_files/1728628686_ByQRe9ZxCN.pdf,
phone,pass,Published phone: 0000001820 ,https://nationalsalt.lk/storage/coparate_plans_report_files/1728628686_ByQRe9ZxCN.pdf,
phone,pass,Published phone: 0000001372 ,https://nationalsalt.lk/storage/coparate_plans_report_files/1728628686_ByQRe9ZxCN.pdf,
phone,pass,Published phone: 0000420296 ,https://nationalsalt.lk/storage/coparate_plans_report_files/1728628686_ByQRe9ZxCN.pdf,
phone,pass,Published phone: 0000001291 ,https://nationalsalt.lk/storage/coparate_plans_report_files/1728628686_ByQRe9ZxCN.pdf,
phone,pass,Published phone: 0000001223 ,https://nationalsalt.lk/storage/coparate_plans_report_files/1728628686_ByQRe9ZxCN.pdf,
phone,pass,Published phone: 0000001665 ,https://nationalsalt.lk/storage/coparate_plans_report_files/1728628686_ByQRe9ZxCN.pdf,
phone,pass,Published phone: 0000002272 ,https://nationalsalt.lk/storage/coparate_plans_report_files/1728628686_ByQRe9ZxCN.pdf,
phone,pass,Published phone: 0000002382 ,https://nationalsalt.lk/storage/coparate_plans_report_files/1728628686_ByQRe9ZxCN.pdf,
phone,pass,Published phone: 0000001064 ,https://nationalsalt.lk/storage/coparate_plans_report_files/1728628686_ByQRe9ZxCN.pdf,
phone,pass,Published phone: 0000000516 ,https://nationalsalt.lk/storage/coparate_plans_report_files/1728628686_ByQRe9ZxCN.pdf,
phone,pass,Published phone: 0000001563 ,https://nationalsalt.lk/storage/coparate_plans_report_files/1728628686_ByQRe9ZxCN.pdf,
phone,pass,Published phone: 0000000464 ,https://nationalsalt.lk/storage/coparate_plans_report_files/1728628686_ByQRe9ZxCN.pdf,
phone,pass,Published phone: 0000001385 ,https://nationalsalt.lk/storage/coparate_plans_report_files/1728628686_ByQRe9ZxCN.pdf,
phone,pass,Published phone: 0000000737 ,https://nationalsalt.lk/storage/coparate_plans_report_files/1728628686_ByQRe9ZxCN.pdf,
phone,pass,Published phone: 0000000570 ,https://nationalsalt.lk/storage/coparate_plans_report_files/1728628686_ByQRe9ZxCN.pdf,
phone,pass,Published phone: 0000001236 ,https://nationalsalt.lk/storage/coparate_plans_report_files/1728628686_ByQRe9ZxCN.pdf,
phone,pass,Published phone: 0000002393 ,https://nationalsalt.lk/storage/coparate_plans_report_files/1728628686_ByQRe9ZxCN.pdf,
phone,pass,Published phone: 0000000260 ,https://nationalsalt.lk/storage/coparate_plans_report_files/1728628686_ByQRe9ZxCN.pdf,
phone,pass,Published phone: 0000000847 ,https://nationalsalt.lk/storage/coparate_plans_report_files/1728628686_ByQRe9ZxCN.pdf,
phone,pass,Published phone: 0000001079 ,https://nationalsalt.lk/storage/coparate_plans_report_files/1728628686_ByQRe9ZxCN.pdf,
phone,pass,Published phone: 0000001358 ,https://nationalsalt.lk/storage/coparate_plans_report_files/1728628686_ByQRe9ZxCN.pdf,
phone,pass,Published phone: 0000002387 ,https://nationalsalt.lk/storage/coparate_plans_report_files/1728628686_ByQRe9ZxCN.pdf,
phone,pass,Published phone: 0000002338 ,https://nationalsalt.lk/storage/coparate_plans_report_files/1728628686_ByQRe9ZxCN.pdf,
phone,pass,Published phone: 0000001074 ,https://nationalsalt.lk/storage/coparate_plans_report_files/1728628686_ByQRe9ZxCN.pdf,
phone,pass,Published phone: 0000000921 ,https://nationalsalt.lk/storage/coparate_plans_report_files/1728628686_ByQRe9ZxCN.pdf,
phone,pass,Published phone: 0 278 500 500 ,https://nationalsalt.lk/storage/coparate_plans_report_files/1728628686_ByQRe9ZxCN.pdf,
phone,pass,Published phone: 0000001069 ,https://nationalsalt.lk/storage/coparate_plans_report_files/1728628686_ByQRe9ZxCN.pdf,
phone,pass,Published phone: 0000001727 ,https://nationalsalt.lk/storage/coparate_plans_report_files/1728628686_ByQRe9ZxCN.pdf,
phone,pass,Published phone: 0 0 0 0 0 0 0 312 ,https://nationalsalt.lk/storage/coparate_plans_report_files/1728628686_ByQRe9ZxCN.pdf,
phone,pass,Published phone: 0000000892 ,https://nationalsalt.lk/storage/coparate_plans_report_files/1728628686_ByQRe9ZxCN.pdf,
phone,pass,Published phone: 0000002157 ,https://nationalsalt.lk/storage/coparate_plans_report_files/1728628686_ByQRe9ZxCN.pdf,
phone,pass,Published phone: 0000000914 ,https://nationalsalt.lk/storage/coparate_plans_report_files/1728628686_ByQRe9ZxCN.pdf,
phone,pass,Published phone: 0000001823 ,https://nationalsalt.lk/storage/coparate_plans_report_files/1728628686_ByQRe9ZxCN.pdf,
phone,pass,Published phone: 0000000296 ,https://nationalsalt.lk/storage/coparate_plans_report_files/1728628686_ByQRe9ZxCN.pdf,
phone,pass,Published phone: 0000000506 ,https://nationalsalt.lk/storage/coparate_plans_report_files/1728628686_ByQRe9ZxCN.pdf,
phone,pass,Published phone: 0000000528 ,https://nationalsalt.lk/storage/coparate_plans_report_files/1728628686_ByQRe9ZxCN.pdf,
phone,pass,Published phone: 0000001833 ,https://nationalsalt.lk/storage/coparate_plans_report_files/1728628686_ByQRe9ZxCN.pdf,
phone,pass,Published phone: 00106 65535 ,https://nationalsalt.lk/storage/coparate_plans_report_files/1728628686_ByQRe9ZxCN.pdf,
phone,pass,Published phone: 0000001890 ,https://nationalsalt.lk/storage/coparate_plans_report_files/1728628686_ByQRe9ZxCN.pdf,
phone,pass,Published phone: 0000000765 ,https://nationalsalt.lk/storage/coparate_plans_report_files/1728628686_ByQRe9ZxCN.pdf,
phone,pass,Published phone: 0 488 0 637 0 0 ,https://nationalsalt.lk/storage/coparate_plans_report_files/1728628686_ByQRe9ZxCN.pdf,
phone,pass,Published phone: 0000002391 ,https://nationalsalt.lk/storage/coparate_plans_report_files/1728628686_ByQRe9ZxCN.pdf,
phone,pass,Published phone: 0000000162 ,https://nationalsalt.lk/storage/coparate_plans_report_files/1728628686_ByQRe9ZxCN.pdf,
phone,pass,Published phone: 0000000747 ,https://nationalsalt.lk/storage/coparate_plans_report_files/1728628686_ByQRe9ZxCN.pdf,
phone,pass,Published phone: 0000000653 ,https://nationalsalt.lk/storage/coparate_plans_report_files/1728628686_ByQRe9ZxCN.pdf,
phone,pass,Published phone: 0000001081 ,https://nationalsalt.lk/storage/coparate_plans_report_files/1728628686_ByQRe9ZxCN.pdf,
phone,pass,Published phone: 0000000210 ,https://nationalsalt.lk/storage/coparate_plans_report_files/1728628686_ByQRe9ZxCN.pdf,
phone,pass,Published phone: 0000000659 ,https://nationalsalt.lk/storage/coparate_plans_report_files/1728628686_ByQRe9ZxCN.pdf,
phone,pass,Published phone: 0000001717 ,https://nationalsalt.lk/storage/coparate_plans_report_files/1728628686_ByQRe9ZxCN.pdf,
phone,pass,Published phone: 0000001519 ,https://nationalsalt.lk/storage/coparate_plans_report_files/1728628686_ByQRe9ZxCN.pdf,
phone,pass,Published phone: 0000001577 ,https://nationalsalt.lk/storage/coparate_plans_report_files/1728628686_ByQRe9ZxCN.pdf,
phone,pass,Published phone: 0000000530 ,https://nationalsalt.lk/storage/coparate_plans_report_files/1728628686_ByQRe9ZxCN.pdf,
phone,pass,Published phone: 0000000893 ,https://nationalsalt.lk/storage/coparate_plans_report_files/1728628686_ByQRe9ZxCN.pdf,
phone,pass,Published phone: 0000001115 ,https://nationalsalt.lk/storage/coparate_plans_report_files/1728628686_ByQRe9ZxCN.pdf,
phone,pass,Published phone: 0000000396 ,https://nationalsalt.lk/storage/coparate_plans_report_files/1728628686_ByQRe9ZxCN.pdf,
phone,pass,Published phone: 0000000527 ,https://nationalsalt.lk/storage/coparate_plans_report_files/1728628686_ByQRe9ZxCN.pdf,
phone,pass,Published phone: 0000001489 ,https://nationalsalt.lk/storage/coparate_plans_report_files/1728628686_ByQRe9ZxCN.pdf,
phone,pass,Published phone: 0000000538 ,https://nationalsalt.lk/storage/coparate_plans_report_files/1728628686_ByQRe9ZxCN.pdf,
phone,pass,Published phone: 0000001971 ,https://nationalsalt.lk/storage/coparate_plans_report_files/1728628686_ByQRe9ZxCN.pdf,
phone,pass,Published phone: 0000000796 ,https://nationalsalt.lk/storage/coparate_plans_report_files/1728628686_ByQRe9ZxCN.pdf,
phone,pass,Published phone: 0000000601 ,https://nationalsalt.lk/storage/coparate_plans_report_files/1728628686_ByQRe9ZxCN.pdf,
phone,pass,Published phone: 0000002390 ,https://nationalsalt.lk/storage/coparate_plans_report_files/1728628686_ByQRe9ZxCN.pdf,
phone,pass,Published phone: 0000001770 ,https://nationalsalt.lk/storage/coparate_plans_report_files/1728628686_ByQRe9ZxCN.pdf,
phone,pass,Published phone: 0000000124 ,https://nationalsalt.lk/storage/coparate_plans_report_files/1728628686_ByQRe9ZxCN.pdf,
phone,pass,Published phone: 0000002378 ,https://nationalsalt.lk/storage/coparate_plans_report_files/1728628686_ByQRe9ZxCN.pdf,
phone,pass,Published phone: 0000002176 ,https://nationalsalt.lk/storage/coparate_plans_report_files/1728628686_ByQRe9ZxCN.pdf,
phone,pass,Published phone: 0000001937 ,https://nationalsalt.lk/storage/coparate_plans_report_files/1728628686_ByQRe9ZxCN.pdf,
phone,pass,Published phone: 0000001641 ,https://nationalsalt.lk/storage/coparate_plans_report_files/1728628686_ByQRe9ZxCN.pdf,
phone,pass,Published phone: 0000002140 ,https://nationalsalt.lk/storage/coparate_plans_report_files/1728628686_ByQRe9ZxCN.pdf,
phone,pass,Published phone: 0000001460 ,https://nationalsalt.lk/storage/coparate_plans_report_files/1728628686_ByQRe9ZxCN.pdf,
phone,pass,Published phone: 0000109647 ,https://nationalsalt.lk/storage/coparate_plans_report_files/1728628686_ByQRe9ZxCN.pdf,
phone,pass,Published phone: 0000000202 ,https://nationalsalt.lk/storage/coparate_plans_report_files/1728628686_ByQRe9ZxCN.pdf,
phone,pass,Published phone: 0000001615 ,https://nationalsalt.lk/storage/coparate_plans_report_files/1728628686_ByQRe9ZxCN.pdf,
phone,pass,Published phone: 0000001527 ,https://nationalsalt.lk/storage/coparate_plans_report_files/1728628686_ByQRe9ZxCN.pdf,
phone,pass,Published phone: 0000000494 ,https://nationalsalt.lk/storage/coparate_plans_report_files/1728628686_ByQRe9ZxCN.pdf,
phone,pass,Published phone: 0000000143 ,https://nationalsalt.lk/storage/coparate_plans_report_files/1728628686_ByQRe9ZxCN.pdf,
phone,pass,Published phone: 0000001366 ,https://nationalsalt.lk/storage/coparate_plans_report_files/1728628686_ByQRe9ZxCN.pdf,
phone,pass,Published phone: 0000000479 ,https://nationalsalt.lk/storage/coparate_plans_report_files/1728628686_ByQRe9ZxCN.pdf,
phone,pass,Published phone: 0000001904 ,https://nationalsalt.lk/storage/coparate_plans_report_files/1728628686_ByQRe9ZxCN.pdf,
phone,pass,Published phone: 0000001634 ,https://nationalsalt.lk/storage/coparate_plans_report_files/1728628686_ByQRe9ZxCN.pdf,
phone,pass,Published phone: 0000002155 ,https://nationalsalt.lk/storage/coparate_plans_report_files/1728628686_ByQRe9ZxCN.pdf,
phone,pass,Published phone: 0000002131 ,https://nationalsalt.lk/storage/coparate_plans_report_files/1728628686_ByQRe9ZxCN.pdf,
phone,pass,Published phone: 0000001329 ,https://nationalsalt.lk/storage/coparate_plans_report_files/1728628686_ByQRe9ZxCN.pdf,
phone,pass,Published phone: 0000001608 ,https://nationalsalt.lk/storage/coparate_plans_report_files/1728628686_ByQRe9ZxCN.pdf,
phone,pass,Published phone: 0000001990 ,https://nationalsalt.lk/storage/coparate_plans_report_files/1728628686_ByQRe9ZxCN.pdf,
phone,pass,Published phone: 0000001052 ,https://nationalsalt.lk/storage/coparate_plans_report_files/1728628686_ByQRe9ZxCN.pdf,
phone,pass,Published phone: 0000001649 ,https://nationalsalt.lk/storage/coparate_plans_report_files/1728628686_ByQRe9ZxCN.pdf,
phone,pass,Published phone: 0000001543 ,https://nationalsalt.lk/storage/coparate_plans_report_files/1728628686_ByQRe9ZxCN.pdf,
phone,pass,Published phone: 0000000930 ,https://nationalsalt.lk/storage/coparate_plans_report_files/1728628686_ByQRe9ZxCN.pdf,
phone,pass,Published phone: 0000000975 ,https://nationalsalt.lk/storage/coparate_plans_report_files/1728628686_ByQRe9ZxCN.pdf,
phone,pass,Published phone: 0000000905 ,https://nationalsalt.lk/storage/coparate_plans_report_files/1728628686_ByQRe9ZxCN.pdf,
phone,pass,Published phone: 0000001363 ,https://nationalsalt.lk/storage/coparate_plans_report_files/1728628686_ByQRe9ZxCN.pdf,
phone,pass,Published phone: 0000000564 ,https://nationalsalt.lk/storage/coparate_plans_report_files/1728628686_ByQRe9ZxCN.pdf,
phone,pass,Published phone: 0000001798 ,https://nationalsalt.lk/storage/coparate_plans_report_files/1728628686_ByQRe9ZxCN.pdf,
phone,pass,Published phone: 0000000157 ,https://nationalsalt.lk/storage/coparate_plans_report_files/1728628686_ByQRe9ZxCN.pdf,
phone,pass,Published phone: 0000000725 ,https://nationalsalt.lk/storage/coparate_plans_report_files/1728628686_ByQRe9ZxCN.pdf,
phone,pass,Published phone: 0000000748 ,https://nationalsalt.lk/storage/coparate_plans_report_files/1728628686_ByQRe9ZxCN.pdf,
phone,pass,Published phone: 0000000253 ,https://nationalsalt.lk/storage/coparate_plans_report_files/1728628686_ByQRe9ZxCN.pdf,
phone,pass,Published phone: 0000000371 ,https://nationalsalt.lk/storage/coparate_plans_report_files/1728628686_ByQRe9ZxCN.pdf,
phone,pass,Published phone: 0000000387 ,https://nationalsalt.lk/storage/coparate_plans_report_files/1728628686_ByQRe9ZxCN.pdf,
phone,pass,Published phone: 0000002292 ,https://nationalsalt.lk/storage/coparate_plans_report_files/1728628686_ByQRe9ZxCN.pdf,
phone,pass,Published phone: 0000002341 ,https://nationalsalt.lk/storage/coparate_plans_report_files/1728628686_ByQRe9ZxCN.pdf,
phone,pass,Published phone: 0000170696 ,https://nationalsalt.lk/storage/coparate_plans_report_files/1728628686_ByQRe9ZxCN.pdf,
phone,pass,Published phone: 0000002194 ,https://nationalsalt.lk/storage/coparate_plans_report_files/1728628686_ByQRe9ZxCN.pdf,
phone,pass,Published phone: 0000001799 ,https://nationalsalt.lk/storage/coparate_plans_report_files/1728628686_ByQRe9ZxCN.pdf,
phone,pass,Published phone: 0000116249 ,https://nationalsalt.lk/storage/coparate_plans_report_files/1728628686_ByQRe9ZxCN.pdf,
phone,pass,Published phone: 0000001724 ,https://nationalsalt.lk/storage/coparate_plans_report_files/1728628686_ByQRe9ZxCN.pdf,
phone,pass,Published phone: 0000000294 ,https://nationalsalt.lk/storage/coparate_plans_report_files/1728628686_ByQRe9ZxCN.pdf,
phone,pass,Published phone: 0000001156 ,https://nationalsalt.lk/storage/coparate_plans_report_files/1728628686_ByQRe9ZxCN.pdf,
phone,pass,Published phone: 0000001078 ,https://nationalsalt.lk/storage/coparate_plans_report_files/1728628686_ByQRe9ZxCN.pdf,
phone,pass,Published phone: 0000000633 ,https://nationalsalt.lk/storage/coparate_plans_report_files/1728628686_ByQRe9ZxCN.pdf,
phone,pass,Published phone: 0000002071 ,https://nationalsalt.lk/storage/coparate_plans_report_files/1728628686_ByQRe9ZxCN.pdf,
phone,pass,Published phone: 0000000739 ,https://nationalsalt.lk/storage/coparate_plans_report_files/1728628686_ByQRe9ZxCN.pdf,
phone,pass,Published phone: 0000000615 ,https://nationalsalt.lk/storage/coparate_plans_report_files/1728628686_ByQRe9ZxCN.pdf,
phone,pass,Published phone: 0000000913 ,https://nationalsalt.lk/storage/coparate_plans_report_files/1728628686_ByQRe9ZxCN.pdf,
phone,pass,Published phone: 0000001910 ,https://nationalsalt.lk/storage/coparate_plans_report_files/1728628686_ByQRe9ZxCN.pdf,
phone,pass,Published phone: 0000000960 ,https://nationalsalt.lk/storage/coparate_plans_report_files/1728628686_ByQRe9ZxCN.pdf,
phone,pass,Published phone: 0000001659 ,https://nationalsalt.lk/storage/coparate_plans_report_files/1728628686_ByQRe9ZxCN.pdf,
phone,pass,Published phone: 0000080901 ,https://nationalsalt.lk/storage/coparate_plans_report_files/1728628686_ByQRe9ZxCN.pdf,
phone,pass,Published phone: 0000001817 ,https://nationalsalt.lk/storage/coparate_plans_report_files/1728628686_ByQRe9ZxCN.pdf,
phone,pass,Published phone: 0000001644 ,https://nationalsalt.lk/storage/coparate_plans_report_files/1728628686_ByQRe9ZxCN.pdf,
phone,pass,Published phone: 0000000672 ,https://nationalsalt.lk/storage/coparate_plans_report_files/1728628686_ByQRe9ZxCN.pdf,
phone,pass,Published phone: 0000001199 ,https://nationalsalt.lk/storage/coparate_plans_report_files/1728628686_ByQRe9ZxCN.pdf,
phone,pass,Published phone: 0000000701 ,https://nationalsalt.lk/storage/coparate_plans_report_files/1728628686_ByQRe9ZxCN.pdf,
phone,pass,Published phone: 0000002199 ,https://nationalsalt.lk/storage/coparate_plans_report_files/1728628686_ByQRe9ZxCN.pdf,
phone,pass,Published phone: 0000000240 ,https://nationalsalt.lk/storage/coparate_plans_report_files/1728628686_ByQRe9ZxCN.pdf,
phone,pass,Published phone: 0000001497 ,https://nationalsalt.lk/storage/coparate_plans_report_files/1728628686_ByQRe9ZxCN.pdf,
phone,pass,Published phone: 0000001048 ,https://nationalsalt.lk/storage/coparate_plans_report_files/1728628686_ByQRe9ZxCN.pdf,
phone,pass,Published phone: 0000001762 ,https://nationalsalt.lk/storage/coparate_plans_report_files/1728628686_ByQRe9ZxCN.pdf,
phone,pass,Published phone: 0000001914 ,https://nationalsalt.lk/storage/coparate_plans_report_files/1728628686_ByQRe9ZxCN.pdf,
phone,pass,Published phone: 0000000957 ,https://nationalsalt.lk/storage/coparate_plans_report_files/1728628686_ByQRe9ZxCN.pdf,
phone,pass,Published phone: 0000001845 ,https://nationalsalt.lk/storage/coparate_plans_report_files/1728628686_ByQRe9ZxCN.pdf,
phone,pass,Published phone: 0000000751 ,https://nationalsalt.lk/storage/coparate_plans_report_files/1728628686_ByQRe9ZxCN.pdf,
phone,pass,Published phone: 0000000797 ,https://nationalsalt.lk/storage/coparate_plans_report_files/1728628686_ByQRe9ZxCN.pdf,
phone,pass,Published phone: 0000001450 ,https://nationalsalt.lk/storage/coparate_plans_report_files/1728628686_ByQRe9ZxCN.pdf,
phone,pass,Published phone: 0000001316 ,https://nationalsalt.lk/storage/coparate_plans_report_files/1728628686_ByQRe9ZxCN.pdf,
phone,pass,Published phone: 0 0 771 479 71,https://nationalsalt.lk/storage/coparate_plans_report_files/1728628686_ByQRe9ZxCN.pdf,
phone,pass,Published phone: 0000000709 ,https://nationalsalt.lk/storage/coparate_plans_report_files/1728628686_ByQRe9ZxCN.pdf,
phone,pass,Published phone: 0000001294 ,https://nationalsalt.lk/storage/coparate_plans_report_files/1728628686_ByQRe9ZxCN.pdf,
phone,pass,Published phone: 0000001854 ,https://nationalsalt.lk/storage/coparate_plans_report_files/1728628686_ByQRe9ZxCN.pdf,
phone,pass,Published phone: 0000001432 ,https://nationalsalt.lk/storage/coparate_plans_report_files/1728628686_ByQRe9ZxCN.pdf,
phone,pass,Published phone: 0000001883 ,https://nationalsalt.lk/storage/coparate_plans_report_files/1728628686_ByQRe9ZxCN.pdf,
phone,pass,Published phone: 0000088271 ,https://nationalsalt.lk/storage/coparate_plans_report_files/1728628686_ByQRe9ZxCN.pdf,
phone,pass,Published phone: 0000000722 ,https://nationalsalt.lk/storage/coparate_plans_report_files/1728628686_ByQRe9ZxCN.pdf,
phone,pass,Published phone: 0000000677 ,https://nationalsalt.lk/storage/coparate_plans_report_files/1728628686_ByQRe9ZxCN.pdf,
phone,pass,Published phone: 0000001388 ,https://nationalsalt.lk/storage/coparate_plans_report_files/1728628686_ByQRe9ZxCN.pdf,
phone,pass,Published phone: 0000001514 ,https://nationalsalt.lk/storage/coparate_plans_report_files/1728628686_ByQRe9ZxCN.pdf,
phone,pass,Published phone: 0000001437 ,https://nationalsalt.lk/storage/coparate_plans_report_files/1728628686_ByQRe9ZxCN.pdf,
phone,pass,Published phone: 0000001433 ,https://nationalsalt.lk/storage/coparate_plans_report_files/1728628686_ByQRe9ZxCN.pdf,
phone,pass,Published phone: 0000001983 ,https://nationalsalt.lk/storage/coparate_plans_report_files/1728628686_ByQRe9ZxCN.pdf,
phone,pass,Published phone: 0000001975 ,https://nationalsalt.lk/storage/coparate_plans_report_files/1728628686_ByQRe9ZxCN.pdf,
phone,pass,Published phone: 0000002034 ,https://nationalsalt.lk/storage/coparate_plans_report_files/1728628686_ByQRe9ZxCN.pdf,
phone,pass,Published phone: 0000001083 ,https://nationalsalt.lk/storage/coparate_plans_report_files/1728628686_ByQRe9ZxCN.pdf,
phone,pass,Published phone: 0000001547 ,https://nationalsalt.lk/storage/coparate_plans_report_files/1728628686_ByQRe9ZxCN.pdf,
phone,pass,Published phone: 0000001325 ,https://nationalsalt.lk/storage/coparate_plans_report_files/1728628686_ByQRe9ZxCN.pdf,
phone,pass,Published phone: 0000000500 ,https://nationalsalt.lk/storage/coparate_plans_report_files/1728628686_ByQRe9ZxCN.pdf,
phone,pass,Published phone: 0000001337 ,https://nationalsalt.lk/storage/coparate_plans_report_files/1728628686_ByQRe9ZxCN.pdf,
phone,pass,Published phone: 0000002018 ,https://nationalsalt.lk/storage/coparate_plans_report_files/1728628686_ByQRe9ZxCN.pdf,
phone,pass,Published phone: 0000000663 ,https://nationalsalt.lk/storage/coparate_plans_report_files/1728628686_ByQRe9ZxCN.pdf,
phone,pass,Published phone: 0000001736 ,https://nationalsalt.lk/storage/coparate_plans_report_files/1728628686_ByQRe9ZxCN.pdf,
phone,pass,Published phone: 0000001870 ,https://nationalsalt.lk/storage/coparate_plans_report_files/1728628686_ByQRe9ZxCN.pdf,
phone,pass,Published phone: 0000000335 ,https://nationalsalt.lk/storage/coparate_plans_report_files/1728628686_ByQRe9ZxCN.pdf,
phone,pass,Published phone: 0000000667 ,https://nationalsalt.lk/storage/coparate_plans_report_files/1728628686_ByQRe9ZxCN.pdf,
phone,pass,Published phone: 0000000783 ,https://nationalsalt.lk/storage/coparate_plans_report_files/1728628686_ByQRe9ZxCN.pdf,
phone,pass,Published phone: 0000151987 ,https://nationalsalt.lk/storage/coparate_plans_report_files/1728628686_ByQRe9ZxCN.pdf,
phone,pass,Published phone: 0000000685 ,https://nationalsalt.lk/storage/coparate_plans_report_files/1728628686_ByQRe9ZxCN.pdf,
phone,pass,Published phone: 0000001250 ,https://nationalsalt.lk/storage/coparate_plans_report_files/1728628686_ByQRe9ZxCN.pdf,
phone,pass,Published phone: 0000000486 ,https://nationalsalt.lk/storage/coparate_plans_report_files/1728628686_ByQRe9ZxCN.pdf,
phone,pass,Published phone: 0000000784 ,https://nationalsalt.lk/storage/coparate_plans_report_files/1728628686_ByQRe9ZxCN.pdf,
phone,pass,Published phone: 0000001431 ,https://nationalsalt.lk/storage/coparate_plans_report_files/1728628686_ByQRe9ZxCN.pdf,
phone,pass,Published phone: 0000002233 ,https://nationalsalt.lk/storage/coparate_plans_report_files/1728628686_ByQRe9ZxCN.pdf,
phone,pass,Published phone: 0000000552 ,https://nationalsalt.lk/storage/coparate_plans_report_files/1728628686_ByQRe9ZxCN.pdf,
phone,pass,Published phone: 0000072767 ,https://nationalsalt.lk/storage/coparate_plans_report_files/1728628686_ByQRe9ZxCN.pdf,
phone,pass,Published phone: 0000000465 ,https://nationalsalt.lk/storage/coparate_plans_report_files/1728628686_ByQRe9ZxCN.pdf,
phone,pass,Published phone: 0000000447 ,https://nationalsalt.lk/storage/coparate_plans_report_files/1728628686_ByQRe9ZxCN.pdf,
phone,pass,Published phone: 0000001138 ,https://nationalsalt.lk/storage/coparate_plans_report_files/1728628686_ByQRe9ZxCN.pdf,
phone,pass,Published phone: 0000001645 ,https://nationalsalt.lk/storage/coparate_plans_report_files/1728628686_ByQRe9ZxCN.pdf,
phone,pass,Published phone: 0000000197 ,https://nationalsalt.lk/storage/coparate_plans_report_files/1728628686_ByQRe9ZxCN.pdf,
phone,pass,Published phone: 0000178088 ,https://nationalsalt.lk/storage/coparate_plans_report_files/1728628686_ByQRe9ZxCN.pdf,
phone,pass,Published phone: 0000001925 ,https://nationalsalt.lk/storage/coparate_plans_report_files/1728628686_ByQRe9ZxCN.pdf,
phone,pass,Published phone: 0000000265 ,https://nationalsalt.lk/storage/coparate_plans_report_files/1728628686_ByQRe9ZxCN.pdf,
phone,pass,Published phone: 0000002024 ,https://nationalsalt.lk/storage/coparate_plans_report_files/1728628686_ByQRe9ZxCN.pdf,
phone,pass,Published phone: 0000000312 ,https://nationalsalt.lk/storage/coparate_plans_report_files/1728628686_ByQRe9ZxCN.pdf,
phone,pass,Published phone: 0000000142 ,https://nationalsalt.lk/storage/coparate_plans_report_files/1728628686_ByQRe9ZxCN.pdf,
phone,pass,Published phone: 0000000904 ,https://nationalsalt.lk/storage/coparate_plans_report_files/1728628686_ByQRe9ZxCN.pdf,
phone,pass,Published phone: 0000001384 ,https://nationalsalt.lk/storage/coparate_plans_report_files/1728628686_ByQRe9ZxCN.pdf,
phone,pass,Published phone: 0000001656 ,https://nationalsalt.lk/storage/coparate_plans_report_files/1728628686_ByQRe9ZxCN.pdf,
phone,pass,Published phone: 019 2024-10-1,https://nationalsalt.lk/storage/coparate_plans_report_files/1728628686_ByQRe9ZxCN.pdf,
phone,pass,Published phone: 0000000348 ,https://nationalsalt.lk/storage/coparate_plans_report_files/1728628686_ByQRe9ZxCN.pdf,
phone,pass,Published phone: 0000001964 ,https://nationalsalt.lk/storage/coparate_plans_report_files/1728628686_ByQRe9ZxCN.pdf,
phone,pass,Published phone: 0000002318 ,https://nationalsalt.lk/storage/coparate_plans_report_files/1728628686_ByQRe9ZxCN.pdf,
phone,pass,Published phone: 0000000550 ,https://nationalsalt.lk/storage/coparate_plans_report_files/1728628686_ByQRe9ZxCN.pdf,
phone,pass,Published phone: 0000001836 ,https://nationalsalt.lk/storage/coparate_plans_report_files/1728628686_ByQRe9ZxCN.pdf,
phone,pass,Published phone: 0000001887 ,https://nationalsalt.lk/storage/coparate_plans_report_files/1728628686_ByQRe9ZxCN.pdf,
phone,pass,Published phone: 0000001599 ,https://nationalsalt.lk/storage/coparate_plans_report_files/1728628686_ByQRe9ZxCN.pdf,
phone,pass,Published phone: 0000001181 ,https://nationalsalt.lk/storage/coparate_plans_report_files/1728628686_ByQRe9ZxCN.pdf,
phone,pass,Published phone: 0000500624 ,https://nationalsalt.lk/storage/coparate_plans_report_files/1728628686_ByQRe9ZxCN.pdf,
phone,pass,Published phone: 0000001452 ,https://nationalsalt.lk/storage/coparate_plans_report_files/1728628686_ByQRe9ZxCN.pdf,
phone,pass,Published phone: 0000001392 ,https://nationalsalt.lk/storage/coparate_plans_report_files/1728628686_ByQRe9ZxCN.pdf,
phone,pass,Published phone: 0000032923 ,https://nationalsalt.lk/storage/coparate_plans_report_files/1728628686_ByQRe9ZxCN.pdf,
phone,pass,Published phone: 0000000933 ,https://nationalsalt.lk/storage/coparate_plans_report_files/1728628686_ByQRe9ZxCN.pdf,
phone,pass,Published phone: 0000001720 ,https://nationalsalt.lk/storage/coparate_plans_report_files/1728628686_ByQRe9ZxCN.pdf,
phone,pass,Published phone: 0000000589 ,https://nationalsalt.lk/storage/coparate_plans_report_files/1728628686_ByQRe9ZxCN.pdf,
phone,pass,Published phone: 0000001350 ,https://nationalsalt.lk/storage/coparate_plans_report_files/1728628686_ByQRe9ZxCN.pdf,
phone,pass,Published phone: 0000000256 ,https://nationalsalt.lk/storage/coparate_plans_report_files/1728628686_ByQRe9ZxCN.pdf,
phone,pass,Published phone: 0000001501 ,https://nationalsalt.lk/storage/coparate_plans_report_files/1728628686_ByQRe9ZxCN.pdf,
phone,pass,Published phone: 0000001576 ,https://nationalsalt.lk/storage/coparate_plans_report_files/1728628686_ByQRe9ZxCN.pdf,
phone,pass,Published phone: 0000002040 ,https://nationalsalt.lk/storage/coparate_plans_report_files/1728628686_ByQRe9ZxCN.pdf,
phone,pass,Published phone: 0000000946 ,https://nationalsalt.lk/storage/coparate_plans_report_files/1728628686_ByQRe9ZxCN.pdf,
phone,pass,Published phone: 0000001028 ,https://nationalsalt.lk/storage/coparate_plans_report_files/1728628686_ByQRe9ZxCN.pdf,
phone,pass,Published phone: 0000001222 ,https://nationalsalt.lk/storage/coparate_plans_report_files/1728628686_ByQRe9ZxCN.pdf,
phone,pass,Published phone: 0000001110 ,https://nationalsalt.lk/storage/coparate_plans_report_files/1728628686_ByQRe9ZxCN.pdf,
phone,pass,Published phone: 0000001278 ,https://nationalsalt.lk/storage/coparate_plans_report_files/1728628686_ByQRe9ZxCN.pdf,
phone,pass,Published phone: 0000000508 ,https://nationalsalt.lk/storage/coparate_plans_report_files/1728628686_ByQRe9ZxCN.pdf,
phone,pass,Published phone: 0000001108 ,https://nationalsalt.lk/storage/coparate_plans_report_files/1728628686_ByQRe9ZxCN.pdf,
phone,pass,Published phone: 0000001921 ,https://nationalsalt.lk/storage/coparate_plans_report_files/1728628686_ByQRe9ZxCN.pdf,
phone,pass,Published phone: 0000002052 ,https://nationalsalt.lk/storage/coparate_plans_report_files/1728628686_ByQRe9ZxCN.pdf,
phone,pass,Published phone: 0000000554 ,https://nationalsalt.lk/storage/coparate_plans_report_files/1728628686_ByQRe9ZxCN.pdf,
phone,pass,Published phone: 0000002049 ,https://nationalsalt.lk/storage/coparate_plans_report_files/1728628686_ByQRe9ZxCN.pdf,
phone,pass,Published phone: 0000001847 ,https://nationalsalt.lk/storage/coparate_plans_report_files/1728628686_ByQRe9ZxCN.pdf,
phone,pass,Published phone: 0000001814 ,https://nationalsalt.lk/storage/coparate_plans_report_files/1728628686_ByQRe9ZxCN.pdf,
phone,pass,Published phone: 0000002064 ,https://nationalsalt.lk/storage/coparate_plans_report_files/1728628686_ByQRe9ZxCN.pdf,
phone,pass,Published phone: 0 0 0 0 0 0 0 855 ,https://nationalsalt.lk/storage/coparate_plans_report_files/1728628686_ByQRe9ZxCN.pdf,
phone,pass,Published phone: 0000000268 ,https://nationalsalt.lk/storage/coparate_plans_report_files/1728628686_ByQRe9ZxCN.pdf,
phone,pass,Published phone: 0000001560 ,https://nationalsalt.lk/storage/coparate_plans_report_files/1728628686_ByQRe9ZxCN.pdf,
phone,pass,Published phone: 0000001178 ,https://nationalsalt.lk/storage/coparate_plans_report_files/1728628686_ByQRe9ZxCN.pdf,
phone,pass,Published phone: 00 444 500 44,https://nationalsalt.lk/storage/coparate_plans_report_files/1728628686_ByQRe9ZxCN.pdf,
phone,pass,Published phone: 0000000534 ,https://nationalsalt.lk/storage/coparate_plans_report_files/1728628686_ByQRe9ZxCN.pdf,
phone,pass,Published phone: 0000001238 ,https://nationalsalt.lk/storage/coparate_plans_report_files/1728628686_ByQRe9ZxCN.pdf,
phone,pass,Published phone: 0000000441 ,https://nationalsalt.lk/storage/coparate_plans_report_files/1728628686_ByQRe9ZxCN.pdf,
phone,pass,Published phone: 0000000215 ,https://nationalsalt.lk/storage/coparate_plans_report_files/1728628686_ByQRe9ZxCN.pdf,
phone,pass,Published phone: 0000000437 ,https://nationalsalt.lk/storage/coparate_plans_report_files/1728628686_ByQRe9ZxCN.pdf,
phone,pass,Published phone: 0000087949 ,https://nationalsalt.lk/storage/coparate_plans_report_files/1728628686_ByQRe9ZxCN.pdf,
phone,pass,Published phone: 0000158048 ,https://nationalsalt.lk/storage/coparate_plans_report_files/1728628686_ByQRe9ZxCN.pdf,
phone,pass,Published phone: 06 561 529 63,https://nationalsalt.lk/storage/coparate_plans_report_files/1728628686_ByQRe9ZxCN.pdf,
phone,pass,Published phone: 0000001703 ,https://nationalsalt.lk/storage/coparate_plans_report_files/1728628686_ByQRe9ZxCN.pdf,
phone,pass,Published phone: 0000000607 ,https://nationalsalt.lk/storage/coparate_plans_report_files/1728628686_ByQRe9ZxCN.pdf,
phone,pass,Published phone: 0000001309 ,https://nationalsalt.lk/storage/coparate_plans_report_files/1728628686_ByQRe9ZxCN.pdf,
phone,pass,Published phone: 0000000987 ,https://nationalsalt.lk/storage/coparate_plans_report_files/1728628686_ByQRe9ZxCN.pdf,
phone,pass,Published phone: 0000002026 ,https://nationalsalt.lk/storage/coparate_plans_report_files/1728628686_ByQRe9ZxCN.pdf,
phone,pass,Published phone: 0000001924 ,https://nationalsalt.lk/storage/coparate_plans_report_files/1728628686_ByQRe9ZxCN.pdf,
phone,pass,Published phone: 0000000237 ,https://nationalsalt.lk/storage/coparate_plans_report_files/1728628686_ByQRe9ZxCN.pdf,
phone,pass,Published phone: 0000001738 ,https://nationalsalt.lk/storage/coparate_plans_report_files/1728628686_ByQRe9ZxCN.pdf,
phone,pass,Published phone: 0000073275 ,https://nationalsalt.lk/storage/coparate_plans_report_files/1728628686_ByQRe9ZxCN.pdf,
phone,pass,Published phone: 0000002180 ,https://nationalsalt.lk/storage/coparate_plans_report_files/1728628686_ByQRe9ZxCN.pdf,
phone,pass,Published phone: 0000000638 ,https://nationalsalt.lk/storage/coparate_plans_report_files/1728628686_ByQRe9ZxCN.pdf,
phone,pass,Published phone: 0000000861 ,https://nationalsalt.lk/storage/coparate_plans_report_files/1728628686_ByQRe9ZxCN.pdf,
phone,pass,Published phone: 0000001242 ,https://nationalsalt.lk/storage/coparate_plans_report_files/1728628686_ByQRe9ZxCN.pdf,
phone,pass,Published phone: 0000001076 ,https://nationalsalt.lk/storage/coparate_plans_report_files/1728628686_ByQRe9ZxCN.pdf,
phone,pass,Published phone: 0000000293 ,https://nationalsalt.lk/storage/coparate_plans_report_files/1728628686_ByQRe9ZxCN.pdf,
phone,pass,Published phone: 0000116600 ,https://nationalsalt.lk/storage/coparate_plans_report_files/1728628686_ByQRe9ZxCN.pdf,
phone,pass,Published phone: 0000000434 ,https://nationalsalt.lk/storage/coparate_plans_report_files/1728628686_ByQRe9ZxCN.pdf,
phone,pass,Published phone: 0000000997 ,https://nationalsalt.lk/storage/coparate_plans_report_files/1728628686_ByQRe9ZxCN.pdf,
phone,pass,Published phone: 0000000598 ,https://nationalsalt.lk/storage/coparate_plans_report_files/1728628686_ByQRe9ZxCN.pdf,
phone,pass,Published phone: 0000001783 ,https://nationalsalt.lk/storage/coparate_plans_report_files/1728628686_ByQRe9ZxCN.pdf,
phone,pass,Published phone: 0000002136 ,https://nationalsalt.lk/storage/coparate_plans_report_files/1728628686_ByQRe9ZxCN.pdf,
phone,pass,Published phone: 0000001618 ,https://nationalsalt.lk/storage/coparate_plans_report_files/1728628686_ByQRe9ZxCN.pdf,
phone,pass,Published phone: 0000001835 ,https://nationalsalt.lk/storage/coparate_plans_report_files/1728628686_ByQRe9ZxCN.pdf,
phone,pass,Published phone: 0000000017 ,https://nationalsalt.lk/storage/coparate_plans_report_files/1728628686_ByQRe9ZxCN.pdf,
phone,pass,Published phone: 0000001940 ,https://nationalsalt.lk/storage/coparate_plans_report_files/1728628686_ByQRe9ZxCN.pdf,
phone,pass,Published phone: 0000000428 ,https://nationalsalt.lk/storage/coparate_plans_report_files/1728628686_ByQRe9ZxCN.pdf,
phone,pass,Published phone: 0 0 0 0 0 0 833 0 ,https://nationalsalt.lk/storage/coparate_plans_report_files/1728628686_ByQRe9ZxCN.pdf,
phone,pass,Published phone: 03 303 0 0 250 ,https://nationalsalt.lk/storage/coparate_plans_report_files/1728628686_ByQRe9ZxCN.pdf,
phone,pass,Published phone: 0000001391 ,https://nationalsalt.lk/storage/coparate_plans_report_files/1728628686_ByQRe9ZxCN.pdf,
phone,pass,Published phone: 0000000702 ,https://nationalsalt.lk/storage/coparate_plans_report_files/1728628686_ByQRe9ZxCN.pdf,
phone,pass,Published phone: 0000001319 ,https://nationalsalt.lk/storage/coparate_plans_report_files/1728628686_ByQRe9ZxCN.pdf,
phone,pass,Published phone: 0000002029 ,https://nationalsalt.lk/storage/coparate_plans_report_files/1728628686_ByQRe9ZxCN.pdf,
phone,pass,Published phone: 0000000349 ,https://nationalsalt.lk/storage/coparate_plans_report_files/1728628686_ByQRe9ZxCN.pdf,
phone,pass,Published phone: 0000002266 ,https://nationalsalt.lk/storage/coparate_plans_report_files/1728628686_ByQRe9ZxCN.pdf,
phone,pass,Published phone: 0000002208 ,https://nationalsalt.lk/storage/coparate_plans_report_files/1728628686_ByQRe9ZxCN.pdf,
phone,pass,Published phone: 0000170488 ,https://nationalsalt.lk/storage/coparate_plans_report_files/1728628686_ByQRe9ZxCN.pdf,
phone,pass,Published phone: 0000000116 ,https://nationalsalt.lk/storage/coparate_plans_report_files/1728628686_ByQRe9ZxCN.pdf,
phone,pass,Published phone: 0000000884 ,https://nationalsalt.lk/storage/coparate_plans_report_files/1728628686_ByQRe9ZxCN.pdf,
phone,pass,Published phone: 0000001447 ,https://nationalsalt.lk/storage/coparate_plans_report_files/1728628686_ByQRe9ZxCN.pdf,
phone,pass,Published phone: 0000002307 ,https://nationalsalt.lk/storage/coparate_plans_report_files/1728628686_ByQRe9ZxCN.pdf,
phone,pass,Published phone: 0000001622 ,https://nationalsalt.lk/storage/coparate_plans_report_files/1728628686_ByQRe9ZxCN.pdf,
phone,pass,Published phone: 0000001982 ,https://nationalsalt.lk/storage/coparate_plans_report_files/1728628686_ByQRe9ZxCN.pdf,
phone,pass,Published phone: 0000001987 ,https://nationalsalt.lk/storage/coparate_plans_report_files/1728628686_ByQRe9ZxCN.pdf,
phone,pass,Published phone: 0000000107 ,https://nationalsalt.lk/storage/coparate_plans_report_files/1728628686_ByQRe9ZxCN.pdf,
phone,pass,Published phone: 0000000705 ,https://nationalsalt.lk/storage/coparate_plans_report_files/1728628686_ByQRe9ZxCN.pdf,
phone,pass,Published phone: 0000001706 ,https://nationalsalt.lk/storage/coparate_plans_report_files/1728628686_ByQRe9ZxCN.pdf,
phone,pass,Published phone: 0000000367 ,https://nationalsalt.lk/storage/coparate_plans_report_files/1728628686_ByQRe9ZxCN.pdf,
phone,pass,Published phone: 0000000682 ,https://nationalsalt.lk/storage/coparate_plans_report_files/1728628686_ByQRe9ZxCN.pdf,
phone,pass,Published phone: 0000000279 ,https://nationalsalt.lk/storage/coparate_plans_report_files/1728628686_ByQRe9ZxCN.pdf,
phone,pass,Published phone: 0000001394 ,https://nationalsalt.lk/storage/coparate_plans_report_files/1728628686_ByQRe9ZxCN.pdf,
phone,pass,Published phone: 0000000967 ,https://nationalsalt.lk/storage/coparate_plans_report_files/1728628686_ByQRe9ZxCN.pdf,
phone,pass,Published phone: 0000131406 ,https://nationalsalt.lk/storage/coparate_plans_report_files/1728628686_ByQRe9ZxCN.pdf,
phone,pass,Published phone: 0000081316 ,https://nationalsalt.lk/storage/coparate_plans_report_files/1728628686_ByQRe9ZxCN.pdf,
phone,pass,Published phone: 0000000631 ,https://nationalsalt.lk/storage/coparate_plans_report_files/1728628686_ByQRe9ZxCN.pdf,
phone,pass,Published phone: 0000000912 ,https://nationalsalt.lk/storage/coparate_plans_report_files/1728628686_ByQRe9ZxCN.pdf,
phone,pass,Published phone: 0000000469 ,https://nationalsalt.lk/storage/coparate_plans_report_files/1728628686_ByQRe9ZxCN.pdf,
phone,pass,Published phone: 0000002377 ,https://nationalsalt.lk/storage/coparate_plans_report_files/1728628686_ByQRe9ZxCN.pdf,
phone,pass,Published phone: 0000002044 ,https://nationalsalt.lk/storage/coparate_plans_report_files/1728628686_ByQRe9ZxCN.pdf,
phone,pass,Published phone: 0000001581 ,https://nationalsalt.lk/storage/coparate_plans_report_files/1728628686_ByQRe9ZxCN.pdf,
phone,pass,Published phone: 0000000423 ,https://nationalsalt.lk/storage/coparate_plans_report_files/1728628686_ByQRe9ZxCN.pdf,
phone,pass,Published phone: 0000000665 ,https://nationalsalt.lk/storage/coparate_plans_report_files/1728628686_ByQRe9ZxCN.pdf,
phone,pass,Published phone: 0000000609 ,https://nationalsalt.lk/storage/coparate_plans_report_files/1728628686_ByQRe9ZxCN.pdf,
phone,pass,Published phone: 0000001517 ,https://nationalsalt.lk/storage/coparate_plans_report_files/1728628686_ByQRe9ZxCN.pdf,
phone,pass,Published phone: 0000002330 ,https://nationalsalt.lk/storage/coparate_plans_report_files/1728628686_ByQRe9ZxCN.pdf,
phone,pass,Published phone: 0000001088 ,https://nationalsalt.lk/storage/coparate_plans_report_files/1728628686_ByQRe9ZxCN.pdf,
phone,pass,Published phone: 0000001739 ,https://nationalsalt.lk/storage/coparate_plans_report_files/1728628686_ByQRe9ZxCN.pdf,
phone,pass,Published phone: 0000151933 ,https://nationalsalt.lk/storage/coparate_plans_report_files/1728628686_ByQRe9ZxCN.pdf,
phone,pass,Published phone: 0000002017 ,https://nationalsalt.lk/storage/coparate_plans_report_files/1728628686_ByQRe9ZxCN.pdf,
phone,pass,Published phone: 0 0 0 258 306 2,https://nationalsalt.lk/storage/coparate_plans_report_files/1728628686_ByQRe9ZxCN.pdf,
phone,pass,Published phone: 0000002086 ,https://nationalsalt.lk/storage/coparate_plans_report_files/1728628686_ByQRe9ZxCN.pdf,
phone,pass,Published phone: 0000002190 ,https://nationalsalt.lk/storage/coparate_plans_report_files/1728628686_ByQRe9ZxCN.pdf,
phone,pass,Published phone: 0000001593 ,https://nationalsalt.lk/storage/coparate_plans_report_files/1728628686_ByQRe9ZxCN.pdf,
phone,pass,Published phone: 0000002088 ,https://nationalsalt.lk/storage/coparate_plans_report_files/1728628686_ByQRe9ZxCN.pdf,
phone,pass,Published phone: 0000000838 ,https://nationalsalt.lk/storage/coparate_plans_report_files/1728628686_ByQRe9ZxCN.pdf,
phone,pass,Published phone: 0000001330 ,https://nationalsalt.lk/storage/coparate_plans_report_files/1728628686_ByQRe9ZxCN.pdf,
phone,pass,Published phone: 0000001913 ,https://nationalsalt.lk/storage/coparate_plans_report_files/1728628686_ByQRe9ZxCN.pdf,
phone,pass,Published phone: 0000001822 ,https://nationalsalt.lk/storage/coparate_plans_report_files/1728628686_ByQRe9ZxCN.pdf,
phone,pass,Published phone: 0000001825 ,https://nationalsalt.lk/storage/coparate_plans_report_files/1728628686_ByQRe9ZxCN.pdf,
phone,pass,Published phone: 0000033883 ,https://nationalsalt.lk/storage/coparate_plans_report_files/1728628686_ByQRe9ZxCN.pdf,
phone,pass,Published phone: 0000001568 ,https://nationalsalt.lk/storage/coparate_plans_report_files/1728628686_ByQRe9ZxCN.pdf,
phone,pass,Published phone: 0000001304 ,https://nationalsalt.lk/storage/coparate_plans_report_files/1728628686_ByQRe9ZxCN.pdf,
phone,pass,Published phone: 0000001654 ,https://nationalsalt.lk/storage/coparate_plans_report_files/1728628686_ByQRe9ZxCN.pdf,
phone,pass,Published phone: 0000002092 ,https://nationalsalt.lk/storage/coparate_plans_report_files/1728628686_ByQRe9ZxCN.pdf,
phone,pass,Published phone: 0000002179 ,https://nationalsalt.lk/storage/coparate_plans_report_files/1728628686_ByQRe9ZxCN.pdf,
phone,pass,Published phone: 0000002223 ,https://nationalsalt.lk/storage/coparate_plans_report_files/1728628686_ByQRe9ZxCN.pdf,
phone,pass,Published phone: 0000000521 ,https://nationalsalt.lk/storage/coparate_plans_report_files/1728628686_ByQRe9ZxCN.pdf,
phone,pass,Published phone: 0000000408 ,https://nationalsalt.lk/storage/coparate_plans_report_files/1728628686_ByQRe9ZxCN.pdf,
phone,pass,Published phone: 0000002019 ,https://nationalsalt.lk/storage/coparate_plans_report_files/1728628686_ByQRe9ZxCN.pdf,
phone,pass,Published phone: 0000000623 ,https://nationalsalt.lk/storage/coparate_plans_report_files/1728628686_ByQRe9ZxCN.pdf,
phone,pass,Published phone: 0000000853 ,https://nationalsalt.lk/storage/coparate_plans_report_files/1728628686_ByQRe9ZxCN.pdf,
phone,pass,Published phone: 0000002264 ,https://nationalsalt.lk/storage/coparate_plans_report_files/1728628686_ByQRe9ZxCN.pdf,
phone,pass,Published phone: 0000002340 ,https://nationalsalt.lk/storage/coparate_plans_report_files/1728628686_ByQRe9ZxCN.pdf,
phone,pass,Published phone: 0000000458 ,https://nationalsalt.lk/storage/coparate_plans_report_files/1728628686_ByQRe9ZxCN.pdf,
phone,pass,Published phone: 0000000894 ,https://nationalsalt.lk/storage/coparate_plans_report_files/1728628686_ByQRe9ZxCN.pdf,
phone,pass,Published phone: 0000000573 ,https://nationalsalt.lk/storage/coparate_plans_report_files/1728628686_ByQRe9ZxCN.pdf,
phone,pass,Published phone: 0000000714 ,https://nationalsalt.lk/storage/coparate_plans_report_files/1728628686_ByQRe9ZxCN.pdf,
phone,pass,Published phone: 0000001741 ,https://nationalsalt.lk/storage/coparate_plans_report_files/1728628686_ByQRe9ZxCN.pdf,
phone,pass,Published phone: 0000000675 ,https://nationalsalt.lk/storage/coparate_plans_report_files/1728628686_ByQRe9ZxCN.pdf,
phone,pass,Published phone: 0000000777 ,https://nationalsalt.lk/storage/coparate_plans_report_files/1728628686_ByQRe9ZxCN.pdf,
phone,pass,Published phone: 0000002337 ,https://nationalsalt.lk/storage/coparate_plans_report_files/1728628686_ByQRe9ZxCN.pdf,
phone,pass,Published phone: 0000001435 ,https://nationalsalt.lk/storage/coparate_plans_report_files/1728628686_ByQRe9ZxCN.pdf,
phone,pass,Published phone: 0000002399 ,https://nationalsalt.lk/storage/coparate_plans_report_files/1728628686_ByQRe9ZxCN.pdf,
phone,pass,Published phone: 0000034152 ,https://nationalsalt.lk/storage/coparate_plans_report_files/1728628686_ByQRe9ZxCN.pdf,
phone,pass,Published phone: 0000001332 ,https://nationalsalt.lk/storage/coparate_plans_report_files/1728628686_ByQRe9ZxCN.pdf,
phone,pass,Published phone: 0000000000 ,https://nationalsalt.lk/storage/coparate_plans_report_files/1728628686_ByQRe9ZxCN.pdf,
phone,pass,Published phone: 0000000261 ,https://nationalsalt.lk/storage/coparate_plans_report_files/1728628686_ByQRe9ZxCN.pdf,
phone,pass,Published phone: 0000000583 ,https://nationalsalt.lk/storage/coparate_plans_report_files/1728628686_ByQRe9ZxCN.pdf,
phone,pass,Published phone: 0000001802 ,https://nationalsalt.lk/storage/coparate_plans_report_files/1728628686_ByQRe9ZxCN.pdf,
phone,pass,Published phone: 0000000306 ,https://nationalsalt.lk/storage/coparate_plans_report_files/1728628686_ByQRe9ZxCN.pdf,
phone,pass,Published phone: 0000000695 ,https://nationalsalt.lk/storage/coparate_plans_report_files/1728628686_ByQRe9ZxCN.pdf,
phone,pass,Published phone: 00 500 500 50,https://nationalsalt.lk/storage/coparate_plans_report_files/1728628686_ByQRe9ZxCN.pdf,
phone,pass,Published phone: 0000002248 ,https://nationalsalt.lk/storage/coparate_plans_report_files/1728628686_ByQRe9ZxCN.pdf,
phone,pass,Published phone: 0000002240 ,https://nationalsalt.lk/storage/coparate_plans_report_files/1728628686_ByQRe9ZxCN.pdf,
phone,pass,Published phone: 0000000700 ,https://nationalsalt.lk/storage/coparate_plans_report_files/1728628686_ByQRe9ZxCN.pdf,
phone,pass,Published phone: 0000001846 ,https://nationalsalt.lk/storage/coparate_plans_report_files/1728628686_ByQRe9ZxCN.pdf,
phone,pass,Published phone: 0000000127 ,https://nationalsalt.lk/storage/coparate_plans_report_files/1728628686_ByQRe9ZxCN.pdf,
phone,pass,Published phone: 0 0 0 0 0 0 722 6,https://nationalsalt.lk/storage/coparate_plans_report_files/1728628686_ByQRe9ZxCN.pdf,
phone,pass,Published phone: 0000001753 ,https://nationalsalt.lk/storage/coparate_plans_report_files/1728628686_ByQRe9ZxCN.pdf,
phone,pass,Published phone: 0000000954 ,https://nationalsalt.lk/storage/coparate_plans_report_files/1728628686_ByQRe9ZxCN.pdf,
phone,pass,Published phone: 0000002365 ,https://nationalsalt.lk/storage/coparate_plans_report_files/1728628686_ByQRe9ZxCN.pdf,
phone,pass,Published phone: 0000001099 ,https://nationalsalt.lk/storage/coparate_plans_report_files/1728628686_ByQRe9ZxCN.pdf,
phone,pass,Published phone: 0000001015 ,https://nationalsalt.lk/storage/coparate_plans_report_files/1728628686_ByQRe9ZxCN.pdf,
phone,pass,Published phone: 0000000286 ,https://nationalsalt.lk/storage/coparate_plans_report_files/1728628686_ByQRe9ZxCN.pdf,
phone,pass,Published phone: 0000001646 ,https://nationalsalt.lk/storage/coparate_plans_report_files/1728628686_ByQRe9ZxCN.pdf,
phone,pass,Published phone: 0 266 357 0 47,https://nationalsalt.lk/storage/coparate_plans_report_files/1728628686_ByQRe9ZxCN.pdf,
phone,pass,Published phone: 0000000716 ,https://nationalsalt.lk/storage/coparate_plans_report_files/1728628686_ByQRe9ZxCN.pdf,
phone,pass,Published phone: 0000001125 ,https://nationalsalt.lk/storage/coparate_plans_report_files/1728628686_ByQRe9ZxCN.pdf,
phone,pass,Published phone: 0000081494 ,https://nationalsalt.lk/storage/coparate_plans_report_files/1728628686_ByQRe9ZxCN.pdf,
phone,pass,Published phone: 0000000194 ,https://nationalsalt.lk/storage/coparate_plans_report_files/1728628686_ByQRe9ZxCN.pdf,
phone,pass,Published phone: 0000001487 ,https://nationalsalt.lk/storage/coparate_plans_report_files/1728628686_ByQRe9ZxCN.pdf,
phone,pass,Published phone: 0000001232 ,https://nationalsalt.lk/storage/coparate_plans_report_files/1728628686_ByQRe9ZxCN.pdf,
phone,pass,Published phone: 0000000821 ,https://nationalsalt.lk/storage/coparate_plans_report_files/1728628686_ByQRe9ZxCN.pdf,
phone,pass,Published phone: 0000000318 ,https://nationalsalt.lk/storage/coparate_plans_report_files/1728628686_ByQRe9ZxCN.pdf,
phone,pass,Published phone: 0000000771 ,https://nationalsalt.lk/storage/coparate_plans_report_files/1728628686_ByQRe9ZxCN.pdf,
phone,pass,Published phone: 0000001844 ,https://nationalsalt.lk/storage/coparate_plans_report_files/1728628686_ByQRe9ZxCN.pdf,
phone,pass,Published phone: 0000000826 ,https://nationalsalt.lk/storage/coparate_plans_report_files/1728628686_ByQRe9ZxCN.pdf,
phone,pass,Published phone: 0000002763 ,https://nationalsalt.lk/storage/coparate_plans_report_files/1728628686_ByQRe9ZxCN.pdf,
phone,pass,Published phone: 0000000289 ,https://nationalsalt.lk/storage/coparate_plans_report_files/1728628686_ByQRe9ZxCN.pdf,
phone,pass,Published phone: 0000001792 ,https://nationalsalt.lk/storage/coparate_plans_report_files/1728628686_ByQRe9ZxCN.pdf,
phone,pass,Published phone: 0000002283 ,https://nationalsalt.lk/storage/coparate_plans_report_files/1728628686_ByQRe9ZxCN.pdf,
phone,pass,Published phone: 0000002129 ,https://nationalsalt.lk/storage/coparate_plans_report_files/1728628686_ByQRe9ZxCN.pdf,
phone,pass,Published phone: 0000002166 ,https://nationalsalt.lk/storage/coparate_plans_report_files/1728628686_ByQRe9ZxCN.pdf,
phone,pass,Published phone: 0 0 0 479 525 4,https://nationalsalt.lk/storage/coparate_plans_report_files/1728628686_ByQRe9ZxCN.pdf,
phone,pass,Published phone: 0000001558 ,https://nationalsalt.lk/storage/coparate_plans_report_files/1728628686_ByQRe9ZxCN.pdf,
phone,pass,Published phone: 0000001338 ,https://nationalsalt.lk/storage/coparate_plans_report_files/1728628686_ByQRe9ZxCN.pdf,
phone,pass,Published phone: 0000000953 ,https://nationalsalt.lk/storage/coparate_plans_report_files/1728628686_ByQRe9ZxCN.pdf,
phone,pass,Published phone: 0000001148 ,https://nationalsalt.lk/storage/coparate_plans_report_files/1728628686_ByQRe9ZxCN.pdf,
phone,pass,Published phone: 0 0 0 0 0 0 0 0 0 5,https://nationalsalt.lk/storage/coparate_plans_report_files/1728628686_ByQRe9ZxCN.pdf,
phone,pass,Published phone: 0000001376 ,https://nationalsalt.lk/storage/coparate_plans_report_files/1728628686_ByQRe9ZxCN.pdf,
phone,pass,Published phone: 0000001023 ,https://nationalsalt.lk/storage/coparate_plans_report_files/1728628686_ByQRe9ZxCN.pdf,
phone,pass,Published phone: 0000001968 ,https://nationalsalt.lk/storage/coparate_plans_report_files/1728628686_ByQRe9ZxCN.pdf,
phone,pass,Published phone: 0000001771 ,https://nationalsalt.lk/storage/coparate_plans_report_files/1728628686_ByQRe9ZxCN.pdf,
phone,pass,Published phone: 0000001877 ,https://nationalsalt.lk/storage/coparate_plans_report_files/1728628686_ByQRe9ZxCN.pdf,
phone,pass,Published phone: 0000000781 ,https://nationalsalt.lk/storage/coparate_plans_report_files/1728628686_ByQRe9ZxCN.pdf,
phone,pass,Published phone: 0000000205 ,https://nationalsalt.lk/storage/coparate_plans_report_files/1728628686_ByQRe9ZxCN.pdf,
phone,pass,Published phone: 0000001764 ,https://nationalsalt.lk/storage/coparate_plans_report_files/1728628686_ByQRe9ZxCN.pdf,
phone,pass,Published phone: 0000000429 ,https://nationalsalt.lk/storage/coparate_plans_report_files/1728628686_ByQRe9ZxCN.pdf,
phone,pass,Published phone: 0000000882 ,https://nationalsalt.lk/storage/coparate_plans_report_files/1728628686_ByQRe9ZxCN.pdf,
phone,pass,Published phone: 0000001155 ,https://nationalsalt.lk/storage/coparate_plans_report_files/1728628686_ByQRe9ZxCN.pdf,
phone,pass,Published phone: 0000001630 ,https://nationalsalt.lk/storage/coparate_plans_report_files/1728628686_ByQRe9ZxCN.pdf,
phone,pass,Published phone: 0000001451 ,https://nationalsalt.lk/storage/coparate_plans_report_files/1728628686_ByQRe9ZxCN.pdf,
phone,pass,Published phone: 0000000154 ,https://nationalsalt.lk/storage/coparate_plans_report_files/1728628686_ByQRe9ZxCN.pdf,
phone,pass,Published phone: 0000000749 ,https://nationalsalt.lk/storage/coparate_plans_report_files/1728628686_ByQRe9ZxCN.pdf,
phone,pass,Published phone: 0000001675 ,https://nationalsalt.lk/storage/coparate_plans_report_files/1728628686_ByQRe9ZxCN.pdf,
phone,pass,Published phone: 0000001695 ,https://nationalsalt.lk/storage/coparate_plans_report_files/1728628686_ByQRe9ZxCN.pdf,
phone,pass,Published phone: 0000001323 ,https://nationalsalt.lk/storage/coparate_plans_report_files/1728628686_ByQRe9ZxCN.pdf,
phone,pass,Published phone: 0000000825 ,https://nationalsalt.lk/storage/coparate_plans_report_files/1728628686_ByQRe9ZxCN.pdf,
phone,pass,Published phone: 0000000769 ,https://nationalsalt.lk/storage/coparate_plans_report_files/1728628686_ByQRe9ZxCN.pdf,
phone,pass,Published phone: 0000001903 ,https://nationalsalt.lk/storage/coparate_plans_report_files/1728628686_ByQRe9ZxCN.pdf,
phone,pass,Published phone: 0000002306 ,https://nationalsalt.lk/storage/coparate_plans_report_files/1728628686_ByQRe9ZxCN.pdf,
phone,pass,Published phone: 0000001917 ,https://nationalsalt.lk/storage/coparate_plans_report_files/1728628686_ByQRe9ZxCN.pdf,
phone,pass,Published phone: 0000001777 ,https://nationalsalt.lk/storage/coparate_plans_report_files/1728628686_ByQRe9ZxCN.pdf,
phone,pass,Published phone: 0000002102 ,https://nationalsalt.lk/storage/coparate_plans_report_files/1728628686_ByQRe9ZxCN.pdf,
phone,pass,Published phone: 0000000417 ,https://nationalsalt.lk/storage/coparate_plans_report_files/1728628686_ByQRe9ZxCN.pdf,
phone,pass,Published phone: 0000000993 ,https://nationalsalt.lk/storage/coparate_plans_report_files/1728628686_ByQRe9ZxCN.pdf,
phone,pass,Published phone: 0000001345 ,https://nationalsalt.lk/storage/coparate_plans_report_files/1728628686_ByQRe9ZxCN.pdf,
phone,pass,Published phone: 0000177868 ,https://nationalsalt.lk/storage/coparate_plans_report_files/1728628686_ByQRe9ZxCN.pdf,
phone,pass,Published phone: 0000001565 ,https://nationalsalt.lk/storage/coparate_plans_report_files/1728628686_ByQRe9ZxCN.pdf,
phone,pass,Published phone: 0000002043 ,https://nationalsalt.lk/storage/coparate_plans_report_files/1728628686_ByQRe9ZxCN.pdf,
phone,pass,Published phone: 0 392 533 380 ,https://nationalsalt.lk/storage/coparate_plans_report_files/1728628686_ByQRe9ZxCN.pdf,
phone,pass,Published phone: 0000000839 ,https://nationalsalt.lk/storage/coparate_plans_report_files/1728628686_ByQRe9ZxCN.pdf,
phone,pass,Published phone: 0000000241 ,https://nationalsalt.lk/storage/coparate_plans_report_files/1728628686_ByQRe9ZxCN.pdf,
phone,pass,Published phone: 0000001946 ,https://nationalsalt.lk/storage/coparate_plans_report_files/1728628686_ByQRe9ZxCN.pdf,
phone,pass,Published phone: 0000072633 ,https://nationalsalt.lk/storage/coparate_plans_report_files/1728628686_ByQRe9ZxCN.pdf,
phone,pass,Published phone: 0000000624 ,https://nationalsalt.lk/storage/coparate_plans_report_files/1728628686_ByQRe9ZxCN.pdf,
phone,pass,Published phone: 0000001932 ,https://nationalsalt.lk/storage/coparate_plans_report_files/1728628686_ByQRe9ZxCN.pdf,
phone,pass,Published phone: 0000001402 ,https://nationalsalt.lk/storage/coparate_plans_report_files/1728628686_ByQRe9ZxCN.pdf,
phone,pass,Published phone: 0 355 399 347 ,https://nationalsalt.lk/storage/coparate_plans_report_files/1728628686_ByQRe9ZxCN.pdf,
phone,pass,Published phone: 0000002196 ,https://nationalsalt.lk/storage/coparate_plans_report_files/1728628686_ByQRe9ZxCN.pdf,
phone,pass,Published phone: 0000001831 ,https://nationalsalt.lk/storage/coparate_plans_report_files/1728628686_ByQRe9ZxCN.pdf,
phone,pass,Published phone: 0000002364 ,https://nationalsalt.lk/storage/coparate_plans_report_files/1728628686_ByQRe9ZxCN.pdf,
phone,pass,Published phone: 0000000850 ,https://nationalsalt.lk/storage/coparate_plans_report_files/1728628686_ByQRe9ZxCN.pdf,
phone,pass,Published phone: 0000002310 ,https://nationalsalt.lk/storage/coparate_plans_report_files/1728628686_ByQRe9ZxCN.pdf,
phone,pass,Published phone: 0000000452 ,https://nationalsalt.lk/storage/coparate_plans_report_files/1728628686_ByQRe9ZxCN.pdf,
phone,pass,Published phone: 0000000976 ,https://nationalsalt.lk/storage/coparate_plans_report_files/1728628686_ByQRe9ZxCN.pdf,
phone,pass,Published phone: 0000001795 ,https://nationalsalt.lk/storage/coparate_plans_report_files/1728628686_ByQRe9ZxCN.pdf,
phone,pass,Published phone: 0000001478 ,https://nationalsalt.lk/storage/coparate_plans_report_files/1728628686_ByQRe9ZxCN.pdf,
phone,pass,Published phone: 0000001868 ,https://nationalsalt.lk/storage/coparate_plans_report_files/1728628686_ByQRe9ZxCN.pdf,
phone,pass,Published phone: 0000000978 ,https://nationalsalt.lk/storage/coparate_plans_report_files/1728628686_ByQRe9ZxCN.pdf,
phone,pass,Published phone: 0000001474 ,https://nationalsalt.lk/storage/coparate_plans_report_files/1728628686_ByQRe9ZxCN.pdf,
phone,pass,Published phone: 0000000579 ,https://nationalsalt.lk/storage/coparate_plans_report_files/1728628686_ByQRe9ZxCN.pdf,
phone,pass,Published phone: 0000000477 ,https://nationalsalt.lk/storage/coparate_plans_report_files/1728628686_ByQRe9ZxCN.pdf,
phone,pass,Published phone: 0000000340 ,https://nationalsalt.lk/storage/coparate_plans_report_files/1728628686_ByQRe9ZxCN.pdf,
phone,pass,Published phone: 0 500 278 278 ,https://nationalsalt.lk/storage/coparate_plans_report_files/1728628686_ByQRe9ZxCN.pdf,
phone,pass,Published phone: 0000000801 ,https://nationalsalt.lk/storage/coparate_plans_report_files/1728628686_ByQRe9ZxCN.pdf,
phone,pass,Published phone: 0000001780 ,https://nationalsalt.lk/storage/coparate_plans_report_files/1728628686_ByQRe9ZxCN.pdf,
phone,pass,Published phone: 0000001721 ,https://nationalsalt.lk/storage/coparate_plans_report_files/1728628686_ByQRe9ZxCN.pdf,
phone,pass,Published phone: 0000364360 ,https://nationalsalt.lk/storage/coparate_plans_report_files/1728628686_ByQRe9ZxCN.pdf,
phone,pass,Published phone: 0000001510 ,https://nationalsalt.lk/storage/coparate_plans_report_files/1728628686_ByQRe9ZxCN.pdf,
phone,pass,Published phone: 0000002396 ,https://nationalsalt.lk/storage/coparate_plans_report_files/1728628686_ByQRe9ZxCN.pdf,
phone,pass,Published phone: 0000001919 ,https://nationalsalt.lk/storage/coparate_plans_report_files/1728628686_ByQRe9ZxCN.pdf,
phone,pass,Published phone: 0000000888 ,https://nationalsalt.lk/storage/coparate_plans_report_files/1728628686_ByQRe9ZxCN.pdf,
phone,pass,Published phone: 0000002216 ,https://nationalsalt.lk/storage/coparate_plans_report_files/1728628686_ByQRe9ZxCN.pdf,
phone,pass,Published phone: 0000000133 ,https://nationalsalt.lk/storage/coparate_plans_report_files/1728628686_ByQRe9ZxCN.pdf,
phone,pass,Published phone: 0000001368 ,https://nationalsalt.lk/storage/coparate_plans_report_files/1728628686_ByQRe9ZxCN.pdf,
phone,pass,Published phone: 0000000774 ,https://nationalsalt.lk/storage/coparate_plans_report_files/1728628686_ByQRe9ZxCN.pdf,
phone,pass,Published phone: 0000002062 ,https://nationalsalt.lk/storage/coparate_plans_report_files/1728628686_ByQRe9ZxCN.pdf,
phone,pass,Published phone: 0000002125 ,https://nationalsalt.lk/storage/coparate_plans_report_files/1728628686_ByQRe9ZxCN.pdf,
phone,pass,Published phone: 0000001448 ,https://nationalsalt.lk/storage/coparate_plans_report_files/1728628686_ByQRe9ZxCN.pdf,
phone,pass,Published phone: 0000000867 ,https://nationalsalt.lk/storage/coparate_plans_report_files/1728628686_ByQRe9ZxCN.pdf,
phone,pass,Published phone: 0000002091 ,https://nationalsalt.lk/storage/coparate_plans_report_files/1728628686_ByQRe9ZxCN.pdf,
phone,pass,Published phone: 0000001548 ,https://nationalsalt.lk/storage/coparate_plans_report_files/1728628686_ByQRe9ZxCN.pdf,
phone,pass,Published phone: 0000001194 ,https://nationalsalt.lk/storage/coparate_plans_report_files/1728628686_ByQRe9ZxCN.pdf,
phone,pass,Published phone: 0000001616 ,https://nationalsalt.lk/storage/coparate_plans_report_files/1728628686_ByQRe9ZxCN.pdf,
phone,pass,Published phone: 0000001855 ,https://nationalsalt.lk/storage/coparate_plans_report_files/1728628686_ByQRe9ZxCN.pdf,
phone,pass,Published phone: 0000001505 ,https://nationalsalt.lk/storage/coparate_plans_report_files/1728628686_ByQRe9ZxCN.pdf,
phone,pass,Published phone: 0000081741 ,https://nationalsalt.lk/storage/coparate_plans_report_files/1728628686_ByQRe9ZxCN.pdf,
phone,pass,Published phone: 0000001177 ,https://nationalsalt.lk/storage/coparate_plans_report_files/1728628686_ByQRe9ZxCN.pdf,
phone,pass,Published phone: 0000001797 ,https://nationalsalt.lk/storage/coparate_plans_report_files/1728628686_ByQRe9ZxCN.pdf,
phone,pass,Published phone: 0000001162 ,https://nationalsalt.lk/storage/coparate_plans_report_files/1728628686_ByQRe9ZxCN.pdf,
phone,pass,Published phone: 0000001602 ,https://nationalsalt.lk/storage/coparate_plans_report_files/1728628686_ByQRe9ZxCN.pdf,
phone,pass,Published phone: 0000000674 ,https://nationalsalt.lk/storage/coparate_plans_report_files/1728628686_ByQRe9ZxCN.pdf,
phone,pass,Published phone: 0000000741 ,https://nationalsalt.lk/storage/coparate_plans_report_files/1728628686_ByQRe9ZxCN.pdf,
phone,pass,Published phone: 0000000860 ,https://nationalsalt.lk/storage/coparate_plans_report_files/1728628686_ByQRe9ZxCN.pdf,
phone,pass,Published phone: 0000000134 ,https://nationalsalt.lk/storage/coparate_plans_report_files/1728628686_ByQRe9ZxCN.pdf,
phone,pass,Published phone: 0000002357 ,https://nationalsalt.lk/storage/coparate_plans_report_files/1728628686_ByQRe9ZxCN.pdf,
phone,pass,Published phone: 0000001760 ,https://nationalsalt.lk/storage/coparate_plans_report_files/1728628686_ByQRe9ZxCN.pdf,
phone,pass,Published phone: 0000002197 ,https://nationalsalt.lk/storage/coparate_plans_report_files/1728628686_ByQRe9ZxCN.pdf,
phone,pass,Published phone: 0000002084 ,https://nationalsalt.lk/storage/coparate_plans_report_files/1728628686_ByQRe9ZxCN.pdf,
phone,pass,Published phone: 0000027772 ,https://nationalsalt.lk/storage/coparate_plans_report_files/1728628686_ByQRe9ZxCN.pdf,
phone,pass,Published phone: 0000001660 ,https://nationalsalt.lk/storage/coparate_plans_report_files/1728628686_ByQRe9ZxCN.pdf,
phone,pass,Published phone: 0000002063 ,https://nationalsalt.lk/storage/coparate_plans_report_files/1728628686_ByQRe9ZxCN.pdf,
phone,pass,Published phone: 0000000610 ,https://nationalsalt.lk/storage/coparate_plans_report_files/1728628686_ByQRe9ZxCN.pdf,
phone,pass,Published phone: 00 217 390 53,https://nationalsalt.lk/storage/coparate_plans_report_files/1728628686_ByQRe9ZxCN.pdf,
phone,pass,Published phone: 0 0 0 0 0 0 0 648 ,https://nationalsalt.lk/storage/coparate_plans_report_files/1728628686_ByQRe9ZxCN.pdf,
phone,pass,Published phone: 0000000238 ,https://nationalsalt.lk/storage/coparate_plans_report_files/1728628686_ByQRe9ZxCN.pdf,
phone,pass,Published phone: 0000000691 ,https://nationalsalt.lk/storage/coparate_plans_report_files/1728628686_ByQRe9ZxCN.pdf,
phone,pass,Published phone: 0000081076 ,https://nationalsalt.lk/storage/coparate_plans_report_files/1728628686_ByQRe9ZxCN.pdf,
phone,pass,Published phone: 0000002314 ,https://nationalsalt.lk/storage/coparate_plans_report_files/1728628686_ByQRe9ZxCN.pdf,
phone,pass,Published phone: 0000001872 ,https://nationalsalt.lk/storage/coparate_plans_report_files/1728628686_ByQRe9ZxCN.pdf,
phone,pass,Published phone: 0000000474 ,https://nationalsalt.lk/storage/coparate_plans_report_files/1728628686_ByQRe9ZxCN.pdf,
phone,pass,Published phone: 0000002020 ,https://nationalsalt.lk/storage/coparate_plans_report_files/1728628686_ByQRe9ZxCN.pdf,
phone,pass,Published phone: 0000000678 ,https://nationalsalt.lk/storage/coparate_plans_report_files/1728628686_ByQRe9ZxCN.pdf,
phone,pass,Published phone: 0000002333 ,https://nationalsalt.lk/storage/coparate_plans_report_files/1728628686_ByQRe9ZxCN.pdf,
phone,pass,Published phone: 0000033345 ,https://nationalsalt.lk/storage/coparate_plans_report_files/1728628686_ByQRe9ZxCN.pdf,
phone,pass,Published phone: 0000000829 ,https://nationalsalt.lk/storage/coparate_plans_report_files/1728628686_ByQRe9ZxCN.pdf,
phone,pass,Published phone: 0000001124 ,https://nationalsalt.lk/storage/coparate_plans_report_files/1728628686_ByQRe9ZxCN.pdf,
phone,pass,Published phone: 0000000746 ,https://nationalsalt.lk/storage/coparate_plans_report_files/1728628686_ByQRe9ZxCN.pdf,
phone,pass,Published phone: 0000000979 ,https://nationalsalt.lk/storage/coparate_plans_report_files/1728628686_ByQRe9ZxCN.pdf,
phone,pass,Published phone: 0000087782 ,https://nationalsalt.lk/storage/coparate_plans_report_files/1728628686_ByQRe9ZxCN.pdf,
phone,pass,Published phone: 0000000698 ,https://nationalsalt.lk/storage/coparate_plans_report_files/1728628686_ByQRe9ZxCN.pdf,
phone,pass,Published phone: 0000001056 ,https://nationalsalt.lk/storage/coparate_plans_report_files/1728628686_ByQRe9ZxCN.pdf,
phone,pass,Published phone: 0000001107 ,https://nationalsalt.lk/storage/coparate_plans_report_files/1728628686_ByQRe9ZxCN.pdf,
phone,pass,Published phone: 0000000480 ,https://nationalsalt.lk/storage/coparate_plans_report_files/1728628686_ByQRe9ZxCN.pdf,
phone,pass,Published phone: 00 278 778 50,https://nationalsalt.lk/storage/coparate_plans_report_files/1728628686_ByQRe9ZxCN.pdf,
phone,pass,Published phone: 0000002035 ,https://nationalsalt.lk/storage/coparate_plans_report_files/1728628686_ByQRe9ZxCN.pdf,
phone,pass,Published phone: 0000000848 ,https://nationalsalt.lk/storage/coparate_plans_report_files/1728628686_ByQRe9ZxCN.pdf,
phone,pass,Published phone: 0000001361 ,https://nationalsalt.lk/storage/coparate_plans_report_files/1728628686_ByQRe9ZxCN.pdf,
phone,pass,Published phone: 0000001396 ,https://nationalsalt.lk/storage/coparate_plans_report_files/1728628686_ByQRe9ZxCN.pdf,
phone,pass,Published phone: 0000002256 ,https://nationalsalt.lk/storage/coparate_plans_report_files/1728628686_ByQRe9ZxCN.pdf,
phone,pass,Published phone: 0000001176 ,https://nationalsalt.lk/storage/coparate_plans_report_files/1728628686_ByQRe9ZxCN.pdf,
phone,pass,Published phone: 0000001481 ,https://nationalsalt.lk/storage/coparate_plans_report_files/1728628686_ByQRe9ZxCN.pdf,
phone,pass,Published phone: 0000002080 ,https://nationalsalt.lk/storage/coparate_plans_report_files/1728628686_ByQRe9ZxCN.pdf,
phone,pass,Published phone: 0000000211 ,https://nationalsalt.lk/storage/coparate_plans_report_files/1728628686_ByQRe9ZxCN.pdf,
phone,pass,Published phone: 0000000936 ,https://nationalsalt.lk/storage/coparate_plans_report_files/1728628686_ByQRe9ZxCN.pdf,
phone,pass,Published phone: 0000002072 ,https://nationalsalt.lk/storage/coparate_plans_report_files/1728628686_ByQRe9ZxCN.pdf,
phone,pass,Published phone: 0000002258 ,https://nationalsalt.lk/storage/coparate_plans_report_files/1728628686_ByQRe9ZxCN.pdf,
phone,pass,Published phone: 0000001140 ,https://nationalsalt.lk/storage/coparate_plans_report_files/1728628686_ByQRe9ZxCN.pdf,
phone,pass,Published phone: 0000000190 ,https://nationalsalt.lk/storage/coparate_plans_report_files/1728628686_ByQRe9ZxCN.pdf,
phone,pass,Published phone: 0000000537 ,https://nationalsalt.lk/storage/coparate_plans_report_files/1728628686_ByQRe9ZxCN.pdf,
phone,pass,Published phone: 0000001998 ,https://nationalsalt.lk/storage/coparate_plans_report_files/1728628686_ByQRe9ZxCN.pdf,
phone,pass,Published phone: 0000001269 ,https://nationalsalt.lk/storage/coparate_plans_report_files/1728628686_ByQRe9ZxCN.pdf,
phone,pass,Published phone: 0000001379 ,https://nationalsalt.lk/storage/coparate_plans_report_files/1728628686_ByQRe9ZxCN.pdf,
phone,pass,Published phone: 0000000582 ,https://nationalsalt.lk/storage/coparate_plans_report_files/1728628686_ByQRe9ZxCN.pdf,
phone,pass,Published phone: 0000000420 ,https://nationalsalt.lk/storage/coparate_plans_report_files/1728628686_ByQRe9ZxCN.pdf,
phone,pass,Published phone: 0000000874 ,https://nationalsalt.lk/storage/coparate_plans_report_files/1728628686_ByQRe9ZxCN.pdf,
phone,pass,Published phone: 0000000153 ,https://nationalsalt.lk/storage/coparate_plans_report_files/1728628686_ByQRe9ZxCN.pdf,
phone,pass,Published phone: 0000000520 ,https://nationalsalt.lk/storage/coparate_plans_report_files/1728628686_ByQRe9ZxCN.pdf,
phone,pass,Published phone: 0000001826 ,https://nationalsalt.lk/storage/coparate_plans_report_files/1728628686_ByQRe9ZxCN.pdf,
phone,pass,Published phone: 0 0 250 333 25,https://nationalsalt.lk/storage/coparate_plans_report_files/1728628686_ByQRe9ZxCN.pdf,
phone,pass,Published phone: 0000001733 ,https://nationalsalt.lk/storage/coparate_plans_report_files/1728628686_ByQRe9ZxCN.pdf,
phone,pass,Published phone: 0000001796 ,https://nationalsalt.lk/storage/coparate_plans_report_files/1728628686_ByQRe9ZxCN.pdf,
phone,pass,Published phone: 0000001943 ,https://nationalsalt.lk/storage/coparate_plans_report_files/1728628686_ByQRe9ZxCN.pdf,
phone,pass,Published phone: 0000002027 ,https://nationalsalt.lk/storage/coparate_plans_report_files/1728628686_ByQRe9ZxCN.pdf,
phone,pass,Published phone: 0000000720 ,https://nationalsalt.lk/storage/coparate_plans_report_files/1728628686_ByQRe9ZxCN.pdf,
phone,pass,Published phone: 0000001183 ,https://nationalsalt.lk/storage/coparate_plans_report_files/1728628686_ByQRe9ZxCN.pdf,
phone,pass,Published phone: 0000000731 ,https://nationalsalt.lk/storage/coparate_plans_report_files/1728628686_ByQRe9ZxCN.pdf,
phone,pass,Published phone: 0000000172 ,https://nationalsalt.lk/storage/coparate_plans_report_files/1728628686_ByQRe9ZxCN.pdf,
phone,pass,Published phone: 0000000221 ,https://nationalsalt.lk/storage/coparate_plans_report_files/1728628686_ByQRe9ZxCN.pdf,
phone,pass,Published phone: 0000001524 ,https://nationalsalt.lk/storage/coparate_plans_report_files/1728628686_ByQRe9ZxCN.pdf,
phone,pass,Published phone: 0000002299 ,https://nationalsalt.lk/storage/coparate_plans_report_files/1728628686_ByQRe9ZxCN.pdf,
phone,pass,Published phone: 0000001875 ,https://nationalsalt.lk/storage/coparate_plans_report_files/1728628686_ByQRe9ZxCN.pdf,
phone,pass,Published phone: 0000170748 ,https://nationalsalt.lk/storage/coparate_plans_report_files/1728628686_ByQRe9ZxCN.pdf,
phone,pass,Published phone: 06 252 386 50,https://nationalsalt.lk/storage/coparate_plans_report_files/1728628686_ByQRe9ZxCN.pdf,
phone,pass,Published phone: 0000000990 ,https://nationalsalt.lk/storage/coparate_plans_report_files/1728628686_ByQRe9ZxCN.pdf,
phone,pass,Published phone: 0000001477 ,https://nationalsalt.lk/storage/coparate_plans_report_files/1728628686_ByQRe9ZxCN.pdf,
phone,pass,Published phone: 0000001637 ,https://nationalsalt.lk/storage/coparate_plans_report_files/1728628686_ByQRe9ZxCN.pdf,
phone,pass,Published phone: 0000000501 ,https://nationalsalt.lk/storage/coparate_plans_report_files/1728628686_ByQRe9ZxCN.pdf,
phone,pass,Published phone: 0000000139 ,https://nationalsalt.lk/storage/coparate_plans_report_files/1728628686_ByQRe9ZxCN.pdf,
phone,pass,Published phone: 0000001730 ,https://nationalsalt.lk/storage/coparate_plans_report_files/1728628686_ByQRe9ZxCN.pdf,
phone,pass,Published phone: 0000000219 ,https://nationalsalt.lk/storage/coparate_plans_report_files/1728628686_ByQRe9ZxCN.pdf,
phone,pass,Published phone: 0000000341 ,https://nationalsalt.lk/storage/coparate_plans_report_files/1728628686_ByQRe9ZxCN.pdf,
phone,pass,Published phone: 0000002120 ,https://nationalsalt.lk/storage/coparate_plans_report_files/1728628686_ByQRe9ZxCN.pdf,
phone,pass,Published phone: 0000000951 ,https://nationalsalt.lk/storage/coparate_plans_report_files/1728628686_ByQRe9ZxCN.pdf,
phone,pass,Published phone: 0000000608 ,https://nationalsalt.lk/storage/coparate_plans_report_files/1728628686_ByQRe9ZxCN.pdf,
phone,pass,Published phone: 0000002370 ,https://nationalsalt.lk/storage/coparate_plans_report_files/1728628686_ByQRe9ZxCN.pdf,
phone,pass,Published phone: 0000002323 ,https://nationalsalt.lk/storage/coparate_plans_report_files/1728628686_ByQRe9ZxCN.pdf,
phone,pass,Published phone: 0000002079 ,https://nationalsalt.lk/storage/coparate_plans_report_files/1728628686_ByQRe9ZxCN.pdf,
phone,pass,Published phone: 0000001537 ,https://nationalsalt.lk/storage/coparate_plans_report_files/1728628686_ByQRe9ZxCN.pdf,
phone,pass,Published phone: 0000002298 ,https://nationalsalt.lk/storage/coparate_plans_report_files/1728628686_ByQRe9ZxCN.pdf,
phone,pass,Published phone: 0000001900 ,https://nationalsalt.lk/storage/coparate_plans_report_files/1728628686_ByQRe9ZxCN.pdf,
phone,pass,Published phone: 07 507 507 50,https://nationalsalt.lk/storage/coparate_plans_report_files/1728628686_ByQRe9ZxCN.pdf,
phone,pass,Published phone: 0000001208 ,https://nationalsalt.lk/storage/coparate_plans_report_files/1728628686_ByQRe9ZxCN.pdf,
phone,pass,Published phone: 0000135986 ,https://nationalsalt.lk/storage/coparate_plans_report_files/1728628686_ByQRe9ZxCN.pdf,
phone,pass,Published phone: 0000001312 ,https://nationalsalt.lk/storage/coparate_plans_report_files/1728628686_ByQRe9ZxCN.pdf,
phone,pass,Published phone: 0000000632 ,https://nationalsalt.lk/storage/coparate_plans_report_files/1728628686_ByQRe9ZxCN.pdf,
phone,pass,Published phone: 0000001534 ,https://nationalsalt.lk/storage/coparate_plans_report_files/1728628686_ByQRe9ZxCN.pdf,
phone,pass,Published phone: 0000000944 ,https://nationalsalt.lk/storage/coparate_plans_report_files/1728628686_ByQRe9ZxCN.pdf,
phone,pass,Published phone: 0000001001 ,https://nationalsalt.lk/storage/coparate_plans_report_files/1728628686_ByQRe9ZxCN.pdf,
phone,pass,Published phone: 0000000390 ,https://nationalsalt.lk/storage/coparate_plans_report_files/1728628686_ByQRe9ZxCN.pdf,
phone,pass,Published phone: 0000000719 ,https://nationalsalt.lk/storage/coparate_plans_report_files/1728628686_ByQRe9ZxCN.pdf,
phone,pass,Published phone: 0000001206 ,https://nationalsalt.lk/storage/coparate_plans_report_files/1728628686_ByQRe9ZxCN.pdf,
phone,pass,Published phone: 0000001224 ,https://nationalsalt.lk/storage/coparate_plans_report_files/1728628686_ByQRe9ZxCN.pdf,
phone,pass,Published phone: 0000001416 ,https://nationalsalt.lk/storage/coparate_plans_report_files/1728628686_ByQRe9ZxCN.pdf,
phone,pass,Published phone: 0000000495 ,https://nationalsalt.lk/storage/coparate_plans_report_files/1728628686_ByQRe9ZxCN.pdf,
phone,pass,Published phone: 0000420515 ,https://nationalsalt.lk/storage/coparate_plans_report_files/1728628686_ByQRe9ZxCN.pdf,
phone,pass,Published phone: 0000002186 ,https://nationalsalt.lk/storage/coparate_plans_report_files/1728628686_ByQRe9ZxCN.pdf,
phone,pass,Published phone: 0000000547 ,https://nationalsalt.lk/storage/coparate_plans_report_files/1728628686_ByQRe9ZxCN.pdf,
phone,pass,Published phone: 0000000637 ,https://nationalsalt.lk/storage/coparate_plans_report_files/1728628686_ByQRe9ZxCN.pdf,
phone,pass,Published phone: 0000000119 ,https://nationalsalt.lk/storage/coparate_plans_report_files/1728628686_ByQRe9ZxCN.pdf,
phone,pass,Published phone: 0000001393 ,https://nationalsalt.lk/storage/coparate_plans_report_files/1728628686_ByQRe9ZxCN.pdf,
phone,pass,Published phone: 0000001523 ,https://nationalsalt.lk/storage/coparate_plans_report_files/1728628686_ByQRe9ZxCN.pdf,
phone,pass,Published phone: 0000001075 ,https://nationalsalt.lk/storage/coparate_plans_report_files/1728628686_ByQRe9ZxCN.pdf,
phone,pass,Published phone: 0000000870 ,https://nationalsalt.lk/storage/coparate_plans_report_files/1728628686_ByQRe9ZxCN.pdf,
phone,pass,Published phone: 0000001816 ,https://nationalsalt.lk/storage/coparate_plans_report_files/1728628686_ByQRe9ZxCN.pdf,
phone,pass,Published phone: 0000002334 ,https://nationalsalt.lk/storage/coparate_plans_report_files/1728628686_ByQRe9ZxCN.pdf,
phone,pass,Published phone: 0 0 0 478 0 514 ,https://nationalsalt.lk/storage/coparate_plans_report_files/1728628686_ByQRe9ZxCN.pdf,
phone,pass,Published phone: 0000001963 ,https://nationalsalt.lk/storage/coparate_plans_report_files/1728628686_ByQRe9ZxCN.pdf,
phone,pass,Published phone: 0000001828 ,https://nationalsalt.lk/storage/coparate_plans_report_files/1728628686_ByQRe9ZxCN.pdf,
phone,pass,Published phone: 0000002343 ,https://nationalsalt.lk/storage/coparate_plans_report_files/1728628686_ByQRe9ZxCN.pdf,
phone,pass,Published phone: 0000000243 ,https://nationalsalt.lk/storage/coparate_plans_report_files/1728628686_ByQRe9ZxCN.pdf,
phone,pass,Published phone: 0000000280 ,https://nationalsalt.lk/storage/coparate_plans_report_files/1728628686_ByQRe9ZxCN.pdf,
phone,pass,Published phone: 0000001198 ,https://nationalsalt.lk/storage/coparate_plans_report_files/1728628686_ByQRe9ZxCN.pdf,
phone,pass,Published phone: 0000000392 ,https://nationalsalt.lk/storage/coparate_plans_report_files/1728628686_ByQRe9ZxCN.pdf,
phone,pass,Published phone: 0000001583 ,https://nationalsalt.lk/storage/coparate_plans_report_files/1728628686_ByQRe9ZxCN.pdf,
phone,pass,Published phone: 0000002280 ,https://nationalsalt.lk/storage/coparate_plans_report_files/1728628686_ByQRe9ZxCN.pdf,
phone,pass,Published phone: 0000001172 ,https://nationalsalt.lk/storage/coparate_plans_report_files/1728628686_ByQRe9ZxCN.pdf,
phone,pass,Published phone: 0000001468 ,https://nationalsalt.lk/storage/coparate_plans_report_files/1728628686_ByQRe9ZxCN.pdf,
phone,pass,Published phone: 0000002243 ,https://nationalsalt.lk/storage/coparate_plans_report_files/1728628686_ByQRe9ZxCN.pdf,
phone,pass,Published phone: 0000001348 ,https://nationalsalt.lk/storage/coparate_plans_report_files/1728628686_ByQRe9ZxCN.pdf,
phone,pass,Published phone: 0000001518 ,https://nationalsalt.lk/storage/coparate_plans_report_files/1728628686_ByQRe9ZxCN.pdf,
phone,pass,Published phone: 0000000811 ,https://nationalsalt.lk/storage/coparate_plans_report_files/1728628686_ByQRe9ZxCN.pdf,
phone,pass,Published phone: 0 0 0 0 0 507 50,https://nationalsalt.lk/storage/coparate_plans_report_files/1728628686_ByQRe9ZxCN.pdf,
phone,pass,Published phone: 0000001503 ,https://nationalsalt.lk/storage/coparate_plans_report_files/1728628686_ByQRe9ZxCN.pdf,
phone,pass,Published phone: 0000002346 ,https://nationalsalt.lk/storage/coparate_plans_report_files/1728628686_ByQRe9ZxCN.pdf,
phone,pass,Published phone: 0000000808 ,https://nationalsalt.lk/storage/coparate_plans_report_files/1728628686_ByQRe9ZxCN.pdf,
phone,pass,Published phone: 0000002245 ,https://nationalsalt.lk/storage/coparate_plans_report_files/1728628686_ByQRe9ZxCN.pdf,
phone,pass,Published phone: 0000000603 ,https://nationalsalt.lk/storage/coparate_plans_report_files/1728628686_ByQRe9ZxCN.pdf,
phone,pass,Published phone: 0000001272 ,https://nationalsalt.lk/storage/coparate_plans_report_files/1728628686_ByQRe9ZxCN.pdf,
phone,pass,Published phone: 0000002278 ,https://nationalsalt.lk/storage/coparate_plans_report_files/1728628686_ByQRe9ZxCN.pdf,
phone,pass,Published phone: 0000000676 ,https://nationalsalt.lk/storage/coparate_plans_report_files/1728628686_ByQRe9ZxCN.pdf,
phone,pass,Published phone: 0000000545 ,https://nationalsalt.lk/storage/coparate_plans_report_files/1728628686_ByQRe9ZxCN.pdf,
phone,pass,Published phone: 0000001195 ,https://nationalsalt.lk/storage/coparate_plans_report_files/1728628686_ByQRe9ZxCN.pdf,
phone,pass,Published phone: 0000002076 ,https://nationalsalt.lk/storage/coparate_plans_report_files/1728628686_ByQRe9ZxCN.pdf,
phone,pass,Published phone: 0000001824 ,https://nationalsalt.lk/storage/coparate_plans_report_files/1728628686_ByQRe9ZxCN.pdf,
phone,pass,Published phone: 0000000590 ,https://nationalsalt.lk/storage/coparate_plans_report_files/1728628686_ByQRe9ZxCN.pdf,
phone,pass,Published phone: 0000001710 ,https://nationalsalt.lk/storage/coparate_plans_report_files/1728628686_ByQRe9ZxCN.pdf,
phone,pass,Published phone: 0000000697 ,https://nationalsalt.lk/storage/coparate_plans_report_files/1728628686_ByQRe9ZxCN.pdf,
phone,pass,Published phone: 0000001848 ,https://nationalsalt.lk/storage/coparate_plans_report_files/1728628686_ByQRe9ZxCN.pdf,
phone,pass,Published phone: 0000000271 ,https://nationalsalt.lk/storage/coparate_plans_report_files/1728628686_ByQRe9ZxCN.pdf,
phone,pass,Published phone: 0000000468 ,https://nationalsalt.lk/storage/coparate_plans_report_files/1728628686_ByQRe9ZxCN.pdf,
phone,pass,Published phone: 0000001070 ,https://nationalsalt.lk/storage/coparate_plans_report_files/1728628686_ByQRe9ZxCN.pdf,
phone,pass,Published phone: 0000000330 ,https://nationalsalt.lk/storage/coparate_plans_report_files/1728628686_ByQRe9ZxCN.pdf,
phone,pass,Published phone: 0000043366 ,https://nationalsalt.lk/storage/coparate_plans_report_files/1728628686_ByQRe9ZxCN.pdf,
phone,pass,Published phone: 0000002193 ,https://nationalsalt.lk/storage/coparate_plans_report_files/1728628686_ByQRe9ZxCN.pdf,
phone,pass,Published phone: 0000002816 ,https://nationalsalt.lk/storage/coparate_plans_report_files/1728628686_ByQRe9ZxCN.pdf,
phone,pass,Published phone: 0000000593 ,https://nationalsalt.lk/storage/coparate_plans_report_files/1728628686_ByQRe9ZxCN.pdf,
phone,pass,Published phone: 0000000249 ,https://nationalsalt.lk/storage/coparate_plans_report_files/1728628686_ByQRe9ZxCN.pdf,
phone,pass,Published phone: 0000001090 ,https://nationalsalt.lk/storage/coparate_plans_report_files/1728628686_ByQRe9ZxCN.pdf,
phone,pass,Published phone: 0000000984 ,https://nationalsalt.lk/storage/coparate_plans_report_files/1728628686_ByQRe9ZxCN.pdf,
phone,pass,Published phone: 0000001234 ,https://nationalsalt.lk/storage/coparate_plans_report_files/1728628686_ByQRe9ZxCN.pdf,
phone,pass,Published phone: 0000001658 ,https://nationalsalt.lk/storage/coparate_plans_report_files/1728628686_ByQRe9ZxCN.pdf,
phone,pass,Published phone: 0000001931 ,https://nationalsalt.lk/storage/coparate_plans_report_files/1728628686_ByQRe9ZxCN.pdf,
phone,pass,Published phone: 0000002267 ,https://nationalsalt.lk/storage/coparate_plans_report_files/1728628686_ByQRe9ZxCN.pdf,
phone,pass,Published phone: 0000501268 ,https://nationalsalt.lk/storage/coparate_plans_report_files/1728628686_ByQRe9ZxCN.pdf,
phone,pass,Published phone: 0000001035 ,https://nationalsalt.lk/storage/coparate_plans_report_files/1728628686_ByQRe9ZxCN.pdf,
phone,pass,Published phone: 0000000137 ,https://nationalsalt.lk/storage/coparate_plans_report_files/1728628686_ByQRe9ZxCN.pdf,
phone,pass,Published phone: 0000000962 ,https://nationalsalt.lk/storage/coparate_plans_report_files/1728628686_ByQRe9ZxCN.pdf,
phone,pass,Published phone: 0000001628 ,https://nationalsalt.lk/storage/coparate_plans_report_files/1728628686_ByQRe9ZxCN.pdf,
phone,pass,Published phone: 0000000273 ,https://nationalsalt.lk/storage/coparate_plans_report_files/1728628686_ByQRe9ZxCN.pdf,
phone,pass,Published phone: 0000001766 ,https://nationalsalt.lk/storage/coparate_plans_report_files/1728628686_ByQRe9ZxCN.pdf,
phone,pass,Published phone: 0000002395 ,https://nationalsalt.lk/storage/coparate_plans_report_files/1728628686_ByQRe9ZxCN.pdf,
phone,pass,Published phone: 0000001132 ,https://nationalsalt.lk/storage/coparate_plans_report_files/1728628686_ByQRe9ZxCN.pdf,
phone,pass,Published phone: 0000000991 ,https://nationalsalt.lk/storage/coparate_plans_report_files/1728628686_ByQRe9ZxCN.pdf,
phone,pass,Published phone: 0000088985 ,https://nationalsalt.lk/storage/coparate_plans_report_files/1728628686_ByQRe9ZxCN.pdf,
phone,pass,Published phone: 0000000965 ,https://nationalsalt.lk/storage/coparate_plans_report_files/1728628686_ByQRe9ZxCN.pdf,
phone,pass,Published phone: 0000001281 ,https://nationalsalt.lk/storage/coparate_plans_report_files/1728628686_ByQRe9ZxCN.pdf,
phone,pass,Published phone: 0000002082 ,https://nationalsalt.lk/storage/coparate_plans_report_files/1728628686_ByQRe9ZxCN.pdf,
phone,pass,Published phone: 0000002149 ,https://nationalsalt.lk/storage/coparate_plans_report_files/1728628686_ByQRe9ZxCN.pdf,
phone,pass,Published phone: 0000000679 ,https://nationalsalt.lk/storage/coparate_plans_report_files/1728628686_ByQRe9ZxCN.pdf,
phone,pass,Published phone: 0000000228 ,https://nationalsalt.lk/storage/coparate_plans_report_files/1728628686_ByQRe9ZxCN.pdf,
phone,pass,Published phone: 0000000846 ,https://nationalsalt.lk/storage/coparate_plans_report_files/1728628686_ByQRe9ZxCN.pdf,
phone,pass,Published phone: 0000001708 ,https://nationalsalt.lk/storage/coparate_plans_report_files/1728628686_ByQRe9ZxCN.pdf,
phone,pass,Published phone: 0000000717 ,https://nationalsalt.lk/storage/coparate_plans_report_files/1728628686_ByQRe9ZxCN.pdf,
phone,pass,Published phone: 0000002147 ,https://nationalsalt.lk/storage/coparate_plans_report_files/1728628686_ByQRe9ZxCN.pdf,
phone,pass,Published phone: 0000000328 ,https://nationalsalt.lk/storage/coparate_plans_report_files/1728628686_ByQRe9ZxCN.pdf,
phone,pass,Published phone: 0000001603 ,https://nationalsalt.lk/storage/coparate_plans_report_files/1728628686_ByQRe9ZxCN.pdf,
phone,pass,Published phone: 0000001171 ,https://nationalsalt.lk/storage/coparate_plans_report_files/1728628686_ByQRe9ZxCN.pdf,
phone,pass,Published phone: 0000000937 ,https://nationalsalt.lk/storage/coparate_plans_report_files/1728628686_ByQRe9ZxCN.pdf,
phone,pass,Published phone: 0000000862 ,https://nationalsalt.lk/storage/coparate_plans_report_files/1728628686_ByQRe9ZxCN.pdf,
phone,pass,Published phone: 0000122900 ,https://nationalsalt.lk/storage/coparate_plans_report_files/1728628686_ByQRe9ZxCN.pdf,
phone,pass,Published phone: 0000002297 ,https://nationalsalt.lk/storage/coparate_plans_report_files/1728628686_ByQRe9ZxCN.pdf,
phone,pass,Published phone: 0000000285 ,https://nationalsalt.lk/storage/coparate_plans_report_files/1728628686_ByQRe9ZxCN.pdf,
phone,pass,Published phone: 0000000108 ,https://nationalsalt.lk/storage/coparate_plans_report_files/1728628686_ByQRe9ZxCN.pdf,
phone,pass,Published phone: 0000001360 ,https://nationalsalt.lk/storage/coparate_plans_report_files/1728628686_ByQRe9ZxCN.pdf,
phone,pass,Published phone: 0000002000 ,https://nationalsalt.lk/storage/coparate_plans_report_files/1728628686_ByQRe9ZxCN.pdf,
phone,pass,Published phone: 0000001722 ,https://nationalsalt.lk/storage/coparate_plans_report_files/1728628686_ByQRe9ZxCN.pdf,
phone,pass,Published phone: 0000000743 ,https://nationalsalt.lk/storage/coparate_plans_report_files/1728628686_ByQRe9ZxCN.pdf,
phone,pass,Published phone: 0000001996 ,https://nationalsalt.lk/storage/coparate_plans_report_files/1728628686_ByQRe9ZxCN.pdf,
phone,pass,Published phone: 0000000857 ,https://nationalsalt.lk/storage/coparate_plans_report_files/1728628686_ByQRe9ZxCN.pdf,
phone,pass,Published phone: 0000000753 ,https://nationalsalt.lk/storage/coparate_plans_report_files/1728628686_ByQRe9ZxCN.pdf,
phone,pass,Published phone: 0000001005 ,https://nationalsalt.lk/storage/coparate_plans_report_files/1728628686_ByQRe9ZxCN.pdf,
phone,pass,Published phone: 0000000842 ,https://nationalsalt.lk/storage/coparate_plans_report_files/1728628686_ByQRe9ZxCN.pdf,
phone,pass,Published phone: 0000001303 ,https://nationalsalt.lk/storage/coparate_plans_report_files/1728628686_ByQRe9ZxCN.pdf,
phone,pass,Published phone: 0000001011 ,https://nationalsalt.lk/storage/coparate_plans_report_files/1728628686_ByQRe9ZxCN.pdf,
phone,pass,Published phone: 0000001121 ,https://nationalsalt.lk/storage/coparate_plans_report_files/1728628686_ByQRe9ZxCN.pdf,
phone,pass,Published phone: 0000001004 ,https://nationalsalt.lk/storage/coparate_plans_report_files/1728628686_ByQRe9ZxCN.pdf,
phone,pass,Published phone: 0000000852 ,https://nationalsalt.lk/storage/coparate_plans_report_files/1728628686_ByQRe9ZxCN.pdf,
phone,pass,Published phone: 0000001305 ,https://nationalsalt.lk/storage/coparate_plans_report_files/1728628686_ByQRe9ZxCN.pdf,
phone,pass,Published phone: 0000001397 ,https://nationalsalt.lk/storage/coparate_plans_report_files/1728628686_ByQRe9ZxCN.pdf,
phone,pass,Published phone: 0000002143 ,https://nationalsalt.lk/storage/coparate_plans_report_files/1728628686_ByQRe9ZxCN.pdf,
phone,pass,Published phone: 0000002317 ,https://nationalsalt.lk/storage/coparate_plans_report_files/1728628686_ByQRe9ZxCN.pdf,
phone,pass,Published phone: 0000000524 ,https://nationalsalt.lk/storage/coparate_plans_report_files/1728628686_ByQRe9ZxCN.pdf,
phone,pass,Published phone: 0000001314 ,https://nationalsalt.lk/storage/coparate_plans_report_files/1728628686_ByQRe9ZxCN.pdf,
phone,pass,Published phone: 0000001652 ,https://nationalsalt.lk/storage/coparate_plans_report_files/1728628686_ByQRe9ZxCN.pdf,
phone,pass,Published phone: 0000000613 ,https://nationalsalt.lk/storage/coparate_plans_report_files/1728628686_ByQRe9ZxCN.pdf,
phone,pass,Published phone: 0000000541 ,https://nationalsalt.lk/storage/coparate_plans_report_files/1728628686_ByQRe9ZxCN.pdf,
phone,pass,Published phone: 0000001197 ,https://nationalsalt.lk/storage/coparate_plans_report_files/1728628686_ByQRe9ZxCN.pdf,
phone,pass,Published phone: 0000002146 ,https://nationalsalt.lk/storage/coparate_plans_report_files/1728628686_ByQRe9ZxCN.pdf,
phone,pass,Published phone: 0000000788 ,https://nationalsalt.lk/storage/coparate_plans_report_files/1728628686_ByQRe9ZxCN.pdf,
phone,pass,Published phone: 0000000515 ,https://nationalsalt.lk/storage/coparate_plans_report_files/1728628686_ByQRe9ZxCN.pdf,
phone,pass,Published phone: 0000002320 ,https://nationalsalt.lk/storage/coparate_plans_report_files/1728628686_ByQRe9ZxCN.pdf,
phone,pass,Published phone: 0000037502 ,https://nationalsalt.lk/storage/coparate_plans_report_files/1728628686_ByQRe9ZxCN.pdf,
phone,pass,Published phone: 0000001130 ,https://nationalsalt.lk/storage/coparate_plans_report_files/1728628686_ByQRe9ZxCN.pdf,
phone,pass,Published phone: 0000002116 ,https://nationalsalt.lk/storage/coparate_plans_report_files/1728628686_ByQRe9ZxCN.pdf,
phone,pass,Published phone: 0000001555 ,https://nationalsalt.lk/storage/coparate_plans_report_files/1728628686_ByQRe9ZxCN.pdf,
phone,pass,Published phone: 0000002070 ,https://nationalsalt.lk/storage/coparate_plans_report_files/1728628686_ByQRe9ZxCN.pdf,
phone,pass,Published phone: 0000001103 ,https://nationalsalt.lk/storage/coparate_plans_report_files/1728628686_ByQRe9ZxCN.pdf,
phone,pass,Published phone: 0000001012 ,https://nationalsalt.lk/storage/coparate_plans_report_files/1728628686_ByQRe9ZxCN.pdf,
phone,pass,Published phone: 0000001256 ,https://nationalsalt.lk/storage/coparate_plans_report_files/1728628686_ByQRe9ZxCN.pdf,
phone,pass,Published phone: 0000001318 ,https://nationalsalt.lk/storage/coparate_plans_report_files/1728628686_ByQRe9ZxCN.pdf,
phone,pass,Published phone: 0000002253 ,https://nationalsalt.lk/storage/coparate_plans_report_files/1728628686_ByQRe9ZxCN.pdf,
phone,pass,Published phone: 0000001141 ,https://nationalsalt.lk/storage/coparate_plans_report_files/1728628686_ByQRe9ZxCN.pdf,
phone,pass,Published phone: 0000001453 ,https://nationalsalt.lk/storage/coparate_plans_report_files/1728628686_ByQRe9ZxCN.pdf,
phone,pass,Published phone: 0000001561 ,https://nationalsalt.lk/storage/coparate_plans_report_files/1728628686_ByQRe9ZxCN.pdf,
phone,pass,Published phone: 0000002127 ,https://nationalsalt.lk/storage/coparate_plans_report_files/1728628686_ByQRe9ZxCN.pdf,
phone,pass,Published phone: 0000000372 ,https://nationalsalt.lk/storage/coparate_plans_report_files/1728628686_ByQRe9ZxCN.pdf,
phone,pass,Published phone: 0000001082 ,https://nationalsalt.lk/storage/coparate_plans_report_files/1728628686_ByQRe9ZxCN.pdf,
phone,pass,Published phone: 0000002224 ,https://nationalsalt.lk/storage/coparate_plans_report_files/1728628686_ByQRe9ZxCN.pdf,
phone,pass,Published phone: 0000000727 ,https://nationalsalt.lk/storage/coparate_plans_report_files/1728628686_ByQRe9ZxCN.pdf,
phone,pass,Published phone: 0000002066 ,https://nationalsalt.lk/storage/coparate_plans_report_files/1728628686_ByQRe9ZxCN.pdf,
phone,pass,Published phone: 0000001220 ,https://nationalsalt.lk/storage/coparate_plans_report_files/1728628686_ByQRe9ZxCN.pdf,
phone,pass,Published phone: 0000001228 ,https://nationalsalt.lk/storage/coparate_plans_report_files/1728628686_ByQRe9ZxCN.pdf,
phone,pass,Published phone: 0000001745 ,https://nationalsalt.lk/storage/coparate_plans_report_files/1728628686_ByQRe9ZxCN.pdf,
phone,pass,Published phone: 0000001488 ,https://nationalsalt.lk/storage/coparate_plans_report_files/1728628686_ByQRe9ZxCN.pdf,
phone,pass,Published phone: 0000177816 ,https://nationalsalt.lk/storage/coparate_plans_report_files/1728628686_ByQRe9ZxCN.pdf,
phone,pass,Published phone: 0000001486 ,https://nationalsalt.lk/storage/coparate_plans_report_files/1728628686_ByQRe9ZxCN.pdf,
phone,pass,Published phone: 0000001406 ,https://nationalsalt.lk/storage/coparate_plans_report_files/1728628686_ByQRe9ZxCN.pdf,
phone,pass,Published phone: 0000000152 ,https://nationalsalt.lk/storage/coparate_plans_report_files/1728628686_ByQRe9ZxCN.pdf,
phone,pass,Published phone: 0000002209 ,https://nationalsalt.lk/storage/coparate_plans_report_files/1728628686_ByQRe9ZxCN.pdf,
phone,pass,Published phone: 0000001794 ,https://nationalsalt.lk/storage/coparate_plans_report_files/1728628686_ByQRe9ZxCN.pdf,
phone,pass,Published phone: 0000000224 ,https://nationalsalt.lk/storage/coparate_plans_report_files/1728628686_ByQRe9ZxCN.pdf,
phone,pass,Published phone: 0000000526 ,https://nationalsalt.lk/storage/coparate_plans_report_files/1728628686_ByQRe9ZxCN.pdf,
phone,pass,Published phone: 0 239 455 230 ,https://nationalsalt.lk/storage/coparate_plans_report_files/1728628686_ByQRe9ZxCN.pdf,
phone,pass,Published phone: 0000000832 ,https://nationalsalt.lk/storage/coparate_plans_report_files/1728628686_ByQRe9ZxCN.pdf,
phone,pass,Published phone: 0000001508 ,https://nationalsalt.lk/storage/coparate_plans_report_files/1728628686_ByQRe9ZxCN.pdf,
phone,pass,Published phone: 0000001582 ,https://nationalsalt.lk/storage/coparate_plans_report_files/1728628686_ByQRe9ZxCN.pdf,
phone,pass,Published phone: 0000001895 ,https://nationalsalt.lk/storage/coparate_plans_report_files/1728628686_ByQRe9ZxCN.pdf,
phone,pass,Published phone: 0000001970 ,https://nationalsalt.lk/storage/coparate_plans_report_files/1728628686_ByQRe9ZxCN.pdf,
phone,pass,Published phone: 0000002039 ,https://nationalsalt.lk/storage/coparate_plans_report_files/1728628686_ByQRe9ZxCN.pdf,
phone,pass,Published phone: 0000000703 ,https://nationalsalt.lk/storage/coparate_plans_report_files/1728628686_ByQRe9ZxCN.pdf,
phone,pass,Published phone: 0000002213 ,https://nationalsalt.lk/storage/coparate_plans_report_files/1728628686_ByQRe9ZxCN.pdf,
phone,pass,Published phone: 0000000945 ,https://nationalsalt.lk/storage/coparate_plans_report_files/1728628686_ByQRe9ZxCN.pdf,
phone,pass,Published phone: 0000000553 ,https://nationalsalt.lk/storage/coparate_plans_report_files/1728628686_ByQRe9ZxCN.pdf,
phone,pass,Published phone: 0000001410 ,https://nationalsalt.lk/storage/coparate_plans_report_files/1728628686_ByQRe9ZxCN.pdf,
phone,pass,Published phone: 0000001157 ,https://nationalsalt.lk/storage/coparate_plans_report_files/1728628686_ByQRe9ZxCN.pdf,
phone,pass,Published phone: 0000001254 ,https://nationalsalt.lk/storage/coparate_plans_report_files/1728628686_ByQRe9ZxCN.pdf,
phone,pass,Published phone: 0000001956 ,https://nationalsalt.lk/storage/coparate_plans_report_files/1728628686_ByQRe9ZxCN.pdf,
phone,pass,Published phone: 0000000231 ,https://nationalsalt.lk/storage/coparate_plans_report_files/1728628686_ByQRe9ZxCN.pdf,
phone,pass,Published phone: 0000001047 ,https://nationalsalt.lk/storage/coparate_plans_report_files/1728628686_ByQRe9ZxCN.pdf,
phone,pass,Published phone: 0000001752 ,https://nationalsalt.lk/storage/coparate_plans_report_files/1728628686_ByQRe9ZxCN.pdf,
phone,pass,Published phone: 0000000184 ,https://nationalsalt.lk/storage/coparate_plans_report_files/1728628686_ByQRe9ZxCN.pdf,
phone,pass,Published phone: 0000000307 ,https://nationalsalt.lk/storage/coparate_plans_report_files/1728628686_ByQRe9ZxCN.pdf,
phone,pass,Published phone: 0 480 246 813 ,https://nationalsalt.lk/storage/coparate_plans_report_files/1728628686_ByQRe9ZxCN.pdf,
phone,pass,Published phone: 0000001756 ,https://nationalsalt.lk/storage/coparate_plans_report_files/1728628686_ByQRe9ZxCN.pdf,
phone,pass,Published phone: 0000002161 ,https://nationalsalt.lk/storage/coparate_plans_report_files/1728628686_ByQRe9ZxCN.pdf,
phone,pass,Published phone: 0000001692 ,https://nationalsalt.lk/storage/coparate_plans_report_files/1728628686_ByQRe9ZxCN.pdf,
phone,pass,Published phone: 0000002106 ,https://nationalsalt.lk/storage/coparate_plans_report_files/1728628686_ByQRe9ZxCN.pdf,
phone,pass,Published phone: 0000001697 ,https://nationalsalt.lk/storage/coparate_plans_report_files/1728628686_ByQRe9ZxCN.pdf,
phone,pass,Published phone: 0000001343 ,https://nationalsalt.lk/storage/coparate_plans_report_files/1728628686_ByQRe9ZxCN.pdf,
phone,pass,Published phone: 0000001008 ,https://nationalsalt.lk/storage/coparate_plans_report_files/1728628686_ByQRe9ZxCN.pdf,
phone,pass,Published phone: 0000000585 ,https://nationalsalt.lk/storage/coparate_plans_report_files/1728628686_ByQRe9ZxCN.pdf,
phone,pass,Published phone: 0000001320 ,https://nationalsalt.lk/storage/coparate_plans_report_files/1728628686_ByQRe9ZxCN.pdf,
phone,pass,Published phone: 0 552 614 588 ,https://nationalsalt.lk/storage/coparate_plans_report_files/1728628686_ByQRe9ZxCN.pdf,
phone,pass,Published phone: 0000002254 ,https://nationalsalt.lk/storage/coparate_plans_report_files/1728628686_ByQRe9ZxCN.pdf,
phone,pass,Published phone: 0000000164 ,https://nationalsalt.lk/storage/coparate_plans_report_files/1728628686_ByQRe9ZxCN.pdf,
phone,pass,Published phone: 0000002015 ,https://nationalsalt.lk/storage/coparate_plans_report_files/1728628686_ByQRe9ZxCN.pdf,
phone,pass,Published phone: 0000001046 ,https://nationalsalt.lk/storage/coparate_plans_report_files/1728628686_ByQRe9ZxCN.pdf,
phone,pass,Published phone: 0000000236 ,https://nationalsalt.lk/storage/coparate_plans_report_files/1728628686_ByQRe9ZxCN.pdf,
phone,pass,Published phone: 0000243331 ,https://nationalsalt.lk/storage/coparate_plans_report_files/1728628686_ByQRe9ZxCN.pdf,
phone,pass,Published phone: 0000001719 ,https://nationalsalt.lk/storage/coparate_plans_report_files/1728628686_ByQRe9ZxCN.pdf,
phone,pass,Published phone: 0000170592 ,https://nationalsalt.lk/storage/coparate_plans_report_files/1728628686_ByQRe9ZxCN.pdf,
phone,pass,Published phone: 0000000806 ,https://nationalsalt.lk/storage/coparate_plans_report_files/1728628686_ByQRe9ZxCN.pdf,
phone,pass,Published phone: 0000000149 ,https://nationalsalt.lk/storage/coparate_plans_report_files/1728628686_ByQRe9ZxCN.pdf,
phone,pass,Published phone: 0000000735 ,https://nationalsalt.lk/storage/coparate_plans_report_files/1728628686_ByQRe9ZxCN.pdf,
phone,pass,Published phone: 0000000504 ,https://nationalsalt.lk/storage/coparate_plans_report_files/1728628686_ByQRe9ZxCN.pdf,
phone,pass,Published phone: 0000000266 ,https://nationalsalt.lk/storage/coparate_plans_report_files/1728628686_ByQRe9ZxCN.pdf,
phone,pass,Published phone: 0000000366 ,https://nationalsalt.lk/storage/coparate_plans_report_files/1728628686_ByQRe9ZxCN.pdf,
phone,pass,Published phone: 0000000562 ,https://nationalsalt.lk/storage/coparate_plans_report_files/1728628686_ByQRe9ZxCN.pdf,
phone,pass,Published phone: 0000001606 ,https://nationalsalt.lk/storage/coparate_plans_report_files/1728628686_ByQRe9ZxCN.pdf,
phone,pass,Published phone: 0000001657 ,https://nationalsalt.lk/storage/coparate_plans_report_files/1728628686_ByQRe9ZxCN.pdf,
phone,pass,Published phone: 0000000947 ,https://nationalsalt.lk/storage/coparate_plans_report_files/1728628686_ByQRe9ZxCN.pdf,
phone,pass,Published phone: 0000002322 ,https://nationalsalt.lk/storage/coparate_plans_report_files/1728628686_ByQRe9ZxCN.pdf,
phone,pass,Published phone: 0000001815 ,https://nationalsalt.lk/storage/coparate_plans_report_files/1728628686_ByQRe9ZxCN.pdf,
phone,pass,Published phone: 0000001142 ,https://nationalsalt.lk/storage/coparate_plans_report_files/1728628686_ByQRe9ZxCN.pdf,
phone,pass,Published phone: 0000001856 ,https://nationalsalt.lk/storage/coparate_plans_report_files/1728628686_ByQRe9ZxCN.pdf,
phone,pass,Published phone: 0000001732 ,https://nationalsalt.lk/storage/coparate_plans_report_files/1728628686_ByQRe9ZxCN.pdf,
phone,pass,Published phone: 0000001884 ,https://nationalsalt.lk/storage/coparate_plans_report_files/1728628686_ByQRe9ZxCN.pdf,
phone,pass,Published phone: 0000001640 ,https://nationalsalt.lk/storage/coparate_plans_report_files/1728628686_ByQRe9ZxCN.pdf,
phone,pass,Published phone: 0000177920 ,https://nationalsalt.lk/storage/coparate_plans_report_files/1728628686_ByQRe9ZxCN.pdf,
phone,pass,Published phone: 0000001805 ,https://nationalsalt.lk/storage/coparate_plans_report_files/1728628686_ByQRe9ZxCN.pdf,
phone,pass,Published phone: 0000001748 ,https://nationalsalt.lk/storage/coparate_plans_report_files/1728628686_ByQRe9ZxCN.pdf,
phone,pass,Published phone: 0000000175 ,https://nationalsalt.lk/storage/coparate_plans_report_files/1728628686_ByQRe9ZxCN.pdf,
phone,pass,Published phone: 0000001707 ,https://nationalsalt.lk/storage/coparate_plans_report_files/1728628686_ByQRe9ZxCN.pdf,
phone,pass,Published phone: 0000001445 ,https://nationalsalt.lk/storage/coparate_plans_report_files/1728628686_ByQRe9ZxCN.pdf,
phone,pass,Published phone: 0000087752 ,https://nationalsalt.lk/storage/coparate_plans_report_files/1728628686_ByQRe9ZxCN.pdf,
phone,pass,Published phone: 0000001785 ,https://nationalsalt.lk/storage/coparate_plans_report_files/1728628686_ByQRe9ZxCN.pdf,
phone,pass,Published phone: 0000000996 ,https://nationalsalt.lk/storage/coparate_plans_report_files/1728628686_ByQRe9ZxCN.pdf,
phone,pass,Published phone: 0000002265 ,https://nationalsalt.lk/storage/coparate_plans_report_files/1728628686_ByQRe9ZxCN.pdf,
phone,pass,Published phone: 0000001962 ,https://nationalsalt.lk/storage/coparate_plans_report_files/1728628686_ByQRe9ZxCN.pdf,
phone,pass,Published phone: 0000001041 ,https://nationalsalt.lk/storage/coparate_plans_report_files/1728628686_ByQRe9ZxCN.pdf,
phone,pass,Published phone: 0000068861 ,https://nationalsalt.lk/storage/coparate_plans_report_files/1728628686_ByQRe9ZxCN.pdf,
phone,pass,Published phone: 0000001882 ,https://nationalsalt.lk/storage/coparate_plans_report_files/1728628686_ByQRe9ZxCN.pdf,
phone,pass,Published phone: 0000001889 ,https://nationalsalt.lk/storage/coparate_plans_report_files/1728628686_ByQRe9ZxCN.pdf,
phone,pass,Published phone: 0000001211 ,https://nationalsalt.lk/storage/coparate_plans_report_files/1728628686_ByQRe9ZxCN.pdf,
phone,pass,Published phone: 0000000278 ,https://nationalsalt.lk/storage/coparate_plans_report_files/1728628686_ByQRe9ZxCN.pdf,
phone,pass,Published phone: 0000001009 ,https://nationalsalt.lk/storage/coparate_plans_report_files/1728628686_ByQRe9ZxCN.pdf,
phone,pass,Published phone: 0000000881 ,https://nationalsalt.lk/storage/coparate_plans_report_files/1728628686_ByQRe9ZxCN.pdf,
phone,pass,Published phone: 0000000223 ,https://nationalsalt.lk/storage/coparate_plans_report_files/1728628686_ByQRe9ZxCN.pdf,
phone,pass,Published phone: 0000000955 ,https://nationalsalt.lk/storage/coparate_plans_report_files/1728628686_ByQRe9ZxCN.pdf,
phone,pass,Published phone: 0000002277 ,https://nationalsalt.lk/storage/coparate_plans_report_files/1728628686_ByQRe9ZxCN.pdf,
phone,pass,Published phone: 0000000445 ,https://nationalsalt.lk/storage/coparate_plans_report_files/1728628686_ByQRe9ZxCN.pdf,
phone,pass,Published phone: 0000001965 ,https://nationalsalt.lk/storage/coparate_plans_report_files/1728628686_ByQRe9ZxCN.pdf,
phone,pass,Published phone: 0000000365 ,https://nationalsalt.lk/storage/coparate_plans_report_files/1728628686_ByQRe9ZxCN.pdf,
phone,pass,Published phone: 0000001755 ,https://nationalsalt.lk/storage/coparate_plans_report_files/1728628686_ByQRe9ZxCN.pdf,
phone,pass,Published phone: 0000002133 ,https://nationalsalt.lk/storage/coparate_plans_report_files/1728628686_ByQRe9ZxCN.pdf,
phone,pass,Published phone: 0000001596 ,https://nationalsalt.lk/storage/coparate_plans_report_files/1728628686_ByQRe9ZxCN.pdf,
phone,pass,Published phone: 0000000419 ,https://nationalsalt.lk/storage/coparate_plans_report_files/1728628686_ByQRe9ZxCN.pdf,
phone,pass,Published phone: 0000001586 ,https://nationalsalt.lk/storage/coparate_plans_report_files/1728628686_ByQRe9ZxCN.pdf,
phone,pass,Published phone: 0000001398 ,https://nationalsalt.lk/storage/coparate_plans_report_files/1728628686_ByQRe9ZxCN.pdf,
phone,pass,Published phone: 0000002372 ,https://nationalsalt.lk/storage/coparate_plans_report_files/1728628686_ByQRe9ZxCN.pdf,
phone,pass,Published phone: 0000000320 ,https://nationalsalt.lk/storage/coparate_plans_report_files/1728628686_ByQRe9ZxCN.pdf,
phone,pass,Published phone: 0000001812 ,https://nationalsalt.lk/storage/coparate_plans_report_files/1728628686_ByQRe9ZxCN.pdf,
phone,pass,Published phone: 0000002368 ,https://nationalsalt.lk/storage/coparate_plans_report_files/1728628686_ByQRe9ZxCN.pdf,
phone,pass,Published phone: 0000000814 ,https://nationalsalt.lk/storage/coparate_plans_report_files/1728628686_ByQRe9ZxCN.pdf,
phone,pass,Published phone: 0000000934 ,https://nationalsalt.lk/storage/coparate_plans_report_files/1728628686_ByQRe9ZxCN.pdf,
phone,pass,Published phone: 0000001086 ,https://nationalsalt.lk/storage/coparate_plans_report_files/1728628686_ByQRe9ZxCN.pdf,
phone,pass,Published phone: 0000002159 ,https://nationalsalt.lk/storage/coparate_plans_report_files/1728628686_ByQRe9ZxCN.pdf,
phone,pass,Published phone: 0000001357 ,https://nationalsalt.lk/storage/coparate_plans_report_files/1728628686_ByQRe9ZxCN.pdf,
phone,pass,Published phone: 0000001863 ,https://nationalsalt.lk/storage/coparate_plans_report_files/1728628686_ByQRe9ZxCN.pdf,
phone,pass,Published phone: 0000000131 ,https://nationalsalt.lk/storage/coparate_plans_report_files/1728628686_ByQRe9ZxCN.pdf,
phone,pass,Published phone: 0000001709 ,https://nationalsalt.lk/storage/coparate_plans_report_files/1728628686_ByQRe9ZxCN.pdf,
phone,pass,Published phone: 0000001401 ,https://nationalsalt.lk/storage/coparate_plans_report_files/1728628686_ByQRe9ZxCN.pdf,
phone,pass,Published phone: 0000002271 ,https://nationalsalt.lk/storage/coparate_plans_report_files/1728628686_ByQRe9ZxCN.pdf,
phone,pass,Published phone: 0000001661 ,https://nationalsalt.lk/storage/coparate_plans_report_files/1728628686_ByQRe9ZxCN.pdf,
phone,pass,Published phone: 0000073603 ,https://nationalsalt.lk/storage/coparate_plans_report_files/1728628686_ByQRe9ZxCN.pdf,
phone,pass,Published phone: 0000000403 ,https://nationalsalt.lk/storage/coparate_plans_report_files/1728628686_ByQRe9ZxCN.pdf,
phone,pass,Published phone: 0000001126 ,https://nationalsalt.lk/storage/coparate_plans_report_files/1728628686_ByQRe9ZxCN.pdf,
phone,pass,Published phone: 0000000891 ,https://nationalsalt.lk/storage/coparate_plans_report_files/1728628686_ByQRe9ZxCN.pdf,
phone,pass,Published phone: 0000000170 ,https://nationalsalt.lk/storage/coparate_plans_report_files/1728628686_ByQRe9ZxCN.pdf,
phone,pass,Published phone: 0000510578 ,https://nationalsalt.lk/storage/coparate_plans_report_files/1728628686_ByQRe9ZxCN.pdf,
phone,pass,Published phone: 0 0 0 0 818 800 ,https://nationalsalt.lk/storage/coparate_plans_report_files/1728628686_ByQRe9ZxCN.pdf,
phone,pass,Published phone: 0000000156 ,https://nationalsalt.lk/storage/coparate_plans_report_files/1728628686_ByQRe9ZxCN.pdf,
phone,pass,Published phone: 0000001876 ,https://nationalsalt.lk/storage/coparate_plans_report_files/1728628686_ByQRe9ZxCN.pdf,
phone,pass,Published phone: 0000001742 ,https://nationalsalt.lk/storage/coparate_plans_report_files/1728628686_ByQRe9ZxCN.pdf,
phone,pass,Published phone: 0000002077 ,https://nationalsalt.lk/storage/coparate_plans_report_files/1728628686_ByQRe9ZxCN.pdf,
phone,pass,Published phone: 0000000355 ,https://nationalsalt.lk/storage/coparate_plans_report_files/1728628686_ByQRe9ZxCN.pdf,
phone,pass,Published phone: 0000001420 ,https://nationalsalt.lk/storage/coparate_plans_report_files/1728628686_ByQRe9ZxCN.pdf,
phone,pass,Published phone: 0000001625 ,https://nationalsalt.lk/storage/coparate_plans_report_files/1728628686_ByQRe9ZxCN.pdf,
phone,pass,Published phone: 0000001809 ,https://nationalsalt.lk/storage/coparate_plans_report_files/1728628686_ByQRe9ZxCN.pdf,
phone,pass,Published phone: 0000002239 ,https://nationalsalt.lk/storage/coparate_plans_report_files/1728628686_ByQRe9ZxCN.pdf,
phone,pass,Published phone: 0000001804 ,https://nationalsalt.lk/storage/coparate_plans_report_files/1728628686_ByQRe9ZxCN.pdf,
phone,pass,Published phone: 0000001243 ,https://nationalsalt.lk/storage/coparate_plans_report_files/1728628686_ByQRe9ZxCN.pdf,
phone,pass,Published phone: 0000001685 ,https://nationalsalt.lk/storage/coparate_plans_report_files/1728628686_ByQRe9ZxCN.pdf,
phone,pass,Published phone: 0000002032 ,https://nationalsalt.lk/storage/coparate_plans_report_files/1728628686_ByQRe9ZxCN.pdf,
phone,pass,Published phone: 0000097946 ,https://nationalsalt.lk/storage/coparate_plans_report_files/1728628686_ByQRe9ZxCN.pdf,
phone,pass,Published phone: 0000001960 ,https://nationalsalt.lk/storage/coparate_plans_report_files/1728628686_ByQRe9ZxCN.pdf,
phone,pass,Published phone: 0000000994 ,https://nationalsalt.lk/storage/coparate_plans_report_files/1728628686_ByQRe9ZxCN.pdf,
phone,pass,Published phone: 0000305011 ,https://nationalsalt.lk/storage/coparate_plans_report_files/1728628686_ByQRe9ZxCN.pdf,
phone,pass,Published phone: 0000001535 ,https://nationalsalt.lk/storage/coparate_plans_report_files/1728628686_ByQRe9ZxCN.pdf,
phone,pass,Published phone: 0000001638 ,https://nationalsalt.lk/storage/coparate_plans_report_files/1728628686_ByQRe9ZxCN.pdf,
phone,pass,Published phone: 0000088023 ,https://nationalsalt.lk/storage/coparate_plans_report_files/1728628686_ByQRe9ZxCN.pdf,
phone,pass,Published phone: 0000002389 ,https://nationalsalt.lk/storage/coparate_plans_report_files/1728628686_ByQRe9ZxCN.pdf,
phone,pass,Published phone: 0000000927 ,https://nationalsalt.lk/storage/coparate_plans_report_files/1728628686_ByQRe9ZxCN.pdf,
phone,pass,Published phone: 0000002215 ,https://nationalsalt.lk/storage/coparate_plans_report_files/1728628686_ByQRe9ZxCN.pdf,
phone,pass,Published phone: 0000001827 ,https://nationalsalt.lk/storage/coparate_plans_report_files/1728628686_ByQRe9ZxCN.pdf,
phone,pass,Published phone: 0000001600 ,https://nationalsalt.lk/storage/coparate_plans_report_files/1728628686_ByQRe9ZxCN.pdf,
phone,pass,Published phone: 0000001287 ,https://nationalsalt.lk/storage/coparate_plans_report_files/1728628686_ByQRe9ZxCN.pdf,
phone,pass,Published phone: 0000000120 ,https://nationalsalt.lk/storage/coparate_plans_report_files/1728628686_ByQRe9ZxCN.pdf,
phone,pass,Published phone: 0000024122 ,https://nationalsalt.lk/storage/coparate_plans_report_files/1728628686_ByQRe9ZxCN.pdf,
phone,pass,Published phone: 0000000274 ,https://nationalsalt.lk/storage/coparate_plans_report_files/1728628686_ByQRe9ZxCN.pdf,
phone,pass,Published phone: 0000001042 ,https://nationalsalt.lk/storage/coparate_plans_report_files/1728628686_ByQRe9ZxCN.pdf,
phone,pass,Published phone: 0000002053 ,https://nationalsalt.lk/storage/coparate_plans_report_files/1728628686_ByQRe9ZxCN.pdf,
phone,pass,Published phone: 0000001257 ,https://nationalsalt.lk/storage/coparate_plans_report_files/1728628686_ByQRe9ZxCN.pdf,
phone,pass,Published phone: 0000000326 ,https://nationalsalt.lk/storage/coparate_plans_report_files/1728628686_ByQRe9ZxCN.pdf,
phone,pass,Published phone: 0000000939 ,https://nationalsalt.lk/storage/coparate_plans_report_files/1728628686_ByQRe9ZxCN.pdf,
phone,pass,Published phone: 0000000159 ,https://nationalsalt.lk/storage/coparate_plans_report_files/1728628686_ByQRe9ZxCN.pdf,
phone,pass,Published phone: 0000000325 ,https://nationalsalt.lk/storage/coparate_plans_report_files/1728628686_ByQRe9ZxCN.pdf,
phone,pass,Published phone: 0000002198 ,https://nationalsalt.lk/storage/coparate_plans_report_files/1728628686_ByQRe9ZxCN.pdf,
phone,pass,Published phone: 0000000384 ,https://nationalsalt.lk/storage/coparate_plans_report_files/1728628686_ByQRe9ZxCN.pdf,
phone,pass,Published phone: 0000002008 ,https://nationalsalt.lk/storage/coparate_plans_report_files/1728628686_ByQRe9ZxCN.pdf,
phone,pass,Published phone: 0000001109 ,https://nationalsalt.lk/storage/coparate_plans_report_files/1728628686_ByQRe9ZxCN.pdf,
phone,pass,Published phone: 0000001682 ,https://nationalsalt.lk/storage/coparate_plans_report_files/1728628686_ByQRe9ZxCN.pdf,
phone,pass,Published phone: 0000000972 ,https://nationalsalt.lk/storage/coparate_plans_report_files/1728628686_ByQRe9ZxCN.pdf,
phone,pass,Published phone: 0000001395 ,https://nationalsalt.lk/storage/coparate_plans_report_files/1728628686_ByQRe9ZxCN.pdf,
phone,pass,Published phone: 0000000338 ,https://nationalsalt.lk/storage/coparate_plans_report_files/1728628686_ByQRe9ZxCN.pdf,
phone,pass,Published phone: 0000000745 ,https://nationalsalt.lk/storage/coparate_plans_report_files/1728628686_ByQRe9ZxCN.pdf,
phone,pass,Published phone: 0000001053 ,https://nationalsalt.lk/storage/coparate_plans_report_files/1728628686_ByQRe9ZxCN.pdf,
phone,pass,Published phone: 0000002098 ,https://nationalsalt.lk/storage/coparate_plans_report_files/1728628686_ByQRe9ZxCN.pdf,
phone,pass,Published phone: 0000001351 ,https://nationalsalt.lk/storage/coparate_plans_report_files/1728628686_ByQRe9ZxCN.pdf,
phone,pass,Published phone: 0000001118 ,https://nationalsalt.lk/storage/coparate_plans_report_files/1728628686_ByQRe9ZxCN.pdf,
phone,pass,Published phone: 0000001150 ,https://nationalsalt.lk/storage/coparate_plans_report_files/1728628686_ByQRe9ZxCN.pdf,
phone,pass,Published phone: 0000002229 ,https://nationalsalt.lk/storage/coparate_plans_report_files/1728628686_ByQRe9ZxCN.pdf,
phone,pass,Published phone: 0000002353 ,https://nationalsalt.lk/storage/coparate_plans_report_files/1728628686_ByQRe9ZxCN.pdf,
phone,pass,Published phone: 0000002251 ,https://nationalsalt.lk/storage/coparate_plans_report_files/1728628686_ByQRe9ZxCN.pdf,
phone,pass,Published phone: 0000001775 ,https://nationalsalt.lk/storage/coparate_plans_report_files/1728628686_ByQRe9ZxCN.pdf,
phone,pass,Published phone: 0000001601 ,https://nationalsalt.lk/storage/coparate_plans_report_files/1728628686_ByQRe9ZxCN.pdf,
phone,pass,Published phone: 0000001592 ,https://nationalsalt.lk/storage/coparate_plans_report_files/1728628686_ByQRe9ZxCN.pdf,
phone,pass,Published phone: 0000001620 ,https://nationalsalt.lk/storage/coparate_plans_report_files/1728628686_ByQRe9ZxCN.pdf,
phone,pass,Published phone: 0000001916 ,https://nationalsalt.lk/storage/coparate_plans_report_files/1728628686_ByQRe9ZxCN.pdf,
phone,pass,Published phone: 0000000973 ,https://nationalsalt.lk/storage/coparate_plans_report_files/1728628686_ByQRe9ZxCN.pdf,
phone,pass,Published phone: 0000170384 ,https://nationalsalt.lk/storage/coparate_plans_report_files/1728628686_ByQRe9ZxCN.pdf,
phone,pass,Published phone: 0000002081 ,https://nationalsalt.lk/storage/coparate_plans_report_files/1728628686_ByQRe9ZxCN.pdf,
phone,pass,Published phone: 0000001434 ,https://nationalsalt.lk/storage/coparate_plans_report_files/1728628686_ByQRe9ZxCN.pdf,
phone,pass,Published phone: 0000002381 ,https://nationalsalt.lk/storage/coparate_plans_report_files/1728628686_ByQRe9ZxCN.pdf,
phone,pass,Published phone: 0000000291 ,https://nationalsalt.lk/storage/coparate_plans_report_files/1728628686_ByQRe9ZxCN.pdf,
phone,pass,Published phone: 0000000180 ,https://nationalsalt.lk/storage/coparate_plans_report_files/1728628686_ByQRe9ZxCN.pdf,
phone,pass,Published phone: 0000001698 ,https://nationalsalt.lk/storage/coparate_plans_report_files/1728628686_ByQRe9ZxCN.pdf,
phone,pass,Published phone: 0000000686 ,https://nationalsalt.lk/storage/coparate_plans_report_files/1728628686_ByQRe9ZxCN.pdf,
phone,pass,Published phone: 0000001613 ,https://nationalsalt.lk/storage/coparate_plans_report_files/1728628686_ByQRe9ZxCN.pdf,
phone,pass,Published phone: 0000001129 ,https://nationalsalt.lk/storage/coparate_plans_report_files/1728628686_ByQRe9ZxCN.pdf,
phone,pass,Published phone: 0000001147 ,https://nationalsalt.lk/storage/coparate_plans_report_files/1728628686_ByQRe9ZxCN.pdf,
phone,pass,Published phone: 0000001636 ,https://nationalsalt.lk/storage/coparate_plans_report_files/1728628686_ByQRe9ZxCN.pdf,
phone,pass,Published phone: 0000000964 ,https://nationalsalt.lk/storage/coparate_plans_report_files/1728628686_ByQRe9ZxCN.pdf,
phone,pass,Published phone: 0000001769 ,https://nationalsalt.lk/storage/coparate_plans_report_files/1728628686_ByQRe9ZxCN.pdf,
phone,pass,Published phone: 0000001559 ,https://nationalsalt.lk/storage/coparate_plans_report_files/1728628686_ByQRe9ZxCN.pdf,
phone,pass,Published phone: 00 556 278 0 5,https://nationalsalt.lk/storage/coparate_plans_report_files/1728628686_ByQRe9ZxCN.pdf,
phone,pass,Published phone: 0000000569 ,https://nationalsalt.lk/storage/coparate_plans_report_files/1728628686_ByQRe9ZxCN.pdf,
phone,pass,Published phone: 0000001455 ,https://nationalsalt.lk/storage/coparate_plans_report_files/1728628686_ByQRe9ZxCN.pdf,
phone,pass,Published phone: 0000001471 ,https://nationalsalt.lk/storage/coparate_plans_report_files/1728628686_ByQRe9ZxCN.pdf,
phone,pass,Published phone: 0000000397 ,https://nationalsalt.lk/storage/coparate_plans_report_files/1728628686_ByQRe9ZxCN.pdf,
phone,pass,Published phone: 0000002289 ,https://nationalsalt.lk/storage/coparate_plans_report_files/1728628686_ByQRe9ZxCN.pdf,
phone,pass,Published phone: 0000001757 ,https://nationalsalt.lk/storage/coparate_plans_report_files/1728628686_ByQRe9ZxCN.pdf,
phone,pass,Published phone: 0000000222 ,https://nationalsalt.lk/storage/coparate_plans_report_files/1728628686_ByQRe9ZxCN.pdf,
phone,pass,Published phone: 0000002097 ,https://nationalsalt.lk/storage/coparate_plans_report_files/1728628686_ByQRe9ZxCN.pdf,
phone,pass,Published phone: 0000000518 ,https://nationalsalt.lk/storage/coparate_plans_report_files/1728628686_ByQRe9ZxCN.pdf,
phone,pass,Published phone: 0000001459 ,https://nationalsalt.lk/storage/coparate_plans_report_files/1728628686_ByQRe9ZxCN.pdf,
phone,pass,Published phone: 0000002290 ,https://nationalsalt.lk/storage/coparate_plans_report_files/1728628686_ByQRe9ZxCN.pdf,
phone,pass,Published phone: 0000002273 ,https://nationalsalt.lk/storage/coparate_plans_report_files/1728628686_ByQRe9ZxCN.pdf,
phone,pass,Published phone: 0000000212 ,https://nationalsalt.lk/storage/coparate_plans_report_files/1728628686_ByQRe9ZxCN.pdf,
phone,pass,Published phone: 0000001153 ,https://nationalsalt.lk/storage/coparate_plans_report_files/1728628686_ByQRe9ZxCN.pdf,
phone,pass,Published phone: 0000000868 ,https://nationalsalt.lk/storage/coparate_plans_report_files/1728628686_ByQRe9ZxCN.pdf,
phone,pass,Published phone: 0000001920 ,https://nationalsalt.lk/storage/coparate_plans_report_files/1728628686_ByQRe9ZxCN.pdf,
phone,pass,Published phone: 0000000696 ,https://nationalsalt.lk/storage/coparate_plans_report_files/1728628686_ByQRe9ZxCN.pdf,
phone,pass,Published phone: 0000001985 ,https://nationalsalt.lk/storage/coparate_plans_report_files/1728628686_ByQRe9ZxCN.pdf,
phone,pass,Published phone: 0000000548 ,https://nationalsalt.lk/storage/coparate_plans_report_files/1728628686_ByQRe9ZxCN.pdf,
phone,pass,Published phone: 0000001509 ,https://nationalsalt.lk/storage/coparate_plans_report_files/1728628686_ByQRe9ZxCN.pdf,
phone,pass,Published phone: 0000002380 ,https://nationalsalt.lk/storage/coparate_plans_report_files/1728628686_ByQRe9ZxCN.pdf,
phone,pass,Published phone: 0 2436 00000,https://nationalsalt.lk/storage/coparate_plans_report_files/1728628686_ByQRe9ZxCN.pdf,
phone,pass,Published phone: 0000001715 ,https://nationalsalt.lk/storage/coparate_plans_report_files/1728628686_ByQRe9ZxCN.pdf,
phone,pass,Published phone: 0000000669 ,https://nationalsalt.lk/storage/coparate_plans_report_files/1728628686_ByQRe9ZxCN.pdf,
phone,pass,Published phone: 0000002220 ,https://nationalsalt.lk/storage/coparate_plans_report_files/1728628686_ByQRe9ZxCN.pdf,
phone,pass,Published phone: 0000001731 ,https://nationalsalt.lk/storage/coparate_plans_report_files/1728628686_ByQRe9ZxCN.pdf,
phone,pass,Published phone: 0000000728 ,https://nationalsalt.lk/storage/coparate_plans_report_files/1728628686_ByQRe9ZxCN.pdf,
phone,pass,Published phone: 0000001516 ,https://nationalsalt.lk/storage/coparate_plans_report_files/1728628686_ByQRe9ZxCN.pdf,
phone,pass,Published phone: 0000001044 ,https://nationalsalt.lk/storage/coparate_plans_report_files/1728628686_ByQRe9ZxCN.pdf,
phone,pass,Published phone: 0000000438 ,https://nationalsalt.lk/storage/coparate_plans_report_files/1728628686_ByQRe9ZxCN.pdf,
phone,pass,Published phone: 0000002060 ,https://nationalsalt.lk/storage/coparate_plans_report_files/1728628686_ByQRe9ZxCN.pdf,
phone,pass,Published phone: 0 813 906 385 ,https://nationalsalt.lk/storage/coparate_plans_report_files/1728628686_ByQRe9ZxCN.pdf,
phone,pass,Published phone: 0000001007 ,https://nationalsalt.lk/storage/coparate_plans_report_files/1728628686_ByQRe9ZxCN.pdf,
phone,pass,Published phone: 0000001418 ,https://nationalsalt.lk/storage/coparate_plans_report_files/1728628686_ByQRe9ZxCN.pdf,
phone,pass,Published phone: 0000002096 ,https://nationalsalt.lk/storage/coparate_plans_report_files/1728628686_ByQRe9ZxCN.pdf,
phone,pass,Published phone: 0000000217 ,https://nationalsalt.lk/storage/coparate_plans_report_files/1728628686_ByQRe9ZxCN.pdf,
phone,pass,Published phone: 0000002304 ,https://nationalsalt.lk/storage/coparate_plans_report_files/1728628686_ByQRe9ZxCN.pdf,
phone,pass,Published phone: 0000001677 ,https://nationalsalt.lk/storage/coparate_plans_report_files/1728628686_ByQRe9ZxCN.pdf,
phone,pass,Published phone: 0000001626 ,https://nationalsalt.lk/storage/coparate_plans_report_files/1728628686_ByQRe9ZxCN.pdf,
phone,pass,Published phone: 0000000399 ,https://nationalsalt.lk/storage/coparate_plans_report_files/1728628686_ByQRe9ZxCN.pdf,
phone,pass,Published phone: 0000000484 ,https://nationalsalt.lk/storage/coparate_plans_report_files/1728628686_ByQRe9ZxCN.pdf,
phone,pass,Published phone: 0000000155 ,https://nationalsalt.lk/storage/coparate_plans_report_files/1728628686_ByQRe9ZxCN.pdf,
phone,pass,Published phone: 0000000661 ,https://nationalsalt.lk/storage/coparate_plans_report_files/1728628686_ByQRe9ZxCN.pdf,
phone,pass,Published phone: 0000000373 ,https://nationalsalt.lk/storage/coparate_plans_report_files/1728628686_ByQRe9ZxCN.pdf,
phone,pass,Published phone: 0000001310 ,https://nationalsalt.lk/storage/coparate_plans_report_files/1728628686_ByQRe9ZxCN.pdf,
phone,pass,Published phone: 0000001276 ,https://nationalsalt.lk/storage/coparate_plans_report_files/1728628686_ByQRe9ZxCN.pdf,
phone,pass,Published phone: 0000000602 ,https://nationalsalt.lk/storage/coparate_plans_report_files/1728628686_ByQRe9ZxCN.pdf,
phone,pass,Published phone: 0000001676 ,https://nationalsalt.lk/storage/coparate_plans_report_files/1728628686_ByQRe9ZxCN.pdf,
phone,pass,Published phone: 0000000333 ,https://nationalsalt.lk/storage/coparate_plans_report_files/1728628686_ByQRe9ZxCN.pdf,
phone,pass,Published phone: 0 0 0 279 0 0 0 0 ,https://nationalsalt.lk/storage/coparate_plans_report_files/1728628686_ByQRe9ZxCN.pdf,
phone,pass,Published phone: 0000000646 ,https://nationalsalt.lk/storage/coparate_plans_report_files/1728628686_ByQRe9ZxCN.pdf,
phone,pass,Published phone: 0000000744 ,https://nationalsalt.lk/storage/coparate_plans_report_files/1728628686_ByQRe9ZxCN.pdf,
phone,pass,Published phone: 0 0 0 0 0 0 0 0 0 6,https://nationalsalt.lk/storage/coparate_plans_report_files/1728628686_ByQRe9ZxCN.pdf,
phone,pass,Published phone: 0000001945 ,https://nationalsalt.lk/storage/coparate_plans_report_files/1728628686_ByQRe9ZxCN.pdf,
phone,pass,Published phone: 0000001566 ,https://nationalsalt.lk/storage/coparate_plans_report_files/1728628686_ByQRe9ZxCN.pdf,
phone,pass,Published phone: 0000001950 ,https://nationalsalt.lk/storage/coparate_plans_report_files/1728628686_ByQRe9ZxCN.pdf,
phone,pass,Published phone: 0000002260 ,https://nationalsalt.lk/storage/coparate_plans_report_files/1728628686_ByQRe9ZxCN.pdf,
phone,pass,Published phone: 0000000565 ,https://nationalsalt.lk/storage/coparate_plans_report_files/1728628686_ByQRe9ZxCN.pdf,
phone,pass,Published phone: 0000001737 ,https://nationalsalt.lk/storage/coparate_plans_report_files/1728628686_ByQRe9ZxCN.pdf,
phone,pass,Published phone: 0000000971 ,https://nationalsalt.lk/storage/coparate_plans_report_files/1728628686_ByQRe9ZxCN.pdf,
phone,pass,Published phone: 0000001716 ,https://nationalsalt.lk/storage/coparate_plans_report_files/1728628686_ByQRe9ZxCN.pdf,
phone,pass,Published phone: 0000001521 ,https://nationalsalt.lk/storage/coparate_plans_report_files/1728628686_ByQRe9ZxCN.pdf,
phone,pass,Published phone: 0000001992 ,https://nationalsalt.lk/storage/coparate_plans_report_files/1728628686_ByQRe9ZxCN.pdf,
phone,pass,Published phone: 0000000693 ,https://nationalsalt.lk/storage/coparate_plans_report_files/1728628686_ByQRe9ZxCN.pdf,
phone,pass,Published phone: 0000001530 ,https://nationalsalt.lk/storage/coparate_plans_report_files/1728628686_ByQRe9ZxCN.pdf,
phone,pass,Published phone: 0000001942 ,https://nationalsalt.lk/storage/coparate_plans_report_files/1728628686_ByQRe9ZxCN.pdf,
phone,pass,Published phone: 0000000949 ,https://nationalsalt.lk/storage/coparate_plans_report_files/1728628686_ByQRe9ZxCN.pdf,
phone,pass,Published phone: 0000000798 ,https://nationalsalt.lk/storage/coparate_plans_report_files/1728628686_ByQRe9ZxCN.pdf,
phone,pass,Published phone: 0000000255 ,https://nationalsalt.lk/storage/coparate_plans_report_files/1728628686_ByQRe9ZxCN.pdf,
phone,pass,Published phone: 0000001718 ,https://nationalsalt.lk/storage/coparate_plans_report_files/1728628686_ByQRe9ZxCN.pdf,
phone,pass,Published phone: 0000001458 ,https://nationalsalt.lk/storage/coparate_plans_report_files/1728628686_ByQRe9ZxCN.pdf,
phone,pass,Published phone: 0000000629 ,https://nationalsalt.lk/storage/coparate_plans_report_files/1728628686_ByQRe9ZxCN.pdf,
phone,pass,Published phone: 0000001936 ,https://nationalsalt.lk/storage/coparate_plans_report_files/1728628686_ByQRe9ZxCN.pdf,
phone,pass,Published phone: 0000081921 ,https://nationalsalt.lk/storage/coparate_plans_report_files/1728628686_ByQRe9ZxCN.pdf,
phone,pass,Published phone: 0000000165 ,https://nationalsalt.lk/storage/coparate_plans_report_files/1728628686_ByQRe9ZxCN.pdf,
phone,pass,Published phone: 0000000466 ,https://nationalsalt.lk/storage/coparate_plans_report_files/1728628686_ByQRe9ZxCN.pdf,
phone,pass,Published phone: 0000000329 ,https://nationalsalt.lk/storage/coparate_plans_report_files/1728628686_ByQRe9ZxCN.pdf,
phone,pass,Published phone: 0000001683 ,https://nationalsalt.lk/storage/coparate_plans_report_files/1728628686_ByQRe9ZxCN.pdf,
phone,pass,Published phone: 0000001423 ,https://nationalsalt.lk/storage/coparate_plans_report_files/1728628686_ByQRe9ZxCN.pdf,
phone,pass,Published phone: 0000000140 ,https://nationalsalt.lk/storage/coparate_plans_report_files/1728628686_ByQRe9ZxCN.pdf,
phone,pass,Published phone: 0000001212 ,https://nationalsalt.lk/storage/coparate_plans_report_files/1728628686_ByQRe9ZxCN.pdf,
phone,pass,Published phone: 0000001909 ,https://nationalsalt.lk/storage/coparate_plans_report_files/1728628686_ByQRe9ZxCN.pdf,
phone,pass,Published phone: 0000001467 ,https://nationalsalt.lk/storage/coparate_plans_report_files/1728628686_ByQRe9ZxCN.pdf,
phone,pass,Published phone: 0000000401 ,https://nationalsalt.lk/storage/coparate_plans_report_files/1728628686_ByQRe9ZxCN.pdf,
phone,pass,Published phone: 0000001169 ,https://nationalsalt.lk/storage/coparate_plans_report_files/1728628686_ByQRe9ZxCN.pdf,
phone,pass,Published phone: 09 588 462 58,https://nationalsalt.lk/storage/coparate_plans_report_files/1728628686_ByQRe9ZxCN.pdf,
phone,pass,Published phone: 0000000309 ,https://nationalsalt.lk/storage/coparate_plans_report_files/1728628686_ByQRe9ZxCN.pdf,
phone,pass,Published phone: 0000000406 ,https://nationalsalt.lk/storage/coparate_plans_report_files/1728628686_ByQRe9ZxCN.pdf,
phone,pass,Published phone: 0000001927 ,https://nationalsalt.lk/storage/coparate_plans_report_files/1728628686_ByQRe9ZxCN.pdf,
phone,pass,Published phone: 0000000345 ,https://nationalsalt.lk/storage/coparate_plans_report_files/1728628686_ByQRe9ZxCN.pdf,
phone,pass,Published phone: 0000000758 ,https://nationalsalt.lk/storage/coparate_plans_report_files/1728628686_ByQRe9ZxCN.pdf,
phone,pass,Published phone: 0000001482 ,https://nationalsalt.lk/storage/coparate_plans_report_files/1728628686_ByQRe9ZxCN.pdf,
phone,pass,Published phone: 0 0 0 0 0 0 500 5,https://nationalsalt.lk/storage/coparate_plans_report_files/1728628686_ByQRe9ZxCN.pdf,
phone,pass,Published phone: 0000000605 ,https://nationalsalt.lk/storage/coparate_plans_report_files/1728628686_ByQRe9ZxCN.pdf,
phone,pass,Published phone: 0000000680 ,https://nationalsalt.lk/storage/coparate_plans_report_files/1728628686_ByQRe9ZxCN.pdf,
phone,pass,Published phone: 0000057874 ,https://nationalsalt.lk/storage/coparate_plans_report_files/1728628686_ByQRe9ZxCN.pdf,
phone,pass,Published phone: 0000000499 ,https://nationalsalt.lk/storage/coparate_plans_report_files/1728628686_ByQRe9ZxCN.pdf,
phone,pass,Published phone: 0000000998 ,https://nationalsalt.lk/storage/coparate_plans_report_files/1728628686_ByQRe9ZxCN.pdf,
phone,pass,Published phone: 0000000699 ,https://nationalsalt.lk/storage/coparate_plans_report_files/1728628686_ByQRe9ZxCN.pdf,
phone,pass,Published phone: 0000001670 ,https://nationalsalt.lk/storage/coparate_plans_report_files/1728628686_ByQRe9ZxCN.pdf,
phone,pass,Published phone: 0000001116 ,https://nationalsalt.lk/storage/coparate_plans_report_files/1728628686_ByQRe9ZxCN.pdf,
phone,pass,Published phone: 0000000525 ,https://nationalsalt.lk/storage/coparate_plans_report_files/1728628686_ByQRe9ZxCN.pdf,
phone,pass,Published phone: 0000002211 ,https://nationalsalt.lk/storage/coparate_plans_report_files/1728628686_ByQRe9ZxCN.pdf,
phone,pass,Published phone: 0000000529 ,https://nationalsalt.lk/storage/coparate_plans_report_files/1728628686_ByQRe9ZxCN.pdf,
phone,pass,Published phone: 0000000317 ,https://nationalsalt.lk/storage/coparate_plans_report_files/1728628686_ByQRe9ZxCN.pdf,
phone,pass,Published phone: 0000002469 ,https://nationalsalt.lk/storage/coparate_plans_report_files/1728628686_ByQRe9ZxCN.pdf,
phone,pass,Published phone: 0000000750 ,https://nationalsalt.lk/storage/coparate_plans_report_files/1728628686_ByQRe9ZxCN.pdf,
phone,pass,Published phone: 0000001059 ,https://nationalsalt.lk/storage/coparate_plans_report_files/1728628686_ByQRe9ZxCN.pdf,
phone,pass,Published phone: 0000001587 ,https://nationalsalt.lk/storage/coparate_plans_report_files/1728628686_ByQRe9ZxCN.pdf,
phone,pass,Published phone: 0000002217 ,https://nationalsalt.lk/storage/coparate_plans_report_files/1728628686_ByQRe9ZxCN.pdf,
phone,pass,Published phone: 0000001149 ,https://nationalsalt.lk/storage/coparate_plans_report_files/1728628686_ByQRe9ZxCN.pdf,
phone,pass,Published phone: 0000000375 ,https://nationalsalt.lk/storage/coparate_plans_report_files/1728628686_ByQRe9ZxCN.pdf,
phone,pass,Published phone: 0000001839 ,https://nationalsalt.lk/storage/coparate_plans_report_files/1728628686_ByQRe9ZxCN.pdf,
phone,pass,Published phone: 0000001137 ,https://nationalsalt.lk/storage/coparate_plans_report_files/1728628686_ByQRe9ZxCN.pdf,
phone,pass,Published phone: 0000002212 ,https://nationalsalt.lk/storage/coparate_plans_report_files/1728628686_ByQRe9ZxCN.pdf,
phone,pass,Published phone: 07 507 507 0 0 ,https://nationalsalt.lk/storage/coparate_plans_report_files/1728628686_ByQRe9ZxCN.pdf,
phone,pass,Published phone: 0000000555 ,https://nationalsalt.lk/storage/coparate_plans_report_files/1728628686_ByQRe9ZxCN.pdf,
phone,pass,Published phone: 0000000805 ,https://nationalsalt.lk/storage/coparate_plans_report_files/1728628686_ByQRe9ZxCN.pdf,
phone,pass,Published phone: 0000001417 ,https://nationalsalt.lk/storage/coparate_plans_report_files/1728628686_ByQRe9ZxCN.pdf,
phone,pass,Published phone: 0000002175 ,https://nationalsalt.lk/storage/coparate_plans_report_files/1728628686_ByQRe9ZxCN.pdf,
phone,pass,Published phone: 0000001786 ,https://nationalsalt.lk/storage/coparate_plans_report_files/1728628686_ByQRe9ZxCN.pdf,
phone,pass,Published phone: 0000000467 ,https://nationalsalt.lk/storage/coparate_plans_report_files/1728628686_ByQRe9ZxCN.pdf,
phone,pass,Published phone: 0000001295 ,https://nationalsalt.lk/storage/coparate_plans_report_files/1728628686_ByQRe9ZxCN.pdf,
phone,pass,Published phone: 0000002023 ,https://nationalsalt.lk/storage/coparate_plans_report_files/1728628686_ByQRe9ZxCN.pdf,
phone,pass,Published phone: 0000001037 ,https://nationalsalt.lk/storage/coparate_plans_report_files/1728628686_ByQRe9ZxCN.pdf,
phone,pass,Published phone: 0000000425 ,https://nationalsalt.lk/storage/coparate_plans_report_files/1728628686_ByQRe9ZxCN.pdf,
phone,pass,Published phone: 0000001122 ,https://nationalsalt.lk/storage/coparate_plans_report_files/1728628686_ByQRe9ZxCN.pdf,
phone,pass,Published phone: 0000001781 ,https://nationalsalt.lk/storage/coparate_plans_report_files/1728628686_ByQRe9ZxCN.pdf,
phone,pass,Published phone: 0000170644 ,https://nationalsalt.lk/storage/coparate_plans_report_files/1728628686_ByQRe9ZxCN.pdf,
phone,pass,Published phone: 0000000426 ,https://nationalsalt.lk/storage/coparate_plans_report_files/1728628686_ByQRe9ZxCN.pdf,
phone,pass,Published phone: 0000001881 ,https://nationalsalt.lk/storage/coparate_plans_report_files/1728628686_ByQRe9ZxCN.pdf,
phone,pass,Published phone: 0000000639 ,https://nationalsalt.lk/storage/coparate_plans_report_files/1728628686_ByQRe9ZxCN.pdf,
phone,pass,Published phone: 0000510625 ,https://nationalsalt.lk/storage/coparate_plans_report_files/1728628686_ByQRe9ZxCN.pdf,
phone,pass,Published phone: 0000001449 ,https://nationalsalt.lk/storage/coparate_plans_report_files/1728628686_ByQRe9ZxCN.pdf,
phone,pass,Published phone: 0000000670 ,https://nationalsalt.lk/storage/coparate_plans_report_files/1728628686_ByQRe9ZxCN.pdf,
phone,pass,Published phone: 0000000795 ,https://nationalsalt.lk/storage/coparate_plans_report_files/1728628686_ByQRe9ZxCN.pdf,
phone,pass,Published phone: 0000002065 ,https://nationalsalt.lk/storage/coparate_plans_report_files/1728628686_ByQRe9ZxCN.pdf,
phone,pass,Published phone: 0000000472 ,https://nationalsalt.lk/storage/coparate_plans_report_files/1728628686_ByQRe9ZxCN.pdf,
phone,pass,Published phone: 0000001525 ,https://nationalsalt.lk/storage/coparate_plans_report_files/1728628686_ByQRe9ZxCN.pdf,
phone,pass,Published phone: 0000000958 ,https://nationalsalt.lk/storage/coparate_plans_report_files/1728628686_ByQRe9ZxCN.pdf,
phone,pass,Published phone: 0000002222 ,https://nationalsalt.lk/storage/coparate_plans_report_files/1728628686_ByQRe9ZxCN.pdf,
phone,pass,Published phone: 0000000391 ,https://nationalsalt.lk/storage/coparate_plans_report_files/1728628686_ByQRe9ZxCN.pdf,
phone,pass,Published phone: 0000001808 ,https://nationalsalt.lk/storage/coparate_plans_report_files/1728628686_ByQRe9ZxCN.pdf,
phone,pass,Published phone: 0 0 0 0 0 0 0 0 57,https://nationalsalt.lk/storage/coparate_plans_report_files/1728628686_ByQRe9ZxCN.pdf,
phone,pass,Published phone: 0000000342 ,https://nationalsalt.lk/storage/coparate_plans_report_files/1728628686_ByQRe9ZxCN.pdf,
phone,pass,Published phone: 0000000551 ,https://nationalsalt.lk/storage/coparate_plans_report_files/1728628686_ByQRe9ZxCN.pdf,
phone,pass,Published phone: 0000001094 ,https://nationalsalt.lk/storage/coparate_plans_report_files/1728628686_ByQRe9ZxCN.pdf,
phone,pass,Published phone: 0000002011 ,https://nationalsalt.lk/storage/coparate_plans_report_files/1728628686_ByQRe9ZxCN.pdf,
phone,pass,Published phone: 0000001428 ,https://nationalsalt.lk/storage/coparate_plans_report_files/1728628686_ByQRe9ZxCN.pdf,
phone,pass,Published phone: 0000000730 ,https://nationalsalt.lk/storage/coparate_plans_report_files/1728628686_ByQRe9ZxCN.pdf,
phone,pass,Published phone: 0000000694 ,https://nationalsalt.lk/storage/coparate_plans_report_files/1728628686_ByQRe9ZxCN.pdf,
phone,pass,Published phone: 0000002095 ,https://nationalsalt.lk/storage/coparate_plans_report_files/1728628686_ByQRe9ZxCN.pdf,
phone,pass,Published phone: 0000002189 ,https://nationalsalt.lk/storage/coparate_plans_report_files/1728628686_ByQRe9ZxCN.pdf,
phone,pass,Published phone: 0000001901 ,https://nationalsalt.lk/storage/coparate_plans_report_files/1728628686_ByQRe9ZxCN.pdf,
phone,pass,Published phone: 0000000815 ,https://nationalsalt.lk/storage/coparate_plans_report_files/1728628686_ByQRe9ZxCN.pdf,
phone,pass,Published phone: 0000002296 ,https://nationalsalt.lk/storage/coparate_plans_report_files/1728628686_ByQRe9ZxCN.pdf,
phone,pass,Published phone: 0000001758 ,https://nationalsalt.lk/storage/coparate_plans_report_files/1728628686_ByQRe9ZxCN.pdf,
phone,pass,Published phone: 0000002158 ,https://nationalsalt.lk/storage/coparate_plans_report_files/1728628686_ByQRe9ZxCN.pdf,
phone,pass,Published phone: 0000001104 ,https://nationalsalt.lk/storage/coparate_plans_report_files/1728628686_ByQRe9ZxCN.pdf,
phone,pass,Published phone: 0000002287 ,https://nationalsalt.lk/storage/coparate_plans_report_files/1728628686_ByQRe9ZxCN.pdf,
phone,pass,Published phone: 0000000290 ,https://nationalsalt.lk/storage/coparate_plans_report_files/1728628686_ByQRe9ZxCN.pdf,
phone,pass,Published phone: 0000001341 ,https://nationalsalt.lk/storage/coparate_plans_report_files/1728628686_ByQRe9ZxCN.pdf,
phone,pass,Published phone: 0000001852 ,https://nationalsalt.lk/storage/coparate_plans_report_files/1728628686_ByQRe9ZxCN.pdf,
phone,pass,Published phone: 0000001850 ,https://nationalsalt.lk/storage/coparate_plans_report_files/1728628686_ByQRe9ZxCN.pdf,
phone,pass,Published phone: 0000002255 ,https://nationalsalt.lk/storage/coparate_plans_report_files/1728628686_ByQRe9ZxCN.pdf,
phone,pass,Published phone: 0000000818 ,https://nationalsalt.lk/storage/coparate_plans_report_files/1728628686_ByQRe9ZxCN.pdf,
phone,pass,Published phone: 0000001378 ,https://nationalsalt.lk/storage/coparate_plans_report_files/1728628686_ByQRe9ZxCN.pdf,
phone,pass,Published phone: 0000000974 ,https://nationalsalt.lk/storage/coparate_plans_report_files/1728628686_ByQRe9ZxCN.pdf,
phone,pass,Published phone: 0000000664 ,https://nationalsalt.lk/storage/coparate_plans_report_files/1728628686_ByQRe9ZxCN.pdf,
phone,pass,Published phone: 0000001165 ,https://nationalsalt.lk/storage/coparate_plans_report_files/1728628686_ByQRe9ZxCN.pdf,
phone,pass,Published phone: 0000001532 ,https://nationalsalt.lk/storage/coparate_plans_report_files/1728628686_ByQRe9ZxCN.pdf,
phone,pass,Published phone: 0000002048 ,https://nationalsalt.lk/storage/coparate_plans_report_files/1728628686_ByQRe9ZxCN.pdf,
phone,pass,Published phone: 0000002379 ,https://nationalsalt.lk/storage/coparate_plans_report_files/1728628686_ByQRe9ZxCN.pdf,
phone,pass,Published phone: 0000002352 ,https://nationalsalt.lk/storage/coparate_plans_report_files/1728628686_ByQRe9ZxCN.pdf,
phone,pass,Published phone: 0000000782 ,https://nationalsalt.lk/storage/coparate_plans_report_files/1728628686_ByQRe9ZxCN.pdf,
phone,pass,Published phone: 0000001818 ,https://nationalsalt.lk/storage/coparate_plans_report_files/1728628686_ByQRe9ZxCN.pdf,
phone,pass,Published phone: 0000001067 ,https://nationalsalt.lk/storage/coparate_plans_report_files/1728628686_ByQRe9ZxCN.pdf,
phone,pass,Published phone: 0000001096 ,https://nationalsalt.lk/storage/coparate_plans_report_files/1728628686_ByQRe9ZxCN.pdf,
phone,pass,Published phone: 0000001653 ,https://nationalsalt.lk/storage/coparate_plans_report_files/1728628686_ByQRe9ZxCN.pdf,
phone,pass,Published phone: 0000001265 ,https://nationalsalt.lk/storage/coparate_plans_report_files/1728628686_ByQRe9ZxCN.pdf,
phone,pass,Published phone: 0000001229 ,https://nationalsalt.lk/storage/coparate_plans_report_files/1728628686_ByQRe9ZxCN.pdf,
phone,pass,Published phone: 0000002191 ,https://nationalsalt.lk/storage/coparate_plans_report_files/1728628686_ByQRe9ZxCN.pdf,
phone,pass,Published phone: 0000001476 ,https://nationalsalt.lk/storage/coparate_plans_report_files/1728628686_ByQRe9ZxCN.pdf,
phone,pass,Published phone: 0000001215 ,https://nationalsalt.lk/storage/coparate_plans_report_files/1728628686_ByQRe9ZxCN.pdf,
phone,pass,Published phone: 0000000969 ,https://nationalsalt.lk/storage/coparate_plans_report_files/1728628686_ByQRe9ZxCN.pdf,
phone,pass,Published phone: 0000001986 ,https://nationalsalt.lk/storage/coparate_plans_report_files/1728628686_ByQRe9ZxCN.pdf,
phone,pass,Published phone: 0000000692 ,https://nationalsalt.lk/storage/coparate_plans_report_files/1728628686_ByQRe9ZxCN.pdf,
phone,pass,Published phone: 0000002031 ,https://nationalsalt.lk/storage/coparate_plans_report_files/1728628686_ByQRe9ZxCN.pdf,
phone,pass,Published phone: 0000000911 ,https://nationalsalt.lk/storage/coparate_plans_report_files/1728628686_ByQRe9ZxCN.pdf,
phone,pass,Published phone: 0000001995 ,https://nationalsalt.lk/storage/coparate_plans_report_files/1728628686_ByQRe9ZxCN.pdf,
phone,pass,Published phone: 0000000113 ,https://nationalsalt.lk/storage/coparate_plans_report_files/1728628686_ByQRe9ZxCN.pdf,
phone,pass,Published phone: 0000242693 ,https://nationalsalt.lk/storage/coparate_plans_report_files/1728628686_ByQRe9ZxCN.pdf,
phone,pass,Published phone: 0000001492 ,https://nationalsalt.lk/storage/coparate_plans_report_files/1728628686_ByQRe9ZxCN.pdf,
phone,pass,Published phone: 0000000284 ,https://nationalsalt.lk/storage/coparate_plans_report_files/1728628686_ByQRe9ZxCN.pdf,
phone,pass,Published phone: 0000001277 ,https://nationalsalt.lk/storage/coparate_plans_report_files/1728628686_ByQRe9ZxCN.pdf,
phone,pass,Published phone: 0000000845 ,https://nationalsalt.lk/storage/coparate_plans_report_files/1728628686_ByQRe9ZxCN.pdf,
phone,pass,Published phone: 0000000666 ,https://nationalsalt.lk/storage/coparate_plans_report_files/1728628686_ByQRe9ZxCN.pdf,
phone,pass,Published phone: 0000000963 ,https://nationalsalt.lk/storage/coparate_plans_report_files/1728628686_ByQRe9ZxCN.pdf,
phone,pass,Published phone: 0000001635 ,https://nationalsalt.lk/storage/coparate_plans_report_files/1728628686_ByQRe9ZxCN.pdf,
phone,pass,Published phone: 0000000129 ,https://nationalsalt.lk/storage/coparate_plans_report_files/1728628686_ByQRe9ZxCN.pdf,
phone,pass,Published phone: 0000001038 ,https://nationalsalt.lk/storage/coparate_plans_report_files/1728628686_ByQRe9ZxCN.pdf,
phone,pass,Published phone: 0000002237 ,https://nationalsalt.lk/storage/coparate_plans_report_files/1728628686_ByQRe9ZxCN.pdf,
phone,pass,Published phone: 0000304686 ,https://nationalsalt.lk/storage/coparate_plans_report_files/1728628686_ByQRe9ZxCN.pdf,
phone,pass,Published phone: 0000002163 ,https://nationalsalt.lk/storage/coparate_plans_report_files/1728628686_ByQRe9ZxCN.pdf,
phone,pass,Published phone: 0000000385 ,https://nationalsalt.lk/storage/coparate_plans_report_files/1728628686_ByQRe9ZxCN.pdf,
phone,pass,Published phone: 0 420 855 646 ,https://nationalsalt.lk/storage/coparate_plans_report_files/1728628686_ByQRe9ZxCN.pdf,
phone,pass,Published phone: 0000001443 ,https://nationalsalt.lk/storage/coparate_plans_report_files/1728628686_ByQRe9ZxCN.pdf,
phone,pass,Published phone: 0000000505 ,https://nationalsalt.lk/storage/coparate_plans_report_files/1728628686_ByQRe9ZxCN.pdf,
phone,pass,Published phone: 0000001699 ,https://nationalsalt.lk/storage/coparate_plans_report_files/1728628686_ByQRe9ZxCN.pdf,
phone,pass,Published phone: 0000001959 ,https://nationalsalt.lk/storage/coparate_plans_report_files/1728628686_ByQRe9ZxCN.pdf,
phone,pass,Published phone: 0000001700 ,https://nationalsalt.lk/storage/coparate_plans_report_files/1728628686_ByQRe9ZxCN.pdf,
phone,pass,Published phone: 0000001167 ,https://nationalsalt.lk/storage/coparate_plans_report_files/1728628686_ByQRe9ZxCN.pdf,
phone,pass,Published phone: 0000001021 ,https://nationalsalt.lk/storage/coparate_plans_report_files/1728628686_ByQRe9ZxCN.pdf,
phone,pass,Published phone: 0000000599 ,https://nationalsalt.lk/storage/coparate_plans_report_files/1728628686_ByQRe9ZxCN.pdf,
phone,pass,Published phone: 0000001666 ,https://nationalsalt.lk/storage/coparate_plans_report_files/1728628686_ByQRe9ZxCN.pdf,
phone,pass,Published phone: 0000001973 ,https://nationalsalt.lk/storage/coparate_plans_report_files/1728628686_ByQRe9ZxCN.pdf,
phone,pass,Published phone: 0000000319 ,https://nationalsalt.lk/storage/coparate_plans_report_files/1728628686_ByQRe9ZxCN.pdf,
phone,pass,Published phone: 0000001017 ,https://nationalsalt.lk/storage/coparate_plans_report_files/1728628686_ByQRe9ZxCN.pdf,
phone,pass,Published phone: 0000000229 ,https://nationalsalt.lk/storage/coparate_plans_report_files/1728628686_ByQRe9ZxCN.pdf,
phone,pass,Published phone: 0000001264 ,https://nationalsalt.lk/storage/coparate_plans_report_files/1728628686_ByQRe9ZxCN.pdf,
phone,pass,Published phone: 0000000616 ,https://nationalsalt.lk/storage/coparate_plans_report_files/1728628686_ByQRe9ZxCN.pdf,
phone,pass,Published phone: 0000002121 ,https://nationalsalt.lk/storage/coparate_plans_report_files/1728628686_ByQRe9ZxCN.pdf,
phone,pass,Published phone: 0000000981 ,https://nationalsalt.lk/storage/coparate_plans_report_files/1728628686_ByQRe9ZxCN.pdf,
phone,pass,Published phone: 0000028068 ,https://nationalsalt.lk/storage/coparate_plans_report_files/1728628686_ByQRe9ZxCN.pdf,
phone,pass,Published phone: 0000001728 ,https://nationalsalt.lk/storage/coparate_plans_report_files/1728628686_ByQRe9ZxCN.pdf,
phone,pass,Published phone: 0000001528 ,https://nationalsalt.lk/storage/coparate_plans_report_files/1728628686_ByQRe9ZxCN.pdf,
phone,pass,Published phone: 0000001496 ,https://nationalsalt.lk/storage/coparate_plans_report_files/1728628686_ByQRe9ZxCN.pdf,
phone,pass,Published phone: 0000001567 ,https://nationalsalt.lk/storage/coparate_plans_report_files/1728628686_ByQRe9ZxCN.pdf,
phone,pass,Published phone: 0000001570 ,https://nationalsalt.lk/storage/coparate_plans_report_files/1728628686_ByQRe9ZxCN.pdf,
phone,pass,Published phone: 0000000188 ,https://nationalsalt.lk/storage/coparate_plans_report_files/1728628686_ByQRe9ZxCN.pdf,
phone,pass,Published phone: 0000001247 ,https://nationalsalt.lk/storage/coparate_plans_report_files/1728628686_ByQRe9ZxCN.pdf,
phone,pass,Published phone: 0000002285 ,https://nationalsalt.lk/storage/coparate_plans_report_files/1728628686_ByQRe9ZxCN.pdf,
phone,pass,Published phone: 00 0 0 0 0 0 0 0 7,https://nationalsalt.lk/storage/coparate_plans_report_files/1728628686_ByQRe9ZxCN.pdf,
phone,pass,Published phone: 0000001765 ,https://nationalsalt.lk/storage/coparate_plans_report_files/1728628686_ByQRe9ZxCN.pdf,
phone,pass,Published phone: 0000000327 ,https://nationalsalt.lk/storage/coparate_plans_report_files/1728628686_ByQRe9ZxCN.pdf,
phone,pass,Published phone: 0000002286 ,https://nationalsalt.lk/storage/coparate_plans_report_files/1728628686_ByQRe9ZxCN.pdf,
phone,pass,Published phone: 0000001133 ,https://nationalsalt.lk/storage/coparate_plans_report_files/1728628686_ByQRe9ZxCN.pdf,
phone,pass,Published phone: 0000000995 ,https://nationalsalt.lk/storage/coparate_plans_report_files/1728628686_ByQRe9ZxCN.pdf,
phone,pass,Published phone: 0000000173 ,https://nationalsalt.lk/storage/coparate_plans_report_files/1728628686_ByQRe9ZxCN.pdf,
phone,pass,Published phone: 0000000546 ,https://nationalsalt.lk/storage/coparate_plans_report_files/1728628686_ByQRe9ZxCN.pdf,
phone,pass,Published phone: 0000001068 ,https://nationalsalt.lk/storage/coparate_plans_report_files/1728628686_ByQRe9ZxCN.pdf,
phone,pass,Published phone: 0000001673 ,https://nationalsalt.lk/storage/coparate_plans_report_files/1728628686_ByQRe9ZxCN.pdf,
phone,pass,Published phone: 0000305069 ,https://nationalsalt.lk/storage/coparate_plans_report_files/1728628686_ByQRe9ZxCN.pdf,
phone,pass,Published phone: 0000000359 ,https://nationalsalt.lk/storage/coparate_plans_report_files/1728628686_ByQRe9ZxCN.pdf,
phone,pass,Published phone: 0000001631 ,https://nationalsalt.lk/storage/coparate_plans_report_files/1728628686_ByQRe9ZxCN.pdf,
phone,pass,Published phone: 0000001404 ,https://nationalsalt.lk/storage/coparate_plans_report_files/1728628686_ByQRe9ZxCN.pdf,
phone,pass,Published phone: 0000001003 ,https://nationalsalt.lk/storage/coparate_plans_report_files/1728628686_ByQRe9ZxCN.pdf,
phone,pass,Published phone: 0000002250 ,https://nationalsalt.lk/storage/coparate_plans_report_files/1728628686_ByQRe9ZxCN.pdf,
phone,pass,Published phone: 0000001897 ,https://nationalsalt.lk/storage/coparate_plans_report_files/1728628686_ByQRe9ZxCN.pdf,
phone,pass,Published phone: 0000000254 ,https://nationalsalt.lk/storage/coparate_plans_report_files/1728628686_ByQRe9ZxCN.pdf,
phone,pass,Published phone: 0000001664 ,https://nationalsalt.lk/storage/coparate_plans_report_files/1728628686_ByQRe9ZxCN.pdf,
phone,pass,Published phone: 0000001174 ,https://nationalsalt.lk/storage/coparate_plans_report_files/1728628686_ByQRe9ZxCN.pdf,
phone,pass,Published phone: 0000001349 ,https://nationalsalt.lk/storage/coparate_plans_report_files/1728628686_ByQRe9ZxCN.pdf,
phone,pass,Published phone: 0000000980 ,https://nationalsalt.lk/storage/coparate_plans_report_files/1728628686_ByQRe9ZxCN.pdf,
phone,pass,Published phone: 0000000523 ,https://nationalsalt.lk/storage/coparate_plans_report_files/1728628686_ByQRe9ZxCN.pdf,
phone,pass,Published phone: 0000001978 ,https://nationalsalt.lk/storage/coparate_plans_report_files/1728628686_ByQRe9ZxCN.pdf,
phone,pass,Published phone: 0000001953 ,https://nationalsalt.lk/storage/coparate_plans_report_files/1728628686_ByQRe9ZxCN.pdf,
phone,pass,Published phone: 0000000276 ,https://nationalsalt.lk/storage/coparate_plans_report_files/1728628686_ByQRe9ZxCN.pdf,
phone,pass,Published phone: 0000098020 ,https://nationalsalt.lk/storage/coparate_plans_report_files/1728628686_ByQRe9ZxCN.pdf,
phone,pass,Published phone: 0000002067 ,https://nationalsalt.lk/storage/coparate_plans_report_files/1728628686_ByQRe9ZxCN.pdf,
phone,pass,Published phone: 0000001704 ,https://nationalsalt.lk/storage/coparate_plans_report_files/1728628686_ByQRe9ZxCN.pdf,
phone,pass,Published phone: 0000104078 ,https://nationalsalt.lk/storage/coparate_plans_report_files/1728628686_ByQRe9ZxCN.pdf,
phone,pass,Published phone: 0000001058 ,https://nationalsalt.lk/storage/coparate_plans_report_files/1728628686_ByQRe9ZxCN.pdf,
phone,pass,Published phone: 0000178143 ,https://nationalsalt.lk/storage/coparate_plans_report_files/1728628686_ByQRe9ZxCN.pdf,
phone,pass,Published phone: 0000002164 ,https://nationalsalt.lk/storage/coparate_plans_report_files/1728628686_ByQRe9ZxCN.pdf,
phone,pass,Published phone: 0000000511 ,https://nationalsalt.lk/storage/coparate_plans_report_files/1728628686_ByQRe9ZxCN.pdf,
phone,pass,Published phone: 0000001444 ,https://nationalsalt.lk/storage/coparate_plans_report_files/1728628686_ByQRe9ZxCN.pdf,
phone,pass,Published phone: 0000000301 ,https://nationalsalt.lk/storage/coparate_plans_report_files/1728628686_ByQRe9ZxCN.pdf,
phone,pass,Published phone: 0000002054 ,https://nationalsalt.lk/storage/coparate_plans_report_files/1728628686_ByQRe9ZxCN.pdf,
phone,pass,Published phone: 0000000174 ,https://nationalsalt.lk/storage/coparate_plans_report_files/1728628686_ByQRe9ZxCN.pdf,
phone,pass,Published phone: 0000122772 ,https://nationalsalt.lk/storage/coparate_plans_report_files/1728628686_ByQRe9ZxCN.pdf,
phone,pass,Published phone: 0000001123 ,https://nationalsalt.lk/storage/coparate_plans_report_files/1728628686_ByQRe9ZxCN.pdf,
phone,pass,Published phone: 0000001479 ,https://nationalsalt.lk/storage/coparate_plans_report_files/1728628686_ByQRe9ZxCN.pdf,
phone,pass,Published phone: 0000000880 ,https://nationalsalt.lk/storage/coparate_plans_report_files/1728628686_ByQRe9ZxCN.pdf,
phone,pass,Published phone: 0000001490 ,https://nationalsalt.lk/storage/coparate_plans_report_files/1728628686_ByQRe9ZxCN.pdf,
phone,pass,Published phone: 0000001146 ,https://nationalsalt.lk/storage/coparate_plans_report_files/1728628686_ByQRe9ZxCN.pdf,
phone,pass,Published phone: 0000001851 ,https://nationalsalt.lk/storage/coparate_plans_report_files/1728628686_ByQRe9ZxCN.pdf,
phone,pass,Published phone: 0000500965 ,https://nationalsalt.lk/storage/coparate_plans_report_files/1728628686_ByQRe9ZxCN.pdf,
phone,pass,Published phone: 0000000412 ,https://nationalsalt.lk/storage/coparate_plans_report_files/1728628686_ByQRe9ZxCN.pdf,
phone,pass,Published phone: 0000000510 ,https://nationalsalt.lk/storage/coparate_plans_report_files/1728628686_ByQRe9ZxCN.pdf,
phone,pass,Published phone: 0000000767 ,https://nationalsalt.lk/storage/coparate_plans_report_files/1728628686_ByQRe9ZxCN.pdf,
phone,pass,Published phone: 0000002057 ,https://nationalsalt.lk/storage/coparate_plans_report_files/1728628686_ByQRe9ZxCN.pdf,
phone,pass,Published phone: 0000000459 ,https://nationalsalt.lk/storage/coparate_plans_report_files/1728628686_ByQRe9ZxCN.pdf,
phone,pass,Published phone: 0000001235 ,https://nationalsalt.lk/storage/coparate_plans_report_files/1728628686_ByQRe9ZxCN.pdf,
phone,pass,Published phone: 0000001034 ,https://nationalsalt.lk/storage/coparate_plans_report_files/1728628686_ByQRe9ZxCN.pdf,
phone,pass,Published phone: 0000001060 ,https://nationalsalt.lk/storage/coparate_plans_report_files/1728628686_ByQRe9ZxCN.pdf,
phone,pass,Published phone: 0000000323 ,https://nationalsalt.lk/storage/coparate_plans_report_files/1728628686_ByQRe9ZxCN.pdf,
phone,pass,Published phone: 0000001811 ,https://nationalsalt.lk/storage/coparate_plans_report_files/1728628686_ByQRe9ZxCN.pdf,
phone,pass,Published phone: 0000000865 ,https://nationalsalt.lk/storage/coparate_plans_report_files/1728628686_ByQRe9ZxCN.pdf,
phone,pass,Published phone: 0000000448 ,https://nationalsalt.lk/storage/coparate_plans_report_files/1728628686_ByQRe9ZxCN.pdf,
phone,pass,Published phone: 0000000507 ,https://nationalsalt.lk/storage/coparate_plans_report_files/1728628686_ByQRe9ZxCN.pdf,
phone,pass,Published phone: 0000000684 ,https://nationalsalt.lk/storage/coparate_plans_report_files/1728628686_ByQRe9ZxCN.pdf,
phone,pass,Published phone: 0000001424 ,https://nationalsalt.lk/storage/coparate_plans_report_files/1728628686_ByQRe9ZxCN.pdf,
phone,pass,Published phone: 0000002375 ,https://nationalsalt.lk/storage/coparate_plans_report_files/1728628686_ByQRe9ZxCN.pdf,
phone,pass,Published phone: 0000001353 ,https://nationalsalt.lk/storage/coparate_plans_report_files/1728628686_ByQRe9ZxCN.pdf,
phone,pass,Published phone: 0000001143 ,https://nationalsalt.lk/storage/coparate_plans_report_files/1728628686_ByQRe9ZxCN.pdf,
phone,pass,Published phone: 0000001911 ,https://nationalsalt.lk/storage/coparate_plans_report_files/1728628686_ByQRe9ZxCN.pdf,
phone,pass,Published phone: 0000001409 ,https://nationalsalt.lk/storage/coparate_plans_report_files/1728628686_ByQRe9ZxCN.pdf,
phone,pass,Published phone: 0000001588 ,https://nationalsalt.lk/storage/coparate_plans_report_files/1728628686_ByQRe9ZxCN.pdf,
phone,pass,Published phone: 0000001948 ,https://nationalsalt.lk/storage/coparate_plans_report_files/1728628686_ByQRe9ZxCN.pdf,
phone,pass,Published phone: 0 500 500 500 ,https://nationalsalt.lk/storage/coparate_plans_report_files/1728628686_ByQRe9ZxCN.pdf,
phone,pass,Published phone: 0000002385 ,https://nationalsalt.lk/storage/coparate_plans_report_files/1728628686_ByQRe9ZxCN.pdf,
phone,pass,Published phone: 0000000189 ,https://nationalsalt.lk/storage/coparate_plans_report_files/1728628686_ByQRe9ZxCN.pdf,
phone,pass,Published phone: 0000000198 ,https://nationalsalt.lk/storage/coparate_plans_report_files/1728628686_ByQRe9ZxCN.pdf,
phone,pass,Published phone: 0000002182 ,https://nationalsalt.lk/storage/coparate_plans_report_files/1728628686_ByQRe9ZxCN.pdf,
phone,pass,Published phone: 0000000932 ,https://nationalsalt.lk/storage/coparate_plans_report_files/1728628686_ByQRe9ZxCN.pdf,
phone,pass,Published phone: 0000000288 ,https://nationalsalt.lk/storage/coparate_plans_report_files/1728628686_ByQRe9ZxCN.pdf,
phone,pass,Published phone: 0000002118 ,https://nationalsalt.lk/storage/coparate_plans_report_files/1728628686_ByQRe9ZxCN.pdf,
phone,pass,Published phone: 0000002174 ,https://nationalsalt.lk/storage/coparate_plans_report_files/1728628686_ByQRe9ZxCN.pdf,
phone,pass,Published phone: 0000000270 ,https://nationalsalt.lk/storage/coparate_plans_report_files/1728628686_ByQRe9ZxCN.pdf,
phone,pass,Published phone: 0000001386 ,https://nationalsalt.lk/storage/coparate_plans_report_files/1728628686_ByQRe9ZxCN.pdf,
phone,pass,Published phone: 0000000542 ,https://nationalsalt.lk/storage/coparate_plans_report_files/1728628686_ByQRe9ZxCN.pdf,
phone,pass,Published phone: 0000002282 ,https://nationalsalt.lk/storage/coparate_plans_report_files/1728628686_ByQRe9ZxCN.pdf,
phone,pass,Published phone: 0000000823 ,https://nationalsalt.lk/storage/coparate_plans_report_files/1728628686_ByQRe9ZxCN.pdf,
phone,pass,Published phone: 0000002007 ,https://nationalsalt.lk/storage/coparate_plans_report_files/1728628686_ByQRe9ZxCN.pdf,
phone,pass,Published phone: 0000001891 ,https://nationalsalt.lk/storage/coparate_plans_report_files/1728628686_ByQRe9ZxCN.pdf,
phone,pass,Published phone: 0000002055 ,https://nationalsalt.lk/storage/coparate_plans_report_files/1728628686_ByQRe9ZxCN.pdf,
phone,pass,Published phone: 0000000388 ,https://nationalsalt.lk/storage/coparate_plans_report_files/1728628686_ByQRe9ZxCN.pdf,
phone,pass,Published phone: 0000000606 ,https://nationalsalt.lk/storage/coparate_plans_report_files/1728628686_ByQRe9ZxCN.pdf,
phone,pass,Published phone: 0000373741 ,https://nationalsalt.lk/storage/coparate_plans_report_files/1728628686_ByQRe9ZxCN.pdf,
phone,pass,Published phone: 0000000917 ,https://nationalsalt.lk/storage/coparate_plans_report_files/1728628686_ByQRe9ZxCN.pdf,
phone,pass,Published phone: 0000000298 ,https://nationalsalt.lk/storage/coparate_plans_report_files/1728628686_ByQRe9ZxCN.pdf,
phone,pass,Published phone: 0000001750 ,https://nationalsalt.lk/storage/coparate_plans_report_files/1728628686_ByQRe9ZxCN.pdf,
phone,pass,Published phone: 0000000166 ,https://nationalsalt.lk/storage/coparate_plans_report_files/1728628686_ByQRe9ZxCN.pdf,
phone,pass,Published phone: 0000000244 ,https://nationalsalt.lk/storage/coparate_plans_report_files/1728628686_ByQRe9ZxCN.pdf,
phone,pass,Published phone: 0000001669 ,https://nationalsalt.lk/storage/coparate_plans_report_files/1728628686_ByQRe9ZxCN.pdf,
phone,pass,Published phone: 0000001429 ,https://nationalsalt.lk/storage/coparate_plans_report_files/1728628686_ByQRe9ZxCN.pdf,
phone,pass,Published phone: 0000002331 ,https://nationalsalt.lk/storage/coparate_plans_report_files/1728628686_ByQRe9ZxCN.pdf,
phone,pass,Published phone: 0000000213 ,https://nationalsalt.lk/storage/coparate_plans_report_files/1728628686_ByQRe9ZxCN.pdf,
phone,pass,Published phone: 0000002183 ,https://nationalsalt.lk/storage/coparate_plans_report_files/1728628686_ByQRe9ZxCN.pdf,
phone,pass,Published phone: 0000001552 ,https://nationalsalt.lk/storage/coparate_plans_report_files/1728628686_ByQRe9ZxCN.pdf,
phone,pass,Published phone: 0000001604 ,https://nationalsalt.lk/storage/coparate_plans_report_files/1728628686_ByQRe9ZxCN.pdf,
phone,pass,Published phone: 0000000879 ,https://nationalsalt.lk/storage/coparate_plans_report_files/1728628686_ByQRe9ZxCN.pdf,
phone,pass,Published phone: 0000091996 ,https://nationalsalt.lk/storage/coparate_plans_report_files/1728628686_ByQRe9ZxCN.pdf,
phone,pass,Published phone: 0000000929 ,https://nationalsalt.lk/storage/coparate_plans_report_files/1728628686_ByQRe9ZxCN.pdf,
phone,pass,Published phone: 0000001057 ,https://nationalsalt.lk/storage/coparate_plans_report_files/1728628686_ByQRe9ZxCN.pdf,
phone,pass,Published phone: 0000002160 ,https://nationalsalt.lk/storage/coparate_plans_report_files/1728628686_ByQRe9ZxCN.pdf,
phone,pass,Published phone: 0000000225 ,https://nationalsalt.lk/storage/coparate_plans_report_files/1728628686_ByQRe9ZxCN.pdf,
phone,pass,Published phone: 0000000925 ,https://nationalsalt.lk/storage/coparate_plans_report_files/1728628686_ByQRe9ZxCN.pdf,
phone,pass,Published phone: 0000001066 ,https://nationalsalt.lk/storage/coparate_plans_report_files/1728628686_ByQRe9ZxCN.pdf,
phone,pass,Published phone: 0000001912 ,https://nationalsalt.lk/storage/coparate_plans_report_files/1728628686_ByQRe9ZxCN.pdf,
phone,pass,Published phone: 0000000875 ,https://nationalsalt.lk/storage/coparate_plans_report_files/1728628686_ByQRe9ZxCN.pdf,
phone,pass,Published phone: 0000002321 ,https://nationalsalt.lk/storage/coparate_plans_report_files/1728628686_ByQRe9ZxCN.pdf,
phone,pass,Published phone: 0000001540 ,https://nationalsalt.lk/storage/coparate_plans_report_files/1728628686_ByQRe9ZxCN.pdf,
phone,pass,Published phone: 0000001441 ,https://nationalsalt.lk/storage/coparate_plans_report_files/1728628686_ByQRe9ZxCN.pdf,
phone,pass,Published phone: 0000000522 ,https://nationalsalt.lk/storage/coparate_plans_report_files/1728628686_ByQRe9ZxCN.pdf,
phone,pass,Published phone: 0000001134 ,https://nationalsalt.lk/storage/coparate_plans_report_files/1728628686_ByQRe9ZxCN.pdf,
phone,pass,Published phone: 0000001201 ,https://nationalsalt.lk/storage/coparate_plans_report_files/1728628686_ByQRe9ZxCN.pdf,
phone,pass,Published phone: 0000001335 ,https://nationalsalt.lk/storage/coparate_plans_report_files/1728628686_ByQRe9ZxCN.pdf,
phone,pass,Published phone: 0000472143 ,https://nationalsalt.lk/storage/coparate_plans_report_files/1728628686_ByQRe9ZxCN.pdf,
phone,pass,Published phone: 0000000724 ,https://nationalsalt.lk/storage/coparate_plans_report_files/1728628686_ByQRe9ZxCN.pdf,
phone,pass,Published phone: 0000145883 ,https://nationalsalt.lk/storage/coparate_plans_report_files/1728628686_ByQRe9ZxCN.pdf,
phone,pass,Published phone: 0000001377 ,https://nationalsalt.lk/storage/coparate_plans_report_files/1728628686_ByQRe9ZxCN.pdf,
phone,pass,Published phone: 0000073033 ,https://nationalsalt.lk/storage/coparate_plans_report_files/1728628686_ByQRe9ZxCN.pdf,
phone,pass,Published phone: 0 0 813 0 771 0 ,https://nationalsalt.lk/storage/coparate_plans_report_files/1728628686_ByQRe9ZxCN.pdf,
phone,pass,Published phone: 0000000916 ,https://nationalsalt.lk/storage/coparate_plans_report_files/1728628686_ByQRe9ZxCN.pdf,
phone,pass,Published phone: 0000000451 ,https://nationalsalt.lk/storage/coparate_plans_report_files/1728628686_ByQRe9ZxCN.pdf,
phone,pass,Published phone: 0000002328 ,https://nationalsalt.lk/storage/coparate_plans_report_files/1728628686_ByQRe9ZxCN.pdf,
phone,pass,Published phone: 0000000509 ,https://nationalsalt.lk/storage/coparate_plans_report_files/1728628686_ByQRe9ZxCN.pdf,
phone,pass,Published phone: 0000000138 ,https://nationalsalt.lk/storage/coparate_plans_report_files/1728628686_ByQRe9ZxCN.pdf,
phone,pass,Published phone: 0000000376 ,https://nationalsalt.lk/storage/coparate_plans_report_files/1728628686_ByQRe9ZxCN.pdf,
phone,pass,Published phone: 0000000415 ,https://nationalsalt.lk/storage/coparate_plans_report_files/1728628686_ByQRe9ZxCN.pdf,
phone,pass,Published phone: 0000000766 ,https://nationalsalt.lk/storage/coparate_plans_report_files/1728628686_ByQRe9ZxCN.pdf,
phone,pass,Published phone: 0000000618 ,https://nationalsalt.lk/storage/coparate_plans_report_files/1728628686_ByQRe9ZxCN.pdf,
phone,pass,Published phone: 0000001192 ,https://nationalsalt.lk/storage/coparate_plans_report_files/1728628686_ByQRe9ZxCN.pdf,
phone,pass,Published phone: 0000000332 ,https://nationalsalt.lk/storage/coparate_plans_report_files/1728628686_ByQRe9ZxCN.pdf,
phone,pass,Published phone: 0000001275 ,https://nationalsalt.lk/storage/coparate_plans_report_files/1728628686_ByQRe9ZxCN.pdf,
phone,pass,Published phone: 0000001564 ,https://nationalsalt.lk/storage/coparate_plans_report_files/1728628686_ByQRe9ZxCN.pdf,
phone,pass,Published phone: 0000000354 ,https://nationalsalt.lk/storage/coparate_plans_report_files/1728628686_ByQRe9ZxCN.pdf,
phone,pass,Published phone: 0000002171 ,https://nationalsalt.lk/storage/coparate_plans_report_files/1728628686_ByQRe9ZxCN.pdf,
phone,pass,Published phone: 0000002374 ,https://nationalsalt.lk/storage/coparate_plans_report_files/1728628686_ByQRe9ZxCN.pdf,
phone,pass,Published phone: 0000001922 ,https://nationalsalt.lk/storage/coparate_plans_report_files/1728628686_ByQRe9ZxCN.pdf,
phone,pass,Published phone: 0000000588 ,https://nationalsalt.lk/storage/coparate_plans_report_files/1728628686_ByQRe9ZxCN.pdf,
phone,pass,Published phone: 0000001050 ,https://nationalsalt.lk/storage/coparate_plans_report_files/1728628686_ByQRe9ZxCN.pdf,
phone,pass,Published phone: 0000000707 ,https://nationalsalt.lk/storage/coparate_plans_report_files/1728628686_ByQRe9ZxCN.pdf,
phone,pass,Published phone: 0000000928 ,https://nationalsalt.lk/storage/coparate_plans_report_files/1728628686_ByQRe9ZxCN.pdf,
phone,pass,Published phone: 0000001589 ,https://nationalsalt.lk/storage/coparate_plans_report_files/1728628686_ByQRe9ZxCN.pdf,
phone,pass,Published phone: 0000002126 ,https://nationalsalt.lk/storage/coparate_plans_report_files/1728628686_ByQRe9ZxCN.pdf,
phone,pass,Published phone: 0000243664 ,https://nationalsalt.lk/storage/coparate_plans_report_files/1728628686_ByQRe9ZxCN.pdf,
phone,pass,Published phone: 0000001187 ,https://nationalsalt.lk/storage/coparate_plans_report_files/1728628686_ByQRe9ZxCN.pdf,
phone,pass,Published phone: 0000001879 ,https://nationalsalt.lk/storage/coparate_plans_report_files/1728628686_ByQRe9ZxCN.pdf,
phone,pass,Published phone: 0000002348 ,https://nationalsalt.lk/storage/coparate_plans_report_files/1728628686_ByQRe9ZxCN.pdf,
phone,pass,Published phone: 0000002284 ,https://nationalsalt.lk/storage/coparate_plans_report_files/1728628686_ByQRe9ZxCN.pdf,
phone,pass,Published phone: 0000001841 ,https://nationalsalt.lk/storage/coparate_plans_report_files/1728628686_ByQRe9ZxCN.pdf,
phone,pass,Published phone: 0000001400 ,https://nationalsalt.lk/storage/coparate_plans_report_files/1728628686_ByQRe9ZxCN.pdf,
phone,pass,Published phone: 0000000643 ,https://nationalsalt.lk/storage/coparate_plans_report_files/1728628686_ByQRe9ZxCN.pdf,
phone,pass,Published phone: 0000000389 ,https://nationalsalt.lk/storage/coparate_plans_report_files/1728628686_ByQRe9ZxCN.pdf,
phone,pass,Published phone: 0000000759 ,https://nationalsalt.lk/storage/coparate_plans_report_files/1728628686_ByQRe9ZxCN.pdf,
phone,pass,Published phone: 0000001687 ,https://nationalsalt.lk/storage/coparate_plans_report_files/1728628686_ByQRe9ZxCN.pdf,
phone,pass,Published phone: 0000000660 ,https://nationalsalt.lk/storage/coparate_plans_report_files/1728628686_ByQRe9ZxCN.pdf,
phone,pass,Published phone: 0000001701 ,https://nationalsalt.lk/storage/coparate_plans_report_files/1728628686_ByQRe9ZxCN.pdf,
phone,pass,Published phone: 0000001144 ,https://nationalsalt.lk/storage/coparate_plans_report_files/1728628686_ByQRe9ZxCN.pdf,
phone,pass,Published phone: 0000001080 ,https://nationalsalt.lk/storage/coparate_plans_report_files/1728628686_ByQRe9ZxCN.pdf,
phone,pass,Published phone: 0000000890 ,https://nationalsalt.lk/storage/coparate_plans_report_files/1728628686_ByQRe9ZxCN.pdf,
phone,pass,Published phone: 0000001168 ,https://nationalsalt.lk/storage/coparate_plans_report_files/1728628686_ByQRe9ZxCN.pdf,
phone,pass,Published phone: 0000058421 ,https://nationalsalt.lk/storage/coparate_plans_report_files/1728628686_ByQRe9ZxCN.pdf,
phone,pass,Published phone: 0000001862 ,https://nationalsalt.lk/storage/coparate_plans_report_files/1728628686_ByQRe9ZxCN.pdf,
phone,pass,Published phone: 0000001463 ,https://nationalsalt.lk/storage/coparate_plans_report_files/1728628686_ByQRe9ZxCN.pdf,
phone,pass,Published phone: 0000000436 ,https://nationalsalt.lk/storage/coparate_plans_report_files/1728628686_ByQRe9ZxCN.pdf,
phone,pass,Published phone: 0000000337 ,https://nationalsalt.lk/storage/coparate_plans_report_files/1728628686_ByQRe9ZxCN.pdf,
phone,pass,Published phone: 0000001347 ,https://nationalsalt.lk/storage/coparate_plans_report_files/1728628686_ByQRe9ZxCN.pdf,
phone,pass,Published phone: 0000001166 ,https://nationalsalt.lk/storage/coparate_plans_report_files/1728628686_ByQRe9ZxCN.pdf,
phone,pass,Published phone: 0000000924 ,https://nationalsalt.lk/storage/coparate_plans_report_files/1728628686_ByQRe9ZxCN.pdf,
phone,pass,Published phone: 0000000517 ,https://nationalsalt.lk/storage/coparate_plans_report_files/1728628686_ByQRe9ZxCN.pdf,
phone,pass,Published phone: 0 0 0 0 0 0 0 0 58,https://nationalsalt.lk/storage/coparate_plans_report_files/1728628686_ByQRe9ZxCN.pdf,
phone,pass,Published phone: 0000000600 ,https://nationalsalt.lk/storage/coparate_plans_report_files/1728628686_ByQRe9ZxCN.pdf,
phone,pass,Published phone: 0000098263 ,https://nationalsalt.lk/storage/coparate_plans_report_files/1728628686_ByQRe9ZxCN.pdf,
phone,pass,Published phone: 0000001285 ,https://nationalsalt.lk/storage/coparate_plans_report_files/1728628686_ByQRe9ZxCN.pdf,
phone,pass,Published phone: 0000002204 ,https://nationalsalt.lk/storage/coparate_plans_report_files/1728628686_ByQRe9ZxCN.pdf,
phone,pass,Published phone: 0000305040 ,https://nationalsalt.lk/storage/coparate_plans_report_files/1728628686_ByQRe9ZxCN.pdf,
phone,pass,Published phone: 0000002195 ,https://nationalsalt.lk/storage/coparate_plans_report_files/1728628686_ByQRe9ZxCN.pdf,
phone,pass,Published phone: 0000001633 ,https://nationalsalt.lk/storage/coparate_plans_report_files/1728628686_ByQRe9ZxCN.pdf,
phone,pass,Published phone: 0000001726 ,https://nationalsalt.lk/storage/coparate_plans_report_files/1728628686_ByQRe9ZxCN.pdf,
phone,pass,Published phone: 0 0 659 0 0 0 0 0 ,https://nationalsalt.lk/storage/coparate_plans_report_files/1728628686_ByQRe9ZxCN.pdf,
phone,pass,Published phone: 0000001574 ,https://nationalsalt.lk/storage/coparate_plans_report_files/1728628686_ByQRe9ZxCN.pdf,
phone,pass,Published phone: 0000001189 ,https://nationalsalt.lk/storage/coparate_plans_report_files/1728628686_ByQRe9ZxCN.pdf,
phone,pass,Published phone: 0000001772 ,https://nationalsalt.lk/storage/coparate_plans_report_files/1728628686_ByQRe9ZxCN.pdf,
phone,pass,Published phone: 0000000473 ,https://nationalsalt.lk/storage/coparate_plans_report_files/1728628686_ByQRe9ZxCN.pdf,
phone,pass,Published phone: 0000001749 ,https://nationalsalt.lk/storage/coparate_plans_report_files/1728628686_ByQRe9ZxCN.pdf,
phone,pass,Published phone: 0000002354 ,https://nationalsalt.lk/storage/coparate_plans_report_files/1728628686_ByQRe9ZxCN.pdf,
phone,pass,Published phone: 0000002270 ,https://nationalsalt.lk/storage/coparate_plans_report_files/1728628686_ByQRe9ZxCN.pdf,
phone,pass,Published phone: 0000002002 ,https://nationalsalt.lk/storage/coparate_plans_report_files/1728628686_ByQRe9ZxCN.pdf,
phone,pass,Published phone: 0000000854 ,https://nationalsalt.lk/storage/coparate_plans_report_files/1728628686_ByQRe9ZxCN.pdf,
phone,pass,Published phone: 0000000940 ,https://nationalsalt.lk/storage/coparate_plans_report_files/1728628686_ByQRe9ZxCN.pdf,
phone,pass,Published phone: 0000000836 ,https://nationalsalt.lk/storage/coparate_plans_report_files/1728628686_ByQRe9ZxCN.pdf,
phone,pass,Published phone: 0000000983 ,https://nationalsalt.lk/storage/coparate_plans_report_files/1728628686_ByQRe9ZxCN.pdf,
phone,pass,Published phone: 0000001399 ,https://nationalsalt.lk/storage/coparate_plans_report_files/1728628686_ByQRe9ZxCN.pdf,
phone,pass,Published phone: 0000000503 ,https://nationalsalt.lk/storage/coparate_plans_report_files/1728628686_ByQRe9ZxCN.pdf,
phone,pass,Published phone: 0000000471 ,https://nationalsalt.lk/storage/coparate_plans_report_files/1728628686_ByQRe9ZxCN.pdf,
phone,pass,Published phone: 0000001553 ,https://nationalsalt.lk/storage/coparate_plans_report_files/1728628686_ByQRe9ZxCN.pdf,
phone,pass,Published phone: 0000000460 ,https://nationalsalt.lk/storage/coparate_plans_report_files/1728628686_ByQRe9ZxCN.pdf,
phone,pass,Published phone: 0000000943 ,https://nationalsalt.lk/storage/coparate_plans_report_files/1728628686_ByQRe9ZxCN.pdf,
phone,pass,Published phone: 0000001584 ,https://nationalsalt.lk/storage/coparate_plans_report_files/1728628686_ByQRe9ZxCN.pdf,
phone,pass,Published phone: 0000000167 ,https://nationalsalt.lk/storage/coparate_plans_report_files/1728628686_ByQRe9ZxCN.pdf,
phone,pass,Published phone: 0000001412 ,https://nationalsalt.lk/storage/coparate_plans_report_files/1728628686_ByQRe9ZxCN.pdf,
phone,pass,Published phone: 0000001106 ,https://nationalsalt.lk/storage/coparate_plans_report_files/1728628686_ByQRe9ZxCN.pdf,
phone,pass,Published phone: 0000000858 ,https://nationalsalt.lk/storage/coparate_plans_report_files/1728628686_ByQRe9ZxCN.pdf,
phone,pass,Published phone: 0000001065 ,https://nationalsalt.lk/storage/coparate_plans_report_files/1728628686_ByQRe9ZxCN.pdf,
phone,pass,Published phone: 0000001131 ,https://nationalsalt.lk/storage/coparate_plans_report_files/1728628686_ByQRe9ZxCN.pdf,
phone,pass,Published phone: 0 507 507 507 ,https://nationalsalt.lk/storage/coparate_plans_report_files/1728628686_ByQRe9ZxCN.pdf,
phone,pass,Published phone: 0000058135 ,https://nationalsalt.lk/storage/coparate_plans_report_files/1728628686_ByQRe9ZxCN.pdf,
phone,pass,Published phone: 0000000251 ,https://nationalsalt.lk/storage/coparate_plans_report_files/1728628686_ByQRe9ZxCN.pdf,
phone,pass,Published phone: 0000001838 ,https://nationalsalt.lk/storage/coparate_plans_report_files/1728628686_ByQRe9ZxCN.pdf,
phone,pass,Published phone: 0000000775 ,https://nationalsalt.lk/storage/coparate_plans_report_files/1728628686_ByQRe9ZxCN.pdf,
phone,pass,Published phone: 0000001315 ,https://nationalsalt.lk/storage/coparate_plans_report_files/1728628686_ByQRe9ZxCN.pdf,
phone,pass,Published phone: 0000001043 ,https://nationalsalt.lk/storage/coparate_plans_report_files/1728628686_ByQRe9ZxCN.pdf,
phone,pass,Published phone: 0000000267 ,https://nationalsalt.lk/storage/coparate_plans_report_files/1728628686_ByQRe9ZxCN.pdf,
phone,pass,Published phone: 0000002246 ,https://nationalsalt.lk/storage/coparate_plans_report_files/1728628686_ByQRe9ZxCN.pdf,
phone,pass,Published phone: 0000001997 ,https://nationalsalt.lk/storage/coparate_plans_report_files/1728628686_ByQRe9ZxCN.pdf,
phone,pass,Published phone: 0000001209 ,https://nationalsalt.lk/storage/coparate_plans_report_files/1728628686_ByQRe9ZxCN.pdf,
phone,pass,Published phone: 0000001504 ,https://nationalsalt.lk/storage/coparate_plans_report_files/1728628686_ByQRe9ZxCN.pdf,
phone,pass,Published phone: 0000000531 ,https://nationalsalt.lk/storage/coparate_plans_report_files/1728628686_ByQRe9ZxCN.pdf,
phone,pass,Published phone: 0000000382 ,https://nationalsalt.lk/storage/coparate_plans_report_files/1728628686_ByQRe9ZxCN.pdf,
phone,pass,Published phone: 0000000809 ,https://nationalsalt.lk/storage/coparate_plans_report_files/1728628686_ByQRe9ZxCN.pdf,
phone,pass,Published phone: 0000000311 ,https://nationalsalt.lk/storage/coparate_plans_report_files/1728628686_ByQRe9ZxCN.pdf,
phone,pass,Published phone: 0000000866 ,https://nationalsalt.lk/storage/coparate_plans_report_files/1728628686_ByQRe9ZxCN.pdf,
phone,pass,Published phone: 0000001858 ,https://nationalsalt.lk/storage/coparate_plans_report_files/1728628686_ByQRe9ZxCN.pdf,
phone,pass,Published phone: 0000001867 ,https://nationalsalt.lk/storage/coparate_plans_report_files/1728628686_ByQRe9ZxCN.pdf,
phone,pass,Published phone: 0000001977 ,https://nationalsalt.lk/storage/coparate_plans_report_files/1728628686_ByQRe9ZxCN.pdf,
phone,pass,Published phone: 0000000786 ,https://nationalsalt.lk/storage/coparate_plans_report_files/1728628686_ByQRe9ZxCN.pdf,
phone,pass,Published phone: 0000001988 ,https://nationalsalt.lk/storage/coparate_plans_report_files/1728628686_ByQRe9ZxCN.pdf,
phone,pass,Published phone: 0000001240 ,https://nationalsalt.lk/storage/coparate_plans_report_files/1728628686_ByQRe9ZxCN.pdf,
phone,pass,Published phone: 0000002061 ,https://nationalsalt.lk/storage/coparate_plans_report_files/1728628686_ByQRe9ZxCN.pdf,
phone,pass,Published phone: 0000164120 ,https://nationalsalt.lk/storage/coparate_plans_report_files/1728628686_ByQRe9ZxCN.pdf,
phone,pass,Published phone: 0000000804 ,https://nationalsalt.lk/storage/coparate_plans_report_files/1728628686_ByQRe9ZxCN.pdf,
phone,pass,Published phone: 0000001961 ,https://nationalsalt.lk/storage/coparate_plans_report_files/1728628686_ByQRe9ZxCN.pdf,
phone,pass,Published phone: 0000001610 ,https://nationalsalt.lk/storage/coparate_plans_report_files/1728628686_ByQRe9ZxCN.pdf,
phone,pass,Published phone: 0000001091 ,https://nationalsalt.lk/storage/coparate_plans_report_files/1728628686_ByQRe9ZxCN.pdf,
phone,pass,Published phone: 0000001930 ,https://nationalsalt.lk/storage/coparate_plans_report_files/1728628686_ByQRe9ZxCN.pdf,
phone,pass,Published phone: 0000002004 ,https://nationalsalt.lk/storage/coparate_plans_report_files/1728628686_ByQRe9ZxCN.pdf,
phone,pass,Published phone: 0000000571 ,https://nationalsalt.lk/storage/coparate_plans_report_files/1728628686_ByQRe9ZxCN.pdf,
phone,pass,Published phone: 0000002263 ,https://nationalsalt.lk/storage/coparate_plans_report_files/1728628686_ByQRe9ZxCN.pdf,
phone,pass,Published phone: 0000000216 ,https://nationalsalt.lk/storage/coparate_plans_report_files/1728628686_ByQRe9ZxCN.pdf,
phone,pass,Published phone: 0000001544 ,https://nationalsalt.lk/storage/coparate_plans_report_files/1728628686_ByQRe9ZxCN.pdf,
phone,pass,Published phone: 0000001411 ,https://nationalsalt.lk/storage/coparate_plans_report_files/1728628686_ByQRe9ZxCN.pdf,
phone,pass,Published phone: 0000002188 ,https://nationalsalt.lk/storage/coparate_plans_report_files/1728628686_ByQRe9ZxCN.pdf,
phone,pass,Published phone: 0000001241 ,https://nationalsalt.lk/storage/coparate_plans_report_files/1728628686_ByQRe9ZxCN.pdf,
phone,pass,Published phone: 0000002308 ,https://nationalsalt.lk/storage/coparate_plans_report_files/1728628686_ByQRe9ZxCN.pdf,
phone,pass,Published phone: 0000001032 ,https://nationalsalt.lk/storage/coparate_plans_report_files/1728628686_ByQRe9ZxCN.pdf,
phone,pass,Published phone: 0000001370 ,https://nationalsalt.lk/storage/coparate_plans_report_files/1728628686_ByQRe9ZxCN.pdf,
phone,pass,Published phone: 0000000662 ,https://nationalsalt.lk/storage/coparate_plans_report_files/1728628686_ByQRe9ZxCN.pdf,
phone,pass,Published phone: 0000000496 ,https://nationalsalt.lk/storage/coparate_plans_report_files/1728628686_ByQRe9ZxCN.pdf,
phone,pass,Published phone: 0000001139 ,https://nationalsalt.lk/storage/coparate_plans_report_files/1728628686_ByQRe9ZxCN.pdf,
phone,pass,Published phone: 0000000887 ,https://nationalsalt.lk/storage/coparate_plans_report_files/1728628686_ByQRe9ZxCN.pdf,
phone,pass,Published phone: 0000002269 ,https://nationalsalt.lk/storage/coparate_plans_report_files/1728628686_ByQRe9ZxCN.pdf,
phone,pass,Published phone: 0000000122 ,https://nationalsalt.lk/storage/coparate_plans_report_files/1728628686_ByQRe9ZxCN.pdf,
phone,pass,Published phone: 0000001735 ,https://nationalsalt.lk/storage/coparate_plans_report_files/1728628686_ByQRe9ZxCN.pdf,
phone,pass,Published phone: 0000001346 ,https://nationalsalt.lk/storage/coparate_plans_report_files/1728628686_ByQRe9ZxCN.pdf,
phone,pass,Published phone: 0000000849 ,https://nationalsalt.lk/storage/coparate_plans_report_files/1728628686_ByQRe9ZxCN.pdf,
phone,pass,Published phone: 0000000592 ,https://nationalsalt.lk/storage/coparate_plans_report_files/1728628686_ByQRe9ZxCN.pdf,
phone,pass,Published phone: 0000000394 ,https://nationalsalt.lk/storage/coparate_plans_report_files/1728628686_ByQRe9ZxCN.pdf,
phone,pass,Published phone: 0000000581 ,https://nationalsalt.lk/storage/coparate_plans_report_files/1728628686_ByQRe9ZxCN.pdf,
phone,pass,Published phone: 0000001119 ,https://nationalsalt.lk/storage/coparate_plans_report_files/1728628686_ByQRe9ZxCN.pdf,
phone,pass,Published phone: 0000000723 ,https://nationalsalt.lk/storage/coparate_plans_report_files/1728628686_ByQRe9ZxCN.pdf,
phone,pass,Published phone: 0000001800 ,https://nationalsalt.lk/storage/coparate_plans_report_files/1728628686_ByQRe9ZxCN.pdf,
phone,pass,Published phone: 0000001180 ,https://nationalsalt.lk/storage/coparate_plans_report_files/1728628686_ByQRe9ZxCN.pdf,
phone,pass,Published phone: 0000001100 ,https://nationalsalt.lk/storage/coparate_plans_report_files/1728628686_ByQRe9ZxCN.pdf,
phone,pass,Published phone: 0000001506 ,https://nationalsalt.lk/storage/coparate_plans_report_files/1728628686_ByQRe9ZxCN.pdf,
phone,pass,Published phone: 0000002342 ,https://nationalsalt.lk/storage/coparate_plans_report_files/1728628686_ByQRe9ZxCN.pdf,
phone,pass,Published phone: 0000000339 ,https://nationalsalt.lk/storage/coparate_plans_report_files/1728628686_ByQRe9ZxCN.pdf,
phone,pass,Published phone: 0000000207 ,https://nationalsalt.lk/storage/coparate_plans_report_files/1728628686_ByQRe9ZxCN.pdf,
phone,pass,Published phone: 0000000416 ,https://nationalsalt.lk/storage/coparate_plans_report_files/1728628686_ByQRe9ZxCN.pdf,
phone,pass,Published phone: 0000000300 ,https://nationalsalt.lk/storage/coparate_plans_report_files/1728628686_ByQRe9ZxCN.pdf,
phone,pass,Published phone: 0 722 0 0 0 0 0 0 ,https://nationalsalt.lk/storage/coparate_plans_report_files/1728628686_ByQRe9ZxCN.pdf,
phone,pass,Published phone: 0000000125 ,https://nationalsalt.lk/storage/coparate_plans_report_files/1728628686_ByQRe9ZxCN.pdf,
phone,pass,Published phone: 0000001545 ,https://nationalsalt.lk/storage/coparate_plans_report_files/1728628686_ByQRe9ZxCN.pdf,
phone,pass,Published phone: 0000001219 ,https://nationalsalt.lk/storage/coparate_plans_report_files/1728628686_ByQRe9ZxCN.pdf,
phone,pass,Published phone: 0000002311 ,https://nationalsalt.lk/storage/coparate_plans_report_files/1728628686_ByQRe9ZxCN.pdf,
phone,pass,Published phone: 0000000690 ,https://nationalsalt.lk/storage/coparate_plans_report_files/1728628686_ByQRe9ZxCN.pdf,
phone,pass,Published phone: 0000000768 ,https://nationalsalt.lk/storage/coparate_plans_report_files/1728628686_ByQRe9ZxCN.pdf,
phone,pass,Published phone: 0000000612 ,https://nationalsalt.lk/storage/coparate_plans_report_files/1728628686_ByQRe9ZxCN.pdf,
phone,pass,Published phone: 0000001179 ,https://nationalsalt.lk/storage/coparate_plans_report_files/1728628686_ByQRe9ZxCN.pdf,
phone,pass,Published phone: 0000002325 ,https://nationalsalt.lk/storage/coparate_plans_report_files/1728628686_ByQRe9ZxCN.pdf,
phone,pass,Published phone: 0000000689 ,https://nationalsalt.lk/storage/coparate_plans_report_files/1728628686_ByQRe9ZxCN.pdf,
phone,pass,Published phone: 0000001161 ,https://nationalsalt.lk/storage/coparate_plans_report_files/1728628686_ByQRe9ZxCN.pdf,
phone,pass,Published phone: 0000001801 ,https://nationalsalt.lk/storage/coparate_plans_report_files/1728628686_ByQRe9ZxCN.pdf,
phone,pass,Published phone: 0000001255 ,https://nationalsalt.lk/storage/coparate_plans_report_files/1728628686_ByQRe9ZxCN.pdf,
phone,pass,Published phone: 0000000446 ,https://nationalsalt.lk/storage/coparate_plans_report_files/1728628686_ByQRe9ZxCN.pdf,
phone,pass,Published phone: 0000001213 ,https://nationalsalt.lk/storage/coparate_plans_report_files/1728628686_ByQRe9ZxCN.pdf,
phone,pass,Published phone: 0000001307 ,https://nationalsalt.lk/storage/coparate_plans_report_files/1728628686_ByQRe9ZxCN.pdf,
phone,pass,Published phone: 0000001515 ,https://nationalsalt.lk/storage/coparate_plans_report_files/1728628686_ByQRe9ZxCN.pdf,
phone,pass,Published phone: 0000000650 ,https://nationalsalt.lk/storage/coparate_plans_report_files/1728628686_ByQRe9ZxCN.pdf,
phone,pass,Published phone: 0000002236 ,https://nationalsalt.lk/storage/coparate_plans_report_files/1728628686_ByQRe9ZxCN.pdf,
phone,pass,Published phone: 0000000794 ,https://nationalsalt.lk/storage/coparate_plans_report_files/1728628686_ByQRe9ZxCN.pdf,
phone,pass,Published phone: 0000002259 ,https://nationalsalt.lk/storage/coparate_plans_report_files/1728628686_ByQRe9ZxCN.pdf,
phone,pass,Published phone: 0000001324 ,https://nationalsalt.lk/storage/coparate_plans_report_files/1728628686_ByQRe9ZxCN.pdf,
phone,pass,Published phone: 0000000258 ,https://nationalsalt.lk/storage/coparate_plans_report_files/1728628686_ByQRe9ZxCN.pdf,
phone,pass,Published phone: 0000001160 ,https://nationalsalt.lk/storage/coparate_plans_report_files/1728628686_ByQRe9ZxCN.pdf,
phone,pass,Published phone: 0000001297 ,https://nationalsalt.lk/storage/coparate_plans_report_files/1728628686_ByQRe9ZxCN.pdf,
phone,pass,Published phone: 0000098572 ,https://nationalsalt.lk/storage/coparate_plans_report_files/1728628686_ByQRe9ZxCN.pdf,
phone,pass,Published phone: 0000000315 ,https://nationalsalt.lk/storage/coparate_plans_report_files/1728628686_ByQRe9ZxCN.pdf,
phone,pass,Published phone: 0000002172 ,https://nationalsalt.lk/storage/coparate_plans_report_files/1728628686_ByQRe9ZxCN.pdf,
phone,pass,Published phone: 0000088687 ,https://nationalsalt.lk/storage/coparate_plans_report_files/1728628686_ByQRe9ZxCN.pdf,
phone,pass,Published phone: 0000000556 ,https://nationalsalt.lk/storage/coparate_plans_report_files/1728628686_ByQRe9ZxCN.pdf,
phone,pass,Published phone: 0000001237 ,https://nationalsalt.lk/storage/coparate_plans_report_files/1728628686_ByQRe9ZxCN.pdf,
phone,pass,Published phone: 0000082491 ,https://nationalsalt.lk/storage/coparate_plans_report_files/1728628686_ByQRe9ZxCN.pdf,
phone,pass,Published phone: 00 556 0 444 3,https://nationalsalt.lk/storage/coparate_plans_report_files/1728628686_ByQRe9ZxCN.pdf,
phone,pass,Published phone: 0000000799 ,https://nationalsalt.lk/storage/coparate_plans_report_files/1728628686_ByQRe9ZxCN.pdf,
phone,pass,Published phone: 0000000877 ,https://nationalsalt.lk/storage/coparate_plans_report_files/1728628686_ByQRe9ZxCN.pdf,
phone,pass,Published phone: 0000001842 ,https://nationalsalt.lk/storage/coparate_plans_report_files/1728628686_ByQRe9ZxCN.pdf,
phone,pass,Published phone: 0000002139 ,https://nationalsalt.lk/storage/coparate_plans_report_files/1728628686_ByQRe9ZxCN.pdf,
phone,pass,Published phone: 0000170436 ,https://nationalsalt.lk/storage/coparate_plans_report_files/1728628686_ByQRe9ZxCN.pdf,
phone,pass,Published phone: 0000000718 ,https://nationalsalt.lk/storage/coparate_plans_report_files/1728628686_ByQRe9ZxCN.pdf,
phone,pass,Published phone: 0000001705 ,https://nationalsalt.lk/storage/coparate_plans_report_files/1728628686_ByQRe9ZxCN.pdf,
phone,pass,Published phone: 0000001289 ,https://nationalsalt.lk/storage/coparate_plans_report_files/1728628686_ByQRe9ZxCN.pdf,
phone,pass,Published phone: 0000000196 ,https://nationalsalt.lk/storage/coparate_plans_report_files/1728628686_ByQRe9ZxCN.pdf,
phone,pass,Published phone: 0000002051 ,https://nationalsalt.lk/storage/coparate_plans_report_files/1728628686_ByQRe9ZxCN.pdf,
phone,pass,Published phone: 0000002345 ,https://nationalsalt.lk/storage/coparate_plans_report_files/1728628686_ByQRe9ZxCN.pdf,
phone,pass,Published phone: 0000001702 ,https://nationalsalt.lk/storage/coparate_plans_report_files/1728628686_ByQRe9ZxCN.pdf,
phone,pass,Published phone: 0000001885 ,https://nationalsalt.lk/storage/coparate_plans_report_files/1728628686_ByQRe9ZxCN.pdf,
phone,pass,Published phone: 0000000992 ,https://nationalsalt.lk/storage/coparate_plans_report_files/1728628686_ByQRe9ZxCN.pdf,
phone,pass,Published phone: 0000002151 ,https://nationalsalt.lk/storage/coparate_plans_report_files/1728628686_ByQRe9ZxCN.pdf,
phone,pass,Published phone: 0000001214 ,https://nationalsalt.lk/storage/coparate_plans_report_files/1728628686_ByQRe9ZxCN.pdf,
phone,pass,Published phone: 0000001025 ,https://nationalsalt.lk/storage/coparate_plans_report_files/1728628686_ByQRe9ZxCN.pdf,
phone,pass,Published phone: 0000001175 ,https://nationalsalt.lk/storage/coparate_plans_report_files/1728628686_ByQRe9ZxCN.pdf,
phone,pass,Published phone: 0000001300 ,https://nationalsalt.lk/storage/coparate_plans_report_files/1728628686_ByQRe9ZxCN.pdf,
phone,pass,Published phone: 0000000246 ,https://nationalsalt.lk/storage/coparate_plans_report_files/1728628686_ByQRe9ZxCN.pdf,
phone,pass,Published phone: 0000001969 ,https://nationalsalt.lk/storage/coparate_plans_report_files/1728628686_ByQRe9ZxCN.pdf,
phone,pass,Published phone: 0000001024 ,https://nationalsalt.lk/storage/coparate_plans_report_files/1728628686_ByQRe9ZxCN.pdf,
phone,pass,Published phone: 0000001843 ,https://nationalsalt.lk/storage/coparate_plans_report_files/1728628686_ByQRe9ZxCN.pdf,
phone,pass,Published phone: 0000002231 ,https://nationalsalt.lk/storage/coparate_plans_report_files/1728628686_ByQRe9ZxCN.pdf,
phone,pass,Published phone: 0 618 593 613 ,https://nationalsalt.lk/storage/coparate_plans_report_files/1728628686_ByQRe9ZxCN.pdf,
phone,pass,Published phone: 0000000305 ,https://nationalsalt.lk/storage/coparate_plans_report_files/1728628686_ByQRe9ZxCN.pdf,
phone,pass,Published phone: 0000001333 ,https://nationalsalt.lk/storage/coparate_plans_report_files/1728628686_ByQRe9ZxCN.pdf,
phone,pass,Published phone: 0000000121 ,https://nationalsalt.lk/storage/coparate_plans_report_files/1728628686_ByQRe9ZxCN.pdf,
phone,pass,Published phone: 0000000331 ,https://nationalsalt.lk/storage/coparate_plans_report_files/1728628686_ByQRe9ZxCN.pdf,
phone,pass,Published phone: 0000000192 ,https://nationalsalt.lk/storage/coparate_plans_report_files/1728628686_ByQRe9ZxCN.pdf,
phone,pass,Published phone: 0000001899 ,https://nationalsalt.lk/storage/coparate_plans_report_files/1728628686_ByQRe9ZxCN.pdf,
phone,pass,Published phone: 0000002185 ,https://nationalsalt.lk/storage/coparate_plans_report_files/1728628686_ByQRe9ZxCN.pdf,
phone,pass,Published phone: 0000000148 ,https://nationalsalt.lk/storage/coparate_plans_report_files/1728628686_ByQRe9ZxCN.pdf,
phone,pass,Published phone: 0000139474 ,https://nationalsalt.lk/storage/coparate_plans_report_files/1728628686_ByQRe9ZxCN.pdf,
phone,pass,Published phone: 0000001415 ,https://nationalsalt.lk/storage/coparate_plans_report_files/1728628686_ByQRe9ZxCN.pdf,
phone,pass,Published phone: 0000002376 ,https://nationalsalt.lk/storage/coparate_plans_report_files/1728628686_ByQRe9ZxCN.pdf,
phone,pass,Published phone: 0000000424 ,https://nationalsalt.lk/storage/coparate_plans_report_files/1728628686_ByQRe9ZxCN.pdf,
phone,pass,Published phone: 0000000252 ,https://nationalsalt.lk/storage/coparate_plans_report_files/1728628686_ByQRe9ZxCN.pdf,
phone,pass,Published phone: 0000002030 ,https://nationalsalt.lk/storage/coparate_plans_report_files/1728628686_ByQRe9ZxCN.pdf,
phone,pass,Published phone: 00 500 500 27,https://nationalsalt.lk/storage/coparate_plans_report_files/1728628686_ByQRe9ZxCN.pdf,
phone,pass,Published phone: 0000000357 ,https://nationalsalt.lk/storage/coparate_plans_report_files/1728628686_ByQRe9ZxCN.pdf,
phone,pass,Published phone: 0000000362 ,https://nationalsalt.lk/storage/coparate_plans_report_files/1728628686_ByQRe9ZxCN.pdf,
phone,pass,Published phone: 0000001624 ,https://nationalsalt.lk/storage/coparate_plans_report_files/1728628686_ByQRe9ZxCN.pdf,
phone,pass,Published phone: 0000000923 ,https://nationalsalt.lk/storage/coparate_plans_report_files/1728628686_ByQRe9ZxCN.pdf,
phone,pass,Published phone: 0000001154 ,https://nationalsalt.lk/storage/coparate_plans_report_files/1728628686_ByQRe9ZxCN.pdf,
phone,pass,Published phone: 0000000519 ,https://nationalsalt.lk/storage/coparate_plans_report_files/1728628686_ByQRe9ZxCN.pdf,
phone,pass,Published phone: 0000001271 ,https://nationalsalt.lk/storage/coparate_plans_report_files/1728628686_ByQRe9ZxCN.pdf,
phone,pass,Published phone: 0000000411 ,https://nationalsalt.lk/storage/coparate_plans_report_files/1728628686_ByQRe9ZxCN.pdf,
phone,pass,Published phone: 0000000871 ,https://nationalsalt.lk/storage/coparate_plans_report_files/1728628686_ByQRe9ZxCN.pdf,
phone,pass,Published phone: 0000000488 ,https://nationalsalt.lk/storage/coparate_plans_report_files/1728628686_ByQRe9ZxCN.pdf,
phone,pass,Published phone: 0000123723 ,https://nationalsalt.lk/storage/coparate_plans_report_files/1728628686_ByQRe9ZxCN.pdf,
phone,pass,Published phone: 0000001054 ,https://nationalsalt.lk/storage/coparate_plans_report_files/1728628686_ByQRe9ZxCN.pdf,
phone,pass,Published phone: 0000001403 ,https://nationalsalt.lk/storage/coparate_plans_report_files/1728628686_ByQRe9ZxCN.pdf,
phone,pass,Published phone: 0000001233 ,https://nationalsalt.lk/storage/coparate_plans_report_files/1728628686_ByQRe9ZxCN.pdf,
phone,pass,Published phone: 0000001915 ,https://nationalsalt.lk/storage/coparate_plans_report_files/1728628686_ByQRe9ZxCN.pdf,
phone,pass,Published phone: 0000001729 ,https://nationalsalt.lk/storage/coparate_plans_report_files/1728628686_ByQRe9ZxCN.pdf,
phone,pass,Published phone: 0000000813 ,https://nationalsalt.lk/storage/coparate_plans_report_files/1728628686_ByQRe9ZxCN.pdf,
phone,pass,Published phone: 0000002128 ,https://nationalsalt.lk/storage/coparate_plans_report_files/1728628686_ByQRe9ZxCN.pdf,
phone,pass,Published phone: 0000000988 ,https://nationalsalt.lk/storage/coparate_plans_report_files/1728628686_ByQRe9ZxCN.pdf,
phone,pass,Published phone: 0000001301 ,https://nationalsalt.lk/storage/coparate_plans_report_files/1728628686_ByQRe9ZxCN.pdf,
phone,pass,Published phone: 0000002205 ,https://nationalsalt.lk/storage/coparate_plans_report_files/1728628686_ByQRe9ZxCN.pdf,
phone,pass,Published phone: 0000001475 ,https://nationalsalt.lk/storage/coparate_plans_report_files/1728628686_ByQRe9ZxCN.pdf,
phone,pass,Published phone: 0000002351 ,https://nationalsalt.lk/storage/coparate_plans_report_files/1728628686_ByQRe9ZxCN.pdf,
phone,pass,Published phone: 0000000248 ,https://nationalsalt.lk/storage/coparate_plans_report_files/1728628686_ByQRe9ZxCN.pdf,
phone,pass,Published phone: 0000001002 ,https://nationalsalt.lk/storage/coparate_plans_report_files/1728628686_ByQRe9ZxCN.pdf,
phone,pass,Published phone: 0 0 0 343 0 335,https://nationalsalt.lk/storage/coparate_plans_report_files/1728628686_ByQRe9ZxCN.pdf,
phone,pass,Published phone: 0000001933 ,https://nationalsalt.lk/storage/coparate_plans_report_files/1728628686_ByQRe9ZxCN.pdf,
phone,pass,Published phone: 0000001892 ,https://nationalsalt.lk/storage/coparate_plans_report_files/1728628686_ByQRe9ZxCN.pdf,
phone,pass,Published phone: 0000000363 ,https://nationalsalt.lk/storage/coparate_plans_report_files/1728628686_ByQRe9ZxCN.pdf,
phone,pass,Published phone: 0000001878 ,https://nationalsalt.lk/storage/coparate_plans_report_files/1728628686_ByQRe9ZxCN.pdf,
phone,pass,Published phone: 0000001782 ,https://nationalsalt.lk/storage/coparate_plans_report_files/1728628686_ByQRe9ZxCN.pdf,
phone,pass,Published phone: 0000000302 ,https://nationalsalt.lk/storage/coparate_plans_report_files/1728628686_ByQRe9ZxCN.pdf,
phone,pass,Published phone: 0000000299 ,https://nationalsalt.lk/storage/coparate_plans_report_files/1728628686_ByQRe9ZxCN.pdf,
phone,pass,Published phone: 0000000158 ,https://nationalsalt.lk/storage/coparate_plans_report_files/1728628686_ByQRe9ZxCN.pdf,
phone,pass,Published phone: 0000001873 ,https://nationalsalt.lk/storage/coparate_plans_report_files/1728628686_ByQRe9ZxCN.pdf,
phone,pass,Published phone: 0000000185 ,https://nationalsalt.lk/storage/coparate_plans_report_files/1728628686_ByQRe9ZxCN.pdf,
phone,pass,Published phone: 0000000324 ,https://nationalsalt.lk/storage/coparate_plans_report_files/1728628686_ByQRe9ZxCN.pdf,
phone,pass,Published phone: 0000000803 ,https://nationalsalt.lk/storage/coparate_plans_report_files/1728628686_ByQRe9ZxCN.pdf,
phone,pass,Published phone: 0000001239 ,https://nationalsalt.lk/storage/coparate_plans_report_files/1728628686_ByQRe9ZxCN.pdf,
page_text,pass,Substantive page content: 465618 visible characters across 14 pages,https://nationalsalt.lk/,
