check,status,detail,source,observed_at
dns,pass,Public DNS resolved,,2026-09-08T23:55:11.097677+05:30
domain_registration,error,Domain is absent from RDAP,,2026-09-08T23:55:11.097697+05:30
tls,pass,TLS certificate valid,,2026-09-08T23:55:11.919296+05:30
http,pass,Probe 1: HTTP 200 at https://mediation.gov.lk/en/,https://mediation.gov.lk/,2026-09-08T23:55:35.121397+05:30
http,pass,Probe 2: HTTP 200 at http://mediation.gov.lk/en/,http://mediation.gov.lk/,2026-09-08T23:55:35.121420+05:30
http,pass,Probe 3: HTTP 200 at https://mediation.gov.lk/en/,https://mediation.gov.lk/,2026-09-08T23:55:35.121423+05:30
http,pass,Probe 4: HTTP 200 at http://mediation.gov.lk/en/,http://mediation.gov.lk/,2026-09-08T23:55:35.121426+05:30
http,pass,Probe 5: HTTP 200 at https://mediation.gov.lk/en/contact-us-rti/contact-us/,https://mediation.gov.lk/en/contact-us-rti/contact-us/,2026-09-08T23:55:35.121429+05:30
http,pass,Probe 6: HTTP 200 at https://mediation.gov.lk/en/contact-us-rti/right-to-information/,https://mediation.gov.lk/en/contact-us-rti/right-to-information/,2026-09-08T23:55:35.121431+05:30
http,pass,Probe 7: HTTP 200 at https://mediation.gov.lk/si/,https://mediation.gov.lk/si/,2026-09-08T23:55:35.121434+05:30
http,pass,Probe 8: HTTP 200 at https://mediation.gov.lk/ta/,https://mediation.gov.lk/ta/,2026-09-08T23:55:35.121436+05:30
http,pass,Probe 9: HTTP 200 at https://mediation.gov.lk/en/about-us/who-are-we/,https://mediation.gov.lk/en/about-us/who-are-we/,2026-09-08T23:55:35.121439+05:30
http,pass,Probe 10: HTTP 200 at https://mediation.gov.lk/en/about-us/history/,https://mediation.gov.lk/en/about-us/history/,2026-09-08T23:55:35.121441+05:30
http,pass,Probe 11: HTTP 200 at https://mediation.gov.lk/en/about-us/faq/,https://mediation.gov.lk/en/about-us/faq/,2026-09-08T23:55:35.121444+05:30
http,pass,Probe 12: HTTP 200 at https://mediation.gov.lk/en/mediation-programme/overview/,https://mediation.gov.lk/en/mediation-programme/overview/,2026-09-08T23:55:35.121446+05:30
http,pass,Probe 13: HTTP 200 at https://mediation.gov.lk/en/mediation-programme/overview/mediation-process/,https://mediation.gov.lk/en/mediation-programme/overview/mediation-process/,2026-09-08T23:55:35.121449+05:30
http,pass,Probe 14: HTTP 200 at https://mediation.gov.lk/en/mediation-programme/overview/mediation-boards-establishment-composition/,https://mediation.gov.lk/en/mediation-programme/overview/mediation-boards-establishment-composition/,2026-09-08T23:55:35.121451+05:30
phone,pass,Published phone: 077-3984594 ,https://mediation.gov.lk/en/,
phone,pass,Published phone: 0782053799 ,https://mediation.gov.lk/en/,
phone,pass,Published phone: 0701562476 ,https://mediation.gov.lk/en/,
phone,pass,Published phone: 0717852976 ,https://mediation.gov.lk/en/,
phone,pass,Published phone: 0252222099,https://mediation.gov.lk/en/,
phone,pass,Published phone: 0714414890 ,https://mediation.gov.lk/en/,
phone,pass,Published phone: 077-4793517 ,https://mediation.gov.lk/en/,
phone,pass,Published phone: 066- 2224460 ,https://mediation.gov.lk/en/,
phone,pass,Published phone: 0382244124 ,https://mediation.gov.lk/en/,
phone,pass,Published phone: 0552250411 ,https://mediation.gov.lk/en/,
phone,pass,Published phone: 0715380034 ,https://mediation.gov.lk/en/,
phone,pass,Published phone: 0779790106 ,https://mediation.gov.lk/en/,
phone,pass,Published phone: 0711850296 ,https://mediation.gov.lk/en/,
phone,pass,Published phone: 0253257682 ,https://mediation.gov.lk/en/,
phone,pass,Published phone: 0778461450 ,https://mediation.gov.lk/en/,
phone,pass,Published phone: 0714500362 ,https://mediation.gov.lk/en/,
phone,pass,Published phone: 0472225485 ,https://mediation.gov.lk/en/,
phone,pass,Published phone: 0473485592 ,https://mediation.gov.lk/en/,
phone,pass,Published phone: 077-0666948 ,https://mediation.gov.lk/en/,
phone,pass,Published phone: 0718426733 ,https://mediation.gov.lk/en/,
phone,pass,Published phone: 0253257552,https://mediation.gov.lk/en/,
phone,pass,Published phone: 0472280068 ,https://mediation.gov.lk/en/,
phone,pass,Published phone: 0715564503 ,https://mediation.gov.lk/en/,
phone,pass,Published phone: 0273274612 ,https://mediation.gov.lk/en/,
phone,pass,Published phone: 0776160104 ,https://mediation.gov.lk/en/,
phone,pass,Published phone: +94 112 334 323,https://mediation.gov.lk/en/,
phone,pass,Published phone: 0776130543 ,https://mediation.gov.lk/en/,
phone,pass,Published phone: 0332262401 ,https://mediation.gov.lk/en/,
phone,pass,Published phone: 03. 077-62194,https://mediation.gov.lk/en/,
phone,pass,Published phone: 0252050547,https://mediation.gov.lk/en/,
phone,pass,Published phone: 0718390995 ,https://mediation.gov.lk/en/,
phone,pass,Published phone: 0112 334 323 ,https://mediation.gov.lk/en/,
phone,pass,Published phone: 0712042715 ,https://mediation.gov.lk/en/,
phone,pass,Published phone: 0711602634 ,https://mediation.gov.lk/en/,
phone,pass,Published phone: 0713350755 ,https://mediation.gov.lk/en/,
phone,pass,Published phone: 081 241 5519 ,https://mediation.gov.lk/en/,
phone,pass,Published phone: 0332292253 ,https://mediation.gov.lk/en/,
phone,pass,Published phone: 077 - 9347111 ,https://mediation.gov.lk/en/,
phone,pass,Published phone: 0715759355 ,https://mediation.gov.lk/en/,
phone,pass,Published phone: 0375687186 ,https://mediation.gov.lk/en/,
phone,pass,Published phone: 0372275797 ,https://mediation.gov.lk/en/,
phone,pass,Published phone: 0716898761 ,https://mediation.gov.lk/en/,
phone,pass,Published phone: 077-4257471 ,https://mediation.gov.lk/en/,
phone,pass,Published phone: 071 529 8224 ,https://mediation.gov.lk/en/,
phone,pass,Published phone: 063- 2248118 ,https://mediation.gov.lk/en/,
phone,pass,Published phone: 0717852830 ,https://mediation.gov.lk/en/,
phone,pass,Published phone: 0714255008 ,https://mediation.gov.lk/en/,
phone,pass,Published phone: 0766050233 ,https://mediation.gov.lk/en/,
phone,pass,Published phone: 0713267586,https://mediation.gov.lk/en/,
phone,pass,Published phone: 0774400852 ,https://mediation.gov.lk/en/,
phone,pass,Published phone: 077-1999354 ,https://mediation.gov.lk/en/,
phone,pass,Published phone: 0716733864 ,https://mediation.gov.lk/en/,
phone,pass,Published phone: 0312258267 ,https://mediation.gov.lk/en/,
phone,pass,Published phone: 05 077 - 23042,https://mediation.gov.lk/en/,
phone,pass,Published phone: +94 112 334 258 ,https://mediation.gov.lk/en/,
phone,pass,Published phone: 077-9968516 ,https://mediation.gov.lk/en/,
phone,pass,Published phone: 077-9421331 ,https://mediation.gov.lk/en/,
phone,pass,Published phone: 0718654012 ,https://mediation.gov.lk/en/,
phone,pass,Published phone: 0714967854 ,https://mediation.gov.lk/en/,
phone,pass,Published phone: 0789881692 ,https://mediation.gov.lk/en/,
phone,pass,Published phone: 077-3934165 ,https://mediation.gov.lk/en/,
phone,pass,Published phone: 0112675522 ,https://mediation.gov.lk/en/,
phone,pass,Published phone: 0352258566 ,https://mediation.gov.lk/en/,
phone,pass,Published phone: 0767557102 ,https://mediation.gov.lk/en/,
phone,pass,Published phone: 077-6699030 ,https://mediation.gov.lk/en/,
phone,pass,Published phone: 0342247058 ,https://mediation.gov.lk/en/,
phone,pass,Published phone: 0774228880 ,https://mediation.gov.lk/en/,
phone,pass,Published phone: 0352246201 ,https://mediation.gov.lk/en/,
phone,pass,Published phone: 0726080728 ,https://mediation.gov.lk/en/,
phone,pass,Published phone: 077- 9042390 ,https://mediation.gov.lk/en/,
phone,pass,Published phone: 0718355125 ,https://mediation.gov.lk/en/,
phone,pass,Published phone: 0662283654 ,https://mediation.gov.lk/en/,
phone,pass,Published phone: 047 225 6040 ,https://mediation.gov.lk/en/,
phone,pass,Published phone: 0714493383 ,https://mediation.gov.lk/en/,
phone,pass,Published phone: 0555788499 ,https://mediation.gov.lk/en/,
phone,pass,Published phone: 0412268236 ,https://mediation.gov.lk/en/,
phone,pass,Published phone: 0777-070117 ,https://mediation.gov.lk/en/,
phone,pass,Published phone: 0718273046 ,https://mediation.gov.lk/en/,
phone,pass,Published phone: 0713435169 ,https://mediation.gov.lk/en/,
phone,pass,Published phone: 077-6007451 ,https://mediation.gov.lk/en/,
phone,pass,Published phone: 0713495373 ,https://mediation.gov.lk/en/,
phone,pass,Published phone: 0718663816 ,https://mediation.gov.lk/en/,
phone,pass,Published phone: 077-8543651 ,https://mediation.gov.lk/en/,
phone,pass,Published phone: 0362258335 ,https://mediation.gov.lk/en/,
phone,pass,Published phone: 021-3218314 ,https://mediation.gov.lk/en/,
phone,pass,Published phone: 0472245232 ,https://mediation.gov.lk/en/,
phone,pass,Published phone: 0543540137 ,https://mediation.gov.lk/en/,
phone,pass,Published phone: 0262054510 ,https://mediation.gov.lk/en/,
phone,pass,Published phone: 0472254861 ,https://mediation.gov.lk/en/,
phone,pass,Published phone: 0774476887 ,https://mediation.gov.lk/en/,
phone,pass,Published phone: 077 - 9515490 ,https://mediation.gov.lk/en/,
phone,pass,Published phone: 0713852944 ,https://mediation.gov.lk/en/,
phone,pass,Published phone: 0253251507,https://mediation.gov.lk/en/,
phone,pass,Published phone: 0711144850 ,https://mediation.gov.lk/en/,
phone,pass,Published phone: 0254924475 ,https://mediation.gov.lk/en/,
phone,pass,Published phone: 0779790009 ,https://mediation.gov.lk/en/,
phone,pass,Published phone: 077-8399465 ,https://mediation.gov.lk/en/,
phone,pass,Published phone: 0765719191 ,https://mediation.gov.lk/en/,
phone,pass,Published phone: 081 231 1130,https://mediation.gov.lk/en/,
phone,pass,Published phone: 0417910035 ,https://mediation.gov.lk/en/,
phone,pass,Published phone: 0773166091 ,https://mediation.gov.lk/en/,
phone,pass,Published phone: 0761800047 ,https://mediation.gov.lk/en/,
phone,pass,Published phone: 0342257057 ,https://mediation.gov.lk/en/,
phone,pass,Published phone: 0778924833 ,https://mediation.gov.lk/en/,
phone,pass,Published phone: 0372285869 ,https://mediation.gov.lk/en/,
phone,pass,Published phone: 0812365705 ,https://mediation.gov.lk/en/,
phone,pass,Published phone: 0362255257 ,https://mediation.gov.lk/en/,
phone,pass,Published phone: 0453453851 ,https://mediation.gov.lk/en/,
phone,pass,Published phone: 02 077-36209,https://mediation.gov.lk/en/,
phone,pass,Published phone: 0912241335 ,https://mediation.gov.lk/en/,
phone,pass,Published phone: 0372244778 ,https://mediation.gov.lk/en/,
phone,pass,Published phone: 0253057887 ,https://mediation.gov.lk/en/,
phone,pass,Published phone: 0773209467 ,https://mediation.gov.lk/en/,
phone,pass,Published phone: 0725577128 ,https://mediation.gov.lk/en/,
phone,pass,Published phone: 0701311969 ,https://mediation.gov.lk/en/,
phone,pass,Published phone: 0711477159 ,https://mediation.gov.lk/en/,
phone,pass,Published phone: 065- 3641121 ,https://mediation.gov.lk/en/,
phone,pass,Published phone: 0779831726 ,https://mediation.gov.lk/en/,
phone,pass,Published phone: 0784525966 ,https://mediation.gov.lk/en/,
phone,pass,Published phone: 0812493517 ,https://mediation.gov.lk/en/,
phone,pass,Published phone: 065 -4910167 ,https://mediation.gov.lk/en/,
phone,pass,Published phone: 0252266713 ,https://mediation.gov.lk/en/,
phone,pass,Published phone: 0332275413 ,https://mediation.gov.lk/en/,
phone,pass,Published phone: 0714498368 ,https://mediation.gov.lk/en/,
phone,pass,Published phone: 0745820161,https://mediation.gov.lk/en/,
phone,pass,Published phone: 0253893991 ,https://mediation.gov.lk/en/,
phone,pass,Published phone: 0352265259 ,https://mediation.gov.lk/en/,
phone,pass,Published phone: 0552273938 ,https://mediation.gov.lk/en/,
phone,pass,Published phone: 0812352074 ,https://mediation.gov.lk/en/,
phone,pass,Published phone: 0764440357 ,https://mediation.gov.lk/en/,
phone,pass,Published phone: 0718363553 ,https://mediation.gov.lk/en/,
phone,pass,Published phone: 0372233165 ,https://mediation.gov.lk/en/,
phone,pass,Published phone: 0375747170 ,https://mediation.gov.lk/en/,
phone,pass,Published phone: 0773616433 ,https://mediation.gov.lk/en/,
phone,pass,Published phone: 0662057899 ,https://mediation.gov.lk/en/,
phone,pass,Published phone: 037 229 5416 ,https://mediation.gov.lk/en/,
phone,pass,Published phone: 0718077592 ,https://mediation.gov.lk/en/,
phone,pass,Published phone: 067 - 2265099 ,https://mediation.gov.lk/en/,
phone,pass,Published phone: 077- 8014722 ,https://mediation.gov.lk/en/,
phone,pass,Published phone: 0777111881 ,https://mediation.gov.lk/en/,
phone,pass,Published phone: 0714808157 ,https://mediation.gov.lk/en/,
phone,pass,Published phone: 0712535956 ,https://mediation.gov.lk/en/,
phone,pass,Published phone: 0706655708 ,https://mediation.gov.lk/en/,
phone,pass,Published phone: 0715852901 ,https://mediation.gov.lk/en/,
phone,pass,Published phone: 0714473018 ,https://mediation.gov.lk/en/,
phone,pass,Published phone: 0452273338 ,https://mediation.gov.lk/en/,
phone,pass,Published phone: 0342222428 ,https://mediation.gov.lk/en/,
phone,pass,Published phone: 065-5681303 ,https://mediation.gov.lk/en/,
phone,pass,Published phone: 0632244027,https://mediation.gov.lk/en/,
phone,pass,Published phone: 077-9237757 ,https://mediation.gov.lk/en/,
phone,pass,Published phone: 0252276335 ,https://mediation.gov.lk/en/,
phone,pass,Published phone: 0713958724 ,https://mediation.gov.lk/en/,
phone,pass,Published phone: 0773555647 ,https://mediation.gov.lk/en/,
phone,pass,Published phone: 0718269549 ,https://mediation.gov.lk/en/,
phone,pass,Published phone: 0771528581 ,https://mediation.gov.lk/en/,
phone,pass,Published phone: 0714476248 ,https://mediation.gov.lk/en/,
phone,pass,Published phone: 0312223972 ,https://mediation.gov.lk/en/,
phone,pass,Published phone: 0716340210 ,https://mediation.gov.lk/en/,
phone,pass,Published phone: 077-4676556 ,https://mediation.gov.lk/en/,
phone,pass,Published phone: 0776407404 ,https://mediation.gov.lk/en/,
phone,pass,Published phone: 0412220547 ,https://mediation.gov.lk/en/,
phone,pass,Published phone: 0112823844 ,https://mediation.gov.lk/en/,
phone,pass,Published phone: 0112532897 ,https://mediation.gov.lk/en/,
phone,pass,Published phone: 0913935191 ,https://mediation.gov.lk/en/,
phone,pass,Published phone: 0714901813 ,https://mediation.gov.lk/en/,
phone,pass,Published phone: 0365719040 ,https://mediation.gov.lk/en/,
phone,pass,Published phone: 0773431612 ,https://mediation.gov.lk/en/,
phone,pass,Published phone: 0710641369 ,https://mediation.gov.lk/en/,
phone,pass,Published phone: 0777267293 ,https://mediation.gov.lk/en/,
phone,pass,Published phone: 0262248175 ,https://mediation.gov.lk/en/,
phone,pass,Published phone: 067-2260892 ,https://mediation.gov.lk/en/,
phone,pass,Published phone: 0712207782 ,https://mediation.gov.lk/en/,
phone,pass,Published phone: 0913914909 ,https://mediation.gov.lk/en/,
phone,pass,Published phone: 0372267159 ,https://mediation.gov.lk/en/,
phone,pass,Published phone: 0713528793 ,https://mediation.gov.lk/en/,
phone,pass,Published phone: 05. 077 - 42846,https://mediation.gov.lk/en/,
phone,pass,Published phone: 0112974542 ,https://mediation.gov.lk/en/,
phone,pass,Published phone: 0912211536 ,https://mediation.gov.lk/en/,
phone,pass,Published phone: 0767680228 ,https://mediation.gov.lk/en/,
phone,pass,Published phone: 0375778026 ,https://mediation.gov.lk/en/,
phone,pass,Published phone: 0552276090 ,https://mediation.gov.lk/en/,
phone,pass,Published phone: 0275716721 ,https://mediation.gov.lk/en/,
phone,pass,Published phone: 0278369630 ,https://mediation.gov.lk/en/,
phone,pass,Published phone: 077-1962122 ,https://mediation.gov.lk/en/,
phone,pass,Published phone: 02. 071 - 11118,https://mediation.gov.lk/en/,
phone,pass,Published phone: 0812461793 ,https://mediation.gov.lk/en/,
phone,pass,Published phone: 0778260850 ,https://mediation.gov.lk/en/,
phone,pass,Published phone: 0552276234 ,https://mediation.gov.lk/en/,
phone,pass,Published phone: 0714447940 ,https://mediation.gov.lk/en/,
phone,pass,Published phone: 0773501603 ,https://mediation.gov.lk/en/,
phone,pass,Published phone: 0372231028 ,https://mediation.gov.lk/en/,
phone,pass,Published phone: 0715550248 ,https://mediation.gov.lk/en/,
phone,pass,Published phone: 0575685668 ,https://mediation.gov.lk/en/,
phone,pass,Published phone: 0375643660,https://mediation.gov.lk/en/,
phone,pass,Published phone: 0325684794 ,https://mediation.gov.lk/en/,
phone,pass,Published phone: 0413400366,https://mediation.gov.lk/en/,
phone,pass,Published phone: 077 - 9377481 ,https://mediation.gov.lk/en/,
phone,pass,Published phone: 0812491956 ,https://mediation.gov.lk/en/,
phone,pass,Published phone: 0342223749 ,https://mediation.gov.lk/en/,
phone,pass,Published phone: 0718082839 ,https://mediation.gov.lk/en/,
phone,pass,Published phone: 0452255257 ,https://mediation.gov.lk/en/,
phone,pass,Published phone: 0912283747 ,https://mediation.gov.lk/en/,
phone,pass,Published phone: 04 077 -22843,https://mediation.gov.lk/en/,
phone,pass,Published phone: 0718359867 ,https://mediation.gov.lk/en/,
phone,pass,Published phone: 0718811794 ,https://mediation.gov.lk/en/,
phone,pass,Published phone: 0662244563 ,https://mediation.gov.lk/en/,
phone,pass,Published phone: 077- 6681798 ,https://mediation.gov.lk/en/,
phone,pass,Published phone: 077-4739889 ,https://mediation.gov.lk/en/,
phone,pass,Published phone: 0342278249 ,https://mediation.gov.lk/en/,
phone,pass,Published phone: 0253250903 ,https://mediation.gov.lk/en/,
phone,pass,Published phone: 0714405973 ,https://mediation.gov.lk/en/,
phone,pass,Published phone: 077- 3611108 ,https://mediation.gov.lk/en/,
phone,pass,Published phone: 0773647172 ,https://mediation.gov.lk/en/,
phone,pass,Published phone: 0454900898 ,https://mediation.gov.lk/en/,
phone,pass,Published phone: 0522229781 ,https://mediation.gov.lk/en/,
phone,pass,Published phone: 0773785285 ,https://mediation.gov.lk/en/,
phone,pass,Published phone: 077-3090911 ,https://mediation.gov.lk/en/,
phone,pass,Published phone: 0718671463 ,https://mediation.gov.lk/en/,
phone,pass,Published phone: 0343304335 ,https://mediation.gov.lk/en/,
phone,pass,Published phone: 0553559925 ,https://mediation.gov.lk/en/,
phone,pass,Published phone: 0813999492 ,https://mediation.gov.lk/en/,
phone,pass,Published phone: 027 205 2260,https://mediation.gov.lk/en/,
phone,pass,Published phone: 0714395322 ,https://mediation.gov.lk/en/,
phone,pass,Published phone: 0719172972 ,https://mediation.gov.lk/en/,
phone,pass,Published phone: 0776308671 ,https://mediation.gov.lk/en/,
phone,pass,Published phone: 0912291869 ,https://mediation.gov.lk/en/,
phone,pass,Published phone: 0702930297 ,https://mediation.gov.lk/en/,
phone,pass,Published phone: 0712911641 ,https://mediation.gov.lk/en/,
phone,pass,Published phone: 0112715523 ,https://mediation.gov.lk/en/,
phone,pass,Published phone: 0714468521 ,https://mediation.gov.lk/en/,
phone,pass,Published phone: 0345617458 ,https://mediation.gov.lk/en/,
phone,pass,Published phone: 0718120384 ,https://mediation.gov.lk/en/,
phone,pass,Published phone: 0914944849 ,https://mediation.gov.lk/en/,
phone,pass,Published phone: 0342222221 ,https://mediation.gov.lk/en/,
phone,pass,Published phone: 0714494698 ,https://mediation.gov.lk/en/,
phone,pass,Published phone: 0775558164 ,https://mediation.gov.lk/en/,
phone,pass,Published phone: 0717021001 ,https://mediation.gov.lk/en/,
phone,pass,Published phone: 0332223305 ,https://mediation.gov.lk/en/,
phone,pass,Published phone: 0770764794 ,https://mediation.gov.lk/en/,
phone,pass,Published phone: 0714490734 ,https://mediation.gov.lk/en/,
phone,pass,Published phone: 0453453326 ,https://mediation.gov.lk/en/,
phone,pass,Published phone: 0372282215 ,https://mediation.gov.lk/en/,
phone,pass,Published phone: 0312269488 ,https://mediation.gov.lk/en/,
phone,pass,Published phone: 0724172617 ,https://mediation.gov.lk/en/,
phone,pass,Published phone: 0714415625 ,https://mediation.gov.lk/en/,
phone,pass,Published phone: 0778900110 ,https://mediation.gov.lk/en/,
phone,pass,Published phone: 065-2225966 ,https://mediation.gov.lk/en/,
phone,pass,Published phone: 0718299359 ,https://mediation.gov.lk/en/,
phone,pass,Published phone: 0776266877 ,https://mediation.gov.lk/en/,
phone,pass,Published phone: 0552257086 ,https://mediation.gov.lk/en/,
phone,pass,Published phone: 0763891558 ,https://mediation.gov.lk/en/,
phone,pass,Published phone: 0713915657 ,https://mediation.gov.lk/en/,
phone,pass,Published phone: 077-5046243 ,https://mediation.gov.lk/en/,
phone,pass,Published phone: 0779546171 ,https://mediation.gov.lk/en/,
phone,pass,Published phone: 0633632231 ,https://mediation.gov.lk/en/,
phone,pass,Published phone: 0776118238 ,https://mediation.gov.lk/en/,
phone,pass,Published phone: 0718289601 ,https://mediation.gov.lk/en/,
phone,pass,Published phone: 077 226 6235 ,https://mediation.gov.lk/en/,
phone,pass,Published phone: 0714150593 ,https://mediation.gov.lk/en/,
phone,pass,Published phone: 077 - 6234560 ,https://mediation.gov.lk/en/,
phone,pass,Published phone: 0272246889,https://mediation.gov.lk/en/,
phone,pass,Published phone: 0553551177 ,https://mediation.gov.lk/en/,
phone,pass,Published phone: 0774378371 ,https://mediation.gov.lk/en/,
phone,pass,Published phone: 0776474750 ,https://mediation.gov.lk/en/,
phone,pass,Published phone: 065 - 3064424 ,https://mediation.gov.lk/en/,
phone,pass,Published phone: 0724489951 ,https://mediation.gov.lk/en/,
phone,pass,Published phone: 0662222051 ,https://mediation.gov.lk/en/,
phone,pass,Published phone: 0769905100 ,https://mediation.gov.lk/en/,
phone,pass,Published phone: 0718303552 ,https://mediation.gov.lk/en/,
phone,pass,Published phone: 0718012524 ,https://mediation.gov.lk/en/,
phone,pass,Published phone: 0252255158 ,https://mediation.gov.lk/en/,
phone,pass,Published phone: 0812052470,https://mediation.gov.lk/en/,
phone,pass,Published phone: 0373373779 ,https://mediation.gov.lk/en/,
phone,pass,Published phone: 0770395252 ,https://mediation.gov.lk/en/,
phone,pass,Published phone: 03. 026-32005,https://mediation.gov.lk/en/,
phone,pass,Published phone: 077 - 9001352 ,https://mediation.gov.lk/en/,
phone,pass,Published phone: 0714400066 ,https://mediation.gov.lk/en/,
phone,pass,Published phone: 0777968732 ,https://mediation.gov.lk/en/,
phone,pass,Published phone: 0714824501 ,https://mediation.gov.lk/en/,
phone,pass,Published phone: 0812461889 ,https://mediation.gov.lk/en/,
phone,pass,Published phone: 071 591 6499 ,https://mediation.gov.lk/en/,
phone,pass,Published phone: 0632222824 ,https://mediation.gov.lk/en/,
phone,pass,Published phone: 0812050397 ,https://mediation.gov.lk/en/,
phone,pass,Published phone: 0724609938 ,https://mediation.gov.lk/en/,
phone,pass,Published phone: 0812236990 ,https://mediation.gov.lk/en/,
phone,pass,Published phone: 0375681946 ,https://mediation.gov.lk/en/,
phone,pass,Published phone: 0718376407 ,https://mediation.gov.lk/en/,
phone,pass,Published phone: 0718308581 ,https://mediation.gov.lk/en/,
phone,pass,Published phone: 0812467402 ,https://mediation.gov.lk/en/,
phone,pass,Published phone: 0555753207,https://mediation.gov.lk/en/,
phone,pass,Published phone: 0718214005 ,https://mediation.gov.lk/en/,
phone,pass,Published phone: 0770229653 ,https://mediation.gov.lk/en/,
phone,pass,Published phone: 0768612398 ,https://mediation.gov.lk/en/,
phone,pass,Published phone: 0472220880 ,https://mediation.gov.lk/en/,
phone,pass,Published phone: 077 -7061745 ,https://mediation.gov.lk/en/,
phone,pass,Published phone: 0716012874 ,https://mediation.gov.lk/en/,
phone,pass,Published phone: 0718127358 ,https://mediation.gov.lk/en/,
phone,pass,Published phone: 0272242176 ,https://mediation.gov.lk/en/,
phone,pass,Published phone: 077-4147994 ,https://mediation.gov.lk/en/,
phone,pass,Published phone: 0272050183 ,https://mediation.gov.lk/en/,
phone,pass,Published phone: 0718210021 ,https://mediation.gov.lk/en/,
phone,pass,Published phone: 0452279219 ,https://mediation.gov.lk/en/,
phone,pass,Published phone: 077 - 9695391 ,https://mediation.gov.lk/en/,
phone,pass,Published phone: 0710911333 ,https://mediation.gov.lk/en/,
phone,pass,Published phone: 0473488391 ,https://mediation.gov.lk/en/,
phone,pass,Published phone: 077 - 7890730 ,https://mediation.gov.lk/en/,
phone,pass,Published phone: 0724731516 ,https://mediation.gov.lk/en/,
phone,pass,Published phone: 0712338853 ,https://mediation.gov.lk/en/,
phone,pass,Published phone: 0766923692 ,https://mediation.gov.lk/en/,
phone,pass,Published phone: 077-0345141 ,https://mediation.gov.lk/en/,
phone,pass,Published phone: 0714459827 ,https://mediation.gov.lk/en/,
phone,pass,Published phone: 0362247275 ,https://mediation.gov.lk/en/,
phone,pass,Published phone: 0771424536 ,https://mediation.gov.lk/en/,
phone,pass,Published phone: 0572050023 ,https://mediation.gov.lk/en/,
phone,pass,Published phone: 08 065-36448,https://mediation.gov.lk/en/,
phone,pass,Published phone: 0719032560 ,https://mediation.gov.lk/en/,
phone,pass,Published phone: 0112704117 ,https://mediation.gov.lk/en/,
phone,pass,Published phone: 077-3586958 ,https://mediation.gov.lk/en/,
phone,pass,Published phone: 0342284688 ,https://mediation.gov.lk/en/,
phone,pass,Published phone: 0729359136 ,https://mediation.gov.lk/en/,
phone,pass,Published phone: 067 -2277696 ,https://mediation.gov.lk/en/,
phone,pass,Published phone: 0779341788 ,https://mediation.gov.lk/en/,
phone,pass,Published phone: 0112963499 ,https://mediation.gov.lk/en/,
phone,pass,Published phone: 0322251447 ,https://mediation.gov.lk/en/,
phone,pass,Published phone: 077-0465352 ,https://mediation.gov.lk/en/,
phone,pass,Published phone: 0412259371,https://mediation.gov.lk/en/,
phone,pass,Published phone: 0814956959 ,https://mediation.gov.lk/en/,
phone,pass,Published phone: 0775922303 ,https://mediation.gov.lk/en/,
phone,pass,Published phone: 0714413423 ,https://mediation.gov.lk/en/,
phone,pass,Published phone: 0382284419,https://mediation.gov.lk/en/,
phone,pass,Published phone: 0252056560 ,https://mediation.gov.lk/en/,
phone,pass,Published phone: 0273275778 ,https://mediation.gov.lk/en/,
phone,pass,Published phone: 0452286880 ,https://mediation.gov.lk/en/,
phone,pass,Published phone: 0112933232 ,https://mediation.gov.lk/en/,
phone,pass,Published phone: 0712573732 ,https://mediation.gov.lk/en/,
phone,pass,Published phone: 0716789056 ,https://mediation.gov.lk/en/,
phone,pass,Published phone: 0775491052 ,https://mediation.gov.lk/en/,
phone,pass,Published phone: 0777870373 ,https://mediation.gov.lk/en/,
phone,pass,Published phone: 0252222735 ,https://mediation.gov.lk/en/,
phone,pass,Published phone: 0710666548 ,https://mediation.gov.lk/en/,
phone,pass,Published phone: 0775075617 ,https://mediation.gov.lk/en/,
phone,pass,Published phone: 0776054806 ,https://mediation.gov.lk/en/,
phone,pass,Published phone: 0711735601 ,https://mediation.gov.lk/en/,
phone,pass,Published phone: 0776255372 ,https://mediation.gov.lk/en/,
phone,pass,Published phone: 0719648977 ,https://mediation.gov.lk/en/,
phone,pass,Published phone: 0662244193 ,https://mediation.gov.lk/en/,
phone,pass,Published phone: 0312252937 ,https://mediation.gov.lk/en/,
phone,pass,Published phone: 0342270260 ,https://mediation.gov.lk/en/,
phone,pass,Published phone: 077-7740443 ,https://mediation.gov.lk/en/,
phone,pass,Published phone: 077 595 8113 ,https://mediation.gov.lk/en/,
phone,pass,Published phone: 0711569994 ,https://mediation.gov.lk/en/,
phone,pass,Published phone: 0715772265 ,https://mediation.gov.lk/en/,
phone,pass,Published phone: 0762030382 ,https://mediation.gov.lk/en/,
phone,pass,Published phone: 0715866232 ,https://mediation.gov.lk/en/,
phone,pass,Published phone: 0777945364 ,https://mediation.gov.lk/en/,
phone,pass,Published phone: 0776225513 ,https://mediation.gov.lk/en/,
phone,pass,Published phone: 0719252720 ,https://mediation.gov.lk/en/,
phone,pass,Published phone: 0712958395 ,https://mediation.gov.lk/en/,
phone,pass,Published phone: 0714545306 ,https://mediation.gov.lk/en/,
phone,pass,Published phone: 0779952937 ,https://mediation.gov.lk/en/,
phone,pass,Published phone: 0712025937 ,https://mediation.gov.lk/en/,
phone,pass,Published phone: 0718159152 ,https://mediation.gov.lk/en/,
phone,pass,Published phone: 0553554660 ,https://mediation.gov.lk/en/,
phone,pass,Published phone: 0718055014 ,https://mediation.gov.lk/en/,
phone,pass,Published phone: 0726112095 ,https://mediation.gov.lk/en/,
phone,pass,Published phone: 0776530994 ,https://mediation.gov.lk/en/,
phone,pass,Published phone: 0112977072 ,https://mediation.gov.lk/en/,
phone,pass,Published phone: 0322255467 ,https://mediation.gov.lk/en/,
phone,pass,Published phone: 0712262891 ,https://mediation.gov.lk/en/,
phone,pass,Published phone: 0662220760 ,https://mediation.gov.lk/en/,
phone,pass,Published phone: 0774088217,https://mediation.gov.lk/en/,
phone,pass,Published phone: 0779088545 ,https://mediation.gov.lk/en/,
phone,pass,Published phone: 027 222 2233 ,https://mediation.gov.lk/en/,
phone,pass,Published phone: 0775488929 ,https://mediation.gov.lk/en/,
phone,pass,Published phone: 0775757102 ,https://mediation.gov.lk/en/,
phone,pass,Published phone: 02. 077 - 28583,https://mediation.gov.lk/en/,
phone,pass,Published phone: 0776186887 ,https://mediation.gov.lk/en/,
phone,pass,Published phone: 0312299004 ,https://mediation.gov.lk/en/,
phone,pass,Published phone: 0713315148 ,https://mediation.gov.lk/en/,
phone,pass,Published phone: 0768142956 ,https://mediation.gov.lk/en/,
phone,pass,Published phone: 0718020009 ,https://mediation.gov.lk/en/,
phone,pass,Published phone: 077-6658979 ,https://mediation.gov.lk/en/,
phone,pass,Published phone: 0718942917 ,https://mediation.gov.lk/en/,
phone,pass,Published phone: 0764684272 ,https://mediation.gov.lk/en/,
phone,pass,Published phone: 0372053607 ,https://mediation.gov.lk/en/,
phone,pass,Published phone: 0715955628 ,https://mediation.gov.lk/en/,
phone,pass,Published phone: 0716262350 ,https://mediation.gov.lk/en/,
phone,pass,Published phone: 0373614948 ,https://mediation.gov.lk/en/,
phone,pass,Published phone: 0452275929 ,https://mediation.gov.lk/en/,
phone,pass,Published phone: 0718263962 ,https://mediation.gov.lk/en/,
phone,pass,Published phone: 0775072275 ,https://mediation.gov.lk/en/,
phone,pass,Published phone: 0718463194 ,https://mediation.gov.lk/en/,
phone,pass,Published phone: 0728348348 ,https://mediation.gov.lk/en/,
phone,pass,Published phone: 071 - 4247377 ,https://mediation.gov.lk/en/,
phone,pass,Published phone: 077- 6673580 ,https://mediation.gov.lk/en/,
phone,pass,Published phone: 0375681165 ,https://mediation.gov.lk/en/,
phone,pass,Published phone: 0112850713 ,https://mediation.gov.lk/en/,
phone,pass,Published phone: 0715526864 ,https://mediation.gov.lk/en/,
phone,pass,Published phone: 0772028208 ,https://mediation.gov.lk/en/,
phone,pass,Published phone: 0714429370 ,https://mediation.gov.lk/en/,
phone,pass,Published phone: 077 - 3574000 ,https://mediation.gov.lk/en/,
phone,pass,Published phone: 0452262664 ,https://mediation.gov.lk/en/,
phone,pass,Published phone: 065-2225596 ,https://mediation.gov.lk/en/,
phone,pass,Published phone: 0242224393 ,https://mediation.gov.lk/en/,
phone,pass,Published phone: 065 -3643617 ,https://mediation.gov.lk/en/,
phone,pass,Published phone: 0764754446 ,https://mediation.gov.lk/en/,
phone,pass,Published phone: 0728459918 ,https://mediation.gov.lk/en/,
phone,pass,Published phone: 0373378339 ,https://mediation.gov.lk/en/,
phone,pass,Published phone: 077-9781600 ,https://mediation.gov.lk/en/,
phone,pass,Published phone: 0718322479 ,https://mediation.gov.lk/en/,
phone,pass,Published phone: 011 253 6090 ,https://mediation.gov.lk/en/,
phone,pass,Published phone: 065-3656283 ,https://mediation.gov.lk/en/,
phone,pass,Published phone: 0718240840 ,https://mediation.gov.lk/en/,
phone,pass,Published phone: 0412287302 ,https://mediation.gov.lk/en/,
phone,pass,Published phone: 0770513858 ,https://mediation.gov.lk/en/,
phone,pass,Published phone: 077- 0553398 ,https://mediation.gov.lk/en/,
phone,pass,Published phone: 0472251331 ,https://mediation.gov.lk/en/,
phone,pass,Published phone: 0712395507 ,https://mediation.gov.lk/en/,
phone,pass,Published phone: 0714478214 ,https://mediation.gov.lk/en/,
phone,pass,Published phone: 0663664231 ,https://mediation.gov.lk/en/,
phone,pass,Published phone: 0716614844 ,https://mediation.gov.lk/en/,
phone,pass,Published phone: 0774536710 ,https://mediation.gov.lk/en/,
phone,pass,Published phone: 0712677000 ,https://mediation.gov.lk/en/,
phone,pass,Published phone: 0265680809 ,https://mediation.gov.lk/en/,
phone,pass,Published phone: 0714418155,https://mediation.gov.lk/en/,
phone,pass,Published phone: 0776134767 ,https://mediation.gov.lk/en/,
phone,pass,Published phone: 0712599497 ,https://mediation.gov.lk/en/,
phone,pass,Published phone: 0252275096 ,https://mediation.gov.lk/en/,
phone,pass,Published phone: 0713028664 ,https://mediation.gov.lk/en/,
phone,pass,Published phone: 0716626600 ,https://mediation.gov.lk/en/,
phone,pass,Published phone: 0112971725 ,https://mediation.gov.lk/en/,
phone,pass,Published phone: 0740873944 ,https://mediation.gov.lk/en/,
phone,pass,Published phone: 0252269066 ,https://mediation.gov.lk/en/,
phone,pass,Published phone: 071 3019633 ,https://mediation.gov.lk/en/,
phone,pass,Published phone: 0 011 246557,https://mediation.gov.lk/en/,
phone,pass,Published phone: 011 2702224 ,https://mediation.gov.lk/en/,
phone,pass,Published phone: 0475634020 ,https://mediation.gov.lk/en/,
phone,pass,Published phone: 0763590418 ,https://mediation.gov.lk/en/,
phone,pass,Published phone: 0552263960 ,https://mediation.gov.lk/en/,
phone,pass,Published phone: 0779687027 ,https://mediation.gov.lk/en/,
phone,pass,Published phone: 0702930269 ,https://mediation.gov.lk/en/,
phone,pass,Published phone: 0572244056 ,https://mediation.gov.lk/en/,
phone,pass,Published phone: 0633631735 ,https://mediation.gov.lk/en/,
phone,pass,Published phone: 0718424844 ,https://mediation.gov.lk/en/,
phone,pass,Published phone: 0717574824 ,https://mediation.gov.lk/en/,
phone,pass,Published phone: 07746 47244 ,https://mediation.gov.lk/en/,
phone,pass,Published phone: 0728474574 ,https://mediation.gov.lk/en/,
phone,pass,Published phone: 0718679675 ,https://mediation.gov.lk/en/,
phone,pass,Published phone: 0779045998 ,https://mediation.gov.lk/en/,
phone,pass,Published phone: 0719221650 ,https://mediation.gov.lk/en/,
phone,pass,Published phone: 0714530178 ,https://mediation.gov.lk/en/,
phone,pass,Published phone: 0522279477 ,https://mediation.gov.lk/en/,
phone,pass,Published phone: 065 - 2225277 ,https://mediation.gov.lk/en/,
phone,pass,Published phone: 0718301512 ,https://mediation.gov.lk/en/,
phone,pass,Published phone: 0712912099 ,https://mediation.gov.lk/en/,
phone,pass,Published phone: 070 2589604 ,https://mediation.gov.lk/en/,
phone,pass,Published phone: 0342245543 ,https://mediation.gov.lk/en/,
phone,pass,Published phone: 0913883619 ,https://mediation.gov.lk/en/,
phone,pass,Published phone: 0776348995 ,https://mediation.gov.lk/en/,
phone,pass,Published phone: 0112873068 ,https://mediation.gov.lk/en/,
phone,pass,Published phone: 0275687136 ,https://mediation.gov.lk/en/,
phone,pass,Published phone: 0778948307 ,https://mediation.gov.lk/en/,
phone,pass,Published phone: 0779130909 ,https://mediation.gov.lk/en/,
phone,pass,Published phone: 0772651511 ,https://mediation.gov.lk/en/,
phone,pass,Published phone: 0711489186 ,https://mediation.gov.lk/en/,
phone,pass,Published phone: 0262255055 ,https://mediation.gov.lk/en/,
phone,pass,Published phone: 0252224993 ,https://mediation.gov.lk/en/,
phone,pass,Published phone: 0718001766 ,https://mediation.gov.lk/en/,
phone,pass,Published phone: 0252276592 ,https://mediation.gov.lk/en/,
phone,pass,Published phone: 0712802247 ,https://mediation.gov.lk/en/,
phone,pass,Published phone: 077- 6006353 ,https://mediation.gov.lk/en/,
phone,pass,Published phone: 0372279151 ,https://mediation.gov.lk/en/,
phone,pass,Published phone: 077-3893529 ,https://mediation.gov.lk/en/,
phone,pass,Published phone: 0912296692 ,https://mediation.gov.lk/en/,
phone,pass,Published phone: 0768849271 ,https://mediation.gov.lk/en/,
phone,pass,Published phone: 0775422735 ,https://mediation.gov.lk/en/,
phone,pass,Published phone: 0716321323 ,https://mediation.gov.lk/en/,
phone,pass,Published phone: 0632051866 ,https://mediation.gov.lk/en/,
phone,pass,Published phone: 077-6986135 ,https://mediation.gov.lk/en/,
phone,pass,Published phone: 065 - 5672007 ,https://mediation.gov.lk/en/,
phone,pass,Published phone: 0252236580 ,https://mediation.gov.lk/en/,
phone,pass,Published phone: 0713449701 ,https://mediation.gov.lk/en/,
phone,pass,Published phone: 0722537181 ,https://mediation.gov.lk/en/,
phone,pass,Published phone: 0718168938 ,https://mediation.gov.lk/en/,
phone,pass,Published phone: 0412251147 ,https://mediation.gov.lk/en/,
phone,pass,Published phone: 077-6150680 ,https://mediation.gov.lk/en/,
phone,pass,Published phone: 0718008917 ,https://mediation.gov.lk/en/,
phone,pass,Published phone: 0773145795 ,https://mediation.gov.lk/en/,
phone,pass,Published phone: 077-1227699 ,https://mediation.gov.lk/en/,
phone,pass,Published phone: 0373988723 ,https://mediation.gov.lk/en/,
phone,pass,Published phone: 0254902513 ,https://mediation.gov.lk/en/,
phone,pass,Published phone: 0764162329 ,https://mediation.gov.lk/en/,
phone,pass,Published phone: 0714373025 ,https://mediation.gov.lk/en/,
phone,pass,Published phone: 0778388993 ,https://mediation.gov.lk/en/,
phone,pass,Published phone: 077 - 4567314 ,https://mediation.gov.lk/en/,
phone,pass,Published phone: 0705267433 ,https://mediation.gov.lk/en/,
phone,pass,Published phone: 0415780220 ,https://mediation.gov.lk/en/,
phone,pass,Published phone: 0711110532 ,https://mediation.gov.lk/en/,
phone,pass,Published phone: 077-7111979 ,https://mediation.gov.lk/en/,
phone,pass,Published phone: 0769388001 ,https://mediation.gov.lk/en/,
phone,pass,Published phone: 0715703960 ,https://mediation.gov.lk/en/,
phone,pass,Published phone: 0705827887 ,https://mediation.gov.lk/en/,
phone,pass,Published phone: 0716160645 ,https://mediation.gov.lk/en/,
phone,pass,Published phone: 0778940814 ,https://mediation.gov.lk/en/,
phone,pass,Published phone: 0716087454 ,https://mediation.gov.lk/en/,
phone,pass,Published phone: 0342251068 ,https://mediation.gov.lk/en/,
phone,pass,Published phone: 0711503169 ,https://mediation.gov.lk/en/,
phone,pass,Published phone: 0774990377 ,https://mediation.gov.lk/en/,
phone,pass,Published phone: 0112289640 ,https://mediation.gov.lk/en/,
phone,pass,Published phone: 0352267216 ,https://mediation.gov.lk/en/,
phone,pass,Published phone: 077-2080525 ,https://mediation.gov.lk/en/,
phone,pass,Published phone: 037-2249119 ,https://mediation.gov.lk/en/,
phone,pass,Published phone: 0252254200 ,https://mediation.gov.lk/en/,
phone,pass,Published phone: 0353351341 ,https://mediation.gov.lk/en/,
phone,pass,Published phone: 0711754099 ,https://mediation.gov.lk/en/,
phone,pass,Published phone: 0775050330 ,https://mediation.gov.lk/en/,
email,pass,Published email: general@mediation.gov.lk,https://mediation.gov.lk/en/,
email,pass,Published email: mbc2016.gov@gmail.com,https://mediation.gov.lk/en/,
postal_address,pass,"Published postal address: tsunami-related disputes, migrant worker grievances, financial disputes as well as land disputes . BENEFITS OF MEDIATION",https://mediation.gov.lk/en/,
named_responsibility,pass,Published named responsibility: director,https://mediation.gov.lk/en/,
legal_basis,pass,Published legal basis: gazette,https://mediation.gov.lk/en/,
fees_and_payment,pass,"Published fees and payment: rs,",https://mediation.gov.lk/en/,
phone,pass,Published phone: 077-3984594 ,http://mediation.gov.lk/en/,
phone,pass,Published phone: 0782053799 ,http://mediation.gov.lk/en/,
phone,pass,Published phone: 0701562476 ,http://mediation.gov.lk/en/,
phone,pass,Published phone: 0717852976 ,http://mediation.gov.lk/en/,
phone,pass,Published phone: 0252222099,http://mediation.gov.lk/en/,
phone,pass,Published phone: 0714414890 ,http://mediation.gov.lk/en/,
phone,pass,Published phone: 077-4793517 ,http://mediation.gov.lk/en/,
phone,pass,Published phone: 066- 2224460 ,http://mediation.gov.lk/en/,
phone,pass,Published phone: 0382244124 ,http://mediation.gov.lk/en/,
phone,pass,Published phone: 0552250411 ,http://mediation.gov.lk/en/,
phone,pass,Published phone: 0715380034 ,http://mediation.gov.lk/en/,
phone,pass,Published phone: 0779790106 ,http://mediation.gov.lk/en/,
phone,pass,Published phone: 0711850296 ,http://mediation.gov.lk/en/,
phone,pass,Published phone: 0253257682 ,http://mediation.gov.lk/en/,
phone,pass,Published phone: 0778461450 ,http://mediation.gov.lk/en/,
phone,pass,Published phone: 0714500362 ,http://mediation.gov.lk/en/,
phone,pass,Published phone: 0472225485 ,http://mediation.gov.lk/en/,
phone,pass,Published phone: 0473485592 ,http://mediation.gov.lk/en/,
phone,pass,Published phone: 077-0666948 ,http://mediation.gov.lk/en/,
phone,pass,Published phone: 0718426733 ,http://mediation.gov.lk/en/,
phone,pass,Published phone: 0253257552,http://mediation.gov.lk/en/,
phone,pass,Published phone: 0472280068 ,http://mediation.gov.lk/en/,
phone,pass,Published phone: 0715564503 ,http://mediation.gov.lk/en/,
phone,pass,Published phone: 0273274612 ,http://mediation.gov.lk/en/,
phone,pass,Published phone: 0776160104 ,http://mediation.gov.lk/en/,
phone,pass,Published phone: +94 112 334 323,http://mediation.gov.lk/en/,
phone,pass,Published phone: 0776130543 ,http://mediation.gov.lk/en/,
phone,pass,Published phone: 0332262401 ,http://mediation.gov.lk/en/,
phone,pass,Published phone: 03. 077-62194,http://mediation.gov.lk/en/,
phone,pass,Published phone: 0252050547,http://mediation.gov.lk/en/,
phone,pass,Published phone: 0718390995 ,http://mediation.gov.lk/en/,
phone,pass,Published phone: 0112 334 323 ,http://mediation.gov.lk/en/,
phone,pass,Published phone: 0712042715 ,http://mediation.gov.lk/en/,
phone,pass,Published phone: 0711602634 ,http://mediation.gov.lk/en/,
phone,pass,Published phone: 0713350755 ,http://mediation.gov.lk/en/,
phone,pass,Published phone: 081 241 5519 ,http://mediation.gov.lk/en/,
phone,pass,Published phone: 0332292253 ,http://mediation.gov.lk/en/,
phone,pass,Published phone: 077 - 9347111 ,http://mediation.gov.lk/en/,
phone,pass,Published phone: 0715759355 ,http://mediation.gov.lk/en/,
phone,pass,Published phone: 0375687186 ,http://mediation.gov.lk/en/,
phone,pass,Published phone: 0372275797 ,http://mediation.gov.lk/en/,
phone,pass,Published phone: 0716898761 ,http://mediation.gov.lk/en/,
phone,pass,Published phone: 077-4257471 ,http://mediation.gov.lk/en/,
phone,pass,Published phone: 071 529 8224 ,http://mediation.gov.lk/en/,
phone,pass,Published phone: 063- 2248118 ,http://mediation.gov.lk/en/,
phone,pass,Published phone: 0717852830 ,http://mediation.gov.lk/en/,
phone,pass,Published phone: 0714255008 ,http://mediation.gov.lk/en/,
phone,pass,Published phone: 0766050233 ,http://mediation.gov.lk/en/,
phone,pass,Published phone: 0713267586,http://mediation.gov.lk/en/,
phone,pass,Published phone: 0774400852 ,http://mediation.gov.lk/en/,
phone,pass,Published phone: 077-1999354 ,http://mediation.gov.lk/en/,
phone,pass,Published phone: 0716733864 ,http://mediation.gov.lk/en/,
phone,pass,Published phone: 0312258267 ,http://mediation.gov.lk/en/,
phone,pass,Published phone: 05 077 - 23042,http://mediation.gov.lk/en/,
phone,pass,Published phone: +94 112 334 258 ,http://mediation.gov.lk/en/,
phone,pass,Published phone: 077-9968516 ,http://mediation.gov.lk/en/,
phone,pass,Published phone: 077-9421331 ,http://mediation.gov.lk/en/,
phone,pass,Published phone: 0718654012 ,http://mediation.gov.lk/en/,
phone,pass,Published phone: 0714967854 ,http://mediation.gov.lk/en/,
phone,pass,Published phone: 0789881692 ,http://mediation.gov.lk/en/,
phone,pass,Published phone: 077-3934165 ,http://mediation.gov.lk/en/,
phone,pass,Published phone: 0112675522 ,http://mediation.gov.lk/en/,
phone,pass,Published phone: 0352258566 ,http://mediation.gov.lk/en/,
phone,pass,Published phone: 0767557102 ,http://mediation.gov.lk/en/,
phone,pass,Published phone: 077-6699030 ,http://mediation.gov.lk/en/,
phone,pass,Published phone: 0342247058 ,http://mediation.gov.lk/en/,
phone,pass,Published phone: 0774228880 ,http://mediation.gov.lk/en/,
phone,pass,Published phone: 0352246201 ,http://mediation.gov.lk/en/,
phone,pass,Published phone: 0726080728 ,http://mediation.gov.lk/en/,
phone,pass,Published phone: 077- 9042390 ,http://mediation.gov.lk/en/,
phone,pass,Published phone: 0718355125 ,http://mediation.gov.lk/en/,
phone,pass,Published phone: 0662283654 ,http://mediation.gov.lk/en/,
phone,pass,Published phone: 047 225 6040 ,http://mediation.gov.lk/en/,
phone,pass,Published phone: 0714493383 ,http://mediation.gov.lk/en/,
phone,pass,Published phone: 0555788499 ,http://mediation.gov.lk/en/,
phone,pass,Published phone: 0412268236 ,http://mediation.gov.lk/en/,
phone,pass,Published phone: 0777-070117 ,http://mediation.gov.lk/en/,
phone,pass,Published phone: 0718273046 ,http://mediation.gov.lk/en/,
phone,pass,Published phone: 0713435169 ,http://mediation.gov.lk/en/,
phone,pass,Published phone: 077-6007451 ,http://mediation.gov.lk/en/,
phone,pass,Published phone: 0713495373 ,http://mediation.gov.lk/en/,
phone,pass,Published phone: 0718663816 ,http://mediation.gov.lk/en/,
phone,pass,Published phone: 077-8543651 ,http://mediation.gov.lk/en/,
phone,pass,Published phone: 0362258335 ,http://mediation.gov.lk/en/,
phone,pass,Published phone: 021-3218314 ,http://mediation.gov.lk/en/,
phone,pass,Published phone: 0472245232 ,http://mediation.gov.lk/en/,
phone,pass,Published phone: 0543540137 ,http://mediation.gov.lk/en/,
phone,pass,Published phone: 0262054510 ,http://mediation.gov.lk/en/,
phone,pass,Published phone: 0472254861 ,http://mediation.gov.lk/en/,
phone,pass,Published phone: 0774476887 ,http://mediation.gov.lk/en/,
phone,pass,Published phone: 077 - 9515490 ,http://mediation.gov.lk/en/,
phone,pass,Published phone: 0713852944 ,http://mediation.gov.lk/en/,
phone,pass,Published phone: 0253251507,http://mediation.gov.lk/en/,
phone,pass,Published phone: 0711144850 ,http://mediation.gov.lk/en/,
phone,pass,Published phone: 0254924475 ,http://mediation.gov.lk/en/,
phone,pass,Published phone: 0779790009 ,http://mediation.gov.lk/en/,
phone,pass,Published phone: 077-8399465 ,http://mediation.gov.lk/en/,
phone,pass,Published phone: 0765719191 ,http://mediation.gov.lk/en/,
phone,pass,Published phone: 081 231 1130,http://mediation.gov.lk/en/,
phone,pass,Published phone: 0417910035 ,http://mediation.gov.lk/en/,
phone,pass,Published phone: 0773166091 ,http://mediation.gov.lk/en/,
phone,pass,Published phone: 0761800047 ,http://mediation.gov.lk/en/,
phone,pass,Published phone: 0342257057 ,http://mediation.gov.lk/en/,
phone,pass,Published phone: 0778924833 ,http://mediation.gov.lk/en/,
phone,pass,Published phone: 0372285869 ,http://mediation.gov.lk/en/,
phone,pass,Published phone: 0812365705 ,http://mediation.gov.lk/en/,
phone,pass,Published phone: 0362255257 ,http://mediation.gov.lk/en/,
phone,pass,Published phone: 0453453851 ,http://mediation.gov.lk/en/,
phone,pass,Published phone: 02 077-36209,http://mediation.gov.lk/en/,
phone,pass,Published phone: 0912241335 ,http://mediation.gov.lk/en/,
phone,pass,Published phone: 0372244778 ,http://mediation.gov.lk/en/,
phone,pass,Published phone: 0253057887 ,http://mediation.gov.lk/en/,
phone,pass,Published phone: 0773209467 ,http://mediation.gov.lk/en/,
phone,pass,Published phone: 0725577128 ,http://mediation.gov.lk/en/,
phone,pass,Published phone: 0701311969 ,http://mediation.gov.lk/en/,
phone,pass,Published phone: 0711477159 ,http://mediation.gov.lk/en/,
phone,pass,Published phone: 065- 3641121 ,http://mediation.gov.lk/en/,
phone,pass,Published phone: 0779831726 ,http://mediation.gov.lk/en/,
phone,pass,Published phone: 0784525966 ,http://mediation.gov.lk/en/,
phone,pass,Published phone: 0812493517 ,http://mediation.gov.lk/en/,
phone,pass,Published phone: 065 -4910167 ,http://mediation.gov.lk/en/,
phone,pass,Published phone: 0252266713 ,http://mediation.gov.lk/en/,
phone,pass,Published phone: 0332275413 ,http://mediation.gov.lk/en/,
phone,pass,Published phone: 0714498368 ,http://mediation.gov.lk/en/,
phone,pass,Published phone: 0745820161,http://mediation.gov.lk/en/,
phone,pass,Published phone: 0253893991 ,http://mediation.gov.lk/en/,
phone,pass,Published phone: 0352265259 ,http://mediation.gov.lk/en/,
phone,pass,Published phone: 0552273938 ,http://mediation.gov.lk/en/,
phone,pass,Published phone: 0812352074 ,http://mediation.gov.lk/en/,
phone,pass,Published phone: 0764440357 ,http://mediation.gov.lk/en/,
phone,pass,Published phone: 0718363553 ,http://mediation.gov.lk/en/,
phone,pass,Published phone: 0372233165 ,http://mediation.gov.lk/en/,
phone,pass,Published phone: 0375747170 ,http://mediation.gov.lk/en/,
phone,pass,Published phone: 0773616433 ,http://mediation.gov.lk/en/,
phone,pass,Published phone: 0662057899 ,http://mediation.gov.lk/en/,
phone,pass,Published phone: 037 229 5416 ,http://mediation.gov.lk/en/,
phone,pass,Published phone: 0718077592 ,http://mediation.gov.lk/en/,
phone,pass,Published phone: 067 - 2265099 ,http://mediation.gov.lk/en/,
phone,pass,Published phone: 077- 8014722 ,http://mediation.gov.lk/en/,
phone,pass,Published phone: 0777111881 ,http://mediation.gov.lk/en/,
phone,pass,Published phone: 0714808157 ,http://mediation.gov.lk/en/,
phone,pass,Published phone: 0712535956 ,http://mediation.gov.lk/en/,
phone,pass,Published phone: 0706655708 ,http://mediation.gov.lk/en/,
phone,pass,Published phone: 0715852901 ,http://mediation.gov.lk/en/,
phone,pass,Published phone: 0714473018 ,http://mediation.gov.lk/en/,
phone,pass,Published phone: 0452273338 ,http://mediation.gov.lk/en/,
phone,pass,Published phone: 0342222428 ,http://mediation.gov.lk/en/,
phone,pass,Published phone: 065-5681303 ,http://mediation.gov.lk/en/,
phone,pass,Published phone: 0632244027,http://mediation.gov.lk/en/,
phone,pass,Published phone: 077-9237757 ,http://mediation.gov.lk/en/,
phone,pass,Published phone: 0252276335 ,http://mediation.gov.lk/en/,
phone,pass,Published phone: 0713958724 ,http://mediation.gov.lk/en/,
phone,pass,Published phone: 0773555647 ,http://mediation.gov.lk/en/,
phone,pass,Published phone: 0718269549 ,http://mediation.gov.lk/en/,
phone,pass,Published phone: 0771528581 ,http://mediation.gov.lk/en/,
phone,pass,Published phone: 0714476248 ,http://mediation.gov.lk/en/,
phone,pass,Published phone: 0312223972 ,http://mediation.gov.lk/en/,
phone,pass,Published phone: 0716340210 ,http://mediation.gov.lk/en/,
phone,pass,Published phone: 077-4676556 ,http://mediation.gov.lk/en/,
phone,pass,Published phone: 0776407404 ,http://mediation.gov.lk/en/,
phone,pass,Published phone: 0412220547 ,http://mediation.gov.lk/en/,
phone,pass,Published phone: 0112823844 ,http://mediation.gov.lk/en/,
phone,pass,Published phone: 0112532897 ,http://mediation.gov.lk/en/,
phone,pass,Published phone: 0913935191 ,http://mediation.gov.lk/en/,
phone,pass,Published phone: 0714901813 ,http://mediation.gov.lk/en/,
phone,pass,Published phone: 0365719040 ,http://mediation.gov.lk/en/,
phone,pass,Published phone: 0773431612 ,http://mediation.gov.lk/en/,
phone,pass,Published phone: 0710641369 ,http://mediation.gov.lk/en/,
phone,pass,Published phone: 0777267293 ,http://mediation.gov.lk/en/,
phone,pass,Published phone: 0262248175 ,http://mediation.gov.lk/en/,
phone,pass,Published phone: 067-2260892 ,http://mediation.gov.lk/en/,
phone,pass,Published phone: 0712207782 ,http://mediation.gov.lk/en/,
phone,pass,Published phone: 0913914909 ,http://mediation.gov.lk/en/,
phone,pass,Published phone: 0372267159 ,http://mediation.gov.lk/en/,
phone,pass,Published phone: 0713528793 ,http://mediation.gov.lk/en/,
phone,pass,Published phone: 05. 077 - 42846,http://mediation.gov.lk/en/,
phone,pass,Published phone: 0112974542 ,http://mediation.gov.lk/en/,
phone,pass,Published phone: 0912211536 ,http://mediation.gov.lk/en/,
phone,pass,Published phone: 0767680228 ,http://mediation.gov.lk/en/,
phone,pass,Published phone: 0375778026 ,http://mediation.gov.lk/en/,
phone,pass,Published phone: 0552276090 ,http://mediation.gov.lk/en/,
phone,pass,Published phone: 0275716721 ,http://mediation.gov.lk/en/,
phone,pass,Published phone: 0278369630 ,http://mediation.gov.lk/en/,
phone,pass,Published phone: 077-1962122 ,http://mediation.gov.lk/en/,
phone,pass,Published phone: 02. 071 - 11118,http://mediation.gov.lk/en/,
phone,pass,Published phone: 0812461793 ,http://mediation.gov.lk/en/,
phone,pass,Published phone: 0778260850 ,http://mediation.gov.lk/en/,
phone,pass,Published phone: 0552276234 ,http://mediation.gov.lk/en/,
phone,pass,Published phone: 0714447940 ,http://mediation.gov.lk/en/,
phone,pass,Published phone: 0773501603 ,http://mediation.gov.lk/en/,
phone,pass,Published phone: 0372231028 ,http://mediation.gov.lk/en/,
phone,pass,Published phone: 0715550248 ,http://mediation.gov.lk/en/,
phone,pass,Published phone: 0575685668 ,http://mediation.gov.lk/en/,
phone,pass,Published phone: 0375643660,http://mediation.gov.lk/en/,
phone,pass,Published phone: 0325684794 ,http://mediation.gov.lk/en/,
phone,pass,Published phone: 0413400366,http://mediation.gov.lk/en/,
phone,pass,Published phone: 077 - 9377481 ,http://mediation.gov.lk/en/,
phone,pass,Published phone: 0812491956 ,http://mediation.gov.lk/en/,
phone,pass,Published phone: 0342223749 ,http://mediation.gov.lk/en/,
phone,pass,Published phone: 0718082839 ,http://mediation.gov.lk/en/,
phone,pass,Published phone: 0452255257 ,http://mediation.gov.lk/en/,
phone,pass,Published phone: 0912283747 ,http://mediation.gov.lk/en/,
phone,pass,Published phone: 04 077 -22843,http://mediation.gov.lk/en/,
phone,pass,Published phone: 0718359867 ,http://mediation.gov.lk/en/,
phone,pass,Published phone: 0718811794 ,http://mediation.gov.lk/en/,
phone,pass,Published phone: 0662244563 ,http://mediation.gov.lk/en/,
phone,pass,Published phone: 077- 6681798 ,http://mediation.gov.lk/en/,
phone,pass,Published phone: 077-4739889 ,http://mediation.gov.lk/en/,
phone,pass,Published phone: 0342278249 ,http://mediation.gov.lk/en/,
phone,pass,Published phone: 0253250903 ,http://mediation.gov.lk/en/,
phone,pass,Published phone: 0714405973 ,http://mediation.gov.lk/en/,
phone,pass,Published phone: 077- 3611108 ,http://mediation.gov.lk/en/,
phone,pass,Published phone: 0773647172 ,http://mediation.gov.lk/en/,
phone,pass,Published phone: 0454900898 ,http://mediation.gov.lk/en/,
phone,pass,Published phone: 0522229781 ,http://mediation.gov.lk/en/,
phone,pass,Published phone: 0773785285 ,http://mediation.gov.lk/en/,
phone,pass,Published phone: 077-3090911 ,http://mediation.gov.lk/en/,
phone,pass,Published phone: 0718671463 ,http://mediation.gov.lk/en/,
phone,pass,Published phone: 0343304335 ,http://mediation.gov.lk/en/,
phone,pass,Published phone: 0553559925 ,http://mediation.gov.lk/en/,
phone,pass,Published phone: 0813999492 ,http://mediation.gov.lk/en/,
phone,pass,Published phone: 027 205 2260,http://mediation.gov.lk/en/,
phone,pass,Published phone: 0714395322 ,http://mediation.gov.lk/en/,
phone,pass,Published phone: 0719172972 ,http://mediation.gov.lk/en/,
phone,pass,Published phone: 0776308671 ,http://mediation.gov.lk/en/,
phone,pass,Published phone: 0912291869 ,http://mediation.gov.lk/en/,
phone,pass,Published phone: 0702930297 ,http://mediation.gov.lk/en/,
phone,pass,Published phone: 0712911641 ,http://mediation.gov.lk/en/,
phone,pass,Published phone: 0112715523 ,http://mediation.gov.lk/en/,
phone,pass,Published phone: 0714468521 ,http://mediation.gov.lk/en/,
phone,pass,Published phone: 0345617458 ,http://mediation.gov.lk/en/,
phone,pass,Published phone: 0718120384 ,http://mediation.gov.lk/en/,
phone,pass,Published phone: 0914944849 ,http://mediation.gov.lk/en/,
phone,pass,Published phone: 0342222221 ,http://mediation.gov.lk/en/,
phone,pass,Published phone: 0714494698 ,http://mediation.gov.lk/en/,
phone,pass,Published phone: 0775558164 ,http://mediation.gov.lk/en/,
phone,pass,Published phone: 0717021001 ,http://mediation.gov.lk/en/,
phone,pass,Published phone: 0332223305 ,http://mediation.gov.lk/en/,
phone,pass,Published phone: 0770764794 ,http://mediation.gov.lk/en/,
phone,pass,Published phone: 0714490734 ,http://mediation.gov.lk/en/,
phone,pass,Published phone: 0453453326 ,http://mediation.gov.lk/en/,
phone,pass,Published phone: 0372282215 ,http://mediation.gov.lk/en/,
phone,pass,Published phone: 0312269488 ,http://mediation.gov.lk/en/,
phone,pass,Published phone: 0724172617 ,http://mediation.gov.lk/en/,
phone,pass,Published phone: 0714415625 ,http://mediation.gov.lk/en/,
phone,pass,Published phone: 0778900110 ,http://mediation.gov.lk/en/,
phone,pass,Published phone: 065-2225966 ,http://mediation.gov.lk/en/,
phone,pass,Published phone: 0718299359 ,http://mediation.gov.lk/en/,
phone,pass,Published phone: 0776266877 ,http://mediation.gov.lk/en/,
phone,pass,Published phone: 0552257086 ,http://mediation.gov.lk/en/,
phone,pass,Published phone: 0763891558 ,http://mediation.gov.lk/en/,
phone,pass,Published phone: 0713915657 ,http://mediation.gov.lk/en/,
phone,pass,Published phone: 077-5046243 ,http://mediation.gov.lk/en/,
phone,pass,Published phone: 0779546171 ,http://mediation.gov.lk/en/,
phone,pass,Published phone: 0633632231 ,http://mediation.gov.lk/en/,
phone,pass,Published phone: 0776118238 ,http://mediation.gov.lk/en/,
phone,pass,Published phone: 0718289601 ,http://mediation.gov.lk/en/,
phone,pass,Published phone: 077 226 6235 ,http://mediation.gov.lk/en/,
phone,pass,Published phone: 0714150593 ,http://mediation.gov.lk/en/,
phone,pass,Published phone: 077 - 6234560 ,http://mediation.gov.lk/en/,
phone,pass,Published phone: 0272246889,http://mediation.gov.lk/en/,
phone,pass,Published phone: 0553551177 ,http://mediation.gov.lk/en/,
phone,pass,Published phone: 0774378371 ,http://mediation.gov.lk/en/,
phone,pass,Published phone: 0776474750 ,http://mediation.gov.lk/en/,
phone,pass,Published phone: 065 - 3064424 ,http://mediation.gov.lk/en/,
phone,pass,Published phone: 0724489951 ,http://mediation.gov.lk/en/,
phone,pass,Published phone: 0662222051 ,http://mediation.gov.lk/en/,
phone,pass,Published phone: 0769905100 ,http://mediation.gov.lk/en/,
phone,pass,Published phone: 0718303552 ,http://mediation.gov.lk/en/,
phone,pass,Published phone: 0718012524 ,http://mediation.gov.lk/en/,
phone,pass,Published phone: 0252255158 ,http://mediation.gov.lk/en/,
phone,pass,Published phone: 0812052470,http://mediation.gov.lk/en/,
phone,pass,Published phone: 0373373779 ,http://mediation.gov.lk/en/,
phone,pass,Published phone: 0770395252 ,http://mediation.gov.lk/en/,
phone,pass,Published phone: 03. 026-32005,http://mediation.gov.lk/en/,
phone,pass,Published phone: 077 - 9001352 ,http://mediation.gov.lk/en/,
phone,pass,Published phone: 0714400066 ,http://mediation.gov.lk/en/,
phone,pass,Published phone: 0777968732 ,http://mediation.gov.lk/en/,
phone,pass,Published phone: 0714824501 ,http://mediation.gov.lk/en/,
phone,pass,Published phone: 0812461889 ,http://mediation.gov.lk/en/,
phone,pass,Published phone: 071 591 6499 ,http://mediation.gov.lk/en/,
phone,pass,Published phone: 0632222824 ,http://mediation.gov.lk/en/,
phone,pass,Published phone: 0812050397 ,http://mediation.gov.lk/en/,
phone,pass,Published phone: 0724609938 ,http://mediation.gov.lk/en/,
phone,pass,Published phone: 0812236990 ,http://mediation.gov.lk/en/,
phone,pass,Published phone: 0375681946 ,http://mediation.gov.lk/en/,
phone,pass,Published phone: 0718376407 ,http://mediation.gov.lk/en/,
phone,pass,Published phone: 0718308581 ,http://mediation.gov.lk/en/,
phone,pass,Published phone: 0812467402 ,http://mediation.gov.lk/en/,
phone,pass,Published phone: 0555753207,http://mediation.gov.lk/en/,
phone,pass,Published phone: 0718214005 ,http://mediation.gov.lk/en/,
phone,pass,Published phone: 0770229653 ,http://mediation.gov.lk/en/,
phone,pass,Published phone: 0768612398 ,http://mediation.gov.lk/en/,
phone,pass,Published phone: 0472220880 ,http://mediation.gov.lk/en/,
phone,pass,Published phone: 077 -7061745 ,http://mediation.gov.lk/en/,
phone,pass,Published phone: 0716012874 ,http://mediation.gov.lk/en/,
phone,pass,Published phone: 0718127358 ,http://mediation.gov.lk/en/,
phone,pass,Published phone: 0272242176 ,http://mediation.gov.lk/en/,
phone,pass,Published phone: 077-4147994 ,http://mediation.gov.lk/en/,
phone,pass,Published phone: 0272050183 ,http://mediation.gov.lk/en/,
phone,pass,Published phone: 0718210021 ,http://mediation.gov.lk/en/,
phone,pass,Published phone: 0452279219 ,http://mediation.gov.lk/en/,
phone,pass,Published phone: 077 - 9695391 ,http://mediation.gov.lk/en/,
phone,pass,Published phone: 0710911333 ,http://mediation.gov.lk/en/,
phone,pass,Published phone: 0473488391 ,http://mediation.gov.lk/en/,
phone,pass,Published phone: 077 - 7890730 ,http://mediation.gov.lk/en/,
phone,pass,Published phone: 0724731516 ,http://mediation.gov.lk/en/,
phone,pass,Published phone: 0712338853 ,http://mediation.gov.lk/en/,
phone,pass,Published phone: 0766923692 ,http://mediation.gov.lk/en/,
phone,pass,Published phone: 077-0345141 ,http://mediation.gov.lk/en/,
phone,pass,Published phone: 0714459827 ,http://mediation.gov.lk/en/,
phone,pass,Published phone: 0362247275 ,http://mediation.gov.lk/en/,
phone,pass,Published phone: 0771424536 ,http://mediation.gov.lk/en/,
phone,pass,Published phone: 0572050023 ,http://mediation.gov.lk/en/,
phone,pass,Published phone: 08 065-36448,http://mediation.gov.lk/en/,
phone,pass,Published phone: 0719032560 ,http://mediation.gov.lk/en/,
phone,pass,Published phone: 0112704117 ,http://mediation.gov.lk/en/,
phone,pass,Published phone: 077-3586958 ,http://mediation.gov.lk/en/,
phone,pass,Published phone: 0342284688 ,http://mediation.gov.lk/en/,
phone,pass,Published phone: 0729359136 ,http://mediation.gov.lk/en/,
phone,pass,Published phone: 067 -2277696 ,http://mediation.gov.lk/en/,
phone,pass,Published phone: 0779341788 ,http://mediation.gov.lk/en/,
phone,pass,Published phone: 0112963499 ,http://mediation.gov.lk/en/,
phone,pass,Published phone: 0322251447 ,http://mediation.gov.lk/en/,
phone,pass,Published phone: 077-0465352 ,http://mediation.gov.lk/en/,
phone,pass,Published phone: 0412259371,http://mediation.gov.lk/en/,
phone,pass,Published phone: 0814956959 ,http://mediation.gov.lk/en/,
phone,pass,Published phone: 0775922303 ,http://mediation.gov.lk/en/,
phone,pass,Published phone: 0714413423 ,http://mediation.gov.lk/en/,
phone,pass,Published phone: 0382284419,http://mediation.gov.lk/en/,
phone,pass,Published phone: 0252056560 ,http://mediation.gov.lk/en/,
phone,pass,Published phone: 0273275778 ,http://mediation.gov.lk/en/,
phone,pass,Published phone: 0452286880 ,http://mediation.gov.lk/en/,
phone,pass,Published phone: 0112933232 ,http://mediation.gov.lk/en/,
phone,pass,Published phone: 0712573732 ,http://mediation.gov.lk/en/,
phone,pass,Published phone: 0716789056 ,http://mediation.gov.lk/en/,
phone,pass,Published phone: 0775491052 ,http://mediation.gov.lk/en/,
phone,pass,Published phone: 0777870373 ,http://mediation.gov.lk/en/,
phone,pass,Published phone: 0252222735 ,http://mediation.gov.lk/en/,
phone,pass,Published phone: 0710666548 ,http://mediation.gov.lk/en/,
phone,pass,Published phone: 0775075617 ,http://mediation.gov.lk/en/,
phone,pass,Published phone: 0776054806 ,http://mediation.gov.lk/en/,
phone,pass,Published phone: 0711735601 ,http://mediation.gov.lk/en/,
phone,pass,Published phone: 0776255372 ,http://mediation.gov.lk/en/,
phone,pass,Published phone: 0719648977 ,http://mediation.gov.lk/en/,
phone,pass,Published phone: 0662244193 ,http://mediation.gov.lk/en/,
phone,pass,Published phone: 0312252937 ,http://mediation.gov.lk/en/,
phone,pass,Published phone: 0342270260 ,http://mediation.gov.lk/en/,
phone,pass,Published phone: 077-7740443 ,http://mediation.gov.lk/en/,
phone,pass,Published phone: 077 595 8113 ,http://mediation.gov.lk/en/,
phone,pass,Published phone: 0711569994 ,http://mediation.gov.lk/en/,
phone,pass,Published phone: 0715772265 ,http://mediation.gov.lk/en/,
phone,pass,Published phone: 0762030382 ,http://mediation.gov.lk/en/,
phone,pass,Published phone: 0715866232 ,http://mediation.gov.lk/en/,
phone,pass,Published phone: 0777945364 ,http://mediation.gov.lk/en/,
phone,pass,Published phone: 0776225513 ,http://mediation.gov.lk/en/,
phone,pass,Published phone: 0719252720 ,http://mediation.gov.lk/en/,
phone,pass,Published phone: 0712958395 ,http://mediation.gov.lk/en/,
phone,pass,Published phone: 0714545306 ,http://mediation.gov.lk/en/,
phone,pass,Published phone: 0779952937 ,http://mediation.gov.lk/en/,
phone,pass,Published phone: 0712025937 ,http://mediation.gov.lk/en/,
phone,pass,Published phone: 0718159152 ,http://mediation.gov.lk/en/,
phone,pass,Published phone: 0553554660 ,http://mediation.gov.lk/en/,
phone,pass,Published phone: 0718055014 ,http://mediation.gov.lk/en/,
phone,pass,Published phone: 0726112095 ,http://mediation.gov.lk/en/,
phone,pass,Published phone: 0776530994 ,http://mediation.gov.lk/en/,
phone,pass,Published phone: 0112977072 ,http://mediation.gov.lk/en/,
phone,pass,Published phone: 0322255467 ,http://mediation.gov.lk/en/,
phone,pass,Published phone: 0712262891 ,http://mediation.gov.lk/en/,
phone,pass,Published phone: 0662220760 ,http://mediation.gov.lk/en/,
phone,pass,Published phone: 0774088217,http://mediation.gov.lk/en/,
phone,pass,Published phone: 0779088545 ,http://mediation.gov.lk/en/,
phone,pass,Published phone: 027 222 2233 ,http://mediation.gov.lk/en/,
phone,pass,Published phone: 0775488929 ,http://mediation.gov.lk/en/,
phone,pass,Published phone: 0775757102 ,http://mediation.gov.lk/en/,
phone,pass,Published phone: 02. 077 - 28583,http://mediation.gov.lk/en/,
phone,pass,Published phone: 0776186887 ,http://mediation.gov.lk/en/,
phone,pass,Published phone: 0312299004 ,http://mediation.gov.lk/en/,
phone,pass,Published phone: 0713315148 ,http://mediation.gov.lk/en/,
phone,pass,Published phone: 0768142956 ,http://mediation.gov.lk/en/,
phone,pass,Published phone: 0718020009 ,http://mediation.gov.lk/en/,
phone,pass,Published phone: 077-6658979 ,http://mediation.gov.lk/en/,
phone,pass,Published phone: 0718942917 ,http://mediation.gov.lk/en/,
phone,pass,Published phone: 0764684272 ,http://mediation.gov.lk/en/,
phone,pass,Published phone: 0372053607 ,http://mediation.gov.lk/en/,
phone,pass,Published phone: 0715955628 ,http://mediation.gov.lk/en/,
phone,pass,Published phone: 0716262350 ,http://mediation.gov.lk/en/,
phone,pass,Published phone: 0373614948 ,http://mediation.gov.lk/en/,
phone,pass,Published phone: 0452275929 ,http://mediation.gov.lk/en/,
phone,pass,Published phone: 0718263962 ,http://mediation.gov.lk/en/,
phone,pass,Published phone: 0775072275 ,http://mediation.gov.lk/en/,
phone,pass,Published phone: 0718463194 ,http://mediation.gov.lk/en/,
phone,pass,Published phone: 0728348348 ,http://mediation.gov.lk/en/,
phone,pass,Published phone: 071 - 4247377 ,http://mediation.gov.lk/en/,
phone,pass,Published phone: 077- 6673580 ,http://mediation.gov.lk/en/,
phone,pass,Published phone: 0375681165 ,http://mediation.gov.lk/en/,
phone,pass,Published phone: 0112850713 ,http://mediation.gov.lk/en/,
phone,pass,Published phone: 0715526864 ,http://mediation.gov.lk/en/,
phone,pass,Published phone: 0772028208 ,http://mediation.gov.lk/en/,
phone,pass,Published phone: 0714429370 ,http://mediation.gov.lk/en/,
phone,pass,Published phone: 077 - 3574000 ,http://mediation.gov.lk/en/,
phone,pass,Published phone: 0452262664 ,http://mediation.gov.lk/en/,
phone,pass,Published phone: 065-2225596 ,http://mediation.gov.lk/en/,
phone,pass,Published phone: 0242224393 ,http://mediation.gov.lk/en/,
phone,pass,Published phone: 065 -3643617 ,http://mediation.gov.lk/en/,
phone,pass,Published phone: 0764754446 ,http://mediation.gov.lk/en/,
phone,pass,Published phone: 0728459918 ,http://mediation.gov.lk/en/,
phone,pass,Published phone: 0373378339 ,http://mediation.gov.lk/en/,
phone,pass,Published phone: 077-9781600 ,http://mediation.gov.lk/en/,
phone,pass,Published phone: 0718322479 ,http://mediation.gov.lk/en/,
phone,pass,Published phone: 011 253 6090 ,http://mediation.gov.lk/en/,
phone,pass,Published phone: 065-3656283 ,http://mediation.gov.lk/en/,
phone,pass,Published phone: 0718240840 ,http://mediation.gov.lk/en/,
phone,pass,Published phone: 0412287302 ,http://mediation.gov.lk/en/,
phone,pass,Published phone: 0770513858 ,http://mediation.gov.lk/en/,
phone,pass,Published phone: 077- 0553398 ,http://mediation.gov.lk/en/,
phone,pass,Published phone: 0472251331 ,http://mediation.gov.lk/en/,
phone,pass,Published phone: 0712395507 ,http://mediation.gov.lk/en/,
phone,pass,Published phone: 0714478214 ,http://mediation.gov.lk/en/,
phone,pass,Published phone: 0663664231 ,http://mediation.gov.lk/en/,
phone,pass,Published phone: 0716614844 ,http://mediation.gov.lk/en/,
phone,pass,Published phone: 0774536710 ,http://mediation.gov.lk/en/,
phone,pass,Published phone: 0712677000 ,http://mediation.gov.lk/en/,
phone,pass,Published phone: 0265680809 ,http://mediation.gov.lk/en/,
phone,pass,Published phone: 0714418155,http://mediation.gov.lk/en/,
phone,pass,Published phone: 0776134767 ,http://mediation.gov.lk/en/,
phone,pass,Published phone: 0712599497 ,http://mediation.gov.lk/en/,
phone,pass,Published phone: 0252275096 ,http://mediation.gov.lk/en/,
phone,pass,Published phone: 0713028664 ,http://mediation.gov.lk/en/,
phone,pass,Published phone: 0716626600 ,http://mediation.gov.lk/en/,
phone,pass,Published phone: 0112971725 ,http://mediation.gov.lk/en/,
phone,pass,Published phone: 0740873944 ,http://mediation.gov.lk/en/,
phone,pass,Published phone: 0252269066 ,http://mediation.gov.lk/en/,
phone,pass,Published phone: 071 3019633 ,http://mediation.gov.lk/en/,
phone,pass,Published phone: 0 011 246557,http://mediation.gov.lk/en/,
phone,pass,Published phone: 011 2702224 ,http://mediation.gov.lk/en/,
phone,pass,Published phone: 0475634020 ,http://mediation.gov.lk/en/,
phone,pass,Published phone: 0763590418 ,http://mediation.gov.lk/en/,
phone,pass,Published phone: 0552263960 ,http://mediation.gov.lk/en/,
phone,pass,Published phone: 0779687027 ,http://mediation.gov.lk/en/,
phone,pass,Published phone: 0702930269 ,http://mediation.gov.lk/en/,
phone,pass,Published phone: 0572244056 ,http://mediation.gov.lk/en/,
phone,pass,Published phone: 0633631735 ,http://mediation.gov.lk/en/,
phone,pass,Published phone: 0718424844 ,http://mediation.gov.lk/en/,
phone,pass,Published phone: 0717574824 ,http://mediation.gov.lk/en/,
phone,pass,Published phone: 07746 47244 ,http://mediation.gov.lk/en/,
phone,pass,Published phone: 0728474574 ,http://mediation.gov.lk/en/,
phone,pass,Published phone: 0718679675 ,http://mediation.gov.lk/en/,
phone,pass,Published phone: 0779045998 ,http://mediation.gov.lk/en/,
phone,pass,Published phone: 0719221650 ,http://mediation.gov.lk/en/,
phone,pass,Published phone: 0714530178 ,http://mediation.gov.lk/en/,
phone,pass,Published phone: 0522279477 ,http://mediation.gov.lk/en/,
phone,pass,Published phone: 065 - 2225277 ,http://mediation.gov.lk/en/,
phone,pass,Published phone: 0718301512 ,http://mediation.gov.lk/en/,
phone,pass,Published phone: 0712912099 ,http://mediation.gov.lk/en/,
phone,pass,Published phone: 070 2589604 ,http://mediation.gov.lk/en/,
phone,pass,Published phone: 0342245543 ,http://mediation.gov.lk/en/,
phone,pass,Published phone: 0913883619 ,http://mediation.gov.lk/en/,
phone,pass,Published phone: 0776348995 ,http://mediation.gov.lk/en/,
phone,pass,Published phone: 0112873068 ,http://mediation.gov.lk/en/,
phone,pass,Published phone: 0275687136 ,http://mediation.gov.lk/en/,
phone,pass,Published phone: 0778948307 ,http://mediation.gov.lk/en/,
phone,pass,Published phone: 0779130909 ,http://mediation.gov.lk/en/,
phone,pass,Published phone: 0772651511 ,http://mediation.gov.lk/en/,
phone,pass,Published phone: 0711489186 ,http://mediation.gov.lk/en/,
phone,pass,Published phone: 0262255055 ,http://mediation.gov.lk/en/,
phone,pass,Published phone: 0252224993 ,http://mediation.gov.lk/en/,
phone,pass,Published phone: 0718001766 ,http://mediation.gov.lk/en/,
phone,pass,Published phone: 0252276592 ,http://mediation.gov.lk/en/,
phone,pass,Published phone: 0712802247 ,http://mediation.gov.lk/en/,
phone,pass,Published phone: 077- 6006353 ,http://mediation.gov.lk/en/,
phone,pass,Published phone: 0372279151 ,http://mediation.gov.lk/en/,
phone,pass,Published phone: 077-3893529 ,http://mediation.gov.lk/en/,
phone,pass,Published phone: 0912296692 ,http://mediation.gov.lk/en/,
phone,pass,Published phone: 0768849271 ,http://mediation.gov.lk/en/,
phone,pass,Published phone: 0775422735 ,http://mediation.gov.lk/en/,
phone,pass,Published phone: 0716321323 ,http://mediation.gov.lk/en/,
phone,pass,Published phone: 0632051866 ,http://mediation.gov.lk/en/,
phone,pass,Published phone: 077-6986135 ,http://mediation.gov.lk/en/,
phone,pass,Published phone: 065 - 5672007 ,http://mediation.gov.lk/en/,
phone,pass,Published phone: 0252236580 ,http://mediation.gov.lk/en/,
phone,pass,Published phone: 0713449701 ,http://mediation.gov.lk/en/,
phone,pass,Published phone: 0722537181 ,http://mediation.gov.lk/en/,
phone,pass,Published phone: 0718168938 ,http://mediation.gov.lk/en/,
phone,pass,Published phone: 0412251147 ,http://mediation.gov.lk/en/,
phone,pass,Published phone: 077-6150680 ,http://mediation.gov.lk/en/,
phone,pass,Published phone: 0718008917 ,http://mediation.gov.lk/en/,
phone,pass,Published phone: 0773145795 ,http://mediation.gov.lk/en/,
phone,pass,Published phone: 077-1227699 ,http://mediation.gov.lk/en/,
phone,pass,Published phone: 0373988723 ,http://mediation.gov.lk/en/,
phone,pass,Published phone: 0254902513 ,http://mediation.gov.lk/en/,
phone,pass,Published phone: 0764162329 ,http://mediation.gov.lk/en/,
phone,pass,Published phone: 0714373025 ,http://mediation.gov.lk/en/,
phone,pass,Published phone: 0778388993 ,http://mediation.gov.lk/en/,
phone,pass,Published phone: 077 - 4567314 ,http://mediation.gov.lk/en/,
phone,pass,Published phone: 0705267433 ,http://mediation.gov.lk/en/,
phone,pass,Published phone: 0415780220 ,http://mediation.gov.lk/en/,
phone,pass,Published phone: 0711110532 ,http://mediation.gov.lk/en/,
phone,pass,Published phone: 077-7111979 ,http://mediation.gov.lk/en/,
phone,pass,Published phone: 0769388001 ,http://mediation.gov.lk/en/,
phone,pass,Published phone: 0715703960 ,http://mediation.gov.lk/en/,
phone,pass,Published phone: 0705827887 ,http://mediation.gov.lk/en/,
phone,pass,Published phone: 0716160645 ,http://mediation.gov.lk/en/,
phone,pass,Published phone: 0778940814 ,http://mediation.gov.lk/en/,
phone,pass,Published phone: 0716087454 ,http://mediation.gov.lk/en/,
phone,pass,Published phone: 0342251068 ,http://mediation.gov.lk/en/,
phone,pass,Published phone: 0711503169 ,http://mediation.gov.lk/en/,
phone,pass,Published phone: 0774990377 ,http://mediation.gov.lk/en/,
phone,pass,Published phone: 0112289640 ,http://mediation.gov.lk/en/,
phone,pass,Published phone: 0352267216 ,http://mediation.gov.lk/en/,
phone,pass,Published phone: 077-2080525 ,http://mediation.gov.lk/en/,
phone,pass,Published phone: 037-2249119 ,http://mediation.gov.lk/en/,
phone,pass,Published phone: 0252254200 ,http://mediation.gov.lk/en/,
phone,pass,Published phone: 0353351341 ,http://mediation.gov.lk/en/,
phone,pass,Published phone: 0711754099 ,http://mediation.gov.lk/en/,
phone,pass,Published phone: 0775050330 ,http://mediation.gov.lk/en/,
email,pass,Published email: general@mediation.gov.lk,http://mediation.gov.lk/en/,
email,pass,Published email: mbc2016.gov@gmail.com,http://mediation.gov.lk/en/,
postal_address,pass,"Published postal address: tsunami-related disputes, migrant worker grievances, financial disputes as well as land disputes . BENEFITS OF MEDIATION",http://mediation.gov.lk/en/,
named_responsibility,pass,Published named responsibility: director,http://mediation.gov.lk/en/,
legal_basis,pass,Published legal basis: gazette,http://mediation.gov.lk/en/,
fees_and_payment,pass,"Published fees and payment: rs,",http://mediation.gov.lk/en/,
phone,pass,Published phone: 077-3984594 ,https://mediation.gov.lk/en/,
phone,pass,Published phone: 0782053799 ,https://mediation.gov.lk/en/,
phone,pass,Published phone: 0701562476 ,https://mediation.gov.lk/en/,
phone,pass,Published phone: 0717852976 ,https://mediation.gov.lk/en/,
phone,pass,Published phone: 0252222099,https://mediation.gov.lk/en/,
phone,pass,Published phone: 0714414890 ,https://mediation.gov.lk/en/,
phone,pass,Published phone: 077-4793517 ,https://mediation.gov.lk/en/,
phone,pass,Published phone: 066- 2224460 ,https://mediation.gov.lk/en/,
phone,pass,Published phone: 0382244124 ,https://mediation.gov.lk/en/,
phone,pass,Published phone: 0552250411 ,https://mediation.gov.lk/en/,
phone,pass,Published phone: 0715380034 ,https://mediation.gov.lk/en/,
phone,pass,Published phone: 0779790106 ,https://mediation.gov.lk/en/,
phone,pass,Published phone: 0711850296 ,https://mediation.gov.lk/en/,
phone,pass,Published phone: 0253257682 ,https://mediation.gov.lk/en/,
phone,pass,Published phone: 0778461450 ,https://mediation.gov.lk/en/,
phone,pass,Published phone: 0714500362 ,https://mediation.gov.lk/en/,
phone,pass,Published phone: 0472225485 ,https://mediation.gov.lk/en/,
phone,pass,Published phone: 0473485592 ,https://mediation.gov.lk/en/,
phone,pass,Published phone: 077-0666948 ,https://mediation.gov.lk/en/,
phone,pass,Published phone: 0718426733 ,https://mediation.gov.lk/en/,
phone,pass,Published phone: 0253257552,https://mediation.gov.lk/en/,
phone,pass,Published phone: 0472280068 ,https://mediation.gov.lk/en/,
phone,pass,Published phone: 0715564503 ,https://mediation.gov.lk/en/,
phone,pass,Published phone: 0273274612 ,https://mediation.gov.lk/en/,
phone,pass,Published phone: 0776160104 ,https://mediation.gov.lk/en/,
phone,pass,Published phone: +94 112 334 323,https://mediation.gov.lk/en/,
phone,pass,Published phone: 0776130543 ,https://mediation.gov.lk/en/,
phone,pass,Published phone: 0332262401 ,https://mediation.gov.lk/en/,
phone,pass,Published phone: 03. 077-62194,https://mediation.gov.lk/en/,
phone,pass,Published phone: 0252050547,https://mediation.gov.lk/en/,
phone,pass,Published phone: 0718390995 ,https://mediation.gov.lk/en/,
phone,pass,Published phone: 0112 334 323 ,https://mediation.gov.lk/en/,
phone,pass,Published phone: 0712042715 ,https://mediation.gov.lk/en/,
phone,pass,Published phone: 0711602634 ,https://mediation.gov.lk/en/,
phone,pass,Published phone: 0713350755 ,https://mediation.gov.lk/en/,
phone,pass,Published phone: 081 241 5519 ,https://mediation.gov.lk/en/,
phone,pass,Published phone: 0332292253 ,https://mediation.gov.lk/en/,
phone,pass,Published phone: 077 - 9347111 ,https://mediation.gov.lk/en/,
phone,pass,Published phone: 0715759355 ,https://mediation.gov.lk/en/,
phone,pass,Published phone: 0375687186 ,https://mediation.gov.lk/en/,
phone,pass,Published phone: 0372275797 ,https://mediation.gov.lk/en/,
phone,pass,Published phone: 0716898761 ,https://mediation.gov.lk/en/,
phone,pass,Published phone: 077-4257471 ,https://mediation.gov.lk/en/,
phone,pass,Published phone: 071 529 8224 ,https://mediation.gov.lk/en/,
phone,pass,Published phone: 063- 2248118 ,https://mediation.gov.lk/en/,
phone,pass,Published phone: 0717852830 ,https://mediation.gov.lk/en/,
phone,pass,Published phone: 0714255008 ,https://mediation.gov.lk/en/,
phone,pass,Published phone: 0766050233 ,https://mediation.gov.lk/en/,
phone,pass,Published phone: 0713267586,https://mediation.gov.lk/en/,
phone,pass,Published phone: 0774400852 ,https://mediation.gov.lk/en/,
phone,pass,Published phone: 077-1999354 ,https://mediation.gov.lk/en/,
phone,pass,Published phone: 0716733864 ,https://mediation.gov.lk/en/,
phone,pass,Published phone: 0312258267 ,https://mediation.gov.lk/en/,
phone,pass,Published phone: 05 077 - 23042,https://mediation.gov.lk/en/,
phone,pass,Published phone: +94 112 334 258 ,https://mediation.gov.lk/en/,
phone,pass,Published phone: 077-9968516 ,https://mediation.gov.lk/en/,
phone,pass,Published phone: 077-9421331 ,https://mediation.gov.lk/en/,
phone,pass,Published phone: 0718654012 ,https://mediation.gov.lk/en/,
phone,pass,Published phone: 0714967854 ,https://mediation.gov.lk/en/,
phone,pass,Published phone: 0789881692 ,https://mediation.gov.lk/en/,
phone,pass,Published phone: 077-3934165 ,https://mediation.gov.lk/en/,
phone,pass,Published phone: 0112675522 ,https://mediation.gov.lk/en/,
phone,pass,Published phone: 0352258566 ,https://mediation.gov.lk/en/,
phone,pass,Published phone: 0767557102 ,https://mediation.gov.lk/en/,
phone,pass,Published phone: 077-6699030 ,https://mediation.gov.lk/en/,
phone,pass,Published phone: 0342247058 ,https://mediation.gov.lk/en/,
phone,pass,Published phone: 0774228880 ,https://mediation.gov.lk/en/,
phone,pass,Published phone: 0352246201 ,https://mediation.gov.lk/en/,
phone,pass,Published phone: 0726080728 ,https://mediation.gov.lk/en/,
phone,pass,Published phone: 077- 9042390 ,https://mediation.gov.lk/en/,
phone,pass,Published phone: 0718355125 ,https://mediation.gov.lk/en/,
phone,pass,Published phone: 0662283654 ,https://mediation.gov.lk/en/,
phone,pass,Published phone: 047 225 6040 ,https://mediation.gov.lk/en/,
phone,pass,Published phone: 0714493383 ,https://mediation.gov.lk/en/,
phone,pass,Published phone: 0555788499 ,https://mediation.gov.lk/en/,
phone,pass,Published phone: 0412268236 ,https://mediation.gov.lk/en/,
phone,pass,Published phone: 0777-070117 ,https://mediation.gov.lk/en/,
phone,pass,Published phone: 0718273046 ,https://mediation.gov.lk/en/,
phone,pass,Published phone: 0713435169 ,https://mediation.gov.lk/en/,
phone,pass,Published phone: 077-6007451 ,https://mediation.gov.lk/en/,
phone,pass,Published phone: 0713495373 ,https://mediation.gov.lk/en/,
phone,pass,Published phone: 0718663816 ,https://mediation.gov.lk/en/,
phone,pass,Published phone: 077-8543651 ,https://mediation.gov.lk/en/,
phone,pass,Published phone: 0362258335 ,https://mediation.gov.lk/en/,
phone,pass,Published phone: 021-3218314 ,https://mediation.gov.lk/en/,
phone,pass,Published phone: 0472245232 ,https://mediation.gov.lk/en/,
phone,pass,Published phone: 0543540137 ,https://mediation.gov.lk/en/,
phone,pass,Published phone: 0262054510 ,https://mediation.gov.lk/en/,
phone,pass,Published phone: 0472254861 ,https://mediation.gov.lk/en/,
phone,pass,Published phone: 0774476887 ,https://mediation.gov.lk/en/,
phone,pass,Published phone: 077 - 9515490 ,https://mediation.gov.lk/en/,
phone,pass,Published phone: 0713852944 ,https://mediation.gov.lk/en/,
phone,pass,Published phone: 0253251507,https://mediation.gov.lk/en/,
phone,pass,Published phone: 0711144850 ,https://mediation.gov.lk/en/,
phone,pass,Published phone: 0254924475 ,https://mediation.gov.lk/en/,
phone,pass,Published phone: 0779790009 ,https://mediation.gov.lk/en/,
phone,pass,Published phone: 077-8399465 ,https://mediation.gov.lk/en/,
phone,pass,Published phone: 0765719191 ,https://mediation.gov.lk/en/,
phone,pass,Published phone: 081 231 1130,https://mediation.gov.lk/en/,
phone,pass,Published phone: 0417910035 ,https://mediation.gov.lk/en/,
phone,pass,Published phone: 0773166091 ,https://mediation.gov.lk/en/,
phone,pass,Published phone: 0761800047 ,https://mediation.gov.lk/en/,
phone,pass,Published phone: 0342257057 ,https://mediation.gov.lk/en/,
phone,pass,Published phone: 0778924833 ,https://mediation.gov.lk/en/,
phone,pass,Published phone: 0372285869 ,https://mediation.gov.lk/en/,
phone,pass,Published phone: 0812365705 ,https://mediation.gov.lk/en/,
phone,pass,Published phone: 0362255257 ,https://mediation.gov.lk/en/,
phone,pass,Published phone: 0453453851 ,https://mediation.gov.lk/en/,
phone,pass,Published phone: 02 077-36209,https://mediation.gov.lk/en/,
phone,pass,Published phone: 0912241335 ,https://mediation.gov.lk/en/,
phone,pass,Published phone: 0372244778 ,https://mediation.gov.lk/en/,
phone,pass,Published phone: 0253057887 ,https://mediation.gov.lk/en/,
phone,pass,Published phone: 0773209467 ,https://mediation.gov.lk/en/,
phone,pass,Published phone: 0725577128 ,https://mediation.gov.lk/en/,
phone,pass,Published phone: 0701311969 ,https://mediation.gov.lk/en/,
phone,pass,Published phone: 0711477159 ,https://mediation.gov.lk/en/,
phone,pass,Published phone: 065- 3641121 ,https://mediation.gov.lk/en/,
phone,pass,Published phone: 0779831726 ,https://mediation.gov.lk/en/,
phone,pass,Published phone: 0784525966 ,https://mediation.gov.lk/en/,
phone,pass,Published phone: 0812493517 ,https://mediation.gov.lk/en/,
phone,pass,Published phone: 065 -4910167 ,https://mediation.gov.lk/en/,
phone,pass,Published phone: 0252266713 ,https://mediation.gov.lk/en/,
phone,pass,Published phone: 0332275413 ,https://mediation.gov.lk/en/,
phone,pass,Published phone: 0714498368 ,https://mediation.gov.lk/en/,
phone,pass,Published phone: 0745820161,https://mediation.gov.lk/en/,
phone,pass,Published phone: 0253893991 ,https://mediation.gov.lk/en/,
phone,pass,Published phone: 0352265259 ,https://mediation.gov.lk/en/,
phone,pass,Published phone: 0552273938 ,https://mediation.gov.lk/en/,
phone,pass,Published phone: 0812352074 ,https://mediation.gov.lk/en/,
phone,pass,Published phone: 0764440357 ,https://mediation.gov.lk/en/,
phone,pass,Published phone: 0718363553 ,https://mediation.gov.lk/en/,
phone,pass,Published phone: 0372233165 ,https://mediation.gov.lk/en/,
phone,pass,Published phone: 0375747170 ,https://mediation.gov.lk/en/,
phone,pass,Published phone: 0773616433 ,https://mediation.gov.lk/en/,
phone,pass,Published phone: 0662057899 ,https://mediation.gov.lk/en/,
phone,pass,Published phone: 037 229 5416 ,https://mediation.gov.lk/en/,
phone,pass,Published phone: 0718077592 ,https://mediation.gov.lk/en/,
phone,pass,Published phone: 067 - 2265099 ,https://mediation.gov.lk/en/,
phone,pass,Published phone: 077- 8014722 ,https://mediation.gov.lk/en/,
phone,pass,Published phone: 0777111881 ,https://mediation.gov.lk/en/,
phone,pass,Published phone: 0714808157 ,https://mediation.gov.lk/en/,
phone,pass,Published phone: 0712535956 ,https://mediation.gov.lk/en/,
phone,pass,Published phone: 0706655708 ,https://mediation.gov.lk/en/,
phone,pass,Published phone: 0715852901 ,https://mediation.gov.lk/en/,
phone,pass,Published phone: 0714473018 ,https://mediation.gov.lk/en/,
phone,pass,Published phone: 0452273338 ,https://mediation.gov.lk/en/,
phone,pass,Published phone: 0342222428 ,https://mediation.gov.lk/en/,
phone,pass,Published phone: 065-5681303 ,https://mediation.gov.lk/en/,
phone,pass,Published phone: 0632244027,https://mediation.gov.lk/en/,
phone,pass,Published phone: 077-9237757 ,https://mediation.gov.lk/en/,
phone,pass,Published phone: 0252276335 ,https://mediation.gov.lk/en/,
phone,pass,Published phone: 0713958724 ,https://mediation.gov.lk/en/,
phone,pass,Published phone: 0773555647 ,https://mediation.gov.lk/en/,
phone,pass,Published phone: 0718269549 ,https://mediation.gov.lk/en/,
phone,pass,Published phone: 0771528581 ,https://mediation.gov.lk/en/,
phone,pass,Published phone: 0714476248 ,https://mediation.gov.lk/en/,
phone,pass,Published phone: 0312223972 ,https://mediation.gov.lk/en/,
phone,pass,Published phone: 0716340210 ,https://mediation.gov.lk/en/,
phone,pass,Published phone: 077-4676556 ,https://mediation.gov.lk/en/,
phone,pass,Published phone: 0776407404 ,https://mediation.gov.lk/en/,
phone,pass,Published phone: 0412220547 ,https://mediation.gov.lk/en/,
phone,pass,Published phone: 0112823844 ,https://mediation.gov.lk/en/,
phone,pass,Published phone: 0112532897 ,https://mediation.gov.lk/en/,
phone,pass,Published phone: 0913935191 ,https://mediation.gov.lk/en/,
phone,pass,Published phone: 0714901813 ,https://mediation.gov.lk/en/,
phone,pass,Published phone: 0365719040 ,https://mediation.gov.lk/en/,
phone,pass,Published phone: 0773431612 ,https://mediation.gov.lk/en/,
phone,pass,Published phone: 0710641369 ,https://mediation.gov.lk/en/,
phone,pass,Published phone: 0777267293 ,https://mediation.gov.lk/en/,
phone,pass,Published phone: 0262248175 ,https://mediation.gov.lk/en/,
phone,pass,Published phone: 067-2260892 ,https://mediation.gov.lk/en/,
phone,pass,Published phone: 0712207782 ,https://mediation.gov.lk/en/,
phone,pass,Published phone: 0913914909 ,https://mediation.gov.lk/en/,
phone,pass,Published phone: 0372267159 ,https://mediation.gov.lk/en/,
phone,pass,Published phone: 0713528793 ,https://mediation.gov.lk/en/,
phone,pass,Published phone: 05. 077 - 42846,https://mediation.gov.lk/en/,
phone,pass,Published phone: 0112974542 ,https://mediation.gov.lk/en/,
phone,pass,Published phone: 0912211536 ,https://mediation.gov.lk/en/,
phone,pass,Published phone: 0767680228 ,https://mediation.gov.lk/en/,
phone,pass,Published phone: 0375778026 ,https://mediation.gov.lk/en/,
phone,pass,Published phone: 0552276090 ,https://mediation.gov.lk/en/,
phone,pass,Published phone: 0275716721 ,https://mediation.gov.lk/en/,
phone,pass,Published phone: 0278369630 ,https://mediation.gov.lk/en/,
phone,pass,Published phone: 077-1962122 ,https://mediation.gov.lk/en/,
phone,pass,Published phone: 02. 071 - 11118,https://mediation.gov.lk/en/,
phone,pass,Published phone: 0812461793 ,https://mediation.gov.lk/en/,
phone,pass,Published phone: 0778260850 ,https://mediation.gov.lk/en/,
phone,pass,Published phone: 0552276234 ,https://mediation.gov.lk/en/,
phone,pass,Published phone: 0714447940 ,https://mediation.gov.lk/en/,
phone,pass,Published phone: 0773501603 ,https://mediation.gov.lk/en/,
phone,pass,Published phone: 0372231028 ,https://mediation.gov.lk/en/,
phone,pass,Published phone: 0715550248 ,https://mediation.gov.lk/en/,
phone,pass,Published phone: 0575685668 ,https://mediation.gov.lk/en/,
phone,pass,Published phone: 0375643660,https://mediation.gov.lk/en/,
phone,pass,Published phone: 0325684794 ,https://mediation.gov.lk/en/,
phone,pass,Published phone: 0413400366,https://mediation.gov.lk/en/,
phone,pass,Published phone: 077 - 9377481 ,https://mediation.gov.lk/en/,
phone,pass,Published phone: 0812491956 ,https://mediation.gov.lk/en/,
phone,pass,Published phone: 0342223749 ,https://mediation.gov.lk/en/,
phone,pass,Published phone: 0718082839 ,https://mediation.gov.lk/en/,
phone,pass,Published phone: 0452255257 ,https://mediation.gov.lk/en/,
phone,pass,Published phone: 0912283747 ,https://mediation.gov.lk/en/,
phone,pass,Published phone: 04 077 -22843,https://mediation.gov.lk/en/,
phone,pass,Published phone: 0718359867 ,https://mediation.gov.lk/en/,
phone,pass,Published phone: 0718811794 ,https://mediation.gov.lk/en/,
phone,pass,Published phone: 0662244563 ,https://mediation.gov.lk/en/,
phone,pass,Published phone: 077- 6681798 ,https://mediation.gov.lk/en/,
phone,pass,Published phone: 077-4739889 ,https://mediation.gov.lk/en/,
phone,pass,Published phone: 0342278249 ,https://mediation.gov.lk/en/,
phone,pass,Published phone: 0253250903 ,https://mediation.gov.lk/en/,
phone,pass,Published phone: 0714405973 ,https://mediation.gov.lk/en/,
phone,pass,Published phone: 077- 3611108 ,https://mediation.gov.lk/en/,
phone,pass,Published phone: 0773647172 ,https://mediation.gov.lk/en/,
phone,pass,Published phone: 0454900898 ,https://mediation.gov.lk/en/,
phone,pass,Published phone: 0522229781 ,https://mediation.gov.lk/en/,
phone,pass,Published phone: 0773785285 ,https://mediation.gov.lk/en/,
phone,pass,Published phone: 077-3090911 ,https://mediation.gov.lk/en/,
phone,pass,Published phone: 0718671463 ,https://mediation.gov.lk/en/,
phone,pass,Published phone: 0343304335 ,https://mediation.gov.lk/en/,
phone,pass,Published phone: 0553559925 ,https://mediation.gov.lk/en/,
phone,pass,Published phone: 0813999492 ,https://mediation.gov.lk/en/,
phone,pass,Published phone: 027 205 2260,https://mediation.gov.lk/en/,
phone,pass,Published phone: 0714395322 ,https://mediation.gov.lk/en/,
phone,pass,Published phone: 0719172972 ,https://mediation.gov.lk/en/,
phone,pass,Published phone: 0776308671 ,https://mediation.gov.lk/en/,
phone,pass,Published phone: 0912291869 ,https://mediation.gov.lk/en/,
phone,pass,Published phone: 0702930297 ,https://mediation.gov.lk/en/,
phone,pass,Published phone: 0712911641 ,https://mediation.gov.lk/en/,
phone,pass,Published phone: 0112715523 ,https://mediation.gov.lk/en/,
phone,pass,Published phone: 0714468521 ,https://mediation.gov.lk/en/,
phone,pass,Published phone: 0345617458 ,https://mediation.gov.lk/en/,
phone,pass,Published phone: 0718120384 ,https://mediation.gov.lk/en/,
phone,pass,Published phone: 0914944849 ,https://mediation.gov.lk/en/,
phone,pass,Published phone: 0342222221 ,https://mediation.gov.lk/en/,
phone,pass,Published phone: 0714494698 ,https://mediation.gov.lk/en/,
phone,pass,Published phone: 0775558164 ,https://mediation.gov.lk/en/,
phone,pass,Published phone: 0717021001 ,https://mediation.gov.lk/en/,
phone,pass,Published phone: 0332223305 ,https://mediation.gov.lk/en/,
phone,pass,Published phone: 0770764794 ,https://mediation.gov.lk/en/,
phone,pass,Published phone: 0714490734 ,https://mediation.gov.lk/en/,
phone,pass,Published phone: 0453453326 ,https://mediation.gov.lk/en/,
phone,pass,Published phone: 0372282215 ,https://mediation.gov.lk/en/,
phone,pass,Published phone: 0312269488 ,https://mediation.gov.lk/en/,
phone,pass,Published phone: 0724172617 ,https://mediation.gov.lk/en/,
phone,pass,Published phone: 0714415625 ,https://mediation.gov.lk/en/,
phone,pass,Published phone: 0778900110 ,https://mediation.gov.lk/en/,
phone,pass,Published phone: 065-2225966 ,https://mediation.gov.lk/en/,
phone,pass,Published phone: 0718299359 ,https://mediation.gov.lk/en/,
phone,pass,Published phone: 0776266877 ,https://mediation.gov.lk/en/,
phone,pass,Published phone: 0552257086 ,https://mediation.gov.lk/en/,
phone,pass,Published phone: 0763891558 ,https://mediation.gov.lk/en/,
phone,pass,Published phone: 0713915657 ,https://mediation.gov.lk/en/,
phone,pass,Published phone: 077-5046243 ,https://mediation.gov.lk/en/,
phone,pass,Published phone: 0779546171 ,https://mediation.gov.lk/en/,
phone,pass,Published phone: 0633632231 ,https://mediation.gov.lk/en/,
phone,pass,Published phone: 0776118238 ,https://mediation.gov.lk/en/,
phone,pass,Published phone: 0718289601 ,https://mediation.gov.lk/en/,
phone,pass,Published phone: 077 226 6235 ,https://mediation.gov.lk/en/,
phone,pass,Published phone: 0714150593 ,https://mediation.gov.lk/en/,
phone,pass,Published phone: 077 - 6234560 ,https://mediation.gov.lk/en/,
phone,pass,Published phone: 0272246889,https://mediation.gov.lk/en/,
phone,pass,Published phone: 0553551177 ,https://mediation.gov.lk/en/,
phone,pass,Published phone: 0774378371 ,https://mediation.gov.lk/en/,
phone,pass,Published phone: 0776474750 ,https://mediation.gov.lk/en/,
phone,pass,Published phone: 065 - 3064424 ,https://mediation.gov.lk/en/,
phone,pass,Published phone: 0724489951 ,https://mediation.gov.lk/en/,
phone,pass,Published phone: 0662222051 ,https://mediation.gov.lk/en/,
phone,pass,Published phone: 0769905100 ,https://mediation.gov.lk/en/,
phone,pass,Published phone: 0718303552 ,https://mediation.gov.lk/en/,
phone,pass,Published phone: 0718012524 ,https://mediation.gov.lk/en/,
phone,pass,Published phone: 0252255158 ,https://mediation.gov.lk/en/,
phone,pass,Published phone: 0812052470,https://mediation.gov.lk/en/,
phone,pass,Published phone: 0373373779 ,https://mediation.gov.lk/en/,
phone,pass,Published phone: 0770395252 ,https://mediation.gov.lk/en/,
phone,pass,Published phone: 03. 026-32005,https://mediation.gov.lk/en/,
phone,pass,Published phone: 077 - 9001352 ,https://mediation.gov.lk/en/,
phone,pass,Published phone: 0714400066 ,https://mediation.gov.lk/en/,
phone,pass,Published phone: 0777968732 ,https://mediation.gov.lk/en/,
phone,pass,Published phone: 0714824501 ,https://mediation.gov.lk/en/,
phone,pass,Published phone: 0812461889 ,https://mediation.gov.lk/en/,
phone,pass,Published phone: 071 591 6499 ,https://mediation.gov.lk/en/,
phone,pass,Published phone: 0632222824 ,https://mediation.gov.lk/en/,
phone,pass,Published phone: 0812050397 ,https://mediation.gov.lk/en/,
phone,pass,Published phone: 0724609938 ,https://mediation.gov.lk/en/,
phone,pass,Published phone: 0812236990 ,https://mediation.gov.lk/en/,
phone,pass,Published phone: 0375681946 ,https://mediation.gov.lk/en/,
phone,pass,Published phone: 0718376407 ,https://mediation.gov.lk/en/,
phone,pass,Published phone: 0718308581 ,https://mediation.gov.lk/en/,
phone,pass,Published phone: 0812467402 ,https://mediation.gov.lk/en/,
phone,pass,Published phone: 0555753207,https://mediation.gov.lk/en/,
phone,pass,Published phone: 0718214005 ,https://mediation.gov.lk/en/,
phone,pass,Published phone: 0770229653 ,https://mediation.gov.lk/en/,
phone,pass,Published phone: 0768612398 ,https://mediation.gov.lk/en/,
phone,pass,Published phone: 0472220880 ,https://mediation.gov.lk/en/,
phone,pass,Published phone: 077 -7061745 ,https://mediation.gov.lk/en/,
phone,pass,Published phone: 0716012874 ,https://mediation.gov.lk/en/,
phone,pass,Published phone: 0718127358 ,https://mediation.gov.lk/en/,
phone,pass,Published phone: 0272242176 ,https://mediation.gov.lk/en/,
phone,pass,Published phone: 077-4147994 ,https://mediation.gov.lk/en/,
phone,pass,Published phone: 0272050183 ,https://mediation.gov.lk/en/,
phone,pass,Published phone: 0718210021 ,https://mediation.gov.lk/en/,
phone,pass,Published phone: 0452279219 ,https://mediation.gov.lk/en/,
phone,pass,Published phone: 077 - 9695391 ,https://mediation.gov.lk/en/,
phone,pass,Published phone: 0710911333 ,https://mediation.gov.lk/en/,
phone,pass,Published phone: 0473488391 ,https://mediation.gov.lk/en/,
phone,pass,Published phone: 077 - 7890730 ,https://mediation.gov.lk/en/,
phone,pass,Published phone: 0724731516 ,https://mediation.gov.lk/en/,
phone,pass,Published phone: 0712338853 ,https://mediation.gov.lk/en/,
phone,pass,Published phone: 0766923692 ,https://mediation.gov.lk/en/,
phone,pass,Published phone: 077-0345141 ,https://mediation.gov.lk/en/,
phone,pass,Published phone: 0714459827 ,https://mediation.gov.lk/en/,
phone,pass,Published phone: 0362247275 ,https://mediation.gov.lk/en/,
phone,pass,Published phone: 0771424536 ,https://mediation.gov.lk/en/,
phone,pass,Published phone: 0572050023 ,https://mediation.gov.lk/en/,
phone,pass,Published phone: 08 065-36448,https://mediation.gov.lk/en/,
phone,pass,Published phone: 0719032560 ,https://mediation.gov.lk/en/,
phone,pass,Published phone: 0112704117 ,https://mediation.gov.lk/en/,
phone,pass,Published phone: 077-3586958 ,https://mediation.gov.lk/en/,
phone,pass,Published phone: 0342284688 ,https://mediation.gov.lk/en/,
phone,pass,Published phone: 0729359136 ,https://mediation.gov.lk/en/,
phone,pass,Published phone: 067 -2277696 ,https://mediation.gov.lk/en/,
phone,pass,Published phone: 0779341788 ,https://mediation.gov.lk/en/,
phone,pass,Published phone: 0112963499 ,https://mediation.gov.lk/en/,
phone,pass,Published phone: 0322251447 ,https://mediation.gov.lk/en/,
phone,pass,Published phone: 077-0465352 ,https://mediation.gov.lk/en/,
phone,pass,Published phone: 0412259371,https://mediation.gov.lk/en/,
phone,pass,Published phone: 0814956959 ,https://mediation.gov.lk/en/,
phone,pass,Published phone: 0775922303 ,https://mediation.gov.lk/en/,
phone,pass,Published phone: 0714413423 ,https://mediation.gov.lk/en/,
phone,pass,Published phone: 0382284419,https://mediation.gov.lk/en/,
phone,pass,Published phone: 0252056560 ,https://mediation.gov.lk/en/,
phone,pass,Published phone: 0273275778 ,https://mediation.gov.lk/en/,
phone,pass,Published phone: 0452286880 ,https://mediation.gov.lk/en/,
phone,pass,Published phone: 0112933232 ,https://mediation.gov.lk/en/,
phone,pass,Published phone: 0712573732 ,https://mediation.gov.lk/en/,
phone,pass,Published phone: 0716789056 ,https://mediation.gov.lk/en/,
phone,pass,Published phone: 0775491052 ,https://mediation.gov.lk/en/,
phone,pass,Published phone: 0777870373 ,https://mediation.gov.lk/en/,
phone,pass,Published phone: 0252222735 ,https://mediation.gov.lk/en/,
phone,pass,Published phone: 0710666548 ,https://mediation.gov.lk/en/,
phone,pass,Published phone: 0775075617 ,https://mediation.gov.lk/en/,
phone,pass,Published phone: 0776054806 ,https://mediation.gov.lk/en/,
phone,pass,Published phone: 0711735601 ,https://mediation.gov.lk/en/,
phone,pass,Published phone: 0776255372 ,https://mediation.gov.lk/en/,
phone,pass,Published phone: 0719648977 ,https://mediation.gov.lk/en/,
phone,pass,Published phone: 0662244193 ,https://mediation.gov.lk/en/,
phone,pass,Published phone: 0312252937 ,https://mediation.gov.lk/en/,
phone,pass,Published phone: 0342270260 ,https://mediation.gov.lk/en/,
phone,pass,Published phone: 077-7740443 ,https://mediation.gov.lk/en/,
phone,pass,Published phone: 077 595 8113 ,https://mediation.gov.lk/en/,
phone,pass,Published phone: 0711569994 ,https://mediation.gov.lk/en/,
phone,pass,Published phone: 0715772265 ,https://mediation.gov.lk/en/,
phone,pass,Published phone: 0762030382 ,https://mediation.gov.lk/en/,
phone,pass,Published phone: 0715866232 ,https://mediation.gov.lk/en/,
phone,pass,Published phone: 0777945364 ,https://mediation.gov.lk/en/,
phone,pass,Published phone: 0776225513 ,https://mediation.gov.lk/en/,
phone,pass,Published phone: 0719252720 ,https://mediation.gov.lk/en/,
phone,pass,Published phone: 0712958395 ,https://mediation.gov.lk/en/,
phone,pass,Published phone: 0714545306 ,https://mediation.gov.lk/en/,
phone,pass,Published phone: 0779952937 ,https://mediation.gov.lk/en/,
phone,pass,Published phone: 0712025937 ,https://mediation.gov.lk/en/,
phone,pass,Published phone: 0718159152 ,https://mediation.gov.lk/en/,
phone,pass,Published phone: 0553554660 ,https://mediation.gov.lk/en/,
phone,pass,Published phone: 0718055014 ,https://mediation.gov.lk/en/,
phone,pass,Published phone: 0726112095 ,https://mediation.gov.lk/en/,
phone,pass,Published phone: 0776530994 ,https://mediation.gov.lk/en/,
phone,pass,Published phone: 0112977072 ,https://mediation.gov.lk/en/,
phone,pass,Published phone: 0322255467 ,https://mediation.gov.lk/en/,
phone,pass,Published phone: 0712262891 ,https://mediation.gov.lk/en/,
phone,pass,Published phone: 0662220760 ,https://mediation.gov.lk/en/,
phone,pass,Published phone: 0774088217,https://mediation.gov.lk/en/,
phone,pass,Published phone: 0779088545 ,https://mediation.gov.lk/en/,
phone,pass,Published phone: 027 222 2233 ,https://mediation.gov.lk/en/,
phone,pass,Published phone: 0775488929 ,https://mediation.gov.lk/en/,
phone,pass,Published phone: 0775757102 ,https://mediation.gov.lk/en/,
phone,pass,Published phone: 02. 077 - 28583,https://mediation.gov.lk/en/,
phone,pass,Published phone: 0776186887 ,https://mediation.gov.lk/en/,
phone,pass,Published phone: 0312299004 ,https://mediation.gov.lk/en/,
phone,pass,Published phone: 0713315148 ,https://mediation.gov.lk/en/,
phone,pass,Published phone: 0768142956 ,https://mediation.gov.lk/en/,
phone,pass,Published phone: 0718020009 ,https://mediation.gov.lk/en/,
phone,pass,Published phone: 077-6658979 ,https://mediation.gov.lk/en/,
phone,pass,Published phone: 0718942917 ,https://mediation.gov.lk/en/,
phone,pass,Published phone: 0764684272 ,https://mediation.gov.lk/en/,
phone,pass,Published phone: 0372053607 ,https://mediation.gov.lk/en/,
phone,pass,Published phone: 0715955628 ,https://mediation.gov.lk/en/,
phone,pass,Published phone: 0716262350 ,https://mediation.gov.lk/en/,
phone,pass,Published phone: 0373614948 ,https://mediation.gov.lk/en/,
phone,pass,Published phone: 0452275929 ,https://mediation.gov.lk/en/,
phone,pass,Published phone: 0718263962 ,https://mediation.gov.lk/en/,
phone,pass,Published phone: 0775072275 ,https://mediation.gov.lk/en/,
phone,pass,Published phone: 0718463194 ,https://mediation.gov.lk/en/,
phone,pass,Published phone: 0728348348 ,https://mediation.gov.lk/en/,
phone,pass,Published phone: 071 - 4247377 ,https://mediation.gov.lk/en/,
phone,pass,Published phone: 077- 6673580 ,https://mediation.gov.lk/en/,
phone,pass,Published phone: 0375681165 ,https://mediation.gov.lk/en/,
phone,pass,Published phone: 0112850713 ,https://mediation.gov.lk/en/,
phone,pass,Published phone: 0715526864 ,https://mediation.gov.lk/en/,
phone,pass,Published phone: 0772028208 ,https://mediation.gov.lk/en/,
phone,pass,Published phone: 0714429370 ,https://mediation.gov.lk/en/,
phone,pass,Published phone: 077 - 3574000 ,https://mediation.gov.lk/en/,
phone,pass,Published phone: 0452262664 ,https://mediation.gov.lk/en/,
phone,pass,Published phone: 065-2225596 ,https://mediation.gov.lk/en/,
phone,pass,Published phone: 0242224393 ,https://mediation.gov.lk/en/,
phone,pass,Published phone: 065 -3643617 ,https://mediation.gov.lk/en/,
phone,pass,Published phone: 0764754446 ,https://mediation.gov.lk/en/,
phone,pass,Published phone: 0728459918 ,https://mediation.gov.lk/en/,
phone,pass,Published phone: 0373378339 ,https://mediation.gov.lk/en/,
phone,pass,Published phone: 077-9781600 ,https://mediation.gov.lk/en/,
phone,pass,Published phone: 0718322479 ,https://mediation.gov.lk/en/,
phone,pass,Published phone: 011 253 6090 ,https://mediation.gov.lk/en/,
phone,pass,Published phone: 065-3656283 ,https://mediation.gov.lk/en/,
phone,pass,Published phone: 0718240840 ,https://mediation.gov.lk/en/,
phone,pass,Published phone: 0412287302 ,https://mediation.gov.lk/en/,
phone,pass,Published phone: 0770513858 ,https://mediation.gov.lk/en/,
phone,pass,Published phone: 077- 0553398 ,https://mediation.gov.lk/en/,
phone,pass,Published phone: 0472251331 ,https://mediation.gov.lk/en/,
phone,pass,Published phone: 0712395507 ,https://mediation.gov.lk/en/,
phone,pass,Published phone: 0714478214 ,https://mediation.gov.lk/en/,
phone,pass,Published phone: 0663664231 ,https://mediation.gov.lk/en/,
phone,pass,Published phone: 0716614844 ,https://mediation.gov.lk/en/,
phone,pass,Published phone: 0774536710 ,https://mediation.gov.lk/en/,
phone,pass,Published phone: 0712677000 ,https://mediation.gov.lk/en/,
phone,pass,Published phone: 0265680809 ,https://mediation.gov.lk/en/,
phone,pass,Published phone: 0714418155,https://mediation.gov.lk/en/,
phone,pass,Published phone: 0776134767 ,https://mediation.gov.lk/en/,
phone,pass,Published phone: 0712599497 ,https://mediation.gov.lk/en/,
phone,pass,Published phone: 0252275096 ,https://mediation.gov.lk/en/,
phone,pass,Published phone: 0713028664 ,https://mediation.gov.lk/en/,
phone,pass,Published phone: 0716626600 ,https://mediation.gov.lk/en/,
phone,pass,Published phone: 0112971725 ,https://mediation.gov.lk/en/,
phone,pass,Published phone: 0740873944 ,https://mediation.gov.lk/en/,
phone,pass,Published phone: 0252269066 ,https://mediation.gov.lk/en/,
phone,pass,Published phone: 071 3019633 ,https://mediation.gov.lk/en/,
phone,pass,Published phone: 0 011 246557,https://mediation.gov.lk/en/,
phone,pass,Published phone: 011 2702224 ,https://mediation.gov.lk/en/,
phone,pass,Published phone: 0475634020 ,https://mediation.gov.lk/en/,
phone,pass,Published phone: 0763590418 ,https://mediation.gov.lk/en/,
phone,pass,Published phone: 0552263960 ,https://mediation.gov.lk/en/,
phone,pass,Published phone: 0779687027 ,https://mediation.gov.lk/en/,
phone,pass,Published phone: 0702930269 ,https://mediation.gov.lk/en/,
phone,pass,Published phone: 0572244056 ,https://mediation.gov.lk/en/,
phone,pass,Published phone: 0633631735 ,https://mediation.gov.lk/en/,
phone,pass,Published phone: 0718424844 ,https://mediation.gov.lk/en/,
phone,pass,Published phone: 0717574824 ,https://mediation.gov.lk/en/,
phone,pass,Published phone: 07746 47244 ,https://mediation.gov.lk/en/,
phone,pass,Published phone: 0728474574 ,https://mediation.gov.lk/en/,
phone,pass,Published phone: 0718679675 ,https://mediation.gov.lk/en/,
phone,pass,Published phone: 0779045998 ,https://mediation.gov.lk/en/,
phone,pass,Published phone: 0719221650 ,https://mediation.gov.lk/en/,
phone,pass,Published phone: 0714530178 ,https://mediation.gov.lk/en/,
phone,pass,Published phone: 0522279477 ,https://mediation.gov.lk/en/,
phone,pass,Published phone: 065 - 2225277 ,https://mediation.gov.lk/en/,
phone,pass,Published phone: 0718301512 ,https://mediation.gov.lk/en/,
phone,pass,Published phone: 0712912099 ,https://mediation.gov.lk/en/,
phone,pass,Published phone: 070 2589604 ,https://mediation.gov.lk/en/,
phone,pass,Published phone: 0342245543 ,https://mediation.gov.lk/en/,
phone,pass,Published phone: 0913883619 ,https://mediation.gov.lk/en/,
phone,pass,Published phone: 0776348995 ,https://mediation.gov.lk/en/,
phone,pass,Published phone: 0112873068 ,https://mediation.gov.lk/en/,
phone,pass,Published phone: 0275687136 ,https://mediation.gov.lk/en/,
phone,pass,Published phone: 0778948307 ,https://mediation.gov.lk/en/,
phone,pass,Published phone: 0779130909 ,https://mediation.gov.lk/en/,
phone,pass,Published phone: 0772651511 ,https://mediation.gov.lk/en/,
phone,pass,Published phone: 0711489186 ,https://mediation.gov.lk/en/,
phone,pass,Published phone: 0262255055 ,https://mediation.gov.lk/en/,
phone,pass,Published phone: 0252224993 ,https://mediation.gov.lk/en/,
phone,pass,Published phone: 0718001766 ,https://mediation.gov.lk/en/,
phone,pass,Published phone: 0252276592 ,https://mediation.gov.lk/en/,
phone,pass,Published phone: 0712802247 ,https://mediation.gov.lk/en/,
phone,pass,Published phone: 077- 6006353 ,https://mediation.gov.lk/en/,
phone,pass,Published phone: 0372279151 ,https://mediation.gov.lk/en/,
phone,pass,Published phone: 077-3893529 ,https://mediation.gov.lk/en/,
phone,pass,Published phone: 0912296692 ,https://mediation.gov.lk/en/,
phone,pass,Published phone: 0768849271 ,https://mediation.gov.lk/en/,
phone,pass,Published phone: 0775422735 ,https://mediation.gov.lk/en/,
phone,pass,Published phone: 0716321323 ,https://mediation.gov.lk/en/,
phone,pass,Published phone: 0632051866 ,https://mediation.gov.lk/en/,
phone,pass,Published phone: 077-6986135 ,https://mediation.gov.lk/en/,
phone,pass,Published phone: 065 - 5672007 ,https://mediation.gov.lk/en/,
phone,pass,Published phone: 0252236580 ,https://mediation.gov.lk/en/,
phone,pass,Published phone: 0713449701 ,https://mediation.gov.lk/en/,
phone,pass,Published phone: 0722537181 ,https://mediation.gov.lk/en/,
phone,pass,Published phone: 0718168938 ,https://mediation.gov.lk/en/,
phone,pass,Published phone: 0412251147 ,https://mediation.gov.lk/en/,
phone,pass,Published phone: 077-6150680 ,https://mediation.gov.lk/en/,
phone,pass,Published phone: 0718008917 ,https://mediation.gov.lk/en/,
phone,pass,Published phone: 0773145795 ,https://mediation.gov.lk/en/,
phone,pass,Published phone: 077-1227699 ,https://mediation.gov.lk/en/,
phone,pass,Published phone: 0373988723 ,https://mediation.gov.lk/en/,
phone,pass,Published phone: 0254902513 ,https://mediation.gov.lk/en/,
phone,pass,Published phone: 0764162329 ,https://mediation.gov.lk/en/,
phone,pass,Published phone: 0714373025 ,https://mediation.gov.lk/en/,
phone,pass,Published phone: 0778388993 ,https://mediation.gov.lk/en/,
phone,pass,Published phone: 077 - 4567314 ,https://mediation.gov.lk/en/,
phone,pass,Published phone: 0705267433 ,https://mediation.gov.lk/en/,
phone,pass,Published phone: 0415780220 ,https://mediation.gov.lk/en/,
phone,pass,Published phone: 0711110532 ,https://mediation.gov.lk/en/,
phone,pass,Published phone: 077-7111979 ,https://mediation.gov.lk/en/,
phone,pass,Published phone: 0769388001 ,https://mediation.gov.lk/en/,
phone,pass,Published phone: 0715703960 ,https://mediation.gov.lk/en/,
phone,pass,Published phone: 0705827887 ,https://mediation.gov.lk/en/,
phone,pass,Published phone: 0716160645 ,https://mediation.gov.lk/en/,
phone,pass,Published phone: 0778940814 ,https://mediation.gov.lk/en/,
phone,pass,Published phone: 0716087454 ,https://mediation.gov.lk/en/,
phone,pass,Published phone: 0342251068 ,https://mediation.gov.lk/en/,
phone,pass,Published phone: 0711503169 ,https://mediation.gov.lk/en/,
phone,pass,Published phone: 0774990377 ,https://mediation.gov.lk/en/,
phone,pass,Published phone: 0112289640 ,https://mediation.gov.lk/en/,
phone,pass,Published phone: 0352267216 ,https://mediation.gov.lk/en/,
phone,pass,Published phone: 077-2080525 ,https://mediation.gov.lk/en/,
phone,pass,Published phone: 037-2249119 ,https://mediation.gov.lk/en/,
phone,pass,Published phone: 0252254200 ,https://mediation.gov.lk/en/,
phone,pass,Published phone: 0353351341 ,https://mediation.gov.lk/en/,
phone,pass,Published phone: 0711754099 ,https://mediation.gov.lk/en/,
phone,pass,Published phone: 0775050330 ,https://mediation.gov.lk/en/,
email,pass,Published email: general@mediation.gov.lk,https://mediation.gov.lk/en/,
email,pass,Published email: mbc2016.gov@gmail.com,https://mediation.gov.lk/en/,
postal_address,pass,"Published postal address: tsunami-related disputes, migrant worker grievances, financial disputes as well as land disputes . BENEFITS OF MEDIATION",https://mediation.gov.lk/en/,
named_responsibility,pass,Published named responsibility: director,https://mediation.gov.lk/en/,
legal_basis,pass,Published legal basis: gazette,https://mediation.gov.lk/en/,
fees_and_payment,pass,"Published fees and payment: rs,",https://mediation.gov.lk/en/,
phone,pass,Published phone: 077-3984594 ,http://mediation.gov.lk/en/,
phone,pass,Published phone: 0782053799 ,http://mediation.gov.lk/en/,
phone,pass,Published phone: 0701562476 ,http://mediation.gov.lk/en/,
phone,pass,Published phone: 0717852976 ,http://mediation.gov.lk/en/,
phone,pass,Published phone: 0252222099,http://mediation.gov.lk/en/,
phone,pass,Published phone: 0714414890 ,http://mediation.gov.lk/en/,
phone,pass,Published phone: 077-4793517 ,http://mediation.gov.lk/en/,
phone,pass,Published phone: 066- 2224460 ,http://mediation.gov.lk/en/,
phone,pass,Published phone: 0382244124 ,http://mediation.gov.lk/en/,
phone,pass,Published phone: 0552250411 ,http://mediation.gov.lk/en/,
phone,pass,Published phone: 0715380034 ,http://mediation.gov.lk/en/,
phone,pass,Published phone: 0779790106 ,http://mediation.gov.lk/en/,
phone,pass,Published phone: 0711850296 ,http://mediation.gov.lk/en/,
phone,pass,Published phone: 0253257682 ,http://mediation.gov.lk/en/,
phone,pass,Published phone: 0778461450 ,http://mediation.gov.lk/en/,
phone,pass,Published phone: 0714500362 ,http://mediation.gov.lk/en/,
phone,pass,Published phone: 0472225485 ,http://mediation.gov.lk/en/,
phone,pass,Published phone: 0473485592 ,http://mediation.gov.lk/en/,
phone,pass,Published phone: 077-0666948 ,http://mediation.gov.lk/en/,
phone,pass,Published phone: 0718426733 ,http://mediation.gov.lk/en/,
phone,pass,Published phone: 0253257552,http://mediation.gov.lk/en/,
phone,pass,Published phone: 0472280068 ,http://mediation.gov.lk/en/,
phone,pass,Published phone: 0715564503 ,http://mediation.gov.lk/en/,
phone,pass,Published phone: 0273274612 ,http://mediation.gov.lk/en/,
phone,pass,Published phone: 0776160104 ,http://mediation.gov.lk/en/,
phone,pass,Published phone: +94 112 334 323,http://mediation.gov.lk/en/,
phone,pass,Published phone: 0776130543 ,http://mediation.gov.lk/en/,
phone,pass,Published phone: 0332262401 ,http://mediation.gov.lk/en/,
phone,pass,Published phone: 03. 077-62194,http://mediation.gov.lk/en/,
phone,pass,Published phone: 0252050547,http://mediation.gov.lk/en/,
phone,pass,Published phone: 0718390995 ,http://mediation.gov.lk/en/,
phone,pass,Published phone: 0112 334 323 ,http://mediation.gov.lk/en/,
phone,pass,Published phone: 0712042715 ,http://mediation.gov.lk/en/,
phone,pass,Published phone: 0711602634 ,http://mediation.gov.lk/en/,
phone,pass,Published phone: 0713350755 ,http://mediation.gov.lk/en/,
phone,pass,Published phone: 081 241 5519 ,http://mediation.gov.lk/en/,
phone,pass,Published phone: 0332292253 ,http://mediation.gov.lk/en/,
phone,pass,Published phone: 077 - 9347111 ,http://mediation.gov.lk/en/,
phone,pass,Published phone: 0715759355 ,http://mediation.gov.lk/en/,
phone,pass,Published phone: 0375687186 ,http://mediation.gov.lk/en/,
phone,pass,Published phone: 0372275797 ,http://mediation.gov.lk/en/,
phone,pass,Published phone: 0716898761 ,http://mediation.gov.lk/en/,
phone,pass,Published phone: 077-4257471 ,http://mediation.gov.lk/en/,
phone,pass,Published phone: 071 529 8224 ,http://mediation.gov.lk/en/,
phone,pass,Published phone: 063- 2248118 ,http://mediation.gov.lk/en/,
phone,pass,Published phone: 0717852830 ,http://mediation.gov.lk/en/,
phone,pass,Published phone: 0714255008 ,http://mediation.gov.lk/en/,
phone,pass,Published phone: 0766050233 ,http://mediation.gov.lk/en/,
phone,pass,Published phone: 0713267586,http://mediation.gov.lk/en/,
phone,pass,Published phone: 0774400852 ,http://mediation.gov.lk/en/,
phone,pass,Published phone: 077-1999354 ,http://mediation.gov.lk/en/,
phone,pass,Published phone: 0716733864 ,http://mediation.gov.lk/en/,
phone,pass,Published phone: 0312258267 ,http://mediation.gov.lk/en/,
phone,pass,Published phone: 05 077 - 23042,http://mediation.gov.lk/en/,
phone,pass,Published phone: +94 112 334 258 ,http://mediation.gov.lk/en/,
phone,pass,Published phone: 077-9968516 ,http://mediation.gov.lk/en/,
phone,pass,Published phone: 077-9421331 ,http://mediation.gov.lk/en/,
phone,pass,Published phone: 0718654012 ,http://mediation.gov.lk/en/,
phone,pass,Published phone: 0714967854 ,http://mediation.gov.lk/en/,
phone,pass,Published phone: 0789881692 ,http://mediation.gov.lk/en/,
phone,pass,Published phone: 077-3934165 ,http://mediation.gov.lk/en/,
phone,pass,Published phone: 0112675522 ,http://mediation.gov.lk/en/,
phone,pass,Published phone: 0352258566 ,http://mediation.gov.lk/en/,
phone,pass,Published phone: 0767557102 ,http://mediation.gov.lk/en/,
phone,pass,Published phone: 077-6699030 ,http://mediation.gov.lk/en/,
phone,pass,Published phone: 0342247058 ,http://mediation.gov.lk/en/,
phone,pass,Published phone: 0774228880 ,http://mediation.gov.lk/en/,
phone,pass,Published phone: 0352246201 ,http://mediation.gov.lk/en/,
phone,pass,Published phone: 0726080728 ,http://mediation.gov.lk/en/,
phone,pass,Published phone: 077- 9042390 ,http://mediation.gov.lk/en/,
phone,pass,Published phone: 0718355125 ,http://mediation.gov.lk/en/,
phone,pass,Published phone: 0662283654 ,http://mediation.gov.lk/en/,
phone,pass,Published phone: 047 225 6040 ,http://mediation.gov.lk/en/,
phone,pass,Published phone: 0714493383 ,http://mediation.gov.lk/en/,
phone,pass,Published phone: 0555788499 ,http://mediation.gov.lk/en/,
phone,pass,Published phone: 0412268236 ,http://mediation.gov.lk/en/,
phone,pass,Published phone: 0777-070117 ,http://mediation.gov.lk/en/,
phone,pass,Published phone: 0718273046 ,http://mediation.gov.lk/en/,
phone,pass,Published phone: 0713435169 ,http://mediation.gov.lk/en/,
phone,pass,Published phone: 077-6007451 ,http://mediation.gov.lk/en/,
phone,pass,Published phone: 0713495373 ,http://mediation.gov.lk/en/,
phone,pass,Published phone: 0718663816 ,http://mediation.gov.lk/en/,
phone,pass,Published phone: 077-8543651 ,http://mediation.gov.lk/en/,
phone,pass,Published phone: 0362258335 ,http://mediation.gov.lk/en/,
phone,pass,Published phone: 021-3218314 ,http://mediation.gov.lk/en/,
phone,pass,Published phone: 0472245232 ,http://mediation.gov.lk/en/,
phone,pass,Published phone: 0543540137 ,http://mediation.gov.lk/en/,
phone,pass,Published phone: 0262054510 ,http://mediation.gov.lk/en/,
phone,pass,Published phone: 0472254861 ,http://mediation.gov.lk/en/,
phone,pass,Published phone: 0774476887 ,http://mediation.gov.lk/en/,
phone,pass,Published phone: 077 - 9515490 ,http://mediation.gov.lk/en/,
phone,pass,Published phone: 0713852944 ,http://mediation.gov.lk/en/,
phone,pass,Published phone: 0253251507,http://mediation.gov.lk/en/,
phone,pass,Published phone: 0711144850 ,http://mediation.gov.lk/en/,
phone,pass,Published phone: 0254924475 ,http://mediation.gov.lk/en/,
phone,pass,Published phone: 0779790009 ,http://mediation.gov.lk/en/,
phone,pass,Published phone: 077-8399465 ,http://mediation.gov.lk/en/,
phone,pass,Published phone: 0765719191 ,http://mediation.gov.lk/en/,
phone,pass,Published phone: 081 231 1130,http://mediation.gov.lk/en/,
phone,pass,Published phone: 0417910035 ,http://mediation.gov.lk/en/,
phone,pass,Published phone: 0773166091 ,http://mediation.gov.lk/en/,
phone,pass,Published phone: 0761800047 ,http://mediation.gov.lk/en/,
phone,pass,Published phone: 0342257057 ,http://mediation.gov.lk/en/,
phone,pass,Published phone: 0778924833 ,http://mediation.gov.lk/en/,
phone,pass,Published phone: 0372285869 ,http://mediation.gov.lk/en/,
phone,pass,Published phone: 0812365705 ,http://mediation.gov.lk/en/,
phone,pass,Published phone: 0362255257 ,http://mediation.gov.lk/en/,
phone,pass,Published phone: 0453453851 ,http://mediation.gov.lk/en/,
phone,pass,Published phone: 02 077-36209,http://mediation.gov.lk/en/,
phone,pass,Published phone: 0912241335 ,http://mediation.gov.lk/en/,
phone,pass,Published phone: 0372244778 ,http://mediation.gov.lk/en/,
phone,pass,Published phone: 0253057887 ,http://mediation.gov.lk/en/,
phone,pass,Published phone: 0773209467 ,http://mediation.gov.lk/en/,
phone,pass,Published phone: 0725577128 ,http://mediation.gov.lk/en/,
phone,pass,Published phone: 0701311969 ,http://mediation.gov.lk/en/,
phone,pass,Published phone: 0711477159 ,http://mediation.gov.lk/en/,
phone,pass,Published phone: 065- 3641121 ,http://mediation.gov.lk/en/,
phone,pass,Published phone: 0779831726 ,http://mediation.gov.lk/en/,
phone,pass,Published phone: 0784525966 ,http://mediation.gov.lk/en/,
phone,pass,Published phone: 0812493517 ,http://mediation.gov.lk/en/,
phone,pass,Published phone: 065 -4910167 ,http://mediation.gov.lk/en/,
phone,pass,Published phone: 0252266713 ,http://mediation.gov.lk/en/,
phone,pass,Published phone: 0332275413 ,http://mediation.gov.lk/en/,
phone,pass,Published phone: 0714498368 ,http://mediation.gov.lk/en/,
phone,pass,Published phone: 0745820161,http://mediation.gov.lk/en/,
phone,pass,Published phone: 0253893991 ,http://mediation.gov.lk/en/,
phone,pass,Published phone: 0352265259 ,http://mediation.gov.lk/en/,
phone,pass,Published phone: 0552273938 ,http://mediation.gov.lk/en/,
phone,pass,Published phone: 0812352074 ,http://mediation.gov.lk/en/,
phone,pass,Published phone: 0764440357 ,http://mediation.gov.lk/en/,
phone,pass,Published phone: 0718363553 ,http://mediation.gov.lk/en/,
phone,pass,Published phone: 0372233165 ,http://mediation.gov.lk/en/,
phone,pass,Published phone: 0375747170 ,http://mediation.gov.lk/en/,
phone,pass,Published phone: 0773616433 ,http://mediation.gov.lk/en/,
phone,pass,Published phone: 0662057899 ,http://mediation.gov.lk/en/,
phone,pass,Published phone: 037 229 5416 ,http://mediation.gov.lk/en/,
phone,pass,Published phone: 0718077592 ,http://mediation.gov.lk/en/,
phone,pass,Published phone: 067 - 2265099 ,http://mediation.gov.lk/en/,
phone,pass,Published phone: 077- 8014722 ,http://mediation.gov.lk/en/,
phone,pass,Published phone: 0777111881 ,http://mediation.gov.lk/en/,
phone,pass,Published phone: 0714808157 ,http://mediation.gov.lk/en/,
phone,pass,Published phone: 0712535956 ,http://mediation.gov.lk/en/,
phone,pass,Published phone: 0706655708 ,http://mediation.gov.lk/en/,
phone,pass,Published phone: 0715852901 ,http://mediation.gov.lk/en/,
phone,pass,Published phone: 0714473018 ,http://mediation.gov.lk/en/,
phone,pass,Published phone: 0452273338 ,http://mediation.gov.lk/en/,
phone,pass,Published phone: 0342222428 ,http://mediation.gov.lk/en/,
phone,pass,Published phone: 065-5681303 ,http://mediation.gov.lk/en/,
phone,pass,Published phone: 0632244027,http://mediation.gov.lk/en/,
phone,pass,Published phone: 077-9237757 ,http://mediation.gov.lk/en/,
phone,pass,Published phone: 0252276335 ,http://mediation.gov.lk/en/,
phone,pass,Published phone: 0713958724 ,http://mediation.gov.lk/en/,
phone,pass,Published phone: 0773555647 ,http://mediation.gov.lk/en/,
phone,pass,Published phone: 0718269549 ,http://mediation.gov.lk/en/,
phone,pass,Published phone: 0771528581 ,http://mediation.gov.lk/en/,
phone,pass,Published phone: 0714476248 ,http://mediation.gov.lk/en/,
phone,pass,Published phone: 0312223972 ,http://mediation.gov.lk/en/,
phone,pass,Published phone: 0716340210 ,http://mediation.gov.lk/en/,
phone,pass,Published phone: 077-4676556 ,http://mediation.gov.lk/en/,
phone,pass,Published phone: 0776407404 ,http://mediation.gov.lk/en/,
phone,pass,Published phone: 0412220547 ,http://mediation.gov.lk/en/,
phone,pass,Published phone: 0112823844 ,http://mediation.gov.lk/en/,
phone,pass,Published phone: 0112532897 ,http://mediation.gov.lk/en/,
phone,pass,Published phone: 0913935191 ,http://mediation.gov.lk/en/,
phone,pass,Published phone: 0714901813 ,http://mediation.gov.lk/en/,
phone,pass,Published phone: 0365719040 ,http://mediation.gov.lk/en/,
phone,pass,Published phone: 0773431612 ,http://mediation.gov.lk/en/,
phone,pass,Published phone: 0710641369 ,http://mediation.gov.lk/en/,
phone,pass,Published phone: 0777267293 ,http://mediation.gov.lk/en/,
phone,pass,Published phone: 0262248175 ,http://mediation.gov.lk/en/,
phone,pass,Published phone: 067-2260892 ,http://mediation.gov.lk/en/,
phone,pass,Published phone: 0712207782 ,http://mediation.gov.lk/en/,
phone,pass,Published phone: 0913914909 ,http://mediation.gov.lk/en/,
phone,pass,Published phone: 0372267159 ,http://mediation.gov.lk/en/,
phone,pass,Published phone: 0713528793 ,http://mediation.gov.lk/en/,
phone,pass,Published phone: 05. 077 - 42846,http://mediation.gov.lk/en/,
phone,pass,Published phone: 0112974542 ,http://mediation.gov.lk/en/,
phone,pass,Published phone: 0912211536 ,http://mediation.gov.lk/en/,
phone,pass,Published phone: 0767680228 ,http://mediation.gov.lk/en/,
phone,pass,Published phone: 0375778026 ,http://mediation.gov.lk/en/,
phone,pass,Published phone: 0552276090 ,http://mediation.gov.lk/en/,
phone,pass,Published phone: 0275716721 ,http://mediation.gov.lk/en/,
phone,pass,Published phone: 0278369630 ,http://mediation.gov.lk/en/,
phone,pass,Published phone: 077-1962122 ,http://mediation.gov.lk/en/,
phone,pass,Published phone: 02. 071 - 11118,http://mediation.gov.lk/en/,
phone,pass,Published phone: 0812461793 ,http://mediation.gov.lk/en/,
phone,pass,Published phone: 0778260850 ,http://mediation.gov.lk/en/,
phone,pass,Published phone: 0552276234 ,http://mediation.gov.lk/en/,
phone,pass,Published phone: 0714447940 ,http://mediation.gov.lk/en/,
phone,pass,Published phone: 0773501603 ,http://mediation.gov.lk/en/,
phone,pass,Published phone: 0372231028 ,http://mediation.gov.lk/en/,
phone,pass,Published phone: 0715550248 ,http://mediation.gov.lk/en/,
phone,pass,Published phone: 0575685668 ,http://mediation.gov.lk/en/,
phone,pass,Published phone: 0375643660,http://mediation.gov.lk/en/,
phone,pass,Published phone: 0325684794 ,http://mediation.gov.lk/en/,
phone,pass,Published phone: 0413400366,http://mediation.gov.lk/en/,
phone,pass,Published phone: 077 - 9377481 ,http://mediation.gov.lk/en/,
phone,pass,Published phone: 0812491956 ,http://mediation.gov.lk/en/,
phone,pass,Published phone: 0342223749 ,http://mediation.gov.lk/en/,
phone,pass,Published phone: 0718082839 ,http://mediation.gov.lk/en/,
phone,pass,Published phone: 0452255257 ,http://mediation.gov.lk/en/,
phone,pass,Published phone: 0912283747 ,http://mediation.gov.lk/en/,
phone,pass,Published phone: 04 077 -22843,http://mediation.gov.lk/en/,
phone,pass,Published phone: 0718359867 ,http://mediation.gov.lk/en/,
phone,pass,Published phone: 0718811794 ,http://mediation.gov.lk/en/,
phone,pass,Published phone: 0662244563 ,http://mediation.gov.lk/en/,
phone,pass,Published phone: 077- 6681798 ,http://mediation.gov.lk/en/,
phone,pass,Published phone: 077-4739889 ,http://mediation.gov.lk/en/,
phone,pass,Published phone: 0342278249 ,http://mediation.gov.lk/en/,
phone,pass,Published phone: 0253250903 ,http://mediation.gov.lk/en/,
phone,pass,Published phone: 0714405973 ,http://mediation.gov.lk/en/,
phone,pass,Published phone: 077- 3611108 ,http://mediation.gov.lk/en/,
phone,pass,Published phone: 0773647172 ,http://mediation.gov.lk/en/,
phone,pass,Published phone: 0454900898 ,http://mediation.gov.lk/en/,
phone,pass,Published phone: 0522229781 ,http://mediation.gov.lk/en/,
phone,pass,Published phone: 0773785285 ,http://mediation.gov.lk/en/,
phone,pass,Published phone: 077-3090911 ,http://mediation.gov.lk/en/,
phone,pass,Published phone: 0718671463 ,http://mediation.gov.lk/en/,
phone,pass,Published phone: 0343304335 ,http://mediation.gov.lk/en/,
phone,pass,Published phone: 0553559925 ,http://mediation.gov.lk/en/,
phone,pass,Published phone: 0813999492 ,http://mediation.gov.lk/en/,
phone,pass,Published phone: 027 205 2260,http://mediation.gov.lk/en/,
phone,pass,Published phone: 0714395322 ,http://mediation.gov.lk/en/,
phone,pass,Published phone: 0719172972 ,http://mediation.gov.lk/en/,
phone,pass,Published phone: 0776308671 ,http://mediation.gov.lk/en/,
phone,pass,Published phone: 0912291869 ,http://mediation.gov.lk/en/,
phone,pass,Published phone: 0702930297 ,http://mediation.gov.lk/en/,
phone,pass,Published phone: 0712911641 ,http://mediation.gov.lk/en/,
phone,pass,Published phone: 0112715523 ,http://mediation.gov.lk/en/,
phone,pass,Published phone: 0714468521 ,http://mediation.gov.lk/en/,
phone,pass,Published phone: 0345617458 ,http://mediation.gov.lk/en/,
phone,pass,Published phone: 0718120384 ,http://mediation.gov.lk/en/,
phone,pass,Published phone: 0914944849 ,http://mediation.gov.lk/en/,
phone,pass,Published phone: 0342222221 ,http://mediation.gov.lk/en/,
phone,pass,Published phone: 0714494698 ,http://mediation.gov.lk/en/,
phone,pass,Published phone: 0775558164 ,http://mediation.gov.lk/en/,
phone,pass,Published phone: 0717021001 ,http://mediation.gov.lk/en/,
phone,pass,Published phone: 0332223305 ,http://mediation.gov.lk/en/,
phone,pass,Published phone: 0770764794 ,http://mediation.gov.lk/en/,
phone,pass,Published phone: 0714490734 ,http://mediation.gov.lk/en/,
phone,pass,Published phone: 0453453326 ,http://mediation.gov.lk/en/,
phone,pass,Published phone: 0372282215 ,http://mediation.gov.lk/en/,
phone,pass,Published phone: 0312269488 ,http://mediation.gov.lk/en/,
phone,pass,Published phone: 0724172617 ,http://mediation.gov.lk/en/,
phone,pass,Published phone: 0714415625 ,http://mediation.gov.lk/en/,
phone,pass,Published phone: 0778900110 ,http://mediation.gov.lk/en/,
phone,pass,Published phone: 065-2225966 ,http://mediation.gov.lk/en/,
phone,pass,Published phone: 0718299359 ,http://mediation.gov.lk/en/,
phone,pass,Published phone: 0776266877 ,http://mediation.gov.lk/en/,
phone,pass,Published phone: 0552257086 ,http://mediation.gov.lk/en/,
phone,pass,Published phone: 0763891558 ,http://mediation.gov.lk/en/,
phone,pass,Published phone: 0713915657 ,http://mediation.gov.lk/en/,
phone,pass,Published phone: 077-5046243 ,http://mediation.gov.lk/en/,
phone,pass,Published phone: 0779546171 ,http://mediation.gov.lk/en/,
phone,pass,Published phone: 0633632231 ,http://mediation.gov.lk/en/,
phone,pass,Published phone: 0776118238 ,http://mediation.gov.lk/en/,
phone,pass,Published phone: 0718289601 ,http://mediation.gov.lk/en/,
phone,pass,Published phone: 077 226 6235 ,http://mediation.gov.lk/en/,
phone,pass,Published phone: 0714150593 ,http://mediation.gov.lk/en/,
phone,pass,Published phone: 077 - 6234560 ,http://mediation.gov.lk/en/,
phone,pass,Published phone: 0272246889,http://mediation.gov.lk/en/,
phone,pass,Published phone: 0553551177 ,http://mediation.gov.lk/en/,
phone,pass,Published phone: 0774378371 ,http://mediation.gov.lk/en/,
phone,pass,Published phone: 0776474750 ,http://mediation.gov.lk/en/,
phone,pass,Published phone: 065 - 3064424 ,http://mediation.gov.lk/en/,
phone,pass,Published phone: 0724489951 ,http://mediation.gov.lk/en/,
phone,pass,Published phone: 0662222051 ,http://mediation.gov.lk/en/,
phone,pass,Published phone: 0769905100 ,http://mediation.gov.lk/en/,
phone,pass,Published phone: 0718303552 ,http://mediation.gov.lk/en/,
phone,pass,Published phone: 0718012524 ,http://mediation.gov.lk/en/,
phone,pass,Published phone: 0252255158 ,http://mediation.gov.lk/en/,
phone,pass,Published phone: 0812052470,http://mediation.gov.lk/en/,
phone,pass,Published phone: 0373373779 ,http://mediation.gov.lk/en/,
phone,pass,Published phone: 0770395252 ,http://mediation.gov.lk/en/,
phone,pass,Published phone: 03. 026-32005,http://mediation.gov.lk/en/,
phone,pass,Published phone: 077 - 9001352 ,http://mediation.gov.lk/en/,
phone,pass,Published phone: 0714400066 ,http://mediation.gov.lk/en/,
phone,pass,Published phone: 0777968732 ,http://mediation.gov.lk/en/,
phone,pass,Published phone: 0714824501 ,http://mediation.gov.lk/en/,
phone,pass,Published phone: 0812461889 ,http://mediation.gov.lk/en/,
phone,pass,Published phone: 071 591 6499 ,http://mediation.gov.lk/en/,
phone,pass,Published phone: 0632222824 ,http://mediation.gov.lk/en/,
phone,pass,Published phone: 0812050397 ,http://mediation.gov.lk/en/,
phone,pass,Published phone: 0724609938 ,http://mediation.gov.lk/en/,
phone,pass,Published phone: 0812236990 ,http://mediation.gov.lk/en/,
phone,pass,Published phone: 0375681946 ,http://mediation.gov.lk/en/,
phone,pass,Published phone: 0718376407 ,http://mediation.gov.lk/en/,
phone,pass,Published phone: 0718308581 ,http://mediation.gov.lk/en/,
phone,pass,Published phone: 0812467402 ,http://mediation.gov.lk/en/,
phone,pass,Published phone: 0555753207,http://mediation.gov.lk/en/,
phone,pass,Published phone: 0718214005 ,http://mediation.gov.lk/en/,
phone,pass,Published phone: 0770229653 ,http://mediation.gov.lk/en/,
phone,pass,Published phone: 0768612398 ,http://mediation.gov.lk/en/,
phone,pass,Published phone: 0472220880 ,http://mediation.gov.lk/en/,
phone,pass,Published phone: 077 -7061745 ,http://mediation.gov.lk/en/,
phone,pass,Published phone: 0716012874 ,http://mediation.gov.lk/en/,
phone,pass,Published phone: 0718127358 ,http://mediation.gov.lk/en/,
phone,pass,Published phone: 0272242176 ,http://mediation.gov.lk/en/,
phone,pass,Published phone: 077-4147994 ,http://mediation.gov.lk/en/,
phone,pass,Published phone: 0272050183 ,http://mediation.gov.lk/en/,
phone,pass,Published phone: 0718210021 ,http://mediation.gov.lk/en/,
phone,pass,Published phone: 0452279219 ,http://mediation.gov.lk/en/,
phone,pass,Published phone: 077 - 9695391 ,http://mediation.gov.lk/en/,
phone,pass,Published phone: 0710911333 ,http://mediation.gov.lk/en/,
phone,pass,Published phone: 0473488391 ,http://mediation.gov.lk/en/,
phone,pass,Published phone: 077 - 7890730 ,http://mediation.gov.lk/en/,
phone,pass,Published phone: 0724731516 ,http://mediation.gov.lk/en/,
phone,pass,Published phone: 0712338853 ,http://mediation.gov.lk/en/,
phone,pass,Published phone: 0766923692 ,http://mediation.gov.lk/en/,
phone,pass,Published phone: 077-0345141 ,http://mediation.gov.lk/en/,
phone,pass,Published phone: 0714459827 ,http://mediation.gov.lk/en/,
phone,pass,Published phone: 0362247275 ,http://mediation.gov.lk/en/,
phone,pass,Published phone: 0771424536 ,http://mediation.gov.lk/en/,
phone,pass,Published phone: 0572050023 ,http://mediation.gov.lk/en/,
phone,pass,Published phone: 08 065-36448,http://mediation.gov.lk/en/,
phone,pass,Published phone: 0719032560 ,http://mediation.gov.lk/en/,
phone,pass,Published phone: 0112704117 ,http://mediation.gov.lk/en/,
phone,pass,Published phone: 077-3586958 ,http://mediation.gov.lk/en/,
phone,pass,Published phone: 0342284688 ,http://mediation.gov.lk/en/,
phone,pass,Published phone: 0729359136 ,http://mediation.gov.lk/en/,
phone,pass,Published phone: 067 -2277696 ,http://mediation.gov.lk/en/,
phone,pass,Published phone: 0779341788 ,http://mediation.gov.lk/en/,
phone,pass,Published phone: 0112963499 ,http://mediation.gov.lk/en/,
phone,pass,Published phone: 0322251447 ,http://mediation.gov.lk/en/,
phone,pass,Published phone: 077-0465352 ,http://mediation.gov.lk/en/,
phone,pass,Published phone: 0412259371,http://mediation.gov.lk/en/,
phone,pass,Published phone: 0814956959 ,http://mediation.gov.lk/en/,
phone,pass,Published phone: 0775922303 ,http://mediation.gov.lk/en/,
phone,pass,Published phone: 0714413423 ,http://mediation.gov.lk/en/,
phone,pass,Published phone: 0382284419,http://mediation.gov.lk/en/,
phone,pass,Published phone: 0252056560 ,http://mediation.gov.lk/en/,
phone,pass,Published phone: 0273275778 ,http://mediation.gov.lk/en/,
phone,pass,Published phone: 0452286880 ,http://mediation.gov.lk/en/,
phone,pass,Published phone: 0112933232 ,http://mediation.gov.lk/en/,
phone,pass,Published phone: 0712573732 ,http://mediation.gov.lk/en/,
phone,pass,Published phone: 0716789056 ,http://mediation.gov.lk/en/,
phone,pass,Published phone: 0775491052 ,http://mediation.gov.lk/en/,
phone,pass,Published phone: 0777870373 ,http://mediation.gov.lk/en/,
phone,pass,Published phone: 0252222735 ,http://mediation.gov.lk/en/,
phone,pass,Published phone: 0710666548 ,http://mediation.gov.lk/en/,
phone,pass,Published phone: 0775075617 ,http://mediation.gov.lk/en/,
phone,pass,Published phone: 0776054806 ,http://mediation.gov.lk/en/,
phone,pass,Published phone: 0711735601 ,http://mediation.gov.lk/en/,
phone,pass,Published phone: 0776255372 ,http://mediation.gov.lk/en/,
phone,pass,Published phone: 0719648977 ,http://mediation.gov.lk/en/,
phone,pass,Published phone: 0662244193 ,http://mediation.gov.lk/en/,
phone,pass,Published phone: 0312252937 ,http://mediation.gov.lk/en/,
phone,pass,Published phone: 0342270260 ,http://mediation.gov.lk/en/,
phone,pass,Published phone: 077-7740443 ,http://mediation.gov.lk/en/,
phone,pass,Published phone: 077 595 8113 ,http://mediation.gov.lk/en/,
phone,pass,Published phone: 0711569994 ,http://mediation.gov.lk/en/,
phone,pass,Published phone: 0715772265 ,http://mediation.gov.lk/en/,
phone,pass,Published phone: 0762030382 ,http://mediation.gov.lk/en/,
phone,pass,Published phone: 0715866232 ,http://mediation.gov.lk/en/,
phone,pass,Published phone: 0777945364 ,http://mediation.gov.lk/en/,
phone,pass,Published phone: 0776225513 ,http://mediation.gov.lk/en/,
phone,pass,Published phone: 0719252720 ,http://mediation.gov.lk/en/,
phone,pass,Published phone: 0712958395 ,http://mediation.gov.lk/en/,
phone,pass,Published phone: 0714545306 ,http://mediation.gov.lk/en/,
phone,pass,Published phone: 0779952937 ,http://mediation.gov.lk/en/,
phone,pass,Published phone: 0712025937 ,http://mediation.gov.lk/en/,
phone,pass,Published phone: 0718159152 ,http://mediation.gov.lk/en/,
phone,pass,Published phone: 0553554660 ,http://mediation.gov.lk/en/,
phone,pass,Published phone: 0718055014 ,http://mediation.gov.lk/en/,
phone,pass,Published phone: 0726112095 ,http://mediation.gov.lk/en/,
phone,pass,Published phone: 0776530994 ,http://mediation.gov.lk/en/,
phone,pass,Published phone: 0112977072 ,http://mediation.gov.lk/en/,
phone,pass,Published phone: 0322255467 ,http://mediation.gov.lk/en/,
phone,pass,Published phone: 0712262891 ,http://mediation.gov.lk/en/,
phone,pass,Published phone: 0662220760 ,http://mediation.gov.lk/en/,
phone,pass,Published phone: 0774088217,http://mediation.gov.lk/en/,
phone,pass,Published phone: 0779088545 ,http://mediation.gov.lk/en/,
phone,pass,Published phone: 027 222 2233 ,http://mediation.gov.lk/en/,
phone,pass,Published phone: 0775488929 ,http://mediation.gov.lk/en/,
phone,pass,Published phone: 0775757102 ,http://mediation.gov.lk/en/,
phone,pass,Published phone: 02. 077 - 28583,http://mediation.gov.lk/en/,
phone,pass,Published phone: 0776186887 ,http://mediation.gov.lk/en/,
phone,pass,Published phone: 0312299004 ,http://mediation.gov.lk/en/,
phone,pass,Published phone: 0713315148 ,http://mediation.gov.lk/en/,
phone,pass,Published phone: 0768142956 ,http://mediation.gov.lk/en/,
phone,pass,Published phone: 0718020009 ,http://mediation.gov.lk/en/,
phone,pass,Published phone: 077-6658979 ,http://mediation.gov.lk/en/,
phone,pass,Published phone: 0718942917 ,http://mediation.gov.lk/en/,
phone,pass,Published phone: 0764684272 ,http://mediation.gov.lk/en/,
phone,pass,Published phone: 0372053607 ,http://mediation.gov.lk/en/,
phone,pass,Published phone: 0715955628 ,http://mediation.gov.lk/en/,
phone,pass,Published phone: 0716262350 ,http://mediation.gov.lk/en/,
phone,pass,Published phone: 0373614948 ,http://mediation.gov.lk/en/,
phone,pass,Published phone: 0452275929 ,http://mediation.gov.lk/en/,
phone,pass,Published phone: 0718263962 ,http://mediation.gov.lk/en/,
phone,pass,Published phone: 0775072275 ,http://mediation.gov.lk/en/,
phone,pass,Published phone: 0718463194 ,http://mediation.gov.lk/en/,
phone,pass,Published phone: 0728348348 ,http://mediation.gov.lk/en/,
phone,pass,Published phone: 071 - 4247377 ,http://mediation.gov.lk/en/,
phone,pass,Published phone: 077- 6673580 ,http://mediation.gov.lk/en/,
phone,pass,Published phone: 0375681165 ,http://mediation.gov.lk/en/,
phone,pass,Published phone: 0112850713 ,http://mediation.gov.lk/en/,
phone,pass,Published phone: 0715526864 ,http://mediation.gov.lk/en/,
phone,pass,Published phone: 0772028208 ,http://mediation.gov.lk/en/,
phone,pass,Published phone: 0714429370 ,http://mediation.gov.lk/en/,
phone,pass,Published phone: 077 - 3574000 ,http://mediation.gov.lk/en/,
phone,pass,Published phone: 0452262664 ,http://mediation.gov.lk/en/,
phone,pass,Published phone: 065-2225596 ,http://mediation.gov.lk/en/,
phone,pass,Published phone: 0242224393 ,http://mediation.gov.lk/en/,
phone,pass,Published phone: 065 -3643617 ,http://mediation.gov.lk/en/,
phone,pass,Published phone: 0764754446 ,http://mediation.gov.lk/en/,
phone,pass,Published phone: 0728459918 ,http://mediation.gov.lk/en/,
phone,pass,Published phone: 0373378339 ,http://mediation.gov.lk/en/,
phone,pass,Published phone: 077-9781600 ,http://mediation.gov.lk/en/,
phone,pass,Published phone: 0718322479 ,http://mediation.gov.lk/en/,
phone,pass,Published phone: 011 253 6090 ,http://mediation.gov.lk/en/,
phone,pass,Published phone: 065-3656283 ,http://mediation.gov.lk/en/,
phone,pass,Published phone: 0718240840 ,http://mediation.gov.lk/en/,
phone,pass,Published phone: 0412287302 ,http://mediation.gov.lk/en/,
phone,pass,Published phone: 0770513858 ,http://mediation.gov.lk/en/,
phone,pass,Published phone: 077- 0553398 ,http://mediation.gov.lk/en/,
phone,pass,Published phone: 0472251331 ,http://mediation.gov.lk/en/,
phone,pass,Published phone: 0712395507 ,http://mediation.gov.lk/en/,
phone,pass,Published phone: 0714478214 ,http://mediation.gov.lk/en/,
phone,pass,Published phone: 0663664231 ,http://mediation.gov.lk/en/,
phone,pass,Published phone: 0716614844 ,http://mediation.gov.lk/en/,
phone,pass,Published phone: 0774536710 ,http://mediation.gov.lk/en/,
phone,pass,Published phone: 0712677000 ,http://mediation.gov.lk/en/,
phone,pass,Published phone: 0265680809 ,http://mediation.gov.lk/en/,
phone,pass,Published phone: 0714418155,http://mediation.gov.lk/en/,
phone,pass,Published phone: 0776134767 ,http://mediation.gov.lk/en/,
phone,pass,Published phone: 0712599497 ,http://mediation.gov.lk/en/,
phone,pass,Published phone: 0252275096 ,http://mediation.gov.lk/en/,
phone,pass,Published phone: 0713028664 ,http://mediation.gov.lk/en/,
phone,pass,Published phone: 0716626600 ,http://mediation.gov.lk/en/,
phone,pass,Published phone: 0112971725 ,http://mediation.gov.lk/en/,
phone,pass,Published phone: 0740873944 ,http://mediation.gov.lk/en/,
phone,pass,Published phone: 0252269066 ,http://mediation.gov.lk/en/,
phone,pass,Published phone: 071 3019633 ,http://mediation.gov.lk/en/,
phone,pass,Published phone: 0 011 246557,http://mediation.gov.lk/en/,
phone,pass,Published phone: 011 2702224 ,http://mediation.gov.lk/en/,
phone,pass,Published phone: 0475634020 ,http://mediation.gov.lk/en/,
phone,pass,Published phone: 0763590418 ,http://mediation.gov.lk/en/,
phone,pass,Published phone: 0552263960 ,http://mediation.gov.lk/en/,
phone,pass,Published phone: 0779687027 ,http://mediation.gov.lk/en/,
phone,pass,Published phone: 0702930269 ,http://mediation.gov.lk/en/,
phone,pass,Published phone: 0572244056 ,http://mediation.gov.lk/en/,
phone,pass,Published phone: 0633631735 ,http://mediation.gov.lk/en/,
phone,pass,Published phone: 0718424844 ,http://mediation.gov.lk/en/,
phone,pass,Published phone: 0717574824 ,http://mediation.gov.lk/en/,
phone,pass,Published phone: 07746 47244 ,http://mediation.gov.lk/en/,
phone,pass,Published phone: 0728474574 ,http://mediation.gov.lk/en/,
phone,pass,Published phone: 0718679675 ,http://mediation.gov.lk/en/,
phone,pass,Published phone: 0779045998 ,http://mediation.gov.lk/en/,
phone,pass,Published phone: 0719221650 ,http://mediation.gov.lk/en/,
phone,pass,Published phone: 0714530178 ,http://mediation.gov.lk/en/,
phone,pass,Published phone: 0522279477 ,http://mediation.gov.lk/en/,
phone,pass,Published phone: 065 - 2225277 ,http://mediation.gov.lk/en/,
phone,pass,Published phone: 0718301512 ,http://mediation.gov.lk/en/,
phone,pass,Published phone: 0712912099 ,http://mediation.gov.lk/en/,
phone,pass,Published phone: 070 2589604 ,http://mediation.gov.lk/en/,
phone,pass,Published phone: 0342245543 ,http://mediation.gov.lk/en/,
phone,pass,Published phone: 0913883619 ,http://mediation.gov.lk/en/,
phone,pass,Published phone: 0776348995 ,http://mediation.gov.lk/en/,
phone,pass,Published phone: 0112873068 ,http://mediation.gov.lk/en/,
phone,pass,Published phone: 0275687136 ,http://mediation.gov.lk/en/,
phone,pass,Published phone: 0778948307 ,http://mediation.gov.lk/en/,
phone,pass,Published phone: 0779130909 ,http://mediation.gov.lk/en/,
phone,pass,Published phone: 0772651511 ,http://mediation.gov.lk/en/,
phone,pass,Published phone: 0711489186 ,http://mediation.gov.lk/en/,
phone,pass,Published phone: 0262255055 ,http://mediation.gov.lk/en/,
phone,pass,Published phone: 0252224993 ,http://mediation.gov.lk/en/,
phone,pass,Published phone: 0718001766 ,http://mediation.gov.lk/en/,
phone,pass,Published phone: 0252276592 ,http://mediation.gov.lk/en/,
phone,pass,Published phone: 0712802247 ,http://mediation.gov.lk/en/,
phone,pass,Published phone: 077- 6006353 ,http://mediation.gov.lk/en/,
phone,pass,Published phone: 0372279151 ,http://mediation.gov.lk/en/,
phone,pass,Published phone: 077-3893529 ,http://mediation.gov.lk/en/,
phone,pass,Published phone: 0912296692 ,http://mediation.gov.lk/en/,
phone,pass,Published phone: 0768849271 ,http://mediation.gov.lk/en/,
phone,pass,Published phone: 0775422735 ,http://mediation.gov.lk/en/,
phone,pass,Published phone: 0716321323 ,http://mediation.gov.lk/en/,
phone,pass,Published phone: 0632051866 ,http://mediation.gov.lk/en/,
phone,pass,Published phone: 077-6986135 ,http://mediation.gov.lk/en/,
phone,pass,Published phone: 065 - 5672007 ,http://mediation.gov.lk/en/,
phone,pass,Published phone: 0252236580 ,http://mediation.gov.lk/en/,
phone,pass,Published phone: 0713449701 ,http://mediation.gov.lk/en/,
phone,pass,Published phone: 0722537181 ,http://mediation.gov.lk/en/,
phone,pass,Published phone: 0718168938 ,http://mediation.gov.lk/en/,
phone,pass,Published phone: 0412251147 ,http://mediation.gov.lk/en/,
phone,pass,Published phone: 077-6150680 ,http://mediation.gov.lk/en/,
phone,pass,Published phone: 0718008917 ,http://mediation.gov.lk/en/,
phone,pass,Published phone: 0773145795 ,http://mediation.gov.lk/en/,
phone,pass,Published phone: 077-1227699 ,http://mediation.gov.lk/en/,
phone,pass,Published phone: 0373988723 ,http://mediation.gov.lk/en/,
phone,pass,Published phone: 0254902513 ,http://mediation.gov.lk/en/,
phone,pass,Published phone: 0764162329 ,http://mediation.gov.lk/en/,
phone,pass,Published phone: 0714373025 ,http://mediation.gov.lk/en/,
phone,pass,Published phone: 0778388993 ,http://mediation.gov.lk/en/,
phone,pass,Published phone: 077 - 4567314 ,http://mediation.gov.lk/en/,
phone,pass,Published phone: 0705267433 ,http://mediation.gov.lk/en/,
phone,pass,Published phone: 0415780220 ,http://mediation.gov.lk/en/,
phone,pass,Published phone: 0711110532 ,http://mediation.gov.lk/en/,
phone,pass,Published phone: 077-7111979 ,http://mediation.gov.lk/en/,
phone,pass,Published phone: 0769388001 ,http://mediation.gov.lk/en/,
phone,pass,Published phone: 0715703960 ,http://mediation.gov.lk/en/,
phone,pass,Published phone: 0705827887 ,http://mediation.gov.lk/en/,
phone,pass,Published phone: 0716160645 ,http://mediation.gov.lk/en/,
phone,pass,Published phone: 0778940814 ,http://mediation.gov.lk/en/,
phone,pass,Published phone: 0716087454 ,http://mediation.gov.lk/en/,
phone,pass,Published phone: 0342251068 ,http://mediation.gov.lk/en/,
phone,pass,Published phone: 0711503169 ,http://mediation.gov.lk/en/,
phone,pass,Published phone: 0774990377 ,http://mediation.gov.lk/en/,
phone,pass,Published phone: 0112289640 ,http://mediation.gov.lk/en/,
phone,pass,Published phone: 0352267216 ,http://mediation.gov.lk/en/,
phone,pass,Published phone: 077-2080525 ,http://mediation.gov.lk/en/,
phone,pass,Published phone: 037-2249119 ,http://mediation.gov.lk/en/,
phone,pass,Published phone: 0252254200 ,http://mediation.gov.lk/en/,
phone,pass,Published phone: 0353351341 ,http://mediation.gov.lk/en/,
phone,pass,Published phone: 0711754099 ,http://mediation.gov.lk/en/,
phone,pass,Published phone: 0775050330 ,http://mediation.gov.lk/en/,
email,pass,Published email: general@mediation.gov.lk,http://mediation.gov.lk/en/,
email,pass,Published email: mbc2016.gov@gmail.com,http://mediation.gov.lk/en/,
postal_address,pass,"Published postal address: tsunami-related disputes, migrant worker grievances, financial disputes as well as land disputes . BENEFITS OF MEDIATION",http://mediation.gov.lk/en/,
named_responsibility,pass,Published named responsibility: director,http://mediation.gov.lk/en/,
legal_basis,pass,Published legal basis: gazette,http://mediation.gov.lk/en/,
fees_and_payment,pass,"Published fees and payment: rs,",http://mediation.gov.lk/en/,
phone,pass,Published phone: 077-3984594 ,https://mediation.gov.lk/en/contact-us-rti/contact-us/,
phone,pass,Published phone: 0782053799 ,https://mediation.gov.lk/en/contact-us-rti/contact-us/,
phone,pass,Published phone: 0701562476 ,https://mediation.gov.lk/en/contact-us-rti/contact-us/,
phone,pass,Published phone: 0717852976 ,https://mediation.gov.lk/en/contact-us-rti/contact-us/,
phone,pass,Published phone: 0272242176,https://mediation.gov.lk/en/contact-us-rti/contact-us/,
phone,pass,Published phone: 0252222099,https://mediation.gov.lk/en/contact-us-rti/contact-us/,
phone,pass,Published phone: 0764754446,https://mediation.gov.lk/en/contact-us-rti/contact-us/,
phone,pass,Published phone: 0714414890 ,https://mediation.gov.lk/en/contact-us-rti/contact-us/,
phone,pass,Published phone: 077-4676556,https://mediation.gov.lk/en/contact-us-rti/contact-us/,
phone,pass,Published phone: 077-4793517 ,https://mediation.gov.lk/en/contact-us-rti/contact-us/,
phone,pass,Published phone: 066- 2224460 ,https://mediation.gov.lk/en/contact-us-rti/contact-us/,
phone,pass,Published phone: 0382244124 ,https://mediation.gov.lk/en/contact-us-rti/contact-us/,
phone,pass,Published phone: 0812461793,https://mediation.gov.lk/en/contact-us-rti/contact-us/,
phone,pass,Published phone: 0552250411 ,https://mediation.gov.lk/en/contact-us-rti/contact-us/,
phone,pass,Published phone: 0715380034 ,https://mediation.gov.lk/en/contact-us-rti/contact-us/,
phone,pass,Published phone: 077-5046243,https://mediation.gov.lk/en/contact-us-rti/contact-us/,
phone,pass,Published phone: 0089999999,https://mediation.gov.lk/en/contact-us-rti/contact-us/,
phone,pass,Published phone: 0718120384,https://mediation.gov.lk/en/contact-us-rti/contact-us/,
phone,pass,Published phone: 0779790106 ,https://mediation.gov.lk/en/contact-us-rti/contact-us/,
phone,pass,Published phone: 0711850296 ,https://mediation.gov.lk/en/contact-us-rti/contact-us/,
phone,pass,Published phone: 0662222051,https://mediation.gov.lk/en/contact-us-rti/contact-us/,
phone,pass,Published phone: 0242224393,https://mediation.gov.lk/en/contact-us-rti/contact-us/,
phone,pass,Published phone: 0253257682 ,https://mediation.gov.lk/en/contact-us-rti/contact-us/,
phone,pass,Published phone: 0778461450 ,https://mediation.gov.lk/en/contact-us-rti/contact-us/,
phone,pass,Published phone: 0472254861,https://mediation.gov.lk/en/contact-us-rti/contact-us/,
phone,pass,Published phone: 0728459918,https://mediation.gov.lk/en/contact-us-rti/contact-us/,
phone,pass,Published phone: 0328947999,https://mediation.gov.lk/en/contact-us-rti/contact-us/,
phone,pass,Published phone: 0776225513,https://mediation.gov.lk/en/contact-us-rti/contact-us/,
phone,pass,Published phone: 0714500362 ,https://mediation.gov.lk/en/contact-us-rti/contact-us/,
phone,pass,Published phone: 0472225485 ,https://mediation.gov.lk/en/contact-us-rti/contact-us/,
phone,pass,Published phone: 0473485592 ,https://mediation.gov.lk/en/contact-us-rti/contact-us/,
phone,pass,Published phone: 077-0666948 ,https://mediation.gov.lk/en/contact-us-rti/contact-us/,
phone,pass,Published phone: 0718426733 ,https://mediation.gov.lk/en/contact-us-rti/contact-us/,
phone,pass,Published phone: 0718077592,https://mediation.gov.lk/en/contact-us-rti/contact-us/,
phone,pass,Published phone: 0332223305,https://mediation.gov.lk/en/contact-us-rti/contact-us/,
phone,pass,Published phone: 0253257552,https://mediation.gov.lk/en/contact-us-rti/contact-us/,
phone,pass,Published phone: 0472280068 ,https://mediation.gov.lk/en/contact-us-rti/contact-us/,
phone,pass,Published phone: 0112823844,https://mediation.gov.lk/en/contact-us-rti/contact-us/,
phone,pass,Published phone: 0773431612,https://mediation.gov.lk/en/contact-us-rti/contact-us/,
phone,pass,Published phone: 0715564503 ,https://mediation.gov.lk/en/contact-us-rti/contact-us/,
phone,pass,Published phone: 0273274612 ,https://mediation.gov.lk/en/contact-us-rti/contact-us/,
phone,pass,Published phone: 0473485592,https://mediation.gov.lk/en/contact-us-rti/contact-us/,
phone,pass,Published phone: 0776160104 ,https://mediation.gov.lk/en/contact-us-rti/contact-us/,
phone,pass,Published phone: +94 112 334 323,https://mediation.gov.lk/en/contact-us-rti/contact-us/,
phone,pass,Published phone: 0776130543 ,https://mediation.gov.lk/en/contact-us-rti/contact-us/,
phone,pass,Published phone: 0332262401 ,https://mediation.gov.lk/en/contact-us-rti/contact-us/,
phone,pass,Published phone: 0662244193,https://mediation.gov.lk/en/contact-us-rti/contact-us/,
phone,pass,Published phone: 03. 077-62194,https://mediation.gov.lk/en/contact-us-rti/contact-us/,
phone,pass,Published phone: 0.025546499,https://mediation.gov.lk/en/contact-us-rti/contact-us/,
phone,pass,Published phone: 0553554660,https://mediation.gov.lk/en/contact-us-rti/contact-us/,
phone,pass,Published phone: 0252050547,https://mediation.gov.lk/en/contact-us-rti/contact-us/,
phone,pass,Published phone: 077-9968516,https://mediation.gov.lk/en/contact-us-rti/contact-us/,
phone,pass,Published phone: 0718390995 ,https://mediation.gov.lk/en/contact-us-rti/contact-us/,
phone,pass,Published phone: 0112 334 323 ,https://mediation.gov.lk/en/contact-us-rti/contact-us/,
phone,pass,Published phone: 0712042715 ,https://mediation.gov.lk/en/contact-us-rti/contact-us/,
phone,pass,Published phone: 0711602634 ,https://mediation.gov.lk/en/contact-us-rti/contact-us/,
phone,pass,Published phone: 0352267216,https://mediation.gov.lk/en/contact-us-rti/contact-us/,
phone,pass,Published phone: 0712677000,https://mediation.gov.lk/en/contact-us-rti/contact-us/,
phone,pass,Published phone: 066- 2224460,https://mediation.gov.lk/en/contact-us-rti/contact-us/,
phone,pass,Published phone: 0713350755 ,https://mediation.gov.lk/en/contact-us-rti/contact-us/,
phone,pass,Published phone: 077- 6681798,https://mediation.gov.lk/en/contact-us-rti/contact-us/,
phone,pass,Published phone: 081 241 5519 ,https://mediation.gov.lk/en/contact-us-rti/contact-us/,
phone,pass,Published phone: 0332292253 ,https://mediation.gov.lk/en/contact-us-rti/contact-us/,
phone,pass,Published phone: 077 - 9347111 ,https://mediation.gov.lk/en/contact-us-rti/contact-us/,
phone,pass,Published phone: 0715759355 ,https://mediation.gov.lk/en/contact-us-rti/contact-us/,
phone,pass,Published phone: 0452255257,https://mediation.gov.lk/en/contact-us-rti/contact-us/,
phone,pass,Published phone: 077 -2284306,https://mediation.gov.lk/en/contact-us-rti/contact-us/,
phone,pass,Published phone: 0375687186 ,https://mediation.gov.lk/en/contact-us-rti/contact-us/,
phone,pass,Published phone: 0715852901,https://mediation.gov.lk/en/contact-us-rti/contact-us/,
phone,pass,Published phone: 0714429370,https://mediation.gov.lk/en/contact-us-rti/contact-us/,
phone,pass,Published phone: 0372275797 ,https://mediation.gov.lk/en/contact-us-rti/contact-us/,
phone,pass,Published phone: 067 -2277696,https://mediation.gov.lk/en/contact-us-rti/contact-us/,
phone,pass,Published phone: 0716898761 ,https://mediation.gov.lk/en/contact-us-rti/contact-us/,
phone,pass,Published phone: 077-4257471 ,https://mediation.gov.lk/en/contact-us-rti/contact-us/,
phone,pass,Published phone: 071 529 8224 ,https://mediation.gov.lk/en/contact-us-rti/contact-us/,
phone,pass,Published phone: 0776348995,https://mediation.gov.lk/en/contact-us-rti/contact-us/,
phone,pass,Published phone: 0778388993,https://mediation.gov.lk/en/contact-us-rti/contact-us/,
phone,pass,Published phone: 063- 2248118 ,https://mediation.gov.lk/en/contact-us-rti/contact-us/,
phone,pass,Published phone: 0713495373,https://mediation.gov.lk/en/contact-us-rti/contact-us/,
phone,pass,Published phone: 0769388001,https://mediation.gov.lk/en/contact-us-rti/contact-us/,
phone,pass,Published phone: 0710641369,https://mediation.gov.lk/en/contact-us-rti/contact-us/,
phone,pass,Published phone: 0717852830 ,https://mediation.gov.lk/en/contact-us-rti/contact-us/,
phone,pass,Published phone: 0714255008 ,https://mediation.gov.lk/en/contact-us-rti/contact-us/,
phone,pass,Published phone: 077- 3611108,https://mediation.gov.lk/en/contact-us-rti/contact-us/,
phone,pass,Published phone: 0779831726,https://mediation.gov.lk/en/contact-us-rti/contact-us/,
phone,pass,Published phone: 0714500362,https://mediation.gov.lk/en/contact-us-rti/contact-us/,
phone,pass,Published phone: 0766050233 ,https://mediation.gov.lk/en/contact-us-rti/contact-us/,
phone,pass,Published phone: 0352246201,https://mediation.gov.lk/en/contact-us-rti/contact-us/,
phone,pass,Published phone: 0713267586,https://mediation.gov.lk/en/contact-us-rti/contact-us/,
phone,pass,Published phone: 0774400852 ,https://mediation.gov.lk/en/contact-us-rti/contact-us/,
phone,pass,Published phone: 077-1999354 ,https://mediation.gov.lk/en/contact-us-rti/contact-us/,
phone,pass,Published phone: 0812352074,https://mediation.gov.lk/en/contact-us-rti/contact-us/,
phone,pass,Published phone: 0716733864 ,https://mediation.gov.lk/en/contact-us-rti/contact-us/,
phone,pass,Published phone: 0789881692,https://mediation.gov.lk/en/contact-us-rti/contact-us/,
phone,pass,Published phone: 0705827887,https://mediation.gov.lk/en/contact-us-rti/contact-us/,
phone,pass,Published phone: 0716626600,https://mediation.gov.lk/en/contact-us-rti/contact-us/,
phone,pass,Published phone: 0713028664,https://mediation.gov.lk/en/contact-us-rti/contact-us/,
phone,pass,Published phone: 0312258267 ,https://mediation.gov.lk/en/contact-us-rti/contact-us/,
phone,pass,Published phone: 05 077 - 23042,https://mediation.gov.lk/en/contact-us-rti/contact-us/,
phone,pass,Published phone: +94 112 334 258 ,https://mediation.gov.lk/en/contact-us-rti/contact-us/,
phone,pass,Published phone: 077-9968516 ,https://mediation.gov.lk/en/contact-us-rti/contact-us/,
phone,pass,Published phone: 077-9421331 ,https://mediation.gov.lk/en/contact-us-rti/contact-us/,
phone,pass,Published phone: 0718654012 ,https://mediation.gov.lk/en/contact-us-rti/contact-us/,
phone,pass,Published phone: 0714967854 ,https://mediation.gov.lk/en/contact-us-rti/contact-us/,
phone,pass,Published phone: 0789881692 ,https://mediation.gov.lk/en/contact-us-rti/contact-us/,
phone,pass,Published phone: 077 - 2304209,https://mediation.gov.lk/en/contact-us-rti/contact-us/,
phone,pass,Published phone: 0325684794,https://mediation.gov.lk/en/contact-us-rti/contact-us/,
phone,pass,Published phone: 077-3934165 ,https://mediation.gov.lk/en/contact-us-rti/contact-us/,
phone,pass,Published phone: 0112675522 ,https://mediation.gov.lk/en/contact-us-rti/contact-us/,
phone,pass,Published phone: 0252276335,https://mediation.gov.lk/en/contact-us-rti/contact-us/,
phone,pass,Published phone: 0714498368,https://mediation.gov.lk/en/contact-us-rti/contact-us/,
phone,pass,Published phone: 0718020009,https://mediation.gov.lk/en/contact-us-rti/contact-us/,
phone,pass,Published phone: 0352258566 ,https://mediation.gov.lk/en/contact-us-rti/contact-us/,
phone,pass,Published phone: 077-8543651,https://mediation.gov.lk/en/contact-us-rti/contact-us/,
phone,pass,Published phone: 0767557102 ,https://mediation.gov.lk/en/contact-us-rti/contact-us/,
phone,pass,Published phone: 077-6699030 ,https://mediation.gov.lk/en/contact-us-rti/contact-us/,
phone,pass,Published phone: 0342247058 ,https://mediation.gov.lk/en/contact-us-rti/contact-us/,
phone,pass,Published phone: 0774228880 ,https://mediation.gov.lk/en/contact-us-rti/contact-us/,
phone,pass,Published phone: 0710911333,https://mediation.gov.lk/en/contact-us-rti/contact-us/,
phone,pass,Published phone: 0372231028,https://mediation.gov.lk/en/contact-us-rti/contact-us/,
phone,pass,Published phone: 0252222735,https://mediation.gov.lk/en/contact-us-rti/contact-us/,
phone,pass,Published phone: 0813999492,https://mediation.gov.lk/en/contact-us-rti/contact-us/,
phone,pass,Published phone: 0352246201 ,https://mediation.gov.lk/en/contact-us-rti/contact-us/,
phone,pass,Published phone: 0726080728 ,https://mediation.gov.lk/en/contact-us-rti/contact-us/,
phone,pass,Published phone: 077- 9042390 ,https://mediation.gov.lk/en/contact-us-rti/contact-us/,
phone,pass,Published phone: 0718355125 ,https://mediation.gov.lk/en/contact-us-rti/contact-us/,
phone,pass,Published phone: 0662283654 ,https://mediation.gov.lk/en/contact-us-rti/contact-us/,
phone,pass,Published phone: 047 225 6040 ,https://mediation.gov.lk/en/contact-us-rti/contact-us/,
phone,pass,Published phone: 0774228880,https://mediation.gov.lk/en/contact-us-rti/contact-us/,
phone,pass,Published phone: 0714493383 ,https://mediation.gov.lk/en/contact-us-rti/contact-us/,
phone,pass,Published phone: 0555788499 ,https://mediation.gov.lk/en/contact-us-rti/contact-us/,
phone,pass,Published phone: 0412268236 ,https://mediation.gov.lk/en/contact-us-rti/contact-us/,
phone,pass,Published phone: 0452286880,https://mediation.gov.lk/en/contact-us-rti/contact-us/,
phone,pass,Published phone: 0776474750,https://mediation.gov.lk/en/contact-us-rti/contact-us/,
phone,pass,Published phone: 077-0666948,https://mediation.gov.lk/en/contact-us-rti/contact-us/,
phone,pass,Published phone: 0777-070117 ,https://mediation.gov.lk/en/contact-us-rti/contact-us/,
phone,pass,Published phone: 0716087454,https://mediation.gov.lk/en/contact-us-rti/contact-us/,
phone,pass,Published phone: 077 - 9001352,https://mediation.gov.lk/en/contact-us-rti/contact-us/,
phone,pass,Published phone: 0761800047,https://mediation.gov.lk/en/contact-us-rti/contact-us/,
phone,pass,Published phone: 0718273046 ,https://mediation.gov.lk/en/contact-us-rti/contact-us/,
phone,pass,Published phone: 0713435169 ,https://mediation.gov.lk/en/contact-us-rti/contact-us/,
phone,pass,Published phone: 077-6007451 ,https://mediation.gov.lk/en/contact-us-rti/contact-us/,
phone,pass,Published phone: 0713495373 ,https://mediation.gov.lk/en/contact-us-rti/contact-us/,
phone,pass,Published phone: 0718663816 ,https://mediation.gov.lk/en/contact-us-rti/contact-us/,
phone,pass,Published phone: 077-8543651 ,https://mediation.gov.lk/en/contact-us-rti/contact-us/,
phone,pass,Published phone: 0717574824,https://mediation.gov.lk/en/contact-us-rti/contact-us/,
phone,pass,Published phone: 0362258335 ,https://mediation.gov.lk/en/contact-us-rti/contact-us/,
phone,pass,Published phone: 021-3218314 ,https://mediation.gov.lk/en/contact-us-rti/contact-us/,
phone,pass,Published phone: 0552273938,https://mediation.gov.lk/en/contact-us-rti/contact-us/,
phone,pass,Published phone: 0312223972,https://mediation.gov.lk/en/contact-us-rti/contact-us/,
phone,pass,Published phone: 077-6986135,https://mediation.gov.lk/en/contact-us-rti/contact-us/,
phone,pass,Published phone: 0472245232 ,https://mediation.gov.lk/en/contact-us-rti/contact-us/,
phone,pass,Published phone: 0543540137 ,https://mediation.gov.lk/en/contact-us-rti/contact-us/,
phone,pass,Published phone: 0262054510 ,https://mediation.gov.lk/en/contact-us-rti/contact-us/,
phone,pass,Published phone: 0719172972,https://mediation.gov.lk/en/contact-us-rti/contact-us/,
phone,pass,Published phone: 0472254861 ,https://mediation.gov.lk/en/contact-us-rti/contact-us/,
phone,pass,Published phone: 0718299359,https://mediation.gov.lk/en/contact-us-rti/contact-us/,
phone,pass,Published phone: 0338400000,https://mediation.gov.lk/en/contact-us-rti/contact-us/,
phone,pass,Published phone: 0774476887 ,https://mediation.gov.lk/en/contact-us-rti/contact-us/,
phone,pass,Published phone: 077 - 9515490 ,https://mediation.gov.lk/en/contact-us-rti/contact-us/,
phone,pass,Published phone: 0713852944 ,https://mediation.gov.lk/en/contact-us-rti/contact-us/,
phone,pass,Published phone: 0777-070117,https://mediation.gov.lk/en/contact-us-rti/contact-us/,
phone,pass,Published phone: 0253251507,https://mediation.gov.lk/en/contact-us-rti/contact-us/,
phone,pass,Published phone: 0715526864,https://mediation.gov.lk/en/contact-us-rti/contact-us/,
phone,pass,Published phone: 0776266877,https://mediation.gov.lk/en/contact-us-rti/contact-us/,
phone,pass,Published phone: 0711144850 ,https://mediation.gov.lk/en/contact-us-rti/contact-us/,
phone,pass,Published phone: 0254924475 ,https://mediation.gov.lk/en/contact-us-rti/contact-us/,
phone,pass,Published phone: 0782053799,https://mediation.gov.lk/en/contact-us-rti/contact-us/,
phone,pass,Published phone: 0375687186,https://mediation.gov.lk/en/contact-us-rti/contact-us/,
phone,pass,Published phone: 0552257086,https://mediation.gov.lk/en/contact-us-rti/contact-us/,
phone,pass,Published phone: 0779790009 ,https://mediation.gov.lk/en/contact-us-rti/contact-us/,
phone,pass,Published phone: 077-8399465 ,https://mediation.gov.lk/en/contact-us-rti/contact-us/,
phone,pass,Published phone: 0765719191 ,https://mediation.gov.lk/en/contact-us-rti/contact-us/,
phone,pass,Published phone: 081 231 1130,https://mediation.gov.lk/en/contact-us-rti/contact-us/,
phone,pass,Published phone: 0417910035 ,https://mediation.gov.lk/en/contact-us-rti/contact-us/,
phone,pass,Published phone: 0773166091 ,https://mediation.gov.lk/en/contact-us-rti/contact-us/,
phone,pass,Published phone: 065-5681303,https://mediation.gov.lk/en/contact-us-rti/contact-us/,
phone,pass,Published phone: 0761800047 ,https://mediation.gov.lk/en/contact-us-rti/contact-us/,
phone,pass,Published phone: 0342257057 ,https://mediation.gov.lk/en/contact-us-rti/contact-us/,
phone,pass,Published phone: 0777870373,https://mediation.gov.lk/en/contact-us-rti/contact-us/,
phone,pass,Published phone: 0778924833 ,https://mediation.gov.lk/en/contact-us-rti/contact-us/,
phone,pass,Published phone: 0372285869 ,https://mediation.gov.lk/en/contact-us-rti/contact-us/,
phone,pass,Published phone: 0712262891,https://mediation.gov.lk/en/contact-us-rti/contact-us/,
phone,pass,Published phone: 0812365705 ,https://mediation.gov.lk/en/contact-us-rti/contact-us/,
phone,pass,Published phone: 0714476248,https://mediation.gov.lk/en/contact-us-rti/contact-us/,
phone,pass,Published phone: 0362255257 ,https://mediation.gov.lk/en/contact-us-rti/contact-us/,
phone,pass,Published phone: 0453453851 ,https://mediation.gov.lk/en/contact-us-rti/contact-us/,
phone,pass,Published phone: 02 077-36209,https://mediation.gov.lk/en/contact-us-rti/contact-us/,
phone,pass,Published phone: 0912241335 ,https://mediation.gov.lk/en/contact-us-rti/contact-us/,
phone,pass,Published phone: 0365719040,https://mediation.gov.lk/en/contact-us-rti/contact-us/,
phone,pass,Published phone: 0372244778 ,https://mediation.gov.lk/en/contact-us-rti/contact-us/,
phone,pass,Published phone: 0253057887 ,https://mediation.gov.lk/en/contact-us-rti/contact-us/,
phone,pass,Published phone: 0776130543,https://mediation.gov.lk/en/contact-us-rti/contact-us/,
phone,pass,Published phone: 0773145795,https://mediation.gov.lk/en/contact-us-rti/contact-us/,
phone,pass,Published phone: 077-0465352,https://mediation.gov.lk/en/contact-us-rti/contact-us/,
phone,pass,Published phone: 0773209467 ,https://mediation.gov.lk/en/contact-us-rti/contact-us/,
phone,pass,Published phone: 0353351341,https://mediation.gov.lk/en/contact-us-rti/contact-us/,
phone,pass,Published phone: 0725577128 ,https://mediation.gov.lk/en/contact-us-rti/contact-us/,
phone,pass,Published phone: 0701311969 ,https://mediation.gov.lk/en/contact-us-rti/contact-us/,
phone,pass,Published phone: 0711477159 ,https://mediation.gov.lk/en/contact-us-rti/contact-us/,
phone,pass,Published phone: 065 -3643617,https://mediation.gov.lk/en/contact-us-rti/contact-us/,
phone,pass,Published phone: 0373373779,https://mediation.gov.lk/en/contact-us-rti/contact-us/,
phone,pass,Published phone: 065- 3641121 ,https://mediation.gov.lk/en/contact-us-rti/contact-us/,
phone,pass,Published phone: 0779831726 ,https://mediation.gov.lk/en/contact-us-rti/contact-us/,
phone,pass,Published phone: 063- 2248118,https://mediation.gov.lk/en/contact-us-rti/contact-us/,
phone,pass,Published phone: 0784525966 ,https://mediation.gov.lk/en/contact-us-rti/contact-us/,
phone,pass,Published phone: 0812493517 ,https://mediation.gov.lk/en/contact-us-rti/contact-us/,
phone,pass,Published phone: 0718301512,https://mediation.gov.lk/en/contact-us-rti/contact-us/,
phone,pass,Published phone: 065 -4910167 ,https://mediation.gov.lk/en/contact-us-rti/contact-us/,
phone,pass,Published phone: 0252266713 ,https://mediation.gov.lk/en/contact-us-rti/contact-us/,
phone,pass,Published phone: 0332275413 ,https://mediation.gov.lk/en/contact-us-rti/contact-us/,
phone,pass,Published phone: 0714498368 ,https://mediation.gov.lk/en/contact-us-rti/contact-us/,
phone,pass,Published phone: 0112289640,https://mediation.gov.lk/en/contact-us-rti/contact-us/,
phone,pass,Published phone: 0745820161,https://mediation.gov.lk/en/contact-us-rti/contact-us/,
phone,pass,Published phone: +94 112 334 323 ,https://mediation.gov.lk/en/contact-us-rti/contact-us/,
phone,pass,Published phone: 077- 6006353,https://mediation.gov.lk/en/contact-us-rti/contact-us/,
phone,pass,Published phone: 0253893991 ,https://mediation.gov.lk/en/contact-us-rti/contact-us/,
phone,pass,Published phone: 0352265259 ,https://mediation.gov.lk/en/contact-us-rti/contact-us/,
phone,pass,Published phone: 0552273938 ,https://mediation.gov.lk/en/contact-us-rti/contact-us/,
phone,pass,Published phone: 0714824501,https://mediation.gov.lk/en/contact-us-rti/contact-us/,
phone,pass,Published phone: 0812352074 ,https://mediation.gov.lk/en/contact-us-rti/contact-us/,
phone,pass,Published phone: 0764440357 ,https://mediation.gov.lk/en/contact-us-rti/contact-us/,
phone,pass,Published phone: 0779088545,https://mediation.gov.lk/en/contact-us-rti/contact-us/,
phone,pass,Published phone: 0718363553 ,https://mediation.gov.lk/en/contact-us-rti/contact-us/,
phone,pass,Published phone: 0372233165 ,https://mediation.gov.lk/en/contact-us-rti/contact-us/,
phone,pass,Published phone: 0812467402,https://mediation.gov.lk/en/contact-us-rti/contact-us/,
phone,pass,Published phone: 0714400066,https://mediation.gov.lk/en/contact-us-rti/contact-us/,
phone,pass,Published phone: 0711144850,https://mediation.gov.lk/en/contact-us-rti/contact-us/,
phone,pass,Published phone: 0112873068,https://mediation.gov.lk/en/contact-us-rti/contact-us/,
phone,pass,Published phone: 0715772265,https://mediation.gov.lk/en/contact-us-rti/contact-us/,
phone,pass,Published phone: 0715380034,https://mediation.gov.lk/en/contact-us-rti/contact-us/,
phone,pass,Published phone: 0375747170 ,https://mediation.gov.lk/en/contact-us-rti/contact-us/,
phone,pass,Published phone: 0773616433 ,https://mediation.gov.lk/en/contact-us-rti/contact-us/,
phone,pass,Published phone: 0662057899 ,https://mediation.gov.lk/en/contact-us-rti/contact-us/,
phone,pass,Published phone: 0718240840,https://mediation.gov.lk/en/contact-us-rti/contact-us/,
phone,pass,Published phone: 037 229 5416 ,https://mediation.gov.lk/en/contact-us-rti/contact-us/,
phone,pass,Published phone: 0718077592 ,https://mediation.gov.lk/en/contact-us-rti/contact-us/,
phone,pass,Published phone: 077-3984594,https://mediation.gov.lk/en/contact-us-rti/contact-us/,
phone,pass,Published phone: 067 - 2265099 ,https://mediation.gov.lk/en/contact-us-rti/contact-us/,
phone,pass,Published phone: 0712958395,https://mediation.gov.lk/en/contact-us-rti/contact-us/,
phone,pass,Published phone: 077- 8014722 ,https://mediation.gov.lk/en/contact-us-rti/contact-us/,
phone,pass,Published phone: 0777111881 ,https://mediation.gov.lk/en/contact-us-rti/contact-us/,
phone,pass,Published phone: 0714808157 ,https://mediation.gov.lk/en/contact-us-rti/contact-us/,
phone,pass,Published phone: 0712535956 ,https://mediation.gov.lk/en/contact-us-rti/contact-us/,
phone,pass,Published phone: 0112532897,https://mediation.gov.lk/en/contact-us-rti/contact-us/,
phone,pass,Published phone: 0718210021,https://mediation.gov.lk/en/contact-us-rti/contact-us/,
phone,pass,Published phone: 077 226 6235,https://mediation.gov.lk/en/contact-us-rti/contact-us/,
phone,pass,Published phone: 0706655708 ,https://mediation.gov.lk/en/contact-us-rti/contact-us/,
phone,pass,Published phone: 077 - 9377481,https://mediation.gov.lk/en/contact-us-rti/contact-us/,
phone,pass,Published phone: 0715852901 ,https://mediation.gov.lk/en/contact-us-rti/contact-us/,
phone,pass,Published phone: 0714473018 ,https://mediation.gov.lk/en/contact-us-rti/contact-us/,
phone,pass,Published phone: 0452273338 ,https://mediation.gov.lk/en/contact-us-rti/contact-us/,
phone,pass,Published phone: 0718663816,https://mediation.gov.lk/en/contact-us-rti/contact-us/,
phone,pass,Published phone: 0724489951,https://mediation.gov.lk/en/contact-us-rti/contact-us/,
phone,pass,Published phone: 0773501603,https://mediation.gov.lk/en/contact-us-rti/contact-us/,
phone,pass,Published phone: 0342222428 ,https://mediation.gov.lk/en/contact-us-rti/contact-us/,
phone,pass,Published phone: 0997100000,https://mediation.gov.lk/en/contact-us-rti/contact-us/,
phone,pass,Published phone: 065-5681303 ,https://mediation.gov.lk/en/contact-us-rti/contact-us/,
phone,pass,Published phone: 0632244027,https://mediation.gov.lk/en/contact-us-rti/contact-us/,
phone,pass,Published phone: 077-9237757 ,https://mediation.gov.lk/en/contact-us-rti/contact-us/,
phone,pass,Published phone: 077-4793517,https://mediation.gov.lk/en/contact-us-rti/contact-us/,
phone,pass,Published phone: 0252276335 ,https://mediation.gov.lk/en/contact-us-rti/contact-us/,
phone,pass,Published phone: 0713958724 ,https://mediation.gov.lk/en/contact-us-rti/contact-us/,
phone,pass,Published phone: 0718263962,https://mediation.gov.lk/en/contact-us-rti/contact-us/,
phone,pass,Published phone: 0773555647 ,https://mediation.gov.lk/en/contact-us-rti/contact-us/,
phone,pass,Published phone: 0718012524,https://mediation.gov.lk/en/contact-us-rti/contact-us/,
phone,pass,Published phone: 0718269549 ,https://mediation.gov.lk/en/contact-us-rti/contact-us/,
phone,pass,Published phone: 0771528581 ,https://mediation.gov.lk/en/contact-us-rti/contact-us/,
phone,pass,Published phone: 0714476248 ,https://mediation.gov.lk/en/contact-us-rti/contact-us/,
phone,pass,Published phone: 0729359136,https://mediation.gov.lk/en/contact-us-rti/contact-us/,
phone,pass,Published phone: 0312223972 ,https://mediation.gov.lk/en/contact-us-rti/contact-us/,
phone,pass,Published phone: 0716340210 ,https://mediation.gov.lk/en/contact-us-rti/contact-us/,
phone,pass,Published phone: 0718168938,https://mediation.gov.lk/en/contact-us-rti/contact-us/,
phone,pass,Published phone: 0728348348,https://mediation.gov.lk/en/contact-us-rti/contact-us/,
phone,pass,Published phone: 077-4676556 ,https://mediation.gov.lk/en/contact-us-rti/contact-us/,
phone,pass,Published phone: 0776407404 ,https://mediation.gov.lk/en/contact-us-rti/contact-us/,
phone,pass,Published phone: 0718359867,https://mediation.gov.lk/en/contact-us-rti/contact-us/,
phone,pass,Published phone: 0716898761,https://mediation.gov.lk/en/contact-us-rti/contact-us/,
phone,pass,Published phone: 011 253 6090,https://mediation.gov.lk/en/contact-us-rti/contact-us/,
phone,pass,Published phone: 077-7111979,https://mediation.gov.lk/en/contact-us-rti/contact-us/,
phone,pass,Published phone: 0412220547 ,https://mediation.gov.lk/en/contact-us-rti/contact-us/,
phone,pass,Published phone: 0112823844 ,https://mediation.gov.lk/en/contact-us-rti/contact-us/,
phone,pass,Published phone: 0112532897 ,https://mediation.gov.lk/en/contact-us-rti/contact-us/,
phone,pass,Published phone: 0552250411,https://mediation.gov.lk/en/contact-us-rti/contact-us/,
phone,pass,Published phone: 0765719191,https://mediation.gov.lk/en/contact-us-rti/contact-us/,
phone,pass,Published phone: 0701562476,https://mediation.gov.lk/en/contact-us-rti/contact-us/,
phone,pass,Published phone: 0913935191 ,https://mediation.gov.lk/en/contact-us-rti/contact-us/,
phone,pass,Published phone: 0714901813 ,https://mediation.gov.lk/en/contact-us-rti/contact-us/,
phone,pass,Published phone: 0552263960,https://mediation.gov.lk/en/contact-us-rti/contact-us/,
phone,pass,Published phone: 0774536710,https://mediation.gov.lk/en/contact-us-rti/contact-us/,
phone,pass,Published phone: 0365719040 ,https://mediation.gov.lk/en/contact-us-rti/contact-us/,
phone,pass,Published phone: 0112675522,https://mediation.gov.lk/en/contact-us-rti/contact-us/,
phone,pass,Published phone: 0773431612 ,https://mediation.gov.lk/en/contact-us-rti/contact-us/,
phone,pass,Published phone: 0710641369 ,https://mediation.gov.lk/en/contact-us-rti/contact-us/,
phone,pass,Published phone: 0769905100,https://mediation.gov.lk/en/contact-us-rti/contact-us/,
phone,pass,Published phone: 077-4147994,https://mediation.gov.lk/en/contact-us-rti/contact-us/,
phone,pass,Published phone: 0777267293 ,https://mediation.gov.lk/en/contact-us-rti/contact-us/,
phone,pass,Published phone: 0262248175 ,https://mediation.gov.lk/en/contact-us-rti/contact-us/,
phone,pass,Published phone: 0777968732,https://mediation.gov.lk/en/contact-us-rti/contact-us/,
phone,pass,Published phone: 0412268236,https://mediation.gov.lk/en/contact-us-rti/contact-us/,
phone,pass,Published phone: 067-2260892 ,https://mediation.gov.lk/en/contact-us-rti/contact-us/,
phone,pass,Published phone: 0.814247999,https://mediation.gov.lk/en/contact-us-rti/contact-us/,
phone,pass,Published phone: 0712207782 ,https://mediation.gov.lk/en/contact-us-rti/contact-us/,
phone,pass,Published phone: 0913914909 ,https://mediation.gov.lk/en/contact-us-rti/contact-us/,
phone,pass,Published phone: 077 595 8113,https://mediation.gov.lk/en/contact-us-rti/contact-us/,
phone,pass,Published phone: 0175630000,https://mediation.gov.lk/en/contact-us-rti/contact-us/,
phone,pass,Published phone: 0770229653,https://mediation.gov.lk/en/contact-us-rti/contact-us/,
phone,pass,Published phone: 0912211536,https://mediation.gov.lk/en/contact-us-rti/contact-us/,
phone,pass,Published phone: 0775050330,https://mediation.gov.lk/en/contact-us-rti/contact-us/,
phone,pass,Published phone: 0372267159 ,https://mediation.gov.lk/en/contact-us-rti/contact-us/,
phone,pass,Published phone: 0713528793 ,https://mediation.gov.lk/en/contact-us-rti/contact-us/,
phone,pass,Published phone: 05. 077 - 42846,https://mediation.gov.lk/en/contact-us-rti/contact-us/,
phone,pass,Published phone: 077-3586958,https://mediation.gov.lk/en/contact-us-rti/contact-us/,
phone,pass,Published phone: 0718363553,https://mediation.gov.lk/en/contact-us-rti/contact-us/,
phone,pass,Published phone: 0112974542 ,https://mediation.gov.lk/en/contact-us-rti/contact-us/,
phone,pass,Published phone: 0912211536 ,https://mediation.gov.lk/en/contact-us-rti/contact-us/,
phone,pass,Published phone: 0773209467,https://mediation.gov.lk/en/contact-us-rti/contact-us/,
phone,pass,Published phone: 0767680228 ,https://mediation.gov.lk/en/contact-us-rti/contact-us/,
phone,pass,Published phone: 0375778026 ,https://mediation.gov.lk/en/contact-us-rti/contact-us/,
phone,pass,Published phone: 077- 0553398,https://mediation.gov.lk/en/contact-us-rti/contact-us/,
phone,pass,Published phone: 0552276090 ,https://mediation.gov.lk/en/contact-us-rti/contact-us/,
phone,pass,Published phone: 0275716721 ,https://mediation.gov.lk/en/contact-us-rti/contact-us/,
phone,pass,Published phone: 0372244778,https://mediation.gov.lk/en/contact-us-rti/contact-us/,
phone,pass,Published phone: 0278369630 ,https://mediation.gov.lk/en/contact-us-rti/contact-us/,
phone,pass,Published phone: 077-1962122 ,https://mediation.gov.lk/en/contact-us-rti/contact-us/,
phone,pass,Published phone: 0372285869,https://mediation.gov.lk/en/contact-us-rti/contact-us/,
phone,pass,Published phone: 02. 071 - 11118,https://mediation.gov.lk/en/contact-us-rti/contact-us/,
phone,pass,Published phone: 0812461793 ,https://mediation.gov.lk/en/contact-us-rti/contact-us/,
phone,pass,Published phone: 0778260850 ,https://mediation.gov.lk/en/contact-us-rti/contact-us/,
phone,pass,Published phone: 0552276234 ,https://mediation.gov.lk/en/contact-us-rti/contact-us/,
phone,pass,Published phone: 0714447940 ,https://mediation.gov.lk/en/contact-us-rti/contact-us/,
phone,pass,Published phone: 0773501603 ,https://mediation.gov.lk/en/contact-us-rti/contact-us/,
phone,pass,Published phone: 0372231028 ,https://mediation.gov.lk/en/contact-us-rti/contact-us/,
phone,pass,Published phone: 0715550248 ,https://mediation.gov.lk/en/contact-us-rti/contact-us/,
phone,pass,Published phone: 0575685668 ,https://mediation.gov.lk/en/contact-us-rti/contact-us/,
phone,pass,Published phone: 0375643660,https://mediation.gov.lk/en/contact-us-rti/contact-us/,
phone,pass,Published phone: 0325684794 ,https://mediation.gov.lk/en/contact-us-rti/contact-us/,
phone,pass,Published phone: 0413400366,https://mediation.gov.lk/en/contact-us-rti/contact-us/,
phone,pass,Published phone: 077 - 9377481 ,https://mediation.gov.lk/en/contact-us-rti/contact-us/,
phone,pass,Published phone: 0778461450,https://mediation.gov.lk/en/contact-us-rti/contact-us/,
phone,pass,Published phone: 0812491956 ,https://mediation.gov.lk/en/contact-us-rti/contact-us/,
phone,pass,Published phone: 0714901813,https://mediation.gov.lk/en/contact-us-rti/contact-us/,
phone,pass,Published phone: 0342223749 ,https://mediation.gov.lk/en/contact-us-rti/contact-us/,
phone,pass,Published phone: 0718082839 ,https://mediation.gov.lk/en/contact-us-rti/contact-us/,
phone,pass,Published phone: 0452255257 ,https://mediation.gov.lk/en/contact-us-rti/contact-us/,
phone,pass,Published phone: 0912283747 ,https://mediation.gov.lk/en/contact-us-rti/contact-us/,
phone,pass,Published phone: 04 077 -22843,https://mediation.gov.lk/en/contact-us-rti/contact-us/,
phone,pass,Published phone: 0718359867 ,https://mediation.gov.lk/en/contact-us-rti/contact-us/,
phone,pass,Published phone: 0718811794 ,https://mediation.gov.lk/en/contact-us-rti/contact-us/,
phone,pass,Published phone: 0352258566,https://mediation.gov.lk/en/contact-us-rti/contact-us/,
phone,pass,Published phone: 0662244563 ,https://mediation.gov.lk/en/contact-us-rti/contact-us/,
phone,pass,Published phone: 077- 6681798 ,https://mediation.gov.lk/en/contact-us-rti/contact-us/,
phone,pass,Published phone: 077-6219484,https://mediation.gov.lk/en/contact-us-rti/contact-us/,
phone,pass,Published phone: 077-8399465,https://mediation.gov.lk/en/contact-us-rti/contact-us/,
phone,pass,Published phone: 011 2465570 ,https://mediation.gov.lk/en/contact-us-rti/contact-us/,
phone,pass,Published phone: 077-4739889 ,https://mediation.gov.lk/en/contact-us-rti/contact-us/,
phone,pass,Published phone: 0778900110,https://mediation.gov.lk/en/contact-us-rti/contact-us/,
phone,pass,Published phone: 0342278249 ,https://mediation.gov.lk/en/contact-us-rti/contact-us/,
phone,pass,Published phone: 0253250903 ,https://mediation.gov.lk/en/contact-us-rti/contact-us/,
phone,pass,Published phone: 067 - 2265099,https://mediation.gov.lk/en/contact-us-rti/contact-us/,
phone,pass,Published phone: 077-9237757,https://mediation.gov.lk/en/contact-us-rti/contact-us/,
phone,pass,Published phone: 0714405973 ,https://mediation.gov.lk/en/contact-us-rti/contact-us/,
phone,pass,Published phone: 077- 3611108 ,https://mediation.gov.lk/en/contact-us-rti/contact-us/,
phone,pass,Published phone: 0773647172 ,https://mediation.gov.lk/en/contact-us-rti/contact-us/,
phone,pass,Published phone: 0312258267,https://mediation.gov.lk/en/contact-us-rti/contact-us/,
phone,pass,Published phone: 0454900898 ,https://mediation.gov.lk/en/contact-us-rti/contact-us/,
phone,pass,Published phone: 0779687027,https://mediation.gov.lk/en/contact-us-rti/contact-us/,
phone,pass,Published phone: 0522229781 ,https://mediation.gov.lk/en/contact-us-rti/contact-us/,
phone,pass,Published phone: 0773785285 ,https://mediation.gov.lk/en/contact-us-rti/contact-us/,
phone,pass,Published phone: 0714490734,https://mediation.gov.lk/en/contact-us-rti/contact-us/,
phone,pass,Published phone: 0372279151,https://mediation.gov.lk/en/contact-us-rti/contact-us/,
phone,pass,Published phone: 0714255008,https://mediation.gov.lk/en/contact-us-rti/contact-us/,
phone,pass,Published phone: 0724731516,https://mediation.gov.lk/en/contact-us-rti/contact-us/,
phone,pass,Published phone: 077-3090911 ,https://mediation.gov.lk/en/contact-us-rti/contact-us/,
phone,pass,Published phone: 0718671463 ,https://mediation.gov.lk/en/contact-us-rti/contact-us/,
phone,pass,Published phone: 0343304335 ,https://mediation.gov.lk/en/contact-us-rti/contact-us/,
phone,pass,Published phone: 0553559925 ,https://mediation.gov.lk/en/contact-us-rti/contact-us/,
phone,pass,Published phone: 0813999492 ,https://mediation.gov.lk/en/contact-us-rti/contact-us/,
phone,pass,Published phone: 0712535956,https://mediation.gov.lk/en/contact-us-rti/contact-us/,
phone,pass,Published phone: 027 205 2260,https://mediation.gov.lk/en/contact-us-rti/contact-us/,
phone,pass,Published phone: 0714395322 ,https://mediation.gov.lk/en/contact-us-rti/contact-us/,
phone,pass,Published phone: 0719172972 ,https://mediation.gov.lk/en/contact-us-rti/contact-us/,
phone,pass,Published phone: 0776308671 ,https://mediation.gov.lk/en/contact-us-rti/contact-us/,
phone,pass,Published phone: 0774990377,https://mediation.gov.lk/en/contact-us-rti/contact-us/,
phone,pass,Published phone: 0912291869 ,https://mediation.gov.lk/en/contact-us-rti/contact-us/,
phone,pass,Published phone: 0702930297 ,https://mediation.gov.lk/en/contact-us-rti/contact-us/,
phone,pass,Published phone: 0552276234,https://mediation.gov.lk/en/contact-us-rti/contact-us/,
phone,pass,Published phone: 0712911641 ,https://mediation.gov.lk/en/contact-us-rti/contact-us/,
phone,pass,Published phone: 0112715523 ,https://mediation.gov.lk/en/contact-us-rti/contact-us/,
phone,pass,Published phone: 0714468521 ,https://mediation.gov.lk/en/contact-us-rti/contact-us/,
phone,pass,Published phone: 0345617458 ,https://mediation.gov.lk/en/contact-us-rti/contact-us/,
phone,pass,Published phone: 077-6699030,https://mediation.gov.lk/en/contact-us-rti/contact-us/,
phone,pass,Published phone: 0718120384 ,https://mediation.gov.lk/en/contact-us-rti/contact-us/,
phone,pass,Published phone: 0914944849 ,https://mediation.gov.lk/en/contact-us-rti/contact-us/,
phone,pass,Published phone: 0342222221 ,https://mediation.gov.lk/en/contact-us-rti/contact-us/,
phone,pass,Published phone: 0714494698 ,https://mediation.gov.lk/en/contact-us-rti/contact-us/,
phone,pass,Published phone: 0775558164 ,https://mediation.gov.lk/en/contact-us-rti/contact-us/,
phone,pass,Published phone: 0715564503,https://mediation.gov.lk/en/contact-us-rti/contact-us/,
phone,pass,Published phone: 0717021001 ,https://mediation.gov.lk/en/contact-us-rti/contact-us/,
phone,pass,Published phone: 0633631735,https://mediation.gov.lk/en/contact-us-rti/contact-us/,
phone,pass,Published phone: 0332223305 ,https://mediation.gov.lk/en/contact-us-rti/contact-us/,
phone,pass,Published phone: 0575685668,https://mediation.gov.lk/en/contact-us-rti/contact-us/,
phone,pass,Published phone: 077-0345141,https://mediation.gov.lk/en/contact-us-rti/contact-us/,
phone,pass,Published phone: 0770764794 ,https://mediation.gov.lk/en/contact-us-rti/contact-us/,
phone,pass,Published phone: 0714490734 ,https://mediation.gov.lk/en/contact-us-rti/contact-us/,
phone,pass,Published phone: 0453453326 ,https://mediation.gov.lk/en/contact-us-rti/contact-us/,
phone,pass,Published phone: 047 225 6040,https://mediation.gov.lk/en/contact-us-rti/contact-us/,
phone,pass,Published phone: 0372282215 ,https://mediation.gov.lk/en/contact-us-rti/contact-us/,
phone,pass,Published phone: 071 - 1111811,https://mediation.gov.lk/en/contact-us-rti/contact-us/,
phone,pass,Published phone: 0715703960,https://mediation.gov.lk/en/contact-us-rti/contact-us/,
phone,pass,Published phone: 070 2589604,https://mediation.gov.lk/en/contact-us-rti/contact-us/,
phone,pass,Published phone: 021-3218314,https://mediation.gov.lk/en/contact-us-rti/contact-us/,
phone,pass,Published phone: 0779045998,https://mediation.gov.lk/en/contact-us-rti/contact-us/,
phone,pass,Published phone: 0713350755,https://mediation.gov.lk/en/contact-us-rti/contact-us/,
phone,pass,Published phone: 0312269488 ,https://mediation.gov.lk/en/contact-us-rti/contact-us/,
phone,pass,Published phone: 077-3620970 ,https://mediation.gov.lk/en/contact-us-rti/contact-us/,
phone,pass,Published phone: 0724172617 ,https://mediation.gov.lk/en/contact-us-rti/contact-us/,
phone,pass,Published phone: 0714415625 ,https://mediation.gov.lk/en/contact-us-rti/contact-us/,
phone,pass,Published phone: 0778900110 ,https://mediation.gov.lk/en/contact-us-rti/contact-us/,
phone,pass,Published phone: 065-3644860,https://mediation.gov.lk/en/contact-us-rti/contact-us/,
phone,pass,Published phone: 065-2225966 ,https://mediation.gov.lk/en/contact-us-rti/contact-us/,
phone,pass,Published phone: 0718671463,https://mediation.gov.lk/en/contact-us-rti/contact-us/,
phone,pass,Published phone: 0718299359 ,https://mediation.gov.lk/en/contact-us-rti/contact-us/,
phone,pass,Published phone: 0776266877 ,https://mediation.gov.lk/en/contact-us-rti/contact-us/,
phone,pass,Published phone: 0552257086 ,https://mediation.gov.lk/en/contact-us-rti/contact-us/,
phone,pass,Published phone: 0775075617,https://mediation.gov.lk/en/contact-us-rti/contact-us/,
phone,pass,Published phone: 0763891558 ,https://mediation.gov.lk/en/contact-us-rti/contact-us/,
phone,pass,Published phone: 0713915657 ,https://mediation.gov.lk/en/contact-us-rti/contact-us/,
phone,pass,Published phone: 077-5046243 ,https://mediation.gov.lk/en/contact-us-rti/contact-us/,
phone,pass,Published phone: 0322251447,https://mediation.gov.lk/en/contact-us-rti/contact-us/,
phone,pass,Published phone: 0779546171 ,https://mediation.gov.lk/en/contact-us-rti/contact-us/,
phone,pass,Published phone: 0776530994,https://mediation.gov.lk/en/contact-us-rti/contact-us/,
phone,pass,Published phone: 0633632231 ,https://mediation.gov.lk/en/contact-us-rti/contact-us/,
phone,pass,Published phone: 0776118238 ,https://mediation.gov.lk/en/contact-us-rti/contact-us/,
phone,pass,Published phone: 0718289601 ,https://mediation.gov.lk/en/contact-us-rti/contact-us/,
phone,pass,Published phone: 077 226 6235 ,https://mediation.gov.lk/en/contact-us-rti/contact-us/,
phone,pass,Published phone: 0714150593 ,https://mediation.gov.lk/en/contact-us-rti/contact-us/,
phone,pass,Published phone: 0662283654,https://mediation.gov.lk/en/contact-us-rti/contact-us/,
phone,pass,Published phone: 0775757102,https://mediation.gov.lk/en/contact-us-rti/contact-us/,
phone,pass,Published phone: 077 - 6234560 ,https://mediation.gov.lk/en/contact-us-rti/contact-us/,
phone,pass,Published phone: 0472225485,https://mediation.gov.lk/en/contact-us-rti/contact-us/,
phone,pass,Published phone: 0272246889,https://mediation.gov.lk/en/contact-us-rti/contact-us/,
phone,pass,Published phone: 0553551177 ,https://mediation.gov.lk/en/contact-us-rti/contact-us/,
phone,pass,Published phone: 0774378371 ,https://mediation.gov.lk/en/contact-us-rti/contact-us/,
phone,pass,Published phone: 0776474750 ,https://mediation.gov.lk/en/contact-us-rti/contact-us/,
phone,pass,Published phone: 065 - 3064424 ,https://mediation.gov.lk/en/contact-us-rti/contact-us/,
phone,pass,Published phone: 0768142956,https://mediation.gov.lk/en/contact-us-rti/contact-us/,
phone,pass,Published phone: 077 - 4284666,https://mediation.gov.lk/en/contact-us-rti/contact-us/,
phone,pass,Published phone: 0724489951 ,https://mediation.gov.lk/en/contact-us-rti/contact-us/,
phone,pass,Published phone: 0662222051 ,https://mediation.gov.lk/en/contact-us-rti/contact-us/,
phone,pass,Published phone: 0773555647,https://mediation.gov.lk/en/contact-us-rti/contact-us/,
phone,pass,Published phone: 0769905100 ,https://mediation.gov.lk/en/contact-us-rti/contact-us/,
phone,pass,Published phone: 0112977072,https://mediation.gov.lk/en/contact-us-rti/contact-us/,
phone,pass,Published phone: 0718303552 ,https://mediation.gov.lk/en/contact-us-rti/contact-us/,
phone,pass,Published phone: 0718012524 ,https://mediation.gov.lk/en/contact-us-rti/contact-us/,
phone,pass,Published phone: 0252255158 ,https://mediation.gov.lk/en/contact-us-rti/contact-us/,
phone,pass,Published phone: 077 - 9515490,https://mediation.gov.lk/en/contact-us-rti/contact-us/,
phone,pass,Published phone: 0718355125,https://mediation.gov.lk/en/contact-us-rti/contact-us/,
phone,pass,Published phone: 0812052470,https://mediation.gov.lk/en/contact-us-rti/contact-us/,
phone,pass,Published phone: 0766050233,https://mediation.gov.lk/en/contact-us-rti/contact-us/,
phone,pass,Published phone: 0373373779 ,https://mediation.gov.lk/en/contact-us-rti/contact-us/,
phone,pass,Published phone: 065- 3641121,https://mediation.gov.lk/en/contact-us-rti/contact-us/,
phone,pass,Published phone: 0770395252 ,https://mediation.gov.lk/en/contact-us-rti/contact-us/,
phone,pass,Published phone: 077-4257471,https://mediation.gov.lk/en/contact-us-rti/contact-us/,
phone,pass,Published phone: 03. 026-32005,https://mediation.gov.lk/en/contact-us-rti/contact-us/,
phone,pass,Published phone: 077 - 9001352 ,https://mediation.gov.lk/en/contact-us-rti/contact-us/,
phone,pass,Published phone: 0764684272,https://mediation.gov.lk/en/contact-us-rti/contact-us/,
phone,pass,Published phone: 0332275413,https://mediation.gov.lk/en/contact-us-rti/contact-us/,
phone,pass,Published phone: 0714400066 ,https://mediation.gov.lk/en/contact-us-rti/contact-us/,
phone,pass,Published phone: 0777968732 ,https://mediation.gov.lk/en/contact-us-rti/contact-us/,
phone,pass,Published phone: 0714824501 ,https://mediation.gov.lk/en/contact-us-rti/contact-us/,
phone,pass,Published phone: 0812461889 ,https://mediation.gov.lk/en/contact-us-rti/contact-us/,
phone,pass,Published phone: 071 591 6499 ,https://mediation.gov.lk/en/contact-us-rti/contact-us/,
phone,pass,Published phone: 077 - 3574000,https://mediation.gov.lk/en/contact-us-rti/contact-us/,
phone,pass,Published phone: 0632222824 ,https://mediation.gov.lk/en/contact-us-rti/contact-us/,
phone,pass,Published phone: 0812050397 ,https://mediation.gov.lk/en/contact-us-rti/contact-us/,
phone,pass,Published phone: 0724609938 ,https://mediation.gov.lk/en/contact-us-rti/contact-us/,
phone,pass,Published phone: 0812236990 ,https://mediation.gov.lk/en/contact-us-rti/contact-us/,
phone,pass,Published phone: 0913914909,https://mediation.gov.lk/en/contact-us-rti/contact-us/,
phone,pass,Published phone: 0375681946 ,https://mediation.gov.lk/en/contact-us-rti/contact-us/,
phone,pass,Published phone: 0718376407 ,https://mediation.gov.lk/en/contact-us-rti/contact-us/,
phone,pass,Published phone: 0718308581 ,https://mediation.gov.lk/en/contact-us-rti/contact-us/,
phone,pass,Published phone: 0812467402 ,https://mediation.gov.lk/en/contact-us-rti/contact-us/,
phone,pass,Published phone: 0555753207,https://mediation.gov.lk/en/contact-us-rti/contact-us/,
phone,pass,Published phone: 077-1962122,https://mediation.gov.lk/en/contact-us-rti/contact-us/,
phone,pass,Published phone: 0718811794,https://mediation.gov.lk/en/contact-us-rti/contact-us/,
phone,pass,Published phone: 0718214005 ,https://mediation.gov.lk/en/contact-us-rti/contact-us/,
phone,pass,Published phone: 0718376407,https://mediation.gov.lk/en/contact-us-rti/contact-us/,
phone,pass,Published phone: 0770229653 ,https://mediation.gov.lk/en/contact-us-rti/contact-us/,
phone,pass,Published phone: 0770513858,https://mediation.gov.lk/en/contact-us-rti/contact-us/,
phone,pass,Published phone: 0768612398 ,https://mediation.gov.lk/en/contact-us-rti/contact-us/,
phone,pass,Published phone: 0472220880 ,https://mediation.gov.lk/en/contact-us-rti/contact-us/,
phone,pass,Published phone: 077-6658979,https://mediation.gov.lk/en/contact-us-rti/contact-us/,
phone,pass,Published phone: 0814956959,https://mediation.gov.lk/en/contact-us-rti/contact-us/,
phone,pass,Published phone: 077 -7061745 ,https://mediation.gov.lk/en/contact-us-rti/contact-us/,
phone,pass,Published phone: 0716012874 ,https://mediation.gov.lk/en/contact-us-rti/contact-us/,
phone,pass,Published phone: 0718127358 ,https://mediation.gov.lk/en/contact-us-rti/contact-us/,
phone,pass,Published phone: 0272242176 ,https://mediation.gov.lk/en/contact-us-rti/contact-us/,
phone,pass,Published phone: 077-4147994 ,https://mediation.gov.lk/en/contact-us-rti/contact-us/,
phone,pass,Published phone: 0272050183 ,https://mediation.gov.lk/en/contact-us-rti/contact-us/,
phone,pass,Published phone: 0718210021 ,https://mediation.gov.lk/en/contact-us-rti/contact-us/,
phone,pass,Published phone: 0452279219 ,https://mediation.gov.lk/en/contact-us-rti/contact-us/,
phone,pass,Published phone: 0775491052,https://mediation.gov.lk/en/contact-us-rti/contact-us/,
phone,pass,Published phone: 077 - 9695391 ,https://mediation.gov.lk/en/contact-us-rti/contact-us/,
phone,pass,Published phone: 0716733864,https://mediation.gov.lk/en/contact-us-rti/contact-us/,
phone,pass,Published phone: 0710911333 ,https://mediation.gov.lk/en/contact-us-rti/contact-us/,
phone,pass,Published phone: 0914944849,https://mediation.gov.lk/en/contact-us-rti/contact-us/,
phone,pass,Published phone: 0473488391 ,https://mediation.gov.lk/en/contact-us-rti/contact-us/,
phone,pass,Published phone: 077 - 7890730 ,https://mediation.gov.lk/en/contact-us-rti/contact-us/,
phone,pass,Published phone: 0776160104,https://mediation.gov.lk/en/contact-us-rti/contact-us/,
phone,pass,Published phone: 0724731516 ,https://mediation.gov.lk/en/contact-us-rti/contact-us/,
phone,pass,Published phone: 077-4739889,https://mediation.gov.lk/en/contact-us-rti/contact-us/,
phone,pass,Published phone: 0712338853 ,https://mediation.gov.lk/en/contact-us-rti/contact-us/,
phone,pass,Published phone: 0372282215,https://mediation.gov.lk/en/contact-us-rti/contact-us/,
phone,pass,Published phone: 077-6150680,https://mediation.gov.lk/en/contact-us-rti/contact-us/,
phone,pass,Published phone: 0352265259,https://mediation.gov.lk/en/contact-us-rti/contact-us/,
phone,pass,Published phone: 0766923692 ,https://mediation.gov.lk/en/contact-us-rti/contact-us/,
phone,pass,Published phone: 0713435169,https://mediation.gov.lk/en/contact-us-rti/contact-us/,
phone,pass,Published phone: 077-0345141 ,https://mediation.gov.lk/en/contact-us-rti/contact-us/,
phone,pass,Published phone: 0714459827 ,https://mediation.gov.lk/en/contact-us-rti/contact-us/,
phone,pass,Published phone: 0362247275 ,https://mediation.gov.lk/en/contact-us-rti/contact-us/,
phone,pass,Published phone: 0771424536 ,https://mediation.gov.lk/en/contact-us-rti/contact-us/,
phone,pass,Published phone: 0572050023 ,https://mediation.gov.lk/en/contact-us-rti/contact-us/,
phone,pass,Published phone: 08 065-36448,https://mediation.gov.lk/en/contact-us-rti/contact-us/,
phone,pass,Published phone: 011 2702224,https://mediation.gov.lk/en/contact-us-rti/contact-us/,
phone,pass,Published phone: 0719648977,https://mediation.gov.lk/en/contact-us-rti/contact-us/,
phone,pass,Published phone: 0719032560 ,https://mediation.gov.lk/en/contact-us-rti/contact-us/,
phone,pass,Published phone: 0112704117 ,https://mediation.gov.lk/en/contact-us-rti/contact-us/,
phone,pass,Published phone: 0712912099,https://mediation.gov.lk/en/contact-us-rti/contact-us/,
phone,pass,Published phone: 077-3586958 ,https://mediation.gov.lk/en/contact-us-rti/contact-us/,
phone,pass,Published phone: 0.546852899,https://mediation.gov.lk/en/contact-us-rti/contact-us/,
phone,pass,Published phone: 0712338853,https://mediation.gov.lk/en/contact-us-rti/contact-us/,
phone,pass,Published phone: 0342284688 ,https://mediation.gov.lk/en/contact-us-rti/contact-us/,
phone,pass,Published phone: 0729359136 ,https://mediation.gov.lk/en/contact-us-rti/contact-us/,
phone,pass,Published phone: 0718679675,https://mediation.gov.lk/en/contact-us-rti/contact-us/,
phone,pass,Published phone: 0713315148,https://mediation.gov.lk/en/contact-us-rti/contact-us/,
phone,pass,Published phone: 0112933232,https://mediation.gov.lk/en/contact-us-rti/contact-us/,
phone,pass,Published phone: 077- 8014722,https://mediation.gov.lk/en/contact-us-rti/contact-us/,
phone,pass,Published phone: +94 112 334 258,https://mediation.gov.lk/en/contact-us-rti/contact-us/,
phone,pass,Published phone: 0362247275,https://mediation.gov.lk/en/contact-us-rti/contact-us/,
phone,pass,Published phone: 067 -2277696 ,https://mediation.gov.lk/en/contact-us-rti/contact-us/,
phone,pass,Published phone: 0778260850,https://mediation.gov.lk/en/contact-us-rti/contact-us/,
phone,pass,Published phone: 0779341788 ,https://mediation.gov.lk/en/contact-us-rti/contact-us/,
phone,pass,Published phone: 0712207782,https://mediation.gov.lk/en/contact-us-rti/contact-us/,
phone,pass,Published phone: 0112963499 ,https://mediation.gov.lk/en/contact-us-rti/contact-us/,
phone,pass,Published phone: 0322251447 ,https://mediation.gov.lk/en/contact-us-rti/contact-us/,
phone,pass,Published phone: 077-0465352 ,https://mediation.gov.lk/en/contact-us-rti/contact-us/,
phone,pass,Published phone: 0412259371,https://mediation.gov.lk/en/contact-us-rti/contact-us/,
phone,pass,Published phone: 071 3019633,https://mediation.gov.lk/en/contact-us-rti/contact-us/,
phone,pass,Published phone: 0912296692,https://mediation.gov.lk/en/contact-us-rti/contact-us/,
phone,pass,Published phone: 0472280068,https://mediation.gov.lk/en/contact-us-rti/contact-us/,
phone,pass,Published phone: 0714414890,https://mediation.gov.lk/en/contact-us-rti/contact-us/,
phone,pass,Published phone: 0372275797,https://mediation.gov.lk/en/contact-us-rti/contact-us/,
phone,pass,Published phone: 0701311969,https://mediation.gov.lk/en/contact-us-rti/contact-us/,
phone,pass,Published phone: 0814956959 ,https://mediation.gov.lk/en/contact-us-rti/contact-us/,
phone,pass,Published phone: 0775922303 ,https://mediation.gov.lk/en/contact-us-rti/contact-us/,
phone,pass,Published phone: 0714413423 ,https://mediation.gov.lk/en/contact-us-rti/contact-us/,
phone,pass,Published phone: 0715550248,https://mediation.gov.lk/en/contact-us-rti/contact-us/,
phone,pass,Published phone: 0718214005,https://mediation.gov.lk/en/contact-us-rti/contact-us/,
phone,pass,Published phone: 0382284419,https://mediation.gov.lk/en/contact-us-rti/contact-us/,
phone,pass,Published phone: 0252056560 ,https://mediation.gov.lk/en/contact-us-rti/contact-us/,
phone,pass,Published phone: 0273275778 ,https://mediation.gov.lk/en/contact-us-rti/contact-us/,
phone,pass,Published phone: 0775922303,https://mediation.gov.lk/en/contact-us-rti/contact-us/,
phone,pass,Published phone: 077 - 4567314,https://mediation.gov.lk/en/contact-us-rti/contact-us/,
phone,pass,Published phone: 0452286880 ,https://mediation.gov.lk/en/contact-us-rti/contact-us/,
phone,pass,Published phone: 077 - 6234560,https://mediation.gov.lk/en/contact-us-rti/contact-us/,
phone,pass,Published phone: 0332292253,https://mediation.gov.lk/en/contact-us-rti/contact-us/,
phone,pass,Published phone: 077-3934165,https://mediation.gov.lk/en/contact-us-rti/contact-us/,
phone,pass,Published phone: 0112933232 ,https://mediation.gov.lk/en/contact-us-rti/contact-us/,
phone,pass,Published phone: 0712573732 ,https://mediation.gov.lk/en/contact-us-rti/contact-us/,
phone,pass,Published phone: 0716789056 ,https://mediation.gov.lk/en/contact-us-rti/contact-us/,
phone,pass,Published phone: 0714395322,https://mediation.gov.lk/en/contact-us-rti/contact-us/,
phone,pass,Published phone: 0775491052 ,https://mediation.gov.lk/en/contact-us-rti/contact-us/,
phone,pass,Published phone: 0372233165,https://mediation.gov.lk/en/contact-us-rti/contact-us/,
phone,pass,Published phone: 0777870373 ,https://mediation.gov.lk/en/contact-us-rti/contact-us/,
phone,pass,Published phone: 0252222735 ,https://mediation.gov.lk/en/contact-us-rti/contact-us/,
phone,pass,Published phone: 0375681165,https://mediation.gov.lk/en/contact-us-rti/contact-us/,
phone,pass,Published phone: 0522229781,https://mediation.gov.lk/en/contact-us-rti/contact-us/,
phone,pass,Published phone: 0710666548 ,https://mediation.gov.lk/en/contact-us-rti/contact-us/,
phone,pass,Published phone: 0714150593,https://mediation.gov.lk/en/contact-us-rti/contact-us/,
phone,pass,Published phone: 0775075617 ,https://mediation.gov.lk/en/contact-us-rti/contact-us/,
phone,pass,Published phone: 0719252720,https://mediation.gov.lk/en/contact-us-rti/contact-us/,
phone,pass,Published phone: 0712395507,https://mediation.gov.lk/en/contact-us-rti/contact-us/,
phone,pass,Published phone: 0776054806 ,https://mediation.gov.lk/en/contact-us-rti/contact-us/,
phone,pass,Published phone: 0711735601 ,https://mediation.gov.lk/en/contact-us-rti/contact-us/,
phone,pass,Published phone: 0262255055,https://mediation.gov.lk/en/contact-us-rti/contact-us/,
phone,pass,Published phone: 0776255372 ,https://mediation.gov.lk/en/contact-us-rti/contact-us/,
phone,pass,Published phone: 0719648977 ,https://mediation.gov.lk/en/contact-us-rti/contact-us/,
phone,pass,Published phone: 0662244193 ,https://mediation.gov.lk/en/contact-us-rti/contact-us/,
phone,pass,Published phone: 0312252937 ,https://mediation.gov.lk/en/contact-us-rti/contact-us/,
phone,pass,Published phone: 0342270260 ,https://mediation.gov.lk/en/contact-us-rti/contact-us/,
phone,pass,Published phone: 0663664231,https://mediation.gov.lk/en/contact-us-rti/contact-us/,
phone,pass,Published phone: 077-7740443 ,https://mediation.gov.lk/en/contact-us-rti/contact-us/,
phone,pass,Published phone: 077 595 8113 ,https://mediation.gov.lk/en/contact-us-rti/contact-us/,
phone,pass,Published phone: 0711569994 ,https://mediation.gov.lk/en/contact-us-rti/contact-us/,
phone,pass,Published phone: 0112974542,https://mediation.gov.lk/en/contact-us-rti/contact-us/,
phone,pass,Published phone: 0715772265 ,https://mediation.gov.lk/en/contact-us-rti/contact-us/,
phone,pass,Published phone: 0762030382 ,https://mediation.gov.lk/en/contact-us-rti/contact-us/,
phone,pass,Published phone: 0705267433,https://mediation.gov.lk/en/contact-us-rti/contact-us/,
phone,pass,Published phone: 0717852830,https://mediation.gov.lk/en/contact-us-rti/contact-us/,
phone,pass,Published phone: 0715866232 ,https://mediation.gov.lk/en/contact-us-rti/contact-us/,
phone,pass,Published phone: 0777945364 ,https://mediation.gov.lk/en/contact-us-rti/contact-us/,
phone,pass,Published phone: 0774476887,https://mediation.gov.lk/en/contact-us-rti/contact-us/,
phone,pass,Published phone: 0776308671,https://mediation.gov.lk/en/contact-us-rti/contact-us/,
phone,pass,Published phone: 0776225513 ,https://mediation.gov.lk/en/contact-us-rti/contact-us/,
phone,pass,Published phone: 0711477159,https://mediation.gov.lk/en/contact-us-rti/contact-us/,
phone,pass,Published phone: 0412220547,https://mediation.gov.lk/en/contact-us-rti/contact-us/,
phone,pass,Published phone: 0771424536,https://mediation.gov.lk/en/contact-us-rti/contact-us/,
phone,pass,Published phone: 0719252720 ,https://mediation.gov.lk/en/contact-us-rti/contact-us/,
phone,pass,Published phone: 0712958395 ,https://mediation.gov.lk/en/contact-us-rti/contact-us/,
phone,pass,Published phone: 0714545306 ,https://mediation.gov.lk/en/contact-us-rti/contact-us/,
phone,pass,Published phone: 0779952937 ,https://mediation.gov.lk/en/contact-us-rti/contact-us/,
phone,pass,Published phone: 0719221650,https://mediation.gov.lk/en/contact-us-rti/contact-us/,
phone,pass,Published phone: 0662220760,https://mediation.gov.lk/en/contact-us-rti/contact-us/,
phone,pass,Published phone: 0712025937 ,https://mediation.gov.lk/en/contact-us-rti/contact-us/,
phone,pass,Published phone: 0718159152 ,https://mediation.gov.lk/en/contact-us-rti/contact-us/,
phone,pass,Published phone: 0553554660 ,https://mediation.gov.lk/en/contact-us-rti/contact-us/,
phone,pass,Published phone: 0718055014 ,https://mediation.gov.lk/en/contact-us-rti/contact-us/,
phone,pass,Published phone: 0726112095 ,https://mediation.gov.lk/en/contact-us-rti/contact-us/,
phone,pass,Published phone: 0776530994 ,https://mediation.gov.lk/en/contact-us-rti/contact-us/,
phone,pass,Published phone: 0112977072 ,https://mediation.gov.lk/en/contact-us-rti/contact-us/,
phone,pass,Published phone: 0322255467 ,https://mediation.gov.lk/en/contact-us-rti/contact-us/,
phone,pass,Published phone: 0712262891 ,https://mediation.gov.lk/en/contact-us-rti/contact-us/,
phone,pass,Published phone: 0711503169,https://mediation.gov.lk/en/contact-us-rti/contact-us/,
phone,pass,Published phone: 0711754099,https://mediation.gov.lk/en/contact-us-rti/contact-us/,
phone,pass,Published phone: 0767557102,https://mediation.gov.lk/en/contact-us-rti/contact-us/,
phone,pass,Published phone: 0662220760 ,https://mediation.gov.lk/en/contact-us-rti/contact-us/,
phone,pass,Published phone: 0774088217,https://mediation.gov.lk/en/contact-us-rti/contact-us/,
phone,pass,Published phone: 0779088545 ,https://mediation.gov.lk/en/contact-us-rti/contact-us/,
phone,pass,Published phone: 027 222 2233 ,https://mediation.gov.lk/en/contact-us-rti/contact-us/,
phone,pass,Published phone: 07746 47244,https://mediation.gov.lk/en/contact-us-rti/contact-us/,
phone,pass,Published phone: 0775488929 ,https://mediation.gov.lk/en/contact-us-rti/contact-us/,
phone,pass,Published phone: 0775757102 ,https://mediation.gov.lk/en/contact-us-rti/contact-us/,
phone,pass,Published phone: 0773166091,https://mediation.gov.lk/en/contact-us-rti/contact-us/,
phone,pass,Published phone: 02. 077 - 28583,https://mediation.gov.lk/en/contact-us-rti/contact-us/,
phone,pass,Published phone: 0362258335,https://mediation.gov.lk/en/contact-us-rti/contact-us/,
phone,pass,Published phone: 0776186887 ,https://mediation.gov.lk/en/contact-us-rti/contact-us/,
phone,pass,Published phone: 077 - 7890730,https://mediation.gov.lk/en/contact-us-rti/contact-us/,
phone,pass,Published phone: 0552276090,https://mediation.gov.lk/en/contact-us-rti/contact-us/,
phone,pass,Published phone: 0711110532,https://mediation.gov.lk/en/contact-us-rti/contact-us/,
phone,pass,Published phone: 0312299004 ,https://mediation.gov.lk/en/contact-us-rti/contact-us/,
phone,pass,Published phone: 0713315148 ,https://mediation.gov.lk/en/contact-us-rti/contact-us/,
phone,pass,Published phone: 0768142956 ,https://mediation.gov.lk/en/contact-us-rti/contact-us/,
phone,pass,Published phone: 0718020009 ,https://mediation.gov.lk/en/contact-us-rti/contact-us/,
phone,pass,Published phone: 0718308581,https://mediation.gov.lk/en/contact-us-rti/contact-us/,
phone,pass,Published phone: 0332262401,https://mediation.gov.lk/en/contact-us-rti/contact-us/,
phone,pass,Published phone: 077-6658979 ,https://mediation.gov.lk/en/contact-us-rti/contact-us/,
phone,pass,Published phone: 0718942917 ,https://mediation.gov.lk/en/contact-us-rti/contact-us/,
phone,pass,Published phone: 0711602634,https://mediation.gov.lk/en/contact-us-rti/contact-us/,
phone,pass,Published phone: 0768849271,https://mediation.gov.lk/en/contact-us-rti/contact-us/,
phone,pass,Published phone: 0764684272 ,https://mediation.gov.lk/en/contact-us-rti/contact-us/,
phone,pass,Published phone: 0372053607 ,https://mediation.gov.lk/en/contact-us-rti/contact-us/,
phone,pass,Published phone: 0715955628 ,https://mediation.gov.lk/en/contact-us-rti/contact-us/,
phone,pass,Published phone: 0716262350 ,https://mediation.gov.lk/en/contact-us-rti/contact-us/,
phone,pass,Published phone: 0711489186,https://mediation.gov.lk/en/contact-us-rti/contact-us/,
phone,pass,Published phone: 077-2080525,https://mediation.gov.lk/en/contact-us-rti/contact-us/,
phone,pass,Published phone: 0372053607,https://mediation.gov.lk/en/contact-us-rti/contact-us/,
phone,pass,Published phone: 0373614948 ,https://mediation.gov.lk/en/contact-us-rti/contact-us/,
phone,pass,Published phone: 0718390995,https://mediation.gov.lk/en/contact-us-rti/contact-us/,
phone,pass,Published phone: 0452275929 ,https://mediation.gov.lk/en/contact-us-rti/contact-us/,
phone,pass,Published phone: 0718263962 ,https://mediation.gov.lk/en/contact-us-rti/contact-us/,
phone,pass,Published phone: 0775072275 ,https://mediation.gov.lk/en/contact-us-rti/contact-us/,
phone,pass,Published phone: 0718463194 ,https://mediation.gov.lk/en/contact-us-rti/contact-us/,
phone,pass,Published phone: 0912283747,https://mediation.gov.lk/en/contact-us-rti/contact-us/,
phone,pass,Published phone: 0728348348 ,https://mediation.gov.lk/en/contact-us-rti/contact-us/,
phone,pass,Published phone: 0645399999,https://mediation.gov.lk/en/contact-us-rti/contact-us/,
phone,pass,Published phone: 0771528581,https://mediation.gov.lk/en/contact-us-rti/contact-us/,
phone,pass,Published phone: 071 - 4247377 ,https://mediation.gov.lk/en/contact-us-rti/contact-us/,
phone,pass,Published phone: 077- 6673580 ,https://mediation.gov.lk/en/contact-us-rti/contact-us/,
phone,pass,Published phone: 0375681165 ,https://mediation.gov.lk/en/contact-us-rti/contact-us/,
phone,pass,Published phone: 0778940814,https://mediation.gov.lk/en/contact-us-rti/contact-us/,
phone,pass,Published phone: 0774378371,https://mediation.gov.lk/en/contact-us-rti/contact-us/,
phone,pass,Published phone: 0453453851,https://mediation.gov.lk/en/contact-us-rti/contact-us/,
phone,pass,Published phone: 0779341788,https://mediation.gov.lk/en/contact-us-rti/contact-us/,
phone,pass,Published phone: 0784525966,https://mediation.gov.lk/en/contact-us-rti/contact-us/,
phone,pass,Published phone: 0112850713 ,https://mediation.gov.lk/en/contact-us-rti/contact-us/,
phone,pass,Published phone: 0715526864 ,https://mediation.gov.lk/en/contact-us-rti/contact-us/,
phone,pass,Published phone: 0713958724,https://mediation.gov.lk/en/contact-us-rti/contact-us/,
phone,pass,Published phone: 0772028208 ,https://mediation.gov.lk/en/contact-us-rti/contact-us/,
phone,pass,Published phone: 0714429370 ,https://mediation.gov.lk/en/contact-us-rti/contact-us/,
phone,pass,Published phone: 077 - 3574000 ,https://mediation.gov.lk/en/contact-us-rti/contact-us/,
phone,pass,Published phone: 0452262664 ,https://mediation.gov.lk/en/contact-us-rti/contact-us/,
phone,pass,Published phone: 065-2225596 ,https://mediation.gov.lk/en/contact-us-rti/contact-us/,
phone,pass,Published phone: 0242224393 ,https://mediation.gov.lk/en/contact-us-rti/contact-us/,
phone,pass,Published phone: 0312269488,https://mediation.gov.lk/en/contact-us-rti/contact-us/,
phone,pass,Published phone: 065 -3643617 ,https://mediation.gov.lk/en/contact-us-rti/contact-us/,
phone,pass,Published phone: 0718654012,https://mediation.gov.lk/en/contact-us-rti/contact-us/,
phone,pass,Published phone: 0764754446 ,https://mediation.gov.lk/en/contact-us-rti/contact-us/,
phone,pass,Published phone: 0728459918 ,https://mediation.gov.lk/en/contact-us-rti/contact-us/,
phone,pass,Published phone: 0373378339 ,https://mediation.gov.lk/en/contact-us-rti/contact-us/,
phone,pass,Published phone: 0766923692,https://mediation.gov.lk/en/contact-us-rti/contact-us/,
phone,pass,Published phone: 0475634020,https://mediation.gov.lk/en/contact-us-rti/contact-us/,
phone,pass,Published phone: 077-9781600 ,https://mediation.gov.lk/en/contact-us-rti/contact-us/,
phone,pass,Published phone: 0726080728,https://mediation.gov.lk/en/contact-us-rti/contact-us/,
phone,pass,Published phone: 081 241 5519,https://mediation.gov.lk/en/contact-us-rti/contact-us/,
phone,pass,Published phone: 0714478214,https://mediation.gov.lk/en/contact-us-rti/contact-us/,
phone,pass,Published phone: 0718322479 ,https://mediation.gov.lk/en/contact-us-rti/contact-us/,
phone,pass,Published phone: 011 253 6090 ,https://mediation.gov.lk/en/contact-us-rti/contact-us/,
phone,pass,Published phone: 065-3656283 ,https://mediation.gov.lk/en/contact-us-rti/contact-us/,
phone,pass,Published phone: 077-3893529,https://mediation.gov.lk/en/contact-us-rti/contact-us/,
phone,pass,Published phone: 0718240840 ,https://mediation.gov.lk/en/contact-us-rti/contact-us/,
phone,pass,Published phone: 0412287302 ,https://mediation.gov.lk/en/contact-us-rti/contact-us/,
phone,pass,Published phone: 0770513858 ,https://mediation.gov.lk/en/contact-us-rti/contact-us/,
phone,pass,Published phone: 077-9781600,https://mediation.gov.lk/en/contact-us-rti/contact-us/,
phone,pass,Published phone: 077-3090911,https://mediation.gov.lk/en/contact-us-rti/contact-us/,
phone,pass,Published phone: 077- 0553398 ,https://mediation.gov.lk/en/contact-us-rti/contact-us/,
phone,pass,Published phone: 0472251331 ,https://mediation.gov.lk/en/contact-us-rti/contact-us/,
phone,pass,Published phone: 0712395507 ,https://mediation.gov.lk/en/contact-us-rti/contact-us/,
phone,pass,Published phone: 0714478214 ,https://mediation.gov.lk/en/contact-us-rti/contact-us/,
phone,pass,Published phone: 0663664231 ,https://mediation.gov.lk/en/contact-us-rti/contact-us/,
phone,pass,Published phone: 0716614844 ,https://mediation.gov.lk/en/contact-us-rti/contact-us/,
phone,pass,Published phone: 0774536710 ,https://mediation.gov.lk/en/contact-us-rti/contact-us/,
phone,pass,Published phone: 0712677000 ,https://mediation.gov.lk/en/contact-us-rti/contact-us/,
phone,pass,Published phone: 0265680809 ,https://mediation.gov.lk/en/contact-us-rti/contact-us/,
phone,pass,Published phone: 0714418155,https://mediation.gov.lk/en/contact-us-rti/contact-us/,
phone,pass,Published phone: 071 - 4247377,https://mediation.gov.lk/en/contact-us-rti/contact-us/,
phone,pass,Published phone: 0776134767 ,https://mediation.gov.lk/en/contact-us-rti/contact-us/,
phone,pass,Published phone: 0777111881,https://mediation.gov.lk/en/contact-us-rti/contact-us/,
phone,pass,Published phone: 0712599497 ,https://mediation.gov.lk/en/contact-us-rti/contact-us/,
phone,pass,Published phone: 0776054806,https://mediation.gov.lk/en/contact-us-rti/contact-us/,
phone,pass,Published phone: 0312252937,https://mediation.gov.lk/en/contact-us-rti/contact-us/,
phone,pass,Published phone: 0252275096 ,https://mediation.gov.lk/en/contact-us-rti/contact-us/,
phone,pass,Published phone: 0718424844,https://mediation.gov.lk/en/contact-us-rti/contact-us/,
phone,pass,Published phone: 0713028664 ,https://mediation.gov.lk/en/contact-us-rti/contact-us/,
phone,pass,Published phone: 0716626600 ,https://mediation.gov.lk/en/contact-us-rti/contact-us/,
phone,pass,Published phone: 0777945364,https://mediation.gov.lk/en/contact-us-rti/contact-us/,
phone,pass,Published phone: 026-3200594,https://mediation.gov.lk/en/contact-us-rti/contact-us/,
phone,pass,Published phone: 0112971725 ,https://mediation.gov.lk/en/contact-us-rti/contact-us/,
phone,pass,Published phone: 0740873944 ,https://mediation.gov.lk/en/contact-us-rti/contact-us/,
phone,pass,Published phone: 0706655708,https://mediation.gov.lk/en/contact-us-rti/contact-us/,
phone,pass,Published phone: 0252269066 ,https://mediation.gov.lk/en/contact-us-rti/contact-us/,
phone,pass,Published phone: 071 3019633 ,https://mediation.gov.lk/en/contact-us-rti/contact-us/,
phone,pass,Published phone: 0 011 246557,https://mediation.gov.lk/en/contact-us-rti/contact-us/,
phone,pass,Published phone: 011 2702224 ,https://mediation.gov.lk/en/contact-us-rti/contact-us/,
phone,pass,Published phone: 0475634020 ,https://mediation.gov.lk/en/contact-us-rti/contact-us/,
phone,pass,Published phone: 0763590418 ,https://mediation.gov.lk/en/contact-us-rti/contact-us/,
phone,pass,Published phone: 0552263960 ,https://mediation.gov.lk/en/contact-us-rti/contact-us/,
phone,pass,Published phone: 0779687027 ,https://mediation.gov.lk/en/contact-us-rti/contact-us/,
phone,pass,Published phone: 0702930269 ,https://mediation.gov.lk/en/contact-us-rti/contact-us/,
phone,pass,Published phone: 0913883619,https://mediation.gov.lk/en/contact-us-rti/contact-us/,
phone,pass,Published phone: 0714808157,https://mediation.gov.lk/en/contact-us-rti/contact-us/,
phone,pass,Published phone: 0714413423,https://mediation.gov.lk/en/contact-us-rti/contact-us/,
phone,pass,Published phone: 0572244056 ,https://mediation.gov.lk/en/contact-us-rti/contact-us/,
phone,pass,Published phone: 0633631735 ,https://mediation.gov.lk/en/contact-us-rti/contact-us/,
phone,pass,Published phone: 0718424844 ,https://mediation.gov.lk/en/contact-us-rti/contact-us/,
phone,pass,Published phone: 0717574824 ,https://mediation.gov.lk/en/contact-us-rti/contact-us/,
phone,pass,Published phone: 0711735601,https://mediation.gov.lk/en/contact-us-rti/contact-us/,
phone,pass,Published phone: 0716321323,https://mediation.gov.lk/en/contact-us-rti/contact-us/,
phone,pass,Published phone: 07746 47244 ,https://mediation.gov.lk/en/contact-us-rti/contact-us/,
phone,pass,Published phone: 0728474574 ,https://mediation.gov.lk/en/contact-us-rti/contact-us/,
phone,pass,Published phone: 0718679675 ,https://mediation.gov.lk/en/contact-us-rti/contact-us/,
phone,pass,Published phone: 0762030382,https://mediation.gov.lk/en/contact-us-rti/contact-us/,
phone,pass,Published phone: 0812493517,https://mediation.gov.lk/en/contact-us-rti/contact-us/,
phone,pass,Published phone: 0779045998 ,https://mediation.gov.lk/en/contact-us-rti/contact-us/,
phone,pass,Published phone: 0719221650 ,https://mediation.gov.lk/en/contact-us-rti/contact-us/,
phone,pass,Published phone: 0714530178 ,https://mediation.gov.lk/en/contact-us-rti/contact-us/,
phone,pass,Published phone: 0716012874,https://mediation.gov.lk/en/contact-us-rti/contact-us/,
phone,pass,Published phone: 0974300000,https://mediation.gov.lk/en/contact-us-rti/contact-us/,
phone,pass,Published phone: 0522279477 ,https://mediation.gov.lk/en/contact-us-rti/contact-us/,
phone,pass,Published phone: 0112850713,https://mediation.gov.lk/en/contact-us-rti/contact-us/,
phone,pass,Published phone: 0716789056,https://mediation.gov.lk/en/contact-us-rti/contact-us/,
phone,pass,Published phone: 0714530178,https://mediation.gov.lk/en/contact-us-rti/contact-us/,
phone,pass,Published phone: 0778924833,https://mediation.gov.lk/en/contact-us-rti/contact-us/,
phone,pass,Published phone: 0718273046,https://mediation.gov.lk/en/contact-us-rti/contact-us/,
phone,pass,Published phone: 065 - 2225277 ,https://mediation.gov.lk/en/contact-us-rti/contact-us/,
phone,pass,Published phone: 0112971725,https://mediation.gov.lk/en/contact-us-rti/contact-us/,
phone,pass,Published phone: 0718301512 ,https://mediation.gov.lk/en/contact-us-rti/contact-us/,
phone,pass,Published phone: 0712912099 ,https://mediation.gov.lk/en/contact-us-rti/contact-us/,
phone,pass,Published phone: 070 2589604 ,https://mediation.gov.lk/en/contact-us-rti/contact-us/,
phone,pass,Published phone: 0342245543 ,https://mediation.gov.lk/en/contact-us-rti/contact-us/,
phone,pass,Published phone: 0112963499,https://mediation.gov.lk/en/contact-us-rti/contact-us/,
phone,pass,Published phone: 0913883619 ,https://mediation.gov.lk/en/contact-us-rti/contact-us/,
phone,pass,Published phone: 0763590418,https://mediation.gov.lk/en/contact-us-rti/contact-us/,
phone,pass,Published phone: 0776348995 ,https://mediation.gov.lk/en/contact-us-rti/contact-us/,
phone,pass,Published phone: 0718008917,https://mediation.gov.lk/en/contact-us-rti/contact-us/,
phone,pass,Published phone: 0112873068 ,https://mediation.gov.lk/en/contact-us-rti/contact-us/,
phone,pass,Published phone: 0275687136 ,https://mediation.gov.lk/en/contact-us-rti/contact-us/,
phone,pass,Published phone: 0713449701,https://mediation.gov.lk/en/contact-us-rti/contact-us/,
phone,pass,Published phone: 0718289601,https://mediation.gov.lk/en/contact-us-rti/contact-us/,
phone,pass,Published phone: 0778948307 ,https://mediation.gov.lk/en/contact-us-rti/contact-us/,
phone,pass,Published phone: 0776255372,https://mediation.gov.lk/en/contact-us-rti/contact-us/,
phone,pass,Published phone: 0779130909 ,https://mediation.gov.lk/en/contact-us-rti/contact-us/,
phone,pass,Published phone: 0772651511 ,https://mediation.gov.lk/en/contact-us-rti/contact-us/,
phone,pass,Published phone: 0711489186 ,https://mediation.gov.lk/en/contact-us-rti/contact-us/,
phone,pass,Published phone: 0262255055 ,https://mediation.gov.lk/en/contact-us-rti/contact-us/,
phone,pass,Published phone: 0777267293,https://mediation.gov.lk/en/contact-us-rti/contact-us/,
phone,pass,Published phone: 0252224993 ,https://mediation.gov.lk/en/contact-us-rti/contact-us/,
phone,pass,Published phone: 0718001766 ,https://mediation.gov.lk/en/contact-us-rti/contact-us/,
phone,pass,Published phone: 0252276592 ,https://mediation.gov.lk/en/contact-us-rti/contact-us/,
phone,pass,Published phone: 0712802247 ,https://mediation.gov.lk/en/contact-us-rti/contact-us/,
phone,pass,Published phone: 077- 6006353 ,https://mediation.gov.lk/en/contact-us-rti/contact-us/,
phone,pass,Published phone: 0372279151 ,https://mediation.gov.lk/en/contact-us-rti/contact-us/,
phone,pass,Published phone: 077-3893529 ,https://mediation.gov.lk/en/contact-us-rti/contact-us/,
phone,pass,Published phone: 0912296692 ,https://mediation.gov.lk/en/contact-us-rti/contact-us/,
phone,pass,Published phone: 077 - 2858360,https://mediation.gov.lk/en/contact-us-rti/contact-us/,
phone,pass,Published phone: 0779130909,https://mediation.gov.lk/en/contact-us-rti/contact-us/,
phone,pass,Published phone: 065 - 2225277,https://mediation.gov.lk/en/contact-us-rti/contact-us/,
phone,pass,Published phone: 0768849271 ,https://mediation.gov.lk/en/contact-us-rti/contact-us/,
phone,pass,Published phone: 0473488391,https://mediation.gov.lk/en/contact-us-rti/contact-us/,
phone,pass,Published phone: 0775422735 ,https://mediation.gov.lk/en/contact-us-rti/contact-us/,
phone,pass,Published phone: 0716321323 ,https://mediation.gov.lk/en/contact-us-rti/contact-us/,
phone,pass,Published phone: 0632051866 ,https://mediation.gov.lk/en/contact-us-rti/contact-us/,
phone,pass,Published phone: 0715955628,https://mediation.gov.lk/en/contact-us-rti/contact-us/,
phone,pass,Published phone: 077-6986135 ,https://mediation.gov.lk/en/contact-us-rti/contact-us/,
phone,pass,Published phone: 065 - 5672007,https://mediation.gov.lk/en/contact-us-rti/contact-us/,
phone,pass,Published phone: 065 - 5672007 ,https://mediation.gov.lk/en/contact-us-rti/contact-us/,
phone,pass,Published phone: 0342284688,https://mediation.gov.lk/en/contact-us-rti/contact-us/,
phone,pass,Published phone: 077-1227699,https://mediation.gov.lk/en/contact-us-rti/contact-us/,
phone,pass,Published phone: 0252236580 ,https://mediation.gov.lk/en/contact-us-rti/contact-us/,
phone,pass,Published phone: 0713449701 ,https://mediation.gov.lk/en/contact-us-rti/contact-us/,
phone,pass,Published phone: 0775558164,https://mediation.gov.lk/en/contact-us-rti/contact-us/,
phone,pass,Published phone: 0722537181 ,https://mediation.gov.lk/en/contact-us-rti/contact-us/,
phone,pass,Published phone: 0718168938 ,https://mediation.gov.lk/en/contact-us-rti/contact-us/,
phone,pass,Published phone: 0412251147 ,https://mediation.gov.lk/en/contact-us-rti/contact-us/,
phone,pass,Published phone: 0775488929,https://mediation.gov.lk/en/contact-us-rti/contact-us/,
phone,pass,Published phone: 0718269549,https://mediation.gov.lk/en/contact-us-rti/contact-us/,
phone,pass,Published phone: 0373988723,https://mediation.gov.lk/en/contact-us-rti/contact-us/,
phone,pass,Published phone: 077-6150680 ,https://mediation.gov.lk/en/contact-us-rti/contact-us/,
phone,pass,Published phone: 0712573732,https://mediation.gov.lk/en/contact-us-rti/contact-us/,
phone,pass,Published phone: 0718008917 ,https://mediation.gov.lk/en/contact-us-rti/contact-us/,
phone,pass,Published phone: 0773145795 ,https://mediation.gov.lk/en/contact-us-rti/contact-us/,
phone,pass,Published phone: 0553551177,https://mediation.gov.lk/en/contact-us-rti/contact-us/,
phone,pass,Published phone: 077-1227699 ,https://mediation.gov.lk/en/contact-us-rti/contact-us/,
phone,pass,Published phone: 0373988723 ,https://mediation.gov.lk/en/contact-us-rti/contact-us/,
phone,pass,Published phone: 0254902513 ,https://mediation.gov.lk/en/contact-us-rti/contact-us/,
phone,pass,Published phone: 0764162329 ,https://mediation.gov.lk/en/contact-us-rti/contact-us/,
phone,pass,Published phone: 0714373025 ,https://mediation.gov.lk/en/contact-us-rti/contact-us/,
phone,pass,Published phone: 0441489999,https://mediation.gov.lk/en/contact-us-rti/contact-us/,
phone,pass,Published phone: 0776407404,https://mediation.gov.lk/en/contact-us-rti/contact-us/,
phone,pass,Published phone: 0772028208,https://mediation.gov.lk/en/contact-us-rti/contact-us/,
phone,pass,Published phone: 0718055014,https://mediation.gov.lk/en/contact-us-rti/contact-us/,
phone,pass,Published phone: 0778388993 ,https://mediation.gov.lk/en/contact-us-rti/contact-us/,
phone,pass,Published phone: 077 - 4567314 ,https://mediation.gov.lk/en/contact-us-rti/contact-us/,
phone,pass,Published phone: 0705267433 ,https://mediation.gov.lk/en/contact-us-rti/contact-us/,
phone,pass,Published phone: 0415780220 ,https://mediation.gov.lk/en/contact-us-rti/contact-us/,
phone,pass,Published phone: 071 591 6499,https://mediation.gov.lk/en/contact-us-rti/contact-us/,
phone,pass,Published phone: 0711110532 ,https://mediation.gov.lk/en/contact-us-rti/contact-us/,
phone,pass,Published phone: 0812050397,https://mediation.gov.lk/en/contact-us-rti/contact-us/,
phone,pass,Published phone: 077-7111979 ,https://mediation.gov.lk/en/contact-us-rti/contact-us/,
phone,pass,Published phone: 0769388001 ,https://mediation.gov.lk/en/contact-us-rti/contact-us/,
phone,pass,Published phone: 077- 9042390,https://mediation.gov.lk/en/contact-us-rti/contact-us/,
phone,pass,Published phone: 0555788499,https://mediation.gov.lk/en/contact-us-rti/contact-us/,
phone,pass,Published phone: 0715703960 ,https://mediation.gov.lk/en/contact-us-rti/contact-us/,
phone,pass,Published phone: 037-2249119,https://mediation.gov.lk/en/contact-us-rti/contact-us/,
phone,pass,Published phone: 0705827887 ,https://mediation.gov.lk/en/contact-us-rti/contact-us/,
phone,pass,Published phone: 0716160645 ,https://mediation.gov.lk/en/contact-us-rti/contact-us/,
phone,pass,Published phone: 0778940814 ,https://mediation.gov.lk/en/contact-us-rti/contact-us/,
phone,pass,Published phone: 0716087454 ,https://mediation.gov.lk/en/contact-us-rti/contact-us/,
phone,pass,Published phone: 077-6007451,https://mediation.gov.lk/en/contact-us-rti/contact-us/,
phone,pass,Published phone: 0342251068 ,https://mediation.gov.lk/en/contact-us-rti/contact-us/,
phone,pass,Published phone: 0779790106,https://mediation.gov.lk/en/contact-us-rti/contact-us/,
phone,pass,Published phone: 0773785285,https://mediation.gov.lk/en/contact-us-rti/contact-us/,
phone,pass,Published phone: 0711503169 ,https://mediation.gov.lk/en/contact-us-rti/contact-us/,
phone,pass,Published phone: 0767680228,https://mediation.gov.lk/en/contact-us-rti/contact-us/,
phone,pass,Published phone: 0774990377 ,https://mediation.gov.lk/en/contact-us-rti/contact-us/,
phone,pass,Published phone: 0725577128,https://mediation.gov.lk/en/contact-us-rti/contact-us/,
phone,pass,Published phone: 0112289640 ,https://mediation.gov.lk/en/contact-us-rti/contact-us/,
phone,pass,Published phone: 0352267216 ,https://mediation.gov.lk/en/contact-us-rti/contact-us/,
phone,pass,Published phone: 027 222 2233,https://mediation.gov.lk/en/contact-us-rti/contact-us/,
phone,pass,Published phone: 0452279219,https://mediation.gov.lk/en/contact-us-rti/contact-us/,
phone,pass,Published phone: 0770395252,https://mediation.gov.lk/en/contact-us-rti/contact-us/,
phone,pass,Published phone: 077-2080525 ,https://mediation.gov.lk/en/contact-us-rti/contact-us/,
phone,pass,Published phone: 0716340210,https://mediation.gov.lk/en/contact-us-rti/contact-us/,
phone,pass,Published phone: 077-1999354,https://mediation.gov.lk/en/contact-us-rti/contact-us/,
phone,pass,Published phone: 037-2249119 ,https://mediation.gov.lk/en/contact-us-rti/contact-us/,
phone,pass,Published phone: 0252254200 ,https://mediation.gov.lk/en/contact-us-rti/contact-us/,
phone,pass,Published phone: 077-7740443,https://mediation.gov.lk/en/contact-us-rti/contact-us/,
phone,pass,Published phone: 0353351341 ,https://mediation.gov.lk/en/contact-us-rti/contact-us/,
phone,pass,Published phone: 0711754099 ,https://mediation.gov.lk/en/contact-us-rti/contact-us/,
phone,pass,Published phone: 0775050330 ,https://mediation.gov.lk/en/contact-us-rti/contact-us/,
phone,pass,Published phone: 0714459827,https://mediation.gov.lk/en/contact-us-rti/contact-us/,
phone,pass,Published phone: 0714405973,https://mediation.gov.lk/en/contact-us-rti/contact-us/,
email,pass,Published email: general@mediation.gov.lk,https://mediation.gov.lk/en/contact-us-rti/contact-us/,
email,pass,Published email: mbc2016.gov@gmail.com,https://mediation.gov.lk/en/contact-us-rti/contact-us/,
postal_address,pass,"Published postal address: 4th Floor, Ministry of Justice Building, No. 19, Sri Sangaraja Mawatha, Colombo 10. Office Hours Office Working Days Mon",https://mediation.gov.lk/en/contact-us-rti/contact-us/,
named_responsibility,pass,Published named responsibility: director,https://mediation.gov.lk/en/contact-us-rti/contact-us/,
legal_basis,pass,Published legal basis: gazette,https://mediation.gov.lk/en/contact-us-rti/contact-us/,
fees_and_payment,pass,"Published fees and payment: rs,",https://mediation.gov.lk/en/contact-us-rti/contact-us/,
phone,pass,Published phone: 0112 334 323 ,https://mediation.gov.lk/en/contact-us-rti/right-to-information/,
phone,pass,Published phone: +94 112 334 261 ,https://mediation.gov.lk/en/contact-us-rti/right-to-information/,
phone,pass,Published phone: +94 112 334 815 ,https://mediation.gov.lk/en/contact-us-rti/right-to-information/,
phone,pass,Published phone: +94 112 334 323,https://mediation.gov.lk/en/contact-us-rti/right-to-information/,
phone,pass,Published phone: +94 112 334 258 ,https://mediation.gov.lk/en/contact-us-rti/right-to-information/,
phone,pass,Published phone: +94 112 334 323 ,https://mediation.gov.lk/en/contact-us-rti/right-to-information/,
email,pass,Published email: general@mediation.gov.lk,https://mediation.gov.lk/en/contact-us-rti/right-to-information/,
email,pass,Published email: mbc2016.gov@gmail.com,https://mediation.gov.lk/en/contact-us-rti/right-to-information/,
postal_address,pass,"Published postal address: Telephone Fax E-mail Mrs.S.T.Sewwandi Assistant Secretary 4th Floor, No.19, Sri Sangaraja Mw, Colombo 10 +94 112 334 261",https://mediation.gov.lk/en/contact-us-rti/right-to-information/,
named_responsibility,pass,Published named responsibility: director,https://mediation.gov.lk/en/contact-us-rti/right-to-information/,
legal_basis,pass,Published legal basis: gazette,https://mediation.gov.lk/en/contact-us-rti/right-to-information/,
downloadable_form,pass,Published downloadable form: https://mediation.gov.lk/documents/84/RTI_01_Forms.pdf,https://mediation.gov.lk/en/contact-us-rti/right-to-information/,
phone,pass,Published phone: 077-3984594 ,https://mediation.gov.lk/si/,
phone,pass,Published phone: 0782053799 ,https://mediation.gov.lk/si/,
phone,pass,Published phone: 0701562476 ,https://mediation.gov.lk/si/,
phone,pass,Published phone: 0717852976 ,https://mediation.gov.lk/si/,
phone,pass,Published phone: 0252222099,https://mediation.gov.lk/si/,
phone,pass,Published phone: 077-4793517 ,https://mediation.gov.lk/si/,
phone,pass,Published phone: 066- 2224460 ,https://mediation.gov.lk/si/,
phone,pass,Published phone: 0382244124 ,https://mediation.gov.lk/si/,
phone,pass,Published phone: 0552250411 ,https://mediation.gov.lk/si/,
phone,pass,Published phone: 0715380034 ,https://mediation.gov.lk/si/,
phone,pass,Published phone: 0779790106 ,https://mediation.gov.lk/si/,
phone,pass,Published phone: 0711850296 ,https://mediation.gov.lk/si/,
phone,pass,Published phone: 0253257682 ,https://mediation.gov.lk/si/,
phone,pass,Published phone: 0778461450 ,https://mediation.gov.lk/si/,
phone,pass,Published phone: 0714500362 ,https://mediation.gov.lk/si/,
phone,pass,Published phone: 0472225485 ,https://mediation.gov.lk/si/,
phone,pass,Published phone: 0473485592 ,https://mediation.gov.lk/si/,
phone,pass,Published phone: 077-0666948 ,https://mediation.gov.lk/si/,
phone,pass,Published phone: 0718426733 ,https://mediation.gov.lk/si/,
phone,pass,Published phone: 0253257552,https://mediation.gov.lk/si/,
phone,pass,Published phone: 0472280068 ,https://mediation.gov.lk/si/,
phone,pass,Published phone: 0715564503 ,https://mediation.gov.lk/si/,
phone,pass,Published phone: 0273274612 ,https://mediation.gov.lk/si/,
phone,pass,Published phone: 0776160104 ,https://mediation.gov.lk/si/,
phone,pass,Published phone: 0776130543 ,https://mediation.gov.lk/si/,
phone,pass,Published phone: 0332262401 ,https://mediation.gov.lk/si/,
phone,pass,Published phone: 03. 077-62194,https://mediation.gov.lk/si/,
phone,pass,Published phone: 0252050547,https://mediation.gov.lk/si/,
phone,pass,Published phone: 0718390995 ,https://mediation.gov.lk/si/,
phone,pass,Published phone: 0112 334 323 ,https://mediation.gov.lk/si/,
phone,pass,Published phone: 0712042715 ,https://mediation.gov.lk/si/,
phone,pass,Published phone: 0711602634 ,https://mediation.gov.lk/si/,
phone,pass,Published phone: 0713350755 ,https://mediation.gov.lk/si/,
phone,pass,Published phone: 081 241 5519 ,https://mediation.gov.lk/si/,
phone,pass,Published phone: 0332292253 ,https://mediation.gov.lk/si/,
phone,pass,Published phone: 077 - 9347111 ,https://mediation.gov.lk/si/,
phone,pass,Published phone: 0715759355 ,https://mediation.gov.lk/si/,
phone,pass,Published phone: 0375687186 ,https://mediation.gov.lk/si/,
phone,pass,Published phone: 0372275797 ,https://mediation.gov.lk/si/,
phone,pass,Published phone: 0716898761 ,https://mediation.gov.lk/si/,
phone,pass,Published phone: 077-4257471 ,https://mediation.gov.lk/si/,
phone,pass,Published phone: 0322267918 ,https://mediation.gov.lk/si/,
phone,pass,Published phone: 071 529 8224 ,https://mediation.gov.lk/si/,
phone,pass,Published phone: 063- 2248118 ,https://mediation.gov.lk/si/,
phone,pass,Published phone: 0717852830 ,https://mediation.gov.lk/si/,
phone,pass,Published phone: 0714255008 ,https://mediation.gov.lk/si/,
phone,pass,Published phone: 0766050233 ,https://mediation.gov.lk/si/,
phone,pass,Published phone: 0713267586,https://mediation.gov.lk/si/,
phone,pass,Published phone: 0774400852 ,https://mediation.gov.lk/si/,
phone,pass,Published phone: 077-1999354 ,https://mediation.gov.lk/si/,
phone,pass,Published phone: 0716733864 ,https://mediation.gov.lk/si/,
phone,pass,Published phone: 0713019633 ,https://mediation.gov.lk/si/,
phone,pass,Published phone: 0312258267 ,https://mediation.gov.lk/si/,
phone,pass,Published phone: 05 077 - 23042,https://mediation.gov.lk/si/,
phone,pass,Published phone: 077-9968516 ,https://mediation.gov.lk/si/,
phone,pass,Published phone: 077-9421331 ,https://mediation.gov.lk/si/,
phone,pass,Published phone: 0718654012 ,https://mediation.gov.lk/si/,
phone,pass,Published phone: 0714967854 ,https://mediation.gov.lk/si/,
phone,pass,Published phone: 0789881692 ,https://mediation.gov.lk/si/,
phone,pass,Published phone: 077-3934165 ,https://mediation.gov.lk/si/,
phone,pass,Published phone: 0112675522 ,https://mediation.gov.lk/si/,
phone,pass,Published phone: 0352258566 ,https://mediation.gov.lk/si/,
phone,pass,Published phone: 0767557102 ,https://mediation.gov.lk/si/,
phone,pass,Published phone: 077-6699030 ,https://mediation.gov.lk/si/,
phone,pass,Published phone: 0342247058 ,https://mediation.gov.lk/si/,
phone,pass,Published phone: 0774228880 ,https://mediation.gov.lk/si/,
phone,pass,Published phone: 0352246201 ,https://mediation.gov.lk/si/,
phone,pass,Published phone: 0726080728 ,https://mediation.gov.lk/si/,
phone,pass,Published phone: 077- 9042390 ,https://mediation.gov.lk/si/,
phone,pass,Published phone: 0718355125 ,https://mediation.gov.lk/si/,
phone,pass,Published phone: 0662283654 ,https://mediation.gov.lk/si/,
phone,pass,Published phone: 047 225 6040 ,https://mediation.gov.lk/si/,
phone,pass,Published phone: 0714493383 ,https://mediation.gov.lk/si/,
phone,pass,Published phone: 0555788499 ,https://mediation.gov.lk/si/,
phone,pass,Published phone: 0412268236 ,https://mediation.gov.lk/si/,
phone,pass,Published phone: 0779057802 ,https://mediation.gov.lk/si/,
phone,pass,Published phone: 0777-070117 ,https://mediation.gov.lk/si/,
phone,pass,Published phone: 0718273046 ,https://mediation.gov.lk/si/,
phone,pass,Published phone: 0713435169 ,https://mediation.gov.lk/si/,
phone,pass,Published phone: 077-6007451 ,https://mediation.gov.lk/si/,
phone,pass,Published phone: 0713495373 ,https://mediation.gov.lk/si/,
phone,pass,Published phone: 0718663816 ,https://mediation.gov.lk/si/,
phone,pass,Published phone: 077-8543651 ,https://mediation.gov.lk/si/,
phone,pass,Published phone: 0362258335 ,https://mediation.gov.lk/si/,
phone,pass,Published phone: 021-3218314 ,https://mediation.gov.lk/si/,
phone,pass,Published phone: 0472245232 ,https://mediation.gov.lk/si/,
phone,pass,Published phone: 0543540137 ,https://mediation.gov.lk/si/,
phone,pass,Published phone: 0262054510 ,https://mediation.gov.lk/si/,
phone,pass,Published phone: 0472254861 ,https://mediation.gov.lk/si/,
phone,pass,Published phone: 0774476887 ,https://mediation.gov.lk/si/,
phone,pass,Published phone: 077 - 9515490 ,https://mediation.gov.lk/si/,
phone,pass,Published phone: 0713852944 ,https://mediation.gov.lk/si/,
phone,pass,Published phone: 0253251507,https://mediation.gov.lk/si/,
phone,pass,Published phone: 0254924475 ,https://mediation.gov.lk/si/,
phone,pass,Published phone: 0711144850 ,https://mediation.gov.lk/si/,
phone,pass,Published phone: 0779790009 ,https://mediation.gov.lk/si/,
phone,pass,Published phone: 077-8399465 ,https://mediation.gov.lk/si/,
phone,pass,Published phone: 0765719191 ,https://mediation.gov.lk/si/,
phone,pass,Published phone: 081 231 1130,https://mediation.gov.lk/si/,
phone,pass,Published phone: 0417910035 ,https://mediation.gov.lk/si/,
phone,pass,Published phone: 0718413708 ,https://mediation.gov.lk/si/,
phone,pass,Published phone: 0773166091 ,https://mediation.gov.lk/si/,
phone,pass,Published phone: 0761800047 ,https://mediation.gov.lk/si/,
phone,pass,Published phone: 0342257057 ,https://mediation.gov.lk/si/,
phone,pass,Published phone: 0778924833 ,https://mediation.gov.lk/si/,
phone,pass,Published phone: 0372285869 ,https://mediation.gov.lk/si/,
phone,pass,Published phone: 0812365705 ,https://mediation.gov.lk/si/,
phone,pass,Published phone: 0362255257 ,https://mediation.gov.lk/si/,
phone,pass,Published phone: 0453453851 ,https://mediation.gov.lk/si/,
phone,pass,Published phone: 02 077-36209,https://mediation.gov.lk/si/,
phone,pass,Published phone: 0912241335 ,https://mediation.gov.lk/si/,
phone,pass,Published phone: 0372244778 ,https://mediation.gov.lk/si/,
phone,pass,Published phone: 0253057887 ,https://mediation.gov.lk/si/,
phone,pass,Published phone: 0773209467 ,https://mediation.gov.lk/si/,
phone,pass,Published phone: 0725577128 ,https://mediation.gov.lk/si/,
phone,pass,Published phone: 0701311969 ,https://mediation.gov.lk/si/,
phone,pass,Published phone: 0711477159 ,https://mediation.gov.lk/si/,
phone,pass,Published phone: 065- 3641121 ,https://mediation.gov.lk/si/,
phone,pass,Published phone: 0779831726 ,https://mediation.gov.lk/si/,
phone,pass,Published phone: 0784525966 ,https://mediation.gov.lk/si/,
phone,pass,Published phone: 0812493517 ,https://mediation.gov.lk/si/,
phone,pass,Published phone: 065 -4910167 ,https://mediation.gov.lk/si/,
phone,pass,Published phone: 0252266713 ,https://mediation.gov.lk/si/,
phone,pass,Published phone: 0332275413 ,https://mediation.gov.lk/si/,
phone,pass,Published phone: 0714498368 ,https://mediation.gov.lk/si/,
phone,pass,Published phone: 0745820161,https://mediation.gov.lk/si/,
phone,pass,Published phone: 0253893991 ,https://mediation.gov.lk/si/,
phone,pass,Published phone: 0352265259 ,https://mediation.gov.lk/si/,
phone,pass,Published phone: 0552273938 ,https://mediation.gov.lk/si/,
phone,pass,Published phone: 0812352074 ,https://mediation.gov.lk/si/,
phone,pass,Published phone: 0764440357 ,https://mediation.gov.lk/si/,
phone,pass,Published phone: 0718363553 ,https://mediation.gov.lk/si/,
phone,pass,Published phone: 0372233165 ,https://mediation.gov.lk/si/,
phone,pass,Published phone: 0375747170 ,https://mediation.gov.lk/si/,
phone,pass,Published phone: 0773616433 ,https://mediation.gov.lk/si/,
phone,pass,Published phone: 06 07790695,https://mediation.gov.lk/si/,
phone,pass,Published phone: 0662057899 ,https://mediation.gov.lk/si/,
phone,pass,Published phone: 037 229 5416 ,https://mediation.gov.lk/si/,
phone,pass,Published phone: 0718077592 ,https://mediation.gov.lk/si/,
phone,pass,Published phone: 067 - 2265099 ,https://mediation.gov.lk/si/,
phone,pass,Published phone: 077- 8014722 ,https://mediation.gov.lk/si/,
phone,pass,Published phone: 0777111881 ,https://mediation.gov.lk/si/,
phone,pass,Published phone: 0714808157 ,https://mediation.gov.lk/si/,
phone,pass,Published phone: 0712535956 ,https://mediation.gov.lk/si/,
phone,pass,Published phone: 0715852901 ,https://mediation.gov.lk/si/,
phone,pass,Published phone: 0714473018 ,https://mediation.gov.lk/si/,
phone,pass,Published phone: 0452273338 ,https://mediation.gov.lk/si/,
phone,pass,Published phone: 0342222428 ,https://mediation.gov.lk/si/,
phone,pass,Published phone: 065-5681303 ,https://mediation.gov.lk/si/,
phone,pass,Published phone: 0632244027,https://mediation.gov.lk/si/,
phone,pass,Published phone: 077-9237757 ,https://mediation.gov.lk/si/,
phone,pass,Published phone: 0252276335 ,https://mediation.gov.lk/si/,
phone,pass,Published phone: 0713958724 ,https://mediation.gov.lk/si/,
phone,pass,Published phone: 0773555647 ,https://mediation.gov.lk/si/,
phone,pass,Published phone: 0718269549 ,https://mediation.gov.lk/si/,
phone,pass,Published phone: 0771528581 ,https://mediation.gov.lk/si/,
phone,pass,Published phone: 0714476248 ,https://mediation.gov.lk/si/,
phone,pass,Published phone: 0312223972 ,https://mediation.gov.lk/si/,
phone,pass,Published phone: 0716340210 ,https://mediation.gov.lk/si/,
phone,pass,Published phone: 077-4676556 ,https://mediation.gov.lk/si/,
phone,pass,Published phone: 0776407404 ,https://mediation.gov.lk/si/,
phone,pass,Published phone: 0412220547 ,https://mediation.gov.lk/si/,
phone,pass,Published phone: 0112823844 ,https://mediation.gov.lk/si/,
phone,pass,Published phone: 0112532897 ,https://mediation.gov.lk/si/,
phone,pass,Published phone: 0913935191 ,https://mediation.gov.lk/si/,
phone,pass,Published phone: 0714901813 ,https://mediation.gov.lk/si/,
phone,pass,Published phone: 0365719040 ,https://mediation.gov.lk/si/,
phone,pass,Published phone: 0773431612 ,https://mediation.gov.lk/si/,
phone,pass,Published phone: 0710641369 ,https://mediation.gov.lk/si/,
phone,pass,Published phone: 0777267293 ,https://mediation.gov.lk/si/,
phone,pass,Published phone: 0262248175 ,https://mediation.gov.lk/si/,
phone,pass,Published phone: 067-2260892 ,https://mediation.gov.lk/si/,
phone,pass,Published phone: 0712207782 ,https://mediation.gov.lk/si/,
phone,pass,Published phone: 0913914909 ,https://mediation.gov.lk/si/,
phone,pass,Published phone: 0372267159 ,https://mediation.gov.lk/si/,
phone,pass,Published phone: 0713528793 ,https://mediation.gov.lk/si/,
phone,pass,Published phone: 05. 077 - 42846,https://mediation.gov.lk/si/,
phone,pass,Published phone: 0112974542 ,https://mediation.gov.lk/si/,
phone,pass,Published phone: 0912211536 ,https://mediation.gov.lk/si/,
phone,pass,Published phone: 0767680228 ,https://mediation.gov.lk/si/,
phone,pass,Published phone: 0375778026 ,https://mediation.gov.lk/si/,
phone,pass,Published phone: 0552276090 ,https://mediation.gov.lk/si/,
phone,pass,Published phone: 0275716721 ,https://mediation.gov.lk/si/,
phone,pass,Published phone: 0278369630 ,https://mediation.gov.lk/si/,
phone,pass,Published phone: 077-1962122 ,https://mediation.gov.lk/si/,
phone,pass,Published phone: 02. 071 - 11118,https://mediation.gov.lk/si/,
phone,pass,Published phone: 0812461793 ,https://mediation.gov.lk/si/,
phone,pass,Published phone: 0778260850 ,https://mediation.gov.lk/si/,
phone,pass,Published phone: 0552276234 ,https://mediation.gov.lk/si/,
phone,pass,Published phone: 0714447940 ,https://mediation.gov.lk/si/,
phone,pass,Published phone: 0773501603 ,https://mediation.gov.lk/si/,
phone,pass,Published phone: 0372231028 ,https://mediation.gov.lk/si/,
phone,pass,Published phone: 0715550248 ,https://mediation.gov.lk/si/,
phone,pass,Published phone: 0575685668 ,https://mediation.gov.lk/si/,
phone,pass,Published phone: 0375643660,https://mediation.gov.lk/si/,
phone,pass,Published phone: 0325684794 ,https://mediation.gov.lk/si/,
phone,pass,Published phone: 0413400366,https://mediation.gov.lk/si/,
phone,pass,Published phone: 077 - 9377481 ,https://mediation.gov.lk/si/,
phone,pass,Published phone: 0812491956 ,https://mediation.gov.lk/si/,
phone,pass,Published phone: 0342223749 ,https://mediation.gov.lk/si/,
phone,pass,Published phone: 0718082839 ,https://mediation.gov.lk/si/,
phone,pass,Published phone: 0452255257 ,https://mediation.gov.lk/si/,
phone,pass,Published phone: 0912283747 ,https://mediation.gov.lk/si/,
phone,pass,Published phone: 04 077 -22843,https://mediation.gov.lk/si/,
phone,pass,Published phone: 0718359867 ,https://mediation.gov.lk/si/,
phone,pass,Published phone: 0718811794 ,https://mediation.gov.lk/si/,
phone,pass,Published phone: 0662244563 ,https://mediation.gov.lk/si/,
phone,pass,Published phone: 077- 6681798 ,https://mediation.gov.lk/si/,
phone,pass,Published phone: 077-4739889 ,https://mediation.gov.lk/si/,
phone,pass,Published phone: 0342278249 ,https://mediation.gov.lk/si/,
phone,pass,Published phone: 0253250903 ,https://mediation.gov.lk/si/,
phone,pass,Published phone: 0714405973 ,https://mediation.gov.lk/si/,
phone,pass,Published phone: 077- 3611108 ,https://mediation.gov.lk/si/,
phone,pass,Published phone: 0773647172 ,https://mediation.gov.lk/si/,
phone,pass,Published phone: 0454900898 ,https://mediation.gov.lk/si/,
phone,pass,Published phone: 0522229781 ,https://mediation.gov.lk/si/,
phone,pass,Published phone: 0773785285 ,https://mediation.gov.lk/si/,
phone,pass,Published phone: 077-3090911 ,https://mediation.gov.lk/si/,
phone,pass,Published phone: 0718671463 ,https://mediation.gov.lk/si/,
phone,pass,Published phone: 0343304335 ,https://mediation.gov.lk/si/,
phone,pass,Published phone: 0553559925 ,https://mediation.gov.lk/si/,
phone,pass,Published phone: 0813999492 ,https://mediation.gov.lk/si/,
phone,pass,Published phone: 027 205 2260,https://mediation.gov.lk/si/,
phone,pass,Published phone: 0714395322 ,https://mediation.gov.lk/si/,
phone,pass,Published phone: 0719172972 ,https://mediation.gov.lk/si/,
phone,pass,Published phone: 0776308671 ,https://mediation.gov.lk/si/,
phone,pass,Published phone: 0912291869 ,https://mediation.gov.lk/si/,
phone,pass,Published phone: 0702930297 ,https://mediation.gov.lk/si/,
phone,pass,Published phone: 0712911641 ,https://mediation.gov.lk/si/,
phone,pass,Published phone: 0112715523 ,https://mediation.gov.lk/si/,
phone,pass,Published phone: 0714468521 ,https://mediation.gov.lk/si/,
phone,pass,Published phone: 0345617458 ,https://mediation.gov.lk/si/,
phone,pass,Published phone: 0718120384 ,https://mediation.gov.lk/si/,
phone,pass,Published phone: 0914944849 ,https://mediation.gov.lk/si/,
phone,pass,Published phone: 0342222221 ,https://mediation.gov.lk/si/,
phone,pass,Published phone: 0714494698 ,https://mediation.gov.lk/si/,
phone,pass,Published phone: 0775558164 ,https://mediation.gov.lk/si/,
phone,pass,Published phone: 0717021001 ,https://mediation.gov.lk/si/,
phone,pass,Published phone: 0332223305 ,https://mediation.gov.lk/si/,
phone,pass,Published phone: 0770764794 ,https://mediation.gov.lk/si/,
phone,pass,Published phone: 0714490734 ,https://mediation.gov.lk/si/,
phone,pass,Published phone: 0453453326 ,https://mediation.gov.lk/si/,
phone,pass,Published phone: 0372282215 ,https://mediation.gov.lk/si/,
phone,pass,Published phone: 0312269488 ,https://mediation.gov.lk/si/,
phone,pass,Published phone: 0724172617 ,https://mediation.gov.lk/si/,
phone,pass,Published phone: 0714415625 ,https://mediation.gov.lk/si/,
phone,pass,Published phone: 0778900110 ,https://mediation.gov.lk/si/,
phone,pass,Published phone: 065-2225966 ,https://mediation.gov.lk/si/,
phone,pass,Published phone: 0718299359 ,https://mediation.gov.lk/si/,
phone,pass,Published phone: 0776266877 ,https://mediation.gov.lk/si/,
phone,pass,Published phone: 0552257086 ,https://mediation.gov.lk/si/,
phone,pass,Published phone: 0763891558 ,https://mediation.gov.lk/si/,
phone,pass,Published phone: 0713915657 ,https://mediation.gov.lk/si/,
phone,pass,Published phone: 077-5046243 ,https://mediation.gov.lk/si/,
phone,pass,Published phone: 0779546171 ,https://mediation.gov.lk/si/,
phone,pass,Published phone: 0633632231 ,https://mediation.gov.lk/si/,
phone,pass,Published phone: 0776118238 ,https://mediation.gov.lk/si/,
phone,pass,Published phone: 0718289601 ,https://mediation.gov.lk/si/,
phone,pass,Published phone: 077 226 6235 ,https://mediation.gov.lk/si/,
phone,pass,Published phone: 0714150593 ,https://mediation.gov.lk/si/,
phone,pass,Published phone: 0272246889,https://mediation.gov.lk/si/,
phone,pass,Published phone: 0553551177 ,https://mediation.gov.lk/si/,
phone,pass,Published phone: 0774378371 ,https://mediation.gov.lk/si/,
phone,pass,Published phone: 0776474750 ,https://mediation.gov.lk/si/,
phone,pass,Published phone: 065 - 3064424 ,https://mediation.gov.lk/si/,
phone,pass,Published phone: 0724489951 ,https://mediation.gov.lk/si/,
phone,pass,Published phone: 0662222051 ,https://mediation.gov.lk/si/,
phone,pass,Published phone: 0718303552 ,https://mediation.gov.lk/si/,
phone,pass,Published phone: 0718012524 ,https://mediation.gov.lk/si/,
phone,pass,Published phone: 0252255158 ,https://mediation.gov.lk/si/,
phone,pass,Published phone: 0812052470,https://mediation.gov.lk/si/,
phone,pass,Published phone: 0373373779 ,https://mediation.gov.lk/si/,
phone,pass,Published phone: 0770395252 ,https://mediation.gov.lk/si/,
phone,pass,Published phone: 03. 026-32005,https://mediation.gov.lk/si/,
phone,pass,Published phone: 077 - 9001352 ,https://mediation.gov.lk/si/,
phone,pass,Published phone: 0714400066 ,https://mediation.gov.lk/si/,
phone,pass,Published phone: 0777968732 ,https://mediation.gov.lk/si/,
phone,pass,Published phone: 0714824501 ,https://mediation.gov.lk/si/,
phone,pass,Published phone: 0812461889 ,https://mediation.gov.lk/si/,
phone,pass,Published phone: 071 591 6499 ,https://mediation.gov.lk/si/,
phone,pass,Published phone: 0632222824 ,https://mediation.gov.lk/si/,
phone,pass,Published phone: 0812050397 ,https://mediation.gov.lk/si/,
phone,pass,Published phone: 0724609938 ,https://mediation.gov.lk/si/,
phone,pass,Published phone: 0812236990 ,https://mediation.gov.lk/si/,
phone,pass,Published phone: 0375681946 ,https://mediation.gov.lk/si/,
phone,pass,Published phone: 0718376407 ,https://mediation.gov.lk/si/,
phone,pass,Published phone: 0718308581 ,https://mediation.gov.lk/si/,
phone,pass,Published phone: 0812467402 ,https://mediation.gov.lk/si/,
phone,pass,Published phone: 0555753207,https://mediation.gov.lk/si/,
phone,pass,Published phone: 0718214005 ,https://mediation.gov.lk/si/,
phone,pass,Published phone: 0770229653 ,https://mediation.gov.lk/si/,
phone,pass,Published phone: 0768612398 ,https://mediation.gov.lk/si/,
phone,pass,Published phone: 0472220880 ,https://mediation.gov.lk/si/,
phone,pass,Published phone: 077 -7061745 ,https://mediation.gov.lk/si/,
phone,pass,Published phone: 0716012874 ,https://mediation.gov.lk/si/,
phone,pass,Published phone: 0718127358 ,https://mediation.gov.lk/si/,
phone,pass,Published phone: 0272242176 ,https://mediation.gov.lk/si/,
phone,pass,Published phone: 077-4147994 ,https://mediation.gov.lk/si/,
phone,pass,Published phone: 0272050183 ,https://mediation.gov.lk/si/,
phone,pass,Published phone: 0718210021 ,https://mediation.gov.lk/si/,
phone,pass,Published phone: 0452279219 ,https://mediation.gov.lk/si/,
phone,pass,Published phone: 077 - 9695391 ,https://mediation.gov.lk/si/,
phone,pass,Published phone: 0710911333 ,https://mediation.gov.lk/si/,
phone,pass,Published phone: 0473488391 ,https://mediation.gov.lk/si/,
phone,pass,Published phone: 077 - 7890730 ,https://mediation.gov.lk/si/,
phone,pass,Published phone: 0724731516 ,https://mediation.gov.lk/si/,
phone,pass,Published phone: 0712338853 ,https://mediation.gov.lk/si/,
phone,pass,Published phone: 0766923692 ,https://mediation.gov.lk/si/,
phone,pass,Published phone: 077-0345141 ,https://mediation.gov.lk/si/,
phone,pass,Published phone: 0714459827 ,https://mediation.gov.lk/si/,
phone,pass,Published phone: 0362247275 ,https://mediation.gov.lk/si/,
phone,pass,Published phone: 0771424536 ,https://mediation.gov.lk/si/,
phone,pass,Published phone: 0572050023 ,https://mediation.gov.lk/si/,
phone,pass,Published phone: 08 065-36448,https://mediation.gov.lk/si/,
phone,pass,Published phone: 0719032560 ,https://mediation.gov.lk/si/,
phone,pass,Published phone: 0112704117 ,https://mediation.gov.lk/si/,
phone,pass,Published phone: 077-3586958 ,https://mediation.gov.lk/si/,
phone,pass,Published phone: 0342284688 ,https://mediation.gov.lk/si/,
phone,pass,Published phone: 0729359136 ,https://mediation.gov.lk/si/,
phone,pass,Published phone: 067 -2277696 ,https://mediation.gov.lk/si/,
phone,pass,Published phone: 0779341788 ,https://mediation.gov.lk/si/,
phone,pass,Published phone: 0112963499 ,https://mediation.gov.lk/si/,
phone,pass,Published phone: 0322251447 ,https://mediation.gov.lk/si/,
phone,pass,Published phone: 077-0465352 ,https://mediation.gov.lk/si/,
phone,pass,Published phone: 0412259371,https://mediation.gov.lk/si/,
phone,pass,Published phone: 0814956959 ,https://mediation.gov.lk/si/,
phone,pass,Published phone: 0775922303 ,https://mediation.gov.lk/si/,
phone,pass,Published phone: 0714413423 ,https://mediation.gov.lk/si/,
phone,pass,Published phone: 0382284419,https://mediation.gov.lk/si/,
phone,pass,Published phone: 0252056560 ,https://mediation.gov.lk/si/,
phone,pass,Published phone: 0273275778 ,https://mediation.gov.lk/si/,
phone,pass,Published phone: 0452286880 ,https://mediation.gov.lk/si/,
phone,pass,Published phone: 0712573732 ,https://mediation.gov.lk/si/,
phone,pass,Published phone: 0716789056 ,https://mediation.gov.lk/si/,
phone,pass,Published phone: 0775491052 ,https://mediation.gov.lk/si/,
phone,pass,Published phone: 0777870373 ,https://mediation.gov.lk/si/,
phone,pass,Published phone: 0252222735 ,https://mediation.gov.lk/si/,
phone,pass,Published phone: 0710666548 ,https://mediation.gov.lk/si/,
phone,pass,Published phone: 0775075617 ,https://mediation.gov.lk/si/,
phone,pass,Published phone: 0711735601 ,https://mediation.gov.lk/si/,
phone,pass,Published phone: 0719648977 ,https://mediation.gov.lk/si/,
phone,pass,Published phone: 0662244193 ,https://mediation.gov.lk/si/,
phone,pass,Published phone: 0312252937 ,https://mediation.gov.lk/si/,
phone,pass,Published phone: 0342270260 ,https://mediation.gov.lk/si/,
phone,pass,Published phone: 077-7740443 ,https://mediation.gov.lk/si/,
phone,pass,Published phone: 077 595 8113 ,https://mediation.gov.lk/si/,
phone,pass,Published phone: 0711569994 ,https://mediation.gov.lk/si/,
phone,pass,Published phone: 0715772265 ,https://mediation.gov.lk/si/,
phone,pass,Published phone: 0762030382 ,https://mediation.gov.lk/si/,
phone,pass,Published phone: 0715866232 ,https://mediation.gov.lk/si/,
phone,pass,Published phone: 0777945364 ,https://mediation.gov.lk/si/,
phone,pass,Published phone: 0776225513 ,https://mediation.gov.lk/si/,
phone,pass,Published phone: 0719252720 ,https://mediation.gov.lk/si/,
phone,pass,Published phone: 0712958395 ,https://mediation.gov.lk/si/,
phone,pass,Published phone: 0779952937 ,https://mediation.gov.lk/si/,
phone,pass,Published phone: 0712025937 ,https://mediation.gov.lk/si/,
phone,pass,Published phone: 0718159152 ,https://mediation.gov.lk/si/,
phone,pass,Published phone: 0553554660 ,https://mediation.gov.lk/si/,
phone,pass,Published phone: 0718055014 ,https://mediation.gov.lk/si/,
phone,pass,Published phone: 0726112095 ,https://mediation.gov.lk/si/,
phone,pass,Published phone: 0776530994 ,https://mediation.gov.lk/si/,
phone,pass,Published phone: 0112977072 ,https://mediation.gov.lk/si/,
phone,pass,Published phone: 0322255467 ,https://mediation.gov.lk/si/,
phone,pass,Published phone: 0712262891 ,https://mediation.gov.lk/si/,
phone,pass,Published phone: 0662220760 ,https://mediation.gov.lk/si/,
phone,pass,Published phone: 0774088217,https://mediation.gov.lk/si/,
phone,pass,Published phone: 0779088545 ,https://mediation.gov.lk/si/,
phone,pass,Published phone: 027 222 2233 ,https://mediation.gov.lk/si/,
phone,pass,Published phone: 0775488929 ,https://mediation.gov.lk/si/,
phone,pass,Published phone: 0775757102 ,https://mediation.gov.lk/si/,
phone,pass,Published phone: 02. 077 - 28583,https://mediation.gov.lk/si/,
phone,pass,Published phone: 0776186887 ,https://mediation.gov.lk/si/,
phone,pass,Published phone: 0312299004 ,https://mediation.gov.lk/si/,
phone,pass,Published phone: 0713315148 ,https://mediation.gov.lk/si/,
phone,pass,Published phone: 0718020009 ,https://mediation.gov.lk/si/,
phone,pass,Published phone: 077-6658979 ,https://mediation.gov.lk/si/,
phone,pass,Published phone: 0718942917 ,https://mediation.gov.lk/si/,
phone,pass,Published phone: 0372053607 ,https://mediation.gov.lk/si/,
phone,pass,Published phone: 0716262350 ,https://mediation.gov.lk/si/,
phone,pass,Published phone: 0373614948 ,https://mediation.gov.lk/si/,
phone,pass,Published phone: 0452275929 ,https://mediation.gov.lk/si/,
phone,pass,Published phone: 0718263962 ,https://mediation.gov.lk/si/,
phone,pass,Published phone: 0775072275 ,https://mediation.gov.lk/si/,
phone,pass,Published phone: 0718463194 ,https://mediation.gov.lk/si/,
phone,pass,Published phone: 0728348348 ,https://mediation.gov.lk/si/,
phone,pass,Published phone: 071 - 4247377 ,https://mediation.gov.lk/si/,
phone,pass,Published phone: 077- 6673580 ,https://mediation.gov.lk/si/,
phone,pass,Published phone: 0375681165 ,https://mediation.gov.lk/si/,
phone,pass,Published phone: 0112850713 ,https://mediation.gov.lk/si/,
phone,pass,Published phone: 0715526864 ,https://mediation.gov.lk/si/,
phone,pass,Published phone: 0772028208 ,https://mediation.gov.lk/si/,
phone,pass,Published phone: 0714429370 ,https://mediation.gov.lk/si/,
phone,pass,Published phone: 077 - 3574000 ,https://mediation.gov.lk/si/,
phone,pass,Published phone: 0452262664 ,https://mediation.gov.lk/si/,
phone,pass,Published phone: 065-2225596 ,https://mediation.gov.lk/si/,
phone,pass,Published phone: 0242224393 ,https://mediation.gov.lk/si/,
phone,pass,Published phone: 065 -3643617 ,https://mediation.gov.lk/si/,
phone,pass,Published phone: 0764754446 ,https://mediation.gov.lk/si/,
phone,pass,Published phone: 0728459918 ,https://mediation.gov.lk/si/,
phone,pass,Published phone: 0373378339 ,https://mediation.gov.lk/si/,
phone,pass,Published phone: 077-9781600 ,https://mediation.gov.lk/si/,
phone,pass,Published phone: 0718322479 ,https://mediation.gov.lk/si/,
phone,pass,Published phone: 011 253 6090 ,https://mediation.gov.lk/si/,
phone,pass,Published phone: 065-3656283 ,https://mediation.gov.lk/si/,
phone,pass,Published phone: 0718240840 ,https://mediation.gov.lk/si/,
phone,pass,Published phone: 0412287302 ,https://mediation.gov.lk/si/,
phone,pass,Published phone: 0770513858 ,https://mediation.gov.lk/si/,
phone,pass,Published phone: 077- 0553398 ,https://mediation.gov.lk/si/,
phone,pass,Published phone: 0472251331 ,https://mediation.gov.lk/si/,
phone,pass,Published phone: 0712395507 ,https://mediation.gov.lk/si/,
phone,pass,Published phone: 0714478214 ,https://mediation.gov.lk/si/,
phone,pass,Published phone: 0663664231 ,https://mediation.gov.lk/si/,
phone,pass,Published phone: 0716614844 ,https://mediation.gov.lk/si/,
phone,pass,Published phone: 0774536710 ,https://mediation.gov.lk/si/,
phone,pass,Published phone: 0712677000 ,https://mediation.gov.lk/si/,
phone,pass,Published phone: 0265680809 ,https://mediation.gov.lk/si/,
phone,pass,Published phone: 0714418155,https://mediation.gov.lk/si/,
phone,pass,Published phone: 0776134767 ,https://mediation.gov.lk/si/,
phone,pass,Published phone: 0712599497 ,https://mediation.gov.lk/si/,
phone,pass,Published phone: 0252275096 ,https://mediation.gov.lk/si/,
phone,pass,Published phone: 0713028664 ,https://mediation.gov.lk/si/,
phone,pass,Published phone: 0716626600 ,https://mediation.gov.lk/si/,
phone,pass,Published phone: 0112971725 ,https://mediation.gov.lk/si/,
phone,pass,Published phone: 0740873944 ,https://mediation.gov.lk/si/,
phone,pass,Published phone: 0252269066 ,https://mediation.gov.lk/si/,
phone,pass,Published phone: 0 011 246557,https://mediation.gov.lk/si/,
phone,pass,Published phone: 011 2702224 ,https://mediation.gov.lk/si/,
phone,pass,Published phone: 0475634020 ,https://mediation.gov.lk/si/,
phone,pass,Published phone: 0763590418 ,https://mediation.gov.lk/si/,
phone,pass,Published phone: 0552263960 ,https://mediation.gov.lk/si/,
phone,pass,Published phone: 0779687027 ,https://mediation.gov.lk/si/,
phone,pass,Published phone: 0702930269 ,https://mediation.gov.lk/si/,
phone,pass,Published phone: 0572244056 ,https://mediation.gov.lk/si/,
phone,pass,Published phone: 0633631735 ,https://mediation.gov.lk/si/,
phone,pass,Published phone: 0717574824 ,https://mediation.gov.lk/si/,
phone,pass,Published phone: 0718424844 ,https://mediation.gov.lk/si/,
phone,pass,Published phone: 07746 47244 ,https://mediation.gov.lk/si/,
phone,pass,Published phone: 0728474574 ,https://mediation.gov.lk/si/,
phone,pass,Published phone: 0718679675 ,https://mediation.gov.lk/si/,
phone,pass,Published phone: 0779045998 ,https://mediation.gov.lk/si/,
phone,pass,Published phone: 0719221650 ,https://mediation.gov.lk/si/,
phone,pass,Published phone: 0714530178 ,https://mediation.gov.lk/si/,
phone,pass,Published phone: 0522279477 ,https://mediation.gov.lk/si/,
phone,pass,Published phone: 065 - 2225277 ,https://mediation.gov.lk/si/,
phone,pass,Published phone: 0718301512 ,https://mediation.gov.lk/si/,
phone,pass,Published phone: 0712912099 ,https://mediation.gov.lk/si/,
phone,pass,Published phone: 070 2589604 ,https://mediation.gov.lk/si/,
phone,pass,Published phone: 0342245543 ,https://mediation.gov.lk/si/,
phone,pass,Published phone: 0913883619 ,https://mediation.gov.lk/si/,
phone,pass,Published phone: 0776348995 ,https://mediation.gov.lk/si/,
phone,pass,Published phone: 0112873068 ,https://mediation.gov.lk/si/,
phone,pass,Published phone: 0275687136 ,https://mediation.gov.lk/si/,
phone,pass,Published phone: 0778948307 ,https://mediation.gov.lk/si/,
phone,pass,Published phone: 0779130909 ,https://mediation.gov.lk/si/,
phone,pass,Published phone: 0772651511 ,https://mediation.gov.lk/si/,
phone,pass,Published phone: 0711489186 ,https://mediation.gov.lk/si/,
phone,pass,Published phone: 0262255055 ,https://mediation.gov.lk/si/,
phone,pass,Published phone: 0252224993 ,https://mediation.gov.lk/si/,
phone,pass,Published phone: 0718001766 ,https://mediation.gov.lk/si/,
phone,pass,Published phone: 0252276592 ,https://mediation.gov.lk/si/,
phone,pass,Published phone: 0712802247 ,https://mediation.gov.lk/si/,
phone,pass,Published phone: 077- 6006353 ,https://mediation.gov.lk/si/,
phone,pass,Published phone: 0372279151 ,https://mediation.gov.lk/si/,
phone,pass,Published phone: 077-3893529 ,https://mediation.gov.lk/si/,
phone,pass,Published phone: 0912296692 ,https://mediation.gov.lk/si/,
phone,pass,Published phone: 0768849271 ,https://mediation.gov.lk/si/,
phone,pass,Published phone: 0775422735 ,https://mediation.gov.lk/si/,
phone,pass,Published phone: 0716321323 ,https://mediation.gov.lk/si/,
phone,pass,Published phone: 0632051866 ,https://mediation.gov.lk/si/,
phone,pass,Published phone: 077-6986135 ,https://mediation.gov.lk/si/,
phone,pass,Published phone: 065 - 5672007 ,https://mediation.gov.lk/si/,
phone,pass,Published phone: 0252236580 ,https://mediation.gov.lk/si/,
phone,pass,Published phone: 0713449701 ,https://mediation.gov.lk/si/,
phone,pass,Published phone: 0722537181 ,https://mediation.gov.lk/si/,
phone,pass,Published phone: 0718168938 ,https://mediation.gov.lk/si/,
phone,pass,Published phone: 0412251147 ,https://mediation.gov.lk/si/,
phone,pass,Published phone: 077-6150680 ,https://mediation.gov.lk/si/,
phone,pass,Published phone: 0718008917 ,https://mediation.gov.lk/si/,
phone,pass,Published phone: 0773145795 ,https://mediation.gov.lk/si/,
phone,pass,Published phone: 077-1227699 ,https://mediation.gov.lk/si/,
phone,pass,Published phone: 0373988723 ,https://mediation.gov.lk/si/,
phone,pass,Published phone: 0254902513 ,https://mediation.gov.lk/si/,
phone,pass,Published phone: 0764162329 ,https://mediation.gov.lk/si/,
phone,pass,Published phone: 0714373025 ,https://mediation.gov.lk/si/,
phone,pass,Published phone: 0778388993 ,https://mediation.gov.lk/si/,
phone,pass,Published phone: 077 - 4567314 ,https://mediation.gov.lk/si/,
phone,pass,Published phone: 0705267433 ,https://mediation.gov.lk/si/,
phone,pass,Published phone: 0415780220 ,https://mediation.gov.lk/si/,
phone,pass,Published phone: 0711110532 ,https://mediation.gov.lk/si/,
phone,pass,Published phone: 077-7111979 ,https://mediation.gov.lk/si/,
phone,pass,Published phone: 0769388001 ,https://mediation.gov.lk/si/,
phone,pass,Published phone: 0715703960 ,https://mediation.gov.lk/si/,
phone,pass,Published phone: 0705827887 ,https://mediation.gov.lk/si/,
phone,pass,Published phone: 0716160645 ,https://mediation.gov.lk/si/,
phone,pass,Published phone: 0778940814 ,https://mediation.gov.lk/si/,
phone,pass,Published phone: 0716087454 ,https://mediation.gov.lk/si/,
phone,pass,Published phone: 0342251068 ,https://mediation.gov.lk/si/,
phone,pass,Published phone: 0711503169 ,https://mediation.gov.lk/si/,
phone,pass,Published phone: 0774990377 ,https://mediation.gov.lk/si/,
phone,pass,Published phone: 0112289640 ,https://mediation.gov.lk/si/,
phone,pass,Published phone: 0352267216 ,https://mediation.gov.lk/si/,
phone,pass,Published phone: 077-2080525 ,https://mediation.gov.lk/si/,
phone,pass,Published phone: 037-2249119 ,https://mediation.gov.lk/si/,
phone,pass,Published phone: 0252254200 ,https://mediation.gov.lk/si/,
phone,pass,Published phone: 0353351341 ,https://mediation.gov.lk/si/,
phone,pass,Published phone: 0711754099 ,https://mediation.gov.lk/si/,
phone,pass,Published phone: 0775050330 ,https://mediation.gov.lk/si/,
email,pass,Published email: general@mediation.gov.lk,https://mediation.gov.lk/si/,
postal_address,pass,"Published postal address: Phone ampara akkaraipattu Mr. K.L. Naizar No 85C, Central Road, Pallikudiyiruppu, Akkaraipattu - 06 0779069552 Galle Gal",https://mediation.gov.lk/si/,
named_responsibility,pass,Published named responsibility: director,https://mediation.gov.lk/si/,
legal_basis,pass,Published legal basis: gazette,https://mediation.gov.lk/si/,
fees_and_payment,pass,"Published fees and payment: rs,",https://mediation.gov.lk/si/,
phone,pass,Published phone: 077-3984594 ,https://mediation.gov.lk/ta/,
phone,pass,Published phone: 0782053799 ,https://mediation.gov.lk/ta/,
phone,pass,Published phone: 0701562476 ,https://mediation.gov.lk/ta/,
phone,pass,Published phone: 0717852976 ,https://mediation.gov.lk/ta/,
phone,pass,Published phone: 0252222099,https://mediation.gov.lk/ta/,
phone,pass,Published phone: 077-4793517 ,https://mediation.gov.lk/ta/,
phone,pass,Published phone: 066- 2224460 ,https://mediation.gov.lk/ta/,
phone,pass,Published phone: 0382244124 ,https://mediation.gov.lk/ta/,
phone,pass,Published phone: 0552250411 ,https://mediation.gov.lk/ta/,
phone,pass,Published phone: 0715380034 ,https://mediation.gov.lk/ta/,
phone,pass,Published phone: 0779790106 ,https://mediation.gov.lk/ta/,
phone,pass,Published phone: 0711850296 ,https://mediation.gov.lk/ta/,
phone,pass,Published phone: 0253257682 ,https://mediation.gov.lk/ta/,
phone,pass,Published phone: 0778461450 ,https://mediation.gov.lk/ta/,
phone,pass,Published phone: 0714500362 ,https://mediation.gov.lk/ta/,
phone,pass,Published phone: 0472225485 ,https://mediation.gov.lk/ta/,
phone,pass,Published phone: 0473485592 ,https://mediation.gov.lk/ta/,
phone,pass,Published phone: 077-0666948 ,https://mediation.gov.lk/ta/,
phone,pass,Published phone: 0718426733 ,https://mediation.gov.lk/ta/,
phone,pass,Published phone: 0253257552,https://mediation.gov.lk/ta/,
phone,pass,Published phone: 0472280068 ,https://mediation.gov.lk/ta/,
phone,pass,Published phone: 0715564503 ,https://mediation.gov.lk/ta/,
phone,pass,Published phone: 0273274612 ,https://mediation.gov.lk/ta/,
phone,pass,Published phone: 0776160104 ,https://mediation.gov.lk/ta/,
phone,pass,Published phone: 0776130543 ,https://mediation.gov.lk/ta/,
phone,pass,Published phone: 0332262401 ,https://mediation.gov.lk/ta/,
phone,pass,Published phone: 03. 077-62194,https://mediation.gov.lk/ta/,
phone,pass,Published phone: 0252050547,https://mediation.gov.lk/ta/,
phone,pass,Published phone: 0718390995 ,https://mediation.gov.lk/ta/,
phone,pass,Published phone: 0112 334 323 ,https://mediation.gov.lk/ta/,
phone,pass,Published phone: 0712042715 ,https://mediation.gov.lk/ta/,
phone,pass,Published phone: 0711602634 ,https://mediation.gov.lk/ta/,
phone,pass,Published phone: 0713350755 ,https://mediation.gov.lk/ta/,
phone,pass,Published phone: 081 241 5519 ,https://mediation.gov.lk/ta/,
phone,pass,Published phone: 0332292253 ,https://mediation.gov.lk/ta/,
phone,pass,Published phone: 077 - 9347111 ,https://mediation.gov.lk/ta/,
phone,pass,Published phone: 0715759355 ,https://mediation.gov.lk/ta/,
phone,pass,Published phone: 0375687186 ,https://mediation.gov.lk/ta/,
phone,pass,Published phone: 0372275797 ,https://mediation.gov.lk/ta/,
phone,pass,Published phone: 0716898761 ,https://mediation.gov.lk/ta/,
phone,pass,Published phone: 077-4257471 ,https://mediation.gov.lk/ta/,
phone,pass,Published phone: 071 529 8224 ,https://mediation.gov.lk/ta/,
phone,pass,Published phone: 063- 2248118 ,https://mediation.gov.lk/ta/,
phone,pass,Published phone: 0717852830 ,https://mediation.gov.lk/ta/,
phone,pass,Published phone: 0714255008 ,https://mediation.gov.lk/ta/,
phone,pass,Published phone: 0766050233 ,https://mediation.gov.lk/ta/,
phone,pass,Published phone: 0713267586,https://mediation.gov.lk/ta/,
phone,pass,Published phone: 0774400852 ,https://mediation.gov.lk/ta/,
phone,pass,Published phone: 077-1999354 ,https://mediation.gov.lk/ta/,
phone,pass,Published phone: 0716733864 ,https://mediation.gov.lk/ta/,
phone,pass,Published phone: 0713019633 ,https://mediation.gov.lk/ta/,
phone,pass,Published phone: 0312258267 ,https://mediation.gov.lk/ta/,
phone,pass,Published phone: 05 077 - 23042,https://mediation.gov.lk/ta/,
phone,pass,Published phone: 077-9968516 ,https://mediation.gov.lk/ta/,
phone,pass,Published phone: 077-9421331 ,https://mediation.gov.lk/ta/,
phone,pass,Published phone: 0718654012 ,https://mediation.gov.lk/ta/,
phone,pass,Published phone: 0714967854 ,https://mediation.gov.lk/ta/,
phone,pass,Published phone: 0789881692 ,https://mediation.gov.lk/ta/,
phone,pass,Published phone: 077-3934165 ,https://mediation.gov.lk/ta/,
phone,pass,Published phone: 0112675522 ,https://mediation.gov.lk/ta/,
phone,pass,Published phone: 0352258566 ,https://mediation.gov.lk/ta/,
phone,pass,Published phone: 0767557102 ,https://mediation.gov.lk/ta/,
phone,pass,Published phone: 077-6699030 ,https://mediation.gov.lk/ta/,
phone,pass,Published phone: 0342247058 ,https://mediation.gov.lk/ta/,
phone,pass,Published phone: 0774228880 ,https://mediation.gov.lk/ta/,
phone,pass,Published phone: 0352246201 ,https://mediation.gov.lk/ta/,
phone,pass,Published phone: 0726080728 ,https://mediation.gov.lk/ta/,
phone,pass,Published phone: 077- 9042390 ,https://mediation.gov.lk/ta/,
phone,pass,Published phone: 0718355125 ,https://mediation.gov.lk/ta/,
phone,pass,Published phone: 0662283654 ,https://mediation.gov.lk/ta/,
phone,pass,Published phone: 047 225 6040 ,https://mediation.gov.lk/ta/,
phone,pass,Published phone: 0714493383 ,https://mediation.gov.lk/ta/,
phone,pass,Published phone: 0555788499 ,https://mediation.gov.lk/ta/,
phone,pass,Published phone: 0412268236 ,https://mediation.gov.lk/ta/,
phone,pass,Published phone: 0779057802 ,https://mediation.gov.lk/ta/,
phone,pass,Published phone: 0777-070117 ,https://mediation.gov.lk/ta/,
phone,pass,Published phone: 0718273046 ,https://mediation.gov.lk/ta/,
phone,pass,Published phone: 0713435169 ,https://mediation.gov.lk/ta/,
phone,pass,Published phone: 077-6007451 ,https://mediation.gov.lk/ta/,
phone,pass,Published phone: 0713495373 ,https://mediation.gov.lk/ta/,
phone,pass,Published phone: 0718663816 ,https://mediation.gov.lk/ta/,
phone,pass,Published phone: 077-8543651 ,https://mediation.gov.lk/ta/,
phone,pass,Published phone: 0362258335 ,https://mediation.gov.lk/ta/,
phone,pass,Published phone: 021-3218314 ,https://mediation.gov.lk/ta/,
phone,pass,Published phone: 0472245232 ,https://mediation.gov.lk/ta/,
phone,pass,Published phone: 0543540137 ,https://mediation.gov.lk/ta/,
phone,pass,Published phone: 0262054510 ,https://mediation.gov.lk/ta/,
phone,pass,Published phone: 0472254861 ,https://mediation.gov.lk/ta/,
phone,pass,Published phone: 0774476887 ,https://mediation.gov.lk/ta/,
phone,pass,Published phone: 077 - 9515490 ,https://mediation.gov.lk/ta/,
phone,pass,Published phone: 0713852944 ,https://mediation.gov.lk/ta/,
phone,pass,Published phone: 0253251507,https://mediation.gov.lk/ta/,
phone,pass,Published phone: 0254924475 ,https://mediation.gov.lk/ta/,
phone,pass,Published phone: 0711144850 ,https://mediation.gov.lk/ta/,
phone,pass,Published phone: 0779790009 ,https://mediation.gov.lk/ta/,
phone,pass,Published phone: 077-8399465 ,https://mediation.gov.lk/ta/,
phone,pass,Published phone: 0765719191 ,https://mediation.gov.lk/ta/,
phone,pass,Published phone: 081 231 1130,https://mediation.gov.lk/ta/,
phone,pass,Published phone: 0417910035 ,https://mediation.gov.lk/ta/,
phone,pass,Published phone: 0773166091 ,https://mediation.gov.lk/ta/,
phone,pass,Published phone: 0761800047 ,https://mediation.gov.lk/ta/,
phone,pass,Published phone: 0342257057 ,https://mediation.gov.lk/ta/,
phone,pass,Published phone: 0778924833 ,https://mediation.gov.lk/ta/,
phone,pass,Published phone: 0372285869 ,https://mediation.gov.lk/ta/,
phone,pass,Published phone: 0812365705 ,https://mediation.gov.lk/ta/,
phone,pass,Published phone: 0362255257 ,https://mediation.gov.lk/ta/,
phone,pass,Published phone: 0453453851 ,https://mediation.gov.lk/ta/,
phone,pass,Published phone: 02 077-36209,https://mediation.gov.lk/ta/,
phone,pass,Published phone: 0912241335 ,https://mediation.gov.lk/ta/,
phone,pass,Published phone: 0372244778 ,https://mediation.gov.lk/ta/,
phone,pass,Published phone: 0253057887 ,https://mediation.gov.lk/ta/,
phone,pass,Published phone: 0773209467 ,https://mediation.gov.lk/ta/,
phone,pass,Published phone: 0725577128 ,https://mediation.gov.lk/ta/,
phone,pass,Published phone: 0701311969 ,https://mediation.gov.lk/ta/,
phone,pass,Published phone: 0711477159 ,https://mediation.gov.lk/ta/,
phone,pass,Published phone: 065- 3641121 ,https://mediation.gov.lk/ta/,
phone,pass,Published phone: 0779831726 ,https://mediation.gov.lk/ta/,
phone,pass,Published phone: 0784525966 ,https://mediation.gov.lk/ta/,
phone,pass,Published phone: 0812493517 ,https://mediation.gov.lk/ta/,
phone,pass,Published phone: 065 -4910167 ,https://mediation.gov.lk/ta/,
phone,pass,Published phone: 0252266713 ,https://mediation.gov.lk/ta/,
phone,pass,Published phone: 0332275413 ,https://mediation.gov.lk/ta/,
phone,pass,Published phone: 0714498368 ,https://mediation.gov.lk/ta/,
phone,pass,Published phone: 0745820161,https://mediation.gov.lk/ta/,
phone,pass,Published phone: 0253893991 ,https://mediation.gov.lk/ta/,
phone,pass,Published phone: 0352265259 ,https://mediation.gov.lk/ta/,
phone,pass,Published phone: 0552273938 ,https://mediation.gov.lk/ta/,
phone,pass,Published phone: 0812352074 ,https://mediation.gov.lk/ta/,
phone,pass,Published phone: 0764440357 ,https://mediation.gov.lk/ta/,
phone,pass,Published phone: 0718363553 ,https://mediation.gov.lk/ta/,
phone,pass,Published phone: 0372233165 ,https://mediation.gov.lk/ta/,
phone,pass,Published phone: 0375747170 ,https://mediation.gov.lk/ta/,
phone,pass,Published phone: 0773616433 ,https://mediation.gov.lk/ta/,
phone,pass,Published phone: 0662057899 ,https://mediation.gov.lk/ta/,
phone,pass,Published phone: 037 229 5416 ,https://mediation.gov.lk/ta/,
phone,pass,Published phone: 0718077592 ,https://mediation.gov.lk/ta/,
phone,pass,Published phone: 067 - 2265099 ,https://mediation.gov.lk/ta/,
phone,pass,Published phone: 077- 8014722 ,https://mediation.gov.lk/ta/,
phone,pass,Published phone: 0777111881 ,https://mediation.gov.lk/ta/,
phone,pass,Published phone: 0714808157 ,https://mediation.gov.lk/ta/,
phone,pass,Published phone: 0712535956 ,https://mediation.gov.lk/ta/,
phone,pass,Published phone: 0706655708 ,https://mediation.gov.lk/ta/,
phone,pass,Published phone: 0715852901 ,https://mediation.gov.lk/ta/,
phone,pass,Published phone: 0714473018 ,https://mediation.gov.lk/ta/,
phone,pass,Published phone: 0452273338 ,https://mediation.gov.lk/ta/,
phone,pass,Published phone: 0342222428 ,https://mediation.gov.lk/ta/,
phone,pass,Published phone: 065-5681303 ,https://mediation.gov.lk/ta/,
phone,pass,Published phone: 0632244027,https://mediation.gov.lk/ta/,
phone,pass,Published phone: 077-9237757 ,https://mediation.gov.lk/ta/,
phone,pass,Published phone: 0252276335 ,https://mediation.gov.lk/ta/,
phone,pass,Published phone: 0713958724 ,https://mediation.gov.lk/ta/,
phone,pass,Published phone: 0773555647 ,https://mediation.gov.lk/ta/,
phone,pass,Published phone: 0718269549 ,https://mediation.gov.lk/ta/,
phone,pass,Published phone: 0771528581 ,https://mediation.gov.lk/ta/,
phone,pass,Published phone: 0714476248 ,https://mediation.gov.lk/ta/,
phone,pass,Published phone: 0312223972 ,https://mediation.gov.lk/ta/,
phone,pass,Published phone: 0716340210 ,https://mediation.gov.lk/ta/,
phone,pass,Published phone: 077-4676556 ,https://mediation.gov.lk/ta/,
phone,pass,Published phone: 0776407404 ,https://mediation.gov.lk/ta/,
phone,pass,Published phone: 0412220547 ,https://mediation.gov.lk/ta/,
phone,pass,Published phone: 0112823844 ,https://mediation.gov.lk/ta/,
phone,pass,Published phone: 0112532897 ,https://mediation.gov.lk/ta/,
phone,pass,Published phone: 0913935191 ,https://mediation.gov.lk/ta/,
phone,pass,Published phone: 0714901813 ,https://mediation.gov.lk/ta/,
phone,pass,Published phone: 0365719040 ,https://mediation.gov.lk/ta/,
phone,pass,Published phone: 0773431612 ,https://mediation.gov.lk/ta/,
phone,pass,Published phone: 0710641369 ,https://mediation.gov.lk/ta/,
phone,pass,Published phone: 0777267293 ,https://mediation.gov.lk/ta/,
phone,pass,Published phone: 0262248175 ,https://mediation.gov.lk/ta/,
phone,pass,Published phone: 067-2260892 ,https://mediation.gov.lk/ta/,
phone,pass,Published phone: 0712207782 ,https://mediation.gov.lk/ta/,
phone,pass,Published phone: 0913914909 ,https://mediation.gov.lk/ta/,
phone,pass,Published phone: 0372267159 ,https://mediation.gov.lk/ta/,
phone,pass,Published phone: 0713528793 ,https://mediation.gov.lk/ta/,
phone,pass,Published phone: 05. 077 - 42846,https://mediation.gov.lk/ta/,
phone,pass,Published phone: 0112974542 ,https://mediation.gov.lk/ta/,
phone,pass,Published phone: 0912211536 ,https://mediation.gov.lk/ta/,
phone,pass,Published phone: 0767680228 ,https://mediation.gov.lk/ta/,
phone,pass,Published phone: 0375778026 ,https://mediation.gov.lk/ta/,
phone,pass,Published phone: 0552276090 ,https://mediation.gov.lk/ta/,
phone,pass,Published phone: 0275716721 ,https://mediation.gov.lk/ta/,
phone,pass,Published phone: 0278369630 ,https://mediation.gov.lk/ta/,
phone,pass,Published phone: 077-1962122 ,https://mediation.gov.lk/ta/,
phone,pass,Published phone: 02. 071 - 11118,https://mediation.gov.lk/ta/,
phone,pass,Published phone: 0812461793 ,https://mediation.gov.lk/ta/,
phone,pass,Published phone: 0778260850 ,https://mediation.gov.lk/ta/,
phone,pass,Published phone: 0552276234 ,https://mediation.gov.lk/ta/,
phone,pass,Published phone: 0714447940 ,https://mediation.gov.lk/ta/,
phone,pass,Published phone: 0773501603 ,https://mediation.gov.lk/ta/,
phone,pass,Published phone: 0372231028 ,https://mediation.gov.lk/ta/,
phone,pass,Published phone: 0715550248 ,https://mediation.gov.lk/ta/,
phone,pass,Published phone: 0575685668 ,https://mediation.gov.lk/ta/,
phone,pass,Published phone: 0375643660,https://mediation.gov.lk/ta/,
phone,pass,Published phone: 0325684794 ,https://mediation.gov.lk/ta/,
phone,pass,Published phone: 0413400366,https://mediation.gov.lk/ta/,
phone,pass,Published phone: 077 - 9377481 ,https://mediation.gov.lk/ta/,
phone,pass,Published phone: 0812491956 ,https://mediation.gov.lk/ta/,
phone,pass,Published phone: 0342223749 ,https://mediation.gov.lk/ta/,
phone,pass,Published phone: 0718082839 ,https://mediation.gov.lk/ta/,
phone,pass,Published phone: 0452255257 ,https://mediation.gov.lk/ta/,
phone,pass,Published phone: 0912283747 ,https://mediation.gov.lk/ta/,
phone,pass,Published phone: 04 077 -22843,https://mediation.gov.lk/ta/,
phone,pass,Published phone: 0718359867 ,https://mediation.gov.lk/ta/,
phone,pass,Published phone: 0718811794 ,https://mediation.gov.lk/ta/,
phone,pass,Published phone: 0662244563 ,https://mediation.gov.lk/ta/,
phone,pass,Published phone: 077- 6681798 ,https://mediation.gov.lk/ta/,
phone,pass,Published phone: 077-4739889 ,https://mediation.gov.lk/ta/,
phone,pass,Published phone: 0342278249 ,https://mediation.gov.lk/ta/,
phone,pass,Published phone: 0253250903 ,https://mediation.gov.lk/ta/,
phone,pass,Published phone: 0714405973 ,https://mediation.gov.lk/ta/,
phone,pass,Published phone: 077- 3611108 ,https://mediation.gov.lk/ta/,
phone,pass,Published phone: 0773647172 ,https://mediation.gov.lk/ta/,
phone,pass,Published phone: 0454900898 ,https://mediation.gov.lk/ta/,
phone,pass,Published phone: 0522229781 ,https://mediation.gov.lk/ta/,
phone,pass,Published phone: 0773785285 ,https://mediation.gov.lk/ta/,
phone,pass,Published phone: 077-3090911 ,https://mediation.gov.lk/ta/,
phone,pass,Published phone: 0718671463 ,https://mediation.gov.lk/ta/,
phone,pass,Published phone: 0343304335 ,https://mediation.gov.lk/ta/,
phone,pass,Published phone: 0553559925 ,https://mediation.gov.lk/ta/,
phone,pass,Published phone: 0813999492 ,https://mediation.gov.lk/ta/,
phone,pass,Published phone: 027 205 2260,https://mediation.gov.lk/ta/,
phone,pass,Published phone: 0714395322 ,https://mediation.gov.lk/ta/,
phone,pass,Published phone: 0719172972 ,https://mediation.gov.lk/ta/,
phone,pass,Published phone: 0776308671 ,https://mediation.gov.lk/ta/,
phone,pass,Published phone: 0912291869 ,https://mediation.gov.lk/ta/,
phone,pass,Published phone: 0702930297 ,https://mediation.gov.lk/ta/,
phone,pass,Published phone: 0712911641 ,https://mediation.gov.lk/ta/,
phone,pass,Published phone: 0112715523 ,https://mediation.gov.lk/ta/,
phone,pass,Published phone: 0714468521 ,https://mediation.gov.lk/ta/,
phone,pass,Published phone: 0345617458 ,https://mediation.gov.lk/ta/,
phone,pass,Published phone: 0718120384 ,https://mediation.gov.lk/ta/,
phone,pass,Published phone: 0914944849 ,https://mediation.gov.lk/ta/,
phone,pass,Published phone: 0342222221 ,https://mediation.gov.lk/ta/,
phone,pass,Published phone: 0714494698 ,https://mediation.gov.lk/ta/,
phone,pass,Published phone: 0775558164 ,https://mediation.gov.lk/ta/,
phone,pass,Published phone: 0717021001 ,https://mediation.gov.lk/ta/,
phone,pass,Published phone: 0332223305 ,https://mediation.gov.lk/ta/,
phone,pass,Published phone: 0770764794 ,https://mediation.gov.lk/ta/,
phone,pass,Published phone: 0714490734 ,https://mediation.gov.lk/ta/,
phone,pass,Published phone: 0453453326 ,https://mediation.gov.lk/ta/,
phone,pass,Published phone: 0372282215 ,https://mediation.gov.lk/ta/,
phone,pass,Published phone: 0312269488 ,https://mediation.gov.lk/ta/,
phone,pass,Published phone: 0724172617 ,https://mediation.gov.lk/ta/,
phone,pass,Published phone: 0714415625 ,https://mediation.gov.lk/ta/,
phone,pass,Published phone: 0778900110 ,https://mediation.gov.lk/ta/,
phone,pass,Published phone: 065-2225966 ,https://mediation.gov.lk/ta/,
phone,pass,Published phone: 0718299359 ,https://mediation.gov.lk/ta/,
phone,pass,Published phone: 0776266877 ,https://mediation.gov.lk/ta/,
phone,pass,Published phone: 0552257086 ,https://mediation.gov.lk/ta/,
phone,pass,Published phone: 0763891558 ,https://mediation.gov.lk/ta/,
phone,pass,Published phone: 0713915657 ,https://mediation.gov.lk/ta/,
phone,pass,Published phone: 077-5046243 ,https://mediation.gov.lk/ta/,
phone,pass,Published phone: 0779546171 ,https://mediation.gov.lk/ta/,
phone,pass,Published phone: 0633632231 ,https://mediation.gov.lk/ta/,
phone,pass,Published phone: 0776118238 ,https://mediation.gov.lk/ta/,
phone,pass,Published phone: 0718289601 ,https://mediation.gov.lk/ta/,
phone,pass,Published phone: 077 226 6235 ,https://mediation.gov.lk/ta/,
phone,pass,Published phone: 0714150593 ,https://mediation.gov.lk/ta/,
phone,pass,Published phone: 0272246889,https://mediation.gov.lk/ta/,
phone,pass,Published phone: 0553551177 ,https://mediation.gov.lk/ta/,
phone,pass,Published phone: 0774378371 ,https://mediation.gov.lk/ta/,
phone,pass,Published phone: 0776474750 ,https://mediation.gov.lk/ta/,
phone,pass,Published phone: 065 - 3064424 ,https://mediation.gov.lk/ta/,
phone,pass,Published phone: 0724489951 ,https://mediation.gov.lk/ta/,
phone,pass,Published phone: 0662222051 ,https://mediation.gov.lk/ta/,
phone,pass,Published phone: 0718303552 ,https://mediation.gov.lk/ta/,
phone,pass,Published phone: 0718012524 ,https://mediation.gov.lk/ta/,
phone,pass,Published phone: 0252255158 ,https://mediation.gov.lk/ta/,
phone,pass,Published phone: 0812052470,https://mediation.gov.lk/ta/,
phone,pass,Published phone: 0373373779 ,https://mediation.gov.lk/ta/,
phone,pass,Published phone: 0770395252 ,https://mediation.gov.lk/ta/,
phone,pass,Published phone: 03. 026-32005,https://mediation.gov.lk/ta/,
phone,pass,Published phone: 077 - 9001352 ,https://mediation.gov.lk/ta/,
phone,pass,Published phone: 0714400066 ,https://mediation.gov.lk/ta/,
phone,pass,Published phone: 0777968732 ,https://mediation.gov.lk/ta/,
phone,pass,Published phone: 0714824501 ,https://mediation.gov.lk/ta/,
phone,pass,Published phone: 0812461889 ,https://mediation.gov.lk/ta/,
phone,pass,Published phone: 071 591 6499 ,https://mediation.gov.lk/ta/,
phone,pass,Published phone: 0632222824 ,https://mediation.gov.lk/ta/,
phone,pass,Published phone: 0812050397 ,https://mediation.gov.lk/ta/,
phone,pass,Published phone: 0724609938 ,https://mediation.gov.lk/ta/,
phone,pass,Published phone: 0812236990 ,https://mediation.gov.lk/ta/,
phone,pass,Published phone: 0375681946 ,https://mediation.gov.lk/ta/,
phone,pass,Published phone: 0718376407 ,https://mediation.gov.lk/ta/,
phone,pass,Published phone: 0718308581 ,https://mediation.gov.lk/ta/,
phone,pass,Published phone: 0812467402 ,https://mediation.gov.lk/ta/,
phone,pass,Published phone: 0555753207,https://mediation.gov.lk/ta/,
phone,pass,Published phone: 0718214005 ,https://mediation.gov.lk/ta/,
phone,pass,Published phone: 0770229653 ,https://mediation.gov.lk/ta/,
phone,pass,Published phone: 0768612398 ,https://mediation.gov.lk/ta/,
phone,pass,Published phone: 0472220880 ,https://mediation.gov.lk/ta/,
phone,pass,Published phone: 077 -7061745 ,https://mediation.gov.lk/ta/,
phone,pass,Published phone: 0716012874 ,https://mediation.gov.lk/ta/,
phone,pass,Published phone: 0718127358 ,https://mediation.gov.lk/ta/,
phone,pass,Published phone: 0272242176 ,https://mediation.gov.lk/ta/,
phone,pass,Published phone: 077-4147994 ,https://mediation.gov.lk/ta/,
phone,pass,Published phone: 0272050183 ,https://mediation.gov.lk/ta/,
phone,pass,Published phone: 0718210021 ,https://mediation.gov.lk/ta/,
phone,pass,Published phone: 0452279219 ,https://mediation.gov.lk/ta/,
phone,pass,Published phone: 077 - 9695391 ,https://mediation.gov.lk/ta/,
phone,pass,Published phone: 0710911333 ,https://mediation.gov.lk/ta/,
phone,pass,Published phone: 0473488391 ,https://mediation.gov.lk/ta/,
phone,pass,Published phone: 077 - 7890730 ,https://mediation.gov.lk/ta/,
phone,pass,Published phone: 0724731516 ,https://mediation.gov.lk/ta/,
phone,pass,Published phone: 0712338853 ,https://mediation.gov.lk/ta/,
phone,pass,Published phone: 0766923692 ,https://mediation.gov.lk/ta/,
phone,pass,Published phone: 077-0345141 ,https://mediation.gov.lk/ta/,
phone,pass,Published phone: 0714459827 ,https://mediation.gov.lk/ta/,
phone,pass,Published phone: 0362247275 ,https://mediation.gov.lk/ta/,
phone,pass,Published phone: 0771424536 ,https://mediation.gov.lk/ta/,
phone,pass,Published phone: 0572050023 ,https://mediation.gov.lk/ta/,
phone,pass,Published phone: 08 065-36448,https://mediation.gov.lk/ta/,
phone,pass,Published phone: 0719032560 ,https://mediation.gov.lk/ta/,
phone,pass,Published phone: 0112704117 ,https://mediation.gov.lk/ta/,
phone,pass,Published phone: 077-3586958 ,https://mediation.gov.lk/ta/,
phone,pass,Published phone: 0342284688 ,https://mediation.gov.lk/ta/,
phone,pass,Published phone: 0729359136 ,https://mediation.gov.lk/ta/,
phone,pass,Published phone: 067 -2277696 ,https://mediation.gov.lk/ta/,
phone,pass,Published phone: 0779341788 ,https://mediation.gov.lk/ta/,
phone,pass,Published phone: 0112963499 ,https://mediation.gov.lk/ta/,
phone,pass,Published phone: 0322251447 ,https://mediation.gov.lk/ta/,
phone,pass,Published phone: 077-0465352 ,https://mediation.gov.lk/ta/,
phone,pass,Published phone: 0412259371,https://mediation.gov.lk/ta/,
phone,pass,Published phone: 0814956959 ,https://mediation.gov.lk/ta/,
phone,pass,Published phone: 0775922303 ,https://mediation.gov.lk/ta/,
phone,pass,Published phone: 0714413423 ,https://mediation.gov.lk/ta/,
phone,pass,Published phone: 0382284419,https://mediation.gov.lk/ta/,
phone,pass,Published phone: 0252056560 ,https://mediation.gov.lk/ta/,
phone,pass,Published phone: 0273275778 ,https://mediation.gov.lk/ta/,
phone,pass,Published phone: 0452286880 ,https://mediation.gov.lk/ta/,
phone,pass,Published phone: 0712573732 ,https://mediation.gov.lk/ta/,
phone,pass,Published phone: 0716789056 ,https://mediation.gov.lk/ta/,
phone,pass,Published phone: 0775491052 ,https://mediation.gov.lk/ta/,
phone,pass,Published phone: 0777870373 ,https://mediation.gov.lk/ta/,
phone,pass,Published phone: 0252222735 ,https://mediation.gov.lk/ta/,
phone,pass,Published phone: 0710666548 ,https://mediation.gov.lk/ta/,
phone,pass,Published phone: 0775075617 ,https://mediation.gov.lk/ta/,
phone,pass,Published phone: 0711735601 ,https://mediation.gov.lk/ta/,
phone,pass,Published phone: 0719648977 ,https://mediation.gov.lk/ta/,
phone,pass,Published phone: 0662244193 ,https://mediation.gov.lk/ta/,
phone,pass,Published phone: 0312252937 ,https://mediation.gov.lk/ta/,
phone,pass,Published phone: 0342270260 ,https://mediation.gov.lk/ta/,
phone,pass,Published phone: 077-7740443 ,https://mediation.gov.lk/ta/,
phone,pass,Published phone: 0711569994 ,https://mediation.gov.lk/ta/,
phone,pass,Published phone: 0715772265 ,https://mediation.gov.lk/ta/,
phone,pass,Published phone: 0762030382 ,https://mediation.gov.lk/ta/,
phone,pass,Published phone: 0715866232 ,https://mediation.gov.lk/ta/,
phone,pass,Published phone: 0777945364 ,https://mediation.gov.lk/ta/,
phone,pass,Published phone: 0776225513 ,https://mediation.gov.lk/ta/,
phone,pass,Published phone: 0719252720 ,https://mediation.gov.lk/ta/,
phone,pass,Published phone: 0712958395 ,https://mediation.gov.lk/ta/,
phone,pass,Published phone: 0779952937 ,https://mediation.gov.lk/ta/,
phone,pass,Published phone: 0712025937 ,https://mediation.gov.lk/ta/,
phone,pass,Published phone: 0718159152 ,https://mediation.gov.lk/ta/,
phone,pass,Published phone: 0553554660 ,https://mediation.gov.lk/ta/,
phone,pass,Published phone: 0718055014 ,https://mediation.gov.lk/ta/,
phone,pass,Published phone: 0726112095 ,https://mediation.gov.lk/ta/,
phone,pass,Published phone: 0776530994 ,https://mediation.gov.lk/ta/,
phone,pass,Published phone: 0112977072 ,https://mediation.gov.lk/ta/,
phone,pass,Published phone: 0322255467 ,https://mediation.gov.lk/ta/,
phone,pass,Published phone: 0712262891 ,https://mediation.gov.lk/ta/,
phone,pass,Published phone: 0662220760 ,https://mediation.gov.lk/ta/,
phone,pass,Published phone: 0774088217,https://mediation.gov.lk/ta/,
phone,pass,Published phone: 0779088545 ,https://mediation.gov.lk/ta/,
phone,pass,Published phone: 027 222 2233 ,https://mediation.gov.lk/ta/,
phone,pass,Published phone: 0775488929 ,https://mediation.gov.lk/ta/,
phone,pass,Published phone: 0775757102 ,https://mediation.gov.lk/ta/,
phone,pass,Published phone: 02. 077 - 28583,https://mediation.gov.lk/ta/,
phone,pass,Published phone: 0776186887 ,https://mediation.gov.lk/ta/,
phone,pass,Published phone: 0312299004 ,https://mediation.gov.lk/ta/,
phone,pass,Published phone: 0713315148 ,https://mediation.gov.lk/ta/,
phone,pass,Published phone: 0718020009 ,https://mediation.gov.lk/ta/,
phone,pass,Published phone: 077-6658979 ,https://mediation.gov.lk/ta/,
phone,pass,Published phone: 0718942917 ,https://mediation.gov.lk/ta/,
phone,pass,Published phone: 0372053607 ,https://mediation.gov.lk/ta/,
phone,pass,Published phone: 0716262350 ,https://mediation.gov.lk/ta/,
phone,pass,Published phone: 0373614948 ,https://mediation.gov.lk/ta/,
phone,pass,Published phone: 0452275929 ,https://mediation.gov.lk/ta/,
phone,pass,Published phone: 0718263962 ,https://mediation.gov.lk/ta/,
phone,pass,Published phone: 0775072275 ,https://mediation.gov.lk/ta/,
phone,pass,Published phone: 0718463194 ,https://mediation.gov.lk/ta/,
phone,pass,Published phone: 0728348348 ,https://mediation.gov.lk/ta/,
phone,pass,Published phone: 071 - 4247377 ,https://mediation.gov.lk/ta/,
phone,pass,Published phone: 077- 6673580 ,https://mediation.gov.lk/ta/,
phone,pass,Published phone: 0375681165 ,https://mediation.gov.lk/ta/,
phone,pass,Published phone: 0112850713 ,https://mediation.gov.lk/ta/,
phone,pass,Published phone: 0715526864 ,https://mediation.gov.lk/ta/,
phone,pass,Published phone: 0772028208 ,https://mediation.gov.lk/ta/,
phone,pass,Published phone: 0714429370 ,https://mediation.gov.lk/ta/,
phone,pass,Published phone: 077 - 3574000 ,https://mediation.gov.lk/ta/,
phone,pass,Published phone: 0452262664 ,https://mediation.gov.lk/ta/,
phone,pass,Published phone: 065-2225596 ,https://mediation.gov.lk/ta/,
phone,pass,Published phone: 0242224393 ,https://mediation.gov.lk/ta/,
phone,pass,Published phone: 065 -3643617 ,https://mediation.gov.lk/ta/,
phone,pass,Published phone: 0764754446 ,https://mediation.gov.lk/ta/,
phone,pass,Published phone: 0728459918 ,https://mediation.gov.lk/ta/,
phone,pass,Published phone: 0373378339 ,https://mediation.gov.lk/ta/,
phone,pass,Published phone: 077-9781600 ,https://mediation.gov.lk/ta/,
phone,pass,Published phone: 0718322479 ,https://mediation.gov.lk/ta/,
phone,pass,Published phone: 011 253 6090 ,https://mediation.gov.lk/ta/,
phone,pass,Published phone: 065-3656283 ,https://mediation.gov.lk/ta/,
phone,pass,Published phone: 0718240840 ,https://mediation.gov.lk/ta/,
phone,pass,Published phone: 0412287302 ,https://mediation.gov.lk/ta/,
phone,pass,Published phone: 0770513858 ,https://mediation.gov.lk/ta/,
phone,pass,Published phone: 077- 0553398 ,https://mediation.gov.lk/ta/,
phone,pass,Published phone: 0472251331 ,https://mediation.gov.lk/ta/,
phone,pass,Published phone: 0712395507 ,https://mediation.gov.lk/ta/,
phone,pass,Published phone: 0714478214 ,https://mediation.gov.lk/ta/,
phone,pass,Published phone: 0663664231 ,https://mediation.gov.lk/ta/,
phone,pass,Published phone: 0716614844 ,https://mediation.gov.lk/ta/,
phone,pass,Published phone: 0774536710 ,https://mediation.gov.lk/ta/,
phone,pass,Published phone: 0712677000 ,https://mediation.gov.lk/ta/,
phone,pass,Published phone: 0265680809 ,https://mediation.gov.lk/ta/,
phone,pass,Published phone: 0714418155,https://mediation.gov.lk/ta/,
phone,pass,Published phone: 0776134767 ,https://mediation.gov.lk/ta/,
phone,pass,Published phone: 0712599497 ,https://mediation.gov.lk/ta/,
phone,pass,Published phone: 0252275096 ,https://mediation.gov.lk/ta/,
phone,pass,Published phone: 0713028664 ,https://mediation.gov.lk/ta/,
phone,pass,Published phone: 0716626600 ,https://mediation.gov.lk/ta/,
phone,pass,Published phone: 0112971725 ,https://mediation.gov.lk/ta/,
phone,pass,Published phone: 0740873944 ,https://mediation.gov.lk/ta/,
phone,pass,Published phone: 0252269066 ,https://mediation.gov.lk/ta/,
phone,pass,Published phone: 0 011 246557,https://mediation.gov.lk/ta/,
phone,pass,Published phone: 011 2702224 ,https://mediation.gov.lk/ta/,
phone,pass,Published phone: 0475634020 ,https://mediation.gov.lk/ta/,
phone,pass,Published phone: 0763590418 ,https://mediation.gov.lk/ta/,
phone,pass,Published phone: 0552263960 ,https://mediation.gov.lk/ta/,
phone,pass,Published phone: 0779687027 ,https://mediation.gov.lk/ta/,
phone,pass,Published phone: 0702930269 ,https://mediation.gov.lk/ta/,
phone,pass,Published phone: 0572244056 ,https://mediation.gov.lk/ta/,
phone,pass,Published phone: 0633631735 ,https://mediation.gov.lk/ta/,
phone,pass,Published phone: 0717574824 ,https://mediation.gov.lk/ta/,
phone,pass,Published phone: 0718424844 ,https://mediation.gov.lk/ta/,
phone,pass,Published phone: 07746 47244 ,https://mediation.gov.lk/ta/,
phone,pass,Published phone: 0728474574 ,https://mediation.gov.lk/ta/,
phone,pass,Published phone: 0718679675 ,https://mediation.gov.lk/ta/,
phone,pass,Published phone: 0779045998 ,https://mediation.gov.lk/ta/,
phone,pass,Published phone: 0719221650 ,https://mediation.gov.lk/ta/,
phone,pass,Published phone: 0714530178 ,https://mediation.gov.lk/ta/,
phone,pass,Published phone: 0522279477 ,https://mediation.gov.lk/ta/,
phone,pass,Published phone: 065 - 2225277 ,https://mediation.gov.lk/ta/,
phone,pass,Published phone: 0718301512 ,https://mediation.gov.lk/ta/,
phone,pass,Published phone: 0712912099 ,https://mediation.gov.lk/ta/,
phone,pass,Published phone: 070 2589604 ,https://mediation.gov.lk/ta/,
phone,pass,Published phone: 0342245543 ,https://mediation.gov.lk/ta/,
phone,pass,Published phone: 0913883619 ,https://mediation.gov.lk/ta/,
phone,pass,Published phone: 0776348995 ,https://mediation.gov.lk/ta/,
phone,pass,Published phone: 0112873068 ,https://mediation.gov.lk/ta/,
phone,pass,Published phone: 0275687136 ,https://mediation.gov.lk/ta/,
phone,pass,Published phone: 0712383808 ,https://mediation.gov.lk/ta/,
phone,pass,Published phone: 0778948307 ,https://mediation.gov.lk/ta/,
phone,pass,Published phone: 0779130909 ,https://mediation.gov.lk/ta/,
phone,pass,Published phone: 0772651511 ,https://mediation.gov.lk/ta/,
phone,pass,Published phone: 0711489186 ,https://mediation.gov.lk/ta/,
phone,pass,Published phone: 0262255055 ,https://mediation.gov.lk/ta/,
phone,pass,Published phone: 0252224993 ,https://mediation.gov.lk/ta/,
phone,pass,Published phone: 0718001766 ,https://mediation.gov.lk/ta/,
phone,pass,Published phone: 0252276592 ,https://mediation.gov.lk/ta/,
phone,pass,Published phone: 0712802247 ,https://mediation.gov.lk/ta/,
phone,pass,Published phone: 077- 6006353 ,https://mediation.gov.lk/ta/,
phone,pass,Published phone: 0372279151 ,https://mediation.gov.lk/ta/,
phone,pass,Published phone: 077-3893529 ,https://mediation.gov.lk/ta/,
phone,pass,Published phone: 0912296692 ,https://mediation.gov.lk/ta/,
phone,pass,Published phone: 0768849271 ,https://mediation.gov.lk/ta/,
phone,pass,Published phone: 0775422735 ,https://mediation.gov.lk/ta/,
phone,pass,Published phone: 0716321323 ,https://mediation.gov.lk/ta/,
phone,pass,Published phone: 0632051866 ,https://mediation.gov.lk/ta/,
phone,pass,Published phone: 077-6986135 ,https://mediation.gov.lk/ta/,
phone,pass,Published phone: 065 - 5672007 ,https://mediation.gov.lk/ta/,
phone,pass,Published phone: 0252236580 ,https://mediation.gov.lk/ta/,
phone,pass,Published phone: 0713449701 ,https://mediation.gov.lk/ta/,
phone,pass,Published phone: 0722537181 ,https://mediation.gov.lk/ta/,
phone,pass,Published phone: 0718168938 ,https://mediation.gov.lk/ta/,
phone,pass,Published phone: 0412251147 ,https://mediation.gov.lk/ta/,
phone,pass,Published phone: 077-6150680 ,https://mediation.gov.lk/ta/,
phone,pass,Published phone: 0718008917 ,https://mediation.gov.lk/ta/,
phone,pass,Published phone: 0773145795 ,https://mediation.gov.lk/ta/,
phone,pass,Published phone: 077-1227699 ,https://mediation.gov.lk/ta/,
phone,pass,Published phone: 0373988723 ,https://mediation.gov.lk/ta/,
phone,pass,Published phone: 0254902513 ,https://mediation.gov.lk/ta/,
phone,pass,Published phone: 0764162329 ,https://mediation.gov.lk/ta/,
phone,pass,Published phone: 0714373025 ,https://mediation.gov.lk/ta/,
phone,pass,Published phone: 0778388993 ,https://mediation.gov.lk/ta/,
phone,pass,Published phone: 077 - 4567314 ,https://mediation.gov.lk/ta/,
phone,pass,Published phone: 0705267433 ,https://mediation.gov.lk/ta/,
phone,pass,Published phone: 0415780220 ,https://mediation.gov.lk/ta/,
phone,pass,Published phone: 0711110532 ,https://mediation.gov.lk/ta/,
phone,pass,Published phone: 077-7111979 ,https://mediation.gov.lk/ta/,
phone,pass,Published phone: 0769388001 ,https://mediation.gov.lk/ta/,
phone,pass,Published phone: 0715703960 ,https://mediation.gov.lk/ta/,
phone,pass,Published phone: 0705827887 ,https://mediation.gov.lk/ta/,
phone,pass,Published phone: 0716160645 ,https://mediation.gov.lk/ta/,
phone,pass,Published phone: 0778940814 ,https://mediation.gov.lk/ta/,
phone,pass,Published phone: 0716087454 ,https://mediation.gov.lk/ta/,
phone,pass,Published phone: 0342251068 ,https://mediation.gov.lk/ta/,
phone,pass,Published phone: 0711503169 ,https://mediation.gov.lk/ta/,
phone,pass,Published phone: 0774990377 ,https://mediation.gov.lk/ta/,
phone,pass,Published phone: 0112289640 ,https://mediation.gov.lk/ta/,
phone,pass,Published phone: 0352267216 ,https://mediation.gov.lk/ta/,
phone,pass,Published phone: 077-2080525 ,https://mediation.gov.lk/ta/,
phone,pass,Published phone: 037-2249119 ,https://mediation.gov.lk/ta/,
phone,pass,Published phone: 0252254200 ,https://mediation.gov.lk/ta/,
phone,pass,Published phone: 0353351341 ,https://mediation.gov.lk/ta/,
phone,pass,Published phone: 0711754099 ,https://mediation.gov.lk/ta/,
phone,pass,Published phone: 0775050330 ,https://mediation.gov.lk/ta/,
email,pass,Published email: general@mediation.gov.lk,https://mediation.gov.lk/ta/,
postal_address,pass,"Published postal address: Phone Galle Galle Special (Land) Mediation Board Mr. Pahalagamage Anura 22/3, Wekunagoda patumanga, Wekunagoda, Galle No",https://mediation.gov.lk/ta/,
named_responsibility,pass,Published named responsibility: director,https://mediation.gov.lk/ta/,
fees_and_payment,pass,"Published fees and payment: rs,",https://mediation.gov.lk/ta/,
phone,pass,Published phone: +94 112 334 323,https://mediation.gov.lk/en/about-us/who-are-we/,
phone,pass,Published phone: 0112 334 323 ,https://mediation.gov.lk/en/about-us/who-are-we/,
phone,pass,Published phone: +94 112 334 258 ,https://mediation.gov.lk/en/about-us/who-are-we/,
email,pass,Published email: general@mediation.gov.lk,https://mediation.gov.lk/en/about-us/who-are-we/,
email,pass,Published email: mbc2016.gov@gmail.com,https://mediation.gov.lk/en/about-us/who-are-we/,
named_responsibility,pass,Published named responsibility: director,https://mediation.gov.lk/en/about-us/who-are-we/,
eligibility_criteria,pass,Published eligibility criteria: eligibility,https://mediation.gov.lk/en/about-us/who-are-we/,
legal_basis,pass,Published legal basis: gazette,https://mediation.gov.lk/en/about-us/who-are-we/,
phone,pass,Published phone: +94 112 334 323,https://mediation.gov.lk/en/about-us/history/,
phone,pass,Published phone: 0112 334 323 ,https://mediation.gov.lk/en/about-us/history/,
phone,pass,Published phone: +94 112 334 258 ,https://mediation.gov.lk/en/about-us/history/,
email,pass,Published email: general@mediation.gov.lk,https://mediation.gov.lk/en/about-us/history/,
email,pass,Published email: mbc2016.gov@gmail.com,https://mediation.gov.lk/en/about-us/history/,
postal_address,pass,"Published postal address: and mediate disputes in relation to land such as boundary issues, debt, damage or demand as a result of the Tsunami. 201",https://mediation.gov.lk/en/about-us/history/,
named_responsibility,pass,Published named responsibility: director,https://mediation.gov.lk/en/about-us/history/,
legal_basis,pass,Published legal basis: gazette,https://mediation.gov.lk/en/about-us/history/,
fees_and_payment,pass,"Published fees and payment: Rs. 1,000,000",https://mediation.gov.lk/en/about-us/history/,
phone,pass,Published phone: +94 112 334 323,https://mediation.gov.lk/en/about-us/faq/,
phone,pass,Published phone: 0112 334 323 ,https://mediation.gov.lk/en/about-us/faq/,
phone,pass,Published phone: +94 112 334 258 ,https://mediation.gov.lk/en/about-us/faq/,
email,pass,Published email: general@mediation.gov.lk,https://mediation.gov.lk/en/about-us/faq/,
email,pass,Published email: mbc2016.gov@gmail.com,https://mediation.gov.lk/en/about-us/faq/,
named_responsibility,pass,Published named responsibility: director,https://mediation.gov.lk/en/about-us/faq/,
legal_basis,pass,Published legal basis: gazette,https://mediation.gov.lk/en/about-us/faq/,
processing_time,pass,Published processing time: 60 days,https://mediation.gov.lk/en/about-us/faq/,
phone,pass,Published phone: +94 112 334 323,https://mediation.gov.lk/en/mediation-programme/overview/,
phone,pass,Published phone: 0112 334 323 ,https://mediation.gov.lk/en/mediation-programme/overview/,
phone,pass,Published phone: +94 112 334 258 ,https://mediation.gov.lk/en/mediation-programme/overview/,
email,pass,Published email: general@mediation.gov.lk,https://mediation.gov.lk/en/mediation-programme/overview/,
email,pass,Published email: mbc2016.gov@gmail.com,https://mediation.gov.lk/en/mediation-programme/overview/,
named_responsibility,pass,Published named responsibility: director,https://mediation.gov.lk/en/mediation-programme/overview/,
legal_basis,pass,Published legal basis: gazette,https://mediation.gov.lk/en/mediation-programme/overview/,
phone,pass,Published phone: +94 112 334 323,https://mediation.gov.lk/en/mediation-programme/overview/mediation-process/,
phone,pass,Published phone: 0112 334 323 ,https://mediation.gov.lk/en/mediation-programme/overview/mediation-process/,
phone,pass,Published phone: +94 112 334 258 ,https://mediation.gov.lk/en/mediation-programme/overview/mediation-process/,
email,pass,Published email: general@mediation.gov.lk,https://mediation.gov.lk/en/mediation-programme/overview/mediation-process/,
email,pass,Published email: mbc2016.gov@gmail.com,https://mediation.gov.lk/en/mediation-programme/overview/mediation-process/,
named_responsibility,pass,Published named responsibility: director,https://mediation.gov.lk/en/mediation-programme/overview/mediation-process/,
legal_basis,pass,Published legal basis: gazette,https://mediation.gov.lk/en/mediation-programme/overview/mediation-process/,
phone,pass,Published phone: +94 112 334 323,https://mediation.gov.lk/en/mediation-programme/overview/mediation-boards-establishment-composition/,
phone,pass,Published phone: 0112 334 323 ,https://mediation.gov.lk/en/mediation-programme/overview/mediation-boards-establishment-composition/,
phone,pass,Published phone: +94 112 334 258 ,https://mediation.gov.lk/en/mediation-programme/overview/mediation-boards-establishment-composition/,
email,pass,Published email: general@mediation.gov.lk,https://mediation.gov.lk/en/mediation-programme/overview/mediation-boards-establishment-composition/,
email,pass,Published email: mbc2016.gov@gmail.com,https://mediation.gov.lk/en/mediation-programme/overview/mediation-boards-establishment-composition/,
named_responsibility,pass,Published named responsibility: director,https://mediation.gov.lk/en/mediation-programme/overview/mediation-boards-establishment-composition/,
legal_basis,pass,Published legal basis: gazette,https://mediation.gov.lk/en/mediation-programme/overview/mediation-boards-establishment-composition/,
page_text,pass,Substantive page content: 333032 visible characters across 14 pages,https://mediation.gov.lk/,
