check,status,detail,source,observed_at
dns,pass,Public DNS resolved,,2026-09-08T23:59:21.851023+05:30
domain_registration,error,Domain is absent from RDAP,,2026-09-08T23:59:21.851043+05:30
tls,pass,TLS certificate valid,,2026-09-08T23:59:21.900056+05:30
http,pass,Probe 1: HTTP 200 at https://police.lk/,https://www.police.lk/,2026-09-08T23:59:26.242113+05:30
http,error,Probe 2: Server disconnected without sending a response.,http://www.police.lk/,2026-09-08T23:59:26.242138+05:30
http,pass,Probe 3: HTTP 200 at https://police.lk/,https://www.police.lk/,2026-09-08T23:59:26.242141+05:30
http,error,Probe 4: Server disconnected without sending a response.,http://www.police.lk/,2026-09-08T23:59:26.242144+05:30
http,pass,Probe 5: HTTP 200 at https://police.lk/police-stations-map/,https://police.lk/police-stations-map/,2026-09-08T23:59:26.242147+05:30
phone,pass,Published phone: 011-2436258 ,https://police.lk/,
phone,pass,Published phone: 071-8591703 ,https://police.lk/,
phone,pass,Published phone: 071-8591532 ,https://police.lk/,
phone,pass,Published phone: 071-8591184 ,https://police.lk/,
phone,pass,Published phone: 071-8591560 ,https://police.lk/,
phone,pass,Published phone: 037-2285811 ,https://police.lk/,
phone,pass,Published phone: 071-8592135 ,https://police.lk/,
phone,pass,Published phone: 026-2225822 ,https://police.lk/,
phone,pass,Published phone: 071-8591564 ,https://police.lk/,
phone,pass,Published phone: 071-8592906 ,https://police.lk/,
phone,pass,Published phone: 071-8591496 ,https://police.lk/,
phone,pass,Published phone: 026-2252622 ,https://police.lk/,
phone,pass,Published phone: 067-2250147 ,https://police.lk/,
phone,pass,Published phone: 071-8591196 ,https://police.lk/,
phone,pass,Published phone: 071-8592776 ,https://police.lk/,
phone,pass,Published phone: 041-2222727 ,https://police.lk/,
phone,pass,Published phone: 067-2229226 ,https://police.lk/,
phone,pass,Published phone: 071-8592949 ,https://police.lk/,
phone,pass,Published phone: 071-8591130 ,https://police.lk/,
phone,pass,Published phone: 071-8591570 ,https://police.lk/,
phone,pass,Published phone: 071-8591459 ,https://police.lk/,
phone,pass,Published phone: 071-8591538 ,https://police.lk/,
phone,pass,Published phone: 063-3634083 ,https://police.lk/,
phone,pass,Published phone: 071-8591556 ,https://police.lk/,
phone,pass,Published phone: 031-2227740 ,https://police.lk/,
phone,pass,Published phone: 071-8591386 ,https://police.lk/,
phone,pass,Published phone: 071-8591154 ,https://police.lk/,
phone,pass,Published phone: 041-2282323 ,https://police.lk/,
phone,pass,Published phone: 045-2240323 ,https://police.lk/,
phone,pass,Published phone: 071-8591432 ,https://police.lk/,
phone,pass,Published phone: 045-2227122 ,https://police.lk/,
phone,pass,Published phone: 071-8591436 ,https://police.lk/,
phone,pass,Published phone: 067-2221916 ,https://police.lk/,
phone,pass,Published phone: 071-8591395 ,https://police.lk/,
phone,pass,Published phone: 071-8591408 ,https://police.lk/,
phone,pass,Published phone: 071-8591143 ,https://police.lk/,
phone,pass,Published phone: 033-2278020 ,https://police.lk/,
phone,pass,Published phone: 011-2251475 ,https://police.lk/,
phone,pass,Published phone: 011-2523058 ,https://police.lk/,
phone,pass,Published phone: 033-2271416 ,https://police.lk/,
phone,pass,Published phone: 063-3733037 ,https://police.lk/,
phone,pass,Published phone: 071-8591494 ,https://police.lk/,
phone,pass,Published phone: 071-8591139 ,https://police.lk/,
phone,pass,Published phone: 065-2257347 ,https://police.lk/,
phone,pass,Published phone: 071-8592957 ,https://police.lk/,
phone,pass,Published phone: 057-2228850 ,https://police.lk/,
phone,pass,Published phone: 071-8591484 ,https://police.lk/,
phone,pass,Published phone: 026-2233223 ,https://police.lk/,
phone,pass,Published phone: 063-2052268 ,https://police.lk/,
phone,pass,Published phone: 071-8591600 ,https://police.lk/,
phone,pass,Published phone: 071-8591485 ,https://police.lk/,
phone,pass,Published phone: 041-2291348 ,https://police.lk/,
phone,pass,Published phone: 057-2229977 ,https://police.lk/,
phone,pass,Published phone: 071-8591701 ,https://police.lk/,
phone,pass,Published phone: 071-8591531 ,https://police.lk/,
phone,pass,Published phone: 011-2645215 ,https://police.lk/,
phone,pass,Published phone: 071-8591640 ,https://police.lk/,
phone,pass,Published phone: 065-2241700 ,https://police.lk/,
phone,pass,Published phone: 071-8591422 ,https://police.lk/,
phone,pass,Published phone: 071-8591692 ,https://police.lk/,
phone,pass,Published phone: 011-2614258 ,https://police.lk/,
phone,pass,Published phone: 071-8591388 ,https://police.lk/,
phone,pass,Published phone: 071-8591413 ,https://police.lk/,
phone,pass,Published phone: 055-2273110 ,https://police.lk/,
phone,pass,Published phone: 071-8591159 ,https://police.lk/,
phone,pass,Published phone: 071-8591135 ,https://police.lk/,
phone,pass,Published phone: 071-8591571 ,https://police.lk/,
phone,pass,Published phone: 041-2281260 ,https://police.lk/,
phone,pass,Published phone: 071-8592136 ,https://police.lk/,
phone,pass,Published phone: 055-2271255 ,https://police.lk/,
phone,pass,Published phone: 011-2323677 ,https://police.lk/,
phone,pass,Published phone: 063-2240195 ,https://police.lk/,
phone,pass,Published phone: 047-2254224 ,https://police.lk/,
phone,pass,Published phone: 071-8592109 ,https://police.lk/,
phone,pass,Published phone: 071-8592806 ,https://police.lk/,
phone,pass,Published phone: 011-2405222 ,https://police.lk/,
phone,pass,Published phone: 071-8591478 ,https://police.lk/,
phone,pass,Published phone: 071-8592240 ,https://police.lk/,
phone,pass,Published phone: 071-8591698 ,https://police.lk/,
phone,pass,Published phone: 071-8591527 ,https://police.lk/,
phone,pass,Published phone: 071-8591673 ,https://police.lk/,
phone,pass,Published phone: 071-8591431 ,https://police.lk/,
phone,pass,Published phone: 065-3658910 ,https://police.lk/,
phone,pass,Published phone: 071-8591666 ,https://police.lk/,
phone,pass,Published phone: 071-8591165 ,https://police.lk/,
phone,pass,Published phone: 071-8592956 ,https://police.lk/,
phone,pass,Published phone: 071-8591402 ,https://police.lk/,
phone,pass,Published phone: 041-2268944 ,https://police.lk/,
phone,pass,Published phone: 071-8591604 ,https://police.lk/,
phone,pass,Published phone: 091-2260423 ,https://police.lk/,
phone,pass,Published phone: 031-2276338 ,https://police.lk/,
phone,pass,Published phone: 011-2400316 ,https://police.lk/,
phone,pass,Published phone: 071-8592929 ,https://police.lk/,
phone,pass,Published phone: 071-8591614 ,https://police.lk/,
phone,pass,Published phone: 067-2277239 ,https://police.lk/,
phone,pass,Published phone: 071-8592953 ,https://police.lk/,
phone,pass,Published phone: 034-2284023 ,https://police.lk/,
phone,pass,Published phone: 071-8592137 ,https://police.lk/,
phone,pass,Published phone: 011-2409922 ,https://police.lk/,
phone,pass,Published phone: 081-2300333 ,https://police.lk/,
phone,pass,Published phone: 071-8591487 ,https://police.lk/,
phone,pass,Published phone: 071-8591683 ,https://police.lk/,
phone,pass,Published phone: 055-2288114 ,https://police.lk/,
phone,pass,Published phone: 091-2283415 ,https://police.lk/,
phone,pass,Published phone: 091-2274568 ,https://police.lk/,
phone,pass,Published phone: 071-8592160 ,https://police.lk/,
phone,pass,Published phone: 026-2051812 ,https://police.lk/,
phone,pass,Published phone: 011-2252223 ,https://police.lk/,
phone,pass,Published phone: 071-8591389 ,https://police.lk/,
phone,pass,Published phone: 071-8591470 ,https://police.lk/,
phone,pass,Published phone: 071-8592789 ,https://police.lk/,
phone,pass,Published phone: 034-2269223 ,https://police.lk/,
phone,pass,Published phone: 047-2246226 ,https://police.lk/,
phone,pass,Published phone: 038-2297804 ,https://police.lk/,
phone,pass,Published phone: 071-8592108 ,https://police.lk/,
phone,pass,Published phone: 055-2222226 ,https://police.lk/,
phone,pass,Published phone: 071-8592152 ,https://police.lk/,
phone,pass,Published phone: 041-2286223 ,https://police.lk/,
phone,pass,Published phone: 071-8592764 ,https://police.lk/,
phone,pass,Published phone: 071-8592877 ,https://police.lk/,
phone,pass,Published phone: 071-8591652 ,https://police.lk/,
phone,pass,Published phone: 071-8591182 ,https://police.lk/,
phone,pass,Published phone: 071-8591059 ,https://police.lk/,
phone,pass,Published phone: 034-2261223 ,https://police.lk/,
phone,pass,Published phone: 071-8591152 ,https://police.lk/,
phone,pass,Published phone: 063-2222223 ,https://police.lk/,
phone,pass,Published phone: 071-8591644 ,https://police.lk/,
phone,pass,Published phone: 071-8591492 ,https://police.lk/,
phone,pass,Published phone: 071-8592807 ,https://police.lk/,
phone,pass,Published phone: 071-8592903 ,https://police.lk/,
phone,pass,Published phone: 071-8591687 ,https://police.lk/,
phone,pass,Published phone: 071-8591465 ,https://police.lk/,
phone,pass,Published phone: 057-2222226 ,https://police.lk/,
phone,pass,Published phone: 057-2051663 ,https://police.lk/,
phone,pass,Published phone: 034-2279966 ,https://police.lk/,
phone,pass,Published phone: 071-8591166 ,https://police.lk/,
phone,pass,Published phone: 057-2232727 ,https://police.lk/,
phone,pass,Published phone: 071-8591144 ,https://police.lk/,
phone,pass,Published phone: 026-2248221 ,https://police.lk/,
phone,pass,Published phone: 071-8591131 ,https://police.lk/,
phone,pass,Published phone: 034-2251420 ,https://police.lk/,
phone,pass,Published phone: 065-2224423 ,https://police.lk/,
phone,pass,Published phone: 071-8591505 ,https://police.lk/,
phone,pass,Published phone: 045-2255922 ,https://police.lk/,
phone,pass,Published phone: 071-8591440 ,https://police.lk/,
phone,pass,Published phone: 071-8591055 ,https://police.lk/,
phone,pass,Published phone: 045-2288743 ,https://police.lk/,
phone,pass,Published phone: 071-8591621 ,https://police.lk/,
phone,pass,Published phone: 034-2222751 ,https://police.lk/,
phone,pass,Published phone: 047-2238239 ,https://police.lk/,
phone,pass,Published phone: 055-2275220 ,https://police.lk/,
phone,pass,Published phone: 091-2292222 ,https://police.lk/,
phone,pass,Published phone: 071-8591513 ,https://police.lk/,
phone,pass,Published phone: 071-8591155 ,https://police.lk/,
phone,pass,Published phone: 011-2243494 ,https://police.lk/,
phone,pass,Published phone: 011-2854853 ,https://police.lk/,
phone,pass,Published phone: 026-2234909 ,https://police.lk/,
phone,pass,Published phone: 071-8591475 ,https://police.lk/,
phone,pass,Published phone: 071-8592765 ,https://police.lk/,
phone,pass,Published phone: 071-8591599 ,https://police.lk/,
phone,pass,Published phone: 071-8591393 ,https://police.lk/,
phone,pass,Published phone: 036-2270666 ,https://police.lk/,
phone,pass,Published phone: 071-8591503 ,https://police.lk/,
phone,pass,Published phone: 036-2253982 ,https://police.lk/,
phone,pass,Published phone: 071-8592777 ,https://police.lk/,
phone,pass,Published phone: 071-8591567 ,https://police.lk/,
phone,pass,Published phone: 071-8591502 ,https://police.lk/,
phone,pass,Published phone: 071-8591595 ,https://police.lk/,
phone,pass,Published phone: 071-8591148 ,https://police.lk/,
phone,pass,Published phone: 011-2693319 ,https://police.lk/,
phone,pass,Published phone: 071-8591442 ,https://police.lk/,
phone,pass,Published phone: 071-8591597 ,https://police.lk/,
phone,pass,Published phone: 071-8592950 ,https://police.lk/,
phone,pass,Published phone: 035-2222226 ,https://police.lk/,
phone,pass,Published phone: 011-2859110 ,https://police.lk/,
phone,pass,Published phone: 034-2271350 ,https://police.lk/,
phone,pass,Published phone: 071-8592138 ,https://police.lk/,
phone,pass,Published phone: 071-8591616 ,https://police.lk/,
phone,pass,Published phone: 047-2223223 ,https://police.lk/,
phone,pass,Published phone: 071-8591541 ,https://police.lk/,
phone,pass,Published phone: 036-2222380 ,https://police.lk/,
phone,pass,Published phone: 071-8592805 ,https://police.lk/,
phone,pass,Published phone: 071-8591561 ,https://police.lk/,
phone,pass,Published phone: 071-8591514 ,https://police.lk/,
phone,pass,Published phone: 071-8591681 ,https://police.lk/,
phone,pass,Published phone: 041-2250226 ,https://police.lk/,
phone,pass,Published phone: 071-8592938 ,https://police.lk/,
phone,pass,Published phone: 071-8591583 ,https://police.lk/,
phone,pass,Published phone: 041-2272223 ,https://police.lk/,
phone,pass,Published phone: 011-2588638 ,https://police.lk/,
phone,pass,Published phone: 011-2432635 ,https://police.lk/,
phone,pass,Published phone: 045-2262223 ,https://police.lk/,
phone,pass,Published phone: 071-8591409 ,https://police.lk/,
phone,pass,Published phone: 071-8592939 ,https://police.lk/,
phone,pass,Published phone: 071-8591437 ,https://police.lk/,
phone,pass,Published phone: 071-8591710 ,https://police.lk/,
phone,pass,Published phone: 036-2269126 ,https://police.lk/,
phone,pass,Published phone: 011-2705544 ,https://police.lk/,
phone,pass,Published phone: 026-2234722 ,https://police.lk/,
phone,pass,Published phone: 041-2271530 ,https://police.lk/,
phone,pass,Published phone: 071-8592142 ,https://police.lk/,
phone,pass,Published phone: 071-8591635 ,https://police.lk/,
phone,pass,Published phone: 071-8591623 ,https://police.lk/,
phone,pass,Published phone: 035-2283374 ,https://police.lk/,
phone,pass,Published phone: 071-8591407 ,https://police.lk/,
phone,pass,Published phone: 071-8591697 ,https://police.lk/,
phone,pass,Published phone: 071-8591194 ,https://police.lk/,
phone,pass,Published phone: 071-8592775 ,https://police.lk/,
phone,pass,Published phone: 071-8591449 ,https://police.lk/,
phone,pass,Published phone: 011-2384382 ,https://police.lk/,
phone,pass,Published phone: 071-8591645 ,https://police.lk/,
phone,pass,Published phone: 071-8591497 ,https://police.lk/,
phone,pass,Published phone: 071-8592132 ,https://police.lk/,
phone,pass,Published phone: 071-8592894 ,https://police.lk/,
phone,pass,Published phone: 041-2283530 ,https://police.lk/,
phone,pass,Published phone: 027-2250278 ,https://police.lk/,
phone,pass,Published phone: 011-2693377 ,https://police.lk/,
phone,pass,Published phone: 071-8591398 ,https://police.lk/,
phone,pass,Published phone: 033-2287223 ,https://police.lk/,
phone,pass,Published phone: 057-2287173 ,https://police.lk/,
phone,pass,Published phone: 071-8591198 ,https://police.lk/,
phone,pass,Published phone: 071-8591579 ,https://police.lk/,
phone,pass,Published phone: 045-2287422 ,https://police.lk/,
phone,pass,Published phone: 011-2236131 ,https://police.lk/,
phone,pass,Published phone: 071-8591466 ,https://police.lk/,
phone,pass,Published phone: 047-2227014 ,https://police.lk/,
phone,pass,Published phone: 071-8591498 ,https://police.lk/,
phone,pass,Published phone: 011-2295223 ,https://police.lk/,
phone,pass,Published phone: 071-8591648 ,https://police.lk/,
phone,pass,Published phone: 071-8592899 ,https://police.lk/,
phone,pass,Published phone: 071-8591501 ,https://police.lk/,
phone,pass,Published phone: 071-8591199 ,https://police.lk/,
phone,pass,Published phone: 065-2250044 ,https://police.lk/,
phone,pass,Published phone: 071-8591637 ,https://police.lk/,
phone,pass,Published phone: 071-8592768 ,https://police.lk/,
phone,pass,Published phone: 071-8592748 ,https://police.lk/,
phone,pass,Published phone: 071-8592954 ,https://police.lk/,
phone,pass,Published phone: 071-8591180 ,https://police.lk/,
phone,pass,Published phone: 071-8591582 ,https://police.lk/,
phone,pass,Published phone: 011-2957197 ,https://police.lk/,
phone,pass,Published phone: 047-2247202 ,https://police.lk/,
phone,pass,Published phone: 071-8592763 ,https://police.lk/,
phone,pass,Published phone: 071-8591406 ,https://police.lk/,
phone,pass,Published phone: 071-8595800 ,https://police.lk/,
phone,pass,Published phone: 071-8591138 ,https://police.lk/,
phone,pass,Published phone: 071-8591476 ,https://police.lk/,
phone,pass,Published phone: 011-2364860 ,https://police.lk/,
phone,pass,Published phone: 071-8591158 ,https://police.lk/,
phone,pass,Published phone: 045-2050382 ,https://police.lk/,
phone,pass,Published phone: 071-8591062 ,https://police.lk/,
phone,pass,Published phone: 071-8591451 ,https://police.lk/,
phone,pass,Published phone: 071-8592154 ,https://police.lk/,
phone,pass,Published phone: 033-2252600 ,https://police.lk/,
phone,pass,Published phone: 071-8591678 ,https://police.lk/,
phone,pass,Published phone: 011-2789249 ,https://police.lk/,
phone,pass,Published phone: 071-8591601 ,https://police.lk/,
phone,pass,Published phone: 071-8591429 ,https://police.lk/,
phone,pass,Published phone: 071-8591178 ,https://police.lk/,
phone,pass,Published phone: 011-2692888 ,https://police.lk/,
phone,pass,Published phone: 071-8591543 ,https://police.lk/,
phone,pass,Published phone: 011-2850700 ,https://police.lk/,
phone,pass,Published phone: 081-2461322 ,https://police.lk/,
phone,pass,Published phone: 071-8591448 ,https://police.lk/,
phone,pass,Published phone: 091-2291224 ,https://police.lk/,
phone,pass,Published phone: 047-2237223 ,https://police.lk/,
phone,pass,Published phone: 071-8591174 ,https://police.lk/,
phone,pass,Published phone: 071-8591477 ,https://police.lk/,
phone,pass,Published phone: 071-8592808 ,https://police.lk/,
phone,pass,Published phone: 071-8591705 ,https://police.lk/,
phone,pass,Published phone: 033-2225984 ,https://police.lk/,
phone,pass,Published phone: 071-8591519 ,https://police.lk/,
phone,pass,Published phone: 071-8592179 ,https://police.lk/,
phone,pass,Published phone: 045-2270488 ,https://police.lk/,
phone,pass,Published phone: 071-8591149 ,https://police.lk/,
phone,pass,Published phone: 071-8591176 ,https://police.lk/,
phone,pass,Published phone: 011-2436349 ,https://police.lk/,
phone,pass,Published phone: 071-8591385 ,https://police.lk/,
phone,pass,Published phone: 071-8591679 ,https://police.lk/,
phone,pass,Published phone: 041-2273710 ,https://police.lk/,
phone,pass,Published phone: 071-8591046 ,https://police.lk/,
phone,pass,Published phone: 071-8591439 ,https://police.lk/,
phone,pass,Published phone: 063-2242042 ,https://police.lk/,
phone,pass,Published phone: 071-8591507 ,https://police.lk/,
phone,pass,Published phone: 047-2240223 ,https://police.lk/,
phone,pass,Published phone: 047-2288222 ,https://police.lk/,
phone,pass,Published phone: 071-8591397 ,https://police.lk/,
phone,pass,Published phone: 047-2285022 ,https://police.lk/,
phone,pass,Published phone: 071-8591672 ,https://police.lk/,
phone,pass,Published phone: 031-2230889 ,https://police.lk/,
phone,pass,Published phone: 026-2222380 ,https://police.lk/,
phone,pass,Published phone: 071-8591611 ,https://police.lk/,
phone,pass,Published phone: 071-8591518 ,https://police.lk/,
phone,pass,Published phone: 071-8592933 ,https://police.lk/,
phone,pass,Published phone: 034-2244242 ,https://police.lk/,
phone,pass,Published phone: 071-8591418 ,https://police.lk/,
phone,pass,Published phone: 071-8591491 ,https://police.lk/,
phone,pass,Published phone: 011-2910608 ,https://police.lk/,
phone,pass,Published phone: 011-2328903 ,https://police.lk/,
phone,pass,Published phone: 055-2295988 ,https://police.lk/,
phone,pass,Published phone: 071-8591572 ,https://police.lk/,
phone,pass,Published phone: 091-2261822 ,https://police.lk/,
phone,pass,Published phone: 071-8591049 ,https://police.lk/,
phone,pass,Published phone: 071-8591450 ,https://police.lk/,
phone,pass,Published phone: 071-8592759 ,https://police.lk/,
phone,pass,Published phone: 071-8591633 ,https://police.lk/,
phone,pass,Published phone: 011-2487306 ,https://police.lk/,
phone,pass,Published phone: 011-2561202 ,https://police.lk/,
phone,pass,Published phone: 011-2384091 ,https://police.lk/,
phone,pass,Published phone: 065-2056305 ,https://police.lk/,
phone,pass,Published phone: 071-8592959 ,https://police.lk/,
phone,pass,Published phone: 071-8591615 ,https://police.lk/,
phone,pass,Published phone: 071-8591482 ,https://police.lk/,
phone,pass,Published phone: 055-2285023 ,https://police.lk/,
phone,pass,Published phone: 071-8591671 ,https://police.lk/,
phone,pass,Published phone: 011-2713322 ,https://police.lk/,
phone,pass,Published phone: 071-8591702 ,https://police.lk/,
phone,pass,Published phone: 038-2232576 ,https://police.lk/,
phone,pass,Published phone: 057-2268700 ,https://police.lk/,
phone,pass,Published phone: 071-8592948 ,https://police.lk/,
phone,pass,Published phone: 071-8591456 ,https://police.lk/,
phone,pass,Published phone: 071-8591153 ,https://police.lk/,
phone,pass,Published phone: 091-2264062 ,https://police.lk/,
phone,pass,Published phone: 071-8591140 ,https://police.lk/,
phone,pass,Published phone: 038-2284855 ,https://police.lk/,
phone,pass,Published phone: 071-8591536 ,https://police.lk/,
phone,pass,Published phone: 071-8592153 ,https://police.lk/,
phone,pass,Published phone: 071-8591593 ,https://police.lk/,
phone,pass,Published phone: 035-2265333 ,https://police.lk/,
phone,pass,Published phone: 071-8592812 ,https://police.lk/,
phone,pass,Published phone: 071-8591638 ,https://police.lk/,
phone,pass,Published phone: 055-3590676 ,https://police.lk/,
phone,pass,Published phone: 071-8591136 ,https://police.lk/,
phone,pass,Published phone: 071-8591653 ,https://police.lk/,
phone,pass,Published phone: 071-8591660 ,https://police.lk/,
phone,pass,Published phone: 071-8592156 ,https://police.lk/,
phone,pass,Published phone: 071-8591584 ,https://police.lk/,
phone,pass,Published phone: 071-8591464 ,https://police.lk/,
phone,pass,Published phone: 071-8591481 ,https://police.lk/,
phone,pass,Published phone: 071-8591655 ,https://police.lk/,
phone,pass,Published phone: 071-8592207 ,https://police.lk/,
phone,pass,Published phone: 055-2275522 ,https://police.lk/,
phone,pass,Published phone: 011-2914666 ,https://police.lk/,
phone,pass,Published phone: 071-8591419 ,https://police.lk/,
phone,pass,Published phone: 071-8592191 ,https://police.lk/,
phone,pass,Published phone: 035-2257116 ,https://police.lk/,
phone,pass,Published phone: 071-8591695 ,https://police.lk/,
phone,pass,Published phone: 034-2237841 ,https://police.lk/,
phone,pass,Published phone: 026-2244222 ,https://police.lk/,
phone,pass,Published phone: 065-2250233 ,https://police.lk/,
phone,pass,Published phone: 011-2415212 ,https://police.lk/,
phone,pass,Published phone: 071-8591190 ,https://police.lk/,
phone,pass,Published phone: 071-8591659 ,https://police.lk/,
phone,pass,Published phone: 071-8592180 ,https://police.lk/,
phone,pass,Published phone: 034-2222226 ,https://police.lk/,
phone,pass,Published phone: 034-2253253 ,https://police.lk/,
phone,pass,Published phone: 026-2256121 ,https://police.lk/,
phone,pass,Published phone: 065-2059365 ,https://police.lk/,
phone,pass,Published phone: 071-8592869 ,https://police.lk/,
phone,pass,Published phone: 045-2278210 ,https://police.lk/,
phone,pass,Published phone: 055-2274578 ,https://police.lk/,
phone,pass,Published phone: 071-8592143 ,https://police.lk/,
phone,pass,Published phone: 091-2234962 ,https://police.lk/,
phone,pass,Published phone: 071-8591506 ,https://police.lk/,
phone,pass,Published phone: 055-2258390 ,https://police.lk/,
phone,pass,Published phone: 071-8591438 ,https://police.lk/,
phone,pass,Published phone: 067-2260221 ,https://police.lk/,
phone,pass,Published phone: 081-2316995 ,https://police.lk/,
phone,pass,Published phone: 071-8591457 ,https://police.lk/,
phone,pass,Published phone: 071-8591050 ,https://police.lk/,
phone,pass,Published phone: 071-8591649 ,https://police.lk/,
phone,pass,Published phone: 011-2855211 ,https://police.lk/,
phone,pass,Published phone: 065-3646229 ,https://police.lk/,
phone,pass,Published phone: 071-8591185 ,https://police.lk/,
phone,pass,Published phone: 045-2280241 ,https://police.lk/,
phone,pass,Published phone: 047-2251157 ,https://police.lk/,
phone,pass,Published phone: 071-8591558 ,https://police.lk/,
phone,pass,Published phone: 071-8591415 ,https://police.lk/,
phone,pass,Published phone: 011-2695719 ,https://police.lk/,
phone,pass,Published phone: 071-8591657 ,https://police.lk/,
phone,pass,Published phone: 081-2460503 ,https://police.lk/,
phone,pass,Published phone: 071-8591545 ,https://police.lk/,
phone,pass,Published phone: 065-2248998 ,https://police.lk/,
phone,pass,Published phone: 071-8591630 ,https://police.lk/,
phone,pass,Published phone: 071-8592155 ,https://police.lk/,
phone,pass,Published phone: 071-8591625 ,https://police.lk/,
phone,pass,Published phone: 031-2247256 ,https://police.lk/,
phone,pass,Published phone: 011-2320131 ,https://police.lk/,
phone,pass,Published phone: 025-2255062 ,https://police.lk/,
phone,pass,Published phone: 071-8591618 ,https://police.lk/,
phone,pass,Published phone: 035-2247222 ,https://police.lk/,
phone,pass,Published phone: 071-8591150 ,https://police.lk/,
phone,pass,Published phone: 041-2245271 ,https://police.lk/,
phone,pass,Published phone: 071-8591682 ,https://police.lk/,
phone,pass,Published phone: 033-2267445 ,https://police.lk/,
phone,pass,Published phone: 071-8591157 ,https://police.lk/,
phone,pass,Published phone: 071-8591390 ,https://police.lk/,
phone,pass,Published phone: 071-8592904 ,https://police.lk/,
phone,pass,Published phone: 071-8591443 ,https://police.lk/,
phone,pass,Published phone: 011-2253524 ,https://police.lk/,
phone,pass,Published phone: 071-8591550 ,https://police.lk/,
phone,pass,Published phone: 071-8591612 ,https://police.lk/,
phone,pass,Published phone: 071-8592141 ,https://police.lk/,
phone,pass,Published phone: 033-2222226 ,https://police.lk/,
phone,pass,Published phone: 071-8591646 ,https://police.lk/,
phone,pass,Published phone: 011-2925258 ,https://police.lk/,
phone,pass,Published phone: 071-8591592 ,https://police.lk/,
phone,pass,Published phone: 071-8591486 ,https://police.lk/,
phone,pass,Published phone: 035-2267967 ,https://police.lk/,
phone,pass,Published phone: 071-8591499 ,https://police.lk/,
phone,pass,Published phone: 034-2247120 ,https://police.lk/,
phone,pass,Published phone: 033-2260911 ,https://police.lk/,
phone,pass,Published phone: 055-2285024 ,https://police.lk/,
phone,pass,Published phone: 071-8591631 ,https://police.lk/,
phone,pass,Published phone: 071-8591394 ,https://police.lk/,
phone,pass,Published phone: 071-8591537 ,https://police.lk/,
phone,pass,Published phone: 091-2283281 ,https://police.lk/,
phone,pass,Published phone: 071-8591515 ,https://police.lk/,
phone,pass,Published phone: 091-2255458 ,https://police.lk/,
phone,pass,Published phone: 071-8591530 ,https://police.lk/,
phone,pass,Published phone: 071-8591134 ,https://police.lk/,
phone,pass,Published phone: 071-8591528 ,https://police.lk/,
phone,pass,Published phone: 091-2292323 ,https://police.lk/,
phone,pass,Published phone: 071-8591403 ,https://police.lk/,
phone,pass,Published phone: 033-2052742 ,https://police.lk/,
phone,pass,Published phone: 071-8591163 ,https://police.lk/,
phone,pass,Published phone: 071-8592185 ,https://police.lk/,
phone,pass,Published phone: 035-2226699 ,https://police.lk/,
phone,pass,Published phone: 071-8591656 ,https://police.lk/,
phone,pass,Published phone: 071-8591414 ,https://police.lk/,
phone,pass,Published phone: 071-8591523 ,https://police.lk/,
phone,pass,Published phone: 071-8592878 ,https://police.lk/,
phone,pass,Published phone: 041-2259159 ,https://police.lk/,
phone,pass,Published phone: 071-8592905 ,https://police.lk/,
phone,pass,Published phone: 071-8591186 ,https://police.lk/,
phone,pass,Published phone: 071-8591694 ,https://police.lk/,
phone,pass,Published phone: 091-2267575 ,https://police.lk/,
phone,pass,Published phone: 071-8591471 ,https://police.lk/,
phone,pass,Published phone: 091-2286011 ,https://police.lk/,
phone,pass,Published phone: 071-8591707 ,https://police.lk/,
phone,pass,Published phone: 071-8591427 ,https://police.lk/,
phone,pass,Published phone: 071-8591587 ,https://police.lk/,
phone,pass,Published phone: 071-8591430 ,https://police.lk/,
phone,pass,Published phone: 071-8591421 ,https://police.lk/,
phone,pass,Published phone: 071-8591547 ,https://police.lk/,
phone,pass,Published phone: 071-8591168 ,https://police.lk/,
phone,pass,Published phone: 071-8591555 ,https://police.lk/,
phone,pass,Published phone: 071-8591539 ,https://police.lk/,
phone,pass,Published phone: 065-3647511 ,https://police.lk/,
phone,pass,Published phone: 045-2121543 ,https://police.lk/,
phone,pass,Published phone: 045-2222897 ,https://police.lk/,
phone,pass,Published phone: 071-8591664 ,https://police.lk/,
phone,pass,Published phone: 071-8592129 ,https://police.lk/,
phone,pass,Published phone: 011-2236895 ,https://police.lk/,
phone,pass,Published phone: 071-8592804 ,https://police.lk/,
phone,pass,Published phone: 071-8591468 ,https://police.lk/,
phone,pass,Published phone: 071-8591511 ,https://police.lk/,
phone,pass,Published phone: 071-8591462 ,https://police.lk/,
phone,pass,Published phone: 071-8591162 ,https://police.lk/,
phone,pass,Published phone: 071-8591549 ,https://police.lk/,
phone,pass,Published phone: 011-2150779 ,https://police.lk/,
phone,pass,Published phone: 011-2940977 ,https://police.lk/,
phone,pass,Published phone: 091-2258225 ,https://police.lk/,
phone,pass,Published phone: 071-8591619 ,https://police.lk/,
phone,pass,Published phone: 026-2234223 ,https://police.lk/,
phone,pass,Published phone: 081-2222304 ,https://police.lk/,
phone,pass,Published phone: 045-2246231 ,https://police.lk/,
phone,pass,Published phone: 071-8591405 ,https://police.lk/,
phone,pass,Published phone: 071-8592140 ,https://police.lk/,
phone,pass,Published phone: 047-2230223 ,https://police.lk/,
phone,pass,Published phone: 071-8591401 ,https://police.lk/,
phone,pass,Published phone: 071-8591586 ,https://police.lk/,
phone,pass,Published phone: 071-8591480 ,https://police.lk/,
phone,pass,Published phone: 041-2232001 ,https://police.lk/,
phone,pass,Published phone: 071-8591469 ,https://police.lk/,
phone,pass,Published phone: 071-8591445 ,https://police.lk/,
phone,pass,Published phone: 063-2244107 ,https://police.lk/,
phone,pass,Published phone: 071-8592809 ,https://police.lk/,
phone,pass,Published phone: 071-8591542 ,https://police.lk/,
phone,pass,Published phone: 041-2255277 ,https://police.lk/,
phone,pass,Published phone: 045-3451122 ,https://police.lk/,
phone,pass,Published phone: 071-8591051 ,https://police.lk/,
phone,pass,Published phone: 011-2435653 ,https://police.lk/,
phone,pass,Published phone: 071-8591444 ,https://police.lk/,
phone,pass,Published phone: 071-8592161 ,https://police.lk/,
phone,pass,Published phone: 071-8591191 ,https://police.lk/,
phone,pass,Published phone: 071-8592773 ,https://police.lk/,
phone,pass,Published phone: 071-8591573 ,https://police.lk/,
phone,pass,Published phone: 033-2287225 ,https://police.lk/,
phone,pass,Published phone: 071-8591575 ,https://police.lk/,
phone,pass,Published phone: 036-2262234 ,https://police.lk/,
phone,pass,Published phone: 071-8592139 ,https://police.lk/,
phone,pass,Published phone: 047-2231321 ,https://police.lk/,
phone,pass,Published phone: 071-8591526 ,https://police.lk/,
phone,pass,Published phone: 011-2514634 ,https://police.lk/,
phone,pass,Published phone: 026-2055990 ,https://police.lk/,
phone,pass,Published phone: 071-8591634 ,https://police.lk/,
phone,pass,Published phone: 011-2694019 ,https://police.lk/,
phone,pass,Published phone: 071-8591699 ,https://police.lk/,
phone,pass,Published phone: 071-8592159 ,https://police.lk/,
phone,pass,Published phone: 071-8591544 ,https://police.lk/,
phone,pass,Published phone: 011-2932222 ,https://police.lk/,
phone,pass,Published phone: 034-2282292 ,https://police.lk/,
phone,pass,Published phone: 011-2342041 ,https://police.lk/,
phone,pass,Published phone: 033-2256105 ,https://police.lk/,
phone,pass,Published phone: 071-8591576 ,https://police.lk/,
phone,pass,Published phone: 071-8591425 ,https://police.lk/,
phone,pass,Published phone: 047-2220223 ,https://police.lk/,
phone,pass,Published phone: 055-2295466 ,https://police.lk/,
phone,pass,Published phone: 026-2255031 ,https://police.lk/,
phone,pass,Published phone: 036-2287523 ,https://police.lk/,
phone,pass,Published phone: 071-8591624 ,https://police.lk/,
phone,pass,Published phone: 033-2274322 ,https://police.lk/,
phone,pass,Published phone: 071-8591132 ,https://police.lk/,
phone,pass,Published phone: 031-2224289 ,https://police.lk/,
phone,pass,Published phone: 071-8591557 ,https://police.lk/,
phone,pass,Published phone: 057-2280119 ,https://police.lk/,
phone,pass,Published phone: 071-8591691 ,https://police.lk/,
phone,pass,Published phone: 071-8591650 ,https://police.lk/,
phone,pass,Published phone: 071-8592145 ,https://police.lk/,
phone,pass,Published phone: 071-8591493 ,https://police.lk/,
phone,pass,Published phone: 071-8592767 ,https://police.lk/,
phone,pass,Published phone: 071-8591517 ,https://police.lk/,
phone,pass,Published phone: 071-8592760 ,https://police.lk/,
phone,pass,Published phone: 071-8591620 ,https://police.lk/,
phone,pass,Published phone: 071-8591685 ,https://police.lk/,
phone,pass,Published phone: 011-2691140 ,https://police.lk/,
phone,pass,Published phone: 071-8591668 ,https://police.lk/,
phone,pass,Published phone: 071-8592993 ,https://police.lk/,
phone,pass,Published phone: 071-8592134 ,https://police.lk/,
phone,pass,Published phone: 026-2222227 ,https://police.lk/,
phone,pass,Published phone: 091-2291226 ,https://police.lk/,
phone,pass,Published phone: 071-8591175 ,https://police.lk/,
phone,pass,Published phone: 047-2235223 ,https://police.lk/,
phone,pass,Published phone: 071-8591446 ,https://police.lk/,
phone,pass,Published phone: 071-8591568 ,https://police.lk/,
phone,pass,Published phone: 071-8591192 ,https://police.lk/,
phone,pass,Published phone: 011-2411131 ,https://police.lk/,
phone,pass,Published phone: 071-8591607 ,https://police.lk/,
phone,pass,Published phone: 071-8591580 ,https://police.lk/,
phone,pass,Published phone: 071-8591461 ,https://police.lk/,
phone,pass,Published phone: 071-8592752 ,https://police.lk/,
phone,pass,Published phone: 071-8591596 ,https://police.lk/,
phone,pass,Published phone: 057-2257850 ,https://police.lk/,
phone,pass,Published phone: 071-8592144 ,https://police.lk/,
phone,pass,Published phone: 071-8591417 ,https://police.lk/,
phone,pass,Published phone: 071-8592766 ,https://police.lk/,
phone,pass,Published phone: 036-2267522 ,https://police.lk/,
phone,pass,Published phone: 071-8591181 ,https://police.lk/,
phone,pass,Published phone: 071-8591588 ,https://police.lk/,
phone,pass,Published phone: 055-2276223 ,https://police.lk/,
phone,pass,Published phone: 011-2910494 ,https://police.lk/,
phone,pass,Published phone: 071-8592916 ,https://police.lk/,
phone,pass,Published phone: 071-8591669 ,https://police.lk/,
phone,pass,Published phone: 011-2853929 ,https://police.lk/,
phone,pass,Published phone: 071-8591169 ,https://police.lk/,
phone,pass,Published phone: 041-2292223 ,https://police.lk/,
phone,pass,Published phone: 047-2262227 ,https://police.lk/,
phone,pass,Published phone: 071-8591606 ,https://police.lk/,
phone,pass,Published phone: 033-2240050 ,https://police.lk/,
phone,pass,Published phone: 057-2244700 ,https://police.lk/,
phone,pass,Published phone: 035-2289882 ,https://police.lk/,
phone,pass,Published phone: 036-2255026 ,https://police.lk/,
phone,pass,Published phone: 071-8591455 ,https://police.lk/,
phone,pass,Published phone: 071-8591460 ,https://police.lk/,
phone,pass,Published phone: 071-8591161 ,https://police.lk/,
phone,pass,Published phone: 071-8591706 ,https://police.lk/,
phone,pass,Published phone: 071-8591391 ,https://police.lk/,
phone,pass,Published phone: 081-2369223 ,https://police.lk/,
phone,pass,Published phone: 071-8591179 ,https://police.lk/,
phone,pass,Published phone: 071-8591677 ,https://police.lk/,
phone,pass,Published phone: 038-2293922 ,https://police.lk/,
phone,pass,Published phone: 071-8592884 ,https://police.lk/,
phone,pass,Published phone: 026-2054552 ,https://police.lk/,
phone,pass,Published phone: 065-2224411 ,https://police.lk/,
phone,pass,Published phone: 071-8591195 ,https://police.lk/,
phone,pass,Published phone: 071-8592936 ,https://police.lk/,
phone,pass,Published phone: 011-2864060 ,https://police.lk/,
phone,pass,Published phone: 071-8591686 ,https://police.lk/,
phone,pass,Published phone: 071-8592935 ,https://police.lk/,
phone,pass,Published phone: 071-8591524 ,https://police.lk/,
phone,pass,Published phone: 071-8591426 ,https://police.lk/,
phone,pass,Published phone: 036-2258390 ,https://police.lk/,
phone,pass,Published phone: 071-8591563 ,https://police.lk/,
phone,pass,Published phone: 045-2279223 ,https://police.lk/,
phone,pass,Published phone: 071-8592133 ,https://police.lk/,
phone,pass,Published phone: 071-8591665 ,https://police.lk/,
phone,pass,Published phone: 071-8591548 ,https://police.lk/,
phone,pass,Published phone: 034-2252722 ,https://police.lk/,
phone,pass,Published phone: 071-8591639 ,https://police.lk/,
phone,pass,Published phone: 011-2583208 ,https://police.lk/,
phone,pass,Published phone: 071-8591603 ,https://police.lk/,
phone,pass,Published phone: 071-8591399 ,https://police.lk/,
phone,pass,Published phone: 071-8592186 ,https://police.lk/,
phone,pass,Published phone: 071-8592769 ,https://police.lk/,
phone,pass,Published phone: 011-2729622 ,https://police.lk/,
phone,pass,Published phone: 071-8591142 ,https://police.lk/,
named_responsibility,pass,Published named responsibility: director,https://police.lk/,
phone,pass,Published phone: 011-2436258 ,https://police.lk/,
phone,pass,Published phone: 071-8591703 ,https://police.lk/,
phone,pass,Published phone: 071-8591532 ,https://police.lk/,
phone,pass,Published phone: 071-8591184 ,https://police.lk/,
phone,pass,Published phone: 071-8591560 ,https://police.lk/,
phone,pass,Published phone: 037-2285811 ,https://police.lk/,
phone,pass,Published phone: 071-8592135 ,https://police.lk/,
phone,pass,Published phone: 026-2225822 ,https://police.lk/,
phone,pass,Published phone: 071-8591564 ,https://police.lk/,
phone,pass,Published phone: 071-8592906 ,https://police.lk/,
phone,pass,Published phone: 071-8591496 ,https://police.lk/,
phone,pass,Published phone: 026-2252622 ,https://police.lk/,
phone,pass,Published phone: 067-2250147 ,https://police.lk/,
phone,pass,Published phone: 071-8591196 ,https://police.lk/,
phone,pass,Published phone: 071-8592776 ,https://police.lk/,
phone,pass,Published phone: 041-2222727 ,https://police.lk/,
phone,pass,Published phone: 067-2229226 ,https://police.lk/,
phone,pass,Published phone: 071-8592949 ,https://police.lk/,
phone,pass,Published phone: 071-8591130 ,https://police.lk/,
phone,pass,Published phone: 071-8591570 ,https://police.lk/,
phone,pass,Published phone: 071-8591459 ,https://police.lk/,
phone,pass,Published phone: 071-8591538 ,https://police.lk/,
phone,pass,Published phone: 063-3634083 ,https://police.lk/,
phone,pass,Published phone: 071-8591556 ,https://police.lk/,
phone,pass,Published phone: 031-2227740 ,https://police.lk/,
phone,pass,Published phone: 071-8591386 ,https://police.lk/,
phone,pass,Published phone: 071-8591154 ,https://police.lk/,
phone,pass,Published phone: 041-2282323 ,https://police.lk/,
phone,pass,Published phone: 045-2240323 ,https://police.lk/,
phone,pass,Published phone: 071-8591432 ,https://police.lk/,
phone,pass,Published phone: 045-2227122 ,https://police.lk/,
phone,pass,Published phone: 071-8591436 ,https://police.lk/,
phone,pass,Published phone: 067-2221916 ,https://police.lk/,
phone,pass,Published phone: 071-8591395 ,https://police.lk/,
phone,pass,Published phone: 071-8591408 ,https://police.lk/,
phone,pass,Published phone: 071-8591143 ,https://police.lk/,
phone,pass,Published phone: 033-2278020 ,https://police.lk/,
phone,pass,Published phone: 011-2251475 ,https://police.lk/,
phone,pass,Published phone: 011-2523058 ,https://police.lk/,
phone,pass,Published phone: 033-2271416 ,https://police.lk/,
phone,pass,Published phone: 063-3733037 ,https://police.lk/,
phone,pass,Published phone: 071-8591494 ,https://police.lk/,
phone,pass,Published phone: 071-8591139 ,https://police.lk/,
phone,pass,Published phone: 065-2257347 ,https://police.lk/,
phone,pass,Published phone: 071-8592957 ,https://police.lk/,
phone,pass,Published phone: 057-2228850 ,https://police.lk/,
phone,pass,Published phone: 071-8591484 ,https://police.lk/,
phone,pass,Published phone: 026-2233223 ,https://police.lk/,
phone,pass,Published phone: 063-2052268 ,https://police.lk/,
phone,pass,Published phone: 071-8591600 ,https://police.lk/,
phone,pass,Published phone: 071-8591485 ,https://police.lk/,
phone,pass,Published phone: 041-2291348 ,https://police.lk/,
phone,pass,Published phone: 057-2229977 ,https://police.lk/,
phone,pass,Published phone: 071-8591701 ,https://police.lk/,
phone,pass,Published phone: 071-8591531 ,https://police.lk/,
phone,pass,Published phone: 011-2645215 ,https://police.lk/,
phone,pass,Published phone: 071-8591640 ,https://police.lk/,
phone,pass,Published phone: 065-2241700 ,https://police.lk/,
phone,pass,Published phone: 071-8591422 ,https://police.lk/,
phone,pass,Published phone: 071-8591692 ,https://police.lk/,
phone,pass,Published phone: 011-2614258 ,https://police.lk/,
phone,pass,Published phone: 071-8591388 ,https://police.lk/,
phone,pass,Published phone: 071-8591413 ,https://police.lk/,
phone,pass,Published phone: 055-2273110 ,https://police.lk/,
phone,pass,Published phone: 071-8591159 ,https://police.lk/,
phone,pass,Published phone: 071-8591135 ,https://police.lk/,
phone,pass,Published phone: 071-8591571 ,https://police.lk/,
phone,pass,Published phone: 041-2281260 ,https://police.lk/,
phone,pass,Published phone: 071-8592136 ,https://police.lk/,
phone,pass,Published phone: 055-2271255 ,https://police.lk/,
phone,pass,Published phone: 011-2323677 ,https://police.lk/,
phone,pass,Published phone: 063-2240195 ,https://police.lk/,
phone,pass,Published phone: 047-2254224 ,https://police.lk/,
phone,pass,Published phone: 071-8592109 ,https://police.lk/,
phone,pass,Published phone: 071-8592806 ,https://police.lk/,
phone,pass,Published phone: 011-2405222 ,https://police.lk/,
phone,pass,Published phone: 071-8591478 ,https://police.lk/,
phone,pass,Published phone: 071-8592240 ,https://police.lk/,
phone,pass,Published phone: 071-8591698 ,https://police.lk/,
phone,pass,Published phone: 071-8591527 ,https://police.lk/,
phone,pass,Published phone: 071-8591673 ,https://police.lk/,
phone,pass,Published phone: 071-8591431 ,https://police.lk/,
phone,pass,Published phone: 065-3658910 ,https://police.lk/,
phone,pass,Published phone: 071-8591666 ,https://police.lk/,
phone,pass,Published phone: 071-8591165 ,https://police.lk/,
phone,pass,Published phone: 071-8592956 ,https://police.lk/,
phone,pass,Published phone: 071-8591402 ,https://police.lk/,
phone,pass,Published phone: 041-2268944 ,https://police.lk/,
phone,pass,Published phone: 071-8591604 ,https://police.lk/,
phone,pass,Published phone: 091-2260423 ,https://police.lk/,
phone,pass,Published phone: 031-2276338 ,https://police.lk/,
phone,pass,Published phone: 011-2400316 ,https://police.lk/,
phone,pass,Published phone: 071-8592929 ,https://police.lk/,
phone,pass,Published phone: 071-8591614 ,https://police.lk/,
phone,pass,Published phone: 067-2277239 ,https://police.lk/,
phone,pass,Published phone: 071-8592953 ,https://police.lk/,
phone,pass,Published phone: 034-2284023 ,https://police.lk/,
phone,pass,Published phone: 071-8592137 ,https://police.lk/,
phone,pass,Published phone: 011-2409922 ,https://police.lk/,
phone,pass,Published phone: 081-2300333 ,https://police.lk/,
phone,pass,Published phone: 071-8591487 ,https://police.lk/,
phone,pass,Published phone: 071-8591683 ,https://police.lk/,
phone,pass,Published phone: 055-2288114 ,https://police.lk/,
phone,pass,Published phone: 091-2283415 ,https://police.lk/,
phone,pass,Published phone: 091-2274568 ,https://police.lk/,
phone,pass,Published phone: 071-8592160 ,https://police.lk/,
phone,pass,Published phone: 026-2051812 ,https://police.lk/,
phone,pass,Published phone: 011-2252223 ,https://police.lk/,
phone,pass,Published phone: 071-8591389 ,https://police.lk/,
phone,pass,Published phone: 071-8591470 ,https://police.lk/,
phone,pass,Published phone: 071-8592789 ,https://police.lk/,
phone,pass,Published phone: 034-2269223 ,https://police.lk/,
phone,pass,Published phone: 047-2246226 ,https://police.lk/,
phone,pass,Published phone: 038-2297804 ,https://police.lk/,
phone,pass,Published phone: 071-8592108 ,https://police.lk/,
phone,pass,Published phone: 055-2222226 ,https://police.lk/,
phone,pass,Published phone: 071-8592152 ,https://police.lk/,
phone,pass,Published phone: 041-2286223 ,https://police.lk/,
phone,pass,Published phone: 071-8592764 ,https://police.lk/,
phone,pass,Published phone: 071-8592877 ,https://police.lk/,
phone,pass,Published phone: 071-8591652 ,https://police.lk/,
phone,pass,Published phone: 071-8591182 ,https://police.lk/,
phone,pass,Published phone: 071-8591059 ,https://police.lk/,
phone,pass,Published phone: 034-2261223 ,https://police.lk/,
phone,pass,Published phone: 071-8591152 ,https://police.lk/,
phone,pass,Published phone: 063-2222223 ,https://police.lk/,
phone,pass,Published phone: 071-8591644 ,https://police.lk/,
phone,pass,Published phone: 071-8591492 ,https://police.lk/,
phone,pass,Published phone: 071-8592807 ,https://police.lk/,
phone,pass,Published phone: 071-8592903 ,https://police.lk/,
phone,pass,Published phone: 071-8591687 ,https://police.lk/,
phone,pass,Published phone: 071-8591465 ,https://police.lk/,
phone,pass,Published phone: 057-2222226 ,https://police.lk/,
phone,pass,Published phone: 057-2051663 ,https://police.lk/,
phone,pass,Published phone: 034-2279966 ,https://police.lk/,
phone,pass,Published phone: 071-8591166 ,https://police.lk/,
phone,pass,Published phone: 057-2232727 ,https://police.lk/,
phone,pass,Published phone: 071-8591144 ,https://police.lk/,
phone,pass,Published phone: 026-2248221 ,https://police.lk/,
phone,pass,Published phone: 071-8591131 ,https://police.lk/,
phone,pass,Published phone: 034-2251420 ,https://police.lk/,
phone,pass,Published phone: 065-2224423 ,https://police.lk/,
phone,pass,Published phone: 071-8591505 ,https://police.lk/,
phone,pass,Published phone: 045-2255922 ,https://police.lk/,
phone,pass,Published phone: 071-8591440 ,https://police.lk/,
phone,pass,Published phone: 071-8591055 ,https://police.lk/,
phone,pass,Published phone: 045-2288743 ,https://police.lk/,
phone,pass,Published phone: 071-8591621 ,https://police.lk/,
phone,pass,Published phone: 034-2222751 ,https://police.lk/,
phone,pass,Published phone: 047-2238239 ,https://police.lk/,
phone,pass,Published phone: 055-2275220 ,https://police.lk/,
phone,pass,Published phone: 091-2292222 ,https://police.lk/,
phone,pass,Published phone: 071-8591513 ,https://police.lk/,
phone,pass,Published phone: 071-8591155 ,https://police.lk/,
phone,pass,Published phone: 011-2243494 ,https://police.lk/,
phone,pass,Published phone: 011-2854853 ,https://police.lk/,
phone,pass,Published phone: 026-2234909 ,https://police.lk/,
phone,pass,Published phone: 071-8591475 ,https://police.lk/,
phone,pass,Published phone: 071-8592765 ,https://police.lk/,
phone,pass,Published phone: 071-8591599 ,https://police.lk/,
phone,pass,Published phone: 071-8591393 ,https://police.lk/,
phone,pass,Published phone: 036-2270666 ,https://police.lk/,
phone,pass,Published phone: 071-8591503 ,https://police.lk/,
phone,pass,Published phone: 036-2253982 ,https://police.lk/,
phone,pass,Published phone: 071-8592777 ,https://police.lk/,
phone,pass,Published phone: 071-8591567 ,https://police.lk/,
phone,pass,Published phone: 071-8591502 ,https://police.lk/,
phone,pass,Published phone: 071-8591595 ,https://police.lk/,
phone,pass,Published phone: 071-8591148 ,https://police.lk/,
phone,pass,Published phone: 011-2693319 ,https://police.lk/,
phone,pass,Published phone: 071-8591442 ,https://police.lk/,
phone,pass,Published phone: 071-8591597 ,https://police.lk/,
phone,pass,Published phone: 071-8592950 ,https://police.lk/,
phone,pass,Published phone: 035-2222226 ,https://police.lk/,
phone,pass,Published phone: 011-2859110 ,https://police.lk/,
phone,pass,Published phone: 034-2271350 ,https://police.lk/,
phone,pass,Published phone: 071-8592138 ,https://police.lk/,
phone,pass,Published phone: 071-8591616 ,https://police.lk/,
phone,pass,Published phone: 047-2223223 ,https://police.lk/,
phone,pass,Published phone: 071-8591541 ,https://police.lk/,
phone,pass,Published phone: 036-2222380 ,https://police.lk/,
phone,pass,Published phone: 071-8592805 ,https://police.lk/,
phone,pass,Published phone: 071-8591561 ,https://police.lk/,
phone,pass,Published phone: 071-8591514 ,https://police.lk/,
phone,pass,Published phone: 071-8591681 ,https://police.lk/,
phone,pass,Published phone: 041-2250226 ,https://police.lk/,
phone,pass,Published phone: 071-8592938 ,https://police.lk/,
phone,pass,Published phone: 071-8591583 ,https://police.lk/,
phone,pass,Published phone: 041-2272223 ,https://police.lk/,
phone,pass,Published phone: 011-2588638 ,https://police.lk/,
phone,pass,Published phone: 011-2432635 ,https://police.lk/,
phone,pass,Published phone: 045-2262223 ,https://police.lk/,
phone,pass,Published phone: 071-8591409 ,https://police.lk/,
phone,pass,Published phone: 071-8592939 ,https://police.lk/,
phone,pass,Published phone: 071-8591437 ,https://police.lk/,
phone,pass,Published phone: 071-8591710 ,https://police.lk/,
phone,pass,Published phone: 036-2269126 ,https://police.lk/,
phone,pass,Published phone: 011-2705544 ,https://police.lk/,
phone,pass,Published phone: 026-2234722 ,https://police.lk/,
phone,pass,Published phone: 041-2271530 ,https://police.lk/,
phone,pass,Published phone: 071-8592142 ,https://police.lk/,
phone,pass,Published phone: 071-8591635 ,https://police.lk/,
phone,pass,Published phone: 071-8591623 ,https://police.lk/,
phone,pass,Published phone: 035-2283374 ,https://police.lk/,
phone,pass,Published phone: 071-8591407 ,https://police.lk/,
phone,pass,Published phone: 071-8591697 ,https://police.lk/,
phone,pass,Published phone: 071-8591194 ,https://police.lk/,
phone,pass,Published phone: 071-8592775 ,https://police.lk/,
phone,pass,Published phone: 071-8591449 ,https://police.lk/,
phone,pass,Published phone: 011-2384382 ,https://police.lk/,
phone,pass,Published phone: 071-8591645 ,https://police.lk/,
phone,pass,Published phone: 071-8591497 ,https://police.lk/,
phone,pass,Published phone: 071-8592132 ,https://police.lk/,
phone,pass,Published phone: 071-8592894 ,https://police.lk/,
phone,pass,Published phone: 041-2283530 ,https://police.lk/,
phone,pass,Published phone: 027-2250278 ,https://police.lk/,
phone,pass,Published phone: 011-2693377 ,https://police.lk/,
phone,pass,Published phone: 071-8591398 ,https://police.lk/,
phone,pass,Published phone: 033-2287223 ,https://police.lk/,
phone,pass,Published phone: 057-2287173 ,https://police.lk/,
phone,pass,Published phone: 071-8591198 ,https://police.lk/,
phone,pass,Published phone: 071-8591579 ,https://police.lk/,
phone,pass,Published phone: 045-2287422 ,https://police.lk/,
phone,pass,Published phone: 011-2236131 ,https://police.lk/,
phone,pass,Published phone: 071-8591466 ,https://police.lk/,
phone,pass,Published phone: 047-2227014 ,https://police.lk/,
phone,pass,Published phone: 071-8591498 ,https://police.lk/,
phone,pass,Published phone: 011-2295223 ,https://police.lk/,
phone,pass,Published phone: 071-8591648 ,https://police.lk/,
phone,pass,Published phone: 071-8592899 ,https://police.lk/,
phone,pass,Published phone: 071-8591501 ,https://police.lk/,
phone,pass,Published phone: 071-8591199 ,https://police.lk/,
phone,pass,Published phone: 065-2250044 ,https://police.lk/,
phone,pass,Published phone: 071-8591637 ,https://police.lk/,
phone,pass,Published phone: 071-8592768 ,https://police.lk/,
phone,pass,Published phone: 071-8592748 ,https://police.lk/,
phone,pass,Published phone: 071-8592954 ,https://police.lk/,
phone,pass,Published phone: 071-8591180 ,https://police.lk/,
phone,pass,Published phone: 071-8591582 ,https://police.lk/,
phone,pass,Published phone: 011-2957197 ,https://police.lk/,
phone,pass,Published phone: 047-2247202 ,https://police.lk/,
phone,pass,Published phone: 071-8592763 ,https://police.lk/,
phone,pass,Published phone: 071-8591406 ,https://police.lk/,
phone,pass,Published phone: 071-8595800 ,https://police.lk/,
phone,pass,Published phone: 071-8591138 ,https://police.lk/,
phone,pass,Published phone: 071-8591476 ,https://police.lk/,
phone,pass,Published phone: 011-2364860 ,https://police.lk/,
phone,pass,Published phone: 071-8591158 ,https://police.lk/,
phone,pass,Published phone: 045-2050382 ,https://police.lk/,
phone,pass,Published phone: 071-8591062 ,https://police.lk/,
phone,pass,Published phone: 071-8591451 ,https://police.lk/,
phone,pass,Published phone: 071-8592154 ,https://police.lk/,
phone,pass,Published phone: 033-2252600 ,https://police.lk/,
phone,pass,Published phone: 071-8591678 ,https://police.lk/,
phone,pass,Published phone: 011-2789249 ,https://police.lk/,
phone,pass,Published phone: 071-8591601 ,https://police.lk/,
phone,pass,Published phone: 071-8591429 ,https://police.lk/,
phone,pass,Published phone: 071-8591178 ,https://police.lk/,
phone,pass,Published phone: 011-2692888 ,https://police.lk/,
phone,pass,Published phone: 071-8591543 ,https://police.lk/,
phone,pass,Published phone: 011-2850700 ,https://police.lk/,
phone,pass,Published phone: 081-2461322 ,https://police.lk/,
phone,pass,Published phone: 071-8591448 ,https://police.lk/,
phone,pass,Published phone: 091-2291224 ,https://police.lk/,
phone,pass,Published phone: 047-2237223 ,https://police.lk/,
phone,pass,Published phone: 071-8591174 ,https://police.lk/,
phone,pass,Published phone: 071-8591477 ,https://police.lk/,
phone,pass,Published phone: 071-8592808 ,https://police.lk/,
phone,pass,Published phone: 071-8591705 ,https://police.lk/,
phone,pass,Published phone: 033-2225984 ,https://police.lk/,
phone,pass,Published phone: 071-8591519 ,https://police.lk/,
phone,pass,Published phone: 071-8592179 ,https://police.lk/,
phone,pass,Published phone: 045-2270488 ,https://police.lk/,
phone,pass,Published phone: 071-8591149 ,https://police.lk/,
phone,pass,Published phone: 071-8591176 ,https://police.lk/,
phone,pass,Published phone: 011-2436349 ,https://police.lk/,
phone,pass,Published phone: 071-8591385 ,https://police.lk/,
phone,pass,Published phone: 071-8591679 ,https://police.lk/,
phone,pass,Published phone: 041-2273710 ,https://police.lk/,
phone,pass,Published phone: 071-8591046 ,https://police.lk/,
phone,pass,Published phone: 071-8591439 ,https://police.lk/,
phone,pass,Published phone: 063-2242042 ,https://police.lk/,
phone,pass,Published phone: 071-8591507 ,https://police.lk/,
phone,pass,Published phone: 047-2240223 ,https://police.lk/,
phone,pass,Published phone: 047-2288222 ,https://police.lk/,
phone,pass,Published phone: 071-8591397 ,https://police.lk/,
phone,pass,Published phone: 047-2285022 ,https://police.lk/,
phone,pass,Published phone: 071-8591672 ,https://police.lk/,
phone,pass,Published phone: 031-2230889 ,https://police.lk/,
phone,pass,Published phone: 026-2222380 ,https://police.lk/,
phone,pass,Published phone: 071-8591611 ,https://police.lk/,
phone,pass,Published phone: 071-8591518 ,https://police.lk/,
phone,pass,Published phone: 071-8592933 ,https://police.lk/,
phone,pass,Published phone: 034-2244242 ,https://police.lk/,
phone,pass,Published phone: 071-8591418 ,https://police.lk/,
phone,pass,Published phone: 071-8591491 ,https://police.lk/,
phone,pass,Published phone: 011-2910608 ,https://police.lk/,
phone,pass,Published phone: 011-2328903 ,https://police.lk/,
phone,pass,Published phone: 055-2295988 ,https://police.lk/,
phone,pass,Published phone: 071-8591572 ,https://police.lk/,
phone,pass,Published phone: 091-2261822 ,https://police.lk/,
phone,pass,Published phone: 071-8591049 ,https://police.lk/,
phone,pass,Published phone: 071-8591450 ,https://police.lk/,
phone,pass,Published phone: 071-8592759 ,https://police.lk/,
phone,pass,Published phone: 071-8591633 ,https://police.lk/,
phone,pass,Published phone: 011-2487306 ,https://police.lk/,
phone,pass,Published phone: 011-2561202 ,https://police.lk/,
phone,pass,Published phone: 011-2384091 ,https://police.lk/,
phone,pass,Published phone: 065-2056305 ,https://police.lk/,
phone,pass,Published phone: 071-8592959 ,https://police.lk/,
phone,pass,Published phone: 071-8591615 ,https://police.lk/,
phone,pass,Published phone: 071-8591482 ,https://police.lk/,
phone,pass,Published phone: 055-2285023 ,https://police.lk/,
phone,pass,Published phone: 071-8591671 ,https://police.lk/,
phone,pass,Published phone: 011-2713322 ,https://police.lk/,
phone,pass,Published phone: 071-8591702 ,https://police.lk/,
phone,pass,Published phone: 038-2232576 ,https://police.lk/,
phone,pass,Published phone: 057-2268700 ,https://police.lk/,
phone,pass,Published phone: 071-8592948 ,https://police.lk/,
phone,pass,Published phone: 071-8591456 ,https://police.lk/,
phone,pass,Published phone: 071-8591153 ,https://police.lk/,
phone,pass,Published phone: 091-2264062 ,https://police.lk/,
phone,pass,Published phone: 071-8591140 ,https://police.lk/,
phone,pass,Published phone: 038-2284855 ,https://police.lk/,
phone,pass,Published phone: 071-8591536 ,https://police.lk/,
phone,pass,Published phone: 071-8592153 ,https://police.lk/,
phone,pass,Published phone: 071-8591593 ,https://police.lk/,
phone,pass,Published phone: 035-2265333 ,https://police.lk/,
phone,pass,Published phone: 071-8592812 ,https://police.lk/,
phone,pass,Published phone: 071-8591638 ,https://police.lk/,
phone,pass,Published phone: 055-3590676 ,https://police.lk/,
phone,pass,Published phone: 071-8591136 ,https://police.lk/,
phone,pass,Published phone: 071-8591653 ,https://police.lk/,
phone,pass,Published phone: 071-8591660 ,https://police.lk/,
phone,pass,Published phone: 071-8592156 ,https://police.lk/,
phone,pass,Published phone: 071-8591584 ,https://police.lk/,
phone,pass,Published phone: 071-8591464 ,https://police.lk/,
phone,pass,Published phone: 071-8591481 ,https://police.lk/,
phone,pass,Published phone: 071-8591655 ,https://police.lk/,
phone,pass,Published phone: 071-8592207 ,https://police.lk/,
phone,pass,Published phone: 055-2275522 ,https://police.lk/,
phone,pass,Published phone: 011-2914666 ,https://police.lk/,
phone,pass,Published phone: 071-8591419 ,https://police.lk/,
phone,pass,Published phone: 071-8592191 ,https://police.lk/,
phone,pass,Published phone: 035-2257116 ,https://police.lk/,
phone,pass,Published phone: 071-8591695 ,https://police.lk/,
phone,pass,Published phone: 034-2237841 ,https://police.lk/,
phone,pass,Published phone: 026-2244222 ,https://police.lk/,
phone,pass,Published phone: 065-2250233 ,https://police.lk/,
phone,pass,Published phone: 011-2415212 ,https://police.lk/,
phone,pass,Published phone: 071-8591190 ,https://police.lk/,
phone,pass,Published phone: 071-8591659 ,https://police.lk/,
phone,pass,Published phone: 071-8592180 ,https://police.lk/,
phone,pass,Published phone: 034-2222226 ,https://police.lk/,
phone,pass,Published phone: 034-2253253 ,https://police.lk/,
phone,pass,Published phone: 026-2256121 ,https://police.lk/,
phone,pass,Published phone: 065-2059365 ,https://police.lk/,
phone,pass,Published phone: 071-8592869 ,https://police.lk/,
phone,pass,Published phone: 045-2278210 ,https://police.lk/,
phone,pass,Published phone: 055-2274578 ,https://police.lk/,
phone,pass,Published phone: 071-8592143 ,https://police.lk/,
phone,pass,Published phone: 091-2234962 ,https://police.lk/,
phone,pass,Published phone: 071-8591506 ,https://police.lk/,
phone,pass,Published phone: 055-2258390 ,https://police.lk/,
phone,pass,Published phone: 071-8591438 ,https://police.lk/,
phone,pass,Published phone: 067-2260221 ,https://police.lk/,
phone,pass,Published phone: 081-2316995 ,https://police.lk/,
phone,pass,Published phone: 071-8591457 ,https://police.lk/,
phone,pass,Published phone: 071-8591050 ,https://police.lk/,
phone,pass,Published phone: 071-8591649 ,https://police.lk/,
phone,pass,Published phone: 011-2855211 ,https://police.lk/,
phone,pass,Published phone: 065-3646229 ,https://police.lk/,
phone,pass,Published phone: 071-8591185 ,https://police.lk/,
phone,pass,Published phone: 045-2280241 ,https://police.lk/,
phone,pass,Published phone: 047-2251157 ,https://police.lk/,
phone,pass,Published phone: 071-8591558 ,https://police.lk/,
phone,pass,Published phone: 071-8591415 ,https://police.lk/,
phone,pass,Published phone: 011-2695719 ,https://police.lk/,
phone,pass,Published phone: 071-8591657 ,https://police.lk/,
phone,pass,Published phone: 081-2460503 ,https://police.lk/,
phone,pass,Published phone: 071-8591545 ,https://police.lk/,
phone,pass,Published phone: 065-2248998 ,https://police.lk/,
phone,pass,Published phone: 071-8591630 ,https://police.lk/,
phone,pass,Published phone: 071-8592155 ,https://police.lk/,
phone,pass,Published phone: 071-8591625 ,https://police.lk/,
phone,pass,Published phone: 031-2247256 ,https://police.lk/,
phone,pass,Published phone: 011-2320131 ,https://police.lk/,
phone,pass,Published phone: 025-2255062 ,https://police.lk/,
phone,pass,Published phone: 071-8591618 ,https://police.lk/,
phone,pass,Published phone: 035-2247222 ,https://police.lk/,
phone,pass,Published phone: 071-8591150 ,https://police.lk/,
phone,pass,Published phone: 041-2245271 ,https://police.lk/,
phone,pass,Published phone: 071-8591682 ,https://police.lk/,
phone,pass,Published phone: 033-2267445 ,https://police.lk/,
phone,pass,Published phone: 071-8591157 ,https://police.lk/,
phone,pass,Published phone: 071-8591390 ,https://police.lk/,
phone,pass,Published phone: 071-8592904 ,https://police.lk/,
phone,pass,Published phone: 071-8591443 ,https://police.lk/,
phone,pass,Published phone: 011-2253524 ,https://police.lk/,
phone,pass,Published phone: 071-8591550 ,https://police.lk/,
phone,pass,Published phone: 071-8591612 ,https://police.lk/,
phone,pass,Published phone: 071-8592141 ,https://police.lk/,
phone,pass,Published phone: 033-2222226 ,https://police.lk/,
phone,pass,Published phone: 071-8591646 ,https://police.lk/,
phone,pass,Published phone: 011-2925258 ,https://police.lk/,
phone,pass,Published phone: 071-8591592 ,https://police.lk/,
phone,pass,Published phone: 071-8591486 ,https://police.lk/,
phone,pass,Published phone: 035-2267967 ,https://police.lk/,
phone,pass,Published phone: 071-8591499 ,https://police.lk/,
phone,pass,Published phone: 034-2247120 ,https://police.lk/,
phone,pass,Published phone: 033-2260911 ,https://police.lk/,
phone,pass,Published phone: 055-2285024 ,https://police.lk/,
phone,pass,Published phone: 071-8591631 ,https://police.lk/,
phone,pass,Published phone: 071-8591394 ,https://police.lk/,
phone,pass,Published phone: 071-8591537 ,https://police.lk/,
phone,pass,Published phone: 091-2283281 ,https://police.lk/,
phone,pass,Published phone: 071-8591515 ,https://police.lk/,
phone,pass,Published phone: 091-2255458 ,https://police.lk/,
phone,pass,Published phone: 071-8591530 ,https://police.lk/,
phone,pass,Published phone: 071-8591134 ,https://police.lk/,
phone,pass,Published phone: 071-8591528 ,https://police.lk/,
phone,pass,Published phone: 091-2292323 ,https://police.lk/,
phone,pass,Published phone: 071-8591403 ,https://police.lk/,
phone,pass,Published phone: 033-2052742 ,https://police.lk/,
phone,pass,Published phone: 071-8591163 ,https://police.lk/,
phone,pass,Published phone: 071-8592185 ,https://police.lk/,
phone,pass,Published phone: 035-2226699 ,https://police.lk/,
phone,pass,Published phone: 071-8591656 ,https://police.lk/,
phone,pass,Published phone: 071-8591414 ,https://police.lk/,
phone,pass,Published phone: 071-8591523 ,https://police.lk/,
phone,pass,Published phone: 071-8592878 ,https://police.lk/,
phone,pass,Published phone: 041-2259159 ,https://police.lk/,
phone,pass,Published phone: 071-8592905 ,https://police.lk/,
phone,pass,Published phone: 071-8591186 ,https://police.lk/,
phone,pass,Published phone: 071-8591694 ,https://police.lk/,
phone,pass,Published phone: 091-2267575 ,https://police.lk/,
phone,pass,Published phone: 071-8591471 ,https://police.lk/,
phone,pass,Published phone: 091-2286011 ,https://police.lk/,
phone,pass,Published phone: 071-8591707 ,https://police.lk/,
phone,pass,Published phone: 071-8591427 ,https://police.lk/,
phone,pass,Published phone: 071-8591587 ,https://police.lk/,
phone,pass,Published phone: 071-8591430 ,https://police.lk/,
phone,pass,Published phone: 071-8591421 ,https://police.lk/,
phone,pass,Published phone: 071-8591547 ,https://police.lk/,
phone,pass,Published phone: 071-8591168 ,https://police.lk/,
phone,pass,Published phone: 071-8591555 ,https://police.lk/,
phone,pass,Published phone: 071-8591539 ,https://police.lk/,
phone,pass,Published phone: 065-3647511 ,https://police.lk/,
phone,pass,Published phone: 045-2121543 ,https://police.lk/,
phone,pass,Published phone: 045-2222897 ,https://police.lk/,
phone,pass,Published phone: 071-8591664 ,https://police.lk/,
phone,pass,Published phone: 071-8592129 ,https://police.lk/,
phone,pass,Published phone: 011-2236895 ,https://police.lk/,
phone,pass,Published phone: 071-8592804 ,https://police.lk/,
phone,pass,Published phone: 071-8591468 ,https://police.lk/,
phone,pass,Published phone: 071-8591511 ,https://police.lk/,
phone,pass,Published phone: 071-8591462 ,https://police.lk/,
phone,pass,Published phone: 071-8591162 ,https://police.lk/,
phone,pass,Published phone: 071-8591549 ,https://police.lk/,
phone,pass,Published phone: 011-2150779 ,https://police.lk/,
phone,pass,Published phone: 011-2940977 ,https://police.lk/,
phone,pass,Published phone: 091-2258225 ,https://police.lk/,
phone,pass,Published phone: 071-8591619 ,https://police.lk/,
phone,pass,Published phone: 026-2234223 ,https://police.lk/,
phone,pass,Published phone: 081-2222304 ,https://police.lk/,
phone,pass,Published phone: 045-2246231 ,https://police.lk/,
phone,pass,Published phone: 071-8591405 ,https://police.lk/,
phone,pass,Published phone: 071-8592140 ,https://police.lk/,
phone,pass,Published phone: 047-2230223 ,https://police.lk/,
phone,pass,Published phone: 071-8591401 ,https://police.lk/,
phone,pass,Published phone: 071-8591586 ,https://police.lk/,
phone,pass,Published phone: 071-8591480 ,https://police.lk/,
phone,pass,Published phone: 041-2232001 ,https://police.lk/,
phone,pass,Published phone: 071-8591469 ,https://police.lk/,
phone,pass,Published phone: 071-8591445 ,https://police.lk/,
phone,pass,Published phone: 063-2244107 ,https://police.lk/,
phone,pass,Published phone: 071-8592809 ,https://police.lk/,
phone,pass,Published phone: 071-8591542 ,https://police.lk/,
phone,pass,Published phone: 041-2255277 ,https://police.lk/,
phone,pass,Published phone: 045-3451122 ,https://police.lk/,
phone,pass,Published phone: 071-8591051 ,https://police.lk/,
phone,pass,Published phone: 011-2435653 ,https://police.lk/,
phone,pass,Published phone: 071-8591444 ,https://police.lk/,
phone,pass,Published phone: 071-8592161 ,https://police.lk/,
phone,pass,Published phone: 071-8591191 ,https://police.lk/,
phone,pass,Published phone: 071-8592773 ,https://police.lk/,
phone,pass,Published phone: 071-8591573 ,https://police.lk/,
phone,pass,Published phone: 033-2287225 ,https://police.lk/,
phone,pass,Published phone: 071-8591575 ,https://police.lk/,
phone,pass,Published phone: 036-2262234 ,https://police.lk/,
phone,pass,Published phone: 071-8592139 ,https://police.lk/,
phone,pass,Published phone: 047-2231321 ,https://police.lk/,
phone,pass,Published phone: 071-8591526 ,https://police.lk/,
phone,pass,Published phone: 011-2514634 ,https://police.lk/,
phone,pass,Published phone: 026-2055990 ,https://police.lk/,
phone,pass,Published phone: 071-8591634 ,https://police.lk/,
phone,pass,Published phone: 011-2694019 ,https://police.lk/,
phone,pass,Published phone: 071-8591699 ,https://police.lk/,
phone,pass,Published phone: 071-8592159 ,https://police.lk/,
phone,pass,Published phone: 071-8591544 ,https://police.lk/,
phone,pass,Published phone: 011-2932222 ,https://police.lk/,
phone,pass,Published phone: 034-2282292 ,https://police.lk/,
phone,pass,Published phone: 011-2342041 ,https://police.lk/,
phone,pass,Published phone: 033-2256105 ,https://police.lk/,
phone,pass,Published phone: 071-8591576 ,https://police.lk/,
phone,pass,Published phone: 071-8591425 ,https://police.lk/,
phone,pass,Published phone: 047-2220223 ,https://police.lk/,
phone,pass,Published phone: 055-2295466 ,https://police.lk/,
phone,pass,Published phone: 026-2255031 ,https://police.lk/,
phone,pass,Published phone: 036-2287523 ,https://police.lk/,
phone,pass,Published phone: 071-8591624 ,https://police.lk/,
phone,pass,Published phone: 033-2274322 ,https://police.lk/,
phone,pass,Published phone: 071-8591132 ,https://police.lk/,
phone,pass,Published phone: 031-2224289 ,https://police.lk/,
phone,pass,Published phone: 071-8591557 ,https://police.lk/,
phone,pass,Published phone: 057-2280119 ,https://police.lk/,
phone,pass,Published phone: 071-8591691 ,https://police.lk/,
phone,pass,Published phone: 071-8591650 ,https://police.lk/,
phone,pass,Published phone: 071-8592145 ,https://police.lk/,
phone,pass,Published phone: 071-8591493 ,https://police.lk/,
phone,pass,Published phone: 071-8592767 ,https://police.lk/,
phone,pass,Published phone: 071-8591517 ,https://police.lk/,
phone,pass,Published phone: 071-8592760 ,https://police.lk/,
phone,pass,Published phone: 071-8591620 ,https://police.lk/,
phone,pass,Published phone: 071-8591685 ,https://police.lk/,
phone,pass,Published phone: 011-2691140 ,https://police.lk/,
phone,pass,Published phone: 071-8591668 ,https://police.lk/,
phone,pass,Published phone: 071-8592993 ,https://police.lk/,
phone,pass,Published phone: 071-8592134 ,https://police.lk/,
phone,pass,Published phone: 026-2222227 ,https://police.lk/,
phone,pass,Published phone: 091-2291226 ,https://police.lk/,
phone,pass,Published phone: 071-8591175 ,https://police.lk/,
phone,pass,Published phone: 047-2235223 ,https://police.lk/,
phone,pass,Published phone: 071-8591446 ,https://police.lk/,
phone,pass,Published phone: 071-8591568 ,https://police.lk/,
phone,pass,Published phone: 071-8591192 ,https://police.lk/,
phone,pass,Published phone: 011-2411131 ,https://police.lk/,
phone,pass,Published phone: 071-8591607 ,https://police.lk/,
phone,pass,Published phone: 071-8591580 ,https://police.lk/,
phone,pass,Published phone: 071-8591461 ,https://police.lk/,
phone,pass,Published phone: 071-8592752 ,https://police.lk/,
phone,pass,Published phone: 071-8591596 ,https://police.lk/,
phone,pass,Published phone: 057-2257850 ,https://police.lk/,
phone,pass,Published phone: 071-8592144 ,https://police.lk/,
phone,pass,Published phone: 071-8591417 ,https://police.lk/,
phone,pass,Published phone: 071-8592766 ,https://police.lk/,
phone,pass,Published phone: 036-2267522 ,https://police.lk/,
phone,pass,Published phone: 071-8591181 ,https://police.lk/,
phone,pass,Published phone: 071-8591588 ,https://police.lk/,
phone,pass,Published phone: 055-2276223 ,https://police.lk/,
phone,pass,Published phone: 011-2910494 ,https://police.lk/,
phone,pass,Published phone: 071-8592916 ,https://police.lk/,
phone,pass,Published phone: 071-8591669 ,https://police.lk/,
phone,pass,Published phone: 011-2853929 ,https://police.lk/,
phone,pass,Published phone: 071-8591169 ,https://police.lk/,
phone,pass,Published phone: 041-2292223 ,https://police.lk/,
phone,pass,Published phone: 047-2262227 ,https://police.lk/,
phone,pass,Published phone: 071-8591606 ,https://police.lk/,
phone,pass,Published phone: 033-2240050 ,https://police.lk/,
phone,pass,Published phone: 057-2244700 ,https://police.lk/,
phone,pass,Published phone: 035-2289882 ,https://police.lk/,
phone,pass,Published phone: 036-2255026 ,https://police.lk/,
phone,pass,Published phone: 071-8591455 ,https://police.lk/,
phone,pass,Published phone: 071-8591460 ,https://police.lk/,
phone,pass,Published phone: 071-8591161 ,https://police.lk/,
phone,pass,Published phone: 071-8591706 ,https://police.lk/,
phone,pass,Published phone: 071-8591391 ,https://police.lk/,
phone,pass,Published phone: 081-2369223 ,https://police.lk/,
phone,pass,Published phone: 071-8591179 ,https://police.lk/,
phone,pass,Published phone: 071-8591677 ,https://police.lk/,
phone,pass,Published phone: 038-2293922 ,https://police.lk/,
phone,pass,Published phone: 071-8592884 ,https://police.lk/,
phone,pass,Published phone: 026-2054552 ,https://police.lk/,
phone,pass,Published phone: 065-2224411 ,https://police.lk/,
phone,pass,Published phone: 071-8591195 ,https://police.lk/,
phone,pass,Published phone: 071-8592936 ,https://police.lk/,
phone,pass,Published phone: 011-2864060 ,https://police.lk/,
phone,pass,Published phone: 071-8591686 ,https://police.lk/,
phone,pass,Published phone: 071-8592935 ,https://police.lk/,
phone,pass,Published phone: 071-8591524 ,https://police.lk/,
phone,pass,Published phone: 071-8591426 ,https://police.lk/,
phone,pass,Published phone: 036-2258390 ,https://police.lk/,
phone,pass,Published phone: 071-8591563 ,https://police.lk/,
phone,pass,Published phone: 045-2279223 ,https://police.lk/,
phone,pass,Published phone: 071-8592133 ,https://police.lk/,
phone,pass,Published phone: 071-8591665 ,https://police.lk/,
phone,pass,Published phone: 071-8591548 ,https://police.lk/,
phone,pass,Published phone: 034-2252722 ,https://police.lk/,
phone,pass,Published phone: 071-8591639 ,https://police.lk/,
phone,pass,Published phone: 011-2583208 ,https://police.lk/,
phone,pass,Published phone: 071-8591603 ,https://police.lk/,
phone,pass,Published phone: 071-8591399 ,https://police.lk/,
phone,pass,Published phone: 071-8592186 ,https://police.lk/,
phone,pass,Published phone: 071-8592769 ,https://police.lk/,
phone,pass,Published phone: 011-2729622 ,https://police.lk/,
phone,pass,Published phone: 071-8591142 ,https://police.lk/,
named_responsibility,pass,Published named responsibility: director,https://police.lk/,
phone,pass,Published phone: 011-2436258 ,https://police.lk/police-stations-map/,
phone,pass,Published phone: 071-8591703 ,https://police.lk/police-stations-map/,
phone,pass,Published phone: 071-8591532 ,https://police.lk/police-stations-map/,
phone,pass,Published phone: 071-8591184 ,https://police.lk/police-stations-map/,
phone,pass,Published phone: 071-8591560 ,https://police.lk/police-stations-map/,
phone,pass,Published phone: 037-2285811 ,https://police.lk/police-stations-map/,
phone,pass,Published phone: 071-8592135 ,https://police.lk/police-stations-map/,
phone,pass,Published phone: 026-2225822 ,https://police.lk/police-stations-map/,
phone,pass,Published phone: 071-8591564 ,https://police.lk/police-stations-map/,
phone,pass,Published phone: 071-8592906 ,https://police.lk/police-stations-map/,
phone,pass,Published phone: 071-8591496 ,https://police.lk/police-stations-map/,
phone,pass,Published phone: 026-2252622 ,https://police.lk/police-stations-map/,
phone,pass,Published phone: 067-2250147 ,https://police.lk/police-stations-map/,
phone,pass,Published phone: 071-8591196 ,https://police.lk/police-stations-map/,
phone,pass,Published phone: 071-8592776 ,https://police.lk/police-stations-map/,
phone,pass,Published phone: 041-2222727 ,https://police.lk/police-stations-map/,
phone,pass,Published phone: 067-2229226 ,https://police.lk/police-stations-map/,
phone,pass,Published phone: 071-8592949 ,https://police.lk/police-stations-map/,
phone,pass,Published phone: 071-8591130 ,https://police.lk/police-stations-map/,
phone,pass,Published phone: 071-8591570 ,https://police.lk/police-stations-map/,
phone,pass,Published phone: 071-8591459 ,https://police.lk/police-stations-map/,
phone,pass,Published phone: 071-8591538 ,https://police.lk/police-stations-map/,
phone,pass,Published phone: 063-3634083 ,https://police.lk/police-stations-map/,
phone,pass,Published phone: 071-8591556 ,https://police.lk/police-stations-map/,
phone,pass,Published phone: 031-2227740 ,https://police.lk/police-stations-map/,
phone,pass,Published phone: 071-8591386 ,https://police.lk/police-stations-map/,
phone,pass,Published phone: 071-8591154 ,https://police.lk/police-stations-map/,
phone,pass,Published phone: 041-2282323 ,https://police.lk/police-stations-map/,
phone,pass,Published phone: 045-2240323 ,https://police.lk/police-stations-map/,
phone,pass,Published phone: 071-8591432 ,https://police.lk/police-stations-map/,
phone,pass,Published phone: 045-2227122 ,https://police.lk/police-stations-map/,
phone,pass,Published phone: 071-8591436 ,https://police.lk/police-stations-map/,
phone,pass,Published phone: 067-2221916 ,https://police.lk/police-stations-map/,
phone,pass,Published phone: 071-8591395 ,https://police.lk/police-stations-map/,
phone,pass,Published phone: 071-8591408 ,https://police.lk/police-stations-map/,
phone,pass,Published phone: 071-8591143 ,https://police.lk/police-stations-map/,
phone,pass,Published phone: 033-2278020 ,https://police.lk/police-stations-map/,
phone,pass,Published phone: 011-2251475 ,https://police.lk/police-stations-map/,
phone,pass,Published phone: 011-2523058 ,https://police.lk/police-stations-map/,
phone,pass,Published phone: 033-2271416 ,https://police.lk/police-stations-map/,
phone,pass,Published phone: 063-3733037 ,https://police.lk/police-stations-map/,
phone,pass,Published phone: 071-8591494 ,https://police.lk/police-stations-map/,
phone,pass,Published phone: 071-8591139 ,https://police.lk/police-stations-map/,
phone,pass,Published phone: 065-2257347 ,https://police.lk/police-stations-map/,
phone,pass,Published phone: 071-8592957 ,https://police.lk/police-stations-map/,
phone,pass,Published phone: 057-2228850 ,https://police.lk/police-stations-map/,
phone,pass,Published phone: 071-8591484 ,https://police.lk/police-stations-map/,
phone,pass,Published phone: 026-2233223 ,https://police.lk/police-stations-map/,
phone,pass,Published phone: 063-2052268 ,https://police.lk/police-stations-map/,
phone,pass,Published phone: 071-8591600 ,https://police.lk/police-stations-map/,
phone,pass,Published phone: 071-8591485 ,https://police.lk/police-stations-map/,
phone,pass,Published phone: 041-2291348 ,https://police.lk/police-stations-map/,
phone,pass,Published phone: 057-2229977 ,https://police.lk/police-stations-map/,
phone,pass,Published phone: 071-8591701 ,https://police.lk/police-stations-map/,
phone,pass,Published phone: 071-8591531 ,https://police.lk/police-stations-map/,
phone,pass,Published phone: 011-2645215 ,https://police.lk/police-stations-map/,
phone,pass,Published phone: 071-8591640 ,https://police.lk/police-stations-map/,
phone,pass,Published phone: 065-2241700 ,https://police.lk/police-stations-map/,
phone,pass,Published phone: 071-8591422 ,https://police.lk/police-stations-map/,
phone,pass,Published phone: 071-8591692 ,https://police.lk/police-stations-map/,
phone,pass,Published phone: 011-2614258 ,https://police.lk/police-stations-map/,
phone,pass,Published phone: 071-8591388 ,https://police.lk/police-stations-map/,
phone,pass,Published phone: 071-8591413 ,https://police.lk/police-stations-map/,
phone,pass,Published phone: 055-2273110 ,https://police.lk/police-stations-map/,
phone,pass,Published phone: 071-8591159 ,https://police.lk/police-stations-map/,
phone,pass,Published phone: 071-8591135 ,https://police.lk/police-stations-map/,
phone,pass,Published phone: 071-8591571 ,https://police.lk/police-stations-map/,
phone,pass,Published phone: 041-2281260 ,https://police.lk/police-stations-map/,
phone,pass,Published phone: 071-8592136 ,https://police.lk/police-stations-map/,
phone,pass,Published phone: 055-2271255 ,https://police.lk/police-stations-map/,
phone,pass,Published phone: 011-2323677 ,https://police.lk/police-stations-map/,
phone,pass,Published phone: 063-2240195 ,https://police.lk/police-stations-map/,
phone,pass,Published phone: 047-2254224 ,https://police.lk/police-stations-map/,
phone,pass,Published phone: 071-8592109 ,https://police.lk/police-stations-map/,
phone,pass,Published phone: 071-8592806 ,https://police.lk/police-stations-map/,
phone,pass,Published phone: 011-2405222 ,https://police.lk/police-stations-map/,
phone,pass,Published phone: 071-8591478 ,https://police.lk/police-stations-map/,
phone,pass,Published phone: 071-8592240 ,https://police.lk/police-stations-map/,
phone,pass,Published phone: 071-8591698 ,https://police.lk/police-stations-map/,
phone,pass,Published phone: 071-8591527 ,https://police.lk/police-stations-map/,
phone,pass,Published phone: 071-8591673 ,https://police.lk/police-stations-map/,
phone,pass,Published phone: 071-8591431 ,https://police.lk/police-stations-map/,
phone,pass,Published phone: 065-3658910 ,https://police.lk/police-stations-map/,
phone,pass,Published phone: 071-8591666 ,https://police.lk/police-stations-map/,
phone,pass,Published phone: 071-8591165 ,https://police.lk/police-stations-map/,
phone,pass,Published phone: 071-8592956 ,https://police.lk/police-stations-map/,
phone,pass,Published phone: 071-8591402 ,https://police.lk/police-stations-map/,
phone,pass,Published phone: 041-2268944 ,https://police.lk/police-stations-map/,
phone,pass,Published phone: 071-8591604 ,https://police.lk/police-stations-map/,
phone,pass,Published phone: 091-2260423 ,https://police.lk/police-stations-map/,
phone,pass,Published phone: 031-2276338 ,https://police.lk/police-stations-map/,
phone,pass,Published phone: 011-2400316 ,https://police.lk/police-stations-map/,
phone,pass,Published phone: 071-8592929 ,https://police.lk/police-stations-map/,
phone,pass,Published phone: 071-8591614 ,https://police.lk/police-stations-map/,
phone,pass,Published phone: 067-2277239 ,https://police.lk/police-stations-map/,
phone,pass,Published phone: 071-8592953 ,https://police.lk/police-stations-map/,
phone,pass,Published phone: 034-2284023 ,https://police.lk/police-stations-map/,
phone,pass,Published phone: 071-8592137 ,https://police.lk/police-stations-map/,
phone,pass,Published phone: 011-2409922 ,https://police.lk/police-stations-map/,
phone,pass,Published phone: 081-2300333 ,https://police.lk/police-stations-map/,
phone,pass,Published phone: 071-8591487 ,https://police.lk/police-stations-map/,
phone,pass,Published phone: 071-8591683 ,https://police.lk/police-stations-map/,
phone,pass,Published phone: 055-2288114 ,https://police.lk/police-stations-map/,
phone,pass,Published phone: 091-2283415 ,https://police.lk/police-stations-map/,
phone,pass,Published phone: 091-2274568 ,https://police.lk/police-stations-map/,
phone,pass,Published phone: 071-8592160 ,https://police.lk/police-stations-map/,
phone,pass,Published phone: 026-2051812 ,https://police.lk/police-stations-map/,
phone,pass,Published phone: 011-2252223 ,https://police.lk/police-stations-map/,
phone,pass,Published phone: 071-8591389 ,https://police.lk/police-stations-map/,
phone,pass,Published phone: 071-8591470 ,https://police.lk/police-stations-map/,
phone,pass,Published phone: 071-8592789 ,https://police.lk/police-stations-map/,
phone,pass,Published phone: 034-2269223 ,https://police.lk/police-stations-map/,
phone,pass,Published phone: 047-2246226 ,https://police.lk/police-stations-map/,
phone,pass,Published phone: 038-2297804 ,https://police.lk/police-stations-map/,
phone,pass,Published phone: 071-8592108 ,https://police.lk/police-stations-map/,
phone,pass,Published phone: 055-2222226 ,https://police.lk/police-stations-map/,
phone,pass,Published phone: 071-8592152 ,https://police.lk/police-stations-map/,
phone,pass,Published phone: 041-2286223 ,https://police.lk/police-stations-map/,
phone,pass,Published phone: 071-8592764 ,https://police.lk/police-stations-map/,
phone,pass,Published phone: 071-8592877 ,https://police.lk/police-stations-map/,
phone,pass,Published phone: 071-8591652 ,https://police.lk/police-stations-map/,
phone,pass,Published phone: 071-8591182 ,https://police.lk/police-stations-map/,
phone,pass,Published phone: 071-8591059 ,https://police.lk/police-stations-map/,
phone,pass,Published phone: 034-2261223 ,https://police.lk/police-stations-map/,
phone,pass,Published phone: 071-8591152 ,https://police.lk/police-stations-map/,
phone,pass,Published phone: 063-2222223 ,https://police.lk/police-stations-map/,
phone,pass,Published phone: 071-8591644 ,https://police.lk/police-stations-map/,
phone,pass,Published phone: 071-8591492 ,https://police.lk/police-stations-map/,
phone,pass,Published phone: 071-8592807 ,https://police.lk/police-stations-map/,
phone,pass,Published phone: 071-8592903 ,https://police.lk/police-stations-map/,
phone,pass,Published phone: 071-8591687 ,https://police.lk/police-stations-map/,
phone,pass,Published phone: 071-8591465 ,https://police.lk/police-stations-map/,
phone,pass,Published phone: 057-2222226 ,https://police.lk/police-stations-map/,
phone,pass,Published phone: 057-2051663 ,https://police.lk/police-stations-map/,
phone,pass,Published phone: 034-2279966 ,https://police.lk/police-stations-map/,
phone,pass,Published phone: 071-8591166 ,https://police.lk/police-stations-map/,
phone,pass,Published phone: 057-2232727 ,https://police.lk/police-stations-map/,
phone,pass,Published phone: 071-8591144 ,https://police.lk/police-stations-map/,
phone,pass,Published phone: 026-2248221 ,https://police.lk/police-stations-map/,
phone,pass,Published phone: 071-8591131 ,https://police.lk/police-stations-map/,
phone,pass,Published phone: 034-2251420 ,https://police.lk/police-stations-map/,
phone,pass,Published phone: 065-2224423 ,https://police.lk/police-stations-map/,
phone,pass,Published phone: 071-8591505 ,https://police.lk/police-stations-map/,
phone,pass,Published phone: 045-2255922 ,https://police.lk/police-stations-map/,
phone,pass,Published phone: 071-8591440 ,https://police.lk/police-stations-map/,
phone,pass,Published phone: 071-8591055 ,https://police.lk/police-stations-map/,
phone,pass,Published phone: 045-2288743 ,https://police.lk/police-stations-map/,
phone,pass,Published phone: 071-8591621 ,https://police.lk/police-stations-map/,
phone,pass,Published phone: 034-2222751 ,https://police.lk/police-stations-map/,
phone,pass,Published phone: 047-2238239 ,https://police.lk/police-stations-map/,
phone,pass,Published phone: 055-2275220 ,https://police.lk/police-stations-map/,
phone,pass,Published phone: 091-2292222 ,https://police.lk/police-stations-map/,
phone,pass,Published phone: 071-8591513 ,https://police.lk/police-stations-map/,
phone,pass,Published phone: 071-8591155 ,https://police.lk/police-stations-map/,
phone,pass,Published phone: 011-2243494 ,https://police.lk/police-stations-map/,
phone,pass,Published phone: 011-2854853 ,https://police.lk/police-stations-map/,
phone,pass,Published phone: 026-2234909 ,https://police.lk/police-stations-map/,
phone,pass,Published phone: 071-8591475 ,https://police.lk/police-stations-map/,
phone,pass,Published phone: 071-8592765 ,https://police.lk/police-stations-map/,
phone,pass,Published phone: 071-8591599 ,https://police.lk/police-stations-map/,
phone,pass,Published phone: 071-8591393 ,https://police.lk/police-stations-map/,
phone,pass,Published phone: 036-2270666 ,https://police.lk/police-stations-map/,
phone,pass,Published phone: 071-8591503 ,https://police.lk/police-stations-map/,
phone,pass,Published phone: 036-2253982 ,https://police.lk/police-stations-map/,
phone,pass,Published phone: 071-8592777 ,https://police.lk/police-stations-map/,
phone,pass,Published phone: 071-8591567 ,https://police.lk/police-stations-map/,
phone,pass,Published phone: 071-8591502 ,https://police.lk/police-stations-map/,
phone,pass,Published phone: 071-8591595 ,https://police.lk/police-stations-map/,
phone,pass,Published phone: 071-8591148 ,https://police.lk/police-stations-map/,
phone,pass,Published phone: 011-2693319 ,https://police.lk/police-stations-map/,
phone,pass,Published phone: 071-8591442 ,https://police.lk/police-stations-map/,
phone,pass,Published phone: 071-8591597 ,https://police.lk/police-stations-map/,
phone,pass,Published phone: 071-8592950 ,https://police.lk/police-stations-map/,
phone,pass,Published phone: 035-2222226 ,https://police.lk/police-stations-map/,
phone,pass,Published phone: 011-2859110 ,https://police.lk/police-stations-map/,
phone,pass,Published phone: 034-2271350 ,https://police.lk/police-stations-map/,
phone,pass,Published phone: 071-8592138 ,https://police.lk/police-stations-map/,
phone,pass,Published phone: 071-8591616 ,https://police.lk/police-stations-map/,
phone,pass,Published phone: 047-2223223 ,https://police.lk/police-stations-map/,
phone,pass,Published phone: 071-8591541 ,https://police.lk/police-stations-map/,
phone,pass,Published phone: 036-2222380 ,https://police.lk/police-stations-map/,
phone,pass,Published phone: 071-8592805 ,https://police.lk/police-stations-map/,
phone,pass,Published phone: 071-8591561 ,https://police.lk/police-stations-map/,
phone,pass,Published phone: 071-8591514 ,https://police.lk/police-stations-map/,
phone,pass,Published phone: 071-8591681 ,https://police.lk/police-stations-map/,
phone,pass,Published phone: 041-2250226 ,https://police.lk/police-stations-map/,
phone,pass,Published phone: 071-8592938 ,https://police.lk/police-stations-map/,
phone,pass,Published phone: 071-8591583 ,https://police.lk/police-stations-map/,
phone,pass,Published phone: 041-2272223 ,https://police.lk/police-stations-map/,
phone,pass,Published phone: 011-2588638 ,https://police.lk/police-stations-map/,
phone,pass,Published phone: 011-2432635 ,https://police.lk/police-stations-map/,
phone,pass,Published phone: 045-2262223 ,https://police.lk/police-stations-map/,
phone,pass,Published phone: 071-8591409 ,https://police.lk/police-stations-map/,
phone,pass,Published phone: 071-8592939 ,https://police.lk/police-stations-map/,
phone,pass,Published phone: 071-8591437 ,https://police.lk/police-stations-map/,
phone,pass,Published phone: 071-8591710 ,https://police.lk/police-stations-map/,
phone,pass,Published phone: 036-2269126 ,https://police.lk/police-stations-map/,
phone,pass,Published phone: 011-2705544 ,https://police.lk/police-stations-map/,
phone,pass,Published phone: 026-2234722 ,https://police.lk/police-stations-map/,
phone,pass,Published phone: 041-2271530 ,https://police.lk/police-stations-map/,
phone,pass,Published phone: 071-8592142 ,https://police.lk/police-stations-map/,
phone,pass,Published phone: 071-8591635 ,https://police.lk/police-stations-map/,
phone,pass,Published phone: 071-8591623 ,https://police.lk/police-stations-map/,
phone,pass,Published phone: 035-2283374 ,https://police.lk/police-stations-map/,
phone,pass,Published phone: 071-8591407 ,https://police.lk/police-stations-map/,
phone,pass,Published phone: 071-8591697 ,https://police.lk/police-stations-map/,
phone,pass,Published phone: 071-8591194 ,https://police.lk/police-stations-map/,
phone,pass,Published phone: 071-8592775 ,https://police.lk/police-stations-map/,
phone,pass,Published phone: 071-8591449 ,https://police.lk/police-stations-map/,
phone,pass,Published phone: 011-2384382 ,https://police.lk/police-stations-map/,
phone,pass,Published phone: 071-8591645 ,https://police.lk/police-stations-map/,
phone,pass,Published phone: 071-8591497 ,https://police.lk/police-stations-map/,
phone,pass,Published phone: 071-8592132 ,https://police.lk/police-stations-map/,
phone,pass,Published phone: 071-8592894 ,https://police.lk/police-stations-map/,
phone,pass,Published phone: 041-2283530 ,https://police.lk/police-stations-map/,
phone,pass,Published phone: 027-2250278 ,https://police.lk/police-stations-map/,
phone,pass,Published phone: 011-2693377 ,https://police.lk/police-stations-map/,
phone,pass,Published phone: 071-8591398 ,https://police.lk/police-stations-map/,
phone,pass,Published phone: 033-2287223 ,https://police.lk/police-stations-map/,
phone,pass,Published phone: 057-2287173 ,https://police.lk/police-stations-map/,
phone,pass,Published phone: 071-8591198 ,https://police.lk/police-stations-map/,
phone,pass,Published phone: 071-8591579 ,https://police.lk/police-stations-map/,
phone,pass,Published phone: 045-2287422 ,https://police.lk/police-stations-map/,
phone,pass,Published phone: 011-2236131 ,https://police.lk/police-stations-map/,
phone,pass,Published phone: 071-8591466 ,https://police.lk/police-stations-map/,
phone,pass,Published phone: 047-2227014 ,https://police.lk/police-stations-map/,
phone,pass,Published phone: 071-8591498 ,https://police.lk/police-stations-map/,
phone,pass,Published phone: 011-2295223 ,https://police.lk/police-stations-map/,
phone,pass,Published phone: 071-8591648 ,https://police.lk/police-stations-map/,
phone,pass,Published phone: 071-8592899 ,https://police.lk/police-stations-map/,
phone,pass,Published phone: 071-8591501 ,https://police.lk/police-stations-map/,
phone,pass,Published phone: 071-8591199 ,https://police.lk/police-stations-map/,
phone,pass,Published phone: 065-2250044 ,https://police.lk/police-stations-map/,
phone,pass,Published phone: 071-8591637 ,https://police.lk/police-stations-map/,
phone,pass,Published phone: 071-8592768 ,https://police.lk/police-stations-map/,
phone,pass,Published phone: 071-8592748 ,https://police.lk/police-stations-map/,
phone,pass,Published phone: 071-8592954 ,https://police.lk/police-stations-map/,
phone,pass,Published phone: 071-8591180 ,https://police.lk/police-stations-map/,
phone,pass,Published phone: 071-8591582 ,https://police.lk/police-stations-map/,
phone,pass,Published phone: 011-2957197 ,https://police.lk/police-stations-map/,
phone,pass,Published phone: 047-2247202 ,https://police.lk/police-stations-map/,
phone,pass,Published phone: 071-8592763 ,https://police.lk/police-stations-map/,
phone,pass,Published phone: 071-8591406 ,https://police.lk/police-stations-map/,
phone,pass,Published phone: 071-8595800 ,https://police.lk/police-stations-map/,
phone,pass,Published phone: 071-8591138 ,https://police.lk/police-stations-map/,
phone,pass,Published phone: 071-8591476 ,https://police.lk/police-stations-map/,
phone,pass,Published phone: 011-2364860 ,https://police.lk/police-stations-map/,
phone,pass,Published phone: 071-8591158 ,https://police.lk/police-stations-map/,
phone,pass,Published phone: 045-2050382 ,https://police.lk/police-stations-map/,
phone,pass,Published phone: 071-8591062 ,https://police.lk/police-stations-map/,
phone,pass,Published phone: 071-8591451 ,https://police.lk/police-stations-map/,
phone,pass,Published phone: 071-8592154 ,https://police.lk/police-stations-map/,
phone,pass,Published phone: 033-2252600 ,https://police.lk/police-stations-map/,
phone,pass,Published phone: 071-8591678 ,https://police.lk/police-stations-map/,
phone,pass,Published phone: 011-2789249 ,https://police.lk/police-stations-map/,
phone,pass,Published phone: 071-8591601 ,https://police.lk/police-stations-map/,
phone,pass,Published phone: 071-8591429 ,https://police.lk/police-stations-map/,
phone,pass,Published phone: 071-8591178 ,https://police.lk/police-stations-map/,
phone,pass,Published phone: 011-2692888 ,https://police.lk/police-stations-map/,
phone,pass,Published phone: 071-8591543 ,https://police.lk/police-stations-map/,
phone,pass,Published phone: 011-2850700 ,https://police.lk/police-stations-map/,
phone,pass,Published phone: 081-2461322 ,https://police.lk/police-stations-map/,
phone,pass,Published phone: 071-8591448 ,https://police.lk/police-stations-map/,
phone,pass,Published phone: 091-2291224 ,https://police.lk/police-stations-map/,
phone,pass,Published phone: 047-2237223 ,https://police.lk/police-stations-map/,
phone,pass,Published phone: 071-8591174 ,https://police.lk/police-stations-map/,
phone,pass,Published phone: 071-8591477 ,https://police.lk/police-stations-map/,
phone,pass,Published phone: 071-8592808 ,https://police.lk/police-stations-map/,
phone,pass,Published phone: 071-8591705 ,https://police.lk/police-stations-map/,
phone,pass,Published phone: 033-2225984 ,https://police.lk/police-stations-map/,
phone,pass,Published phone: 071-8591519 ,https://police.lk/police-stations-map/,
phone,pass,Published phone: 071-8592179 ,https://police.lk/police-stations-map/,
phone,pass,Published phone: 045-2270488 ,https://police.lk/police-stations-map/,
phone,pass,Published phone: 071-8591149 ,https://police.lk/police-stations-map/,
phone,pass,Published phone: 071-8591176 ,https://police.lk/police-stations-map/,
phone,pass,Published phone: 011-2436349 ,https://police.lk/police-stations-map/,
phone,pass,Published phone: 071-8591385 ,https://police.lk/police-stations-map/,
phone,pass,Published phone: 071-8591679 ,https://police.lk/police-stations-map/,
phone,pass,Published phone: 041-2273710 ,https://police.lk/police-stations-map/,
phone,pass,Published phone: 071-8591046 ,https://police.lk/police-stations-map/,
phone,pass,Published phone: 071-8591439 ,https://police.lk/police-stations-map/,
phone,pass,Published phone: 063-2242042 ,https://police.lk/police-stations-map/,
phone,pass,Published phone: 071-8591507 ,https://police.lk/police-stations-map/,
phone,pass,Published phone: 047-2240223 ,https://police.lk/police-stations-map/,
phone,pass,Published phone: 047-2288222 ,https://police.lk/police-stations-map/,
phone,pass,Published phone: 071-8591397 ,https://police.lk/police-stations-map/,
phone,pass,Published phone: 047-2285022 ,https://police.lk/police-stations-map/,
phone,pass,Published phone: 071-8591672 ,https://police.lk/police-stations-map/,
phone,pass,Published phone: 031-2230889 ,https://police.lk/police-stations-map/,
phone,pass,Published phone: 026-2222380 ,https://police.lk/police-stations-map/,
phone,pass,Published phone: 071-8591611 ,https://police.lk/police-stations-map/,
phone,pass,Published phone: 071-8591518 ,https://police.lk/police-stations-map/,
phone,pass,Published phone: 071-8592933 ,https://police.lk/police-stations-map/,
phone,pass,Published phone: 034-2244242 ,https://police.lk/police-stations-map/,
phone,pass,Published phone: 071-8591418 ,https://police.lk/police-stations-map/,
phone,pass,Published phone: 071-8591491 ,https://police.lk/police-stations-map/,
phone,pass,Published phone: 011-2910608 ,https://police.lk/police-stations-map/,
phone,pass,Published phone: 011-2328903 ,https://police.lk/police-stations-map/,
phone,pass,Published phone: 055-2295988 ,https://police.lk/police-stations-map/,
phone,pass,Published phone: 071-8591572 ,https://police.lk/police-stations-map/,
phone,pass,Published phone: 091-2261822 ,https://police.lk/police-stations-map/,
phone,pass,Published phone: 071-8591049 ,https://police.lk/police-stations-map/,
phone,pass,Published phone: 071-8591450 ,https://police.lk/police-stations-map/,
phone,pass,Published phone: 071-8592759 ,https://police.lk/police-stations-map/,
phone,pass,Published phone: 071-8591633 ,https://police.lk/police-stations-map/,
phone,pass,Published phone: 011-2487306 ,https://police.lk/police-stations-map/,
phone,pass,Published phone: 011-2561202 ,https://police.lk/police-stations-map/,
phone,pass,Published phone: 011-2384091 ,https://police.lk/police-stations-map/,
phone,pass,Published phone: 065-2056305 ,https://police.lk/police-stations-map/,
phone,pass,Published phone: 071-8592959 ,https://police.lk/police-stations-map/,
phone,pass,Published phone: 071-8591615 ,https://police.lk/police-stations-map/,
phone,pass,Published phone: 071-8591482 ,https://police.lk/police-stations-map/,
phone,pass,Published phone: 055-2285023 ,https://police.lk/police-stations-map/,
phone,pass,Published phone: 071-8591671 ,https://police.lk/police-stations-map/,
phone,pass,Published phone: 011-2713322 ,https://police.lk/police-stations-map/,
phone,pass,Published phone: 071-8591702 ,https://police.lk/police-stations-map/,
phone,pass,Published phone: 038-2232576 ,https://police.lk/police-stations-map/,
phone,pass,Published phone: 057-2268700 ,https://police.lk/police-stations-map/,
phone,pass,Published phone: 071-8592948 ,https://police.lk/police-stations-map/,
phone,pass,Published phone: 071-8591456 ,https://police.lk/police-stations-map/,
phone,pass,Published phone: 071-8591153 ,https://police.lk/police-stations-map/,
phone,pass,Published phone: 091-2264062 ,https://police.lk/police-stations-map/,
phone,pass,Published phone: 071-8591140 ,https://police.lk/police-stations-map/,
phone,pass,Published phone: 038-2284855 ,https://police.lk/police-stations-map/,
phone,pass,Published phone: 071-8591536 ,https://police.lk/police-stations-map/,
phone,pass,Published phone: 071-8592153 ,https://police.lk/police-stations-map/,
phone,pass,Published phone: 071-8591593 ,https://police.lk/police-stations-map/,
phone,pass,Published phone: 035-2265333 ,https://police.lk/police-stations-map/,
phone,pass,Published phone: 071-8592812 ,https://police.lk/police-stations-map/,
phone,pass,Published phone: 071-8591638 ,https://police.lk/police-stations-map/,
phone,pass,Published phone: 055-3590676 ,https://police.lk/police-stations-map/,
phone,pass,Published phone: 071-8591136 ,https://police.lk/police-stations-map/,
phone,pass,Published phone: 071-8591653 ,https://police.lk/police-stations-map/,
phone,pass,Published phone: 071-8591660 ,https://police.lk/police-stations-map/,
phone,pass,Published phone: 071-8592156 ,https://police.lk/police-stations-map/,
phone,pass,Published phone: 071-8591584 ,https://police.lk/police-stations-map/,
phone,pass,Published phone: 071-8591464 ,https://police.lk/police-stations-map/,
phone,pass,Published phone: 071-8591481 ,https://police.lk/police-stations-map/,
phone,pass,Published phone: 071-8591655 ,https://police.lk/police-stations-map/,
phone,pass,Published phone: 071-8592207 ,https://police.lk/police-stations-map/,
phone,pass,Published phone: 055-2275522 ,https://police.lk/police-stations-map/,
phone,pass,Published phone: 011-2914666 ,https://police.lk/police-stations-map/,
phone,pass,Published phone: 071-8591419 ,https://police.lk/police-stations-map/,
phone,pass,Published phone: 071-8592191 ,https://police.lk/police-stations-map/,
phone,pass,Published phone: 035-2257116 ,https://police.lk/police-stations-map/,
phone,pass,Published phone: 071-8591695 ,https://police.lk/police-stations-map/,
phone,pass,Published phone: 034-2237841 ,https://police.lk/police-stations-map/,
phone,pass,Published phone: 026-2244222 ,https://police.lk/police-stations-map/,
phone,pass,Published phone: 065-2250233 ,https://police.lk/police-stations-map/,
phone,pass,Published phone: 011-2415212 ,https://police.lk/police-stations-map/,
phone,pass,Published phone: 071-8591190 ,https://police.lk/police-stations-map/,
phone,pass,Published phone: 071-8591659 ,https://police.lk/police-stations-map/,
phone,pass,Published phone: 071-8592180 ,https://police.lk/police-stations-map/,
phone,pass,Published phone: 034-2222226 ,https://police.lk/police-stations-map/,
phone,pass,Published phone: 034-2253253 ,https://police.lk/police-stations-map/,
phone,pass,Published phone: 026-2256121 ,https://police.lk/police-stations-map/,
phone,pass,Published phone: 065-2059365 ,https://police.lk/police-stations-map/,
phone,pass,Published phone: 071-8592869 ,https://police.lk/police-stations-map/,
phone,pass,Published phone: 045-2278210 ,https://police.lk/police-stations-map/,
phone,pass,Published phone: 055-2274578 ,https://police.lk/police-stations-map/,
phone,pass,Published phone: 071-8592143 ,https://police.lk/police-stations-map/,
phone,pass,Published phone: 091-2234962 ,https://police.lk/police-stations-map/,
phone,pass,Published phone: 071-8591506 ,https://police.lk/police-stations-map/,
phone,pass,Published phone: 055-2258390 ,https://police.lk/police-stations-map/,
phone,pass,Published phone: 071-8591438 ,https://police.lk/police-stations-map/,
phone,pass,Published phone: 067-2260221 ,https://police.lk/police-stations-map/,
phone,pass,Published phone: 081-2316995 ,https://police.lk/police-stations-map/,
phone,pass,Published phone: 071-8591457 ,https://police.lk/police-stations-map/,
phone,pass,Published phone: 071-8591050 ,https://police.lk/police-stations-map/,
phone,pass,Published phone: 071-8591649 ,https://police.lk/police-stations-map/,
phone,pass,Published phone: 011-2855211 ,https://police.lk/police-stations-map/,
phone,pass,Published phone: 065-3646229 ,https://police.lk/police-stations-map/,
phone,pass,Published phone: 071-8591185 ,https://police.lk/police-stations-map/,
phone,pass,Published phone: 045-2280241 ,https://police.lk/police-stations-map/,
phone,pass,Published phone: 047-2251157 ,https://police.lk/police-stations-map/,
phone,pass,Published phone: 071-8591558 ,https://police.lk/police-stations-map/,
phone,pass,Published phone: 071-8591415 ,https://police.lk/police-stations-map/,
phone,pass,Published phone: 011-2695719 ,https://police.lk/police-stations-map/,
phone,pass,Published phone: 071-8591657 ,https://police.lk/police-stations-map/,
phone,pass,Published phone: 081-2460503 ,https://police.lk/police-stations-map/,
phone,pass,Published phone: 071-8591545 ,https://police.lk/police-stations-map/,
phone,pass,Published phone: 065-2248998 ,https://police.lk/police-stations-map/,
phone,pass,Published phone: 071-8591630 ,https://police.lk/police-stations-map/,
phone,pass,Published phone: 071-8592155 ,https://police.lk/police-stations-map/,
phone,pass,Published phone: 071-8591625 ,https://police.lk/police-stations-map/,
phone,pass,Published phone: 031-2247256 ,https://police.lk/police-stations-map/,
phone,pass,Published phone: 011-2320131 ,https://police.lk/police-stations-map/,
phone,pass,Published phone: 025-2255062 ,https://police.lk/police-stations-map/,
phone,pass,Published phone: 071-8591618 ,https://police.lk/police-stations-map/,
phone,pass,Published phone: 035-2247222 ,https://police.lk/police-stations-map/,
phone,pass,Published phone: 071-8591150 ,https://police.lk/police-stations-map/,
phone,pass,Published phone: 041-2245271 ,https://police.lk/police-stations-map/,
phone,pass,Published phone: 071-8591682 ,https://police.lk/police-stations-map/,
phone,pass,Published phone: 033-2267445 ,https://police.lk/police-stations-map/,
phone,pass,Published phone: 071-8591157 ,https://police.lk/police-stations-map/,
phone,pass,Published phone: 071-8591390 ,https://police.lk/police-stations-map/,
phone,pass,Published phone: 071-8592904 ,https://police.lk/police-stations-map/,
phone,pass,Published phone: 071-8591443 ,https://police.lk/police-stations-map/,
phone,pass,Published phone: 011-2253524 ,https://police.lk/police-stations-map/,
phone,pass,Published phone: 071-8591550 ,https://police.lk/police-stations-map/,
phone,pass,Published phone: 071-8591612 ,https://police.lk/police-stations-map/,
phone,pass,Published phone: 071-8592141 ,https://police.lk/police-stations-map/,
phone,pass,Published phone: 033-2222226 ,https://police.lk/police-stations-map/,
phone,pass,Published phone: 071-8591646 ,https://police.lk/police-stations-map/,
phone,pass,Published phone: 011-2925258 ,https://police.lk/police-stations-map/,
phone,pass,Published phone: 071-8591592 ,https://police.lk/police-stations-map/,
phone,pass,Published phone: 071-8591486 ,https://police.lk/police-stations-map/,
phone,pass,Published phone: 035-2267967 ,https://police.lk/police-stations-map/,
phone,pass,Published phone: 071-8591499 ,https://police.lk/police-stations-map/,
phone,pass,Published phone: 034-2247120 ,https://police.lk/police-stations-map/,
phone,pass,Published phone: 033-2260911 ,https://police.lk/police-stations-map/,
phone,pass,Published phone: 055-2285024 ,https://police.lk/police-stations-map/,
phone,pass,Published phone: 071-8591631 ,https://police.lk/police-stations-map/,
phone,pass,Published phone: 071-8591394 ,https://police.lk/police-stations-map/,
phone,pass,Published phone: 071-8591537 ,https://police.lk/police-stations-map/,
phone,pass,Published phone: 091-2283281 ,https://police.lk/police-stations-map/,
phone,pass,Published phone: 071-8591515 ,https://police.lk/police-stations-map/,
phone,pass,Published phone: 091-2255458 ,https://police.lk/police-stations-map/,
phone,pass,Published phone: 071-8591530 ,https://police.lk/police-stations-map/,
phone,pass,Published phone: 071-8591134 ,https://police.lk/police-stations-map/,
phone,pass,Published phone: 071-8591528 ,https://police.lk/police-stations-map/,
phone,pass,Published phone: 091-2292323 ,https://police.lk/police-stations-map/,
phone,pass,Published phone: 071-8591403 ,https://police.lk/police-stations-map/,
phone,pass,Published phone: 033-2052742 ,https://police.lk/police-stations-map/,
phone,pass,Published phone: 071-8591163 ,https://police.lk/police-stations-map/,
phone,pass,Published phone: 071-8592185 ,https://police.lk/police-stations-map/,
phone,pass,Published phone: 035-2226699 ,https://police.lk/police-stations-map/,
phone,pass,Published phone: 071-8591656 ,https://police.lk/police-stations-map/,
phone,pass,Published phone: 071-8591414 ,https://police.lk/police-stations-map/,
phone,pass,Published phone: 071-8591523 ,https://police.lk/police-stations-map/,
phone,pass,Published phone: 071-8592878 ,https://police.lk/police-stations-map/,
phone,pass,Published phone: 041-2259159 ,https://police.lk/police-stations-map/,
phone,pass,Published phone: 071-8592905 ,https://police.lk/police-stations-map/,
phone,pass,Published phone: 071-8591186 ,https://police.lk/police-stations-map/,
phone,pass,Published phone: 071-8591694 ,https://police.lk/police-stations-map/,
phone,pass,Published phone: 091-2267575 ,https://police.lk/police-stations-map/,
phone,pass,Published phone: 071-8591471 ,https://police.lk/police-stations-map/,
phone,pass,Published phone: 091-2286011 ,https://police.lk/police-stations-map/,
phone,pass,Published phone: 071-8591707 ,https://police.lk/police-stations-map/,
phone,pass,Published phone: 071-8591427 ,https://police.lk/police-stations-map/,
phone,pass,Published phone: 071-8591587 ,https://police.lk/police-stations-map/,
phone,pass,Published phone: 071-8591430 ,https://police.lk/police-stations-map/,
phone,pass,Published phone: 071-8591421 ,https://police.lk/police-stations-map/,
phone,pass,Published phone: 071-8591547 ,https://police.lk/police-stations-map/,
phone,pass,Published phone: 071-8591168 ,https://police.lk/police-stations-map/,
phone,pass,Published phone: 071-8591555 ,https://police.lk/police-stations-map/,
phone,pass,Published phone: 071-8591539 ,https://police.lk/police-stations-map/,
phone,pass,Published phone: 065-3647511 ,https://police.lk/police-stations-map/,
phone,pass,Published phone: 045-2121543 ,https://police.lk/police-stations-map/,
phone,pass,Published phone: 045-2222897 ,https://police.lk/police-stations-map/,
phone,pass,Published phone: 071-8591664 ,https://police.lk/police-stations-map/,
phone,pass,Published phone: 071-8592129 ,https://police.lk/police-stations-map/,
phone,pass,Published phone: 011-2236895 ,https://police.lk/police-stations-map/,
phone,pass,Published phone: 071-8592804 ,https://police.lk/police-stations-map/,
phone,pass,Published phone: 071-8591468 ,https://police.lk/police-stations-map/,
phone,pass,Published phone: 071-8591511 ,https://police.lk/police-stations-map/,
phone,pass,Published phone: 071-8591462 ,https://police.lk/police-stations-map/,
phone,pass,Published phone: 071-8591162 ,https://police.lk/police-stations-map/,
phone,pass,Published phone: 071-8591549 ,https://police.lk/police-stations-map/,
phone,pass,Published phone: 011-2150779 ,https://police.lk/police-stations-map/,
phone,pass,Published phone: 011-2940977 ,https://police.lk/police-stations-map/,
phone,pass,Published phone: 091-2258225 ,https://police.lk/police-stations-map/,
phone,pass,Published phone: 071-8591619 ,https://police.lk/police-stations-map/,
phone,pass,Published phone: 026-2234223 ,https://police.lk/police-stations-map/,
phone,pass,Published phone: 081-2222304 ,https://police.lk/police-stations-map/,
phone,pass,Published phone: 045-2246231 ,https://police.lk/police-stations-map/,
phone,pass,Published phone: 071-8591405 ,https://police.lk/police-stations-map/,
phone,pass,Published phone: 071-8592140 ,https://police.lk/police-stations-map/,
phone,pass,Published phone: 047-2230223 ,https://police.lk/police-stations-map/,
phone,pass,Published phone: 071-8591401 ,https://police.lk/police-stations-map/,
phone,pass,Published phone: 071-8591586 ,https://police.lk/police-stations-map/,
phone,pass,Published phone: 071-8591480 ,https://police.lk/police-stations-map/,
phone,pass,Published phone: 041-2232001 ,https://police.lk/police-stations-map/,
phone,pass,Published phone: 071-8591469 ,https://police.lk/police-stations-map/,
phone,pass,Published phone: 071-8591445 ,https://police.lk/police-stations-map/,
phone,pass,Published phone: 063-2244107 ,https://police.lk/police-stations-map/,
phone,pass,Published phone: 071-8592809 ,https://police.lk/police-stations-map/,
phone,pass,Published phone: 071-8591542 ,https://police.lk/police-stations-map/,
phone,pass,Published phone: 041-2255277 ,https://police.lk/police-stations-map/,
phone,pass,Published phone: 045-3451122 ,https://police.lk/police-stations-map/,
phone,pass,Published phone: 071-8591051 ,https://police.lk/police-stations-map/,
phone,pass,Published phone: 011-2435653 ,https://police.lk/police-stations-map/,
phone,pass,Published phone: 071-8591444 ,https://police.lk/police-stations-map/,
phone,pass,Published phone: 071-8592161 ,https://police.lk/police-stations-map/,
phone,pass,Published phone: 071-8591191 ,https://police.lk/police-stations-map/,
phone,pass,Published phone: 071-8592773 ,https://police.lk/police-stations-map/,
phone,pass,Published phone: 071-8591573 ,https://police.lk/police-stations-map/,
phone,pass,Published phone: 033-2287225 ,https://police.lk/police-stations-map/,
phone,pass,Published phone: 071-8591575 ,https://police.lk/police-stations-map/,
phone,pass,Published phone: 036-2262234 ,https://police.lk/police-stations-map/,
phone,pass,Published phone: 071-8592139 ,https://police.lk/police-stations-map/,
phone,pass,Published phone: 047-2231321 ,https://police.lk/police-stations-map/,
phone,pass,Published phone: 071-8591526 ,https://police.lk/police-stations-map/,
phone,pass,Published phone: 011-2514634 ,https://police.lk/police-stations-map/,
phone,pass,Published phone: 026-2055990 ,https://police.lk/police-stations-map/,
phone,pass,Published phone: 071-8591634 ,https://police.lk/police-stations-map/,
phone,pass,Published phone: 011-2694019 ,https://police.lk/police-stations-map/,
phone,pass,Published phone: 071-8591699 ,https://police.lk/police-stations-map/,
phone,pass,Published phone: 071-8592159 ,https://police.lk/police-stations-map/,
phone,pass,Published phone: 071-8591544 ,https://police.lk/police-stations-map/,
phone,pass,Published phone: 011-2932222 ,https://police.lk/police-stations-map/,
phone,pass,Published phone: 034-2282292 ,https://police.lk/police-stations-map/,
phone,pass,Published phone: 011-2342041 ,https://police.lk/police-stations-map/,
phone,pass,Published phone: 033-2256105 ,https://police.lk/police-stations-map/,
phone,pass,Published phone: 071-8591576 ,https://police.lk/police-stations-map/,
phone,pass,Published phone: 071-8591425 ,https://police.lk/police-stations-map/,
phone,pass,Published phone: 047-2220223 ,https://police.lk/police-stations-map/,
phone,pass,Published phone: 055-2295466 ,https://police.lk/police-stations-map/,
phone,pass,Published phone: 026-2255031 ,https://police.lk/police-stations-map/,
phone,pass,Published phone: 036-2287523 ,https://police.lk/police-stations-map/,
phone,pass,Published phone: 071-8591624 ,https://police.lk/police-stations-map/,
phone,pass,Published phone: 033-2274322 ,https://police.lk/police-stations-map/,
phone,pass,Published phone: 071-8591132 ,https://police.lk/police-stations-map/,
phone,pass,Published phone: 031-2224289 ,https://police.lk/police-stations-map/,
phone,pass,Published phone: 071-8591557 ,https://police.lk/police-stations-map/,
phone,pass,Published phone: 057-2280119 ,https://police.lk/police-stations-map/,
phone,pass,Published phone: 071-8591691 ,https://police.lk/police-stations-map/,
phone,pass,Published phone: 071-8591650 ,https://police.lk/police-stations-map/,
phone,pass,Published phone: 071-8592145 ,https://police.lk/police-stations-map/,
phone,pass,Published phone: 071-8591493 ,https://police.lk/police-stations-map/,
phone,pass,Published phone: 071-8592767 ,https://police.lk/police-stations-map/,
phone,pass,Published phone: 071-8591517 ,https://police.lk/police-stations-map/,
phone,pass,Published phone: 071-8592760 ,https://police.lk/police-stations-map/,
phone,pass,Published phone: 071-8591620 ,https://police.lk/police-stations-map/,
phone,pass,Published phone: 071-8591685 ,https://police.lk/police-stations-map/,
phone,pass,Published phone: 011-2691140 ,https://police.lk/police-stations-map/,
phone,pass,Published phone: 071-8591668 ,https://police.lk/police-stations-map/,
phone,pass,Published phone: 071-8592993 ,https://police.lk/police-stations-map/,
phone,pass,Published phone: 071-8592134 ,https://police.lk/police-stations-map/,
phone,pass,Published phone: 026-2222227 ,https://police.lk/police-stations-map/,
phone,pass,Published phone: 091-2291226 ,https://police.lk/police-stations-map/,
phone,pass,Published phone: 071-8591175 ,https://police.lk/police-stations-map/,
phone,pass,Published phone: 047-2235223 ,https://police.lk/police-stations-map/,
phone,pass,Published phone: 071-8591446 ,https://police.lk/police-stations-map/,
phone,pass,Published phone: 071-8591568 ,https://police.lk/police-stations-map/,
phone,pass,Published phone: 071-8591192 ,https://police.lk/police-stations-map/,
phone,pass,Published phone: 011-2411131 ,https://police.lk/police-stations-map/,
phone,pass,Published phone: 071-8591607 ,https://police.lk/police-stations-map/,
phone,pass,Published phone: 071-8591580 ,https://police.lk/police-stations-map/,
phone,pass,Published phone: 071-8591461 ,https://police.lk/police-stations-map/,
phone,pass,Published phone: 071-8592752 ,https://police.lk/police-stations-map/,
phone,pass,Published phone: 071-8591596 ,https://police.lk/police-stations-map/,
phone,pass,Published phone: 057-2257850 ,https://police.lk/police-stations-map/,
phone,pass,Published phone: 071-8592144 ,https://police.lk/police-stations-map/,
phone,pass,Published phone: 071-8591417 ,https://police.lk/police-stations-map/,
phone,pass,Published phone: 071-8592766 ,https://police.lk/police-stations-map/,
phone,pass,Published phone: 036-2267522 ,https://police.lk/police-stations-map/,
phone,pass,Published phone: 071-8591181 ,https://police.lk/police-stations-map/,
phone,pass,Published phone: 071-8591588 ,https://police.lk/police-stations-map/,
phone,pass,Published phone: 055-2276223 ,https://police.lk/police-stations-map/,
phone,pass,Published phone: 011-2910494 ,https://police.lk/police-stations-map/,
phone,pass,Published phone: 071-8592916 ,https://police.lk/police-stations-map/,
phone,pass,Published phone: 071-8591669 ,https://police.lk/police-stations-map/,
phone,pass,Published phone: 011-2853929 ,https://police.lk/police-stations-map/,
phone,pass,Published phone: 071-8591169 ,https://police.lk/police-stations-map/,
phone,pass,Published phone: 041-2292223 ,https://police.lk/police-stations-map/,
phone,pass,Published phone: 047-2262227 ,https://police.lk/police-stations-map/,
phone,pass,Published phone: 071-8591606 ,https://police.lk/police-stations-map/,
phone,pass,Published phone: 033-2240050 ,https://police.lk/police-stations-map/,
phone,pass,Published phone: 057-2244700 ,https://police.lk/police-stations-map/,
phone,pass,Published phone: 035-2289882 ,https://police.lk/police-stations-map/,
phone,pass,Published phone: 036-2255026 ,https://police.lk/police-stations-map/,
phone,pass,Published phone: 071-8591455 ,https://police.lk/police-stations-map/,
phone,pass,Published phone: 071-8591460 ,https://police.lk/police-stations-map/,
phone,pass,Published phone: 071-8591161 ,https://police.lk/police-stations-map/,
phone,pass,Published phone: 071-8591706 ,https://police.lk/police-stations-map/,
phone,pass,Published phone: 071-8591391 ,https://police.lk/police-stations-map/,
phone,pass,Published phone: 081-2369223 ,https://police.lk/police-stations-map/,
phone,pass,Published phone: 071-8591179 ,https://police.lk/police-stations-map/,
phone,pass,Published phone: 071-8591677 ,https://police.lk/police-stations-map/,
phone,pass,Published phone: 038-2293922 ,https://police.lk/police-stations-map/,
phone,pass,Published phone: 071-8592884 ,https://police.lk/police-stations-map/,
phone,pass,Published phone: 026-2054552 ,https://police.lk/police-stations-map/,
phone,pass,Published phone: 065-2224411 ,https://police.lk/police-stations-map/,
phone,pass,Published phone: 071-8591195 ,https://police.lk/police-stations-map/,
phone,pass,Published phone: 071-8592936 ,https://police.lk/police-stations-map/,
phone,pass,Published phone: 011-2864060 ,https://police.lk/police-stations-map/,
phone,pass,Published phone: 071-8591686 ,https://police.lk/police-stations-map/,
phone,pass,Published phone: 071-8592935 ,https://police.lk/police-stations-map/,
phone,pass,Published phone: 071-8591524 ,https://police.lk/police-stations-map/,
phone,pass,Published phone: 071-8591426 ,https://police.lk/police-stations-map/,
phone,pass,Published phone: 036-2258390 ,https://police.lk/police-stations-map/,
phone,pass,Published phone: 071-8591563 ,https://police.lk/police-stations-map/,
phone,pass,Published phone: 045-2279223 ,https://police.lk/police-stations-map/,
phone,pass,Published phone: 071-8592133 ,https://police.lk/police-stations-map/,
phone,pass,Published phone: 071-8591665 ,https://police.lk/police-stations-map/,
phone,pass,Published phone: 071-8591548 ,https://police.lk/police-stations-map/,
phone,pass,Published phone: 034-2252722 ,https://police.lk/police-stations-map/,
phone,pass,Published phone: 071-8591639 ,https://police.lk/police-stations-map/,
phone,pass,Published phone: 011-2583208 ,https://police.lk/police-stations-map/,
phone,pass,Published phone: 071-8591603 ,https://police.lk/police-stations-map/,
phone,pass,Published phone: 071-8591399 ,https://police.lk/police-stations-map/,
phone,pass,Published phone: 071-8592186 ,https://police.lk/police-stations-map/,
phone,pass,Published phone: 071-8592769 ,https://police.lk/police-stations-map/,
phone,pass,Published phone: 011-2729622 ,https://police.lk/police-stations-map/,
phone,pass,Published phone: 071-8591142 ,https://police.lk/police-stations-map/,
named_responsibility,pass,Published named responsibility: director,https://police.lk/police-stations-map/,
page_text,pass,Substantive page content: 28468 visible characters across 3 pages,https://www.police.lk/,
