check,status,detail,source,observed_at
dns,pass,Public DNS resolved,,2026-09-09T00:07:03.984470+05:30
domain_registration,error,Domain is absent from RDAP,,2026-09-09T00:07:03.984501+05:30
tls,pass,TLS certificate valid,,2026-09-09T00:07:04.099210+05:30
http,pass,Probe 1: HTTP 200 at https://mpclg.gov.lk/,https://mpclg.gov.lk/,2026-09-09T00:07:24.472586+05:30
http,pass,Probe 2: HTTP 200 at https://mpclg.gov.lk/,http://mpclg.gov.lk/,2026-09-09T00:07:24.472608+05:30
http,pass,Probe 3: HTTP 200 at https://mpclg.gov.lk/,https://mpclg.gov.lk/,2026-09-09T00:07:24.472612+05:30
http,pass,Probe 4: HTTP 200 at https://mpclg.gov.lk/,http://mpclg.gov.lk/,2026-09-09T00:07:24.472615+05:30
http,pass,Probe 5: HTTP 200 at https://mpclg.gov.lk/web/index.php?lang=si,https://mpclg.gov.lk/web/index.php?lang=si,2026-09-09T00:07:24.472618+05:30
http,pass,Probe 6: HTTP 200 at https://mpclg.gov.lk/web/index.php?lang=ta,https://mpclg.gov.lk/web/index.php?lang=ta,2026-09-09T00:07:24.472620+05:30
http,pass,Probe 7: HTTP 200 at https://mpclg.gov.lk/web/index.php?lang=en,https://mpclg.gov.lk/web/index.php?lang=en,2026-09-09T00:07:24.472623+05:30
http,pass,Probe 8: HTTP 200 at https://mpclg.gov.lk/web/images/divisions/stamp_duty__2_new.pdf,https://mpclg.gov.lk/web/images/divisions/stamp_duty__2_new.pdf,2026-09-09T00:07:24.472626+05:30
http,pass,Probe 9: HTTP 200 at https://mpclg.gov.lk/web/images/divisions/Legal/report_Deliverable_3_PDF_2.pdf,https://mpclg.gov.lk/web/images/divisions/Legal/report_Deliverable_3_PDF_2.pdf,2026-09-09T00:07:24.472628+05:30
http,pass,Probe 10: HTTP 200 at https://mpclg.gov.lk/web/images/divisions/Legal/AgricultureE-.pdf,https://mpclg.gov.lk/web/images/divisions/Legal/AgricultureE-.pdf,2026-09-09T00:07:24.472631+05:30
http,pass,Probe 11: HTTP 200 at https://mpclg.gov.lk/web/images/divisions/Legal/Co-operative_Employees_Commission_Statute_E.pdf,https://mpclg.gov.lk/web/images/divisions/Legal/Co-operative_Employees_Commission_Statute_E.pdf,2026-09-09T00:07:24.472634+05:30
http,pass,Probe 12: HTTP 200 at https://mpclg.gov.lk/web/images/divisions/Legal/Helath_Service.pdf,https://mpclg.gov.lk/web/images/divisions/Legal/Helath_Service.pdf,2026-09-09T00:07:24.472637+05:30
http,pass,Probe 13: HTTP 200 at https://mpclg.gov.lk/web/images/divisions/Legal/Animal_Production_and__Health-may_16th2017.pdf,https://mpclg.gov.lk/web/images/divisions/Legal/Animal_Production_and__Health-may_16th2017.pdf,2026-09-09T00:07:24.472639+05:30
http,pass,Probe 14: HTTP 200 at https://mpclg.gov.lk/web/images/divisions/Legal/Co-operative_Societies_ETR.pdf,https://mpclg.gov.lk/web/images/divisions/Legal/Co-operative_Societies_ETR.pdf,2026-09-09T00:07:24.472641+05:30
phone,pass,Published phone: +94 112 347 528 ,https://mpclg.gov.lk/web/index.php?lang=si,
phone,pass,Published phone: +94 112 302 720 ,https://mpclg.gov.lk/web/index.php?lang=si,
phone,pass,Published phone: +94 112 347 529 ,https://mpclg.gov.lk/web/index.php?lang=si,
phone,pass,Published phone: +94 112 337 161 ,https://mpclg.gov.lk/web/index.php?lang=si,
postal_address,pass,Published postal address: is being protected from spambots. You need JavaScript enabled to view it. document.getElementById('cloak9ad98863a7734455,https://mpclg.gov.lk/web/index.php?lang=si,
legal_basis,pass,Published legal basis: gazette,https://mpclg.gov.lk/web/index.php?lang=si,
legal_basis,pass,Published legal basis: gazette,https://mpclg.gov.lk/web/index.php?lang=ta,
phone,pass,Published phone: +94 112 347 528 ,https://mpclg.gov.lk/web/index.php?lang=en,
phone,pass,Published phone: +94 112 302 720 ,https://mpclg.gov.lk/web/index.php?lang=en,
phone,pass,Published phone: +94 112 347 529 ,https://mpclg.gov.lk/web/index.php?lang=en,
phone,pass,Published phone: +94 112 337 161 ,https://mpclg.gov.lk/web/index.php?lang=en,
postal_address,pass,Published postal address: is being protected from spambots. You need JavaScript enabled to view it. document.getElementById('cloak23581a8f6db0fcd9,https://mpclg.gov.lk/web/index.php?lang=en,
named_responsibility,pass,Published named responsibility: division,https://mpclg.gov.lk/web/index.php?lang=en,
legal_basis,pass,Published legal basis: regulations,https://mpclg.gov.lk/web/index.php?lang=en,
published_update_date,fail,Published published update date: 10/01/2022,https://mpclg.gov.lk/web/index.php?lang=en,
phone,pass,Published phone: 0 0 0 0 0 0 0 0 0 0 ,https://mpclg.gov.lk/web/images/divisions/stamp_duty__2_new.pdf,
phone,pass,Published phone: 030 1085 779 ,https://mpclg.gov.lk/web/images/divisions/stamp_duty__2_new.pdf,
phone,pass,Published phone: 06 1112 1012,https://mpclg.gov.lk/web/images/divisions/stamp_duty__2_new.pdf,
phone,pass,Published phone: 07 863 974 77,https://mpclg.gov.lk/web/images/divisions/stamp_duty__2_new.pdf,
phone,pass,Published phone: 002 1002 100,https://mpclg.gov.lk/web/images/divisions/stamp_duty__2_new.pdf,
phone,pass,Published phone: 037 1037 103,https://mpclg.gov.lk/web/images/divisions/stamp_duty__2_new.pdf,
phone,pass,Published phone: 037 885 920 8,https://mpclg.gov.lk/web/images/divisions/stamp_duty__2_new.pdf,
phone,pass,Published phone: 0 832 724 125,https://mpclg.gov.lk/web/images/divisions/stamp_duty__2_new.pdf,
phone,pass,Published phone: 0 0 0 0 0 0 507 0 ,https://mpclg.gov.lk/web/images/divisions/stamp_duty__2_new.pdf,
phone,pass,Published phone: 07 863 863 10,https://mpclg.gov.lk/web/images/divisions/stamp_duty__2_new.pdf,
phone,pass,Published phone: 00 500 500 50,https://mpclg.gov.lk/web/images/divisions/stamp_duty__2_new.pdf,
phone,pass,Published phone: 002 807 584 8,https://mpclg.gov.lk/web/images/divisions/stamp_duty__2_new.pdf,
phone,pass,Published phone: 0000785042 ,https://mpclg.gov.lk/web/images/divisions/Legal/report_Deliverable_3_PDF_2.pdf,
phone,pass,Published phone: 0000002381 ,https://mpclg.gov.lk/web/images/divisions/Legal/report_Deliverable_3_PDF_2.pdf,
phone,pass,Published phone: 0 333 0 0 0 833 ,https://mpclg.gov.lk/web/images/divisions/Legal/report_Deliverable_3_PDF_2.pdf,
phone,pass,Published phone: 0000918706 ,https://mpclg.gov.lk/web/images/divisions/Legal/report_Deliverable_3_PDF_2.pdf,
phone,pass,Published phone: 0000492221 ,https://mpclg.gov.lk/web/images/divisions/Legal/report_Deliverable_3_PDF_2.pdf,
phone,pass,Published phone: 0000106141 ,https://mpclg.gov.lk/web/images/divisions/Legal/report_Deliverable_3_PDF_2.pdf,
phone,pass,Published phone: 0000825391 ,https://mpclg.gov.lk/web/images/divisions/Legal/report_Deliverable_3_PDF_2.pdf,
phone,pass,Published phone: 0000460037 ,https://mpclg.gov.lk/web/images/divisions/Legal/report_Deliverable_3_PDF_2.pdf,
phone,pass,Published phone: 0000167181 ,https://mpclg.gov.lk/web/images/divisions/Legal/report_Deliverable_3_PDF_2.pdf,
phone,pass,Published phone: 0000000017 ,https://mpclg.gov.lk/web/images/divisions/Legal/report_Deliverable_3_PDF_2.pdf,
phone,pass,Published phone: 0 0 0 0 0 0 833 0 ,https://mpclg.gov.lk/web/images/divisions/Legal/report_Deliverable_3_PDF_2.pdf,
phone,pass,Published phone: 0000086432 ,https://mpclg.gov.lk/web/images/divisions/Legal/report_Deliverable_3_PDF_2.pdf,
phone,pass,Published phone: 0000547591 ,https://mpclg.gov.lk/web/images/divisions/Legal/report_Deliverable_3_PDF_2.pdf,
phone,pass,Published phone: 0 500 278 0 44,https://mpclg.gov.lk/web/images/divisions/Legal/report_Deliverable_3_PDF_2.pdf,
phone,pass,Published phone: 0000400624 ,https://mpclg.gov.lk/web/images/divisions/Legal/report_Deliverable_3_PDF_2.pdf,
phone,pass,Published phone: 0000532739 ,https://mpclg.gov.lk/web/images/divisions/Legal/report_Deliverable_3_PDF_2.pdf,
phone,pass,Published phone: 0000442070 ,https://mpclg.gov.lk/web/images/divisions/Legal/report_Deliverable_3_PDF_2.pdf,
phone,pass,Published phone: 0000352223 ,https://mpclg.gov.lk/web/images/divisions/Legal/report_Deliverable_3_PDF_2.pdf,
phone,pass,Published phone: 0000381577 ,https://mpclg.gov.lk/web/images/divisions/Legal/report_Deliverable_3_PDF_2.pdf,
phone,pass,Published phone: 0000362153 ,https://mpclg.gov.lk/web/images/divisions/Legal/report_Deliverable_3_PDF_2.pdf,
phone,pass,Published phone: 0 0 0 0 0 611 0 0 ,https://mpclg.gov.lk/web/images/divisions/Legal/report_Deliverable_3_PDF_2.pdf,
phone,pass,Published phone: 0000561293 ,https://mpclg.gov.lk/web/images/divisions/Legal/report_Deliverable_3_PDF_2.pdf,
phone,pass,Published phone: 0000503133 ,https://mpclg.gov.lk/web/images/divisions/Legal/report_Deliverable_3_PDF_2.pdf,
phone,pass,Published phone: 0000094525 ,https://mpclg.gov.lk/web/images/divisions/Legal/report_Deliverable_3_PDF_2.pdf,
phone,pass,Published phone: 0000395196 ,https://mpclg.gov.lk/web/images/divisions/Legal/report_Deliverable_3_PDF_2.pdf,
phone,pass,Published phone: 0000361224 ,https://mpclg.gov.lk/web/images/divisions/Legal/report_Deliverable_3_PDF_2.pdf,
phone,pass,Published phone: 0000365726 ,https://mpclg.gov.lk/web/images/divisions/Legal/report_Deliverable_3_PDF_2.pdf,
phone,pass,Published phone: 0000447065 ,https://mpclg.gov.lk/web/images/divisions/Legal/report_Deliverable_3_PDF_2.pdf,
phone,pass,Published phone: 0000369701 ,https://mpclg.gov.lk/web/images/divisions/Legal/report_Deliverable_3_PDF_2.pdf,
phone,pass,Published phone: 0000574804 ,https://mpclg.gov.lk/web/images/divisions/Legal/report_Deliverable_3_PDF_2.pdf,
phone,pass,Published phone: 0000378373 ,https://mpclg.gov.lk/web/images/divisions/Legal/report_Deliverable_3_PDF_2.pdf,
phone,pass,Published phone: 0000090516 ,https://mpclg.gov.lk/web/images/divisions/Legal/report_Deliverable_3_PDF_2.pdf,
phone,pass,Published phone: 0000384736 ,https://mpclg.gov.lk/web/images/divisions/Legal/report_Deliverable_3_PDF_2.pdf,
phone,pass,Published phone: 0000905614 ,https://mpclg.gov.lk/web/images/divisions/Legal/report_Deliverable_3_PDF_2.pdf,
phone,pass,Published phone: 0000391673 ,https://mpclg.gov.lk/web/images/divisions/Legal/report_Deliverable_3_PDF_2.pdf,
phone,pass,Published phone: 0000520983 ,https://mpclg.gov.lk/web/images/divisions/Legal/report_Deliverable_3_PDF_2.pdf,
phone,pass,Published phone: 0000215682 ,https://mpclg.gov.lk/web/images/divisions/Legal/report_Deliverable_3_PDF_2.pdf,
phone,pass,Published phone: 0000674903 ,https://mpclg.gov.lk/web/images/divisions/Legal/report_Deliverable_3_PDF_2.pdf,
phone,pass,Published phone: 0000442315 ,https://mpclg.gov.lk/web/images/divisions/Legal/report_Deliverable_3_PDF_2.pdf,
phone,pass,Published phone: 0000355604 ,https://mpclg.gov.lk/web/images/divisions/Legal/report_Deliverable_3_PDF_2.pdf,
phone,pass,Published phone: 0000102769 ,https://mpclg.gov.lk/web/images/divisions/Legal/report_Deliverable_3_PDF_2.pdf,
phone,pass,Published phone: 0000397249 ,https://mpclg.gov.lk/web/images/divisions/Legal/report_Deliverable_3_PDF_2.pdf,
phone,pass,Published phone: 0 500 500 444 ,https://mpclg.gov.lk/web/images/divisions/Legal/report_Deliverable_3_PDF_2.pdf,
phone,pass,Published phone: 0000108647 ,https://mpclg.gov.lk/web/images/divisions/Legal/report_Deliverable_3_PDF_2.pdf,
phone,pass,Published phone: 0000492511 ,https://mpclg.gov.lk/web/images/divisions/Legal/report_Deliverable_3_PDF_2.pdf,
phone,pass,Published phone: 0000086728 ,https://mpclg.gov.lk/web/images/divisions/Legal/report_Deliverable_3_PDF_2.pdf,
phone,pass,Published phone: 0000551146 ,https://mpclg.gov.lk/web/images/divisions/Legal/report_Deliverable_3_PDF_2.pdf,
phone,pass,Published phone: 0000378128 ,https://mpclg.gov.lk/web/images/divisions/Legal/report_Deliverable_3_PDF_2.pdf,
phone,pass,Published phone: 0000355350 ,https://mpclg.gov.lk/web/images/divisions/Legal/report_Deliverable_3_PDF_2.pdf,
phone,pass,Published phone: 00 500 500 50,https://mpclg.gov.lk/web/images/divisions/Legal/report_Deliverable_3_PDF_2.pdf,
phone,pass,Published phone: 0000254412 ,https://mpclg.gov.lk/web/images/divisions/Legal/report_Deliverable_3_PDF_2.pdf,
phone,pass,Published phone: 0000090289 ,https://mpclg.gov.lk/web/images/divisions/Legal/report_Deliverable_3_PDF_2.pdf,
phone,pass,Published phone: 0000558153 ,https://mpclg.gov.lk/web/images/divisions/Legal/report_Deliverable_3_PDF_2.pdf,
phone,pass,Published phone: 0 0 250 0 0 0 0 0 ,https://mpclg.gov.lk/web/images/divisions/Legal/report_Deliverable_3_PDF_2.pdf,
phone,pass,Published phone: 0000479553 ,https://mpclg.gov.lk/web/images/divisions/Legal/report_Deliverable_3_PDF_2.pdf,
phone,pass,Published phone: 0000056966 ,https://mpclg.gov.lk/web/images/divisions/Legal/report_Deliverable_3_PDF_2.pdf,
phone,pass,Published phone: 0 333 0 0 333 5,https://mpclg.gov.lk/web/images/divisions/Legal/report_Deliverable_3_PDF_2.pdf,
phone,pass,Published phone: 0000414009 ,https://mpclg.gov.lk/web/images/divisions/Legal/report_Deliverable_3_PDF_2.pdf,
phone,pass,Published phone: 0000388008 ,https://mpclg.gov.lk/web/images/divisions/Legal/report_Deliverable_3_PDF_2.pdf,
phone,pass,Published phone: 0000014254 ,https://mpclg.gov.lk/web/images/divisions/Legal/report_Deliverable_3_PDF_2.pdf,
phone,pass,Published phone: 0000078446 ,https://mpclg.gov.lk/web/images/divisions/Legal/report_Deliverable_3_PDF_2.pdf,
phone,pass,Published phone: 0000006274 ,https://mpclg.gov.lk/web/images/divisions/Legal/report_Deliverable_3_PDF_2.pdf,
phone,pass,Published phone: 00 444 278 50,https://mpclg.gov.lk/web/images/divisions/Legal/report_Deliverable_3_PDF_2.pdf,
phone,pass,Published phone: 00 500 278 27,https://mpclg.gov.lk/web/images/divisions/Legal/report_Deliverable_3_PDF_2.pdf,
phone,pass,Published phone: 0000005463 ,https://mpclg.gov.lk/web/images/divisions/Legal/report_Deliverable_3_PDF_2.pdf,
phone,pass,Published phone: 0000460325 ,https://mpclg.gov.lk/web/images/divisions/Legal/report_Deliverable_3_PDF_2.pdf,
phone,pass,Published phone: 0000419483 ,https://mpclg.gov.lk/web/images/divisions/Legal/report_Deliverable_3_PDF_2.pdf,
phone,pass,Published phone: 0000541795 ,https://mpclg.gov.lk/web/images/divisions/Legal/report_Deliverable_3_PDF_2.pdf,
phone,pass,Published phone: 0000495817 ,https://mpclg.gov.lk/web/images/divisions/Legal/report_Deliverable_3_PDF_2.pdf,
phone,pass,Published phone: 0000020309 ,https://mpclg.gov.lk/web/images/divisions/Legal/report_Deliverable_3_PDF_2.pdf,
phone,pass,Published phone: 0000369203 ,https://mpclg.gov.lk/web/images/divisions/Legal/report_Deliverable_3_PDF_2.pdf,
phone,pass,Published phone: 0000469415 ,https://mpclg.gov.lk/web/images/divisions/Legal/report_Deliverable_3_PDF_2.pdf,
phone,pass,Published phone: 0000430481 ,https://mpclg.gov.lk/web/images/divisions/Legal/report_Deliverable_3_PDF_2.pdf,
phone,pass,Published phone: 0000361650 ,https://mpclg.gov.lk/web/images/divisions/Legal/report_Deliverable_3_PDF_2.pdf,
phone,pass,Published phone: 0000574585 ,https://mpclg.gov.lk/web/images/divisions/Legal/report_Deliverable_3_PDF_2.pdf,
phone,pass,Published phone: 0000499673 ,https://mpclg.gov.lk/web/images/divisions/Legal/report_Deliverable_3_PDF_2.pdf,
phone,pass,Published phone: 0000825692 ,https://mpclg.gov.lk/web/images/divisions/Legal/report_Deliverable_3_PDF_2.pdf,
phone,pass,Published phone: 0000785070 ,https://mpclg.gov.lk/web/images/divisions/Legal/report_Deliverable_3_PDF_2.pdf,
phone,pass,Published phone: 0000564972 ,https://mpclg.gov.lk/web/images/divisions/Legal/report_Deliverable_3_PDF_2.pdf,
phone,pass,Published phone: 0000838981 ,https://mpclg.gov.lk/web/images/divisions/Legal/report_Deliverable_3_PDF_2.pdf,
phone,pass,Published phone: 0000361369 ,https://mpclg.gov.lk/web/images/divisions/Legal/report_Deliverable_3_PDF_2.pdf,
phone,pass,Published phone: 0000463745 ,https://mpclg.gov.lk/web/images/divisions/Legal/report_Deliverable_3_PDF_2.pdf,
phone,pass,Published phone: 0000050540 ,https://mpclg.gov.lk/web/images/divisions/Legal/report_Deliverable_3_PDF_2.pdf,
phone,pass,Published phone: 0000466938 ,https://mpclg.gov.lk/web/images/divisions/Legal/report_Deliverable_3_PDF_2.pdf,
phone,pass,Published phone: 0000905986 ,https://mpclg.gov.lk/web/images/divisions/Legal/report_Deliverable_3_PDF_2.pdf,
phone,pass,Published phone: 0000023181 ,https://mpclg.gov.lk/web/images/divisions/Legal/report_Deliverable_3_PDF_2.pdf,
phone,pass,Published phone: 0000538448 ,https://mpclg.gov.lk/web/images/divisions/Legal/report_Deliverable_3_PDF_2.pdf,
phone,pass,Published phone: 00 722 500 50,https://mpclg.gov.lk/web/images/divisions/Legal/report_Deliverable_3_PDF_2.pdf,
phone,pass,Published phone: 0000079995 ,https://mpclg.gov.lk/web/images/divisions/Legal/report_Deliverable_3_PDF_2.pdf,
phone,pass,Published phone: 0000130461 ,https://mpclg.gov.lk/web/images/divisions/Legal/report_Deliverable_3_PDF_2.pdf,
phone,pass,Published phone: 0000783764 ,https://mpclg.gov.lk/web/images/divisions/Legal/report_Deliverable_3_PDF_2.pdf,
phone,pass,Published phone: 0000403914 ,https://mpclg.gov.lk/web/images/divisions/Legal/report_Deliverable_3_PDF_2.pdf,
phone,pass,Published phone: 0000453837 ,https://mpclg.gov.lk/web/images/divisions/Legal/report_Deliverable_3_PDF_2.pdf,
phone,pass,Published phone: 0000372193 ,https://mpclg.gov.lk/web/images/divisions/Legal/report_Deliverable_3_PDF_2.pdf,
phone,pass,Published phone: 0000366265 ,https://mpclg.gov.lk/web/images/divisions/Legal/report_Deliverable_3_PDF_2.pdf,
phone,pass,Published phone: 0000570601 ,https://mpclg.gov.lk/web/images/divisions/Legal/report_Deliverable_3_PDF_2.pdf,
phone,pass,Published phone: 0 722 667 722 ,https://mpclg.gov.lk/web/images/divisions/Legal/report_Deliverable_3_PDF_2.pdf,
phone,pass,Published phone: 0000040430 ,https://mpclg.gov.lk/web/images/divisions/Legal/report_Deliverable_3_PDF_2.pdf,
phone,pass,Published phone: 0000523605 ,https://mpclg.gov.lk/web/images/divisions/Legal/report_Deliverable_3_PDF_2.pdf,
phone,pass,Published phone: 0 500 278 278 ,https://mpclg.gov.lk/web/images/divisions/Legal/report_Deliverable_3_PDF_2.pdf,
phone,pass,Published phone: 0000026534 ,https://mpclg.gov.lk/web/images/divisions/Legal/report_Deliverable_3_PDF_2.pdf,
phone,pass,Published phone: 0000388263 ,https://mpclg.gov.lk/web/images/divisions/Legal/report_Deliverable_3_PDF_2.pdf,
phone,pass,Published phone: 0000001021 ,https://mpclg.gov.lk/web/images/divisions/Legal/report_Deliverable_3_PDF_2.pdf,
phone,pass,Published phone: 0000360979 ,https://mpclg.gov.lk/web/images/divisions/Legal/report_Deliverable_3_PDF_2.pdf,
phone,pass,Published phone: 0000030823 ,https://mpclg.gov.lk/web/images/divisions/Legal/report_Deliverable_3_PDF_2.pdf,
phone,pass,Published phone: 00 500 500 33,https://mpclg.gov.lk/web/images/divisions/Legal/report_Deliverable_3_PDF_2.pdf,
phone,pass,Published phone: 0000060371 ,https://mpclg.gov.lk/web/images/divisions/Legal/report_Deliverable_3_PDF_2.pdf,
phone,pass,Published phone: 0000784780 ,https://mpclg.gov.lk/web/images/divisions/Legal/report_Deliverable_3_PDF_2.pdf,
phone,pass,Published phone: 0000555660 ,https://mpclg.gov.lk/web/images/divisions/Legal/report_Deliverable_3_PDF_2.pdf,
phone,pass,Published phone: 0000069842 ,https://mpclg.gov.lk/web/images/divisions/Legal/report_Deliverable_3_PDF_2.pdf,
phone,pass,Published phone: 0000435258 ,https://mpclg.gov.lk/web/images/divisions/Legal/report_Deliverable_3_PDF_2.pdf,
phone,pass,Published phone: 0000369033 ,https://mpclg.gov.lk/web/images/divisions/Legal/report_Deliverable_3_PDF_2.pdf,
phone,pass,Published phone: 0000017024 ,https://mpclg.gov.lk/web/images/divisions/Legal/report_Deliverable_3_PDF_2.pdf,
phone,pass,Published phone: 00 444 333 50,https://mpclg.gov.lk/web/images/divisions/Legal/report_Deliverable_3_PDF_2.pdf,
phone,pass,Published phone: 0000411141 ,https://mpclg.gov.lk/web/images/divisions/Legal/report_Deliverable_3_PDF_2.pdf,
phone,pass,Published phone: 0000499429 ,https://mpclg.gov.lk/web/images/divisions/Legal/report_Deliverable_3_PDF_2.pdf,
phone,pass,Published phone: 0000433866 ,https://mpclg.gov.lk/web/images/divisions/Legal/report_Deliverable_3_PDF_2.pdf,
phone,pass,Published phone: 00 333 0 0 0 0 0 ,https://mpclg.gov.lk/web/images/divisions/Legal/report_Deliverable_3_PDF_2.pdf,
phone,pass,Published phone: 0000002685 ,https://mpclg.gov.lk/web/images/divisions/Legal/report_Deliverable_3_PDF_2.pdf,
phone,pass,Published phone: 0000105889 ,https://mpclg.gov.lk/web/images/divisions/Legal/report_Deliverable_3_PDF_2.pdf,
phone,pass,Published phone: 0 667 556 611 ,https://mpclg.gov.lk/web/images/divisions/Legal/report_Deliverable_3_PDF_2.pdf,
phone,pass,Published phone: 0000434135 ,https://mpclg.gov.lk/web/images/divisions/Legal/report_Deliverable_3_PDF_2.pdf,
phone,pass,Published phone: 0000511312 ,https://mpclg.gov.lk/web/images/divisions/Legal/report_Deliverable_3_PDF_2.pdf,
phone,pass,Published phone: 0000369445 ,https://mpclg.gov.lk/web/images/divisions/Legal/report_Deliverable_3_PDF_2.pdf,
phone,pass,Published phone: 0000496949 ,https://mpclg.gov.lk/web/images/divisions/Legal/report_Deliverable_3_PDF_2.pdf,
phone,pass,Published phone: 0000037623 ,https://mpclg.gov.lk/web/images/divisions/Legal/report_Deliverable_3_PDF_2.pdf,
phone,pass,Published phone: 00 278 778 50,https://mpclg.gov.lk/web/images/divisions/Legal/report_Deliverable_3_PDF_2.pdf,
phone,pass,Published phone: 0000285180 ,https://mpclg.gov.lk/web/images/divisions/Legal/report_Deliverable_3_PDF_2.pdf,
phone,pass,Published phone: 0000369370 ,https://mpclg.gov.lk/web/images/divisions/Legal/report_Deliverable_3_PDF_2.pdf,
phone,pass,Published phone: 0 333 250 278 ,https://mpclg.gov.lk/web/images/divisions/Legal/report_Deliverable_3_PDF_2.pdf,
phone,pass,Published phone: 0000063749 ,https://mpclg.gov.lk/web/images/divisions/Legal/report_Deliverable_3_PDF_2.pdf,
phone,pass,Published phone: 0000053612 ,https://mpclg.gov.lk/web/images/divisions/Legal/report_Deliverable_3_PDF_2.pdf,
phone,pass,Published phone: 0000500749 ,https://mpclg.gov.lk/web/images/divisions/Legal/report_Deliverable_3_PDF_2.pdf,
phone,pass,Published phone: 0000063473 ,https://mpclg.gov.lk/web/images/divisions/Legal/report_Deliverable_3_PDF_2.pdf,
phone,pass,Published phone: 0000381846 ,https://mpclg.gov.lk/web/images/divisions/Legal/report_Deliverable_3_PDF_2.pdf,
phone,pass,Published phone: 0000839309 ,https://mpclg.gov.lk/web/images/divisions/Legal/report_Deliverable_3_PDF_2.pdf,
phone,pass,Published phone: 0000472698 ,https://mpclg.gov.lk/web/images/divisions/Legal/report_Deliverable_3_PDF_2.pdf,
phone,pass,Published phone: 0000423428 ,https://mpclg.gov.lk/web/images/divisions/Legal/report_Deliverable_3_PDF_2.pdf,
phone,pass,Published phone: 0 0 841.92 595.,https://mpclg.gov.lk/web/images/divisions/Legal/report_Deliverable_3_PDF_2.pdf,
phone,pass,Published phone: 0000529130 ,https://mpclg.gov.lk/web/images/divisions/Legal/report_Deliverable_3_PDF_2.pdf,
phone,pass,Published phone: 0 0 250 333 25,https://mpclg.gov.lk/web/images/divisions/Legal/report_Deliverable_3_PDF_2.pdf,
phone,pass,Published phone: 0000500461 ,https://mpclg.gov.lk/web/images/divisions/Legal/report_Deliverable_3_PDF_2.pdf,
phone,pass,Published phone: 0000543934 ,https://mpclg.gov.lk/web/images/divisions/Legal/report_Deliverable_3_PDF_2.pdf,
phone,pass,Published phone: 0000034098 ,https://mpclg.gov.lk/web/images/divisions/Legal/report_Deliverable_3_PDF_2.pdf,
phone,pass,Published phone: 0000541516 ,https://mpclg.gov.lk/web/images/divisions/Legal/report_Deliverable_3_PDF_2.pdf,
phone,pass,Published phone: 0000784198 ,https://mpclg.gov.lk/web/images/divisions/Legal/report_Deliverable_3_PDF_2.pdf,
phone,pass,Published phone: 0000567863 ,https://mpclg.gov.lk/web/images/divisions/Legal/report_Deliverable_3_PDF_2.pdf,
phone,pass,Published phone: 0000511560 ,https://mpclg.gov.lk/web/images/divisions/Legal/report_Deliverable_3_PDF_2.pdf,
phone,pass,Published phone: 0000552555 ,https://mpclg.gov.lk/web/images/divisions/Legal/report_Deliverable_3_PDF_2.pdf,
phone,pass,Published phone: 0 500 500 500 ,https://mpclg.gov.lk/web/images/divisions/Legal/report_Deliverable_3_PDF_2.pdf,
phone,pass,Published phone: 0000469669 ,https://mpclg.gov.lk/web/images/divisions/Legal/report_Deliverable_3_PDF_2.pdf,
phone,pass,Published phone: 0000574039 ,https://mpclg.gov.lk/web/images/divisions/Legal/report_Deliverable_3_PDF_2.pdf,
phone,pass,Published phone: 0000352491 ,https://mpclg.gov.lk/web/images/divisions/Legal/report_Deliverable_3_PDF_2.pdf,
phone,pass,Published phone: 0000348912 ,https://mpclg.gov.lk/web/images/divisions/Legal/report_Deliverable_3_PDF_2.pdf,
phone,pass,Published phone: 0000466659 ,https://mpclg.gov.lk/web/images/divisions/Legal/report_Deliverable_3_PDF_2.pdf,
phone,pass,Published phone: 0000301728 ,https://mpclg.gov.lk/web/images/divisions/Legal/report_Deliverable_3_PDF_2.pdf,
phone,pass,Published phone: 0000509783 ,https://mpclg.gov.lk/web/images/divisions/Legal/report_Deliverable_3_PDF_2.pdf,
phone,pass,Published phone: 0000066533 ,https://mpclg.gov.lk/web/images/divisions/Legal/report_Deliverable_3_PDF_2.pdf,
phone,pass,Published phone: 0000094787 ,https://mpclg.gov.lk/web/images/divisions/Legal/report_Deliverable_3_PDF_2.pdf,
phone,pass,Published phone: 0000098563 ,https://mpclg.gov.lk/web/images/divisions/Legal/report_Deliverable_3_PDF_2.pdf,
phone,pass,Published phone: 0 314 000000,https://mpclg.gov.lk/web/images/divisions/Legal/report_Deliverable_3_PDF_2.pdf,
phone,pass,Published phone: 0000027319 ,https://mpclg.gov.lk/web/images/divisions/Legal/report_Deliverable_3_PDF_2.pdf,
phone,pass,Published phone: 0000006933 ,https://mpclg.gov.lk/web/images/divisions/Legal/report_Deliverable_3_PDF_2.pdf,
phone,pass,Published phone: 0000053326 ,https://mpclg.gov.lk/web/images/divisions/Legal/report_Deliverable_3_PDF_2.pdf,
phone,pass,Published phone: 0000547312 ,https://mpclg.gov.lk/web/images/divisions/Legal/report_Deliverable_3_PDF_2.pdf,
phone,pass,Published phone: 0000349170 ,https://mpclg.gov.lk/web/images/divisions/Legal/report_Deliverable_3_PDF_2.pdf,
phone,pass,Published phone: 0000521261 ,https://mpclg.gov.lk/web/images/divisions/Legal/report_Deliverable_3_PDF_2.pdf,
phone,pass,Published phone: 0000371938 ,https://mpclg.gov.lk/web/images/divisions/Legal/report_Deliverable_3_PDF_2.pdf,
phone,pass,Published phone: 0000002434 ,https://mpclg.gov.lk/web/images/divisions/Legal/report_Deliverable_3_PDF_2.pdf,
phone,pass,Published phone: 0 333 333 0 0 2,https://mpclg.gov.lk/web/images/divisions/Legal/report_Deliverable_3_PDF_2.pdf,
phone,pass,Published phone: 0000528829 ,https://mpclg.gov.lk/web/images/divisions/Legal/report_Deliverable_3_PDF_2.pdf,
phone,pass,Published phone: 00 556 278 33,https://mpclg.gov.lk/web/images/divisions/Legal/report_Deliverable_3_PDF_2.pdf,
phone,pass,Published phone: 0000438117 ,https://mpclg.gov.lk/web/images/divisions/Legal/report_Deliverable_3_PDF_2.pdf,
phone,pass,Published phone: 0000511485 ,https://mpclg.gov.lk/web/images/divisions/Legal/report_Deliverable_3_PDF_2.pdf,
phone,pass,Published phone: 0000066247 ,https://mpclg.gov.lk/web/images/divisions/Legal/report_Deliverable_3_PDF_2.pdf,
phone,pass,Published phone: 0000385015 ,https://mpclg.gov.lk/web/images/divisions/Legal/report_Deliverable_3_PDF_2.pdf,
phone,pass,Published phone: 000 722 0 0 33,https://mpclg.gov.lk/web/images/divisions/Legal/report_Deliverable_3_PDF_2.pdf,
phone,pass,Published phone: 0 0 595.32 841.,https://mpclg.gov.lk/web/images/divisions/Legal/report_Deliverable_3_PDF_2.pdf,
phone,pass,Published phone: 0000487807 ,https://mpclg.gov.lk/web/images/divisions/Legal/report_Deliverable_3_PDF_2.pdf,
phone,pass,Published phone: 0000006410 ,https://mpclg.gov.lk/web/images/divisions/Legal/report_Deliverable_3_PDF_2.pdf,
phone,pass,Published phone: 0 0 0 0 0 0 0 0 0 0 ,https://mpclg.gov.lk/web/images/divisions/Legal/report_Deliverable_3_PDF_2.pdf,
phone,pass,Published phone: 0000079719 ,https://mpclg.gov.lk/web/images/divisions/Legal/report_Deliverable_3_PDF_2.pdf,
phone,pass,Published phone: 0000216133 ,https://mpclg.gov.lk/web/images/divisions/Legal/report_Deliverable_3_PDF_2.pdf,
phone,pass,Published phone: 0000517714 ,https://mpclg.gov.lk/web/images/divisions/Legal/report_Deliverable_3_PDF_2.pdf,
phone,pass,Published phone: 0000069600 ,https://mpclg.gov.lk/web/images/divisions/Legal/report_Deliverable_3_PDF_2.pdf,
phone,pass,Published phone: 0000301165 ,https://mpclg.gov.lk/web/images/divisions/Legal/report_Deliverable_3_PDF_2.pdf,
phone,pass,Published phone: 0000354900 ,https://mpclg.gov.lk/web/images/divisions/Legal/report_Deliverable_3_PDF_2.pdf,
phone,pass,Published phone: 0000033822 ,https://mpclg.gov.lk/web/images/divisions/Legal/report_Deliverable_3_PDF_2.pdf,
phone,pass,Published phone: 0000454127 ,https://mpclg.gov.lk/web/images/divisions/Legal/report_Deliverable_3_PDF_2.pdf,
phone,pass,Published phone: 0000427141 ,https://mpclg.gov.lk/web/images/divisions/Legal/report_Deliverable_3_PDF_2.pdf,
phone,pass,Published phone: 0000030547 ,https://mpclg.gov.lk/web/images/divisions/Legal/report_Deliverable_3_PDF_2.pdf,
phone,pass,Published phone: 0000284851 ,https://mpclg.gov.lk/web/images/divisions/Legal/report_Deliverable_3_PDF_2.pdf,
phone,pass,Published phone: 0000002328 ,https://mpclg.gov.lk/web/images/divisions/Legal/report_Deliverable_3_PDF_2.pdf,
phone,pass,Published phone: 0000049996 ,https://mpclg.gov.lk/web/images/divisions/Legal/report_Deliverable_3_PDF_2.pdf,
phone,pass,Published phone: 0000526143 ,https://mpclg.gov.lk/web/images/divisions/Legal/report_Deliverable_3_PDF_2.pdf,
phone,pass,Published phone: 0000526433 ,https://mpclg.gov.lk/web/images/divisions/Legal/report_Deliverable_3_PDF_2.pdf,
phone,pass,Published phone: 0000002087 ,https://mpclg.gov.lk/web/images/divisions/Legal/report_Deliverable_3_PDF_2.pdf,
phone,pass,Published phone: 0000475777 ,https://mpclg.gov.lk/web/images/divisions/Legal/report_Deliverable_3_PDF_2.pdf,
phone,pass,Published phone: 0 500 444 0 0 0 ,https://mpclg.gov.lk/web/images/divisions/Legal/report_Deliverable_3_PDF_2.pdf,
phone,pass,Published phone: 0000001275 ,https://mpclg.gov.lk/web/images/divisions/Legal/report_Deliverable_3_PDF_2.pdf,
phone,pass,Published phone: 0000361401 ,https://mpclg.gov.lk/web/images/divisions/Legal/report_Deliverable_3_PDF_2.pdf,
phone,pass,Published phone: 0000255096 ,https://mpclg.gov.lk/web/images/divisions/Legal/report_Deliverable_3_PDF_2.pdf,
phone,pass,Published phone: 0000544222 ,https://mpclg.gov.lk/web/images/divisions/Legal/report_Deliverable_3_PDF_2.pdf,
phone,pass,Published phone: 0000514941 ,https://mpclg.gov.lk/web/images/divisions/Legal/report_Deliverable_3_PDF_2.pdf,
phone,pass,Published phone: 0000020067 ,https://mpclg.gov.lk/web/images/divisions/Legal/report_Deliverable_3_PDF_2.pdf,
phone,pass,Published phone: 0000050244 ,https://mpclg.gov.lk/web/images/divisions/Legal/report_Deliverable_3_PDF_2.pdf,
phone,pass,Published phone: 0000365458 ,https://mpclg.gov.lk/web/images/divisions/Legal/report_Deliverable_3_PDF_2.pdf,
phone,pass,Published phone: 0000090126 ,https://mpclg.gov.lk/web/images/divisions/Legal/report_Deliverable_3_PDF_2.pdf,
phone,pass,Published phone: 0000167465 ,https://mpclg.gov.lk/web/images/divisions/Legal/report_Deliverable_3_PDF_2.pdf,
phone,pass,Published phone: 0000107956 ,https://mpclg.gov.lk/web/images/divisions/Legal/report_Deliverable_3_PDF_2.pdf,
phone,pass,Published phone: 0000082178 ,https://mpclg.gov.lk/web/images/divisions/Legal/report_Deliverable_3_PDF_2.pdf,
phone,pass,Published phone: 0000394927 ,https://mpclg.gov.lk/web/images/divisions/Legal/report_Deliverable_3_PDF_2.pdf,
phone,pass,Published phone: 0000416547 ,https://mpclg.gov.lk/web/images/divisions/Legal/report_Deliverable_3_PDF_2.pdf,
phone,pass,Published phone: 00 556 444 55,https://mpclg.gov.lk/web/images/divisions/Legal/report_Deliverable_3_PDF_2.pdf,
phone,pass,Published phone: 0000082445 ,https://mpclg.gov.lk/web/images/divisions/Legal/report_Deliverable_3_PDF_2.pdf,
phone,pass,Published phone: 0 278 500 500 ,https://mpclg.gov.lk/web/images/divisions/Legal/report_Deliverable_3_PDF_2.pdf,
phone,pass,Published phone: 0000090759 ,https://mpclg.gov.lk/web/images/divisions/Legal/report_Deliverable_3_PDF_2.pdf,
phone,pass,Published phone: 0000450668 ,https://mpclg.gov.lk/web/images/divisions/Legal/report_Deliverable_3_PDF_2.pdf,
phone,pass,Published phone: 0000570880 ,https://mpclg.gov.lk/web/images/divisions/Legal/report_Deliverable_3_PDF_2.pdf,
phone,pass,Published phone: 0000005863 ,https://mpclg.gov.lk/web/images/divisions/Legal/report_Deliverable_3_PDF_2.pdf,
phone,pass,Published phone: 0000558422 ,https://mpclg.gov.lk/web/images/divisions/Legal/report_Deliverable_3_PDF_2.pdf,
phone,pass,Published phone: 0000419354 ,https://mpclg.gov.lk/web/images/divisions/Legal/report_Deliverable_3_PDF_2.pdf,
phone,pass,Published phone: 0000374711 ,https://mpclg.gov.lk/web/images/divisions/Legal/report_Deliverable_3_PDF_2.pdf,
phone,pass,Published phone: 0000301462 ,https://mpclg.gov.lk/web/images/divisions/Legal/report_Deliverable_3_PDF_2.pdf,
phone,pass,Published phone: 0000108249 ,https://mpclg.gov.lk/web/images/divisions/Legal/report_Deliverable_3_PDF_2.pdf,
phone,pass,Published phone: 0000396995 ,https://mpclg.gov.lk/web/images/divisions/Legal/report_Deliverable_3_PDF_2.pdf,
phone,pass,Published phone: 0000476056 ,https://mpclg.gov.lk/web/images/divisions/Legal/report_Deliverable_3_PDF_2.pdf,
phone,pass,Published phone: 0000918342 ,https://mpclg.gov.lk/web/images/divisions/Legal/report_Deliverable_3_PDF_2.pdf,
phone,pass,Published phone: 0000072563 ,https://mpclg.gov.lk/web/images/divisions/Legal/report_Deliverable_3_PDF_2.pdf,
phone,pass,Published phone: 0000935803 ,https://mpclg.gov.lk/web/images/divisions/Legal/report_Deliverable_3_PDF_2.pdf,
phone,pass,Published phone: 0000538149 ,https://mpclg.gov.lk/web/images/divisions/Legal/report_Deliverable_3_PDF_2.pdf,
phone,pass,Published phone: 0000049815 ,https://mpclg.gov.lk/web/images/divisions/Legal/report_Deliverable_3_PDF_2.pdf,
phone,pass,Published phone: 00 444 667 44,https://mpclg.gov.lk/web/images/divisions/Legal/report_Deliverable_3_PDF_2.pdf,
phone,pass,Published phone: 0000369171 ,https://mpclg.gov.lk/web/images/divisions/Legal/report_Deliverable_3_PDF_2.pdf,
phone,pass,Published phone: 0000026564 ,https://mpclg.gov.lk/web/images/divisions/Legal/report_Deliverable_3_PDF_2.pdf,
phone,pass,Published phone: 0000512110 ,https://mpclg.gov.lk/web/images/divisions/Legal/report_Deliverable_3_PDF_2.pdf,
phone,pass,Published phone: 0000446811 ,https://mpclg.gov.lk/web/images/divisions/Legal/report_Deliverable_3_PDF_2.pdf,
phone,pass,Published phone: 0000007219 ,https://mpclg.gov.lk/web/images/divisions/Legal/report_Deliverable_3_PDF_2.pdf,
phone,pass,Published phone: 0000045475 ,https://mpclg.gov.lk/web/images/divisions/Legal/report_Deliverable_3_PDF_2.pdf,
phone,pass,Published phone: 0000284564 ,https://mpclg.gov.lk/web/images/divisions/Legal/report_Deliverable_3_PDF_2.pdf,
phone,pass,Published phone: 0000511136 ,https://mpclg.gov.lk/web/images/divisions/Legal/report_Deliverable_3_PDF_2.pdf,
phone,pass,Published phone: 0000419748 ,https://mpclg.gov.lk/web/images/divisions/Legal/report_Deliverable_3_PDF_2.pdf,
phone,pass,Published phone: 0000551415 ,https://mpclg.gov.lk/web/images/divisions/Legal/report_Deliverable_3_PDF_2.pdf,
phone,pass,Published phone: 0000423683 ,https://mpclg.gov.lk/web/images/divisions/Legal/report_Deliverable_3_PDF_2.pdf,
phone,pass,Published phone: 0 0 667 944 72,https://mpclg.gov.lk/web/images/divisions/Legal/report_Deliverable_3_PDF_2.pdf,
phone,pass,Published phone: 0000102473 ,https://mpclg.gov.lk/web/images/divisions/Legal/report_Deliverable_3_PDF_2.pdf,
phone,pass,Published phone: 0000555381 ,https://mpclg.gov.lk/web/images/divisions/Legal/report_Deliverable_3_PDF_2.pdf,
phone,pass,Published phone: 0000463466 ,https://mpclg.gov.lk/web/images/divisions/Legal/report_Deliverable_3_PDF_2.pdf,
phone,pass,Published phone: 0000060647 ,https://mpclg.gov.lk/web/images/divisions/Legal/report_Deliverable_3_PDF_2.pdf,
phone,pass,Published phone: 0000254709 ,https://mpclg.gov.lk/web/images/divisions/Legal/report_Deliverable_3_PDF_2.pdf,
phone,pass,Published phone: 0000435004 ,https://mpclg.gov.lk/web/images/divisions/Legal/report_Deliverable_3_PDF_2.pdf,
phone,pass,Published phone: 0000407069 ,https://mpclg.gov.lk/web/images/divisions/Legal/report_Deliverable_3_PDF_2.pdf,
phone,pass,Published phone: 0000414253 ,https://mpclg.gov.lk/web/images/divisions/Legal/report_Deliverable_3_PDF_2.pdf,
phone,pass,Published phone: 0000130801 ,https://mpclg.gov.lk/web/images/divisions/Legal/report_Deliverable_3_PDF_2.pdf,
phone,pass,Published phone: 0000358404 ,https://mpclg.gov.lk/web/images/divisions/Legal/report_Deliverable_3_PDF_2.pdf,
phone,pass,Published phone: 0 0 0 0 0 0 0 444,https://mpclg.gov.lk/web/images/divisions/Legal/report_Deliverable_3_PDF_2.pdf,
phone,pass,Published phone: 0000426862 ,https://mpclg.gov.lk/web/images/divisions/Legal/report_Deliverable_3_PDF_2.pdf,
phone,pass,Published phone: 0000075430 ,https://mpclg.gov.lk/web/images/divisions/Legal/report_Deliverable_3_PDF_2.pdf,
phone,pass,Published phone: 0000354666 ,https://mpclg.gov.lk/web/images/divisions/Legal/report_Deliverable_3_PDF_2.pdf,
phone,pass,Published phone: 0000215932 ,https://mpclg.gov.lk/web/images/divisions/Legal/report_Deliverable_3_PDF_2.pdf,
phone,pass,Published phone: 0 333 0 333 0 0 ,https://mpclg.gov.lk/web/images/divisions/Legal/report_Deliverable_3_PDF_2.pdf,
phone,pass,Published phone: 0000523893 ,https://mpclg.gov.lk/web/images/divisions/Legal/report_Deliverable_3_PDF_2.pdf,
phone,pass,Published phone: 0000445458 ,https://mpclg.gov.lk/web/images/divisions/Legal/report_Deliverable_3_PDF_2.pdf,
phone,pass,Published phone: 0000072849 ,https://mpclg.gov.lk/web/images/divisions/Legal/report_Deliverable_3_PDF_2.pdf,
phone,pass,Published phone: 0000407348 ,https://mpclg.gov.lk/web/images/divisions/Legal/report_Deliverable_3_PDF_2.pdf,
phone,pass,Published phone: 0000419673 ,https://mpclg.gov.lk/web/images/divisions/Legal/report_Deliverable_3_PDF_2.pdf,
phone,pass,Published phone: 0000496086 ,https://mpclg.gov.lk/web/images/divisions/Legal/report_Deliverable_3_PDF_2.pdf,
phone,pass,Published phone: 0000017276 ,https://mpclg.gov.lk/web/images/divisions/Legal/report_Deliverable_3_PDF_2.pdf,
phone,pass,Published phone: 0000509524 ,https://mpclg.gov.lk/web/images/divisions/Legal/report_Deliverable_3_PDF_2.pdf,
phone,pass,Published phone: 0000515208 ,https://mpclg.gov.lk/web/images/divisions/Legal/report_Deliverable_3_PDF_2.pdf,
phone,pass,Published phone: 0000369947 ,https://mpclg.gov.lk/web/images/divisions/Legal/report_Deliverable_3_PDF_2.pdf,
phone,pass,Published phone: 0000480758 ,https://mpclg.gov.lk/web/images/divisions/Legal/report_Deliverable_3_PDF_2.pdf,
phone,pass,Published phone: 0000450422 ,https://mpclg.gov.lk/web/images/divisions/Legal/report_Deliverable_3_PDF_2.pdf,
phone,pass,Published phone: 0000561572 ,https://mpclg.gov.lk/web/images/divisions/Legal/report_Deliverable_3_PDF_2.pdf,
phone,pass,Published phone: 0000026393 ,https://mpclg.gov.lk/web/images/divisions/Legal/report_Deliverable_3_PDF_2.pdf,
phone,pass,Published phone: 0000489365 ,https://mpclg.gov.lk/web/images/divisions/Legal/report_Deliverable_3_PDF_2.pdf,
phone,pass,Published phone: 0000005631 ,https://mpclg.gov.lk/web/images/divisions/Legal/report_Deliverable_3_PDF_2.pdf,
phone,pass,Published phone: 0000027067 ,https://mpclg.gov.lk/web/images/divisions/Legal/report_Deliverable_3_PDF_2.pdf,
phone,pass,Published phone: 0000785098 ,https://mpclg.gov.lk/web/images/divisions/Legal/report_Deliverable_3_PDF_2.pdf,
phone,pass,Published phone: 0000010317 ,https://mpclg.gov.lk/web/images/divisions/Legal/report_Deliverable_3_PDF_2.pdf,
phone,pass,Published phone: 0000567594 ,https://mpclg.gov.lk/web/images/divisions/Legal/report_Deliverable_3_PDF_2.pdf,
phone,pass,Published phone: 0000935660 ,https://mpclg.gov.lk/web/images/divisions/Legal/report_Deliverable_3_PDF_2.pdf,
phone,pass,Published phone: 0000484216 ,https://mpclg.gov.lk/web/images/divisions/Legal/report_Deliverable_3_PDF_2.pdf,
phone,pass,Published phone: 0000001910 ,https://mpclg.gov.lk/web/images/divisions/Legal/report_Deliverable_3_PDF_2.pdf,
phone,pass,Published phone: 0000503424 ,https://mpclg.gov.lk/web/images/divisions/Legal/report_Deliverable_3_PDF_2.pdf,
phone,pass,Published phone: 0000404183 ,https://mpclg.gov.lk/web/images/divisions/Legal/report_Deliverable_3_PDF_2.pdf,
phone,pass,Published phone: 0000674931 ,https://mpclg.gov.lk/web/images/divisions/Legal/report_Deliverable_3_PDF_2.pdf,
phone,pass,Published phone: 0000674179 ,https://mpclg.gov.lk/web/images/divisions/Legal/report_Deliverable_3_PDF_2.pdf,
phone,pass,Published phone: 0000416247 ,https://mpclg.gov.lk/web/images/divisions/Legal/report_Deliverable_3_PDF_2.pdf,
phone,pass,Published phone: 0000674556 ,https://mpclg.gov.lk/web/images/divisions/Legal/report_Deliverable_3_PDF_2.pdf,
phone,pass,Published phone: 0000000078 ,https://mpclg.gov.lk/web/images/divisions/Legal/report_Deliverable_3_PDF_2.pdf,
phone,pass,Published phone: 0000518015 ,https://mpclg.gov.lk/web/images/divisions/Legal/report_Deliverable_3_PDF_2.pdf,
phone,pass,Published phone: 0000391918 ,https://mpclg.gov.lk/web/images/divisions/Legal/report_Deliverable_3_PDF_2.pdf,
phone,pass,Published phone: 0000496684 ,https://mpclg.gov.lk/web/images/divisions/Legal/report_Deliverable_3_PDF_2.pdf,
phone,pass,Published phone: 0000511822 ,https://mpclg.gov.lk/web/images/divisions/Legal/report_Deliverable_3_PDF_2.pdf,
phone,pass,Published phone: 0000040716 ,https://mpclg.gov.lk/web/images/divisions/Legal/report_Deliverable_3_PDF_2.pdf,
phone,pass,Published phone: 0000037371 ,https://mpclg.gov.lk/web/images/divisions/Legal/report_Deliverable_3_PDF_2.pdf,
phone,pass,Published phone: 0000489077 ,https://mpclg.gov.lk/web/images/divisions/Legal/report_Deliverable_3_PDF_2.pdf,
phone,pass,Published phone: 0000483926 ,https://mpclg.gov.lk/web/images/divisions/Legal/report_Deliverable_3_PDF_2.pdf,
phone,pass,Published phone: 0000358147 ,https://mpclg.gov.lk/web/images/divisions/Legal/report_Deliverable_3_PDF_2.pdf,
phone,pass,Published phone: 0000006604 ,https://mpclg.gov.lk/web/images/divisions/Legal/report_Deliverable_3_PDF_2.pdf,
phone,pass,Published phone: 0000010559 ,https://mpclg.gov.lk/web/images/divisions/Legal/report_Deliverable_3_PDF_2.pdf,
phone,pass,Published phone: 0000575104 ,https://mpclg.gov.lk/web/images/divisions/Legal/report_Deliverable_3_PDF_2.pdf,
phone,pass,Published phone: 0000374965 ,https://mpclg.gov.lk/web/images/divisions/Legal/report_Deliverable_3_PDF_2.pdf,
phone,pass,Published phone: 0000420227 ,https://mpclg.gov.lk/web/images/divisions/Legal/report_Deliverable_3_PDF_2.pdf,
phone,pass,Published phone: 0000481057 ,https://mpclg.gov.lk/web/images/divisions/Legal/report_Deliverable_3_PDF_2.pdf,
phone,pass,Published phone: 0000535734 ,https://mpclg.gov.lk/web/images/divisions/Legal/report_Deliverable_3_PDF_2.pdf,
phone,pass,Published phone: 0000479284 ,https://mpclg.gov.lk/web/images/divisions/Legal/report_Deliverable_3_PDF_2.pdf,
phone,pass,Published phone: 0000675368 ,https://mpclg.gov.lk/web/images/divisions/Legal/report_Deliverable_3_PDF_2.pdf,
phone,pass,Published phone: 0000130202 ,https://mpclg.gov.lk/web/images/divisions/Legal/report_Deliverable_3_PDF_2.pdf,
phone,pass,Published phone: 0000506411 ,https://mpclg.gov.lk/web/images/divisions/Legal/report_Deliverable_3_PDF_2.pdf,
phone,pass,Published phone: 0000552255 ,https://mpclg.gov.lk/web/images/divisions/Legal/report_Deliverable_3_PDF_2.pdf,
phone,pass,Published phone: 0000457849 ,https://mpclg.gov.lk/web/images/divisions/Legal/report_Deliverable_3_PDF_2.pdf,
phone,pass,Published phone: 0000006037 ,https://mpclg.gov.lk/web/images/divisions/Legal/report_Deliverable_3_PDF_2.pdf,
phone,pass,Published phone: 0000430236 ,https://mpclg.gov.lk/web/images/divisions/Legal/report_Deliverable_3_PDF_2.pdf,
phone,pass,Published phone: 0000573771 ,https://mpclg.gov.lk/web/images/divisions/Legal/report_Deliverable_3_PDF_2.pdf,
phone,pass,Published phone: 0000006678 ,https://mpclg.gov.lk/web/images/divisions/Legal/report_Deliverable_3_PDF_2.pdf,
phone,pass,Published phone: 0 0 0 0 722 0 0 0 ,https://mpclg.gov.lk/web/images/divisions/Legal/report_Deliverable_3_PDF_2.pdf,
phone,pass,Published phone: 0000006440 ,https://mpclg.gov.lk/web/images/divisions/Legal/report_Deliverable_3_PDF_2.pdf,
phone,pass,Published phone: 0000361575 ,https://mpclg.gov.lk/web/images/divisions/Legal/report_Deliverable_3_PDF_2.pdf,
phone,pass,Published phone: 0000419515 ,https://mpclg.gov.lk/web/images/divisions/Legal/report_Deliverable_3_PDF_2.pdf,
phone,pass,Published phone: 0000026807 ,https://mpclg.gov.lk/web/images/divisions/Legal/report_Deliverable_3_PDF_2.pdf,
phone,pass,Published phone: 0000838937 ,https://mpclg.gov.lk/web/images/divisions/Legal/report_Deliverable_3_PDF_2.pdf,
phone,pass,Published phone: 0000361897 ,https://mpclg.gov.lk/web/images/divisions/Legal/report_Deliverable_3_PDF_2.pdf,
phone,pass,Published phone: 0 444 500 444 ,https://mpclg.gov.lk/web/images/divisions/Legal/report_Deliverable_3_PDF_2.pdf,
phone,pass,Published phone: 0000023443 ,https://mpclg.gov.lk/web/images/divisions/Legal/report_Deliverable_3_PDF_2.pdf,
phone,pass,Published phone: 0000026733 ,https://mpclg.gov.lk/web/images/divisions/Legal/report_Deliverable_3_PDF_2.pdf,
phone,pass,Published phone: 0000472988 ,https://mpclg.gov.lk/web/images/divisions/Legal/report_Deliverable_3_PDF_2.pdf,
phone,pass,Published phone: 0000905685 ,https://mpclg.gov.lk/web/images/divisions/Legal/report_Deliverable_3_PDF_2.pdf,
phone,pass,Published phone: 0 0 0 444 0 722 ,https://mpclg.gov.lk/web/images/divisions/Legal/report_Deliverable_3_PDF_2.pdf,
phone,pass,Published phone: 0000400369 ,https://mpclg.gov.lk/web/images/divisions/Legal/report_Deliverable_3_PDF_2.pdf,
phone,pass,Published phone: 0000366542 ,https://mpclg.gov.lk/web/images/divisions/Legal/report_Deliverable_3_PDF_2.pdf,
phone,pass,Published phone: 0000506701 ,https://mpclg.gov.lk/web/images/divisions/Legal/report_Deliverable_3_PDF_2.pdf,
phone,pass,Published phone: 0000360804 ,https://mpclg.gov.lk/web/images/divisions/Legal/report_Deliverable_3_PDF_2.pdf,
phone,pass,Published phone: 0000098286 ,https://mpclg.gov.lk/web/images/divisions/Legal/report_Deliverable_3_PDF_2.pdf,
phone,pass,Published phone: 0000445727 ,https://mpclg.gov.lk/web/images/divisions/Legal/report_Deliverable_3_PDF_2.pdf,
phone,pass,Published phone: 0000488076 ,https://mpclg.gov.lk/web/images/divisions/Legal/report_Deliverable_3_PDF_2.pdf,
phone,pass,Published phone: 0000075733 ,https://mpclg.gov.lk/web/images/divisions/Legal/report_Deliverable_3_PDF_2.pdf,
phone,pass,Published phone: 0000564672 ,https://mpclg.gov.lk/web/images/divisions/Legal/report_Deliverable_3_PDF_2.pdf,
phone,pass,Published phone: 0000167685 ,https://mpclg.gov.lk/web/images/divisions/Legal/report_Deliverable_3_PDF_2.pdf,
phone,pass,Published phone: 00 500 500 27,https://mpclg.gov.lk/web/images/divisions/Legal/report_Deliverable_3_PDF_2.pdf,
phone,pass,Published phone: 00 500 500 0 3,https://mpclg.gov.lk/web/images/divisions/Legal/report_Deliverable_3_PDF_2.pdf,
phone,pass,Published phone: 0000410896 ,https://mpclg.gov.lk/web/images/divisions/Legal/report_Deliverable_3_PDF_2.pdf,
phone,pass,Published phone: 0000438406 ,https://mpclg.gov.lk/web/images/divisions/Legal/report_Deliverable_3_PDF_2.pdf,
phone,pass,Published phone: 0000533018 ,https://mpclg.gov.lk/web/images/divisions/Legal/report_Deliverable_3_PDF_2.pdf,
phone,pass,Published phone: 00 500 722 50,https://mpclg.gov.lk/web/images/divisions/Legal/report_Deliverable_3_PDF_2.pdf,
phone,pass,Published phone: 00 444 500 44,https://mpclg.gov.lk/web/images/divisions/Legal/report_Deliverable_3_PDF_2.pdf,
phone,pass,Published phone: 0000918298 ,https://mpclg.gov.lk/web/images/divisions/Legal/report_Deliverable_3_PDF_2.pdf,
phone,pass,Published phone: 0000045761 ,https://mpclg.gov.lk/web/images/divisions/Legal/report_Deliverable_3_PDF_2.pdf,
phone,pass,Published phone: 00 556 556 44,https://mpclg.gov.lk/web/images/divisions/Legal/report_Deliverable_3_PDF_2.pdf,
phone,pass,Published phone: 0000056714 ,https://mpclg.gov.lk/web/images/divisions/Legal/report_Deliverable_3_PDF_2.pdf,
phone,pass,Published phone: 0000457561 ,https://mpclg.gov.lk/web/images/divisions/Legal/report_Deliverable_3_PDF_2.pdf,
phone,pass,Published phone: 0000535455 ,https://mpclg.gov.lk/web/images/divisions/Legal/report_Deliverable_3_PDF_2.pdf,
phone,pass,Published phone: 0000013978 ,https://mpclg.gov.lk/web/images/divisions/Legal/report_Deliverable_3_PDF_2.pdf,
phone,pass,Published phone: 0000419982 ,https://mpclg.gov.lk/web/images/divisions/Legal/report_Deliverable_3_PDF_2.pdf,
phone,pass,Published phone: 0000511280 ,https://mpclg.gov.lk/web/images/divisions/Legal/report_Deliverable_3_PDF_2.pdf,
email,pass,Published email: K@48G9-.BYBGNPTUT,https://mpclg.gov.lk/web/images/divisions/Legal/report_Deliverable_3_PDF_2.pdf,
phone,pass,Published phone: 0000000066 ,https://mpclg.gov.lk/web/images/divisions/Legal/AgricultureE-.pdf,
phone,pass,Published phone: 0000000101 ,https://mpclg.gov.lk/web/images/divisions/Legal/AgricultureE-.pdf,
phone,pass,Published phone: 0000000638 ,https://mpclg.gov.lk/web/images/divisions/Legal/AgricultureE-.pdf,
phone,pass,Published phone: 0000000652 ,https://mpclg.gov.lk/web/images/divisions/Legal/AgricultureE-.pdf,
phone,pass,Published phone: 0000016196 ,https://mpclg.gov.lk/web/images/divisions/Legal/AgricultureE-.pdf,
phone,pass,Published phone: 0000000183 ,https://mpclg.gov.lk/web/images/divisions/Legal/AgricultureE-.pdf,
phone,pass,Published phone: 0000000398 ,https://mpclg.gov.lk/web/images/divisions/Legal/AgricultureE-.pdf,
phone,pass,Published phone: 0000000491 ,https://mpclg.gov.lk/web/images/divisions/Legal/AgricultureE-.pdf,
phone,pass,Published phone: 0000326333 ,https://mpclg.gov.lk/web/images/divisions/Legal/AgricultureE-.pdf,
phone,pass,Published phone: 0000000293 ,https://mpclg.gov.lk/web/images/divisions/Legal/AgricultureE-.pdf,
phone,pass,Published phone: 0000000378 ,https://mpclg.gov.lk/web/images/divisions/Legal/AgricultureE-.pdf,
phone,pass,Published phone: 0000000434 ,https://mpclg.gov.lk/web/images/divisions/Legal/AgricultureE-.pdf,
phone,pass,Published phone: 0000007325 ,https://mpclg.gov.lk/web/images/divisions/Legal/AgricultureE-.pdf,
phone,pass,Published phone: 0000000598 ,https://mpclg.gov.lk/web/images/divisions/Legal/AgricultureE-.pdf,
phone,pass,Published phone: 0000000291 ,https://mpclg.gov.lk/web/images/divisions/Legal/AgricultureE-.pdf,
phone,pass,Published phone: 0000000180 ,https://mpclg.gov.lk/web/images/divisions/Legal/AgricultureE-.pdf,
phone,pass,Published phone: 0000000686 ,https://mpclg.gov.lk/web/images/divisions/Legal/AgricultureE-.pdf,
phone,pass,Published phone: 0 500 553 444 ,https://mpclg.gov.lk/web/images/divisions/Legal/AgricultureE-.pdf,
phone,pass,Published phone: 0000000071 ,https://mpclg.gov.lk/web/images/divisions/Legal/AgricultureE-.pdf,
phone,pass,Published phone: 0000000088 ,https://mpclg.gov.lk/web/images/divisions/Legal/AgricultureE-.pdf,
phone,pass,Published phone: 0000000126 ,https://mpclg.gov.lk/web/images/divisions/Legal/AgricultureE-.pdf,
phone,pass,Published phone: 0000000017 ,https://mpclg.gov.lk/web/images/divisions/Legal/AgricultureE-.pdf,
phone,pass,Published phone: 0000000428 ,https://mpclg.gov.lk/web/images/divisions/Legal/AgricultureE-.pdf,
phone,pass,Published phone: 0000000463 ,https://mpclg.gov.lk/web/images/divisions/Legal/AgricultureE-.pdf,
phone,pass,Published phone: 0000000702 ,https://mpclg.gov.lk/web/images/divisions/Legal/AgricultureE-.pdf,
phone,pass,Published phone: 0000000569 ,https://mpclg.gov.lk/web/images/divisions/Legal/AgricultureE-.pdf,
phone,pass,Published phone: 0000000287 ,https://mpclg.gov.lk/web/images/divisions/Legal/AgricultureE-.pdf,
phone,pass,Published phone: 0000030172 ,https://mpclg.gov.lk/web/images/divisions/Legal/AgricultureE-.pdf,
phone,pass,Published phone: 0000000358 ,https://mpclg.gov.lk/web/images/divisions/Legal/AgricultureE-.pdf,
phone,pass,Published phone: 0000040843 ,https://mpclg.gov.lk/web/images/divisions/Legal/AgricultureE-.pdf,
phone,pass,Published phone: 0000000492 ,https://mpclg.gov.lk/web/images/divisions/Legal/AgricultureE-.pdf,
phone,pass,Published phone: 0000000282 ,https://mpclg.gov.lk/web/images/divisions/Legal/AgricultureE-.pdf,
phone,pass,Published phone: 0000000397 ,https://mpclg.gov.lk/web/images/divisions/Legal/AgricultureE-.pdf,
phone,pass,Published phone: 0000000055 ,https://mpclg.gov.lk/web/images/divisions/Legal/AgricultureE-.pdf,
phone,pass,Published phone: 0000000195 ,https://mpclg.gov.lk/web/images/divisions/Legal/AgricultureE-.pdf,
phone,pass,Published phone: 0000000349 ,https://mpclg.gov.lk/web/images/divisions/Legal/AgricultureE-.pdf,
phone,pass,Published phone: 0000000380 ,https://mpclg.gov.lk/web/images/divisions/Legal/AgricultureE-.pdf,
phone,pass,Published phone: 0000000222 ,https://mpclg.gov.lk/web/images/divisions/Legal/AgricultureE-.pdf,
phone,pass,Published phone: 0000006093 ,https://mpclg.gov.lk/web/images/divisions/Legal/AgricultureE-.pdf,
phone,pass,Published phone: 0000000116 ,https://mpclg.gov.lk/web/images/divisions/Legal/AgricultureE-.pdf,
phone,pass,Published phone: 0000000295 ,https://mpclg.gov.lk/web/images/divisions/Legal/AgricultureE-.pdf,
phone,pass,Published phone: 0000000518 ,https://mpclg.gov.lk/web/images/divisions/Legal/AgricultureE-.pdf,
phone,pass,Published phone: 0000000557 ,https://mpclg.gov.lk/web/images/divisions/Legal/AgricultureE-.pdf,
phone,pass,Published phone: 0000000109 ,https://mpclg.gov.lk/web/images/divisions/Legal/AgricultureE-.pdf,
phone,pass,Published phone: 0000000578 ,https://mpclg.gov.lk/web/images/divisions/Legal/AgricultureE-.pdf,
phone,pass,Published phone: 0000000107 ,https://mpclg.gov.lk/web/images/divisions/Legal/AgricultureE-.pdf,
phone,pass,Published phone: 0000000218 ,https://mpclg.gov.lk/web/images/divisions/Legal/AgricultureE-.pdf,
phone,pass,Published phone: 0000000705 ,https://mpclg.gov.lk/web/images/divisions/Legal/AgricultureE-.pdf,
phone,pass,Published phone: 0000000212 ,https://mpclg.gov.lk/web/images/divisions/Legal/AgricultureE-.pdf,
phone,pass,Published phone: 0000000560 ,https://mpclg.gov.lk/web/images/divisions/Legal/AgricultureE-.pdf,
phone,pass,Published phone: 0000000230 ,https://mpclg.gov.lk/web/images/divisions/Legal/AgricultureE-.pdf,
phone,pass,Published phone: 0000000383 ,https://mpclg.gov.lk/web/images/divisions/Legal/AgricultureE-.pdf,
phone,pass,Published phone: 0000000381 ,https://mpclg.gov.lk/web/images/divisions/Legal/AgricultureE-.pdf,
phone,pass,Published phone: 0000044935 ,https://mpclg.gov.lk/web/images/divisions/Legal/AgricultureE-.pdf,
phone,pass,Published phone: 0000000367 ,https://mpclg.gov.lk/web/images/divisions/Legal/AgricultureE-.pdf,
phone,pass,Published phone: 0000000099 ,https://mpclg.gov.lk/web/images/divisions/Legal/AgricultureE-.pdf,
phone,pass,Published phone: 0000000577 ,https://mpclg.gov.lk/web/images/divisions/Legal/AgricultureE-.pdf,
phone,pass,Published phone: 0000000279 ,https://mpclg.gov.lk/web/images/divisions/Legal/AgricultureE-.pdf,
phone,pass,Published phone: 0000000682 ,https://mpclg.gov.lk/web/images/divisions/Legal/AgricultureE-.pdf,
phone,pass,Published phone: 0000000696 ,https://mpclg.gov.lk/web/images/divisions/Legal/AgricultureE-.pdf,
phone,pass,Published phone: 0000000483 ,https://mpclg.gov.lk/web/images/divisions/Legal/AgricultureE-.pdf,
phone,pass,Published phone: 0000000548 ,https://mpclg.gov.lk/web/images/divisions/Legal/AgricultureE-.pdf,
phone,pass,Published phone: 0000048899 ,https://mpclg.gov.lk/web/images/divisions/Legal/AgricultureE-.pdf,
phone,pass,Published phone: 0000000619 ,https://mpclg.gov.lk/web/images/divisions/Legal/AgricultureE-.pdf,
phone,pass,Published phone: 0000000669 ,https://mpclg.gov.lk/web/images/divisions/Legal/AgricultureE-.pdf,
phone,pass,Published phone: 0000000322 ,https://mpclg.gov.lk/web/images/divisions/Legal/AgricultureE-.pdf,
phone,pass,Published phone: 0000000728 ,https://mpclg.gov.lk/web/images/divisions/Legal/AgricultureE-.pdf,
phone,pass,Published phone: 0000000438 ,https://mpclg.gov.lk/web/images/divisions/Legal/AgricultureE-.pdf,
phone,pass,Published phone: 0000000586 ,https://mpclg.gov.lk/web/images/divisions/Legal/AgricultureE-.pdf,
phone,pass,Published phone: 0000000631 ,https://mpclg.gov.lk/web/images/divisions/Legal/AgricultureE-.pdf,
phone,pass,Published phone: 0000000469 ,https://mpclg.gov.lk/web/images/divisions/Legal/AgricultureE-.pdf,
phone,pass,Published phone: 0000000214 ,https://mpclg.gov.lk/web/images/divisions/Legal/AgricultureE-.pdf,
phone,pass,Published phone: 0000000217 ,https://mpclg.gov.lk/web/images/divisions/Legal/AgricultureE-.pdf,
phone,pass,Published phone: 0000000423 ,https://mpclg.gov.lk/web/images/divisions/Legal/AgricultureE-.pdf,
phone,pass,Published phone: 0000000645 ,https://mpclg.gov.lk/web/images/divisions/Legal/AgricultureE-.pdf,
phone,pass,Published phone: 0000000399 ,https://mpclg.gov.lk/web/images/divisions/Legal/AgricultureE-.pdf,
phone,pass,Published phone: 0000000484 ,https://mpclg.gov.lk/web/images/divisions/Legal/AgricultureE-.pdf,
phone,pass,Published phone: 0000000665 ,https://mpclg.gov.lk/web/images/divisions/Legal/AgricultureE-.pdf,
phone,pass,Published phone: 0000000155 ,https://mpclg.gov.lk/web/images/divisions/Legal/AgricultureE-.pdf,
phone,pass,Published phone: 0000000609 ,https://mpclg.gov.lk/web/images/divisions/Legal/AgricultureE-.pdf,
phone,pass,Published phone: 0000000081 ,https://mpclg.gov.lk/web/images/divisions/Legal/AgricultureE-.pdf,
phone,pass,Published phone: 0000000661 ,https://mpclg.gov.lk/web/images/divisions/Legal/AgricultureE-.pdf,
phone,pass,Published phone: 0000000373 ,https://mpclg.gov.lk/web/images/divisions/Legal/AgricultureE-.pdf,
phone,pass,Published phone: 0000000277 ,https://mpclg.gov.lk/web/images/divisions/Legal/AgricultureE-.pdf,
phone,pass,Published phone: 0000000602 ,https://mpclg.gov.lk/web/images/divisions/Legal/AgricultureE-.pdf,
phone,pass,Published phone: 0000000478 ,https://mpclg.gov.lk/web/images/divisions/Legal/AgricultureE-.pdf,
phone,pass,Published phone: 0 722 1000 0 6,https://mpclg.gov.lk/web/images/divisions/Legal/AgricultureE-.pdf,
phone,pass,Published phone: 0000000333 ,https://mpclg.gov.lk/web/images/divisions/Legal/AgricultureE-.pdf,
phone,pass,Published phone: 01 560 395 42,https://mpclg.gov.lk/web/images/divisions/Legal/AgricultureE-.pdf,
phone,pass,Published phone: 0000000646 ,https://mpclg.gov.lk/web/images/divisions/Legal/AgricultureE-.pdf,
phone,pass,Published phone: 00 553 444 61,https://mpclg.gov.lk/web/images/divisions/Legal/AgricultureE-.pdf,
phone,pass,Published phone: 0000000744 ,https://mpclg.gov.lk/web/images/divisions/Legal/AgricultureE-.pdf,
phone,pass,Published phone: 0000000269 ,https://mpclg.gov.lk/web/images/divisions/Legal/AgricultureE-.pdf,
phone,pass,Published phone: 0000000115 ,https://mpclg.gov.lk/web/images/divisions/Legal/AgricultureE-.pdf,
phone,pass,Published phone: 0000000575 ,https://mpclg.gov.lk/web/images/divisions/Legal/AgricultureE-.pdf,
phone,pass,Published phone: 0000000058 ,https://mpclg.gov.lk/web/images/divisions/Legal/AgricultureE-.pdf,
phone,pass,Published phone: 0000000234 ,https://mpclg.gov.lk/web/images/divisions/Legal/AgricultureE-.pdf,
phone,pass,Published phone: 0000000565 ,https://mpclg.gov.lk/web/images/divisions/Legal/AgricultureE-.pdf,
phone,pass,Published phone: 0000000144 ,https://mpclg.gov.lk/web/images/divisions/Legal/AgricultureE-.pdf,
phone,pass,Published phone: 0000000457 ,https://mpclg.gov.lk/web/images/divisions/Legal/AgricultureE-.pdf,
phone,pass,Published phone: 0000005197 ,https://mpclg.gov.lk/web/images/divisions/Legal/AgricultureE-.pdf,
phone,pass,Published phone: 0000000620 ,https://mpclg.gov.lk/web/images/divisions/Legal/AgricultureE-.pdf,
phone,pass,Published phone: 0000000461 ,https://mpclg.gov.lk/web/images/divisions/Legal/AgricultureE-.pdf,
phone,pass,Published phone: 0000000521 ,https://mpclg.gov.lk/web/images/divisions/Legal/AgricultureE-.pdf,
phone,pass,Published phone: 0000000410 ,https://mpclg.gov.lk/web/images/divisions/Legal/AgricultureE-.pdf,
phone,pass,Published phone: 0000000393 ,https://mpclg.gov.lk/web/images/divisions/Legal/AgricultureE-.pdf,
phone,pass,Published phone: 0000000408 ,https://mpclg.gov.lk/web/images/divisions/Legal/AgricultureE-.pdf,
phone,pass,Published phone: 0000000693 ,https://mpclg.gov.lk/web/images/divisions/Legal/AgricultureE-.pdf,
phone,pass,Published phone: 0000000623 ,https://mpclg.gov.lk/web/images/divisions/Legal/AgricultureE-.pdf,
phone,pass,Published phone: 0000000255 ,https://mpclg.gov.lk/web/images/divisions/Legal/AgricultureE-.pdf,
phone,pass,Published phone: 0000000636 ,https://mpclg.gov.lk/web/images/divisions/Legal/AgricultureE-.pdf,
phone,pass,Published phone: 04 0 668 525 6,https://mpclg.gov.lk/web/images/divisions/Legal/AgricultureE-.pdf,
phone,pass,Published phone: 0000000532 ,https://mpclg.gov.lk/web/images/divisions/Legal/AgricultureE-.pdf,
phone,pass,Published phone: 0000006259 ,https://mpclg.gov.lk/web/images/divisions/Legal/AgricultureE-.pdf,
phone,pass,Published phone: 0 0 0 0 0 0 0 0 33,https://mpclg.gov.lk/web/images/divisions/Legal/AgricultureE-.pdf,
phone,pass,Published phone: 0000000629 ,https://mpclg.gov.lk/web/images/divisions/Legal/AgricultureE-.pdf,
phone,pass,Published phone: 0000000458 ,https://mpclg.gov.lk/web/images/divisions/Legal/AgricultureE-.pdf,
phone,pass,Published phone: 0000000657 ,https://mpclg.gov.lk/web/images/divisions/Legal/AgricultureE-.pdf,
phone,pass,Published phone: 0000000264 ,https://mpclg.gov.lk/web/images/divisions/Legal/AgricultureE-.pdf,
phone,pass,Published phone: 0000000573 ,https://mpclg.gov.lk/web/images/divisions/Legal/AgricultureE-.pdf,
phone,pass,Published phone: 0000000165 ,https://mpclg.gov.lk/web/images/divisions/Legal/AgricultureE-.pdf,
phone,pass,Published phone: 0000000171 ,https://mpclg.gov.lk/web/images/divisions/Legal/AgricultureE-.pdf,
phone,pass,Published phone: 0000000466 ,https://mpclg.gov.lk/web/images/divisions/Legal/AgricultureE-.pdf,
phone,pass,Published phone: 0000000549 ,https://mpclg.gov.lk/web/images/divisions/Legal/AgricultureE-.pdf,
phone,pass,Published phone: 0000000435 ,https://mpclg.gov.lk/web/images/divisions/Legal/AgricultureE-.pdf,
phone,pass,Published phone: 0000000329 ,https://mpclg.gov.lk/web/images/divisions/Legal/AgricultureE-.pdf,
phone,pass,Published phone: 0000000714 ,https://mpclg.gov.lk/web/images/divisions/Legal/AgricultureE-.pdf,
phone,pass,Published phone: 0000000130 ,https://mpclg.gov.lk/web/images/divisions/Legal/AgricultureE-.pdf,
phone,pass,Published phone: 0000000675 ,https://mpclg.gov.lk/web/images/divisions/Legal/AgricultureE-.pdf,
phone,pass,Published phone: 0000000140 ,https://mpclg.gov.lk/web/images/divisions/Legal/AgricultureE-.pdf,
phone,pass,Published phone: 0000000094 ,https://mpclg.gov.lk/web/images/divisions/Legal/AgricultureE-.pdf,
phone,pass,Published phone: 0000000401 ,https://mpclg.gov.lk/web/images/divisions/Legal/AgricultureE-.pdf,
phone,pass,Published phone: 0000000309 ,https://mpclg.gov.lk/web/images/divisions/Legal/AgricultureE-.pdf,
phone,pass,Published phone: 0 500 500 0 25,https://mpclg.gov.lk/web/images/divisions/Legal/AgricultureE-.pdf,
phone,pass,Published phone: 0000000208 ,https://mpclg.gov.lk/web/images/divisions/Legal/AgricultureE-.pdf,
phone,pass,Published phone: 0000000406 ,https://mpclg.gov.lk/web/images/divisions/Legal/AgricultureE-.pdf,
phone,pass,Published phone: 0000000544 ,https://mpclg.gov.lk/web/images/divisions/Legal/AgricultureE-.pdf,
phone,pass,Published phone: 0000000345 ,https://mpclg.gov.lk/web/images/divisions/Legal/AgricultureE-.pdf,
phone,pass,Published phone: 0000000000 ,https://mpclg.gov.lk/web/images/divisions/Legal/AgricultureE-.pdf,
phone,pass,Published phone: 0000000261 ,https://mpclg.gov.lk/web/images/divisions/Legal/AgricultureE-.pdf,
phone,pass,Published phone: 0000000182 ,https://mpclg.gov.lk/web/images/divisions/Legal/AgricultureE-.pdf,
phone,pass,Published phone: 0000000583 ,https://mpclg.gov.lk/web/images/divisions/Legal/AgricultureE-.pdf,
phone,pass,Published phone: 0000000306 ,https://mpclg.gov.lk/web/images/divisions/Legal/AgricultureE-.pdf,
phone,pass,Published phone: 0000000430 ,https://mpclg.gov.lk/web/images/divisions/Legal/AgricultureE-.pdf,
phone,pass,Published phone: 0000000695 ,https://mpclg.gov.lk/web/images/divisions/Legal/AgricultureE-.pdf,
phone,pass,Published phone: 0000000297 ,https://mpclg.gov.lk/web/images/divisions/Legal/AgricultureE-.pdf,
phone,pass,Published phone: 03 565 834 51,https://mpclg.gov.lk/web/images/divisions/Legal/AgricultureE-.pdf,
phone,pass,Published phone: 0000000605 ,https://mpclg.gov.lk/web/images/divisions/Legal/AgricultureE-.pdf,
phone,pass,Published phone: 0000000680 ,https://mpclg.gov.lk/web/images/divisions/Legal/AgricultureE-.pdf,
phone,pass,Published phone: 00 500 500 50,https://mpclg.gov.lk/web/images/divisions/Legal/AgricultureE-.pdf,
phone,pass,Published phone: 0000000499 ,https://mpclg.gov.lk/web/images/divisions/Legal/AgricultureE-.pdf,
phone,pass,Published phone: 0000000567 ,https://mpclg.gov.lk/web/images/divisions/Legal/AgricultureE-.pdf,
phone,pass,Published phone: 0000000364 ,https://mpclg.gov.lk/web/images/divisions/Legal/AgricultureE-.pdf,
phone,pass,Published phone: 0000000700 ,https://mpclg.gov.lk/web/images/divisions/Legal/AgricultureE-.pdf,
phone,pass,Published phone: 0000000127 ,https://mpclg.gov.lk/web/images/divisions/Legal/AgricultureE-.pdf,
phone,pass,Published phone: 0000000699 ,https://mpclg.gov.lk/web/images/divisions/Legal/AgricultureE-.pdf,
phone,pass,Published phone: 0000000525 ,https://mpclg.gov.lk/web/images/divisions/Legal/AgricultureE-.pdf,
phone,pass,Published phone: 0000000247 ,https://mpclg.gov.lk/web/images/divisions/Legal/AgricultureE-.pdf,
phone,pass,Published phone: 0000000712 ,https://mpclg.gov.lk/web/images/divisions/Legal/AgricultureE-.pdf,
phone,pass,Published phone: 0000000614 ,https://mpclg.gov.lk/web/images/divisions/Legal/AgricultureE-.pdf,
phone,pass,Published phone: 0000000529 ,https://mpclg.gov.lk/web/images/divisions/Legal/AgricultureE-.pdf,
phone,pass,Published phone: 0000000286 ,https://mpclg.gov.lk/web/images/divisions/Legal/AgricultureE-.pdf,
phone,pass,Published phone: 0000006634 ,https://mpclg.gov.lk/web/images/divisions/Legal/AgricultureE-.pdf,
phone,pass,Published phone: 0000000317 ,https://mpclg.gov.lk/web/images/divisions/Legal/AgricultureE-.pdf,
phone,pass,Published phone: 0000000716 ,https://mpclg.gov.lk/web/images/divisions/Legal/AgricultureE-.pdf,
phone,pass,Published phone: 0000000194 ,https://mpclg.gov.lk/web/images/divisions/Legal/AgricultureE-.pdf,
phone,pass,Published phone: 0000013379 ,https://mpclg.gov.lk/web/images/divisions/Legal/AgricultureE-.pdf,
phone,pass,Published phone: 0000000072 ,https://mpclg.gov.lk/web/images/divisions/Legal/AgricultureE-.pdf,
phone,pass,Published phone: 0000000375 ,https://mpclg.gov.lk/web/images/divisions/Legal/AgricultureE-.pdf,
phone,pass,Published phone: 0000000742 ,https://mpclg.gov.lk/web/images/divisions/Legal/AgricultureE-.pdf,
phone,pass,Published phone: 0000373834 ,https://mpclg.gov.lk/web/images/divisions/Legal/AgricultureE-.pdf,
phone,pass,Published phone: 0000325583 ,https://mpclg.gov.lk/web/images/divisions/Legal/AgricultureE-.pdf,
phone,pass,Published phone: 0000000318 ,https://mpclg.gov.lk/web/images/divisions/Legal/AgricultureE-.pdf,
phone,pass,Published phone: 0000000555 ,https://mpclg.gov.lk/web/images/divisions/Legal/AgricultureE-.pdf,
phone,pass,Published phone: 0000000080 ,https://mpclg.gov.lk/web/images/divisions/Legal/AgricultureE-.pdf,
phone,pass,Published phone: 0000000289 ,https://mpclg.gov.lk/web/images/divisions/Legal/AgricultureE-.pdf,
phone,pass,Published phone: 0000000431 ,https://mpclg.gov.lk/web/images/divisions/Legal/AgricultureE-.pdf,
phone,pass,Published phone: 0000006837 ,https://mpclg.gov.lk/web/images/divisions/Legal/AgricultureE-.pdf,
phone,pass,Published phone: 0000000467 ,https://mpclg.gov.lk/web/images/divisions/Legal/AgricultureE-.pdf,
phone,pass,Published phone: 0 0 500 500 50,https://mpclg.gov.lk/web/images/divisions/Legal/AgricultureE-.pdf,
phone,pass,Published phone: 0000000706 ,https://mpclg.gov.lk/web/images/divisions/Legal/AgricultureE-.pdf,
phone,pass,Published phone: 0000037323 ,https://mpclg.gov.lk/web/images/divisions/Legal/AgricultureE-.pdf,
phone,pass,Published phone: 0000000425 ,https://mpclg.gov.lk/web/images/divisions/Legal/AgricultureE-.pdf,
phone,pass,Published phone: 0000000250 ,https://mpclg.gov.lk/web/images/divisions/Legal/AgricultureE-.pdf,
phone,pass,Published phone: 0000000346 ,https://mpclg.gov.lk/web/images/divisions/Legal/AgricultureE-.pdf,
phone,pass,Published phone: 0000051379 ,https://mpclg.gov.lk/web/images/divisions/Legal/AgricultureE-.pdf,
phone,pass,Published phone: 0000000426 ,https://mpclg.gov.lk/web/images/divisions/Legal/AgricultureE-.pdf,
phone,pass,Published phone: 0000000733 ,https://mpclg.gov.lk/web/images/divisions/Legal/AgricultureE-.pdf,
phone,pass,Published phone: 0000026396 ,https://mpclg.gov.lk/web/images/divisions/Legal/AgricultureE-.pdf,
phone,pass,Published phone: 0000000639 ,https://mpclg.gov.lk/web/images/divisions/Legal/AgricultureE-.pdf,
phone,pass,Published phone: 0000000673 ,https://mpclg.gov.lk/web/images/divisions/Legal/AgricultureE-.pdf,
phone,pass,Published phone: 0000000310 ,https://mpclg.gov.lk/web/images/divisions/Legal/AgricultureE-.pdf,
phone,pass,Published phone: 0000000402 ,https://mpclg.gov.lk/web/images/divisions/Legal/AgricultureE-.pdf,
phone,pass,Published phone: 0000000670 ,https://mpclg.gov.lk/web/images/divisions/Legal/AgricultureE-.pdf,
phone,pass,Published phone: 0000000539 ,https://mpclg.gov.lk/web/images/divisions/Legal/AgricultureE-.pdf,
phone,pass,Published phone: 0 250 250 0 0 0 ,https://mpclg.gov.lk/web/images/divisions/Legal/AgricultureE-.pdf,
phone,pass,Published phone: 0000000205 ,https://mpclg.gov.lk/web/images/divisions/Legal/AgricultureE-.pdf,
phone,pass,Published phone: 0000000429 ,https://mpclg.gov.lk/web/images/divisions/Legal/AgricultureE-.pdf,
phone,pass,Published phone: 0000000472 ,https://mpclg.gov.lk/web/images/divisions/Legal/AgricultureE-.pdf,
phone,pass,Published phone: 0000000512 ,https://mpclg.gov.lk/web/images/divisions/Legal/AgricultureE-.pdf,
phone,pass,Published phone: 0000000352 ,https://mpclg.gov.lk/web/images/divisions/Legal/AgricultureE-.pdf,
phone,pass,Published phone: 0000000065 ,https://mpclg.gov.lk/web/images/divisions/Legal/AgricultureE-.pdf,
phone,pass,Published phone: 0000000199 ,https://mpclg.gov.lk/web/images/divisions/Legal/AgricultureE-.pdf,
phone,pass,Published phone: 0000000154 ,https://mpclg.gov.lk/web/images/divisions/Legal/AgricultureE-.pdf,
phone,pass,Published phone: 0000000281 ,https://mpclg.gov.lk/web/images/divisions/Legal/AgricultureE-.pdf,
phone,pass,Published phone: 0000000736 ,https://mpclg.gov.lk/web/images/divisions/Legal/AgricultureE-.pdf,
phone,pass,Published phone: 0000000135 ,https://mpclg.gov.lk/web/images/divisions/Legal/AgricultureE-.pdf,
phone,pass,Published phone: 0000000400 ,https://mpclg.gov.lk/web/images/divisions/Legal/AgricultureE-.pdf,
phone,pass,Published phone: 0000000740 ,https://mpclg.gov.lk/web/images/divisions/Legal/AgricultureE-.pdf,
phone,pass,Published phone: 0000000391 ,https://mpclg.gov.lk/web/images/divisions/Legal/AgricultureE-.pdf,
phone,pass,Published phone: 0000000342 ,https://mpclg.gov.lk/web/images/divisions/Legal/AgricultureE-.pdf,
phone,pass,Published phone: 0000000543 ,https://mpclg.gov.lk/web/images/divisions/Legal/AgricultureE-.pdf,
phone,pass,Published phone: 0000000551 ,https://mpclg.gov.lk/web/images/divisions/Legal/AgricultureE-.pdf,
phone,pass,Published phone: 0000000561 ,https://mpclg.gov.lk/web/images/divisions/Legal/AgricultureE-.pdf,
phone,pass,Published phone: 0000054710 ,https://mpclg.gov.lk/web/images/divisions/Legal/AgricultureE-.pdf,
phone,pass,Published phone: 0000000730 ,https://mpclg.gov.lk/web/images/divisions/Legal/AgricultureE-.pdf,
phone,pass,Published phone: 0000000694 ,https://mpclg.gov.lk/web/images/divisions/Legal/AgricultureE-.pdf,
phone,pass,Published phone: 0000000417 ,https://mpclg.gov.lk/web/images/divisions/Legal/AgricultureE-.pdf,
phone,pass,Published phone: 0000000443 ,https://mpclg.gov.lk/web/images/divisions/Legal/AgricultureE-.pdf,
phone,pass,Published phone: 0000000290 ,https://mpclg.gov.lk/web/images/divisions/Legal/AgricultureE-.pdf,
phone,pass,Published phone: 0000000136 ,https://mpclg.gov.lk/web/images/divisions/Legal/AgricultureE-.pdf,
phone,pass,Published phone: 0000000664 ,https://mpclg.gov.lk/web/images/divisions/Legal/AgricultureE-.pdf,
phone,pass,Published phone: 0000000257 ,https://mpclg.gov.lk/web/images/divisions/Legal/AgricultureE-.pdf,
phone,pass,Published phone: 0000000688 ,https://mpclg.gov.lk/web/images/divisions/Legal/AgricultureE-.pdf,
phone,pass,Published phone: 0000000482 ,https://mpclg.gov.lk/web/images/divisions/Legal/AgricultureE-.pdf,
phone,pass,Published phone: 0000000683 ,https://mpclg.gov.lk/web/images/divisions/Legal/AgricultureE-.pdf,
phone,pass,Published phone: 0000000450 ,https://mpclg.gov.lk/web/images/divisions/Legal/AgricultureE-.pdf,
phone,pass,Published phone: 0000000076 ,https://mpclg.gov.lk/web/images/divisions/Legal/AgricultureE-.pdf,
phone,pass,Published phone: 0000000427 ,https://mpclg.gov.lk/web/images/divisions/Legal/AgricultureE-.pdf,
phone,pass,Published phone: 0000000734 ,https://mpclg.gov.lk/web/images/divisions/Legal/AgricultureE-.pdf,
phone,pass,Published phone: 0000000668 ,https://mpclg.gov.lk/web/images/divisions/Legal/AgricultureE-.pdf,
phone,pass,Published phone: 0000000241 ,https://mpclg.gov.lk/web/images/divisions/Legal/AgricultureE-.pdf,
phone,pass,Published phone: 0000000061 ,https://mpclg.gov.lk/web/images/divisions/Legal/AgricultureE-.pdf,
phone,pass,Published phone: 0000000624 ,https://mpclg.gov.lk/web/images/divisions/Legal/AgricultureE-.pdf,
phone,pass,Published phone: 0000000625 ,https://mpclg.gov.lk/web/images/divisions/Legal/AgricultureE-.pdf,
phone,pass,Published phone: 0000000395 ,https://mpclg.gov.lk/web/images/divisions/Legal/AgricultureE-.pdf,
phone,pass,Published phone: 0000000692 ,https://mpclg.gov.lk/web/images/divisions/Legal/AgricultureE-.pdf,
phone,pass,Published phone: 0000000292 ,https://mpclg.gov.lk/web/images/divisions/Legal/AgricultureE-.pdf,
phone,pass,Published phone: 0000000113 ,https://mpclg.gov.lk/web/images/divisions/Legal/AgricultureE-.pdf,
phone,pass,Published phone: 0000000386 ,https://mpclg.gov.lk/web/images/divisions/Legal/AgricultureE-.pdf,
phone,pass,Published phone: 0000000321 ,https://mpclg.gov.lk/web/images/divisions/Legal/AgricultureE-.pdf,
phone,pass,Published phone: 0000000284 ,https://mpclg.gov.lk/web/images/divisions/Legal/AgricultureE-.pdf,
phone,pass,Published phone: 0000006664 ,https://mpclg.gov.lk/web/images/divisions/Legal/AgricultureE-.pdf,
phone,pass,Published phone: 0000374086 ,https://mpclg.gov.lk/web/images/divisions/Legal/AgricultureE-.pdf,
phone,pass,Published phone: 0000000729 ,https://mpclg.gov.lk/web/images/divisions/Legal/AgricultureE-.pdf,
phone,pass,Published phone: 0000000452 ,https://mpclg.gov.lk/web/images/divisions/Legal/AgricultureE-.pdf,
phone,pass,Published phone: 0000000370 ,https://mpclg.gov.lk/web/images/divisions/Legal/AgricultureE-.pdf,
phone,pass,Published phone: 0000000579 ,https://mpclg.gov.lk/web/images/divisions/Legal/AgricultureE-.pdf,
phone,pass,Published phone: 0000000666 ,https://mpclg.gov.lk/web/images/divisions/Legal/AgricultureE-.pdf,
phone,pass,Published phone: 0000016142 ,https://mpclg.gov.lk/web/images/divisions/Legal/AgricultureE-.pdf,
phone,pass,Published phone: 0000000283 ,https://mpclg.gov.lk/web/images/divisions/Legal/AgricultureE-.pdf,
phone,pass,Published phone: 0000022176 ,https://mpclg.gov.lk/web/images/divisions/Legal/AgricultureE-.pdf,
phone,pass,Published phone: 00 463 389 38,https://mpclg.gov.lk/web/images/divisions/Legal/AgricultureE-.pdf,
phone,pass,Published phone: 0000000340 ,https://mpclg.gov.lk/web/images/divisions/Legal/AgricultureE-.pdf,
phone,pass,Published phone: 0000000477 ,https://mpclg.gov.lk/web/images/divisions/Legal/AgricultureE-.pdf,
phone,pass,Published phone: 0000000713 ,https://mpclg.gov.lk/web/images/divisions/Legal/AgricultureE-.pdf,
phone,pass,Published phone: 0000000083 ,https://mpclg.gov.lk/web/images/divisions/Legal/AgricultureE-.pdf,
phone,pass,Published phone: 0000000498 ,https://mpclg.gov.lk/web/images/divisions/Legal/AgricultureE-.pdf,
phone,pass,Published phone: 0000000129 ,https://mpclg.gov.lk/web/images/divisions/Legal/AgricultureE-.pdf,
phone,pass,Published phone: 0000000369 ,https://mpclg.gov.lk/web/images/divisions/Legal/AgricultureE-.pdf,
phone,pass,Published phone: 0000000489 ,https://mpclg.gov.lk/web/images/divisions/Legal/AgricultureE-.pdf,
phone,pass,Published phone: 0000433090 ,https://mpclg.gov.lk/web/images/divisions/Legal/AgricultureE-.pdf,
phone,pass,Published phone: 0000000385 ,https://mpclg.gov.lk/web/images/divisions/Legal/AgricultureE-.pdf,
phone,pass,Published phone: 0000005641 ,https://mpclg.gov.lk/web/images/divisions/Legal/AgricultureE-.pdf,
phone,pass,Published phone: 0000000176 ,https://mpclg.gov.lk/web/images/divisions/Legal/AgricultureE-.pdf,
phone,pass,Published phone: 0000000259 ,https://mpclg.gov.lk/web/images/divisions/Legal/AgricultureE-.pdf,
phone,pass,Published phone: 0000000505 ,https://mpclg.gov.lk/web/images/divisions/Legal/AgricultureE-.pdf,
phone,pass,Published phone: 0000433034 ,https://mpclg.gov.lk/web/images/divisions/Legal/AgricultureE-.pdf,
phone,pass,Published phone: 0000000133 ,https://mpclg.gov.lk/web/images/divisions/Legal/AgricultureE-.pdf,
phone,pass,Published phone: 0000026136 ,https://mpclg.gov.lk/web/images/divisions/Legal/AgricultureE-.pdf,
phone,pass,Published phone: 0000000599 ,https://mpclg.gov.lk/web/images/divisions/Legal/AgricultureE-.pdf,
phone,pass,Published phone: 0000000540 ,https://mpclg.gov.lk/web/images/divisions/Legal/AgricultureE-.pdf,
phone,pass,Published phone: 0000000262 ,https://mpclg.gov.lk/web/images/divisions/Legal/AgricultureE-.pdf,
phone,pass,Published phone: 0000000319 ,https://mpclg.gov.lk/web/images/divisions/Legal/AgricultureE-.pdf,
phone,pass,Published phone: 0000000229 ,https://mpclg.gov.lk/web/images/divisions/Legal/AgricultureE-.pdf,
phone,pass,Published phone: 0 0 714 611 66,https://mpclg.gov.lk/web/images/divisions/Legal/AgricultureE-.pdf,
phone,pass,Published phone: 0000000347 ,https://mpclg.gov.lk/web/images/divisions/Legal/AgricultureE-.pdf,
phone,pass,Published phone: 0000000616 ,https://mpclg.gov.lk/web/images/divisions/Legal/AgricultureE-.pdf,
phone,pass,Published phone: 0000000622 ,https://mpclg.gov.lk/web/images/divisions/Legal/AgricultureE-.pdf,
phone,pass,Published phone: 0000000079 ,https://mpclg.gov.lk/web/images/divisions/Legal/AgricultureE-.pdf,
phone,pass,Published phone: 0000010845 ,https://mpclg.gov.lk/web/images/divisions/Legal/AgricultureE-.pdf,
phone,pass,Published phone: 0000000634 ,https://mpclg.gov.lk/web/images/divisions/Legal/AgricultureE-.pdf,
phone,pass,Published phone: 0000433062 ,https://mpclg.gov.lk/web/images/divisions/Legal/AgricultureE-.pdf,
phone,pass,Published phone: 0000000704 ,https://mpclg.gov.lk/web/images/divisions/Legal/AgricultureE-.pdf,
phone,pass,Published phone: 0000000584 ,https://mpclg.gov.lk/web/images/divisions/Legal/AgricultureE-.pdf,
phone,pass,Published phone: 0000000188 ,https://mpclg.gov.lk/web/images/divisions/Legal/AgricultureE-.pdf,
phone,pass,Published phone: 0000000432 ,https://mpclg.gov.lk/web/images/divisions/Legal/AgricultureE-.pdf,
phone,pass,Published phone: 0000000674 ,https://mpclg.gov.lk/web/images/divisions/Legal/AgricultureE-.pdf,
phone,pass,Published phone: 0000000741 ,https://mpclg.gov.lk/web/images/divisions/Legal/AgricultureE-.pdf,
phone,pass,Published phone: 0000000090 ,https://mpclg.gov.lk/web/images/divisions/Legal/AgricultureE-.pdf,
phone,pass,Published phone: 0000000413 ,https://mpclg.gov.lk/web/images/divisions/Legal/AgricultureE-.pdf,
phone,pass,Published phone: 0000016476 ,https://mpclg.gov.lk/web/images/divisions/Legal/AgricultureE-.pdf,
phone,pass,Published phone: 0000000327 ,https://mpclg.gov.lk/web/images/divisions/Legal/AgricultureE-.pdf,
phone,pass,Published phone: 0000000621 ,https://mpclg.gov.lk/web/images/divisions/Legal/AgricultureE-.pdf,
phone,pass,Published phone: 0000000106 ,https://mpclg.gov.lk/web/images/divisions/Legal/AgricultureE-.pdf,
phone,pass,Published phone: 0000000681 ,https://mpclg.gov.lk/web/images/divisions/Legal/AgricultureE-.pdf,
phone,pass,Published phone: 0000000134 ,https://mpclg.gov.lk/web/images/divisions/Legal/AgricultureE-.pdf,
phone,pass,Published phone: 0000000173 ,https://mpclg.gov.lk/web/images/divisions/Legal/AgricultureE-.pdf,
phone,pass,Published phone: 0000000671 ,https://mpclg.gov.lk/web/images/divisions/Legal/AgricultureE-.pdf,
phone,pass,Published phone: 0000000313 ,https://mpclg.gov.lk/web/images/divisions/Legal/AgricultureE-.pdf,
phone,pass,Published phone: 0000000546 ,https://mpclg.gov.lk/web/images/divisions/Legal/AgricultureE-.pdf,
phone,pass,Published phone: 0000000206 ,https://mpclg.gov.lk/web/images/divisions/Legal/AgricultureE-.pdf,
phone,pass,Published phone: 0000000444 ,https://mpclg.gov.lk/web/images/divisions/Legal/AgricultureE-.pdf,
phone,pass,Published phone: 0000000610 ,https://mpclg.gov.lk/web/images/divisions/Legal/AgricultureE-.pdf,
phone,pass,Published phone: 0000000303 ,https://mpclg.gov.lk/web/images/divisions/Legal/AgricultureE-.pdf,
phone,pass,Published phone: 0000000359 ,https://mpclg.gov.lk/web/images/divisions/Legal/AgricultureE-.pdf,
phone,pass,Published phone: 0000000630 ,https://mpclg.gov.lk/web/images/divisions/Legal/AgricultureE-.pdf,
phone,pass,Published phone: 0000000238 ,https://mpclg.gov.lk/web/images/divisions/Legal/AgricultureE-.pdf,
phone,pass,Published phone: 0000000691 ,https://mpclg.gov.lk/web/images/divisions/Legal/AgricultureE-.pdf,
phone,pass,Published phone: 0000000091 ,https://mpclg.gov.lk/web/images/divisions/Legal/AgricultureE-.pdf,
phone,pass,Published phone: 0000000204 ,https://mpclg.gov.lk/web/images/divisions/Legal/AgricultureE-.pdf,
phone,pass,Published phone: 0000000056 ,https://mpclg.gov.lk/web/images/divisions/Legal/AgricultureE-.pdf,
phone,pass,Published phone: 0000006911 ,https://mpclg.gov.lk/web/images/divisions/Legal/AgricultureE-.pdf,
phone,pass,Published phone: 0000000057 ,https://mpclg.gov.lk/web/images/divisions/Legal/AgricultureE-.pdf,
phone,pass,Published phone: 0 0 0 778 0 0 0 0 ,https://mpclg.gov.lk/web/images/divisions/Legal/AgricultureE-.pdf,
phone,pass,Published phone: 0000051660 ,https://mpclg.gov.lk/web/images/divisions/Legal/AgricultureE-.pdf,
phone,pass,Published phone: 0000000474 ,https://mpclg.gov.lk/web/images/divisions/Legal/AgricultureE-.pdf,
phone,pass,Published phone: 0000000092 ,https://mpclg.gov.lk/web/images/divisions/Legal/AgricultureE-.pdf,
phone,pass,Published phone: 0000000678 ,https://mpclg.gov.lk/web/images/divisions/Legal/AgricultureE-.pdf,
phone,pass,Published phone: 0000000254 ,https://mpclg.gov.lk/web/images/divisions/Legal/AgricultureE-.pdf,
phone,pass,Published phone: 0000000462 ,https://mpclg.gov.lk/web/images/divisions/Legal/AgricultureE-.pdf,
phone,pass,Published phone: 0000325992 ,https://mpclg.gov.lk/web/images/divisions/Legal/AgricultureE-.pdf,
phone,pass,Published phone: 0000000523 ,https://mpclg.gov.lk/web/images/divisions/Legal/AgricultureE-.pdf,
phone,pass,Published phone: 0000000746 ,https://mpclg.gov.lk/web/images/divisions/Legal/AgricultureE-.pdf,
phone,pass,Published phone: 0000000698 ,https://mpclg.gov.lk/web/images/divisions/Legal/AgricultureE-.pdf,
phone,pass,Published phone: 0000000276 ,https://mpclg.gov.lk/web/images/divisions/Legal/AgricultureE-.pdf,
phone,pass,Published phone: 0000000203 ,https://mpclg.gov.lk/web/images/divisions/Legal/AgricultureE-.pdf,
phone,pass,Published phone: 0000000640 ,https://mpclg.gov.lk/web/images/divisions/Legal/AgricultureE-.pdf,
phone,pass,Published phone: 0000000132 ,https://mpclg.gov.lk/web/images/divisions/Legal/AgricultureE-.pdf,
phone,pass,Published phone: 06 558 833 83,https://mpclg.gov.lk/web/images/divisions/Legal/AgricultureE-.pdf,
phone,pass,Published phone: 0000000480 ,https://mpclg.gov.lk/web/images/divisions/Legal/AgricultureE-.pdf,
phone,pass,Published phone: 0000041114 ,https://mpclg.gov.lk/web/images/divisions/Legal/AgricultureE-.pdf,
phone,pass,Published phone: 0000000641 ,https://mpclg.gov.lk/web/images/divisions/Legal/AgricultureE-.pdf,
phone,pass,Published phone: 0000000453 ,https://mpclg.gov.lk/web/images/divisions/Legal/AgricultureE-.pdf,
phone,pass,Published phone: 0000000150 ,https://mpclg.gov.lk/web/images/divisions/Legal/AgricultureE-.pdf,
phone,pass,Published phone: 0000000511 ,https://mpclg.gov.lk/web/images/divisions/Legal/AgricultureE-.pdf,
phone,pass,Published phone: 0000000301 ,https://mpclg.gov.lk/web/images/divisions/Legal/AgricultureE-.pdf,
phone,pass,Published phone: 0000000174 ,https://mpclg.gov.lk/web/images/divisions/Legal/AgricultureE-.pdf,
phone,pass,Published phone: 0000000211 ,https://mpclg.gov.lk/web/images/divisions/Legal/AgricultureE-.pdf,
phone,pass,Published phone: 0000000439 ,https://mpclg.gov.lk/web/images/divisions/Legal/AgricultureE-.pdf,
phone,pass,Published phone: 0000000454 ,https://mpclg.gov.lk/web/images/divisions/Legal/AgricultureE-.pdf,
phone,pass,Published phone: 0000000656 ,https://mpclg.gov.lk/web/images/divisions/Legal/AgricultureE-.pdf,
phone,pass,Published phone: 0000000190 ,https://mpclg.gov.lk/web/images/divisions/Legal/AgricultureE-.pdf,
phone,pass,Published phone: 0000000537 ,https://mpclg.gov.lk/web/images/divisions/Legal/AgricultureE-.pdf,
phone,pass,Published phone: 0000000060 ,https://mpclg.gov.lk/web/images/divisions/Legal/AgricultureE-.pdf,
phone,pass,Published phone: 0000000412 ,https://mpclg.gov.lk/web/images/divisions/Legal/AgricultureE-.pdf,
phone,pass,Published phone: 0000000647 ,https://mpclg.gov.lk/web/images/divisions/Legal/AgricultureE-.pdf,
phone,pass,Published phone: 0000000093 ,https://mpclg.gov.lk/web/images/divisions/Legal/AgricultureE-.pdf,
phone,pass,Published phone: 0000000117 ,https://mpclg.gov.lk/web/images/divisions/Legal/AgricultureE-.pdf,
phone,pass,Published phone: 0000000105 ,https://mpclg.gov.lk/web/images/divisions/Legal/AgricultureE-.pdf,
phone,pass,Published phone: 0000000510 ,https://mpclg.gov.lk/web/images/divisions/Legal/AgricultureE-.pdf,
phone,pass,Published phone: 0000000582 ,https://mpclg.gov.lk/web/images/divisions/Legal/AgricultureE-.pdf,
phone,pass,Published phone: 0000000420 ,https://mpclg.gov.lk/web/images/divisions/Legal/AgricultureE-.pdf,
phone,pass,Published phone: 0000000153 ,https://mpclg.gov.lk/web/images/divisions/Legal/AgricultureE-.pdf,
phone,pass,Published phone: 0000000520 ,https://mpclg.gov.lk/web/images/divisions/Legal/AgricultureE-.pdf,
phone,pass,Published phone: 0000000459 ,https://mpclg.gov.lk/web/images/divisions/Legal/AgricultureE-.pdf,
phone,pass,Published phone: 0 0 250 333 25,https://mpclg.gov.lk/web/images/divisions/Legal/AgricultureE-.pdf,
phone,pass,Published phone: 0000000111 ,https://mpclg.gov.lk/web/images/divisions/Legal/AgricultureE-.pdf,
phone,pass,Published phone: 0000000104 ,https://mpclg.gov.lk/web/images/divisions/Legal/AgricultureE-.pdf,
phone,pass,Published phone: 0000000648 ,https://mpclg.gov.lk/web/images/divisions/Legal/AgricultureE-.pdf,
phone,pass,Published phone: 0000000323 ,https://mpclg.gov.lk/web/images/divisions/Legal/AgricultureE-.pdf,
phone,pass,Published phone: 0000000343 ,https://mpclg.gov.lk/web/images/divisions/Legal/AgricultureE-.pdf,
phone,pass,Published phone: 0000000448 ,https://mpclg.gov.lk/web/images/divisions/Legal/AgricultureE-.pdf,
phone,pass,Published phone: 0000000507 ,https://mpclg.gov.lk/web/images/divisions/Legal/AgricultureE-.pdf,
phone,pass,Published phone: 0000000684 ,https://mpclg.gov.lk/web/images/divisions/Legal/AgricultureE-.pdf,
phone,pass,Published phone: 0000000112 ,https://mpclg.gov.lk/web/images/divisions/Legal/AgricultureE-.pdf,
phone,pass,Published phone: 0000000720 ,https://mpclg.gov.lk/web/images/divisions/Legal/AgricultureE-.pdf,
phone,pass,Published phone: 0000000475 ,https://mpclg.gov.lk/web/images/divisions/Legal/AgricultureE-.pdf,
phone,pass,Published phone: 0000000476 ,https://mpclg.gov.lk/web/images/divisions/Legal/AgricultureE-.pdf,
phone,pass,Published phone: 0000000617 ,https://mpclg.gov.lk/web/images/divisions/Legal/AgricultureE-.pdf,
phone,pass,Published phone: 0000000731 ,https://mpclg.gov.lk/web/images/divisions/Legal/AgricultureE-.pdf,
phone,pass,Published phone: 0000000172 ,https://mpclg.gov.lk/web/images/divisions/Legal/AgricultureE-.pdf,
phone,pass,Published phone: 0000000221 ,https://mpclg.gov.lk/web/images/divisions/Legal/AgricultureE-.pdf,
phone,pass,Published phone: 0000000077 ,https://mpclg.gov.lk/web/images/divisions/Legal/AgricultureE-.pdf,
phone,pass,Published phone: 0000000242 ,https://mpclg.gov.lk/web/images/divisions/Legal/AgricultureE-.pdf,
phone,pass,Published phone: 0000000587 ,https://mpclg.gov.lk/web/images/divisions/Legal/AgricultureE-.pdf,
phone,pass,Published phone: 0000000651 ,https://mpclg.gov.lk/web/images/divisions/Legal/AgricultureE-.pdf,
phone,pass,Published phone: 0 0 0 0 0 0 778 6,https://mpclg.gov.lk/web/images/divisions/Legal/AgricultureE-.pdf,
phone,pass,Published phone: 09 774 611 55,https://mpclg.gov.lk/web/images/divisions/Legal/AgricultureE-.pdf,
phone,pass,Published phone: 0000000100 ,https://mpclg.gov.lk/web/images/divisions/Legal/AgricultureE-.pdf,
phone,pass,Published phone: 0000064433 ,https://mpclg.gov.lk/web/images/divisions/Legal/AgricultureE-.pdf,
phone,pass,Published phone: 0000000235 ,https://mpclg.gov.lk/web/images/divisions/Legal/AgricultureE-.pdf,
phone,pass,Published phone: 0000000168 ,https://mpclg.gov.lk/web/images/divisions/Legal/AgricultureE-.pdf,
phone,pass,Published phone: 0 500 500 500 ,https://mpclg.gov.lk/web/images/divisions/Legal/AgricultureE-.pdf,
phone,pass,Published phone: 0000000501 ,https://mpclg.gov.lk/web/images/divisions/Legal/AgricultureE-.pdf,
phone,pass,Published phone: 0000000139 ,https://mpclg.gov.lk/web/images/divisions/Legal/AgricultureE-.pdf,
phone,pass,Published phone: 0000000220 ,https://mpclg.gov.lk/web/images/divisions/Legal/AgricultureE-.pdf,
phone,pass,Published phone: 0000220189 ,https://mpclg.gov.lk/web/images/divisions/Legal/AgricultureE-.pdf,
phone,pass,Published phone: 0000000084 ,https://mpclg.gov.lk/web/images/divisions/Legal/AgricultureE-.pdf,
phone,pass,Published phone: 0000000189 ,https://mpclg.gov.lk/web/images/divisions/Legal/AgricultureE-.pdf,
phone,pass,Published phone: 0000000198 ,https://mpclg.gov.lk/web/images/divisions/Legal/AgricultureE-.pdf,
phone,pass,Published phone: 0000000219 ,https://mpclg.gov.lk/web/images/divisions/Legal/AgricultureE-.pdf,
phone,pass,Published phone: 0 444 0 407 50,https://mpclg.gov.lk/web/images/divisions/Legal/AgricultureE-.pdf,
phone,pass,Published phone: 0000000341 ,https://mpclg.gov.lk/web/images/divisions/Legal/AgricultureE-.pdf,
phone,pass,Published phone: 0000000456 ,https://mpclg.gov.lk/web/images/divisions/Legal/AgricultureE-.pdf,
phone,pass,Published phone: 0000000514 ,https://mpclg.gov.lk/web/images/divisions/Legal/AgricultureE-.pdf,
phone,pass,Published phone: 0000000604 ,https://mpclg.gov.lk/web/images/divisions/Legal/AgricultureE-.pdf,
phone,pass,Published phone: 0000000608 ,https://mpclg.gov.lk/web/images/divisions/Legal/AgricultureE-.pdf,
phone,pass,Published phone: 0000000580 ,https://mpclg.gov.lk/web/images/divisions/Legal/AgricultureE-.pdf,
phone,pass,Published phone: 0000000710 ,https://mpclg.gov.lk/web/images/divisions/Legal/AgricultureE-.pdf,
phone,pass,Published phone: 07 507 507 50,https://mpclg.gov.lk/web/images/divisions/Legal/AgricultureE-.pdf,
phone,pass,Published phone: 0000000711 ,https://mpclg.gov.lk/web/images/divisions/Legal/AgricultureE-.pdf,
phone,pass,Published phone: 0000000288 ,https://mpclg.gov.lk/web/images/divisions/Legal/AgricultureE-.pdf,
phone,pass,Published phone: 0000000442 ,https://mpclg.gov.lk/web/images/divisions/Legal/AgricultureE-.pdf,
phone,pass,Published phone: 0000000732 ,https://mpclg.gov.lk/web/images/divisions/Legal/AgricultureE-.pdf,
phone,pass,Published phone: 0000000632 ,https://mpclg.gov.lk/web/images/divisions/Legal/AgricultureE-.pdf,
phone,pass,Published phone: 0000000270 ,https://mpclg.gov.lk/web/images/divisions/Legal/AgricultureE-.pdf,
phone,pass,Published phone: 0000000181 ,https://mpclg.gov.lk/web/images/divisions/Legal/AgricultureE-.pdf,
phone,pass,Published phone: 0000000542 ,https://mpclg.gov.lk/web/images/divisions/Legal/AgricultureE-.pdf,
phone,pass,Published phone: 0000000069 ,https://mpclg.gov.lk/web/images/divisions/Legal/AgricultureE-.pdf,
phone,pass,Published phone: 0000000316 ,https://mpclg.gov.lk/web/images/divisions/Legal/AgricultureE-.pdf,
phone,pass,Published phone: 0000000390 ,https://mpclg.gov.lk/web/images/divisions/Legal/AgricultureE-.pdf,
phone,pass,Published phone: 0000000719 ,https://mpclg.gov.lk/web/images/divisions/Legal/AgricultureE-.pdf,
phone,pass,Published phone: 0000000356 ,https://mpclg.gov.lk/web/images/divisions/Legal/AgricultureE-.pdf,
phone,pass,Published phone: 0000000687 ,https://mpclg.gov.lk/web/images/divisions/Legal/AgricultureE-.pdf,
phone,pass,Published phone: 0000000708 ,https://mpclg.gov.lk/web/images/divisions/Legal/AgricultureE-.pdf,
phone,pass,Published phone: 0000037614 ,https://mpclg.gov.lk/web/images/divisions/Legal/AgricultureE-.pdf,
phone,pass,Published phone: 0000000495 ,https://mpclg.gov.lk/web/images/divisions/Legal/AgricultureE-.pdf,
phone,pass,Published phone: 0000000227 ,https://mpclg.gov.lk/web/images/divisions/Legal/AgricultureE-.pdf,
phone,pass,Published phone: 0000000110 ,https://mpclg.gov.lk/web/images/divisions/Legal/AgricultureE-.pdf,
phone,pass,Published phone: 0000000388 ,https://mpclg.gov.lk/web/images/divisions/Legal/AgricultureE-.pdf,
phone,pass,Published phone: 0000000209 ,https://mpclg.gov.lk/web/images/divisions/Legal/AgricultureE-.pdf,
phone,pass,Published phone: 0000000596 ,https://mpclg.gov.lk/web/images/divisions/Legal/AgricultureE-.pdf,
phone,pass,Published phone: 0000000606 ,https://mpclg.gov.lk/web/images/divisions/Legal/AgricultureE-.pdf,
phone,pass,Published phone: 0000000177 ,https://mpclg.gov.lk/web/images/divisions/Legal/AgricultureE-.pdf,
phone,pass,Published phone: 0000000379 ,https://mpclg.gov.lk/web/images/divisions/Legal/AgricultureE-.pdf,
phone,pass,Published phone: 0000000547 ,https://mpclg.gov.lk/web/images/divisions/Legal/AgricultureE-.pdf,
phone,pass,Published phone: 0000000160 ,https://mpclg.gov.lk/web/images/divisions/Legal/AgricultureE-.pdf,
phone,pass,Published phone: 0000000637 ,https://mpclg.gov.lk/web/images/divisions/Legal/AgricultureE-.pdf,
phone,pass,Published phone: 0000000298 ,https://mpclg.gov.lk/web/images/divisions/Legal/AgricultureE-.pdf,
phone,pass,Published phone: 0000000119 ,https://mpclg.gov.lk/web/images/divisions/Legal/AgricultureE-.pdf,
phone,pass,Published phone: 0000000350 ,https://mpclg.gov.lk/web/images/divisions/Legal/AgricultureE-.pdf,
phone,pass,Published phone: 0000019632 ,https://mpclg.gov.lk/web/images/divisions/Legal/AgricultureE-.pdf,
phone,pass,Published phone: 0000000166 ,https://mpclg.gov.lk/web/images/divisions/Legal/AgricultureE-.pdf,
phone,pass,Published phone: 0000000244 ,https://mpclg.gov.lk/web/images/divisions/Legal/AgricultureE-.pdf,
phone,pass,Published phone: 0000000191 ,https://mpclg.gov.lk/web/images/divisions/Legal/AgricultureE-.pdf,
phone,pass,Published phone: 0000000351 ,https://mpclg.gov.lk/web/images/divisions/Legal/AgricultureE-.pdf,
phone,pass,Published phone: 0000000161 ,https://mpclg.gov.lk/web/images/divisions/Legal/AgricultureE-.pdf,
phone,pass,Published phone: 0000000513 ,https://mpclg.gov.lk/web/images/divisions/Legal/AgricultureE-.pdf,
phone,pass,Published phone: 0000000243 ,https://mpclg.gov.lk/web/images/divisions/Legal/AgricultureE-.pdf,
phone,pass,Published phone: 0000000213 ,https://mpclg.gov.lk/web/images/divisions/Legal/AgricultureE-.pdf,
phone,pass,Published phone: 0000000280 ,https://mpclg.gov.lk/web/images/divisions/Legal/AgricultureE-.pdf,
phone,pass,Published phone: 0000000497 ,https://mpclg.gov.lk/web/images/divisions/Legal/AgricultureE-.pdf,
phone,pass,Published phone: 0000000738 ,https://mpclg.gov.lk/web/images/divisions/Legal/AgricultureE-.pdf,
phone,pass,Published phone: 0000000344 ,https://mpclg.gov.lk/web/images/divisions/Legal/AgricultureE-.pdf,
phone,pass,Published phone: 0000000392 ,https://mpclg.gov.lk/web/images/divisions/Legal/AgricultureE-.pdf,
phone,pass,Published phone: 0000000644 ,https://mpclg.gov.lk/web/images/divisions/Legal/AgricultureE-.pdf,
phone,pass,Published phone: 0000000374 ,https://mpclg.gov.lk/web/images/divisions/Legal/AgricultureE-.pdf,
phone,pass,Published phone: 0000000635 ,https://mpclg.gov.lk/web/images/divisions/Legal/AgricultureE-.pdf,
phone,pass,Published phone: 0000000147 ,https://mpclg.gov.lk/web/images/divisions/Legal/AgricultureE-.pdf,
phone,pass,Published phone: 0000000533 ,https://mpclg.gov.lk/web/images/divisions/Legal/AgricultureE-.pdf,
phone,pass,Published phone: 0000007164 ,https://mpclg.gov.lk/web/images/divisions/Legal/AgricultureE-.pdf,
phone,pass,Published phone: 0 0 0 0 0 507 50,https://mpclg.gov.lk/web/images/divisions/Legal/AgricultureE-.pdf,
phone,pass,Published phone: 0 0 0 0 0 0 0 0 0 0 ,https://mpclg.gov.lk/web/images/divisions/Legal/AgricultureE-.pdf,
phone,pass,Published phone: 0000000245 ,https://mpclg.gov.lk/web/images/divisions/Legal/AgricultureE-.pdf,
phone,pass,Published phone: 0000000368 ,https://mpclg.gov.lk/web/images/divisions/Legal/AgricultureE-.pdf,
phone,pass,Published phone: 0000000225 ,https://mpclg.gov.lk/web/images/divisions/Legal/AgricultureE-.pdf,
phone,pass,Published phone: 0000000308 ,https://mpclg.gov.lk/web/images/divisions/Legal/AgricultureE-.pdf,
phone,pass,Published phone: 0000013656 ,https://mpclg.gov.lk/web/images/divisions/Legal/AgricultureE-.pdf,
phone,pass,Published phone: 0000000178 ,https://mpclg.gov.lk/web/images/divisions/Legal/AgricultureE-.pdf,
phone,pass,Published phone: 0000000422 ,https://mpclg.gov.lk/web/images/divisions/Legal/AgricultureE-.pdf,
phone,pass,Published phone: 0000000558 ,https://mpclg.gov.lk/web/images/divisions/Legal/AgricultureE-.pdf,
phone,pass,Published phone: 0000000603 ,https://mpclg.gov.lk/web/images/divisions/Legal/AgricultureE-.pdf,
phone,pass,Published phone: 0000000642 ,https://mpclg.gov.lk/web/images/divisions/Legal/AgricultureE-.pdf,
phone,pass,Published phone: 0000000595 ,https://mpclg.gov.lk/web/images/divisions/Legal/AgricultureE-.pdf,
phone,pass,Published phone: 0000000715 ,https://mpclg.gov.lk/web/images/divisions/Legal/AgricultureE-.pdf,
phone,pass,Published phone: 0000000676 ,https://mpclg.gov.lk/web/images/divisions/Legal/AgricultureE-.pdf,
phone,pass,Published phone: 0000000545 ,https://mpclg.gov.lk/web/images/divisions/Legal/AgricultureE-.pdf,
phone,pass,Published phone: 0000000151 ,https://mpclg.gov.lk/web/images/divisions/Legal/AgricultureE-.pdf,
phone,pass,Published phone: 0000029892 ,https://mpclg.gov.lk/web/images/divisions/Legal/AgricultureE-.pdf,
phone,pass,Published phone: 0000000360 ,https://mpclg.gov.lk/web/images/divisions/Legal/AgricultureE-.pdf,
phone,pass,Published phone: 0000000522 ,https://mpclg.gov.lk/web/images/divisions/Legal/AgricultureE-.pdf,
phone,pass,Published phone: 0000000590 ,https://mpclg.gov.lk/web/images/divisions/Legal/AgricultureE-.pdf,
phone,pass,Published phone: 0000000404 ,https://mpclg.gov.lk/web/images/divisions/Legal/AgricultureE-.pdf,
phone,pass,Published phone: 0000000275 ,https://mpclg.gov.lk/web/images/divisions/Legal/AgricultureE-.pdf,
phone,pass,Published phone: 0000000628 ,https://mpclg.gov.lk/web/images/divisions/Legal/AgricultureE-.pdf,
phone,pass,Published phone: 0000000697 ,https://mpclg.gov.lk/web/images/divisions/Legal/AgricultureE-.pdf,
phone,pass,Published phone: 0000000271 ,https://mpclg.gov.lk/web/images/divisions/Legal/AgricultureE-.pdf,
phone,pass,Published phone: 0000000468 ,https://mpclg.gov.lk/web/images/divisions/Legal/AgricultureE-.pdf,
phone,pass,Published phone: 0000000407 ,https://mpclg.gov.lk/web/images/divisions/Legal/AgricultureE-.pdf,
phone,pass,Published phone: 0000000272 ,https://mpclg.gov.lk/web/images/divisions/Legal/AgricultureE-.pdf,
phone,pass,Published phone: 0000000724 ,https://mpclg.gov.lk/web/images/divisions/Legal/AgricultureE-.pdf,
phone,pass,Published phone: 0000000062 ,https://mpclg.gov.lk/web/images/divisions/Legal/AgricultureE-.pdf,
phone,pass,Published phone: 0000000330 ,https://mpclg.gov.lk/web/images/divisions/Legal/AgricultureE-.pdf,
phone,pass,Published phone: 0000000726 ,https://mpclg.gov.lk/web/images/divisions/Legal/AgricultureE-.pdf,
phone,pass,Published phone: 0000000451 ,https://mpclg.gov.lk/web/images/divisions/Legal/AgricultureE-.pdf,
phone,pass,Published phone: 0000000593 ,https://mpclg.gov.lk/web/images/divisions/Legal/AgricultureE-.pdf,
phone,pass,Published phone: 0000000563 ,https://mpclg.gov.lk/web/images/divisions/Legal/AgricultureE-.pdf,
phone,pass,Published phone: 0000000075 ,https://mpclg.gov.lk/web/images/divisions/Legal/AgricultureE-.pdf,
phone,pass,Published phone: 0000033654 ,https://mpclg.gov.lk/web/images/divisions/Legal/AgricultureE-.pdf,
phone,pass,Published phone: 0000000068 ,https://mpclg.gov.lk/web/images/divisions/Legal/AgricultureE-.pdf,
phone,pass,Published phone: 0000000249 ,https://mpclg.gov.lk/web/images/divisions/Legal/AgricultureE-.pdf,
phone,pass,Published phone: 0000000138 ,https://mpclg.gov.lk/web/images/divisions/Legal/AgricultureE-.pdf,
phone,pass,Published phone: 0000000509 ,https://mpclg.gov.lk/web/images/divisions/Legal/AgricultureE-.pdf,
phone,pass,Published phone: 0000000376 ,https://mpclg.gov.lk/web/images/divisions/Legal/AgricultureE-.pdf,
phone,pass,Published phone: 0000000415 ,https://mpclg.gov.lk/web/images/divisions/Legal/AgricultureE-.pdf,
phone,pass,Published phone: 0000000409 ,https://mpclg.gov.lk/web/images/divisions/Legal/AgricultureE-.pdf,
phone,pass,Published phone: 0000000618 ,https://mpclg.gov.lk/web/images/divisions/Legal/AgricultureE-.pdf,
phone,pass,Published phone: 0000000201 ,https://mpclg.gov.lk/web/images/divisions/Legal/AgricultureE-.pdf,
phone,pass,Published phone: 0000000332 ,https://mpclg.gov.lk/web/images/divisions/Legal/AgricultureE-.pdf,
phone,pass,Published phone: 0000000354 ,https://mpclg.gov.lk/web/images/divisions/Legal/AgricultureE-.pdf,
phone,pass,Published phone: 0000000169 ,https://mpclg.gov.lk/web/images/divisions/Legal/AgricultureE-.pdf,
phone,pass,Published phone: 0000000536 ,https://mpclg.gov.lk/web/images/divisions/Legal/AgricultureE-.pdf,
phone,pass,Published phone: 0000000137 ,https://mpclg.gov.lk/web/images/divisions/Legal/AgricultureE-.pdf,
phone,pass,Published phone: 0000007550 ,https://mpclg.gov.lk/web/images/divisions/Legal/AgricultureE-.pdf,
phone,pass,Published phone: 0000000273 ,https://mpclg.gov.lk/web/images/divisions/Legal/AgricultureE-.pdf,
phone,pass,Published phone: 0000000481 ,https://mpclg.gov.lk/web/images/divisions/Legal/AgricultureE-.pdf,
phone,pass,Published phone: 0000000588 ,https://mpclg.gov.lk/web/images/divisions/Legal/AgricultureE-.pdf,
phone,pass,Published phone: 0000000679 ,https://mpclg.gov.lk/web/images/divisions/Legal/AgricultureE-.pdf,
phone,pass,Published phone: 0000000228 ,https://mpclg.gov.lk/web/images/divisions/Legal/AgricultureE-.pdf,
phone,pass,Published phone: 0000000707 ,https://mpclg.gov.lk/web/images/divisions/Legal/AgricultureE-.pdf,
phone,pass,Published phone: 0000000717 ,https://mpclg.gov.lk/web/images/divisions/Legal/AgricultureE-.pdf,
phone,pass,Published phone: 0000000328 ,https://mpclg.gov.lk/web/images/divisions/Legal/AgricultureE-.pdf,
phone,pass,Published phone: 0000000516 ,https://mpclg.gov.lk/web/images/divisions/Legal/AgricultureE-.pdf,
phone,pass,Published phone: 0000000464 ,https://mpclg.gov.lk/web/images/divisions/Legal/AgricultureE-.pdf,
phone,pass,Published phone: 0000048647 ,https://mpclg.gov.lk/web/images/divisions/Legal/AgricultureE-.pdf,
phone,pass,Published phone: 0000000737 ,https://mpclg.gov.lk/web/images/divisions/Legal/AgricultureE-.pdf,
phone,pass,Published phone: 0000000570 ,https://mpclg.gov.lk/web/images/divisions/Legal/AgricultureE-.pdf,
phone,pass,Published phone: 0000000260 ,https://mpclg.gov.lk/web/images/divisions/Legal/AgricultureE-.pdf,
phone,pass,Published phone: 0000000314 ,https://mpclg.gov.lk/web/images/divisions/Legal/AgricultureE-.pdf,
phone,pass,Published phone: 0000000285 ,https://mpclg.gov.lk/web/images/divisions/Legal/AgricultureE-.pdf,
phone,pass,Published phone: 0000000108 ,https://mpclg.gov.lk/web/images/divisions/Legal/AgricultureE-.pdf,
phone,pass,Published phone: 0000000597 ,https://mpclg.gov.lk/web/images/divisions/Legal/AgricultureE-.pdf,
phone,pass,Published phone: 0000000643 ,https://mpclg.gov.lk/web/images/divisions/Legal/AgricultureE-.pdf,
phone,pass,Published phone: 0000000389 ,https://mpclg.gov.lk/web/images/divisions/Legal/AgricultureE-.pdf,
phone,pass,Published phone: 0000000660 ,https://mpclg.gov.lk/web/images/divisions/Legal/AgricultureE-.pdf,
phone,pass,Published phone: 0 762 000000,https://mpclg.gov.lk/web/images/divisions/Legal/AgricultureE-.pdf,
phone,pass,Published phone: 0000000743 ,https://mpclg.gov.lk/web/images/divisions/Legal/AgricultureE-.pdf,
phone,pass,Published phone: 0000000487 ,https://mpclg.gov.lk/web/images/divisions/Legal/AgricultureE-.pdf,
phone,pass,Published phone: 0000000418 ,https://mpclg.gov.lk/web/images/divisions/Legal/AgricultureE-.pdf,
phone,pass,Published phone: 0000000239 ,https://mpclg.gov.lk/web/images/divisions/Legal/AgricultureE-.pdf,
phone,pass,Published phone: 0000000568 ,https://mpclg.gov.lk/web/images/divisions/Legal/AgricultureE-.pdf,
phone,pass,Published phone: 0000000337 ,https://mpclg.gov.lk/web/images/divisions/Legal/AgricultureE-.pdf,
phone,pass,Published phone: 0000000436 ,https://mpclg.gov.lk/web/images/divisions/Legal/AgricultureE-.pdf,
phone,pass,Published phone: 0000004764 ,https://mpclg.gov.lk/web/images/divisions/Legal/AgricultureE-.pdf,
phone,pass,Published phone: 0000000485 ,https://mpclg.gov.lk/web/images/divisions/Legal/AgricultureE-.pdf,
phone,pass,Published phone: 0000000517 ,https://mpclg.gov.lk/web/images/divisions/Legal/AgricultureE-.pdf,
phone,pass,Published phone: 0000000296 ,https://mpclg.gov.lk/web/images/divisions/Legal/AgricultureE-.pdf,
phone,pass,Published phone: 0000000054 ,https://mpclg.gov.lk/web/images/divisions/Legal/AgricultureE-.pdf,
phone,pass,Published phone: 0000000600 ,https://mpclg.gov.lk/web/images/divisions/Legal/AgricultureE-.pdf,
phone,pass,Published phone: 0000000506 ,https://mpclg.gov.lk/web/images/divisions/Legal/AgricultureE-.pdf,
phone,pass,Published phone: 0000000528 ,https://mpclg.gov.lk/web/images/divisions/Legal/AgricultureE-.pdf,
phone,pass,Published phone: 0000005383 ,https://mpclg.gov.lk/web/images/divisions/Legal/AgricultureE-.pdf,
phone,pass,Published phone: 0000000377 ,https://mpclg.gov.lk/web/images/divisions/Legal/AgricultureE-.pdf,
phone,pass,Published phone: 0000000334 ,https://mpclg.gov.lk/web/images/divisions/Legal/AgricultureE-.pdf,
phone,pass,Published phone: 0000000063 ,https://mpclg.gov.lk/web/images/divisions/Legal/AgricultureE-.pdf,
phone,pass,Published phone: 0000000524 ,https://mpclg.gov.lk/web/images/divisions/Legal/AgricultureE-.pdf,
phone,pass,Published phone: 0000000613 ,https://mpclg.gov.lk/web/images/divisions/Legal/AgricultureE-.pdf,
phone,pass,Published phone: 0000000541 ,https://mpclg.gov.lk/web/images/divisions/Legal/AgricultureE-.pdf,
phone,pass,Published phone: 0000000162 ,https://mpclg.gov.lk/web/images/divisions/Legal/AgricultureE-.pdf,
phone,pass,Published phone: 0000000186 ,https://mpclg.gov.lk/web/images/divisions/Legal/AgricultureE-.pdf,
phone,pass,Published phone: 0000000515 ,https://mpclg.gov.lk/web/images/divisions/Legal/AgricultureE-.pdf,
phone,pass,Published phone: 0000000747 ,https://mpclg.gov.lk/web/images/divisions/Legal/AgricultureE-.pdf,
phone,pass,Published phone: 0000000085 ,https://mpclg.gov.lk/web/images/divisions/Legal/AgricultureE-.pdf,
phone,pass,Published phone: 0000004524 ,https://mpclg.gov.lk/web/images/divisions/Legal/AgricultureE-.pdf,
phone,pass,Published phone: 0000000653 ,https://mpclg.gov.lk/web/images/divisions/Legal/AgricultureE-.pdf,
phone,pass,Published phone: 0000000087 ,https://mpclg.gov.lk/web/images/divisions/Legal/AgricultureE-.pdf,
phone,pass,Published phone: 0000000473 ,https://mpclg.gov.lk/web/images/divisions/Legal/AgricultureE-.pdf,
phone,pass,Published phone: 0000000210 ,https://mpclg.gov.lk/web/images/divisions/Legal/AgricultureE-.pdf,
phone,pass,Published phone: 0000000659 ,https://mpclg.gov.lk/web/images/divisions/Legal/AgricultureE-.pdf,
phone,pass,Published phone: 0000000067 ,https://mpclg.gov.lk/web/images/divisions/Legal/AgricultureE-.pdf,
phone,pass,Published phone: 0000000097 ,https://mpclg.gov.lk/web/images/divisions/Legal/AgricultureE-.pdf,
phone,pass,Published phone: 0000000193 ,https://mpclg.gov.lk/web/images/divisions/Legal/AgricultureE-.pdf,
phone,pass,Published phone: 0000000530 ,https://mpclg.gov.lk/web/images/divisions/Legal/AgricultureE-.pdf,
phone,pass,Published phone: 0000000141 ,https://mpclg.gov.lk/web/images/divisions/Legal/AgricultureE-.pdf,
phone,pass,Published phone: 0000000396 ,https://mpclg.gov.lk/web/images/divisions/Legal/AgricultureE-.pdf,
phone,pass,Published phone: 0000000527 ,https://mpclg.gov.lk/web/images/divisions/Legal/AgricultureE-.pdf,
phone,pass,Published phone: 0000000538 ,https://mpclg.gov.lk/web/images/divisions/Legal/AgricultureE-.pdf,
phone,pass,Published phone: 0000000601 ,https://mpclg.gov.lk/web/images/divisions/Legal/AgricultureE-.pdf,
phone,pass,Published phone: 0000000232 ,https://mpclg.gov.lk/web/images/divisions/Legal/AgricultureE-.pdf,
phone,pass,Published phone: 0000000336 ,https://mpclg.gov.lk/web/images/divisions/Legal/AgricultureE-.pdf,
phone,pass,Published phone: 0000000124 ,https://mpclg.gov.lk/web/images/divisions/Legal/AgricultureE-.pdf,
phone,pass,Published phone: 0000000503 ,https://mpclg.gov.lk/web/images/divisions/Legal/AgricultureE-.pdf,
phone,pass,Published phone: 0000000470 ,https://mpclg.gov.lk/web/images/divisions/Legal/AgricultureE-.pdf,
phone,pass,Published phone: 0000000471 ,https://mpclg.gov.lk/web/images/divisions/Legal/AgricultureE-.pdf,
phone,pass,Published phone: 0000000460 ,https://mpclg.gov.lk/web/images/divisions/Legal/AgricultureE-.pdf,
phone,pass,Published phone: 0000000372 ,https://mpclg.gov.lk/web/images/divisions/Legal/AgricultureE-.pdf,
phone,pass,Published phone: 0000000167 ,https://mpclg.gov.lk/web/images/divisions/Legal/AgricultureE-.pdf,
phone,pass,Published phone: 0 0 778 611 70,https://mpclg.gov.lk/web/images/divisions/Legal/AgricultureE-.pdf,
phone,pass,Published phone: 0000000727 ,https://mpclg.gov.lk/web/images/divisions/Legal/AgricultureE-.pdf,
phone,pass,Published phone: 0000000251 ,https://mpclg.gov.lk/web/images/divisions/Legal/AgricultureE-.pdf,
phone,pass,Published phone: 0000000626 ,https://mpclg.gov.lk/web/images/divisions/Legal/AgricultureE-.pdf,
phone,pass,Published phone: 0000000145 ,https://mpclg.gov.lk/web/images/divisions/Legal/AgricultureE-.pdf,
phone,pass,Published phone: 0000000128 ,https://mpclg.gov.lk/web/images/divisions/Legal/AgricultureE-.pdf,
phone,pass,Published phone: 0000000202 ,https://mpclg.gov.lk/web/images/divisions/Legal/AgricultureE-.pdf,
phone,pass,Published phone: 0000004356 ,https://mpclg.gov.lk/web/images/divisions/Legal/AgricultureE-.pdf,
phone,pass,Published phone: 0000000267 ,https://mpclg.gov.lk/web/images/divisions/Legal/AgricultureE-.pdf,
phone,pass,Published phone: 0000000494 ,https://mpclg.gov.lk/web/images/divisions/Legal/AgricultureE-.pdf,
phone,pass,Published phone: 0000000143 ,https://mpclg.gov.lk/web/images/divisions/Legal/AgricultureE-.pdf,
phone,pass,Published phone: 0000000479 ,https://mpclg.gov.lk/web/images/divisions/Legal/AgricultureE-.pdf,
phone,pass,Published phone: 0000000591 ,https://mpclg.gov.lk/web/images/divisions/Legal/AgricultureE-.pdf,
phone,pass,Published phone: 0000000531 ,https://mpclg.gov.lk/web/images/divisions/Legal/AgricultureE-.pdf,
phone,pass,Published phone: 0000000152 ,https://mpclg.gov.lk/web/images/divisions/Legal/AgricultureE-.pdf,
phone,pass,Published phone: 0000000382 ,https://mpclg.gov.lk/web/images/divisions/Legal/AgricultureE-.pdf,
phone,pass,Published phone: 0000000311 ,https://mpclg.gov.lk/web/images/divisions/Legal/AgricultureE-.pdf,
phone,pass,Published phone: 0000000224 ,https://mpclg.gov.lk/web/images/divisions/Legal/AgricultureE-.pdf,
phone,pass,Published phone: 0000000526 ,https://mpclg.gov.lk/web/images/divisions/Legal/AgricultureE-.pdf,
phone,pass,Published phone: 0000000098 ,https://mpclg.gov.lk/web/images/divisions/Legal/AgricultureE-.pdf,
phone,pass,Published phone: 0 0 0 0 250 0 50,https://mpclg.gov.lk/web/images/divisions/Legal/AgricultureE-.pdf,
phone,pass,Published phone: 0 333 0 333 0 0 ,https://mpclg.gov.lk/web/images/divisions/Legal/AgricultureE-.pdf,
phone,pass,Published phone: 0 389 278 0 50,https://mpclg.gov.lk/web/images/divisions/Legal/AgricultureE-.pdf,
phone,pass,Published phone: 0000000564 ,https://mpclg.gov.lk/web/images/divisions/Legal/AgricultureE-.pdf,
phone,pass,Published phone: 0000000073 ,https://mpclg.gov.lk/web/images/divisions/Legal/AgricultureE-.pdf,
phone,pass,Published phone: 0000000157 ,https://mpclg.gov.lk/web/images/divisions/Legal/AgricultureE-.pdf,
phone,pass,Published phone: 0000000725 ,https://mpclg.gov.lk/web/images/divisions/Legal/AgricultureE-.pdf,
phone,pass,Published phone: 0000022446 ,https://mpclg.gov.lk/web/images/divisions/Legal/AgricultureE-.pdf,
phone,pass,Published phone: 0000000253 ,https://mpclg.gov.lk/web/images/divisions/Legal/AgricultureE-.pdf,
phone,pass,Published phone: 0 250 250 250 ,https://mpclg.gov.lk/web/images/divisions/Legal/AgricultureE-.pdf,
phone,pass,Published phone: 0000000371 ,https://mpclg.gov.lk/web/images/divisions/Legal/AgricultureE-.pdf,
phone,pass,Published phone: 0000000387 ,https://mpclg.gov.lk/web/images/divisions/Legal/AgricultureE-.pdf,
phone,pass,Published phone: 0000000095 ,https://mpclg.gov.lk/web/images/divisions/Legal/AgricultureE-.pdf,
phone,pass,Published phone: 0000000553 ,https://mpclg.gov.lk/web/images/divisions/Legal/AgricultureE-.pdf,
phone,pass,Published phone: 0000000658 ,https://mpclg.gov.lk/web/images/divisions/Legal/AgricultureE-.pdf,
phone,pass,Published phone: 0000000703 ,https://mpclg.gov.lk/web/images/divisions/Legal/AgricultureE-.pdf,
phone,pass,Published phone: 0000000748 ,https://mpclg.gov.lk/web/images/divisions/Legal/AgricultureE-.pdf,
phone,pass,Published phone: 0000000433 ,https://mpclg.gov.lk/web/images/divisions/Legal/AgricultureE-.pdf,
phone,pass,Published phone: 0000000571 ,https://mpclg.gov.lk/web/images/divisions/Legal/AgricultureE-.pdf,
phone,pass,Published phone: 0000000216 ,https://mpclg.gov.lk/web/images/divisions/Legal/AgricultureE-.pdf,
phone,pass,Published phone: 0000000231 ,https://mpclg.gov.lk/web/images/divisions/Legal/AgricultureE-.pdf,
phone,pass,Published phone: 0000000263 ,https://mpclg.gov.lk/web/images/divisions/Legal/AgricultureE-.pdf,
phone,pass,Published phone: 0000000184 ,https://mpclg.gov.lk/web/images/divisions/Legal/AgricultureE-.pdf,
phone,pass,Published phone: 0000000294 ,https://mpclg.gov.lk/web/images/divisions/Legal/AgricultureE-.pdf,
phone,pass,Published phone: 0000000307 ,https://mpclg.gov.lk/web/images/divisions/Legal/AgricultureE-.pdf,
phone,pass,Published phone: 0000000633 ,https://mpclg.gov.lk/web/images/divisions/Legal/AgricultureE-.pdf,
phone,pass,Published phone: 0000000662 ,https://mpclg.gov.lk/web/images/divisions/Legal/AgricultureE-.pdf,
phone,pass,Published phone: 0000000739 ,https://mpclg.gov.lk/web/images/divisions/Legal/AgricultureE-.pdf,
phone,pass,Published phone: 0000000615 ,https://mpclg.gov.lk/web/images/divisions/Legal/AgricultureE-.pdf,
phone,pass,Published phone: 0000000574 ,https://mpclg.gov.lk/web/images/divisions/Legal/AgricultureE-.pdf,
phone,pass,Published phone: 0000000496 ,https://mpclg.gov.lk/web/images/divisions/Legal/AgricultureE-.pdf,
phone,pass,Published phone: 0000000122 ,https://mpclg.gov.lk/web/images/divisions/Legal/AgricultureE-.pdf,
phone,pass,Published phone: 0000000585 ,https://mpclg.gov.lk/web/images/divisions/Legal/AgricultureE-.pdf,
phone,pass,Published phone: 0000000059 ,https://mpclg.gov.lk/web/images/divisions/Legal/AgricultureE-.pdf,
phone,pass,Published phone: 0000000594 ,https://mpclg.gov.lk/web/images/divisions/Legal/AgricultureE-.pdf,
phone,pass,Published phone: 000 0 667 0 33,https://mpclg.gov.lk/web/images/divisions/Legal/AgricultureE-.pdf,
phone,pass,Published phone: 0000000078 ,https://mpclg.gov.lk/web/images/divisions/Legal/AgricultureE-.pdf,
phone,pass,Published phone: 0000000164 ,https://mpclg.gov.lk/web/images/divisions/Legal/AgricultureE-.pdf,
phone,pass,Published phone: 0000000672 ,https://mpclg.gov.lk/web/images/divisions/Legal/AgricultureE-.pdf,
phone,pass,Published phone: 0000219774 ,https://mpclg.gov.lk/web/images/divisions/Legal/AgricultureE-.pdf,
phone,pass,Published phone: 0000000592 ,https://mpclg.gov.lk/web/images/divisions/Legal/AgricultureE-.pdf,
phone,pass,Published phone: 0000000394 ,https://mpclg.gov.lk/web/images/divisions/Legal/AgricultureE-.pdf,
phone,pass,Published phone: 0000000581 ,https://mpclg.gov.lk/web/images/divisions/Legal/AgricultureE-.pdf,
phone,pass,Published phone: 0000000701 ,https://mpclg.gov.lk/web/images/divisions/Legal/AgricultureE-.pdf,
phone,pass,Published phone: 0000000240 ,https://mpclg.gov.lk/web/images/divisions/Legal/AgricultureE-.pdf,
phone,pass,Published phone: 0000000723 ,https://mpclg.gov.lk/web/images/divisions/Legal/AgricultureE-.pdf,
phone,pass,Published phone: 0 278 0 0 0 778 ,https://mpclg.gov.lk/web/images/divisions/Legal/AgricultureE-.pdf,
phone,pass,Published phone: 0000000236 ,https://mpclg.gov.lk/web/images/divisions/Legal/AgricultureE-.pdf,
phone,pass,Published phone: 0000000627 ,https://mpclg.gov.lk/web/images/divisions/Legal/AgricultureE-.pdf,
phone,pass,Published phone: 0000000611 ,https://mpclg.gov.lk/web/images/divisions/Legal/AgricultureE-.pdf,
phone,pass,Published phone: 0000000149 ,https://mpclg.gov.lk/web/images/divisions/Legal/AgricultureE-.pdf,
phone,pass,Published phone: 0000000735 ,https://mpclg.gov.lk/web/images/divisions/Legal/AgricultureE-.pdf,
phone,pass,Published phone: 0000000504 ,https://mpclg.gov.lk/web/images/divisions/Legal/AgricultureE-.pdf,
phone,pass,Published phone: 0000000361 ,https://mpclg.gov.lk/web/images/divisions/Legal/AgricultureE-.pdf,
phone,pass,Published phone: 0000000266 ,https://mpclg.gov.lk/web/images/divisions/Legal/AgricultureE-.pdf,
phone,pass,Published phone: 0000000339 ,https://mpclg.gov.lk/web/images/divisions/Legal/AgricultureE-.pdf,
phone,pass,Published phone: 0000000366 ,https://mpclg.gov.lk/web/images/divisions/Legal/AgricultureE-.pdf,
phone,pass,Published phone: 0000000207 ,https://mpclg.gov.lk/web/images/divisions/Legal/AgricultureE-.pdf,
phone,pass,Published phone: 0000000416 ,https://mpclg.gov.lk/web/images/divisions/Legal/AgricultureE-.pdf,
phone,pass,Published phone: 0000000562 ,https://mpclg.gov.lk/web/images/divisions/Legal/AgricultureE-.pdf,
phone,pass,Published phone: 0000000089 ,https://mpclg.gov.lk/web/images/divisions/Legal/AgricultureE-.pdf,
phone,pass,Published phone: 0000000709 ,https://mpclg.gov.lk/web/images/divisions/Legal/AgricultureE-.pdf,
phone,pass,Published phone: 0000000300 ,https://mpclg.gov.lk/web/images/divisions/Legal/AgricultureE-.pdf,
phone,pass,Published phone: 0000000721 ,https://mpclg.gov.lk/web/images/divisions/Legal/AgricultureE-.pdf,
phone,pass,Published phone: 0000000722 ,https://mpclg.gov.lk/web/images/divisions/Legal/AgricultureE-.pdf,
phone,pass,Published phone: 0000000233 ,https://mpclg.gov.lk/web/images/divisions/Legal/AgricultureE-.pdf,
phone,pass,Published phone: 0 722 0 0 0 0 0 0 ,https://mpclg.gov.lk/web/images/divisions/Legal/AgricultureE-.pdf,
phone,pass,Published phone: 0000000200 ,https://mpclg.gov.lk/web/images/divisions/Legal/AgricultureE-.pdf,
phone,pass,Published phone: 0000000125 ,https://mpclg.gov.lk/web/images/divisions/Legal/AgricultureE-.pdf,
phone,pass,Published phone: 0000000677 ,https://mpclg.gov.lk/web/images/divisions/Legal/AgricultureE-.pdf,
phone,pass,Published phone: 0000064335 ,https://mpclg.gov.lk/web/images/divisions/Legal/AgricultureE-.pdf,
phone,pass,Published phone: 0000000118 ,https://mpclg.gov.lk/web/images/divisions/Legal/AgricultureE-.pdf,
phone,pass,Published phone: 0000000405 ,https://mpclg.gov.lk/web/images/divisions/Legal/AgricultureE-.pdf,
phone,pass,Published phone: 0000000123 ,https://mpclg.gov.lk/web/images/divisions/Legal/AgricultureE-.pdf,
phone,pass,Published phone: 0000000690 ,https://mpclg.gov.lk/web/images/divisions/Legal/AgricultureE-.pdf,
phone,pass,Published phone: 0000000612 ,https://mpclg.gov.lk/web/images/divisions/Legal/AgricultureE-.pdf,
phone,pass,Published phone: 0000000500 ,https://mpclg.gov.lk/web/images/divisions/Legal/AgricultureE-.pdf,
phone,pass,Published phone: 0000000175 ,https://mpclg.gov.lk/web/images/divisions/Legal/AgricultureE-.pdf,
phone,pass,Published phone: 0000044664 ,https://mpclg.gov.lk/web/images/divisions/Legal/AgricultureE-.pdf,
phone,pass,Published phone: 0000000689 ,https://mpclg.gov.lk/web/images/divisions/Legal/AgricultureE-.pdf,
phone,pass,Published phone: 0000000446 ,https://mpclg.gov.lk/web/images/divisions/Legal/AgricultureE-.pdf,
phone,pass,Published phone: 0000000663 ,https://mpclg.gov.lk/web/images/divisions/Legal/AgricultureE-.pdf,
phone,pass,Published phone: 0000000650 ,https://mpclg.gov.lk/web/images/divisions/Legal/AgricultureE-.pdf,
phone,pass,Published phone: 0 0 0 333 0 0 0 0 ,https://mpclg.gov.lk/web/images/divisions/Legal/AgricultureE-.pdf,
phone,pass,Published phone: 0000000163 ,https://mpclg.gov.lk/web/images/divisions/Legal/AgricultureE-.pdf,
phone,pass,Published phone: 0000000102 ,https://mpclg.gov.lk/web/images/divisions/Legal/AgricultureE-.pdf,
phone,pass,Published phone: 0000000278 ,https://mpclg.gov.lk/web/images/divisions/Legal/AgricultureE-.pdf,
phone,pass,Published phone: 0000019903 ,https://mpclg.gov.lk/web/images/divisions/Legal/AgricultureE-.pdf,
phone,pass,Published phone: 0000000258 ,https://mpclg.gov.lk/web/images/divisions/Legal/AgricultureE-.pdf,
phone,pass,Published phone: 0000000335 ,https://mpclg.gov.lk/web/images/divisions/Legal/AgricultureE-.pdf,
phone,pass,Published phone: 0000000667 ,https://mpclg.gov.lk/web/images/divisions/Legal/AgricultureE-.pdf,
phone,pass,Published phone: 0000000223 ,https://mpclg.gov.lk/web/images/divisions/Legal/AgricultureE-.pdf,
phone,pass,Published phone: 0000000315 ,https://mpclg.gov.lk/web/images/divisions/Legal/AgricultureE-.pdf,
phone,pass,Published phone: 0000000685 ,https://mpclg.gov.lk/web/images/divisions/Legal/AgricultureE-.pdf,
phone,pass,Published phone: 0000000445 ,https://mpclg.gov.lk/web/images/divisions/Legal/AgricultureE-.pdf,
phone,pass,Published phone: 0000000179 ,https://mpclg.gov.lk/web/images/divisions/Legal/AgricultureE-.pdf,
phone,pass,Published phone: 0000000556 ,https://mpclg.gov.lk/web/images/divisions/Legal/AgricultureE-.pdf,
phone,pass,Published phone: 0000000365 ,https://mpclg.gov.lk/web/images/divisions/Legal/AgricultureE-.pdf,
phone,pass,Published phone: 0000000486 ,https://mpclg.gov.lk/web/images/divisions/Legal/AgricultureE-.pdf,
phone,pass,Published phone: 0000006489 ,https://mpclg.gov.lk/web/images/divisions/Legal/AgricultureE-.pdf,
phone,pass,Published phone: 0000000566 ,https://mpclg.gov.lk/web/images/divisions/Legal/AgricultureE-.pdf,
phone,pass,Published phone: 0000000552 ,https://mpclg.gov.lk/web/images/divisions/Legal/AgricultureE-.pdf,
phone,pass,Published phone: 0000000465 ,https://mpclg.gov.lk/web/images/divisions/Legal/AgricultureE-.pdf,
phone,pass,Published phone: 0000000572 ,https://mpclg.gov.lk/web/images/divisions/Legal/AgricultureE-.pdf,
phone,pass,Published phone: 0000000064 ,https://mpclg.gov.lk/web/images/divisions/Legal/AgricultureE-.pdf,
phone,pass,Published phone: 0000000455 ,https://mpclg.gov.lk/web/images/divisions/Legal/AgricultureE-.pdf,
phone,pass,Published phone: 0000000447 ,https://mpclg.gov.lk/web/images/divisions/Legal/AgricultureE-.pdf,
phone,pass,Published phone: 0000326555 ,https://mpclg.gov.lk/web/images/divisions/Legal/AgricultureE-.pdf,
phone,pass,Published phone: 0000000419 ,https://mpclg.gov.lk/web/images/divisions/Legal/AgricultureE-.pdf,
phone,pass,Published phone: 0000000718 ,https://mpclg.gov.lk/web/images/divisions/Legal/AgricultureE-.pdf,
phone,pass,Published phone: 0000000320 ,https://mpclg.gov.lk/web/images/divisions/Legal/AgricultureE-.pdf,
phone,pass,Published phone: 0000000197 ,https://mpclg.gov.lk/web/images/divisions/Legal/AgricultureE-.pdf,
phone,pass,Published phone: 0000000196 ,https://mpclg.gov.lk/web/images/divisions/Legal/AgricultureE-.pdf,
phone,pass,Published phone: 0000000265 ,https://mpclg.gov.lk/web/images/divisions/Legal/AgricultureE-.pdf,
phone,pass,Published phone: 0000000449 ,https://mpclg.gov.lk/web/images/divisions/Legal/AgricultureE-.pdf,
phone,pass,Published phone: 0000000187 ,https://mpclg.gov.lk/web/images/divisions/Legal/AgricultureE-.pdf,
phone,pass,Published phone: 0000000312 ,https://mpclg.gov.lk/web/images/divisions/Legal/AgricultureE-.pdf,
phone,pass,Published phone: 0000007820 ,https://mpclg.gov.lk/web/images/divisions/Legal/AgricultureE-.pdf,
phone,pass,Published phone: 0000000142 ,https://mpclg.gov.lk/web/images/divisions/Legal/AgricultureE-.pdf,
phone,pass,Published phone: 0000000654 ,https://mpclg.gov.lk/web/images/divisions/Legal/AgricultureE-.pdf,
phone,pass,Published phone: 0000000348 ,https://mpclg.gov.lk/web/images/divisions/Legal/AgricultureE-.pdf,
phone,pass,Published phone: 0000000074 ,https://mpclg.gov.lk/web/images/divisions/Legal/AgricultureE-.pdf,
phone,pass,Published phone: 0000000131 ,https://mpclg.gov.lk/web/images/divisions/Legal/AgricultureE-.pdf,
phone,pass,Published phone: 0000000550 ,https://mpclg.gov.lk/web/images/divisions/Legal/AgricultureE-.pdf,
phone,pass,Published phone: 0000005831 ,https://mpclg.gov.lk/web/images/divisions/Legal/AgricultureE-.pdf,
phone,pass,Published phone: 00 0 500 0 444,https://mpclg.gov.lk/web/images/divisions/Legal/AgricultureE-.pdf,
phone,pass,Published phone: 0000000246 ,https://mpclg.gov.lk/web/images/divisions/Legal/AgricultureE-.pdf,
phone,pass,Published phone: 0000000403 ,https://mpclg.gov.lk/web/images/divisions/Legal/AgricultureE-.pdf,
phone,pass,Published phone: 0000010594 ,https://mpclg.gov.lk/web/images/divisions/Legal/AgricultureE-.pdf,
phone,pass,Published phone: 0000000170 ,https://mpclg.gov.lk/web/images/divisions/Legal/AgricultureE-.pdf,
phone,pass,Published phone: 0000000559 ,https://mpclg.gov.lk/web/images/divisions/Legal/AgricultureE-.pdf,
phone,pass,Published phone: 0000000305 ,https://mpclg.gov.lk/web/images/divisions/Legal/AgricultureE-.pdf,
phone,pass,Published phone: 0000000156 ,https://mpclg.gov.lk/web/images/divisions/Legal/AgricultureE-.pdf,
phone,pass,Published phone: 0000000121 ,https://mpclg.gov.lk/web/images/divisions/Legal/AgricultureE-.pdf,
phone,pass,Published phone: 0000000331 ,https://mpclg.gov.lk/web/images/divisions/Legal/AgricultureE-.pdf,
phone,pass,Published phone: 0000000096 ,https://mpclg.gov.lk/web/images/divisions/Legal/AgricultureE-.pdf,
phone,pass,Published phone: 0000000192 ,https://mpclg.gov.lk/web/images/divisions/Legal/AgricultureE-.pdf,
phone,pass,Published phone: 0000000355 ,https://mpclg.gov.lk/web/images/divisions/Legal/AgricultureE-.pdf,
phone,pass,Published phone: 0000000226 ,https://mpclg.gov.lk/web/images/divisions/Legal/AgricultureE-.pdf,
phone,pass,Published phone: 0000000148 ,https://mpclg.gov.lk/web/images/divisions/Legal/AgricultureE-.pdf,
phone,pass,Published phone: 0000000589 ,https://mpclg.gov.lk/web/images/divisions/Legal/AgricultureE-.pdf,
phone,pass,Published phone: 0000033384 ,https://mpclg.gov.lk/web/images/divisions/Legal/AgricultureE-.pdf,
phone,pass,Published phone: 0000000256 ,https://mpclg.gov.lk/web/images/divisions/Legal/AgricultureE-.pdf,
phone,pass,Published phone: 0000004945 ,https://mpclg.gov.lk/web/images/divisions/Legal/AgricultureE-.pdf,
phone,pass,Published phone: 0000000424 ,https://mpclg.gov.lk/web/images/divisions/Legal/AgricultureE-.pdf,
phone,pass,Published phone: 0000000252 ,https://mpclg.gov.lk/web/images/divisions/Legal/AgricultureE-.pdf,
phone,pass,Published phone: 0000000576 ,https://mpclg.gov.lk/web/images/divisions/Legal/AgricultureE-.pdf,
phone,pass,Published phone: 0 611 946 831 ,https://mpclg.gov.lk/web/images/divisions/Legal/AgricultureE-.pdf,
phone,pass,Published phone: 0000000414 ,https://mpclg.gov.lk/web/images/divisions/Legal/AgricultureE-.pdf,
phone,pass,Published phone: 0000000357 ,https://mpclg.gov.lk/web/images/divisions/Legal/AgricultureE-.pdf,
phone,pass,Published phone: 0000000353 ,https://mpclg.gov.lk/web/images/divisions/Legal/AgricultureE-.pdf,
phone,pass,Published phone: 0000000053 ,https://mpclg.gov.lk/web/images/divisions/Legal/AgricultureE-.pdf,
phone,pass,Published phone: 0000000362 ,https://mpclg.gov.lk/web/images/divisions/Legal/AgricultureE-.pdf,
phone,pass,Published phone: 0000000146 ,https://mpclg.gov.lk/web/images/divisions/Legal/AgricultureE-.pdf,
phone,pass,Published phone: 0000000304 ,https://mpclg.gov.lk/web/images/divisions/Legal/AgricultureE-.pdf,
phone,pass,Published phone: 0000000655 ,https://mpclg.gov.lk/web/images/divisions/Legal/AgricultureE-.pdf,
phone,pass,Published phone: 0000000421 ,https://mpclg.gov.lk/web/images/divisions/Legal/AgricultureE-.pdf,
phone,pass,Published phone: 0000000440 ,https://mpclg.gov.lk/web/images/divisions/Legal/AgricultureE-.pdf,
phone,pass,Published phone: 0000000508 ,https://mpclg.gov.lk/web/images/divisions/Legal/AgricultureE-.pdf,
phone,pass,Published phone: 0000000519 ,https://mpclg.gov.lk/web/images/divisions/Legal/AgricultureE-.pdf,
phone,pass,Published phone: 0000000411 ,https://mpclg.gov.lk/web/images/divisions/Legal/AgricultureE-.pdf,
phone,pass,Published phone: 0000000488 ,https://mpclg.gov.lk/web/images/divisions/Legal/AgricultureE-.pdf,
phone,pass,Published phone: 0 0 606 1000 8,https://mpclg.gov.lk/web/images/divisions/Legal/AgricultureE-.pdf,
phone,pass,Published phone: 0000000502 ,https://mpclg.gov.lk/web/images/divisions/Legal/AgricultureE-.pdf,
phone,pass,Published phone: 0000000082 ,https://mpclg.gov.lk/web/images/divisions/Legal/AgricultureE-.pdf,
phone,pass,Published phone: 0000000554 ,https://mpclg.gov.lk/web/images/divisions/Legal/AgricultureE-.pdf,
phone,pass,Published phone: 0000000114 ,https://mpclg.gov.lk/web/images/divisions/Legal/AgricultureE-.pdf,
phone,pass,Published phone: 0000000268 ,https://mpclg.gov.lk/web/images/divisions/Legal/AgricultureE-.pdf,
phone,pass,Published phone: 0000000103 ,https://mpclg.gov.lk/web/images/divisions/Legal/AgricultureE-.pdf,
phone,pass,Published phone: 0000000120 ,https://mpclg.gov.lk/web/images/divisions/Legal/AgricultureE-.pdf,
phone,pass,Published phone: 0000000490 ,https://mpclg.gov.lk/web/images/divisions/Legal/AgricultureE-.pdf,
phone,pass,Published phone: 0000000274 ,https://mpclg.gov.lk/web/images/divisions/Legal/AgricultureE-.pdf,
phone,pass,Published phone: 0000000534 ,https://mpclg.gov.lk/web/images/divisions/Legal/AgricultureE-.pdf,
phone,pass,Published phone: 0000000248 ,https://mpclg.gov.lk/web/images/divisions/Legal/AgricultureE-.pdf,
phone,pass,Published phone: 0000000649 ,https://mpclg.gov.lk/web/images/divisions/Legal/AgricultureE-.pdf,
phone,pass,Published phone: 0000000326 ,https://mpclg.gov.lk/web/images/divisions/Legal/AgricultureE-.pdf,
phone,pass,Published phone: 0000000159 ,https://mpclg.gov.lk/web/images/divisions/Legal/AgricultureE-.pdf,
phone,pass,Published phone: 0000000215 ,https://mpclg.gov.lk/web/images/divisions/Legal/AgricultureE-.pdf,
phone,pass,Published phone: 0000000325 ,https://mpclg.gov.lk/web/images/divisions/Legal/AgricultureE-.pdf,
phone,pass,Published phone: 0000000441 ,https://mpclg.gov.lk/web/images/divisions/Legal/AgricultureE-.pdf,
phone,pass,Published phone: 0000000070 ,https://mpclg.gov.lk/web/images/divisions/Legal/AgricultureE-.pdf,
phone,pass,Published phone: 0000000493 ,https://mpclg.gov.lk/web/images/divisions/Legal/AgricultureE-.pdf,
phone,pass,Published phone: 0000000384 ,https://mpclg.gov.lk/web/images/divisions/Legal/AgricultureE-.pdf,
phone,pass,Published phone: 0000000086 ,https://mpclg.gov.lk/web/images/divisions/Legal/AgricultureE-.pdf,
phone,pass,Published phone: 0000000363 ,https://mpclg.gov.lk/web/images/divisions/Legal/AgricultureE-.pdf,
phone,pass,Published phone: 0000000302 ,https://mpclg.gov.lk/web/images/divisions/Legal/AgricultureE-.pdf,
phone,pass,Published phone: 0000000338 ,https://mpclg.gov.lk/web/images/divisions/Legal/AgricultureE-.pdf,
phone,pass,Published phone: 0000000745 ,https://mpclg.gov.lk/web/images/divisions/Legal/AgricultureE-.pdf,
phone,pass,Published phone: 0000000437 ,https://mpclg.gov.lk/web/images/divisions/Legal/AgricultureE-.pdf,
phone,pass,Published phone: 0000000299 ,https://mpclg.gov.lk/web/images/divisions/Legal/AgricultureE-.pdf,
phone,pass,Published phone: 0000000158 ,https://mpclg.gov.lk/web/images/divisions/Legal/AgricultureE-.pdf,
phone,pass,Published phone: 0000000607 ,https://mpclg.gov.lk/web/images/divisions/Legal/AgricultureE-.pdf,
phone,pass,Published phone: 0000000185 ,https://mpclg.gov.lk/web/images/divisions/Legal/AgricultureE-.pdf,
phone,pass,Published phone: 0000000324 ,https://mpclg.gov.lk/web/images/divisions/Legal/AgricultureE-.pdf,
phone,pass,Published phone: 0000000237 ,https://mpclg.gov.lk/web/images/divisions/Legal/AgricultureE-.pdf,
phone,pass,Published phone: 0000000535 ,https://mpclg.gov.lk/web/images/divisions/Legal/AgricultureE-.pdf,
phone,pass,Published phone: 0000000066 ,https://mpclg.gov.lk/web/images/divisions/Legal/Co-operative_Employees_Commission_Statute_E.pdf,
phone,pass,Published phone: 0000000101 ,https://mpclg.gov.lk/web/images/divisions/Legal/Co-operative_Employees_Commission_Statute_E.pdf,
phone,pass,Published phone: 0000000752 ,https://mpclg.gov.lk/web/images/divisions/Legal/Co-operative_Employees_Commission_Statute_E.pdf,
phone,pass,Published phone: 0000000638 ,https://mpclg.gov.lk/web/images/divisions/Legal/Co-operative_Employees_Commission_Statute_E.pdf,
phone,pass,Published phone: 0 0 0 333 250 0 ,https://mpclg.gov.lk/web/images/divisions/Legal/Co-operative_Employees_Commission_Statute_E.pdf,
phone,pass,Published phone: 0000000652 ,https://mpclg.gov.lk/web/images/divisions/Legal/Co-operative_Employees_Commission_Statute_E.pdf,
phone,pass,Published phone: 0000000183 ,https://mpclg.gov.lk/web/images/divisions/Legal/Co-operative_Employees_Commission_Statute_E.pdf,
phone,pass,Published phone: 0000000398 ,https://mpclg.gov.lk/web/images/divisions/Legal/Co-operative_Employees_Commission_Statute_E.pdf,
phone,pass,Published phone: 0000000491 ,https://mpclg.gov.lk/web/images/divisions/Legal/Co-operative_Employees_Commission_Statute_E.pdf,
phone,pass,Published phone: 0000000293 ,https://mpclg.gov.lk/web/images/divisions/Legal/Co-operative_Employees_Commission_Statute_E.pdf,
phone,pass,Published phone: 0000000378 ,https://mpclg.gov.lk/web/images/divisions/Legal/Co-operative_Employees_Commission_Statute_E.pdf,
phone,pass,Published phone: 0000000434 ,https://mpclg.gov.lk/web/images/divisions/Legal/Co-operative_Employees_Commission_Statute_E.pdf,
phone,pass,Published phone: 0000061860 ,https://mpclg.gov.lk/web/images/divisions/Legal/Co-operative_Employees_Commission_Statute_E.pdf,
phone,pass,Published phone: 0000000291 ,https://mpclg.gov.lk/web/images/divisions/Legal/Co-operative_Employees_Commission_Statute_E.pdf,
phone,pass,Published phone: 0000000180 ,https://mpclg.gov.lk/web/images/divisions/Legal/Co-operative_Employees_Commission_Statute_E.pdf,
phone,pass,Published phone: 0000000598 ,https://mpclg.gov.lk/web/images/divisions/Legal/Co-operative_Employees_Commission_Statute_E.pdf,
phone,pass,Published phone: 0000456836 ,https://mpclg.gov.lk/web/images/divisions/Legal/Co-operative_Employees_Commission_Statute_E.pdf,
phone,pass,Published phone: 0000057333 ,https://mpclg.gov.lk/web/images/divisions/Legal/Co-operative_Employees_Commission_Statute_E.pdf,
phone,pass,Published phone: 0000000686 ,https://mpclg.gov.lk/web/images/divisions/Legal/Co-operative_Employees_Commission_Statute_E.pdf,
phone,pass,Published phone: 0 500 553 444 ,https://mpclg.gov.lk/web/images/divisions/Legal/Co-operative_Employees_Commission_Statute_E.pdf,
phone,pass,Published phone: 0000000071 ,https://mpclg.gov.lk/web/images/divisions/Legal/Co-operative_Employees_Commission_Statute_E.pdf,
phone,pass,Published phone: 0000000088 ,https://mpclg.gov.lk/web/images/divisions/Legal/Co-operative_Employees_Commission_Statute_E.pdf,
phone,pass,Published phone: 0000000126 ,https://mpclg.gov.lk/web/images/divisions/Legal/Co-operative_Employees_Commission_Statute_E.pdf,
phone,pass,Published phone: 0000000017 ,https://mpclg.gov.lk/web/images/divisions/Legal/Co-operative_Employees_Commission_Statute_E.pdf,
phone,pass,Published phone: 0000000428 ,https://mpclg.gov.lk/web/images/divisions/Legal/Co-operative_Employees_Commission_Statute_E.pdf,
phone,pass,Published phone: 0000000463 ,https://mpclg.gov.lk/web/images/divisions/Legal/Co-operative_Employees_Commission_Statute_E.pdf,
phone,pass,Published phone: 0000000702 ,https://mpclg.gov.lk/web/images/divisions/Legal/Co-operative_Employees_Commission_Statute_E.pdf,
phone,pass,Published phone: 0 0 0 444 0 407 ,https://mpclg.gov.lk/web/images/divisions/Legal/Co-operative_Employees_Commission_Statute_E.pdf,
phone,pass,Published phone: 0000000569 ,https://mpclg.gov.lk/web/images/divisions/Legal/Co-operative_Employees_Commission_Statute_E.pdf,
phone,pass,Published phone: 0000000287 ,https://mpclg.gov.lk/web/images/divisions/Legal/Co-operative_Employees_Commission_Statute_E.pdf,
phone,pass,Published phone: 0000000358 ,https://mpclg.gov.lk/web/images/divisions/Legal/Co-operative_Employees_Commission_Statute_E.pdf,
phone,pass,Published phone: 0000000492 ,https://mpclg.gov.lk/web/images/divisions/Legal/Co-operative_Employees_Commission_Statute_E.pdf,
phone,pass,Published phone: 0000000282 ,https://mpclg.gov.lk/web/images/divisions/Legal/Co-operative_Employees_Commission_Statute_E.pdf,
phone,pass,Published phone: 0000000397 ,https://mpclg.gov.lk/web/images/divisions/Legal/Co-operative_Employees_Commission_Statute_E.pdf,
phone,pass,Published phone: 0000000195 ,https://mpclg.gov.lk/web/images/divisions/Legal/Co-operative_Employees_Commission_Statute_E.pdf,
phone,pass,Published phone: 0000000349 ,https://mpclg.gov.lk/web/images/divisions/Legal/Co-operative_Employees_Commission_Statute_E.pdf,
phone,pass,Published phone: 0000000380 ,https://mpclg.gov.lk/web/images/divisions/Legal/Co-operative_Employees_Commission_Statute_E.pdf,
phone,pass,Published phone: 0000000222 ,https://mpclg.gov.lk/web/images/divisions/Legal/Co-operative_Employees_Commission_Statute_E.pdf,
phone,pass,Published phone: 0000000116 ,https://mpclg.gov.lk/web/images/divisions/Legal/Co-operative_Employees_Commission_Statute_E.pdf,
phone,pass,Published phone: 0000000295 ,https://mpclg.gov.lk/web/images/divisions/Legal/Co-operative_Employees_Commission_Statute_E.pdf,
phone,pass,Published phone: 0000000518 ,https://mpclg.gov.lk/web/images/divisions/Legal/Co-operative_Employees_Commission_Statute_E.pdf,
phone,pass,Published phone: 0000000557 ,https://mpclg.gov.lk/web/images/divisions/Legal/Co-operative_Employees_Commission_Statute_E.pdf,
phone,pass,Published phone: 0000000109 ,https://mpclg.gov.lk/web/images/divisions/Legal/Co-operative_Employees_Commission_Statute_E.pdf,
phone,pass,Published phone: 0000000578 ,https://mpclg.gov.lk/web/images/divisions/Legal/Co-operative_Employees_Commission_Statute_E.pdf,
phone,pass,Published phone: 0000000107 ,https://mpclg.gov.lk/web/images/divisions/Legal/Co-operative_Employees_Commission_Statute_E.pdf,
phone,pass,Published phone: 0000000218 ,https://mpclg.gov.lk/web/images/divisions/Legal/Co-operative_Employees_Commission_Statute_E.pdf,
phone,pass,Published phone: 0000000705 ,https://mpclg.gov.lk/web/images/divisions/Legal/Co-operative_Employees_Commission_Statute_E.pdf,
phone,pass,Published phone: 0000000212 ,https://mpclg.gov.lk/web/images/divisions/Legal/Co-operative_Employees_Commission_Statute_E.pdf,
phone,pass,Published phone: 0000000560 ,https://mpclg.gov.lk/web/images/divisions/Legal/Co-operative_Employees_Commission_Statute_E.pdf,
phone,pass,Published phone: 0000000230 ,https://mpclg.gov.lk/web/images/divisions/Legal/Co-operative_Employees_Commission_Statute_E.pdf,
phone,pass,Published phone: 0000000383 ,https://mpclg.gov.lk/web/images/divisions/Legal/Co-operative_Employees_Commission_Statute_E.pdf,
phone,pass,Published phone: 0000000381 ,https://mpclg.gov.lk/web/images/divisions/Legal/Co-operative_Employees_Commission_Statute_E.pdf,
phone,pass,Published phone: 0000000367 ,https://mpclg.gov.lk/web/images/divisions/Legal/Co-operative_Employees_Commission_Statute_E.pdf,
phone,pass,Published phone: 0000000682 ,https://mpclg.gov.lk/web/images/divisions/Legal/Co-operative_Employees_Commission_Statute_E.pdf,
phone,pass,Published phone: 0 833 833 610 ,https://mpclg.gov.lk/web/images/divisions/Legal/Co-operative_Employees_Commission_Statute_E.pdf,
phone,pass,Published phone: 0000000099 ,https://mpclg.gov.lk/web/images/divisions/Legal/Co-operative_Employees_Commission_Statute_E.pdf,
phone,pass,Published phone: 0000000279 ,https://mpclg.gov.lk/web/images/divisions/Legal/Co-operative_Employees_Commission_Statute_E.pdf,
phone,pass,Published phone: 0000000577 ,https://mpclg.gov.lk/web/images/divisions/Legal/Co-operative_Employees_Commission_Statute_E.pdf,
phone,pass,Published phone: 0000000696 ,https://mpclg.gov.lk/web/images/divisions/Legal/Co-operative_Employees_Commission_Statute_E.pdf,
phone,pass,Published phone: 0000000483 ,https://mpclg.gov.lk/web/images/divisions/Legal/Co-operative_Employees_Commission_Statute_E.pdf,
phone,pass,Published phone: 0000000548 ,https://mpclg.gov.lk/web/images/divisions/Legal/Co-operative_Employees_Commission_Statute_E.pdf,
phone,pass,Published phone: 0000394826 ,https://mpclg.gov.lk/web/images/divisions/Legal/Co-operative_Employees_Commission_Statute_E.pdf,
phone,pass,Published phone: 0000000619 ,https://mpclg.gov.lk/web/images/divisions/Legal/Co-operative_Employees_Commission_Statute_E.pdf,
phone,pass,Published phone: 0000000669 ,https://mpclg.gov.lk/web/images/divisions/Legal/Co-operative_Employees_Commission_Statute_E.pdf,
phone,pass,Published phone: 0000000322 ,https://mpclg.gov.lk/web/images/divisions/Legal/Co-operative_Employees_Commission_Statute_E.pdf,
phone,pass,Published phone: 0000000728 ,https://mpclg.gov.lk/web/images/divisions/Legal/Co-operative_Employees_Commission_Statute_E.pdf,
phone,pass,Published phone: 0000000438 ,https://mpclg.gov.lk/web/images/divisions/Legal/Co-operative_Employees_Commission_Statute_E.pdf,
phone,pass,Published phone: 0000000586 ,https://mpclg.gov.lk/web/images/divisions/Legal/Co-operative_Employees_Commission_Statute_E.pdf,
phone,pass,Published phone: 0000000631 ,https://mpclg.gov.lk/web/images/divisions/Legal/Co-operative_Employees_Commission_Statute_E.pdf,
phone,pass,Published phone: 0000000469 ,https://mpclg.gov.lk/web/images/divisions/Legal/Co-operative_Employees_Commission_Statute_E.pdf,
phone,pass,Published phone: 0000000214 ,https://mpclg.gov.lk/web/images/divisions/Legal/Co-operative_Employees_Commission_Statute_E.pdf,
phone,pass,Published phone: 0000000217 ,https://mpclg.gov.lk/web/images/divisions/Legal/Co-operative_Employees_Commission_Statute_E.pdf,
phone,pass,Published phone: 0000000423 ,https://mpclg.gov.lk/web/images/divisions/Legal/Co-operative_Employees_Commission_Statute_E.pdf,
phone,pass,Published phone: 0000000645 ,https://mpclg.gov.lk/web/images/divisions/Legal/Co-operative_Employees_Commission_Statute_E.pdf,
phone,pass,Published phone: 0000000399 ,https://mpclg.gov.lk/web/images/divisions/Legal/Co-operative_Employees_Commission_Statute_E.pdf,
phone,pass,Published phone: 0000000484 ,https://mpclg.gov.lk/web/images/divisions/Legal/Co-operative_Employees_Commission_Statute_E.pdf,
phone,pass,Published phone: 0000000665 ,https://mpclg.gov.lk/web/images/divisions/Legal/Co-operative_Employees_Commission_Statute_E.pdf,
phone,pass,Published phone: 0000000155 ,https://mpclg.gov.lk/web/images/divisions/Legal/Co-operative_Employees_Commission_Statute_E.pdf,
phone,pass,Published phone: 0000000609 ,https://mpclg.gov.lk/web/images/divisions/Legal/Co-operative_Employees_Commission_Statute_E.pdf,
phone,pass,Published phone: 0000000081 ,https://mpclg.gov.lk/web/images/divisions/Legal/Co-operative_Employees_Commission_Statute_E.pdf,
phone,pass,Published phone: 0000000661 ,https://mpclg.gov.lk/web/images/divisions/Legal/Co-operative_Employees_Commission_Statute_E.pdf,
phone,pass,Published phone: 0000000373 ,https://mpclg.gov.lk/web/images/divisions/Legal/Co-operative_Employees_Commission_Statute_E.pdf,
phone,pass,Published phone: 0000000277 ,https://mpclg.gov.lk/web/images/divisions/Legal/Co-operative_Employees_Commission_Statute_E.pdf,
phone,pass,Published phone: 0000000602 ,https://mpclg.gov.lk/web/images/divisions/Legal/Co-operative_Employees_Commission_Statute_E.pdf,
phone,pass,Published phone: 0000044979 ,https://mpclg.gov.lk/web/images/divisions/Legal/Co-operative_Employees_Commission_Statute_E.pdf,
phone,pass,Published phone: 0000000478 ,https://mpclg.gov.lk/web/images/divisions/Legal/Co-operative_Employees_Commission_Statute_E.pdf,
phone,pass,Published phone: 0000000333 ,https://mpclg.gov.lk/web/images/divisions/Legal/Co-operative_Employees_Commission_Statute_E.pdf,
phone,pass,Published phone: 01 560 395 42,https://mpclg.gov.lk/web/images/divisions/Legal/Co-operative_Employees_Commission_Statute_E.pdf,
phone,pass,Published phone: 0000000646 ,https://mpclg.gov.lk/web/images/divisions/Legal/Co-operative_Employees_Commission_Statute_E.pdf,
phone,pass,Published phone: 00 553 444 61,https://mpclg.gov.lk/web/images/divisions/Legal/Co-operative_Employees_Commission_Statute_E.pdf,
phone,pass,Published phone: 0000000744 ,https://mpclg.gov.lk/web/images/divisions/Legal/Co-operative_Employees_Commission_Statute_E.pdf,
phone,pass,Published phone: 0000000269 ,https://mpclg.gov.lk/web/images/divisions/Legal/Co-operative_Employees_Commission_Statute_E.pdf,
phone,pass,Published phone: 0000000115 ,https://mpclg.gov.lk/web/images/divisions/Legal/Co-operative_Employees_Commission_Statute_E.pdf,
phone,pass,Published phone: 0000000575 ,https://mpclg.gov.lk/web/images/divisions/Legal/Co-operative_Employees_Commission_Statute_E.pdf,
phone,pass,Published phone: 0000000058 ,https://mpclg.gov.lk/web/images/divisions/Legal/Co-operative_Employees_Commission_Statute_E.pdf,
phone,pass,Published phone: 0000000234 ,https://mpclg.gov.lk/web/images/divisions/Legal/Co-operative_Employees_Commission_Statute_E.pdf,
phone,pass,Published phone: 0 606 1000 83,https://mpclg.gov.lk/web/images/divisions/Legal/Co-operative_Employees_Commission_Statute_E.pdf,
phone,pass,Published phone: 0000005203 ,https://mpclg.gov.lk/web/images/divisions/Legal/Co-operative_Employees_Commission_Statute_E.pdf,
phone,pass,Published phone: 0000000565 ,https://mpclg.gov.lk/web/images/divisions/Legal/Co-operative_Employees_Commission_Statute_E.pdf,
phone,pass,Published phone: 0000000144 ,https://mpclg.gov.lk/web/images/divisions/Legal/Co-operative_Employees_Commission_Statute_E.pdf,
phone,pass,Published phone: 0000000457 ,https://mpclg.gov.lk/web/images/divisions/Legal/Co-operative_Employees_Commission_Statute_E.pdf,
phone,pass,Published phone: 0000394566 ,https://mpclg.gov.lk/web/images/divisions/Legal/Co-operative_Employees_Commission_Statute_E.pdf,
phone,pass,Published phone: 0000000755 ,https://mpclg.gov.lk/web/images/divisions/Legal/Co-operative_Employees_Commission_Statute_E.pdf,
phone,pass,Published phone: 0000000620 ,https://mpclg.gov.lk/web/images/divisions/Legal/Co-operative_Employees_Commission_Statute_E.pdf,
phone,pass,Published phone: 0000344627 ,https://mpclg.gov.lk/web/images/divisions/Legal/Co-operative_Employees_Commission_Statute_E.pdf,
phone,pass,Published phone: 0000000461 ,https://mpclg.gov.lk/web/images/divisions/Legal/Co-operative_Employees_Commission_Statute_E.pdf,
phone,pass,Published phone: 0000000521 ,https://mpclg.gov.lk/web/images/divisions/Legal/Co-operative_Employees_Commission_Statute_E.pdf,
phone,pass,Published phone: 0000000410 ,https://mpclg.gov.lk/web/images/divisions/Legal/Co-operative_Employees_Commission_Statute_E.pdf,
phone,pass,Published phone: 0000000393 ,https://mpclg.gov.lk/web/images/divisions/Legal/Co-operative_Employees_Commission_Statute_E.pdf,
phone,pass,Published phone: 0000000408 ,https://mpclg.gov.lk/web/images/divisions/Legal/Co-operative_Employees_Commission_Statute_E.pdf,
phone,pass,Published phone: 0000000693 ,https://mpclg.gov.lk/web/images/divisions/Legal/Co-operative_Employees_Commission_Statute_E.pdf,
phone,pass,Published phone: 0000000623 ,https://mpclg.gov.lk/web/images/divisions/Legal/Co-operative_Employees_Commission_Statute_E.pdf,
phone,pass,Published phone: 0000000255 ,https://mpclg.gov.lk/web/images/divisions/Legal/Co-operative_Employees_Commission_Statute_E.pdf,
phone,pass,Published phone: 0000000636 ,https://mpclg.gov.lk/web/images/divisions/Legal/Co-operative_Employees_Commission_Statute_E.pdf,
phone,pass,Published phone: 04 0 668 525 6,https://mpclg.gov.lk/web/images/divisions/Legal/Co-operative_Employees_Commission_Statute_E.pdf,
phone,pass,Published phone: 0000000532 ,https://mpclg.gov.lk/web/images/divisions/Legal/Co-operative_Employees_Commission_Statute_E.pdf,
phone,pass,Published phone: 0000229682 ,https://mpclg.gov.lk/web/images/divisions/Legal/Co-operative_Employees_Commission_Statute_E.pdf,
phone,pass,Published phone: 0 0 0 0 0 0 0 0 33,https://mpclg.gov.lk/web/images/divisions/Legal/Co-operative_Employees_Commission_Statute_E.pdf,
phone,pass,Published phone: 0000000629 ,https://mpclg.gov.lk/web/images/divisions/Legal/Co-operative_Employees_Commission_Statute_E.pdf,
phone,pass,Published phone: 0000000458 ,https://mpclg.gov.lk/web/images/divisions/Legal/Co-operative_Employees_Commission_Statute_E.pdf,
phone,pass,Published phone: 0000000657 ,https://mpclg.gov.lk/web/images/divisions/Legal/Co-operative_Employees_Commission_Statute_E.pdf,
phone,pass,Published phone: 0000000264 ,https://mpclg.gov.lk/web/images/divisions/Legal/Co-operative_Employees_Commission_Statute_E.pdf,
phone,pass,Published phone: 0000000573 ,https://mpclg.gov.lk/web/images/divisions/Legal/Co-operative_Employees_Commission_Statute_E.pdf,
phone,pass,Published phone: 0000000165 ,https://mpclg.gov.lk/web/images/divisions/Legal/Co-operative_Employees_Commission_Statute_E.pdf,
phone,pass,Published phone: 0000000171 ,https://mpclg.gov.lk/web/images/divisions/Legal/Co-operative_Employees_Commission_Statute_E.pdf,
phone,pass,Published phone: 0000000466 ,https://mpclg.gov.lk/web/images/divisions/Legal/Co-operative_Employees_Commission_Statute_E.pdf,
phone,pass,Published phone: 0000000549 ,https://mpclg.gov.lk/web/images/divisions/Legal/Co-operative_Employees_Commission_Statute_E.pdf,
phone,pass,Published phone: 0000000435 ,https://mpclg.gov.lk/web/images/divisions/Legal/Co-operative_Employees_Commission_Statute_E.pdf,
phone,pass,Published phone: 0000000329 ,https://mpclg.gov.lk/web/images/divisions/Legal/Co-operative_Employees_Commission_Statute_E.pdf,
phone,pass,Published phone: 0000000714 ,https://mpclg.gov.lk/web/images/divisions/Legal/Co-operative_Employees_Commission_Statute_E.pdf,
phone,pass,Published phone: 0000000130 ,https://mpclg.gov.lk/web/images/divisions/Legal/Co-operative_Employees_Commission_Statute_E.pdf,
phone,pass,Published phone: 0000000675 ,https://mpclg.gov.lk/web/images/divisions/Legal/Co-operative_Employees_Commission_Statute_E.pdf,
phone,pass,Published phone: 0000000140 ,https://mpclg.gov.lk/web/images/divisions/Legal/Co-operative_Employees_Commission_Statute_E.pdf,
phone,pass,Published phone: 0000011951 ,https://mpclg.gov.lk/web/images/divisions/Legal/Co-operative_Employees_Commission_Statute_E.pdf,
phone,pass,Published phone: 0000000094 ,https://mpclg.gov.lk/web/images/divisions/Legal/Co-operative_Employees_Commission_Statute_E.pdf,
phone,pass,Published phone: 0000000401 ,https://mpclg.gov.lk/web/images/divisions/Legal/Co-operative_Employees_Commission_Statute_E.pdf,
phone,pass,Published phone: 0000000309 ,https://mpclg.gov.lk/web/images/divisions/Legal/Co-operative_Employees_Commission_Statute_E.pdf,
phone,pass,Published phone: 0000000000 ,https://mpclg.gov.lk/web/images/divisions/Legal/Co-operative_Employees_Commission_Statute_E.pdf,
phone,pass,Published phone: 0000000208 ,https://mpclg.gov.lk/web/images/divisions/Legal/Co-operative_Employees_Commission_Statute_E.pdf,
phone,pass,Published phone: 0000000406 ,https://mpclg.gov.lk/web/images/divisions/Legal/Co-operative_Employees_Commission_Statute_E.pdf,
phone,pass,Published phone: 0000000544 ,https://mpclg.gov.lk/web/images/divisions/Legal/Co-operative_Employees_Commission_Statute_E.pdf,
phone,pass,Published phone: 0000000345 ,https://mpclg.gov.lk/web/images/divisions/Legal/Co-operative_Employees_Commission_Statute_E.pdf,
phone,pass,Published phone: 0000019475 ,https://mpclg.gov.lk/web/images/divisions/Legal/Co-operative_Employees_Commission_Statute_E.pdf,
phone,pass,Published phone: 0000000261 ,https://mpclg.gov.lk/web/images/divisions/Legal/Co-operative_Employees_Commission_Statute_E.pdf,
phone,pass,Published phone: 0000000182 ,https://mpclg.gov.lk/web/images/divisions/Legal/Co-operative_Employees_Commission_Statute_E.pdf,
phone,pass,Published phone: 0000000583 ,https://mpclg.gov.lk/web/images/divisions/Legal/Co-operative_Employees_Commission_Statute_E.pdf,
phone,pass,Published phone: 0000000306 ,https://mpclg.gov.lk/web/images/divisions/Legal/Co-operative_Employees_Commission_Statute_E.pdf,
phone,pass,Published phone: 0000000430 ,https://mpclg.gov.lk/web/images/divisions/Legal/Co-operative_Employees_Commission_Statute_E.pdf,
phone,pass,Published phone: 0000000695 ,https://mpclg.gov.lk/web/images/divisions/Legal/Co-operative_Employees_Commission_Statute_E.pdf,
phone,pass,Published phone: 0000000297 ,https://mpclg.gov.lk/web/images/divisions/Legal/Co-operative_Employees_Commission_Statute_E.pdf,
phone,pass,Published phone: 03 565 834 51,https://mpclg.gov.lk/web/images/divisions/Legal/Co-operative_Employees_Commission_Statute_E.pdf,
phone,pass,Published phone: 0000000605 ,https://mpclg.gov.lk/web/images/divisions/Legal/Co-operative_Employees_Commission_Statute_E.pdf,
phone,pass,Published phone: 0000000680 ,https://mpclg.gov.lk/web/images/divisions/Legal/Co-operative_Employees_Commission_Statute_E.pdf,
phone,pass,Published phone: 00 500 500 50,https://mpclg.gov.lk/web/images/divisions/Legal/Co-operative_Employees_Commission_Statute_E.pdf,
phone,pass,Published phone: 0000000499 ,https://mpclg.gov.lk/web/images/divisions/Legal/Co-operative_Employees_Commission_Statute_E.pdf,
phone,pass,Published phone: 0000000567 ,https://mpclg.gov.lk/web/images/divisions/Legal/Co-operative_Employees_Commission_Statute_E.pdf,
phone,pass,Published phone: 0000000364 ,https://mpclg.gov.lk/web/images/divisions/Legal/Co-operative_Employees_Commission_Statute_E.pdf,
phone,pass,Published phone: 0000031996 ,https://mpclg.gov.lk/web/images/divisions/Legal/Co-operative_Employees_Commission_Statute_E.pdf,
phone,pass,Published phone: 0000000700 ,https://mpclg.gov.lk/web/images/divisions/Legal/Co-operative_Employees_Commission_Statute_E.pdf,
phone,pass,Published phone: 0000000127 ,https://mpclg.gov.lk/web/images/divisions/Legal/Co-operative_Employees_Commission_Statute_E.pdf,
phone,pass,Published phone: 0000000699 ,https://mpclg.gov.lk/web/images/divisions/Legal/Co-operative_Employees_Commission_Statute_E.pdf,
phone,pass,Published phone: 0000040747 ,https://mpclg.gov.lk/web/images/divisions/Legal/Co-operative_Employees_Commission_Statute_E.pdf,
phone,pass,Published phone: 0000000525 ,https://mpclg.gov.lk/web/images/divisions/Legal/Co-operative_Employees_Commission_Statute_E.pdf,
phone,pass,Published phone: 0000000247 ,https://mpclg.gov.lk/web/images/divisions/Legal/Co-operative_Employees_Commission_Statute_E.pdf,
phone,pass,Published phone: 0000000712 ,https://mpclg.gov.lk/web/images/divisions/Legal/Co-operative_Employees_Commission_Statute_E.pdf,
phone,pass,Published phone: 0000000614 ,https://mpclg.gov.lk/web/images/divisions/Legal/Co-operative_Employees_Commission_Statute_E.pdf,
phone,pass,Published phone: 0000000529 ,https://mpclg.gov.lk/web/images/divisions/Legal/Co-operative_Employees_Commission_Statute_E.pdf,
phone,pass,Published phone: 0000000286 ,https://mpclg.gov.lk/web/images/divisions/Legal/Co-operative_Employees_Commission_Statute_E.pdf,
phone,pass,Published phone: 0000000317 ,https://mpclg.gov.lk/web/images/divisions/Legal/Co-operative_Employees_Commission_Statute_E.pdf,
phone,pass,Published phone: 0000000716 ,https://mpclg.gov.lk/web/images/divisions/Legal/Co-operative_Employees_Commission_Statute_E.pdf,
phone,pass,Published phone: 0000000750 ,https://mpclg.gov.lk/web/images/divisions/Legal/Co-operative_Employees_Commission_Statute_E.pdf,
phone,pass,Published phone: 0000000194 ,https://mpclg.gov.lk/web/images/divisions/Legal/Co-operative_Employees_Commission_Statute_E.pdf,
phone,pass,Published phone: 0000000072 ,https://mpclg.gov.lk/web/images/divisions/Legal/Co-operative_Employees_Commission_Statute_E.pdf,
phone,pass,Published phone: 0000000742 ,https://mpclg.gov.lk/web/images/divisions/Legal/Co-operative_Employees_Commission_Statute_E.pdf,
phone,pass,Published phone: 0000000375 ,https://mpclg.gov.lk/web/images/divisions/Legal/Co-operative_Employees_Commission_Statute_E.pdf,
phone,pass,Published phone: 0000053157 ,https://mpclg.gov.lk/web/images/divisions/Legal/Co-operative_Employees_Commission_Statute_E.pdf,
phone,pass,Published phone: 0000000318 ,https://mpclg.gov.lk/web/images/divisions/Legal/Co-operative_Employees_Commission_Statute_E.pdf,
phone,pass,Published phone: 0000000555 ,https://mpclg.gov.lk/web/images/divisions/Legal/Co-operative_Employees_Commission_Statute_E.pdf,
phone,pass,Published phone: 0000000080 ,https://mpclg.gov.lk/web/images/divisions/Legal/Co-operative_Employees_Commission_Statute_E.pdf,
phone,pass,Published phone: 0000000289 ,https://mpclg.gov.lk/web/images/divisions/Legal/Co-operative_Employees_Commission_Statute_E.pdf,
phone,pass,Published phone: 0000000754 ,https://mpclg.gov.lk/web/images/divisions/Legal/Co-operative_Employees_Commission_Statute_E.pdf,
phone,pass,Published phone: 0000000431 ,https://mpclg.gov.lk/web/images/divisions/Legal/Co-operative_Employees_Commission_Statute_E.pdf,
phone,pass,Published phone: 0000000467 ,https://mpclg.gov.lk/web/images/divisions/Legal/Co-operative_Employees_Commission_Statute_E.pdf,
phone,pass,Published phone: 0000045270 ,https://mpclg.gov.lk/web/images/divisions/Legal/Co-operative_Employees_Commission_Statute_E.pdf,
phone,pass,Published phone: 0 611 778 0 55,https://mpclg.gov.lk/web/images/divisions/Legal/Co-operative_Employees_Commission_Statute_E.pdf,
phone,pass,Published phone: 0000006080 ,https://mpclg.gov.lk/web/images/divisions/Legal/Co-operative_Employees_Commission_Statute_E.pdf,
phone,pass,Published phone: 0000000706 ,https://mpclg.gov.lk/web/images/divisions/Legal/Co-operative_Employees_Commission_Statute_E.pdf,
phone,pass,Published phone: 0000000425 ,https://mpclg.gov.lk/web/images/divisions/Legal/Co-operative_Employees_Commission_Statute_E.pdf,
phone,pass,Published phone: 0000000250 ,https://mpclg.gov.lk/web/images/divisions/Legal/Co-operative_Employees_Commission_Statute_E.pdf,
phone,pass,Published phone: 0000000346 ,https://mpclg.gov.lk/web/images/divisions/Legal/Co-operative_Employees_Commission_Statute_E.pdf,
phone,pass,Published phone: 0000000426 ,https://mpclg.gov.lk/web/images/divisions/Legal/Co-operative_Employees_Commission_Statute_E.pdf,
phone,pass,Published phone: 0000000733 ,https://mpclg.gov.lk/web/images/divisions/Legal/Co-operative_Employees_Commission_Statute_E.pdf,
phone,pass,Published phone: 0000000639 ,https://mpclg.gov.lk/web/images/divisions/Legal/Co-operative_Employees_Commission_Statute_E.pdf,
phone,pass,Published phone: 0000000756 ,https://mpclg.gov.lk/web/images/divisions/Legal/Co-operative_Employees_Commission_Statute_E.pdf,
phone,pass,Published phone: 0000000673 ,https://mpclg.gov.lk/web/images/divisions/Legal/Co-operative_Employees_Commission_Statute_E.pdf,
phone,pass,Published phone: 0000000310 ,https://mpclg.gov.lk/web/images/divisions/Legal/Co-operative_Employees_Commission_Statute_E.pdf,
phone,pass,Published phone: 0000000402 ,https://mpclg.gov.lk/web/images/divisions/Legal/Co-operative_Employees_Commission_Statute_E.pdf,
phone,pass,Published phone: 0000053448 ,https://mpclg.gov.lk/web/images/divisions/Legal/Co-operative_Employees_Commission_Statute_E.pdf,
phone,pass,Published phone: 0000000670 ,https://mpclg.gov.lk/web/images/divisions/Legal/Co-operative_Employees_Commission_Statute_E.pdf,
phone,pass,Published phone: 0000000539 ,https://mpclg.gov.lk/web/images/divisions/Legal/Co-operative_Employees_Commission_Statute_E.pdf,
phone,pass,Published phone: 0000005636 ,https://mpclg.gov.lk/web/images/divisions/Legal/Co-operative_Employees_Commission_Statute_E.pdf,
phone,pass,Published phone: 0000000205 ,https://mpclg.gov.lk/web/images/divisions/Legal/Co-operative_Employees_Commission_Statute_E.pdf,
phone,pass,Published phone: 0000000429 ,https://mpclg.gov.lk/web/images/divisions/Legal/Co-operative_Employees_Commission_Statute_E.pdf,
phone,pass,Published phone: 0000000472 ,https://mpclg.gov.lk/web/images/divisions/Legal/Co-operative_Employees_Commission_Statute_E.pdf,
phone,pass,Published phone: 0000000512 ,https://mpclg.gov.lk/web/images/divisions/Legal/Co-operative_Employees_Commission_Statute_E.pdf,
phone,pass,Published phone: 0000000352 ,https://mpclg.gov.lk/web/images/divisions/Legal/Co-operative_Employees_Commission_Statute_E.pdf,
phone,pass,Published phone: 0000000065 ,https://mpclg.gov.lk/web/images/divisions/Legal/Co-operative_Employees_Commission_Statute_E.pdf,
phone,pass,Published phone: 0000000199 ,https://mpclg.gov.lk/web/images/divisions/Legal/Co-operative_Employees_Commission_Statute_E.pdf,
phone,pass,Published phone: 0000000154 ,https://mpclg.gov.lk/web/images/divisions/Legal/Co-operative_Employees_Commission_Statute_E.pdf,
phone,pass,Published phone: 0000000281 ,https://mpclg.gov.lk/web/images/divisions/Legal/Co-operative_Employees_Commission_Statute_E.pdf,
phone,pass,Published phone: 0000000736 ,https://mpclg.gov.lk/web/images/divisions/Legal/Co-operative_Employees_Commission_Statute_E.pdf,
phone,pass,Published phone: 0 0 337 0 0 611 ,https://mpclg.gov.lk/web/images/divisions/Legal/Co-operative_Employees_Commission_Statute_E.pdf,
phone,pass,Published phone: 0000000135 ,https://mpclg.gov.lk/web/images/divisions/Legal/Co-operative_Employees_Commission_Statute_E.pdf,
phone,pass,Published phone: 0000000400 ,https://mpclg.gov.lk/web/images/divisions/Legal/Co-operative_Employees_Commission_Statute_E.pdf,
phone,pass,Published phone: 0000000740 ,https://mpclg.gov.lk/web/images/divisions/Legal/Co-operative_Employees_Commission_Statute_E.pdf,
phone,pass,Published phone: 0000000391 ,https://mpclg.gov.lk/web/images/divisions/Legal/Co-operative_Employees_Commission_Statute_E.pdf,
phone,pass,Published phone: 0000000749 ,https://mpclg.gov.lk/web/images/divisions/Legal/Co-operative_Employees_Commission_Statute_E.pdf,
phone,pass,Published phone: 0000000342 ,https://mpclg.gov.lk/web/images/divisions/Legal/Co-operative_Employees_Commission_Statute_E.pdf,
phone,pass,Published phone: 0000000543 ,https://mpclg.gov.lk/web/images/divisions/Legal/Co-operative_Employees_Commission_Statute_E.pdf,
phone,pass,Published phone: 0000000551 ,https://mpclg.gov.lk/web/images/divisions/Legal/Co-operative_Employees_Commission_Statute_E.pdf,
phone,pass,Published phone: 0000000561 ,https://mpclg.gov.lk/web/images/divisions/Legal/Co-operative_Employees_Commission_Statute_E.pdf,
phone,pass,Published phone: 0000000730 ,https://mpclg.gov.lk/web/images/divisions/Legal/Co-operative_Employees_Commission_Statute_E.pdf,
phone,pass,Published phone: 0000000694 ,https://mpclg.gov.lk/web/images/divisions/Legal/Co-operative_Employees_Commission_Statute_E.pdf,
phone,pass,Published phone: 0000000417 ,https://mpclg.gov.lk/web/images/divisions/Legal/Co-operative_Employees_Commission_Statute_E.pdf,
phone,pass,Published phone: 0000000443 ,https://mpclg.gov.lk/web/images/divisions/Legal/Co-operative_Employees_Commission_Statute_E.pdf,
phone,pass,Published phone: 0000000290 ,https://mpclg.gov.lk/web/images/divisions/Legal/Co-operative_Employees_Commission_Statute_E.pdf,
phone,pass,Published phone: 0000000136 ,https://mpclg.gov.lk/web/images/divisions/Legal/Co-operative_Employees_Commission_Statute_E.pdf,
phone,pass,Published phone: 0000000664 ,https://mpclg.gov.lk/web/images/divisions/Legal/Co-operative_Employees_Commission_Statute_E.pdf,
phone,pass,Published phone: 0000000257 ,https://mpclg.gov.lk/web/images/divisions/Legal/Co-operative_Employees_Commission_Statute_E.pdf,
phone,pass,Published phone: 0000000688 ,https://mpclg.gov.lk/web/images/divisions/Legal/Co-operative_Employees_Commission_Statute_E.pdf,
phone,pass,Published phone: 0000000482 ,https://mpclg.gov.lk/web/images/divisions/Legal/Co-operative_Employees_Commission_Statute_E.pdf,
phone,pass,Published phone: 0000000683 ,https://mpclg.gov.lk/web/images/divisions/Legal/Co-operative_Employees_Commission_Statute_E.pdf,
phone,pass,Published phone: 0000000450 ,https://mpclg.gov.lk/web/images/divisions/Legal/Co-operative_Employees_Commission_Statute_E.pdf,
phone,pass,Published phone: 0000000076 ,https://mpclg.gov.lk/web/images/divisions/Legal/Co-operative_Employees_Commission_Statute_E.pdf,
phone,pass,Published phone: 0000000427 ,https://mpclg.gov.lk/web/images/divisions/Legal/Co-operative_Employees_Commission_Statute_E.pdf,
phone,pass,Published phone: 0000000734 ,https://mpclg.gov.lk/web/images/divisions/Legal/Co-operative_Employees_Commission_Statute_E.pdf,
phone,pass,Published phone: 0000000668 ,https://mpclg.gov.lk/web/images/divisions/Legal/Co-operative_Employees_Commission_Statute_E.pdf,
phone,pass,Published phone: 0000000241 ,https://mpclg.gov.lk/web/images/divisions/Legal/Co-operative_Employees_Commission_Statute_E.pdf,
phone,pass,Published phone: 0000000061 ,https://mpclg.gov.lk/web/images/divisions/Legal/Co-operative_Employees_Commission_Statute_E.pdf,
phone,pass,Published phone: 0000000624 ,https://mpclg.gov.lk/web/images/divisions/Legal/Co-operative_Employees_Commission_Statute_E.pdf,
phone,pass,Published phone: 0000000625 ,https://mpclg.gov.lk/web/images/divisions/Legal/Co-operative_Employees_Commission_Statute_E.pdf,
phone,pass,Published phone: 0000000395 ,https://mpclg.gov.lk/web/images/divisions/Legal/Co-operative_Employees_Commission_Statute_E.pdf,
phone,pass,Published phone: 0000000692 ,https://mpclg.gov.lk/web/images/divisions/Legal/Co-operative_Employees_Commission_Statute_E.pdf,
phone,pass,Published phone: 0000000292 ,https://mpclg.gov.lk/web/images/divisions/Legal/Co-operative_Employees_Commission_Statute_E.pdf,
phone,pass,Published phone: 0000000113 ,https://mpclg.gov.lk/web/images/divisions/Legal/Co-operative_Employees_Commission_Statute_E.pdf,
phone,pass,Published phone: 0000000386 ,https://mpclg.gov.lk/web/images/divisions/Legal/Co-operative_Employees_Commission_Statute_E.pdf,
phone,pass,Published phone: 0000000321 ,https://mpclg.gov.lk/web/images/divisions/Legal/Co-operative_Employees_Commission_Statute_E.pdf,
phone,pass,Published phone: 0000000284 ,https://mpclg.gov.lk/web/images/divisions/Legal/Co-operative_Employees_Commission_Statute_E.pdf,
phone,pass,Published phone: 0000000729 ,https://mpclg.gov.lk/web/images/divisions/Legal/Co-operative_Employees_Commission_Statute_E.pdf,
phone,pass,Published phone: 0000000452 ,https://mpclg.gov.lk/web/images/divisions/Legal/Co-operative_Employees_Commission_Statute_E.pdf,
phone,pass,Published phone: 0000000370 ,https://mpclg.gov.lk/web/images/divisions/Legal/Co-operative_Employees_Commission_Statute_E.pdf,
phone,pass,Published phone: 0000000579 ,https://mpclg.gov.lk/web/images/divisions/Legal/Co-operative_Employees_Commission_Statute_E.pdf,
phone,pass,Published phone: 0000000666 ,https://mpclg.gov.lk/web/images/divisions/Legal/Co-operative_Employees_Commission_Statute_E.pdf,
phone,pass,Published phone: 0000000283 ,https://mpclg.gov.lk/web/images/divisions/Legal/Co-operative_Employees_Commission_Statute_E.pdf,
phone,pass,Published phone: 0000000477 ,https://mpclg.gov.lk/web/images/divisions/Legal/Co-operative_Employees_Commission_Statute_E.pdf,
phone,pass,Published phone: 0000000340 ,https://mpclg.gov.lk/web/images/divisions/Legal/Co-operative_Employees_Commission_Statute_E.pdf,
phone,pass,Published phone: 0000000713 ,https://mpclg.gov.lk/web/images/divisions/Legal/Co-operative_Employees_Commission_Statute_E.pdf,
phone,pass,Published phone: 0000012337 ,https://mpclg.gov.lk/web/images/divisions/Legal/Co-operative_Employees_Commission_Statute_E.pdf,
phone,pass,Published phone: 0000000083 ,https://mpclg.gov.lk/web/images/divisions/Legal/Co-operative_Employees_Commission_Statute_E.pdf,
phone,pass,Published phone: 0000000129 ,https://mpclg.gov.lk/web/images/divisions/Legal/Co-operative_Employees_Commission_Statute_E.pdf,
phone,pass,Published phone: 0000000369 ,https://mpclg.gov.lk/web/images/divisions/Legal/Co-operative_Employees_Commission_Statute_E.pdf,
phone,pass,Published phone: 0000000489 ,https://mpclg.gov.lk/web/images/divisions/Legal/Co-operative_Employees_Commission_Statute_E.pdf,
phone,pass,Published phone: 0000000498 ,https://mpclg.gov.lk/web/images/divisions/Legal/Co-operative_Employees_Commission_Statute_E.pdf,
phone,pass,Published phone: 0000000385 ,https://mpclg.gov.lk/web/images/divisions/Legal/Co-operative_Employees_Commission_Statute_E.pdf,
phone,pass,Published phone: 0000061579 ,https://mpclg.gov.lk/web/images/divisions/Legal/Co-operative_Employees_Commission_Statute_E.pdf,
phone,pass,Published phone: 0000031942 ,https://mpclg.gov.lk/web/images/divisions/Legal/Co-operative_Employees_Commission_Statute_E.pdf,
phone,pass,Published phone: 0000000176 ,https://mpclg.gov.lk/web/images/divisions/Legal/Co-operative_Employees_Commission_Statute_E.pdf,
phone,pass,Published phone: 0000000259 ,https://mpclg.gov.lk/web/images/divisions/Legal/Co-operative_Employees_Commission_Statute_E.pdf,
phone,pass,Published phone: 0000000505 ,https://mpclg.gov.lk/web/images/divisions/Legal/Co-operative_Employees_Commission_Statute_E.pdf,
phone,pass,Published phone: 0000000133 ,https://mpclg.gov.lk/web/images/divisions/Legal/Co-operative_Employees_Commission_Statute_E.pdf,
phone,pass,Published phone: 0000000599 ,https://mpclg.gov.lk/web/images/divisions/Legal/Co-operative_Employees_Commission_Statute_E.pdf,
phone,pass,Published phone: 0000000540 ,https://mpclg.gov.lk/web/images/divisions/Legal/Co-operative_Employees_Commission_Statute_E.pdf,
phone,pass,Published phone: 0000000262 ,https://mpclg.gov.lk/web/images/divisions/Legal/Co-operative_Employees_Commission_Statute_E.pdf,
phone,pass,Published phone: 0000000319 ,https://mpclg.gov.lk/web/images/divisions/Legal/Co-operative_Employees_Commission_Statute_E.pdf,
phone,pass,Published phone: 0000000229 ,https://mpclg.gov.lk/web/images/divisions/Legal/Co-operative_Employees_Commission_Statute_E.pdf,
phone,pass,Published phone: 0000000347 ,https://mpclg.gov.lk/web/images/divisions/Legal/Co-operative_Employees_Commission_Statute_E.pdf,
phone,pass,Published phone: 0000000616 ,https://mpclg.gov.lk/web/images/divisions/Legal/Co-operative_Employees_Commission_Statute_E.pdf,
phone,pass,Published phone: 0000000622 ,https://mpclg.gov.lk/web/images/divisions/Legal/Co-operative_Employees_Commission_Statute_E.pdf,
phone,pass,Published phone: 0000000079 ,https://mpclg.gov.lk/web/images/divisions/Legal/Co-operative_Employees_Commission_Statute_E.pdf,
phone,pass,Published phone: 0000000634 ,https://mpclg.gov.lk/web/images/divisions/Legal/Co-operative_Employees_Commission_Statute_E.pdf,
phone,pass,Published phone: 0000000704 ,https://mpclg.gov.lk/web/images/divisions/Legal/Co-operative_Employees_Commission_Statute_E.pdf,
phone,pass,Published phone: 0000000584 ,https://mpclg.gov.lk/web/images/divisions/Legal/Co-operative_Employees_Commission_Statute_E.pdf,
phone,pass,Published phone: 0000456780 ,https://mpclg.gov.lk/web/images/divisions/Legal/Co-operative_Employees_Commission_Statute_E.pdf,
phone,pass,Published phone: 0000000188 ,https://mpclg.gov.lk/web/images/divisions/Legal/Co-operative_Employees_Commission_Statute_E.pdf,
phone,pass,Published phone: 0000000432 ,https://mpclg.gov.lk/web/images/divisions/Legal/Co-operative_Employees_Commission_Statute_E.pdf,
phone,pass,Published phone: 0000000674 ,https://mpclg.gov.lk/web/images/divisions/Legal/Co-operative_Employees_Commission_Statute_E.pdf,
phone,pass,Published phone: 0000000741 ,https://mpclg.gov.lk/web/images/divisions/Legal/Co-operative_Employees_Commission_Statute_E.pdf,
phone,pass,Published phone: 0000000090 ,https://mpclg.gov.lk/web/images/divisions/Legal/Co-operative_Employees_Commission_Statute_E.pdf,
phone,pass,Published phone: 0000000413 ,https://mpclg.gov.lk/web/images/divisions/Legal/Co-operative_Employees_Commission_Statute_E.pdf,
phone,pass,Published phone: 0000000621 ,https://mpclg.gov.lk/web/images/divisions/Legal/Co-operative_Employees_Commission_Statute_E.pdf,
phone,pass,Published phone: 0000000327 ,https://mpclg.gov.lk/web/images/divisions/Legal/Co-operative_Employees_Commission_Statute_E.pdf,
phone,pass,Published phone: 0000000106 ,https://mpclg.gov.lk/web/images/divisions/Legal/Co-operative_Employees_Commission_Statute_E.pdf,
phone,pass,Published phone: 0000000681 ,https://mpclg.gov.lk/web/images/divisions/Legal/Co-operative_Employees_Commission_Statute_E.pdf,
phone,pass,Published phone: 0000000134 ,https://mpclg.gov.lk/web/images/divisions/Legal/Co-operative_Employees_Commission_Statute_E.pdf,
phone,pass,Published phone: 0000000173 ,https://mpclg.gov.lk/web/images/divisions/Legal/Co-operative_Employees_Commission_Statute_E.pdf,
phone,pass,Published phone: 0000000671 ,https://mpclg.gov.lk/web/images/divisions/Legal/Co-operative_Employees_Commission_Statute_E.pdf,
phone,pass,Published phone: 0000000313 ,https://mpclg.gov.lk/web/images/divisions/Legal/Co-operative_Employees_Commission_Statute_E.pdf,
phone,pass,Published phone: 0000000546 ,https://mpclg.gov.lk/web/images/divisions/Legal/Co-operative_Employees_Commission_Statute_E.pdf,
phone,pass,Published phone: 0000006512 ,https://mpclg.gov.lk/web/images/divisions/Legal/Co-operative_Employees_Commission_Statute_E.pdf,
phone,pass,Published phone: 0000000206 ,https://mpclg.gov.lk/web/images/divisions/Legal/Co-operative_Employees_Commission_Statute_E.pdf,
phone,pass,Published phone: 0000000444 ,https://mpclg.gov.lk/web/images/divisions/Legal/Co-operative_Employees_Commission_Statute_E.pdf,
phone,pass,Published phone: 0000000610 ,https://mpclg.gov.lk/web/images/divisions/Legal/Co-operative_Employees_Commission_Statute_E.pdf,
phone,pass,Published phone: 0000000303 ,https://mpclg.gov.lk/web/images/divisions/Legal/Co-operative_Employees_Commission_Statute_E.pdf,
phone,pass,Published phone: 0000000359 ,https://mpclg.gov.lk/web/images/divisions/Legal/Co-operative_Employees_Commission_Statute_E.pdf,
phone,pass,Published phone: 0000000630 ,https://mpclg.gov.lk/web/images/divisions/Legal/Co-operative_Employees_Commission_Statute_E.pdf,
phone,pass,Published phone: 0000000238 ,https://mpclg.gov.lk/web/images/divisions/Legal/Co-operative_Employees_Commission_Statute_E.pdf,
phone,pass,Published phone: 0000000691 ,https://mpclg.gov.lk/web/images/divisions/Legal/Co-operative_Employees_Commission_Statute_E.pdf,
phone,pass,Published phone: 0000000091 ,https://mpclg.gov.lk/web/images/divisions/Legal/Co-operative_Employees_Commission_Statute_E.pdf,
phone,pass,Published phone: 0000000204 ,https://mpclg.gov.lk/web/images/divisions/Legal/Co-operative_Employees_Commission_Statute_E.pdf,
phone,pass,Published phone: 0000000474 ,https://mpclg.gov.lk/web/images/divisions/Legal/Co-operative_Employees_Commission_Statute_E.pdf,
phone,pass,Published phone: 0000000092 ,https://mpclg.gov.lk/web/images/divisions/Legal/Co-operative_Employees_Commission_Statute_E.pdf,
phone,pass,Published phone: 0000019765 ,https://mpclg.gov.lk/web/images/divisions/Legal/Co-operative_Employees_Commission_Statute_E.pdf,
phone,pass,Published phone: 0000008040 ,https://mpclg.gov.lk/web/images/divisions/Legal/Co-operative_Employees_Commission_Statute_E.pdf,
phone,pass,Published phone: 0000000254 ,https://mpclg.gov.lk/web/images/divisions/Legal/Co-operative_Employees_Commission_Statute_E.pdf,
phone,pass,Published phone: 0000000678 ,https://mpclg.gov.lk/web/images/divisions/Legal/Co-operative_Employees_Commission_Statute_E.pdf,
phone,pass,Published phone: 0000000462 ,https://mpclg.gov.lk/web/images/divisions/Legal/Co-operative_Employees_Commission_Statute_E.pdf,
phone,pass,Published phone: 0000000523 ,https://mpclg.gov.lk/web/images/divisions/Legal/Co-operative_Employees_Commission_Statute_E.pdf,
phone,pass,Published phone: 0000000746 ,https://mpclg.gov.lk/web/images/divisions/Legal/Co-operative_Employees_Commission_Statute_E.pdf,
phone,pass,Published phone: 0000000698 ,https://mpclg.gov.lk/web/images/divisions/Legal/Co-operative_Employees_Commission_Statute_E.pdf,
phone,pass,Published phone: 0000000276 ,https://mpclg.gov.lk/web/images/divisions/Legal/Co-operative_Employees_Commission_Statute_E.pdf,
phone,pass,Published phone: 0000000203 ,https://mpclg.gov.lk/web/images/divisions/Legal/Co-operative_Employees_Commission_Statute_E.pdf,
phone,pass,Published phone: 0000000640 ,https://mpclg.gov.lk/web/images/divisions/Legal/Co-operative_Employees_Commission_Statute_E.pdf,
phone,pass,Published phone: 0000000132 ,https://mpclg.gov.lk/web/images/divisions/Legal/Co-operative_Employees_Commission_Statute_E.pdf,
phone,pass,Published phone: 06 558 833 83,https://mpclg.gov.lk/web/images/divisions/Legal/Co-operative_Employees_Commission_Statute_E.pdf,
phone,pass,Published phone: 0000000480 ,https://mpclg.gov.lk/web/images/divisions/Legal/Co-operative_Employees_Commission_Statute_E.pdf,
phone,pass,Published phone: 0000000641 ,https://mpclg.gov.lk/web/images/divisions/Legal/Co-operative_Employees_Commission_Statute_E.pdf,
phone,pass,Published phone: 0000000453 ,https://mpclg.gov.lk/web/images/divisions/Legal/Co-operative_Employees_Commission_Statute_E.pdf,
phone,pass,Published phone: 0000000150 ,https://mpclg.gov.lk/web/images/divisions/Legal/Co-operative_Employees_Commission_Statute_E.pdf,
phone,pass,Published phone: 0000007388 ,https://mpclg.gov.lk/web/images/divisions/Legal/Co-operative_Employees_Commission_Statute_E.pdf,
phone,pass,Published phone: 0000000511 ,https://mpclg.gov.lk/web/images/divisions/Legal/Co-operative_Employees_Commission_Statute_E.pdf,
phone,pass,Published phone: 0000000301 ,https://mpclg.gov.lk/web/images/divisions/Legal/Co-operative_Employees_Commission_Statute_E.pdf,
phone,pass,Published phone: 0000000174 ,https://mpclg.gov.lk/web/images/divisions/Legal/Co-operative_Employees_Commission_Statute_E.pdf,
phone,pass,Published phone: 0000000211 ,https://mpclg.gov.lk/web/images/divisions/Legal/Co-operative_Employees_Commission_Statute_E.pdf,
phone,pass,Published phone: 0000074341 ,https://mpclg.gov.lk/web/images/divisions/Legal/Co-operative_Employees_Commission_Statute_E.pdf,
phone,pass,Published phone: 0000000439 ,https://mpclg.gov.lk/web/images/divisions/Legal/Co-operative_Employees_Commission_Statute_E.pdf,
phone,pass,Published phone: 0000000454 ,https://mpclg.gov.lk/web/images/divisions/Legal/Co-operative_Employees_Commission_Statute_E.pdf,
phone,pass,Published phone: 0000394110 ,https://mpclg.gov.lk/web/images/divisions/Legal/Co-operative_Employees_Commission_Statute_E.pdf,
phone,pass,Published phone: 0000000656 ,https://mpclg.gov.lk/web/images/divisions/Legal/Co-operative_Employees_Commission_Statute_E.pdf,
phone,pass,Published phone: 0000000190 ,https://mpclg.gov.lk/web/images/divisions/Legal/Co-operative_Employees_Commission_Statute_E.pdf,
phone,pass,Published phone: 0000456808 ,https://mpclg.gov.lk/web/images/divisions/Legal/Co-operative_Employees_Commission_Statute_E.pdf,
phone,pass,Published phone: 0000000537 ,https://mpclg.gov.lk/web/images/divisions/Legal/Co-operative_Employees_Commission_Statute_E.pdf,
phone,pass,Published phone: 0000000060 ,https://mpclg.gov.lk/web/images/divisions/Legal/Co-operative_Employees_Commission_Statute_E.pdf,
phone,pass,Published phone: 0000000412 ,https://mpclg.gov.lk/web/images/divisions/Legal/Co-operative_Employees_Commission_Statute_E.pdf,
phone,pass,Published phone: 0000000647 ,https://mpclg.gov.lk/web/images/divisions/Legal/Co-operative_Employees_Commission_Statute_E.pdf,
phone,pass,Published phone: 0000000093 ,https://mpclg.gov.lk/web/images/divisions/Legal/Co-operative_Employees_Commission_Statute_E.pdf,
phone,pass,Published phone: 0000000117 ,https://mpclg.gov.lk/web/images/divisions/Legal/Co-operative_Employees_Commission_Statute_E.pdf,
phone,pass,Published phone: 0000000105 ,https://mpclg.gov.lk/web/images/divisions/Legal/Co-operative_Employees_Commission_Statute_E.pdf,
phone,pass,Published phone: 0000000510 ,https://mpclg.gov.lk/web/images/divisions/Legal/Co-operative_Employees_Commission_Statute_E.pdf,
phone,pass,Published phone: 0000000582 ,https://mpclg.gov.lk/web/images/divisions/Legal/Co-operative_Employees_Commission_Statute_E.pdf,
phone,pass,Published phone: 0000000420 ,https://mpclg.gov.lk/web/images/divisions/Legal/Co-operative_Employees_Commission_Statute_E.pdf,
phone,pass,Published phone: 0000000153 ,https://mpclg.gov.lk/web/images/divisions/Legal/Co-operative_Employees_Commission_Statute_E.pdf,
phone,pass,Published phone: 0000000520 ,https://mpclg.gov.lk/web/images/divisions/Legal/Co-operative_Employees_Commission_Statute_E.pdf,
phone,pass,Published phone: 0000000459 ,https://mpclg.gov.lk/web/images/divisions/Legal/Co-operative_Employees_Commission_Statute_E.pdf,
phone,pass,Published phone: 0 0 250 333 25,https://mpclg.gov.lk/web/images/divisions/Legal/Co-operative_Employees_Commission_Statute_E.pdf,
phone,pass,Published phone: 0000000111 ,https://mpclg.gov.lk/web/images/divisions/Legal/Co-operative_Employees_Commission_Statute_E.pdf,
phone,pass,Published phone: 0 320 500 500 ,https://mpclg.gov.lk/web/images/divisions/Legal/Co-operative_Employees_Commission_Statute_E.pdf,
phone,pass,Published phone: 0000000104 ,https://mpclg.gov.lk/web/images/divisions/Legal/Co-operative_Employees_Commission_Statute_E.pdf,
phone,pass,Published phone: 0000000648 ,https://mpclg.gov.lk/web/images/divisions/Legal/Co-operative_Employees_Commission_Statute_E.pdf,
phone,pass,Published phone: 0000000323 ,https://mpclg.gov.lk/web/images/divisions/Legal/Co-operative_Employees_Commission_Statute_E.pdf,
phone,pass,Published phone: 0000000343 ,https://mpclg.gov.lk/web/images/divisions/Legal/Co-operative_Employees_Commission_Statute_E.pdf,
phone,pass,Published phone: 0000000448 ,https://mpclg.gov.lk/web/images/divisions/Legal/Co-operative_Employees_Commission_Statute_E.pdf,
phone,pass,Published phone: 0000000507 ,https://mpclg.gov.lk/web/images/divisions/Legal/Co-operative_Employees_Commission_Statute_E.pdf,
phone,pass,Published phone: 0000000684 ,https://mpclg.gov.lk/web/images/divisions/Legal/Co-operative_Employees_Commission_Statute_E.pdf,
phone,pass,Published phone: 0000012598 ,https://mpclg.gov.lk/web/images/divisions/Legal/Co-operative_Employees_Commission_Statute_E.pdf,
phone,pass,Published phone: 0000000112 ,https://mpclg.gov.lk/web/images/divisions/Legal/Co-operative_Employees_Commission_Statute_E.pdf,
phone,pass,Published phone: 0000000475 ,https://mpclg.gov.lk/web/images/divisions/Legal/Co-operative_Employees_Commission_Statute_E.pdf,
phone,pass,Published phone: 0000000476 ,https://mpclg.gov.lk/web/images/divisions/Legal/Co-operative_Employees_Commission_Statute_E.pdf,
phone,pass,Published phone: 0000000617 ,https://mpclg.gov.lk/web/images/divisions/Legal/Co-operative_Employees_Commission_Statute_E.pdf,
phone,pass,Published phone: 0000000720 ,https://mpclg.gov.lk/web/images/divisions/Legal/Co-operative_Employees_Commission_Statute_E.pdf,
phone,pass,Published phone: 0000000172 ,https://mpclg.gov.lk/web/images/divisions/Legal/Co-operative_Employees_Commission_Statute_E.pdf,
phone,pass,Published phone: 0000048715 ,https://mpclg.gov.lk/web/images/divisions/Legal/Co-operative_Employees_Commission_Statute_E.pdf,
phone,pass,Published phone: 0000000221 ,https://mpclg.gov.lk/web/images/divisions/Legal/Co-operative_Employees_Commission_Statute_E.pdf,
phone,pass,Published phone: 0000000077 ,https://mpclg.gov.lk/web/images/divisions/Legal/Co-operative_Employees_Commission_Statute_E.pdf,
phone,pass,Published phone: 0000000731 ,https://mpclg.gov.lk/web/images/divisions/Legal/Co-operative_Employees_Commission_Statute_E.pdf,
phone,pass,Published phone: 0000000242 ,https://mpclg.gov.lk/web/images/divisions/Legal/Co-operative_Employees_Commission_Statute_E.pdf,
phone,pass,Published phone: 0000000587 ,https://mpclg.gov.lk/web/images/divisions/Legal/Co-operative_Employees_Commission_Statute_E.pdf,
phone,pass,Published phone: 0000000651 ,https://mpclg.gov.lk/web/images/divisions/Legal/Co-operative_Employees_Commission_Statute_E.pdf,
phone,pass,Published phone: 0 0 0 0 0 0 778 6,https://mpclg.gov.lk/web/images/divisions/Legal/Co-operative_Employees_Commission_Statute_E.pdf,
phone,pass,Published phone: 09 774 611 55,https://mpclg.gov.lk/web/images/divisions/Legal/Co-operative_Employees_Commission_Statute_E.pdf,
phone,pass,Published phone: 0000000100 ,https://mpclg.gov.lk/web/images/divisions/Legal/Co-operative_Employees_Commission_Statute_E.pdf,
phone,pass,Published phone: 0000000235 ,https://mpclg.gov.lk/web/images/divisions/Legal/Co-operative_Employees_Commission_Statute_E.pdf,
phone,pass,Published phone: 0000000168 ,https://mpclg.gov.lk/web/images/divisions/Legal/Co-operative_Employees_Commission_Statute_E.pdf,
phone,pass,Published phone: 0 500 500 500 ,https://mpclg.gov.lk/web/images/divisions/Legal/Co-operative_Employees_Commission_Statute_E.pdf,
phone,pass,Published phone: 0000000501 ,https://mpclg.gov.lk/web/images/divisions/Legal/Co-operative_Employees_Commission_Statute_E.pdf,
phone,pass,Published phone: 0000000220 ,https://mpclg.gov.lk/web/images/divisions/Legal/Co-operative_Employees_Commission_Statute_E.pdf,
phone,pass,Published phone: 0000000139 ,https://mpclg.gov.lk/web/images/divisions/Legal/Co-operative_Employees_Commission_Statute_E.pdf,
phone,pass,Published phone: 0000000084 ,https://mpclg.gov.lk/web/images/divisions/Legal/Co-operative_Employees_Commission_Statute_E.pdf,
phone,pass,Published phone: 0000000189 ,https://mpclg.gov.lk/web/images/divisions/Legal/Co-operative_Employees_Commission_Statute_E.pdf,
phone,pass,Published phone: 0000000198 ,https://mpclg.gov.lk/web/images/divisions/Legal/Co-operative_Employees_Commission_Statute_E.pdf,
phone,pass,Published phone: 0000000219 ,https://mpclg.gov.lk/web/images/divisions/Legal/Co-operative_Employees_Commission_Statute_E.pdf,
phone,pass,Published phone: 0000000341 ,https://mpclg.gov.lk/web/images/divisions/Legal/Co-operative_Employees_Commission_Statute_E.pdf,
phone,pass,Published phone: 0000000456 ,https://mpclg.gov.lk/web/images/divisions/Legal/Co-operative_Employees_Commission_Statute_E.pdf,
phone,pass,Published phone: 0000000514 ,https://mpclg.gov.lk/web/images/divisions/Legal/Co-operative_Employees_Commission_Statute_E.pdf,
phone,pass,Published phone: 0000000604 ,https://mpclg.gov.lk/web/images/divisions/Legal/Co-operative_Employees_Commission_Statute_E.pdf,
phone,pass,Published phone: 0000000608 ,https://mpclg.gov.lk/web/images/divisions/Legal/Co-operative_Employees_Commission_Statute_E.pdf,
phone,pass,Published phone: 0000000580 ,https://mpclg.gov.lk/web/images/divisions/Legal/Co-operative_Employees_Commission_Statute_E.pdf,
phone,pass,Published phone: 0000000710 ,https://mpclg.gov.lk/web/images/divisions/Legal/Co-operative_Employees_Commission_Statute_E.pdf,
phone,pass,Published phone: 07 507 507 50,https://mpclg.gov.lk/web/images/divisions/Legal/Co-operative_Employees_Commission_Statute_E.pdf,
phone,pass,Published phone: 0000006438 ,https://mpclg.gov.lk/web/images/divisions/Legal/Co-operative_Employees_Commission_Statute_E.pdf,
phone,pass,Published phone: 0000000711 ,https://mpclg.gov.lk/web/images/divisions/Legal/Co-operative_Employees_Commission_Statute_E.pdf,
phone,pass,Published phone: 0000000288 ,https://mpclg.gov.lk/web/images/divisions/Legal/Co-operative_Employees_Commission_Statute_E.pdf,
phone,pass,Published phone: 0000000442 ,https://mpclg.gov.lk/web/images/divisions/Legal/Co-operative_Employees_Commission_Statute_E.pdf,
phone,pass,Published phone: 0000000732 ,https://mpclg.gov.lk/web/images/divisions/Legal/Co-operative_Employees_Commission_Statute_E.pdf,
phone,pass,Published phone: 0000000632 ,https://mpclg.gov.lk/web/images/divisions/Legal/Co-operative_Employees_Commission_Statute_E.pdf,
phone,pass,Published phone: 0000000270 ,https://mpclg.gov.lk/web/images/divisions/Legal/Co-operative_Employees_Commission_Statute_E.pdf,
phone,pass,Published phone: 0000004795 ,https://mpclg.gov.lk/web/images/divisions/Legal/Co-operative_Employees_Commission_Statute_E.pdf,
phone,pass,Published phone: 0000000181 ,https://mpclg.gov.lk/web/images/divisions/Legal/Co-operative_Employees_Commission_Statute_E.pdf,
phone,pass,Published phone: 0000000069 ,https://mpclg.gov.lk/web/images/divisions/Legal/Co-operative_Employees_Commission_Statute_E.pdf,
phone,pass,Published phone: 0000000542 ,https://mpclg.gov.lk/web/images/divisions/Legal/Co-operative_Employees_Commission_Statute_E.pdf,
phone,pass,Published phone: 0000015983 ,https://mpclg.gov.lk/web/images/divisions/Legal/Co-operative_Employees_Commission_Statute_E.pdf,
phone,pass,Published phone: 0000000316 ,https://mpclg.gov.lk/web/images/divisions/Legal/Co-operative_Employees_Commission_Statute_E.pdf,
phone,pass,Published phone: 0000027412 ,https://mpclg.gov.lk/web/images/divisions/Legal/Co-operative_Employees_Commission_Statute_E.pdf,
phone,pass,Published phone: 0000000390 ,https://mpclg.gov.lk/web/images/divisions/Legal/Co-operative_Employees_Commission_Statute_E.pdf,
phone,pass,Published phone: 0000000719 ,https://mpclg.gov.lk/web/images/divisions/Legal/Co-operative_Employees_Commission_Statute_E.pdf,
phone,pass,Published phone: 0000000356 ,https://mpclg.gov.lk/web/images/divisions/Legal/Co-operative_Employees_Commission_Statute_E.pdf,
phone,pass,Published phone: 0000000687 ,https://mpclg.gov.lk/web/images/divisions/Legal/Co-operative_Employees_Commission_Statute_E.pdf,
phone,pass,Published phone: 0000000708 ,https://mpclg.gov.lk/web/images/divisions/Legal/Co-operative_Employees_Commission_Statute_E.pdf,
phone,pass,Published phone: 0000000495 ,https://mpclg.gov.lk/web/images/divisions/Legal/Co-operative_Employees_Commission_Statute_E.pdf,
phone,pass,Published phone: 0000000227 ,https://mpclg.gov.lk/web/images/divisions/Legal/Co-operative_Employees_Commission_Statute_E.pdf,
phone,pass,Published phone: 0000000110 ,https://mpclg.gov.lk/web/images/divisions/Legal/Co-operative_Employees_Commission_Statute_E.pdf,
phone,pass,Published phone: 0000000388 ,https://mpclg.gov.lk/web/images/divisions/Legal/Co-operative_Employees_Commission_Statute_E.pdf,
phone,pass,Published phone: 0000000209 ,https://mpclg.gov.lk/web/images/divisions/Legal/Co-operative_Employees_Commission_Statute_E.pdf,
phone,pass,Published phone: 0000000596 ,https://mpclg.gov.lk/web/images/divisions/Legal/Co-operative_Employees_Commission_Statute_E.pdf,
phone,pass,Published phone: 0000000606 ,https://mpclg.gov.lk/web/images/divisions/Legal/Co-operative_Employees_Commission_Statute_E.pdf,
phone,pass,Published phone: 0000000177 ,https://mpclg.gov.lk/web/images/divisions/Legal/Co-operative_Employees_Commission_Statute_E.pdf,
phone,pass,Published phone: 00 500 500 0 2,https://mpclg.gov.lk/web/images/divisions/Legal/Co-operative_Employees_Commission_Statute_E.pdf,
phone,pass,Published phone: 0000000379 ,https://mpclg.gov.lk/web/images/divisions/Legal/Co-operative_Employees_Commission_Statute_E.pdf,
phone,pass,Published phone: 0000000547 ,https://mpclg.gov.lk/web/images/divisions/Legal/Co-operative_Employees_Commission_Statute_E.pdf,
phone,pass,Published phone: 0000000160 ,https://mpclg.gov.lk/web/images/divisions/Legal/Co-operative_Employees_Commission_Statute_E.pdf,
phone,pass,Published phone: 0000000637 ,https://mpclg.gov.lk/web/images/divisions/Legal/Co-operative_Employees_Commission_Statute_E.pdf,
phone,pass,Published phone: 0000000298 ,https://mpclg.gov.lk/web/images/divisions/Legal/Co-operative_Employees_Commission_Statute_E.pdf,
phone,pass,Published phone: 0000000119 ,https://mpclg.gov.lk/web/images/divisions/Legal/Co-operative_Employees_Commission_Statute_E.pdf,
phone,pass,Published phone: 0000000350 ,https://mpclg.gov.lk/web/images/divisions/Legal/Co-operative_Employees_Commission_Statute_E.pdf,
phone,pass,Published phone: 0000000166 ,https://mpclg.gov.lk/web/images/divisions/Legal/Co-operative_Employees_Commission_Statute_E.pdf,
phone,pass,Published phone: 0000000244 ,https://mpclg.gov.lk/web/images/divisions/Legal/Co-operative_Employees_Commission_Statute_E.pdf,
phone,pass,Published phone: 0000000191 ,https://mpclg.gov.lk/web/images/divisions/Legal/Co-operative_Employees_Commission_Statute_E.pdf,
phone,pass,Published phone: 0000000351 ,https://mpclg.gov.lk/web/images/divisions/Legal/Co-operative_Employees_Commission_Statute_E.pdf,
phone,pass,Published phone: 0000000161 ,https://mpclg.gov.lk/web/images/divisions/Legal/Co-operative_Employees_Commission_Statute_E.pdf,
phone,pass,Published phone: 0000008293 ,https://mpclg.gov.lk/web/images/divisions/Legal/Co-operative_Employees_Commission_Statute_E.pdf,
phone,pass,Published phone: 0000000243 ,https://mpclg.gov.lk/web/images/divisions/Legal/Co-operative_Employees_Commission_Statute_E.pdf,
phone,pass,Published phone: 0000000213 ,https://mpclg.gov.lk/web/images/divisions/Legal/Co-operative_Employees_Commission_Statute_E.pdf,
phone,pass,Published phone: 0000000280 ,https://mpclg.gov.lk/web/images/divisions/Legal/Co-operative_Employees_Commission_Statute_E.pdf,
phone,pass,Published phone: 0000000513 ,https://mpclg.gov.lk/web/images/divisions/Legal/Co-operative_Employees_Commission_Statute_E.pdf,
phone,pass,Published phone: 0000000497 ,https://mpclg.gov.lk/web/images/divisions/Legal/Co-operative_Employees_Commission_Statute_E.pdf,
phone,pass,Published phone: 0000000738 ,https://mpclg.gov.lk/web/images/divisions/Legal/Co-operative_Employees_Commission_Statute_E.pdf,
phone,pass,Published phone: 0000000344 ,https://mpclg.gov.lk/web/images/divisions/Legal/Co-operative_Employees_Commission_Statute_E.pdf,
phone,pass,Published phone: 0000000392 ,https://mpclg.gov.lk/web/images/divisions/Legal/Co-operative_Employees_Commission_Statute_E.pdf,
phone,pass,Published phone: 0000000644 ,https://mpclg.gov.lk/web/images/divisions/Legal/Co-operative_Employees_Commission_Statute_E.pdf,
phone,pass,Published phone: 0000000374 ,https://mpclg.gov.lk/web/images/divisions/Legal/Co-operative_Employees_Commission_Statute_E.pdf,
phone,pass,Published phone: 0000000635 ,https://mpclg.gov.lk/web/images/divisions/Legal/Co-operative_Employees_Commission_Statute_E.pdf,
phone,pass,Published phone: 0000000147 ,https://mpclg.gov.lk/web/images/divisions/Legal/Co-operative_Employees_Commission_Statute_E.pdf,
phone,pass,Published phone: 0000000533 ,https://mpclg.gov.lk/web/images/divisions/Legal/Co-operative_Employees_Commission_Statute_E.pdf,
phone,pass,Published phone: 0 0 0 0 0 507 50,https://mpclg.gov.lk/web/images/divisions/Legal/Co-operative_Employees_Commission_Statute_E.pdf,
phone,pass,Published phone: 0 0 0 0 0 0 0 0 0 0 ,https://mpclg.gov.lk/web/images/divisions/Legal/Co-operative_Employees_Commission_Statute_E.pdf,
phone,pass,Published phone: 0000000245 ,https://mpclg.gov.lk/web/images/divisions/Legal/Co-operative_Employees_Commission_Statute_E.pdf,
phone,pass,Published phone: 0000000368 ,https://mpclg.gov.lk/web/images/divisions/Legal/Co-operative_Employees_Commission_Statute_E.pdf,
phone,pass,Published phone: 0000000225 ,https://mpclg.gov.lk/web/images/divisions/Legal/Co-operative_Employees_Commission_Statute_E.pdf,
phone,pass,Published phone: 0000000308 ,https://mpclg.gov.lk/web/images/divisions/Legal/Co-operative_Employees_Commission_Statute_E.pdf,
phone,pass,Published phone: 0000000422 ,https://mpclg.gov.lk/web/images/divisions/Legal/Co-operative_Employees_Commission_Statute_E.pdf,
phone,pass,Published phone: 0000000178 ,https://mpclg.gov.lk/web/images/divisions/Legal/Co-operative_Employees_Commission_Statute_E.pdf,
phone,pass,Published phone: 0000000558 ,https://mpclg.gov.lk/web/images/divisions/Legal/Co-operative_Employees_Commission_Statute_E.pdf,
phone,pass,Published phone: 0000000603 ,https://mpclg.gov.lk/web/images/divisions/Legal/Co-operative_Employees_Commission_Statute_E.pdf,
phone,pass,Published phone: 0000000642 ,https://mpclg.gov.lk/web/images/divisions/Legal/Co-operative_Employees_Commission_Statute_E.pdf,
phone,pass,Published phone: 0000000595 ,https://mpclg.gov.lk/web/images/divisions/Legal/Co-operative_Employees_Commission_Statute_E.pdf,
phone,pass,Published phone: 0000000715 ,https://mpclg.gov.lk/web/images/divisions/Legal/Co-operative_Employees_Commission_Statute_E.pdf,
phone,pass,Published phone: 0000000676 ,https://mpclg.gov.lk/web/images/divisions/Legal/Co-operative_Employees_Commission_Statute_E.pdf,
phone,pass,Published phone: 0000000545 ,https://mpclg.gov.lk/web/images/divisions/Legal/Co-operative_Employees_Commission_Statute_E.pdf,
phone,pass,Published phone: 0000000151 ,https://mpclg.gov.lk/web/images/divisions/Legal/Co-operative_Employees_Commission_Statute_E.pdf,
phone,pass,Published phone: 0000345693 ,https://mpclg.gov.lk/web/images/divisions/Legal/Co-operative_Employees_Commission_Statute_E.pdf,
phone,pass,Published phone: 0000000522 ,https://mpclg.gov.lk/web/images/divisions/Legal/Co-operative_Employees_Commission_Statute_E.pdf,
phone,pass,Published phone: 0000000360 ,https://mpclg.gov.lk/web/images/divisions/Legal/Co-operative_Employees_Commission_Statute_E.pdf,
phone,pass,Published phone: 0000000590 ,https://mpclg.gov.lk/web/images/divisions/Legal/Co-operative_Employees_Commission_Statute_E.pdf,
phone,pass,Published phone: 0000000404 ,https://mpclg.gov.lk/web/images/divisions/Legal/Co-operative_Employees_Commission_Statute_E.pdf,
phone,pass,Published phone: 0000000275 ,https://mpclg.gov.lk/web/images/divisions/Legal/Co-operative_Employees_Commission_Statute_E.pdf,
phone,pass,Published phone: 0000000628 ,https://mpclg.gov.lk/web/images/divisions/Legal/Co-operative_Employees_Commission_Statute_E.pdf,
phone,pass,Published phone: 0000000697 ,https://mpclg.gov.lk/web/images/divisions/Legal/Co-operative_Employees_Commission_Statute_E.pdf,
phone,pass,Published phone: 0000000271 ,https://mpclg.gov.lk/web/images/divisions/Legal/Co-operative_Employees_Commission_Statute_E.pdf,
phone,pass,Published phone: 0000007793 ,https://mpclg.gov.lk/web/images/divisions/Legal/Co-operative_Employees_Commission_Statute_E.pdf,
phone,pass,Published phone: 0000000468 ,https://mpclg.gov.lk/web/images/divisions/Legal/Co-operative_Employees_Commission_Statute_E.pdf,
phone,pass,Published phone: 0000000407 ,https://mpclg.gov.lk/web/images/divisions/Legal/Co-operative_Employees_Commission_Statute_E.pdf,
phone,pass,Published phone: 0000000272 ,https://mpclg.gov.lk/web/images/divisions/Legal/Co-operative_Employees_Commission_Statute_E.pdf,
phone,pass,Published phone: 0000000724 ,https://mpclg.gov.lk/web/images/divisions/Legal/Co-operative_Employees_Commission_Statute_E.pdf,
phone,pass,Published phone: 0000000062 ,https://mpclg.gov.lk/web/images/divisions/Legal/Co-operative_Employees_Commission_Statute_E.pdf,
phone,pass,Published phone: 00 250 250 0 0 ,https://mpclg.gov.lk/web/images/divisions/Legal/Co-operative_Employees_Commission_Statute_E.pdf,
phone,pass,Published phone: 0000049006 ,https://mpclg.gov.lk/web/images/divisions/Legal/Co-operative_Employees_Commission_Statute_E.pdf,
phone,pass,Published phone: 0000000330 ,https://mpclg.gov.lk/web/images/divisions/Legal/Co-operative_Employees_Commission_Statute_E.pdf,
phone,pass,Published phone: 0000000726 ,https://mpclg.gov.lk/web/images/divisions/Legal/Co-operative_Employees_Commission_Statute_E.pdf,
phone,pass,Published phone: 0000345045 ,https://mpclg.gov.lk/web/images/divisions/Legal/Co-operative_Employees_Commission_Statute_E.pdf,
phone,pass,Published phone: 0000006960 ,https://mpclg.gov.lk/web/images/divisions/Legal/Co-operative_Employees_Commission_Statute_E.pdf,
phone,pass,Published phone: 0000000451 ,https://mpclg.gov.lk/web/images/divisions/Legal/Co-operative_Employees_Commission_Statute_E.pdf,
phone,pass,Published phone: 0000000593 ,https://mpclg.gov.lk/web/images/divisions/Legal/Co-operative_Employees_Commission_Statute_E.pdf,
phone,pass,Published phone: 0000000563 ,https://mpclg.gov.lk/web/images/divisions/Legal/Co-operative_Employees_Commission_Statute_E.pdf,
phone,pass,Published phone: 0000000075 ,https://mpclg.gov.lk/web/images/divisions/Legal/Co-operative_Employees_Commission_Statute_E.pdf,
phone,pass,Published phone: 0000000068 ,https://mpclg.gov.lk/web/images/divisions/Legal/Co-operative_Employees_Commission_Statute_E.pdf,
phone,pass,Published phone: 0000000249 ,https://mpclg.gov.lk/web/images/divisions/Legal/Co-operative_Employees_Commission_Statute_E.pdf,
phone,pass,Published phone: 0000000509 ,https://mpclg.gov.lk/web/images/divisions/Legal/Co-operative_Employees_Commission_Statute_E.pdf,
phone,pass,Published phone: 0000000138 ,https://mpclg.gov.lk/web/images/divisions/Legal/Co-operative_Employees_Commission_Statute_E.pdf,
phone,pass,Published phone: 0000000376 ,https://mpclg.gov.lk/web/images/divisions/Legal/Co-operative_Employees_Commission_Statute_E.pdf,
phone,pass,Published phone: 0000000415 ,https://mpclg.gov.lk/web/images/divisions/Legal/Co-operative_Employees_Commission_Statute_E.pdf,
phone,pass,Published phone: 0000007618 ,https://mpclg.gov.lk/web/images/divisions/Legal/Co-operative_Employees_Commission_Statute_E.pdf,
phone,pass,Published phone: 0000000409 ,https://mpclg.gov.lk/web/images/divisions/Legal/Co-operative_Employees_Commission_Statute_E.pdf,
phone,pass,Published phone: 0000000618 ,https://mpclg.gov.lk/web/images/divisions/Legal/Co-operative_Employees_Commission_Statute_E.pdf,
phone,pass,Published phone: 0000000201 ,https://mpclg.gov.lk/web/images/divisions/Legal/Co-operative_Employees_Commission_Statute_E.pdf,
phone,pass,Published phone: 0000000332 ,https://mpclg.gov.lk/web/images/divisions/Legal/Co-operative_Employees_Commission_Statute_E.pdf,
phone,pass,Published phone: 0000000354 ,https://mpclg.gov.lk/web/images/divisions/Legal/Co-operative_Employees_Commission_Statute_E.pdf,
phone,pass,Published phone: 0000000169 ,https://mpclg.gov.lk/web/images/divisions/Legal/Co-operative_Employees_Commission_Statute_E.pdf,
phone,pass,Published phone: 0000000536 ,https://mpclg.gov.lk/web/images/divisions/Legal/Co-operative_Employees_Commission_Statute_E.pdf,
phone,pass,Published phone: 0000000137 ,https://mpclg.gov.lk/web/images/divisions/Legal/Co-operative_Employees_Commission_Statute_E.pdf,
phone,pass,Published phone: 0000000273 ,https://mpclg.gov.lk/web/images/divisions/Legal/Co-operative_Employees_Commission_Statute_E.pdf,
phone,pass,Published phone: 0000000481 ,https://mpclg.gov.lk/web/images/divisions/Legal/Co-operative_Employees_Commission_Statute_E.pdf,
phone,pass,Published phone: 0000000588 ,https://mpclg.gov.lk/web/images/divisions/Legal/Co-operative_Employees_Commission_Statute_E.pdf,
phone,pass,Published phone: 0000000679 ,https://mpclg.gov.lk/web/images/divisions/Legal/Co-operative_Employees_Commission_Statute_E.pdf,
phone,pass,Published phone: 0000000228 ,https://mpclg.gov.lk/web/images/divisions/Legal/Co-operative_Employees_Commission_Statute_E.pdf,
phone,pass,Published phone: 0000000707 ,https://mpclg.gov.lk/web/images/divisions/Legal/Co-operative_Employees_Commission_Statute_E.pdf,
phone,pass,Published phone: 0000064561 ,https://mpclg.gov.lk/web/images/divisions/Legal/Co-operative_Employees_Commission_Statute_E.pdf,
phone,pass,Published phone: 0000000717 ,https://mpclg.gov.lk/web/images/divisions/Legal/Co-operative_Employees_Commission_Statute_E.pdf,
phone,pass,Published phone: 0000000328 ,https://mpclg.gov.lk/web/images/divisions/Legal/Co-operative_Employees_Commission_Statute_E.pdf,
phone,pass,Published phone: 0000000516 ,https://mpclg.gov.lk/web/images/divisions/Legal/Co-operative_Employees_Commission_Statute_E.pdf,
phone,pass,Published phone: 0000000464 ,https://mpclg.gov.lk/web/images/divisions/Legal/Co-operative_Employees_Commission_Statute_E.pdf,
phone,pass,Published phone: 0000000737 ,https://mpclg.gov.lk/web/images/divisions/Legal/Co-operative_Employees_Commission_Statute_E.pdf,
phone,pass,Published phone: 0000000570 ,https://mpclg.gov.lk/web/images/divisions/Legal/Co-operative_Employees_Commission_Statute_E.pdf,
phone,pass,Published phone: 0000000260 ,https://mpclg.gov.lk/web/images/divisions/Legal/Co-operative_Employees_Commission_Statute_E.pdf,
phone,pass,Published phone: 0000000314 ,https://mpclg.gov.lk/web/images/divisions/Legal/Co-operative_Employees_Commission_Statute_E.pdf,
phone,pass,Published phone: 0000000285 ,https://mpclg.gov.lk/web/images/divisions/Legal/Co-operative_Employees_Commission_Statute_E.pdf,
phone,pass,Published phone: 0000000108 ,https://mpclg.gov.lk/web/images/divisions/Legal/Co-operative_Employees_Commission_Statute_E.pdf,
phone,pass,Published phone: 0000000597 ,https://mpclg.gov.lk/web/images/divisions/Legal/Co-operative_Employees_Commission_Statute_E.pdf,
phone,pass,Published phone: 0000000643 ,https://mpclg.gov.lk/web/images/divisions/Legal/Co-operative_Employees_Commission_Statute_E.pdf,
phone,pass,Published phone: 0000000389 ,https://mpclg.gov.lk/web/images/divisions/Legal/Co-operative_Employees_Commission_Statute_E.pdf,
phone,pass,Published phone: 0000000660 ,https://mpclg.gov.lk/web/images/divisions/Legal/Co-operative_Employees_Commission_Statute_E.pdf,
phone,pass,Published phone: 0000000743 ,https://mpclg.gov.lk/web/images/divisions/Legal/Co-operative_Employees_Commission_Statute_E.pdf,
phone,pass,Published phone: 0000000487 ,https://mpclg.gov.lk/web/images/divisions/Legal/Co-operative_Employees_Commission_Statute_E.pdf,
phone,pass,Published phone: 0000000418 ,https://mpclg.gov.lk/web/images/divisions/Legal/Co-operative_Employees_Commission_Statute_E.pdf,
phone,pass,Published phone: 0000035836 ,https://mpclg.gov.lk/web/images/divisions/Legal/Co-operative_Employees_Commission_Statute_E.pdf,
phone,pass,Published phone: 0000000753 ,https://mpclg.gov.lk/web/images/divisions/Legal/Co-operative_Employees_Commission_Statute_E.pdf,
phone,pass,Published phone: 0000000239 ,https://mpclg.gov.lk/web/images/divisions/Legal/Co-operative_Employees_Commission_Statute_E.pdf,
phone,pass,Published phone: 0000000568 ,https://mpclg.gov.lk/web/images/divisions/Legal/Co-operative_Employees_Commission_Statute_E.pdf,
phone,pass,Published phone: 0000000337 ,https://mpclg.gov.lk/web/images/divisions/Legal/Co-operative_Employees_Commission_Statute_E.pdf,
phone,pass,Published phone: 0000000436 ,https://mpclg.gov.lk/web/images/divisions/Legal/Co-operative_Employees_Commission_Statute_E.pdf,
phone,pass,Published phone: 0000000485 ,https://mpclg.gov.lk/web/images/divisions/Legal/Co-operative_Employees_Commission_Statute_E.pdf,
phone,pass,Published phone: 0000000517 ,https://mpclg.gov.lk/web/images/divisions/Legal/Co-operative_Employees_Commission_Statute_E.pdf,
phone,pass,Published phone: 0 714 611 667 ,https://mpclg.gov.lk/web/images/divisions/Legal/Co-operative_Employees_Commission_Statute_E.pdf,
phone,pass,Published phone: 0000000296 ,https://mpclg.gov.lk/web/images/divisions/Legal/Co-operative_Employees_Commission_Statute_E.pdf,
phone,pass,Published phone: 0000000600 ,https://mpclg.gov.lk/web/images/divisions/Legal/Co-operative_Employees_Commission_Statute_E.pdf,
phone,pass,Published phone: 0000000506 ,https://mpclg.gov.lk/web/images/divisions/Legal/Co-operative_Employees_Commission_Statute_E.pdf,
phone,pass,Published phone: 0000000528 ,https://mpclg.gov.lk/web/images/divisions/Legal/Co-operative_Employees_Commission_Statute_E.pdf,
phone,pass,Published phone: 0000012112 ,https://mpclg.gov.lk/web/images/divisions/Legal/Co-operative_Employees_Commission_Statute_E.pdf,
phone,pass,Published phone: 0000000377 ,https://mpclg.gov.lk/web/images/divisions/Legal/Co-operative_Employees_Commission_Statute_E.pdf,
phone,pass,Published phone: 0000000334 ,https://mpclg.gov.lk/web/images/divisions/Legal/Co-operative_Employees_Commission_Statute_E.pdf,
phone,pass,Published phone: 0000000063 ,https://mpclg.gov.lk/web/images/divisions/Legal/Co-operative_Employees_Commission_Statute_E.pdf,
phone,pass,Published phone: 0000000524 ,https://mpclg.gov.lk/web/images/divisions/Legal/Co-operative_Employees_Commission_Statute_E.pdf,
phone,pass,Published phone: 00 389 278 0 5,https://mpclg.gov.lk/web/images/divisions/Legal/Co-operative_Employees_Commission_Statute_E.pdf,
phone,pass,Published phone: 0000000613 ,https://mpclg.gov.lk/web/images/divisions/Legal/Co-operative_Employees_Commission_Statute_E.pdf,
phone,pass,Published phone: 0000000541 ,https://mpclg.gov.lk/web/images/divisions/Legal/Co-operative_Employees_Commission_Statute_E.pdf,
phone,pass,Published phone: 0000000162 ,https://mpclg.gov.lk/web/images/divisions/Legal/Co-operative_Employees_Commission_Statute_E.pdf,
phone,pass,Published phone: 0000000186 ,https://mpclg.gov.lk/web/images/divisions/Legal/Co-operative_Employees_Commission_Statute_E.pdf,
phone,pass,Published phone: 0000000515 ,https://mpclg.gov.lk/web/images/divisions/Legal/Co-operative_Employees_Commission_Statute_E.pdf,
phone,pass,Published phone: 0000000747 ,https://mpclg.gov.lk/web/images/divisions/Legal/Co-operative_Employees_Commission_Statute_E.pdf,
phone,pass,Published phone: 0000000085 ,https://mpclg.gov.lk/web/images/divisions/Legal/Co-operative_Employees_Commission_Statute_E.pdf,
phone,pass,Published phone: 0000000653 ,https://mpclg.gov.lk/web/images/divisions/Legal/Co-operative_Employees_Commission_Statute_E.pdf,
phone,pass,Published phone: 0000000087 ,https://mpclg.gov.lk/web/images/divisions/Legal/Co-operative_Employees_Commission_Statute_E.pdf,
phone,pass,Published phone: 0000000473 ,https://mpclg.gov.lk/web/images/divisions/Legal/Co-operative_Employees_Commission_Statute_E.pdf,
phone,pass,Published phone: 0000000210 ,https://mpclg.gov.lk/web/images/divisions/Legal/Co-operative_Employees_Commission_Statute_E.pdf,
phone,pass,Published phone: 0000000659 ,https://mpclg.gov.lk/web/images/divisions/Legal/Co-operative_Employees_Commission_Statute_E.pdf,
phone,pass,Published phone: 0000000067 ,https://mpclg.gov.lk/web/images/divisions/Legal/Co-operative_Employees_Commission_Statute_E.pdf,
phone,pass,Published phone: 0000000097 ,https://mpclg.gov.lk/web/images/divisions/Legal/Co-operative_Employees_Commission_Statute_E.pdf,
phone,pass,Published phone: 0000000193 ,https://mpclg.gov.lk/web/images/divisions/Legal/Co-operative_Employees_Commission_Statute_E.pdf,
phone,pass,Published phone: 0 463 389 389 ,https://mpclg.gov.lk/web/images/divisions/Legal/Co-operative_Employees_Commission_Statute_E.pdf,
phone,pass,Published phone: 0000000530 ,https://mpclg.gov.lk/web/images/divisions/Legal/Co-operative_Employees_Commission_Statute_E.pdf,
phone,pass,Published phone: 0000006230 ,https://mpclg.gov.lk/web/images/divisions/Legal/Co-operative_Employees_Commission_Statute_E.pdf,
phone,pass,Published phone: 0000000141 ,https://mpclg.gov.lk/web/images/divisions/Legal/Co-operative_Employees_Commission_Statute_E.pdf,
phone,pass,Published phone: 0000000396 ,https://mpclg.gov.lk/web/images/divisions/Legal/Co-operative_Employees_Commission_Statute_E.pdf,
phone,pass,Published phone: 0000000527 ,https://mpclg.gov.lk/web/images/divisions/Legal/Co-operative_Employees_Commission_Statute_E.pdf,
phone,pass,Published phone: 0000000538 ,https://mpclg.gov.lk/web/images/divisions/Legal/Co-operative_Employees_Commission_Statute_E.pdf,
phone,pass,Published phone: 0000000601 ,https://mpclg.gov.lk/web/images/divisions/Legal/Co-operative_Employees_Commission_Statute_E.pdf,
phone,pass,Published phone: 0000000232 ,https://mpclg.gov.lk/web/images/divisions/Legal/Co-operative_Employees_Commission_Statute_E.pdf,
phone,pass,Published phone: 0000000336 ,https://mpclg.gov.lk/web/images/divisions/Legal/Co-operative_Employees_Commission_Statute_E.pdf,
phone,pass,Published phone: 0000000124 ,https://mpclg.gov.lk/web/images/divisions/Legal/Co-operative_Employees_Commission_Statute_E.pdf,
phone,pass,Published phone: 0000000503 ,https://mpclg.gov.lk/web/images/divisions/Legal/Co-operative_Employees_Commission_Statute_E.pdf,
phone,pass,Published phone: 0000000470 ,https://mpclg.gov.lk/web/images/divisions/Legal/Co-operative_Employees_Commission_Statute_E.pdf,
phone,pass,Published phone: 0000000471 ,https://mpclg.gov.lk/web/images/divisions/Legal/Co-operative_Employees_Commission_Statute_E.pdf,
phone,pass,Published phone: 0000000460 ,https://mpclg.gov.lk/web/images/divisions/Legal/Co-operative_Employees_Commission_Statute_E.pdf,
phone,pass,Published phone: 0000000372 ,https://mpclg.gov.lk/web/images/divisions/Legal/Co-operative_Employees_Commission_Statute_E.pdf,
phone,pass,Published phone: 0000000167 ,https://mpclg.gov.lk/web/images/divisions/Legal/Co-operative_Employees_Commission_Statute_E.pdf,
phone,pass,Published phone: 0000000727 ,https://mpclg.gov.lk/web/images/divisions/Legal/Co-operative_Employees_Commission_Statute_E.pdf,
phone,pass,Published phone: 0000000251 ,https://mpclg.gov.lk/web/images/divisions/Legal/Co-operative_Employees_Commission_Statute_E.pdf,
phone,pass,Published phone: 0000000626 ,https://mpclg.gov.lk/web/images/divisions/Legal/Co-operative_Employees_Commission_Statute_E.pdf,
phone,pass,Published phone: 0000000145 ,https://mpclg.gov.lk/web/images/divisions/Legal/Co-operative_Employees_Commission_Statute_E.pdf,
phone,pass,Published phone: 0000000128 ,https://mpclg.gov.lk/web/images/divisions/Legal/Co-operative_Employees_Commission_Statute_E.pdf,
phone,pass,Published phone: 0000000202 ,https://mpclg.gov.lk/web/images/divisions/Legal/Co-operative_Employees_Commission_Statute_E.pdf,
phone,pass,Published phone: 0000000267 ,https://mpclg.gov.lk/web/images/divisions/Legal/Co-operative_Employees_Commission_Statute_E.pdf,
phone,pass,Published phone: 0000000494 ,https://mpclg.gov.lk/web/images/divisions/Legal/Co-operative_Employees_Commission_Statute_E.pdf,
phone,pass,Published phone: 0000000143 ,https://mpclg.gov.lk/web/images/divisions/Legal/Co-operative_Employees_Commission_Statute_E.pdf,
phone,pass,Published phone: 0000000479 ,https://mpclg.gov.lk/web/images/divisions/Legal/Co-operative_Employees_Commission_Statute_E.pdf,
phone,pass,Published phone: 0000000591 ,https://mpclg.gov.lk/web/images/divisions/Legal/Co-operative_Employees_Commission_Statute_E.pdf,
phone,pass,Published phone: 0000000531 ,https://mpclg.gov.lk/web/images/divisions/Legal/Co-operative_Employees_Commission_Statute_E.pdf,
phone,pass,Published phone: 0000000152 ,https://mpclg.gov.lk/web/images/divisions/Legal/Co-operative_Employees_Commission_Statute_E.pdf,
phone,pass,Published phone: 0000000382 ,https://mpclg.gov.lk/web/images/divisions/Legal/Co-operative_Employees_Commission_Statute_E.pdf,
phone,pass,Published phone: 0000000311 ,https://mpclg.gov.lk/web/images/divisions/Legal/Co-operative_Employees_Commission_Statute_E.pdf,
phone,pass,Published phone: 0000000224 ,https://mpclg.gov.lk/web/images/divisions/Legal/Co-operative_Employees_Commission_Statute_E.pdf,
phone,pass,Published phone: 0000005822 ,https://mpclg.gov.lk/web/images/divisions/Legal/Co-operative_Employees_Commission_Statute_E.pdf,
phone,pass,Published phone: 0000000526 ,https://mpclg.gov.lk/web/images/divisions/Legal/Co-operative_Employees_Commission_Statute_E.pdf,
phone,pass,Published phone: 0000000098 ,https://mpclg.gov.lk/web/images/divisions/Legal/Co-operative_Employees_Commission_Statute_E.pdf,
phone,pass,Published phone: 0000015713 ,https://mpclg.gov.lk/web/images/divisions/Legal/Co-operative_Employees_Commission_Statute_E.pdf,
phone,pass,Published phone: 0000036106 ,https://mpclg.gov.lk/web/images/divisions/Legal/Co-operative_Employees_Commission_Statute_E.pdf,
phone,pass,Published phone: 0 333 0 333 0 0 ,https://mpclg.gov.lk/web/images/divisions/Legal/Co-operative_Employees_Commission_Statute_E.pdf,
phone,pass,Published phone: 0000023980 ,https://mpclg.gov.lk/web/images/divisions/Legal/Co-operative_Employees_Commission_Statute_E.pdf,
phone,pass,Published phone: 0000000564 ,https://mpclg.gov.lk/web/images/divisions/Legal/Co-operative_Employees_Commission_Statute_E.pdf,
phone,pass,Published phone: 0000000073 ,https://mpclg.gov.lk/web/images/divisions/Legal/Co-operative_Employees_Commission_Statute_E.pdf,
phone,pass,Published phone: 0000000157 ,https://mpclg.gov.lk/web/images/divisions/Legal/Co-operative_Employees_Commission_Statute_E.pdf,
phone,pass,Published phone: 0000000725 ,https://mpclg.gov.lk/web/images/divisions/Legal/Co-operative_Employees_Commission_Statute_E.pdf,
phone,pass,Published phone: 0000007222 ,https://mpclg.gov.lk/web/images/divisions/Legal/Co-operative_Employees_Commission_Statute_E.pdf,
phone,pass,Published phone: 0000000703 ,https://mpclg.gov.lk/web/images/divisions/Legal/Co-operative_Employees_Commission_Statute_E.pdf,
phone,pass,Published phone: 0000000253 ,https://mpclg.gov.lk/web/images/divisions/Legal/Co-operative_Employees_Commission_Statute_E.pdf,
phone,pass,Published phone: 0 250 250 250 ,https://mpclg.gov.lk/web/images/divisions/Legal/Co-operative_Employees_Commission_Statute_E.pdf,
phone,pass,Published phone: 0000000371 ,https://mpclg.gov.lk/web/images/divisions/Legal/Co-operative_Employees_Commission_Statute_E.pdf,
phone,pass,Published phone: 0000000387 ,https://mpclg.gov.lk/web/images/divisions/Legal/Co-operative_Employees_Commission_Statute_E.pdf,
phone,pass,Published phone: 0000000095 ,https://mpclg.gov.lk/web/images/divisions/Legal/Co-operative_Employees_Commission_Statute_E.pdf,
phone,pass,Published phone: 0000000553 ,https://mpclg.gov.lk/web/images/divisions/Legal/Co-operative_Employees_Commission_Statute_E.pdf,
phone,pass,Published phone: 0000000658 ,https://mpclg.gov.lk/web/images/divisions/Legal/Co-operative_Employees_Commission_Statute_E.pdf,
phone,pass,Published phone: 0000000748 ,https://mpclg.gov.lk/web/images/divisions/Legal/Co-operative_Employees_Commission_Statute_E.pdf,
phone,pass,Published phone: 0000000433 ,https://mpclg.gov.lk/web/images/divisions/Legal/Co-operative_Employees_Commission_Statute_E.pdf,
phone,pass,Published phone: 0000000571 ,https://mpclg.gov.lk/web/images/divisions/Legal/Co-operative_Employees_Commission_Statute_E.pdf,
phone,pass,Published phone: 0000000216 ,https://mpclg.gov.lk/web/images/divisions/Legal/Co-operative_Employees_Commission_Statute_E.pdf,
phone,pass,Published phone: 0000000231 ,https://mpclg.gov.lk/web/images/divisions/Legal/Co-operative_Employees_Commission_Statute_E.pdf,
phone,pass,Published phone: 0000000263 ,https://mpclg.gov.lk/web/images/divisions/Legal/Co-operative_Employees_Commission_Statute_E.pdf,
phone,pass,Published phone: 0000000184 ,https://mpclg.gov.lk/web/images/divisions/Legal/Co-operative_Employees_Commission_Statute_E.pdf,
phone,pass,Published phone: 0000000294 ,https://mpclg.gov.lk/web/images/divisions/Legal/Co-operative_Employees_Commission_Statute_E.pdf,
phone,pass,Published phone: 0000000307 ,https://mpclg.gov.lk/web/images/divisions/Legal/Co-operative_Employees_Commission_Statute_E.pdf,
phone,pass,Published phone: 0000230123 ,https://mpclg.gov.lk/web/images/divisions/Legal/Co-operative_Employees_Commission_Statute_E.pdf,
phone,pass,Published phone: 0000000633 ,https://mpclg.gov.lk/web/images/divisions/Legal/Co-operative_Employees_Commission_Statute_E.pdf,
phone,pass,Published phone: 0000000662 ,https://mpclg.gov.lk/web/images/divisions/Legal/Co-operative_Employees_Commission_Statute_E.pdf,
phone,pass,Published phone: 0000000739 ,https://mpclg.gov.lk/web/images/divisions/Legal/Co-operative_Employees_Commission_Statute_E.pdf,
phone,pass,Published phone: 0000000615 ,https://mpclg.gov.lk/web/images/divisions/Legal/Co-operative_Employees_Commission_Statute_E.pdf,
phone,pass,Published phone: 0000000574 ,https://mpclg.gov.lk/web/images/divisions/Legal/Co-operative_Employees_Commission_Statute_E.pdf,
phone,pass,Published phone: 0000000496 ,https://mpclg.gov.lk/web/images/divisions/Legal/Co-operative_Employees_Commission_Statute_E.pdf,
phone,pass,Published phone: 0000000122 ,https://mpclg.gov.lk/web/images/divisions/Legal/Co-operative_Employees_Commission_Statute_E.pdf,
phone,pass,Published phone: 0000000585 ,https://mpclg.gov.lk/web/images/divisions/Legal/Co-operative_Employees_Commission_Statute_E.pdf,
phone,pass,Published phone: 0000000059 ,https://mpclg.gov.lk/web/images/divisions/Legal/Co-operative_Employees_Commission_Statute_E.pdf,
phone,pass,Published phone: 0000000594 ,https://mpclg.gov.lk/web/images/divisions/Legal/Co-operative_Employees_Commission_Statute_E.pdf,
phone,pass,Published phone: 0000000164 ,https://mpclg.gov.lk/web/images/divisions/Legal/Co-operative_Employees_Commission_Statute_E.pdf,
phone,pass,Published phone: 0000000078 ,https://mpclg.gov.lk/web/images/divisions/Legal/Co-operative_Employees_Commission_Statute_E.pdf,
phone,pass,Published phone: 0000000672 ,https://mpclg.gov.lk/web/images/divisions/Legal/Co-operative_Employees_Commission_Statute_E.pdf,
phone,pass,Published phone: 0000394352 ,https://mpclg.gov.lk/web/images/divisions/Legal/Co-operative_Employees_Commission_Statute_E.pdf,
phone,pass,Published phone: 0000000592 ,https://mpclg.gov.lk/web/images/divisions/Legal/Co-operative_Employees_Commission_Statute_E.pdf,
phone,pass,Published phone: 0000000394 ,https://mpclg.gov.lk/web/images/divisions/Legal/Co-operative_Employees_Commission_Statute_E.pdf,
phone,pass,Published phone: 0000000581 ,https://mpclg.gov.lk/web/images/divisions/Legal/Co-operative_Employees_Commission_Statute_E.pdf,
phone,pass,Published phone: 0000000701 ,https://mpclg.gov.lk/web/images/divisions/Legal/Co-operative_Employees_Commission_Statute_E.pdf,
phone,pass,Published phone: 0 0 0 778 611 7,https://mpclg.gov.lk/web/images/divisions/Legal/Co-operative_Employees_Commission_Statute_E.pdf,
phone,pass,Published phone: 0000000240 ,https://mpclg.gov.lk/web/images/divisions/Legal/Co-operative_Employees_Commission_Statute_E.pdf,
phone,pass,Published phone: 0000000236 ,https://mpclg.gov.lk/web/images/divisions/Legal/Co-operative_Employees_Commission_Statute_E.pdf,
phone,pass,Published phone: 0000000723 ,https://mpclg.gov.lk/web/images/divisions/Legal/Co-operative_Employees_Commission_Statute_E.pdf,
phone,pass,Published phone: 0000000627 ,https://mpclg.gov.lk/web/images/divisions/Legal/Co-operative_Employees_Commission_Statute_E.pdf,
phone,pass,Published phone: 0000000611 ,https://mpclg.gov.lk/web/images/divisions/Legal/Co-operative_Employees_Commission_Statute_E.pdf,
phone,pass,Published phone: 0000000149 ,https://mpclg.gov.lk/web/images/divisions/Legal/Co-operative_Employees_Commission_Statute_E.pdf,
phone,pass,Published phone: 0000000735 ,https://mpclg.gov.lk/web/images/divisions/Legal/Co-operative_Employees_Commission_Statute_E.pdf,
phone,pass,Published phone: 0000000751 ,https://mpclg.gov.lk/web/images/divisions/Legal/Co-operative_Employees_Commission_Statute_E.pdf,
phone,pass,Published phone: 0 0 0 0 0 0 0 250 ,https://mpclg.gov.lk/web/images/divisions/Legal/Co-operative_Employees_Commission_Statute_E.pdf,
phone,pass,Published phone: 0000000504 ,https://mpclg.gov.lk/web/images/divisions/Legal/Co-operative_Employees_Commission_Statute_E.pdf,
phone,pass,Published phone: 0000000361 ,https://mpclg.gov.lk/web/images/divisions/Legal/Co-operative_Employees_Commission_Statute_E.pdf,
phone,pass,Published phone: 0000000266 ,https://mpclg.gov.lk/web/images/divisions/Legal/Co-operative_Employees_Commission_Statute_E.pdf,
phone,pass,Published phone: 0000000339 ,https://mpclg.gov.lk/web/images/divisions/Legal/Co-operative_Employees_Commission_Statute_E.pdf,
phone,pass,Published phone: 0000000366 ,https://mpclg.gov.lk/web/images/divisions/Legal/Co-operative_Employees_Commission_Statute_E.pdf,
phone,pass,Published phone: 0000000207 ,https://mpclg.gov.lk/web/images/divisions/Legal/Co-operative_Employees_Commission_Statute_E.pdf,
phone,pass,Published phone: 0000000416 ,https://mpclg.gov.lk/web/images/divisions/Legal/Co-operative_Employees_Commission_Statute_E.pdf,
phone,pass,Published phone: 0000007966 ,https://mpclg.gov.lk/web/images/divisions/Legal/Co-operative_Employees_Commission_Statute_E.pdf,
phone,pass,Published phone: 0000000089 ,https://mpclg.gov.lk/web/images/divisions/Legal/Co-operative_Employees_Commission_Statute_E.pdf,
phone,pass,Published phone: 0000000562 ,https://mpclg.gov.lk/web/images/divisions/Legal/Co-operative_Employees_Commission_Statute_E.pdf,
phone,pass,Published phone: 0000000300 ,https://mpclg.gov.lk/web/images/divisions/Legal/Co-operative_Employees_Commission_Statute_E.pdf,
phone,pass,Published phone: 0000000709 ,https://mpclg.gov.lk/web/images/divisions/Legal/Co-operative_Employees_Commission_Statute_E.pdf,
phone,pass,Published phone: 0000000721 ,https://mpclg.gov.lk/web/images/divisions/Legal/Co-operative_Employees_Commission_Statute_E.pdf,
phone,pass,Published phone: 0000000722 ,https://mpclg.gov.lk/web/images/divisions/Legal/Co-operative_Employees_Commission_Statute_E.pdf,
phone,pass,Published phone: 0000000233 ,https://mpclg.gov.lk/web/images/divisions/Legal/Co-operative_Employees_Commission_Statute_E.pdf,
phone,pass,Published phone: 0000074243 ,https://mpclg.gov.lk/web/images/divisions/Legal/Co-operative_Employees_Commission_Statute_E.pdf,
phone,pass,Published phone: 0 722 0 0 0 0 0 0 ,https://mpclg.gov.lk/web/images/divisions/Legal/Co-operative_Employees_Commission_Statute_E.pdf,
phone,pass,Published phone: 0000000200 ,https://mpclg.gov.lk/web/images/divisions/Legal/Co-operative_Employees_Commission_Statute_E.pdf,
phone,pass,Published phone: 0000000125 ,https://mpclg.gov.lk/web/images/divisions/Legal/Co-operative_Employees_Commission_Statute_E.pdf,
phone,pass,Published phone: 0000000677 ,https://mpclg.gov.lk/web/images/divisions/Legal/Co-operative_Employees_Commission_Statute_E.pdf,
phone,pass,Published phone: 0000000118 ,https://mpclg.gov.lk/web/images/divisions/Legal/Co-operative_Employees_Commission_Statute_E.pdf,
phone,pass,Published phone: 0000000405 ,https://mpclg.gov.lk/web/images/divisions/Legal/Co-operative_Employees_Commission_Statute_E.pdf,
phone,pass,Published phone: 0000000123 ,https://mpclg.gov.lk/web/images/divisions/Legal/Co-operative_Employees_Commission_Statute_E.pdf,
phone,pass,Published phone: 0000000690 ,https://mpclg.gov.lk/web/images/divisions/Legal/Co-operative_Employees_Commission_Statute_E.pdf,
phone,pass,Published phone: 0000000612 ,https://mpclg.gov.lk/web/images/divisions/Legal/Co-operative_Employees_Commission_Statute_E.pdf,
phone,pass,Published phone: 0000000500 ,https://mpclg.gov.lk/web/images/divisions/Legal/Co-operative_Employees_Commission_Statute_E.pdf,
phone,pass,Published phone: 0000000175 ,https://mpclg.gov.lk/web/images/divisions/Legal/Co-operative_Employees_Commission_Statute_E.pdf,
phone,pass,Published phone: 0000000689 ,https://mpclg.gov.lk/web/images/divisions/Legal/Co-operative_Employees_Commission_Statute_E.pdf,
phone,pass,Published phone: 0000000446 ,https://mpclg.gov.lk/web/images/divisions/Legal/Co-operative_Employees_Commission_Statute_E.pdf,
phone,pass,Published phone: 0000000663 ,https://mpclg.gov.lk/web/images/divisions/Legal/Co-operative_Employees_Commission_Statute_E.pdf,
phone,pass,Published phone: 0000000650 ,https://mpclg.gov.lk/web/images/divisions/Legal/Co-operative_Employees_Commission_Statute_E.pdf,
phone,pass,Published phone: 0000040487 ,https://mpclg.gov.lk/web/images/divisions/Legal/Co-operative_Employees_Commission_Statute_E.pdf,
phone,pass,Published phone: 0000000163 ,https://mpclg.gov.lk/web/images/divisions/Legal/Co-operative_Employees_Commission_Statute_E.pdf,
phone,pass,Published phone: 0000000102 ,https://mpclg.gov.lk/web/images/divisions/Legal/Co-operative_Employees_Commission_Statute_E.pdf,
phone,pass,Published phone: 0000000278 ,https://mpclg.gov.lk/web/images/divisions/Legal/Co-operative_Employees_Commission_Statute_E.pdf,
phone,pass,Published phone: 0000000335 ,https://mpclg.gov.lk/web/images/divisions/Legal/Co-operative_Employees_Commission_Statute_E.pdf,
phone,pass,Published phone: 0000000258 ,https://mpclg.gov.lk/web/images/divisions/Legal/Co-operative_Employees_Commission_Statute_E.pdf,
phone,pass,Published phone: 0000000667 ,https://mpclg.gov.lk/web/images/divisions/Legal/Co-operative_Employees_Commission_Statute_E.pdf,
phone,pass,Published phone: 0000000223 ,https://mpclg.gov.lk/web/images/divisions/Legal/Co-operative_Employees_Commission_Statute_E.pdf,
phone,pass,Published phone: 0000000315 ,https://mpclg.gov.lk/web/images/divisions/Legal/Co-operative_Employees_Commission_Statute_E.pdf,
phone,pass,Published phone: 0000000685 ,https://mpclg.gov.lk/web/images/divisions/Legal/Co-operative_Employees_Commission_Statute_E.pdf,
phone,pass,Published phone: 0000000445 ,https://mpclg.gov.lk/web/images/divisions/Legal/Co-operative_Employees_Commission_Statute_E.pdf,
phone,pass,Published phone: 0000000179 ,https://mpclg.gov.lk/web/images/divisions/Legal/Co-operative_Employees_Commission_Statute_E.pdf,
phone,pass,Published phone: 0000000556 ,https://mpclg.gov.lk/web/images/divisions/Legal/Co-operative_Employees_Commission_Statute_E.pdf,
phone,pass,Published phone: 0000000365 ,https://mpclg.gov.lk/web/images/divisions/Legal/Co-operative_Employees_Commission_Statute_E.pdf,
phone,pass,Published phone: 0000000486 ,https://mpclg.gov.lk/web/images/divisions/Legal/Co-operative_Employees_Commission_Statute_E.pdf,
phone,pass,Published phone: 0000000566 ,https://mpclg.gov.lk/web/images/divisions/Legal/Co-operative_Employees_Commission_Statute_E.pdf,
phone,pass,Published phone: 0000000552 ,https://mpclg.gov.lk/web/images/divisions/Legal/Co-operative_Employees_Commission_Statute_E.pdf,
phone,pass,Published phone: 0000000465 ,https://mpclg.gov.lk/web/images/divisions/Legal/Co-operative_Employees_Commission_Statute_E.pdf,
phone,pass,Published phone: 0000000572 ,https://mpclg.gov.lk/web/images/divisions/Legal/Co-operative_Employees_Commission_Statute_E.pdf,
phone,pass,Published phone: 0000000064 ,https://mpclg.gov.lk/web/images/divisions/Legal/Co-operative_Employees_Commission_Statute_E.pdf,
phone,pass,Published phone: 0000000455 ,https://mpclg.gov.lk/web/images/divisions/Legal/Co-operative_Employees_Commission_Statute_E.pdf,
phone,pass,Published phone: 0000027126 ,https://mpclg.gov.lk/web/images/divisions/Legal/Co-operative_Employees_Commission_Statute_E.pdf,
phone,pass,Published phone: 0000000447 ,https://mpclg.gov.lk/web/images/divisions/Legal/Co-operative_Employees_Commission_Statute_E.pdf,
phone,pass,Published phone: 0000000419 ,https://mpclg.gov.lk/web/images/divisions/Legal/Co-operative_Employees_Commission_Statute_E.pdf,
phone,pass,Published phone: 0000000718 ,https://mpclg.gov.lk/web/images/divisions/Legal/Co-operative_Employees_Commission_Statute_E.pdf,
phone,pass,Published phone: 0000000320 ,https://mpclg.gov.lk/web/images/divisions/Legal/Co-operative_Employees_Commission_Statute_E.pdf,
phone,pass,Published phone: 0000000197 ,https://mpclg.gov.lk/web/images/divisions/Legal/Co-operative_Employees_Commission_Statute_E.pdf,
phone,pass,Published phone: 0000000196 ,https://mpclg.gov.lk/web/images/divisions/Legal/Co-operative_Employees_Commission_Statute_E.pdf,
phone,pass,Published phone: 0000000265 ,https://mpclg.gov.lk/web/images/divisions/Legal/Co-operative_Employees_Commission_Statute_E.pdf,
phone,pass,Published phone: 0 722 1000 0 0 ,https://mpclg.gov.lk/web/images/divisions/Legal/Co-operative_Employees_Commission_Statute_E.pdf,
phone,pass,Published phone: 0000000449 ,https://mpclg.gov.lk/web/images/divisions/Legal/Co-operative_Employees_Commission_Statute_E.pdf,
phone,pass,Published phone: 0000006770 ,https://mpclg.gov.lk/web/images/divisions/Legal/Co-operative_Employees_Commission_Statute_E.pdf,
phone,pass,Published phone: 0000000187 ,https://mpclg.gov.lk/web/images/divisions/Legal/Co-operative_Employees_Commission_Statute_E.pdf,
phone,pass,Published phone: 0000000312 ,https://mpclg.gov.lk/web/images/divisions/Legal/Co-operative_Employees_Commission_Statute_E.pdf,
phone,pass,Published phone: 0000000142 ,https://mpclg.gov.lk/web/images/divisions/Legal/Co-operative_Employees_Commission_Statute_E.pdf,
phone,pass,Published phone: 0000032256 ,https://mpclg.gov.lk/web/images/divisions/Legal/Co-operative_Employees_Commission_Statute_E.pdf,
phone,pass,Published phone: 0000008563 ,https://mpclg.gov.lk/web/images/divisions/Legal/Co-operative_Employees_Commission_Statute_E.pdf,
phone,pass,Published phone: 0000000654 ,https://mpclg.gov.lk/web/images/divisions/Legal/Co-operative_Employees_Commission_Statute_E.pdf,
phone,pass,Published phone: 0000000348 ,https://mpclg.gov.lk/web/images/divisions/Legal/Co-operative_Employees_Commission_Statute_E.pdf,
phone,pass,Published phone: 0000000074 ,https://mpclg.gov.lk/web/images/divisions/Legal/Co-operative_Employees_Commission_Statute_E.pdf,
phone,pass,Published phone: 0000000131 ,https://mpclg.gov.lk/web/images/divisions/Legal/Co-operative_Employees_Commission_Statute_E.pdf,
phone,pass,Published phone: 0000000550 ,https://mpclg.gov.lk/web/images/divisions/Legal/Co-operative_Employees_Commission_Statute_E.pdf,
phone,pass,Published phone: 0000000246 ,https://mpclg.gov.lk/web/images/divisions/Legal/Co-operative_Employees_Commission_Statute_E.pdf,
phone,pass,Published phone: 0000000403 ,https://mpclg.gov.lk/web/images/divisions/Legal/Co-operative_Employees_Commission_Statute_E.pdf,
phone,pass,Published phone: 0000024250 ,https://mpclg.gov.lk/web/images/divisions/Legal/Co-operative_Employees_Commission_Statute_E.pdf,
phone,pass,Published phone: 0 770 606 100,https://mpclg.gov.lk/web/images/divisions/Legal/Co-operative_Employees_Commission_Statute_E.pdf,
phone,pass,Published phone: 0000000170 ,https://mpclg.gov.lk/web/images/divisions/Legal/Co-operative_Employees_Commission_Statute_E.pdf,
phone,pass,Published phone: 0000000559 ,https://mpclg.gov.lk/web/images/divisions/Legal/Co-operative_Employees_Commission_Statute_E.pdf,
phone,pass,Published phone: 0000000305 ,https://mpclg.gov.lk/web/images/divisions/Legal/Co-operative_Employees_Commission_Statute_E.pdf,
phone,pass,Published phone: 0000005384 ,https://mpclg.gov.lk/web/images/divisions/Legal/Co-operative_Employees_Commission_Statute_E.pdf,
phone,pass,Published phone: 0000000156 ,https://mpclg.gov.lk/web/images/divisions/Legal/Co-operative_Employees_Commission_Statute_E.pdf,
phone,pass,Published phone: 0000000121 ,https://mpclg.gov.lk/web/images/divisions/Legal/Co-operative_Employees_Commission_Statute_E.pdf,
phone,pass,Published phone: 0000000331 ,https://mpclg.gov.lk/web/images/divisions/Legal/Co-operative_Employees_Commission_Statute_E.pdf,
phone,pass,Published phone: 0000000096 ,https://mpclg.gov.lk/web/images/divisions/Legal/Co-operative_Employees_Commission_Statute_E.pdf,
phone,pass,Published phone: 0000000192 ,https://mpclg.gov.lk/web/images/divisions/Legal/Co-operative_Employees_Commission_Statute_E.pdf,
phone,pass,Published phone: 0000000355 ,https://mpclg.gov.lk/web/images/divisions/Legal/Co-operative_Employees_Commission_Statute_E.pdf,
phone,pass,Published phone: 0000000226 ,https://mpclg.gov.lk/web/images/divisions/Legal/Co-operative_Employees_Commission_Statute_E.pdf,
phone,pass,Published phone: 0000000148 ,https://mpclg.gov.lk/web/images/divisions/Legal/Co-operative_Employees_Commission_Statute_E.pdf,
phone,pass,Published phone: 0000000589 ,https://mpclg.gov.lk/web/images/divisions/Legal/Co-operative_Employees_Commission_Statute_E.pdf,
phone,pass,Published phone: 0000057614 ,https://mpclg.gov.lk/web/images/divisions/Legal/Co-operative_Employees_Commission_Statute_E.pdf,
phone,pass,Published phone: 0000000256 ,https://mpclg.gov.lk/web/images/divisions/Legal/Co-operative_Employees_Commission_Statute_E.pdf,
phone,pass,Published phone: 0000000424 ,https://mpclg.gov.lk/web/images/divisions/Legal/Co-operative_Employees_Commission_Statute_E.pdf,
phone,pass,Published phone: 0000000252 ,https://mpclg.gov.lk/web/images/divisions/Legal/Co-operative_Employees_Commission_Statute_E.pdf,
phone,pass,Published phone: 0000000576 ,https://mpclg.gov.lk/web/images/divisions/Legal/Co-operative_Employees_Commission_Statute_E.pdf,
phone,pass,Published phone: 0000000414 ,https://mpclg.gov.lk/web/images/divisions/Legal/Co-operative_Employees_Commission_Statute_E.pdf,
phone,pass,Published phone: 0000000357 ,https://mpclg.gov.lk/web/images/divisions/Legal/Co-operative_Employees_Commission_Statute_E.pdf,
phone,pass,Published phone: 0000000353 ,https://mpclg.gov.lk/web/images/divisions/Legal/Co-operative_Employees_Commission_Statute_E.pdf,
phone,pass,Published phone: 0000000362 ,https://mpclg.gov.lk/web/images/divisions/Legal/Co-operative_Employees_Commission_Statute_E.pdf,
phone,pass,Published phone: 0000000146 ,https://mpclg.gov.lk/web/images/divisions/Legal/Co-operative_Employees_Commission_Statute_E.pdf,
phone,pass,Published phone: 0000000304 ,https://mpclg.gov.lk/web/images/divisions/Legal/Co-operative_Employees_Commission_Statute_E.pdf,
phone,pass,Published phone: 0000000655 ,https://mpclg.gov.lk/web/images/divisions/Legal/Co-operative_Employees_Commission_Statute_E.pdf,
phone,pass,Published phone: 0000000421 ,https://mpclg.gov.lk/web/images/divisions/Legal/Co-operative_Employees_Commission_Statute_E.pdf,
phone,pass,Published phone: 0000004963 ,https://mpclg.gov.lk/web/images/divisions/Legal/Co-operative_Employees_Commission_Statute_E.pdf,
phone,pass,Published phone: 0000000440 ,https://mpclg.gov.lk/web/images/divisions/Legal/Co-operative_Employees_Commission_Statute_E.pdf,
phone,pass,Published phone: 0000000508 ,https://mpclg.gov.lk/web/images/divisions/Legal/Co-operative_Employees_Commission_Statute_E.pdf,
phone,pass,Published phone: 0000000519 ,https://mpclg.gov.lk/web/images/divisions/Legal/Co-operative_Employees_Commission_Statute_E.pdf,
phone,pass,Published phone: 00 278 0 0 278 ,https://mpclg.gov.lk/web/images/divisions/Legal/Co-operative_Employees_Commission_Statute_E.pdf,
phone,pass,Published phone: 0000000411 ,https://mpclg.gov.lk/web/images/divisions/Legal/Co-operative_Employees_Commission_Statute_E.pdf,
phone,pass,Published phone: 0000000488 ,https://mpclg.gov.lk/web/images/divisions/Legal/Co-operative_Employees_Commission_Statute_E.pdf,
phone,pass,Published phone: 0000000502 ,https://mpclg.gov.lk/web/images/divisions/Legal/Co-operative_Employees_Commission_Statute_E.pdf,
phone,pass,Published phone: 0000000082 ,https://mpclg.gov.lk/web/images/divisions/Legal/Co-operative_Employees_Commission_Statute_E.pdf,
phone,pass,Published phone: 0000000554 ,https://mpclg.gov.lk/web/images/divisions/Legal/Co-operative_Employees_Commission_Statute_E.pdf,
phone,pass,Published phone: 0000000114 ,https://mpclg.gov.lk/web/images/divisions/Legal/Co-operative_Employees_Commission_Statute_E.pdf,
phone,pass,Published phone: 0 772 000000,https://mpclg.gov.lk/web/images/divisions/Legal/Co-operative_Employees_Commission_Statute_E.pdf,
phone,pass,Published phone: 0000007763 ,https://mpclg.gov.lk/web/images/divisions/Legal/Co-operative_Employees_Commission_Statute_E.pdf,
phone,pass,Published phone: 0000000103 ,https://mpclg.gov.lk/web/images/divisions/Legal/Co-operative_Employees_Commission_Statute_E.pdf,
phone,pass,Published phone: 0000000120 ,https://mpclg.gov.lk/web/images/divisions/Legal/Co-operative_Employees_Commission_Statute_E.pdf,
phone,pass,Published phone: 0000000268 ,https://mpclg.gov.lk/web/images/divisions/Legal/Co-operative_Employees_Commission_Statute_E.pdf,
phone,pass,Published phone: 0000000490 ,https://mpclg.gov.lk/web/images/divisions/Legal/Co-operative_Employees_Commission_Statute_E.pdf,
phone,pass,Published phone: 0000000274 ,https://mpclg.gov.lk/web/images/divisions/Legal/Co-operative_Employees_Commission_Statute_E.pdf,
phone,pass,Published phone: 0000000534 ,https://mpclg.gov.lk/web/images/divisions/Legal/Co-operative_Employees_Commission_Statute_E.pdf,
phone,pass,Published phone: 0000000248 ,https://mpclg.gov.lk/web/images/divisions/Legal/Co-operative_Employees_Commission_Statute_E.pdf,
phone,pass,Published phone: 0000000649 ,https://mpclg.gov.lk/web/images/divisions/Legal/Co-operative_Employees_Commission_Statute_E.pdf,
phone,pass,Published phone: 0000000326 ,https://mpclg.gov.lk/web/images/divisions/Legal/Co-operative_Employees_Commission_Statute_E.pdf,
phone,pass,Published phone: 0000000159 ,https://mpclg.gov.lk/web/images/divisions/Legal/Co-operative_Employees_Commission_Statute_E.pdf,
phone,pass,Published phone: 0000000215 ,https://mpclg.gov.lk/web/images/divisions/Legal/Co-operative_Employees_Commission_Statute_E.pdf,
phone,pass,Published phone: 0000000325 ,https://mpclg.gov.lk/web/images/divisions/Legal/Co-operative_Employees_Commission_Statute_E.pdf,
phone,pass,Published phone: 0000000441 ,https://mpclg.gov.lk/web/images/divisions/Legal/Co-operative_Employees_Commission_Statute_E.pdf,
phone,pass,Published phone: 0000006260 ,https://mpclg.gov.lk/web/images/divisions/Legal/Co-operative_Employees_Commission_Statute_E.pdf,
phone,pass,Published phone: 0000000070 ,https://mpclg.gov.lk/web/images/divisions/Legal/Co-operative_Employees_Commission_Statute_E.pdf,
phone,pass,Published phone: 0000000493 ,https://mpclg.gov.lk/web/images/divisions/Legal/Co-operative_Employees_Commission_Statute_E.pdf,
phone,pass,Published phone: 0000000384 ,https://mpclg.gov.lk/web/images/divisions/Legal/Co-operative_Employees_Commission_Statute_E.pdf,
phone,pass,Published phone: 0000000086 ,https://mpclg.gov.lk/web/images/divisions/Legal/Co-operative_Employees_Commission_Statute_E.pdf,
phone,pass,Published phone: 0000000363 ,https://mpclg.gov.lk/web/images/divisions/Legal/Co-operative_Employees_Commission_Statute_E.pdf,
phone,pass,Published phone: 0000000302 ,https://mpclg.gov.lk/web/images/divisions/Legal/Co-operative_Employees_Commission_Statute_E.pdf,
phone,pass,Published phone: 0000000338 ,https://mpclg.gov.lk/web/images/divisions/Legal/Co-operative_Employees_Commission_Statute_E.pdf,
phone,pass,Published phone: 0000000745 ,https://mpclg.gov.lk/web/images/divisions/Legal/Co-operative_Employees_Commission_Statute_E.pdf,
phone,pass,Published phone: 0000000437 ,https://mpclg.gov.lk/web/images/divisions/Legal/Co-operative_Employees_Commission_Statute_E.pdf,
phone,pass,Published phone: 0000000299 ,https://mpclg.gov.lk/web/images/divisions/Legal/Co-operative_Employees_Commission_Statute_E.pdf,
phone,pass,Published phone: 0 0 0 0 0 0 778 0 ,https://mpclg.gov.lk/web/images/divisions/Legal/Co-operative_Employees_Commission_Statute_E.pdf,
phone,pass,Published phone: 0000345382 ,https://mpclg.gov.lk/web/images/divisions/Legal/Co-operative_Employees_Commission_Statute_E.pdf,
phone,pass,Published phone: 0000000158 ,https://mpclg.gov.lk/web/images/divisions/Legal/Co-operative_Employees_Commission_Statute_E.pdf,
phone,pass,Published phone: 0000000607 ,https://mpclg.gov.lk/web/images/divisions/Legal/Co-operative_Employees_Commission_Statute_E.pdf,
phone,pass,Published phone: 0000000185 ,https://mpclg.gov.lk/web/images/divisions/Legal/Co-operative_Employees_Commission_Statute_E.pdf,
phone,pass,Published phone: 0000000324 ,https://mpclg.gov.lk/web/images/divisions/Legal/Co-operative_Employees_Commission_Statute_E.pdf,
phone,pass,Published phone: 0000000237 ,https://mpclg.gov.lk/web/images/divisions/Legal/Co-operative_Employees_Commission_Statute_E.pdf,
phone,pass,Published phone: 0000000535 ,https://mpclg.gov.lk/web/images/divisions/Legal/Co-operative_Employees_Commission_Statute_E.pdf,
phone,pass,Published phone: 0000000066 ,https://mpclg.gov.lk/web/images/divisions/Legal/Helath_Service.pdf,
phone,pass,Published phone: 0000000101 ,https://mpclg.gov.lk/web/images/divisions/Legal/Helath_Service.pdf,
phone,pass,Published phone: 0000006595 ,https://mpclg.gov.lk/web/images/divisions/Legal/Helath_Service.pdf,
phone,pass,Published phone: 0000000183 ,https://mpclg.gov.lk/web/images/divisions/Legal/Helath_Service.pdf,
phone,pass,Published phone: 0000000398 ,https://mpclg.gov.lk/web/images/divisions/Legal/Helath_Service.pdf,
phone,pass,Published phone: 0000000491 ,https://mpclg.gov.lk/web/images/divisions/Legal/Helath_Service.pdf,
phone,pass,Published phone: 0000000293 ,https://mpclg.gov.lk/web/images/divisions/Legal/Helath_Service.pdf,
phone,pass,Published phone: 0000000378 ,https://mpclg.gov.lk/web/images/divisions/Legal/Helath_Service.pdf,
phone,pass,Published phone: 0000000434 ,https://mpclg.gov.lk/web/images/divisions/Legal/Helath_Service.pdf,
phone,pass,Published phone: 0000000291 ,https://mpclg.gov.lk/web/images/divisions/Legal/Helath_Service.pdf,
phone,pass,Published phone: 0000000180 ,https://mpclg.gov.lk/web/images/divisions/Legal/Helath_Service.pdf,
phone,pass,Published phone: 0000000071 ,https://mpclg.gov.lk/web/images/divisions/Legal/Helath_Service.pdf,
phone,pass,Published phone: 0000000088 ,https://mpclg.gov.lk/web/images/divisions/Legal/Helath_Service.pdf,
phone,pass,Published phone: 0000000126 ,https://mpclg.gov.lk/web/images/divisions/Legal/Helath_Service.pdf,
phone,pass,Published phone: 0000000017 ,https://mpclg.gov.lk/web/images/divisions/Legal/Helath_Service.pdf,
phone,pass,Published phone: 0000000428 ,https://mpclg.gov.lk/web/images/divisions/Legal/Helath_Service.pdf,
phone,pass,Published phone: 0000000463 ,https://mpclg.gov.lk/web/images/divisions/Legal/Helath_Service.pdf,
phone,pass,Published phone: 03 303 0 0 250 ,https://mpclg.gov.lk/web/images/divisions/Legal/Helath_Service.pdf,
phone,pass,Published phone: 0000000287 ,https://mpclg.gov.lk/web/images/divisions/Legal/Helath_Service.pdf,
phone,pass,Published phone: 0000000358 ,https://mpclg.gov.lk/web/images/divisions/Legal/Helath_Service.pdf,
phone,pass,Published phone: 0000000492 ,https://mpclg.gov.lk/web/images/divisions/Legal/Helath_Service.pdf,
phone,pass,Published phone: 0000000282 ,https://mpclg.gov.lk/web/images/divisions/Legal/Helath_Service.pdf,
phone,pass,Published phone: 0000000397 ,https://mpclg.gov.lk/web/images/divisions/Legal/Helath_Service.pdf,
phone,pass,Published phone: 0000000055 ,https://mpclg.gov.lk/web/images/divisions/Legal/Helath_Service.pdf,
phone,pass,Published phone: 0000000195 ,https://mpclg.gov.lk/web/images/divisions/Legal/Helath_Service.pdf,
phone,pass,Published phone: 0000000349 ,https://mpclg.gov.lk/web/images/divisions/Legal/Helath_Service.pdf,
phone,pass,Published phone: 0000000380 ,https://mpclg.gov.lk/web/images/divisions/Legal/Helath_Service.pdf,
phone,pass,Published phone: 0000000222 ,https://mpclg.gov.lk/web/images/divisions/Legal/Helath_Service.pdf,
phone,pass,Published phone: 0000000116 ,https://mpclg.gov.lk/web/images/divisions/Legal/Helath_Service.pdf,
phone,pass,Published phone: 0000000295 ,https://mpclg.gov.lk/web/images/divisions/Legal/Helath_Service.pdf,
phone,pass,Published phone: 0000000109 ,https://mpclg.gov.lk/web/images/divisions/Legal/Helath_Service.pdf,
phone,pass,Published phone: 0000000107 ,https://mpclg.gov.lk/web/images/divisions/Legal/Helath_Service.pdf,
phone,pass,Published phone: 0000000218 ,https://mpclg.gov.lk/web/images/divisions/Legal/Helath_Service.pdf,
phone,pass,Published phone: 0000000212 ,https://mpclg.gov.lk/web/images/divisions/Legal/Helath_Service.pdf,
phone,pass,Published phone: 0000000230 ,https://mpclg.gov.lk/web/images/divisions/Legal/Helath_Service.pdf,
phone,pass,Published phone: 0000000383 ,https://mpclg.gov.lk/web/images/divisions/Legal/Helath_Service.pdf,
phone,pass,Published phone: 0000000381 ,https://mpclg.gov.lk/web/images/divisions/Legal/Helath_Service.pdf,
phone,pass,Published phone: 0000000367 ,https://mpclg.gov.lk/web/images/divisions/Legal/Helath_Service.pdf,
phone,pass,Published phone: 0000000099 ,https://mpclg.gov.lk/web/images/divisions/Legal/Helath_Service.pdf,
phone,pass,Published phone: 0000000279 ,https://mpclg.gov.lk/web/images/divisions/Legal/Helath_Service.pdf,
phone,pass,Published phone: 0000026561 ,https://mpclg.gov.lk/web/images/divisions/Legal/Helath_Service.pdf,
phone,pass,Published phone: 0000000483 ,https://mpclg.gov.lk/web/images/divisions/Legal/Helath_Service.pdf,
phone,pass,Published phone: 0000056253 ,https://mpclg.gov.lk/web/images/divisions/Legal/Helath_Service.pdf,
phone,pass,Published phone: 0000005480 ,https://mpclg.gov.lk/web/images/divisions/Legal/Helath_Service.pdf,
phone,pass,Published phone: 0000000322 ,https://mpclg.gov.lk/web/images/divisions/Legal/Helath_Service.pdf,
phone,pass,Published phone: 0000000438 ,https://mpclg.gov.lk/web/images/divisions/Legal/Helath_Service.pdf,
phone,pass,Published phone: 0000000469 ,https://mpclg.gov.lk/web/images/divisions/Legal/Helath_Service.pdf,
phone,pass,Published phone: 0000000214 ,https://mpclg.gov.lk/web/images/divisions/Legal/Helath_Service.pdf,
phone,pass,Published phone: 0000000217 ,https://mpclg.gov.lk/web/images/divisions/Legal/Helath_Service.pdf,
phone,pass,Published phone: 0000000423 ,https://mpclg.gov.lk/web/images/divisions/Legal/Helath_Service.pdf,
phone,pass,Published phone: 0000000399 ,https://mpclg.gov.lk/web/images/divisions/Legal/Helath_Service.pdf,
phone,pass,Published phone: 0000000484 ,https://mpclg.gov.lk/web/images/divisions/Legal/Helath_Service.pdf,
phone,pass,Published phone: 0000000155 ,https://mpclg.gov.lk/web/images/divisions/Legal/Helath_Service.pdf,
phone,pass,Published phone: 0000000081 ,https://mpclg.gov.lk/web/images/divisions/Legal/Helath_Service.pdf,
phone,pass,Published phone: 0000056825 ,https://mpclg.gov.lk/web/images/divisions/Legal/Helath_Service.pdf,
phone,pass,Published phone: 0000000373 ,https://mpclg.gov.lk/web/images/divisions/Legal/Helath_Service.pdf,
phone,pass,Published phone: 0000000277 ,https://mpclg.gov.lk/web/images/divisions/Legal/Helath_Service.pdf,
phone,pass,Published phone: 0000000478 ,https://mpclg.gov.lk/web/images/divisions/Legal/Helath_Service.pdf,
phone,pass,Published phone: 0000000333 ,https://mpclg.gov.lk/web/images/divisions/Legal/Helath_Service.pdf,
phone,pass,Published phone: 0000000269 ,https://mpclg.gov.lk/web/images/divisions/Legal/Helath_Service.pdf,
phone,pass,Published phone: 0000000115 ,https://mpclg.gov.lk/web/images/divisions/Legal/Helath_Service.pdf,
phone,pass,Published phone: 0000000058 ,https://mpclg.gov.lk/web/images/divisions/Legal/Helath_Service.pdf,
phone,pass,Published phone: 0000011902 ,https://mpclg.gov.lk/web/images/divisions/Legal/Helath_Service.pdf,
phone,pass,Published phone: 0000000234 ,https://mpclg.gov.lk/web/images/divisions/Legal/Helath_Service.pdf,
phone,pass,Published phone: 0000000144 ,https://mpclg.gov.lk/web/images/divisions/Legal/Helath_Service.pdf,
phone,pass,Published phone: 0000000457 ,https://mpclg.gov.lk/web/images/divisions/Legal/Helath_Service.pdf,
phone,pass,Published phone: 0000005306 ,https://mpclg.gov.lk/web/images/divisions/Legal/Helath_Service.pdf,
phone,pass,Published phone: 0000000461 ,https://mpclg.gov.lk/web/images/divisions/Legal/Helath_Service.pdf,
phone,pass,Published phone: 0000000410 ,https://mpclg.gov.lk/web/images/divisions/Legal/Helath_Service.pdf,
phone,pass,Published phone: 0000000393 ,https://mpclg.gov.lk/web/images/divisions/Legal/Helath_Service.pdf,
phone,pass,Published phone: 0000000408 ,https://mpclg.gov.lk/web/images/divisions/Legal/Helath_Service.pdf,
phone,pass,Published phone: 0 0 246 813 53,https://mpclg.gov.lk/web/images/divisions/Legal/Helath_Service.pdf,
phone,pass,Published phone: 0000027230 ,https://mpclg.gov.lk/web/images/divisions/Legal/Helath_Service.pdf,
phone,pass,Published phone: 0000000255 ,https://mpclg.gov.lk/web/images/divisions/Legal/Helath_Service.pdf,
phone,pass,Published phone: 0000000050 ,https://mpclg.gov.lk/web/images/divisions/Legal/Helath_Service.pdf,
phone,pass,Published phone: 0000000458 ,https://mpclg.gov.lk/web/images/divisions/Legal/Helath_Service.pdf,
phone,pass,Published phone: 0000000264 ,https://mpclg.gov.lk/web/images/divisions/Legal/Helath_Service.pdf,
phone,pass,Published phone: 0000000165 ,https://mpclg.gov.lk/web/images/divisions/Legal/Helath_Service.pdf,
phone,pass,Published phone: 0000000171 ,https://mpclg.gov.lk/web/images/divisions/Legal/Helath_Service.pdf,
phone,pass,Published phone: 0000000466 ,https://mpclg.gov.lk/web/images/divisions/Legal/Helath_Service.pdf,
phone,pass,Published phone: 0000000435 ,https://mpclg.gov.lk/web/images/divisions/Legal/Helath_Service.pdf,
phone,pass,Published phone: 0000000329 ,https://mpclg.gov.lk/web/images/divisions/Legal/Helath_Service.pdf,
phone,pass,Published phone: 0000000130 ,https://mpclg.gov.lk/web/images/divisions/Legal/Helath_Service.pdf,
phone,pass,Published phone: 0000000140 ,https://mpclg.gov.lk/web/images/divisions/Legal/Helath_Service.pdf,
phone,pass,Published phone: 0000000094 ,https://mpclg.gov.lk/web/images/divisions/Legal/Helath_Service.pdf,
phone,pass,Published phone: 0000000047 ,https://mpclg.gov.lk/web/images/divisions/Legal/Helath_Service.pdf,
phone,pass,Published phone: 0000000401 ,https://mpclg.gov.lk/web/images/divisions/Legal/Helath_Service.pdf,
phone,pass,Published phone: 0000000309 ,https://mpclg.gov.lk/web/images/divisions/Legal/Helath_Service.pdf,
phone,pass,Published phone: 0000000000 ,https://mpclg.gov.lk/web/images/divisions/Legal/Helath_Service.pdf,
phone,pass,Published phone: 0000000208 ,https://mpclg.gov.lk/web/images/divisions/Legal/Helath_Service.pdf,
phone,pass,Published phone: 0000000406 ,https://mpclg.gov.lk/web/images/divisions/Legal/Helath_Service.pdf,
phone,pass,Published phone: 0000000345 ,https://mpclg.gov.lk/web/images/divisions/Legal/Helath_Service.pdf,
phone,pass,Published phone: 0000000261 ,https://mpclg.gov.lk/web/images/divisions/Legal/Helath_Service.pdf,
phone,pass,Published phone: 0000000182 ,https://mpclg.gov.lk/web/images/divisions/Legal/Helath_Service.pdf,
phone,pass,Published phone: 0000000306 ,https://mpclg.gov.lk/web/images/divisions/Legal/Helath_Service.pdf,
phone,pass,Published phone: 0000000430 ,https://mpclg.gov.lk/web/images/divisions/Legal/Helath_Service.pdf,
phone,pass,Published phone: 0000000297 ,https://mpclg.gov.lk/web/images/divisions/Legal/Helath_Service.pdf,
phone,pass,Published phone: 0000000499 ,https://mpclg.gov.lk/web/images/divisions/Legal/Helath_Service.pdf,
phone,pass,Published phone: 0000016363 ,https://mpclg.gov.lk/web/images/divisions/Legal/Helath_Service.pdf,
phone,pass,Published phone: 0000000364 ,https://mpclg.gov.lk/web/images/divisions/Legal/Helath_Service.pdf,
phone,pass,Published phone: 0000000127 ,https://mpclg.gov.lk/web/images/divisions/Legal/Helath_Service.pdf,
phone,pass,Published phone: 0000000247 ,https://mpclg.gov.lk/web/images/divisions/Legal/Helath_Service.pdf,
phone,pass,Published phone: 0000000048 ,https://mpclg.gov.lk/web/images/divisions/Legal/Helath_Service.pdf,
phone,pass,Published phone: 0000000286 ,https://mpclg.gov.lk/web/images/divisions/Legal/Helath_Service.pdf,
phone,pass,Published phone: 0 0 258 306 0 0 ,https://mpclg.gov.lk/web/images/divisions/Legal/Helath_Service.pdf,
phone,pass,Published phone: 0000000317 ,https://mpclg.gov.lk/web/images/divisions/Legal/Helath_Service.pdf,
phone,pass,Published phone: 0000000194 ,https://mpclg.gov.lk/web/images/divisions/Legal/Helath_Service.pdf,
phone,pass,Published phone: 0000000072 ,https://mpclg.gov.lk/web/images/divisions/Legal/Helath_Service.pdf,
phone,pass,Published phone: 0000000375 ,https://mpclg.gov.lk/web/images/divisions/Legal/Helath_Service.pdf,
phone,pass,Published phone: 0000000318 ,https://mpclg.gov.lk/web/images/divisions/Legal/Helath_Service.pdf,
phone,pass,Published phone: 0000000080 ,https://mpclg.gov.lk/web/images/divisions/Legal/Helath_Service.pdf,
phone,pass,Published phone: 0000000289 ,https://mpclg.gov.lk/web/images/divisions/Legal/Helath_Service.pdf,
phone,pass,Published phone: 0000000431 ,https://mpclg.gov.lk/web/images/divisions/Legal/Helath_Service.pdf,
phone,pass,Published phone: 0000000467 ,https://mpclg.gov.lk/web/images/divisions/Legal/Helath_Service.pdf,
phone,pass,Published phone: 0000000425 ,https://mpclg.gov.lk/web/images/divisions/Legal/Helath_Service.pdf,
phone,pass,Published phone: 0000000250 ,https://mpclg.gov.lk/web/images/divisions/Legal/Helath_Service.pdf,
phone,pass,Published phone: 0000000346 ,https://mpclg.gov.lk/web/images/divisions/Legal/Helath_Service.pdf,
phone,pass,Published phone: 0000000426 ,https://mpclg.gov.lk/web/images/divisions/Legal/Helath_Service.pdf,
phone,pass,Published phone: 0000000310 ,https://mpclg.gov.lk/web/images/divisions/Legal/Helath_Service.pdf,
phone,pass,Published phone: 0000000402 ,https://mpclg.gov.lk/web/images/divisions/Legal/Helath_Service.pdf,
phone,pass,Published phone: 0 0 514 0 0 0 47,https://mpclg.gov.lk/web/images/divisions/Legal/Helath_Service.pdf,
phone,pass,Published phone: 0000000205 ,https://mpclg.gov.lk/web/images/divisions/Legal/Helath_Service.pdf,
phone,pass,Published phone: 0000000429 ,https://mpclg.gov.lk/web/images/divisions/Legal/Helath_Service.pdf,
phone,pass,Published phone: 0000000472 ,https://mpclg.gov.lk/web/images/divisions/Legal/Helath_Service.pdf,
phone,pass,Published phone: 0000000512 ,https://mpclg.gov.lk/web/images/divisions/Legal/Helath_Service.pdf,
phone,pass,Published phone: 0000000352 ,https://mpclg.gov.lk/web/images/divisions/Legal/Helath_Service.pdf,
phone,pass,Published phone: 0000000065 ,https://mpclg.gov.lk/web/images/divisions/Legal/Helath_Service.pdf,
phone,pass,Published phone: 0000000199 ,https://mpclg.gov.lk/web/images/divisions/Legal/Helath_Service.pdf,
phone,pass,Published phone: 0000000154 ,https://mpclg.gov.lk/web/images/divisions/Legal/Helath_Service.pdf,
phone,pass,Published phone: 0000000281 ,https://mpclg.gov.lk/web/images/divisions/Legal/Helath_Service.pdf,
phone,pass,Published phone: 0000000135 ,https://mpclg.gov.lk/web/images/divisions/Legal/Helath_Service.pdf,
phone,pass,Published phone: 0000000400 ,https://mpclg.gov.lk/web/images/divisions/Legal/Helath_Service.pdf,
phone,pass,Published phone: 0000000391 ,https://mpclg.gov.lk/web/images/divisions/Legal/Helath_Service.pdf,
phone,pass,Published phone: 0000000342 ,https://mpclg.gov.lk/web/images/divisions/Legal/Helath_Service.pdf,
phone,pass,Published phone: 0000000043 ,https://mpclg.gov.lk/web/images/divisions/Legal/Helath_Service.pdf,
phone,pass,Published phone: 0000000417 ,https://mpclg.gov.lk/web/images/divisions/Legal/Helath_Service.pdf,
phone,pass,Published phone: 0000000443 ,https://mpclg.gov.lk/web/images/divisions/Legal/Helath_Service.pdf,
phone,pass,Published phone: 0000000290 ,https://mpclg.gov.lk/web/images/divisions/Legal/Helath_Service.pdf,
phone,pass,Published phone: 0000000136 ,https://mpclg.gov.lk/web/images/divisions/Legal/Helath_Service.pdf,
phone,pass,Published phone: 0000000257 ,https://mpclg.gov.lk/web/images/divisions/Legal/Helath_Service.pdf,
phone,pass,Published phone: 0000000482 ,https://mpclg.gov.lk/web/images/divisions/Legal/Helath_Service.pdf,
phone,pass,Published phone: 0000000450 ,https://mpclg.gov.lk/web/images/divisions/Legal/Helath_Service.pdf,
phone,pass,Published phone: 0000000076 ,https://mpclg.gov.lk/web/images/divisions/Legal/Helath_Service.pdf,
phone,pass,Published phone: 0000000427 ,https://mpclg.gov.lk/web/images/divisions/Legal/Helath_Service.pdf,
phone,pass,Published phone: 0000000241 ,https://mpclg.gov.lk/web/images/divisions/Legal/Helath_Service.pdf,
phone,pass,Published phone: 0000000061 ,https://mpclg.gov.lk/web/images/divisions/Legal/Helath_Service.pdf,
phone,pass,Published phone: 0000000395 ,https://mpclg.gov.lk/web/images/divisions/Legal/Helath_Service.pdf,
phone,pass,Published phone: 0 355 399 347 ,https://mpclg.gov.lk/web/images/divisions/Legal/Helath_Service.pdf,
phone,pass,Published phone: 0000000292 ,https://mpclg.gov.lk/web/images/divisions/Legal/Helath_Service.pdf,
phone,pass,Published phone: 0000000113 ,https://mpclg.gov.lk/web/images/divisions/Legal/Helath_Service.pdf,
phone,pass,Published phone: 0 0 420 855 64,https://mpclg.gov.lk/web/images/divisions/Legal/Helath_Service.pdf,
phone,pass,Published phone: 0000000321 ,https://mpclg.gov.lk/web/images/divisions/Legal/Helath_Service.pdf,
phone,pass,Published phone: 0000000284 ,https://mpclg.gov.lk/web/images/divisions/Legal/Helath_Service.pdf,
phone,pass,Published phone: 0000000386 ,https://mpclg.gov.lk/web/images/divisions/Legal/Helath_Service.pdf,
phone,pass,Published phone: 0000000452 ,https://mpclg.gov.lk/web/images/divisions/Legal/Helath_Service.pdf,
phone,pass,Published phone: 0 459 474 397,https://mpclg.gov.lk/web/images/divisions/Legal/Helath_Service.pdf,
phone,pass,Published phone: 0000000370 ,https://mpclg.gov.lk/web/images/divisions/Legal/Helath_Service.pdf,
phone,pass,Published phone: 0000000283 ,https://mpclg.gov.lk/web/images/divisions/Legal/Helath_Service.pdf,
phone,pass,Published phone: 0000000477 ,https://mpclg.gov.lk/web/images/divisions/Legal/Helath_Service.pdf,
phone,pass,Published phone: 0000000340 ,https://mpclg.gov.lk/web/images/divisions/Legal/Helath_Service.pdf,
phone,pass,Published phone: 0000000083 ,https://mpclg.gov.lk/web/images/divisions/Legal/Helath_Service.pdf,
phone,pass,Published phone: 0000000498 ,https://mpclg.gov.lk/web/images/divisions/Legal/Helath_Service.pdf,
phone,pass,Published phone: 0000000129 ,https://mpclg.gov.lk/web/images/divisions/Legal/Helath_Service.pdf,
phone,pass,Published phone: 0000000369 ,https://mpclg.gov.lk/web/images/divisions/Legal/Helath_Service.pdf,
phone,pass,Published phone: 0000000489 ,https://mpclg.gov.lk/web/images/divisions/Legal/Helath_Service.pdf,
phone,pass,Published phone: 0000000385 ,https://mpclg.gov.lk/web/images/divisions/Legal/Helath_Service.pdf,
phone,pass,Published phone: 0000000176 ,https://mpclg.gov.lk/web/images/divisions/Legal/Helath_Service.pdf,
phone,pass,Published phone: 0000000259 ,https://mpclg.gov.lk/web/images/divisions/Legal/Helath_Service.pdf,
phone,pass,Published phone: 0000000505 ,https://mpclg.gov.lk/web/images/divisions/Legal/Helath_Service.pdf,
phone,pass,Published phone: 0000000133 ,https://mpclg.gov.lk/web/images/divisions/Legal/Helath_Service.pdf,
phone,pass,Published phone: 0000006363 ,https://mpclg.gov.lk/web/images/divisions/Legal/Helath_Service.pdf,
phone,pass,Published phone: 0 563 473 495 ,https://mpclg.gov.lk/web/images/divisions/Legal/Helath_Service.pdf,
phone,pass,Published phone: 0000000262 ,https://mpclg.gov.lk/web/images/divisions/Legal/Helath_Service.pdf,
phone,pass,Published phone: 0000000319 ,https://mpclg.gov.lk/web/images/divisions/Legal/Helath_Service.pdf,
phone,pass,Published phone: 0000000040 ,https://mpclg.gov.lk/web/images/divisions/Legal/Helath_Service.pdf,
phone,pass,Published phone: 0000000229 ,https://mpclg.gov.lk/web/images/divisions/Legal/Helath_Service.pdf,
phone,pass,Published phone: 0000000347 ,https://mpclg.gov.lk/web/images/divisions/Legal/Helath_Service.pdf,
phone,pass,Published phone: 07 268 268 0 0 ,https://mpclg.gov.lk/web/images/divisions/Legal/Helath_Service.pdf,
phone,pass,Published phone: 0000000079 ,https://mpclg.gov.lk/web/images/divisions/Legal/Helath_Service.pdf,
phone,pass,Published phone: 0000016595 ,https://mpclg.gov.lk/web/images/divisions/Legal/Helath_Service.pdf,
phone,pass,Published phone: 0000000188 ,https://mpclg.gov.lk/web/images/divisions/Legal/Helath_Service.pdf,
phone,pass,Published phone: 0000000432 ,https://mpclg.gov.lk/web/images/divisions/Legal/Helath_Service.pdf,
phone,pass,Published phone: 03 316 474 53,https://mpclg.gov.lk/web/images/divisions/Legal/Helath_Service.pdf,
phone,pass,Published phone: 0000000090 ,https://mpclg.gov.lk/web/images/divisions/Legal/Helath_Service.pdf,
phone,pass,Published phone: 0000000413 ,https://mpclg.gov.lk/web/images/divisions/Legal/Helath_Service.pdf,
phone,pass,Published phone: 0000000327 ,https://mpclg.gov.lk/web/images/divisions/Legal/Helath_Service.pdf,
phone,pass,Published phone: 0000000106 ,https://mpclg.gov.lk/web/images/divisions/Legal/Helath_Service.pdf,
phone,pass,Published phone: 0000000134 ,https://mpclg.gov.lk/web/images/divisions/Legal/Helath_Service.pdf,
phone,pass,Published phone: 0000000173 ,https://mpclg.gov.lk/web/images/divisions/Legal/Helath_Service.pdf,
phone,pass,Published phone: 0000000313 ,https://mpclg.gov.lk/web/images/divisions/Legal/Helath_Service.pdf,
phone,pass,Published phone: 0000000206 ,https://mpclg.gov.lk/web/images/divisions/Legal/Helath_Service.pdf,
phone,pass,Published phone: 0000000444 ,https://mpclg.gov.lk/web/images/divisions/Legal/Helath_Service.pdf,
phone,pass,Published phone: 0000000303 ,https://mpclg.gov.lk/web/images/divisions/Legal/Helath_Service.pdf,
phone,pass,Published phone: 0000000359 ,https://mpclg.gov.lk/web/images/divisions/Legal/Helath_Service.pdf,
phone,pass,Published phone: 0000000238 ,https://mpclg.gov.lk/web/images/divisions/Legal/Helath_Service.pdf,
phone,pass,Published phone: 0000000091 ,https://mpclg.gov.lk/web/images/divisions/Legal/Helath_Service.pdf,
phone,pass,Published phone: 0000005887 ,https://mpclg.gov.lk/web/images/divisions/Legal/Helath_Service.pdf,
phone,pass,Published phone: 0000030785 ,https://mpclg.gov.lk/web/images/divisions/Legal/Helath_Service.pdf,
phone,pass,Published phone: 0000000056 ,https://mpclg.gov.lk/web/images/divisions/Legal/Helath_Service.pdf,
phone,pass,Published phone: 0000000057 ,https://mpclg.gov.lk/web/images/divisions/Legal/Helath_Service.pdf,
phone,pass,Published phone: 0000000204 ,https://mpclg.gov.lk/web/images/divisions/Legal/Helath_Service.pdf,
phone,pass,Published phone: 0000000474 ,https://mpclg.gov.lk/web/images/divisions/Legal/Helath_Service.pdf,
phone,pass,Published phone: 0000000092 ,https://mpclg.gov.lk/web/images/divisions/Legal/Helath_Service.pdf,
phone,pass,Published phone: 0000000254 ,https://mpclg.gov.lk/web/images/divisions/Legal/Helath_Service.pdf,
phone,pass,Published phone: 0000000462 ,https://mpclg.gov.lk/web/images/divisions/Legal/Helath_Service.pdf,
phone,pass,Published phone: 0000047935 ,https://mpclg.gov.lk/web/images/divisions/Legal/Helath_Service.pdf,
phone,pass,Published phone: 0000000276 ,https://mpclg.gov.lk/web/images/divisions/Legal/Helath_Service.pdf,
phone,pass,Published phone: 0000000203 ,https://mpclg.gov.lk/web/images/divisions/Legal/Helath_Service.pdf,
phone,pass,Published phone: 0000000132 ,https://mpclg.gov.lk/web/images/divisions/Legal/Helath_Service.pdf,
phone,pass,Published phone: 0000000480 ,https://mpclg.gov.lk/web/images/divisions/Legal/Helath_Service.pdf,
phone,pass,Published phone: 0000000453 ,https://mpclg.gov.lk/web/images/divisions/Legal/Helath_Service.pdf,
phone,pass,Published phone: 0000000150 ,https://mpclg.gov.lk/web/images/divisions/Legal/Helath_Service.pdf,
phone,pass,Published phone: 0000000511 ,https://mpclg.gov.lk/web/images/divisions/Legal/Helath_Service.pdf,
phone,pass,Published phone: 0000000301 ,https://mpclg.gov.lk/web/images/divisions/Legal/Helath_Service.pdf,
phone,pass,Published phone: 0000000174 ,https://mpclg.gov.lk/web/images/divisions/Legal/Helath_Service.pdf,
phone,pass,Published phone: 0000000211 ,https://mpclg.gov.lk/web/images/divisions/Legal/Helath_Service.pdf,
phone,pass,Published phone: 0000000439 ,https://mpclg.gov.lk/web/images/divisions/Legal/Helath_Service.pdf,
phone,pass,Published phone: 0000000454 ,https://mpclg.gov.lk/web/images/divisions/Legal/Helath_Service.pdf,
phone,pass,Published phone: 0000000190 ,https://mpclg.gov.lk/web/images/divisions/Legal/Helath_Service.pdf,
phone,pass,Published phone: 0000000060 ,https://mpclg.gov.lk/web/images/divisions/Legal/Helath_Service.pdf,
phone,pass,Published phone: 0000000412 ,https://mpclg.gov.lk/web/images/divisions/Legal/Helath_Service.pdf,
phone,pass,Published phone: 0000000093 ,https://mpclg.gov.lk/web/images/divisions/Legal/Helath_Service.pdf,
phone,pass,Published phone: 0000000117 ,https://mpclg.gov.lk/web/images/divisions/Legal/Helath_Service.pdf,
phone,pass,Published phone: 0000000105 ,https://mpclg.gov.lk/web/images/divisions/Legal/Helath_Service.pdf,
phone,pass,Published phone: 0000000510 ,https://mpclg.gov.lk/web/images/divisions/Legal/Helath_Service.pdf,
phone,pass,Published phone: 0000000420 ,https://mpclg.gov.lk/web/images/divisions/Legal/Helath_Service.pdf,
phone,pass,Published phone: 0000000153 ,https://mpclg.gov.lk/web/images/divisions/Legal/Helath_Service.pdf,
phone,pass,Published phone: 0000000459 ,https://mpclg.gov.lk/web/images/divisions/Legal/Helath_Service.pdf,
phone,pass,Published phone: 0000000111 ,https://mpclg.gov.lk/web/images/divisions/Legal/Helath_Service.pdf,
phone,pass,Published phone: 0000000104 ,https://mpclg.gov.lk/web/images/divisions/Legal/Helath_Service.pdf,
phone,pass,Published phone: 0000000323 ,https://mpclg.gov.lk/web/images/divisions/Legal/Helath_Service.pdf,
phone,pass,Published phone: 0000000343 ,https://mpclg.gov.lk/web/images/divisions/Legal/Helath_Service.pdf,
phone,pass,Published phone: 0000000448 ,https://mpclg.gov.lk/web/images/divisions/Legal/Helath_Service.pdf,
phone,pass,Published phone: 0000000507 ,https://mpclg.gov.lk/web/images/divisions/Legal/Helath_Service.pdf,
phone,pass,Published phone: 0000000112 ,https://mpclg.gov.lk/web/images/divisions/Legal/Helath_Service.pdf,
phone,pass,Published phone: 0000000475 ,https://mpclg.gov.lk/web/images/divisions/Legal/Helath_Service.pdf,
phone,pass,Published phone: 0000000476 ,https://mpclg.gov.lk/web/images/divisions/Legal/Helath_Service.pdf,
phone,pass,Published phone: 0000000172 ,https://mpclg.gov.lk/web/images/divisions/Legal/Helath_Service.pdf,
phone,pass,Published phone: 0000000221 ,https://mpclg.gov.lk/web/images/divisions/Legal/Helath_Service.pdf,
phone,pass,Published phone: 0000000077 ,https://mpclg.gov.lk/web/images/divisions/Legal/Helath_Service.pdf,
phone,pass,Published phone: 0000000242 ,https://mpclg.gov.lk/web/images/divisions/Legal/Helath_Service.pdf,
phone,pass,Published phone: 06 252 386 50,https://mpclg.gov.lk/web/images/divisions/Legal/Helath_Service.pdf,
phone,pass,Published phone: 0000000100 ,https://mpclg.gov.lk/web/images/divisions/Legal/Helath_Service.pdf,
phone,pass,Published phone: 0000409492 ,https://mpclg.gov.lk/web/images/divisions/Legal/Helath_Service.pdf,
phone,pass,Published phone: 0000000235 ,https://mpclg.gov.lk/web/images/divisions/Legal/Helath_Service.pdf,
phone,pass,Published phone: 0000000168 ,https://mpclg.gov.lk/web/images/divisions/Legal/Helath_Service.pdf,
phone,pass,Published phone: 0000000501 ,https://mpclg.gov.lk/web/images/divisions/Legal/Helath_Service.pdf,
phone,pass,Published phone: 0000000139 ,https://mpclg.gov.lk/web/images/divisions/Legal/Helath_Service.pdf,
phone,pass,Published phone: 0000000220 ,https://mpclg.gov.lk/web/images/divisions/Legal/Helath_Service.pdf,
phone,pass,Published phone: 0000000084 ,https://mpclg.gov.lk/web/images/divisions/Legal/Helath_Service.pdf,
phone,pass,Published phone: 0000000189 ,https://mpclg.gov.lk/web/images/divisions/Legal/Helath_Service.pdf,
phone,pass,Published phone: 0000000198 ,https://mpclg.gov.lk/web/images/divisions/Legal/Helath_Service.pdf,
phone,pass,Published phone: 0000000219 ,https://mpclg.gov.lk/web/images/divisions/Legal/Helath_Service.pdf,
phone,pass,Published phone: 0000000341 ,https://mpclg.gov.lk/web/images/divisions/Legal/Helath_Service.pdf,
phone,pass,Published phone: 0000000456 ,https://mpclg.gov.lk/web/images/divisions/Legal/Helath_Service.pdf,
phone,pass,Published phone: 0000031017 ,https://mpclg.gov.lk/web/images/divisions/Legal/Helath_Service.pdf,
phone,pass,Published phone: 0 0 0 606 561 5,https://mpclg.gov.lk/web/images/divisions/Legal/Helath_Service.pdf,
phone,pass,Published phone: 07 507 507 50,https://mpclg.gov.lk/web/images/divisions/Legal/Helath_Service.pdf,
phone,pass,Published phone: 0000000288 ,https://mpclg.gov.lk/web/images/divisions/Legal/Helath_Service.pdf,
phone,pass,Published phone: 0000035124 ,https://mpclg.gov.lk/web/images/divisions/Legal/Helath_Service.pdf,
phone,pass,Published phone: 0000000442 ,https://mpclg.gov.lk/web/images/divisions/Legal/Helath_Service.pdf,
phone,pass,Published phone: 0000000270 ,https://mpclg.gov.lk/web/images/divisions/Legal/Helath_Service.pdf,
phone,pass,Published phone: 0000000181 ,https://mpclg.gov.lk/web/images/divisions/Legal/Helath_Service.pdf,
phone,pass,Published phone: 0000000069 ,https://mpclg.gov.lk/web/images/divisions/Legal/Helath_Service.pdf,
phone,pass,Published phone: 0000000316 ,https://mpclg.gov.lk/web/images/divisions/Legal/Helath_Service.pdf,
phone,pass,Published phone: 0000000390 ,https://mpclg.gov.lk/web/images/divisions/Legal/Helath_Service.pdf,
phone,pass,Published phone: 0000000356 ,https://mpclg.gov.lk/web/images/divisions/Legal/Helath_Service.pdf,
phone,pass,Published phone: 0000049892 ,https://mpclg.gov.lk/web/images/divisions/Legal/Helath_Service.pdf,
phone,pass,Published phone: 0000000042 ,https://mpclg.gov.lk/web/images/divisions/Legal/Helath_Service.pdf,
phone,pass,Published phone: 0000000495 ,https://mpclg.gov.lk/web/images/divisions/Legal/Helath_Service.pdf,
phone,pass,Published phone: 0000000227 ,https://mpclg.gov.lk/web/images/divisions/Legal/Helath_Service.pdf,
phone,pass,Published phone: 0000000110 ,https://mpclg.gov.lk/web/images/divisions/Legal/Helath_Service.pdf,
phone,pass,Published phone: 0000000388 ,https://mpclg.gov.lk/web/images/divisions/Legal/Helath_Service.pdf,
phone,pass,Published phone: 0000000209 ,https://mpclg.gov.lk/web/images/divisions/Legal/Helath_Service.pdf,
phone,pass,Published phone: 0 488 459 637 ,https://mpclg.gov.lk/web/images/divisions/Legal/Helath_Service.pdf,
phone,pass,Published phone: 0000000177 ,https://mpclg.gov.lk/web/images/divisions/Legal/Helath_Service.pdf,
phone,pass,Published phone: 0000000379 ,https://mpclg.gov.lk/web/images/divisions/Legal/Helath_Service.pdf,
phone,pass,Published phone: 0000000160 ,https://mpclg.gov.lk/web/images/divisions/Legal/Helath_Service.pdf,
phone,pass,Published phone: 0 523 000000,https://mpclg.gov.lk/web/images/divisions/Legal/Helath_Service.pdf,
phone,pass,Published phone: 0000000298 ,https://mpclg.gov.lk/web/images/divisions/Legal/Helath_Service.pdf,
phone,pass,Published phone: 0000006048 ,https://mpclg.gov.lk/web/images/divisions/Legal/Helath_Service.pdf,
phone,pass,Published phone: 0000000119 ,https://mpclg.gov.lk/web/images/divisions/Legal/Helath_Service.pdf,
phone,pass,Published phone: 0000004897 ,https://mpclg.gov.lk/web/images/divisions/Legal/Helath_Service.pdf,
phone,pass,Published phone: 0000000350 ,https://mpclg.gov.lk/web/images/divisions/Legal/Helath_Service.pdf,
phone,pass,Published phone: 0000000166 ,https://mpclg.gov.lk/web/images/divisions/Legal/Helath_Service.pdf,
phone,pass,Published phone: 0 0 0 579 544 5,https://mpclg.gov.lk/web/images/divisions/Legal/Helath_Service.pdf,
phone,pass,Published phone: 0000000244 ,https://mpclg.gov.lk/web/images/divisions/Legal/Helath_Service.pdf,
phone,pass,Published phone: 0000000191 ,https://mpclg.gov.lk/web/images/divisions/Legal/Helath_Service.pdf,
phone,pass,Published phone: 0000000051 ,https://mpclg.gov.lk/web/images/divisions/Legal/Helath_Service.pdf,
phone,pass,Published phone: 0000000351 ,https://mpclg.gov.lk/web/images/divisions/Legal/Helath_Service.pdf,
phone,pass,Published phone: 0 479 525 423 ,https://mpclg.gov.lk/web/images/divisions/Legal/Helath_Service.pdf,
phone,pass,Published phone: 0000000161 ,https://mpclg.gov.lk/web/images/divisions/Legal/Helath_Service.pdf,
phone,pass,Published phone: 0000000513 ,https://mpclg.gov.lk/web/images/divisions/Legal/Helath_Service.pdf,
phone,pass,Published phone: 0000000243 ,https://mpclg.gov.lk/web/images/divisions/Legal/Helath_Service.pdf,
phone,pass,Published phone: 0000000213 ,https://mpclg.gov.lk/web/images/divisions/Legal/Helath_Service.pdf,
phone,pass,Published phone: 0000000044 ,https://mpclg.gov.lk/web/images/divisions/Legal/Helath_Service.pdf,
phone,pass,Published phone: 0000000280 ,https://mpclg.gov.lk/web/images/divisions/Legal/Helath_Service.pdf,
phone,pass,Published phone: 0000000497 ,https://mpclg.gov.lk/web/images/divisions/Legal/Helath_Service.pdf,
phone,pass,Published phone: 0000000344 ,https://mpclg.gov.lk/web/images/divisions/Legal/Helath_Service.pdf,
phone,pass,Published phone: 0000000392 ,https://mpclg.gov.lk/web/images/divisions/Legal/Helath_Service.pdf,
phone,pass,Published phone: 0000000374 ,https://mpclg.gov.lk/web/images/divisions/Legal/Helath_Service.pdf,
phone,pass,Published phone: 0 0 0 0 631 0 0 0 ,https://mpclg.gov.lk/web/images/divisions/Legal/Helath_Service.pdf,
phone,pass,Published phone: 0000000147 ,https://mpclg.gov.lk/web/images/divisions/Legal/Helath_Service.pdf,
phone,pass,Published phone: 0000038557 ,https://mpclg.gov.lk/web/images/divisions/Legal/Helath_Service.pdf,
phone,pass,Published phone: 0 0 0 0 0 0 0 0 0 0 ,https://mpclg.gov.lk/web/images/divisions/Legal/Helath_Service.pdf,
phone,pass,Published phone: 0000000045 ,https://mpclg.gov.lk/web/images/divisions/Legal/Helath_Service.pdf,
phone,pass,Published phone: 0000000245 ,https://mpclg.gov.lk/web/images/divisions/Legal/Helath_Service.pdf,
phone,pass,Published phone: 0000000368 ,https://mpclg.gov.lk/web/images/divisions/Legal/Helath_Service.pdf,
phone,pass,Published phone: 0000000225 ,https://mpclg.gov.lk/web/images/divisions/Legal/Helath_Service.pdf,
phone,pass,Published phone: 0000000308 ,https://mpclg.gov.lk/web/images/divisions/Legal/Helath_Service.pdf,
phone,pass,Published phone: 0000000422 ,https://mpclg.gov.lk/web/images/divisions/Legal/Helath_Service.pdf,
phone,pass,Published phone: 0000000178 ,https://mpclg.gov.lk/web/images/divisions/Legal/Helath_Service.pdf,
phone,pass,Published phone: 0000042838 ,https://mpclg.gov.lk/web/images/divisions/Legal/Helath_Service.pdf,
phone,pass,Published phone: 0000026739 ,https://mpclg.gov.lk/web/images/divisions/Legal/Helath_Service.pdf,
phone,pass,Published phone: 0000000151 ,https://mpclg.gov.lk/web/images/divisions/Legal/Helath_Service.pdf,
phone,pass,Published phone: 0000000360 ,https://mpclg.gov.lk/web/images/divisions/Legal/Helath_Service.pdf,
phone,pass,Published phone: 0000000404 ,https://mpclg.gov.lk/web/images/divisions/Legal/Helath_Service.pdf,
phone,pass,Published phone: 0000000275 ,https://mpclg.gov.lk/web/images/divisions/Legal/Helath_Service.pdf,
phone,pass,Published phone: 0000000271 ,https://mpclg.gov.lk/web/images/divisions/Legal/Helath_Service.pdf,
phone,pass,Published phone: 0000000468 ,https://mpclg.gov.lk/web/images/divisions/Legal/Helath_Service.pdf,
phone,pass,Published phone: 0000000407 ,https://mpclg.gov.lk/web/images/divisions/Legal/Helath_Service.pdf,
phone,pass,Published phone: 0000000272 ,https://mpclg.gov.lk/web/images/divisions/Legal/Helath_Service.pdf,
phone,pass,Published phone: 0000011661 ,https://mpclg.gov.lk/web/images/divisions/Legal/Helath_Service.pdf,
phone,pass,Published phone: 0000000041 ,https://mpclg.gov.lk/web/images/divisions/Legal/Helath_Service.pdf,
phone,pass,Published phone: 0000000062 ,https://mpclg.gov.lk/web/images/divisions/Legal/Helath_Service.pdf,
phone,pass,Published phone: 0000000330 ,https://mpclg.gov.lk/web/images/divisions/Legal/Helath_Service.pdf,
phone,pass,Published phone: 0000000451 ,https://mpclg.gov.lk/web/images/divisions/Legal/Helath_Service.pdf,
phone,pass,Published phone: 0000000075 ,https://mpclg.gov.lk/web/images/divisions/Legal/Helath_Service.pdf,
phone,pass,Published phone: 0000000068 ,https://mpclg.gov.lk/web/images/divisions/Legal/Helath_Service.pdf,
phone,pass,Published phone: 0000000249 ,https://mpclg.gov.lk/web/images/divisions/Legal/Helath_Service.pdf,
phone,pass,Published phone: 0000000509 ,https://mpclg.gov.lk/web/images/divisions/Legal/Helath_Service.pdf,
phone,pass,Published phone: 0000000138 ,https://mpclg.gov.lk/web/images/divisions/Legal/Helath_Service.pdf,
phone,pass,Published phone: 0000000376 ,https://mpclg.gov.lk/web/images/divisions/Legal/Helath_Service.pdf,
phone,pass,Published phone: 0000000415 ,https://mpclg.gov.lk/web/images/divisions/Legal/Helath_Service.pdf,
phone,pass,Published phone: 0000000409 ,https://mpclg.gov.lk/web/images/divisions/Legal/Helath_Service.pdf,
phone,pass,Published phone: 0000000201 ,https://mpclg.gov.lk/web/images/divisions/Legal/Helath_Service.pdf,
phone,pass,Published phone: 0000000332 ,https://mpclg.gov.lk/web/images/divisions/Legal/Helath_Service.pdf,
phone,pass,Published phone: 0000000354 ,https://mpclg.gov.lk/web/images/divisions/Legal/Helath_Service.pdf,
phone,pass,Published phone: 0000000169 ,https://mpclg.gov.lk/web/images/divisions/Legal/Helath_Service.pdf,
phone,pass,Published phone: 0000000137 ,https://mpclg.gov.lk/web/images/divisions/Legal/Helath_Service.pdf,
phone,pass,Published phone: 0000000273 ,https://mpclg.gov.lk/web/images/divisions/Legal/Helath_Service.pdf,
phone,pass,Published phone: 0000000481 ,https://mpclg.gov.lk/web/images/divisions/Legal/Helath_Service.pdf,
phone,pass,Published phone: 0000000228 ,https://mpclg.gov.lk/web/images/divisions/Legal/Helath_Service.pdf,
phone,pass,Published phone: 0000000328 ,https://mpclg.gov.lk/web/images/divisions/Legal/Helath_Service.pdf,
phone,pass,Published phone: 0000000464 ,https://mpclg.gov.lk/web/images/divisions/Legal/Helath_Service.pdf,
phone,pass,Published phone: 0000512053 ,https://mpclg.gov.lk/web/images/divisions/Legal/Helath_Service.pdf,
phone,pass,Published phone: 0000000260 ,https://mpclg.gov.lk/web/images/divisions/Legal/Helath_Service.pdf,
phone,pass,Published phone: 0000000314 ,https://mpclg.gov.lk/web/images/divisions/Legal/Helath_Service.pdf,
phone,pass,Published phone: 0000000285 ,https://mpclg.gov.lk/web/images/divisions/Legal/Helath_Service.pdf,
phone,pass,Published phone: 0000000108 ,https://mpclg.gov.lk/web/images/divisions/Legal/Helath_Service.pdf,
phone,pass,Published phone: 0000000389 ,https://mpclg.gov.lk/web/images/divisions/Legal/Helath_Service.pdf,
phone,pass,Published phone: 0000000487 ,https://mpclg.gov.lk/web/images/divisions/Legal/Helath_Service.pdf,
phone,pass,Published phone: 0000000418 ,https://mpclg.gov.lk/web/images/divisions/Legal/Helath_Service.pdf,
phone,pass,Published phone: 0000000239 ,https://mpclg.gov.lk/web/images/divisions/Legal/Helath_Service.pdf,
phone,pass,Published phone: 0 0 0 0 0 0 0 312 ,https://mpclg.gov.lk/web/images/divisions/Legal/Helath_Service.pdf,
phone,pass,Published phone: 0000000436 ,https://mpclg.gov.lk/web/images/divisions/Legal/Helath_Service.pdf,
phone,pass,Published phone: 0000000337 ,https://mpclg.gov.lk/web/images/divisions/Legal/Helath_Service.pdf,
phone,pass,Published phone: 0000000485 ,https://mpclg.gov.lk/web/images/divisions/Legal/Helath_Service.pdf,
phone,pass,Published phone: 0000245151 ,https://mpclg.gov.lk/web/images/divisions/Legal/Helath_Service.pdf,
phone,pass,Published phone: 0000000296 ,https://mpclg.gov.lk/web/images/divisions/Legal/Helath_Service.pdf,
phone,pass,Published phone: 0000000054 ,https://mpclg.gov.lk/web/images/divisions/Legal/Helath_Service.pdf,
phone,pass,Published phone: 0000000506 ,https://mpclg.gov.lk/web/images/divisions/Legal/Helath_Service.pdf,
phone,pass,Published phone: 0000000377 ,https://mpclg.gov.lk/web/images/divisions/Legal/Helath_Service.pdf,
phone,pass,Published phone: 0000000334 ,https://mpclg.gov.lk/web/images/divisions/Legal/Helath_Service.pdf,
phone,pass,Published phone: 0000000063 ,https://mpclg.gov.lk/web/images/divisions/Legal/Helath_Service.pdf,
phone,pass,Published phone: 0000000162 ,https://mpclg.gov.lk/web/images/divisions/Legal/Helath_Service.pdf,
phone,pass,Published phone: 0000000186 ,https://mpclg.gov.lk/web/images/divisions/Legal/Helath_Service.pdf,
phone,pass,Published phone: 0000000085 ,https://mpclg.gov.lk/web/images/divisions/Legal/Helath_Service.pdf,
phone,pass,Published phone: 0000000087 ,https://mpclg.gov.lk/web/images/divisions/Legal/Helath_Service.pdf,
phone,pass,Published phone: 0000000473 ,https://mpclg.gov.lk/web/images/divisions/Legal/Helath_Service.pdf,
phone,pass,Published phone: 0000000210 ,https://mpclg.gov.lk/web/images/divisions/Legal/Helath_Service.pdf,
phone,pass,Published phone: 0000000067 ,https://mpclg.gov.lk/web/images/divisions/Legal/Helath_Service.pdf,
phone,pass,Published phone: 0000000097 ,https://mpclg.gov.lk/web/images/divisions/Legal/Helath_Service.pdf,
phone,pass,Published phone: 0000000193 ,https://mpclg.gov.lk/web/images/divisions/Legal/Helath_Service.pdf,
phone,pass,Published phone: 0000245799 ,https://mpclg.gov.lk/web/images/divisions/Legal/Helath_Service.pdf,
phone,pass,Published phone: 0000000141 ,https://mpclg.gov.lk/web/images/divisions/Legal/Helath_Service.pdf,
phone,pass,Published phone: 0000000396 ,https://mpclg.gov.lk/web/images/divisions/Legal/Helath_Service.pdf,
phone,pass,Published phone: 0000000232 ,https://mpclg.gov.lk/web/images/divisions/Legal/Helath_Service.pdf,
phone,pass,Published phone: 0000000336 ,https://mpclg.gov.lk/web/images/divisions/Legal/Helath_Service.pdf,
phone,pass,Published phone: 0000000124 ,https://mpclg.gov.lk/web/images/divisions/Legal/Helath_Service.pdf,
phone,pass,Published phone: 0000000503 ,https://mpclg.gov.lk/web/images/divisions/Legal/Helath_Service.pdf,
phone,pass,Published phone: 0000000470 ,https://mpclg.gov.lk/web/images/divisions/Legal/Helath_Service.pdf,
phone,pass,Published phone: 0000000471 ,https://mpclg.gov.lk/web/images/divisions/Legal/Helath_Service.pdf,
phone,pass,Published phone: 0000000460 ,https://mpclg.gov.lk/web/images/divisions/Legal/Helath_Service.pdf,
phone,pass,Published phone: 0000000372 ,https://mpclg.gov.lk/web/images/divisions/Legal/Helath_Service.pdf,
phone,pass,Published phone: 0000000167 ,https://mpclg.gov.lk/web/images/divisions/Legal/Helath_Service.pdf,
phone,pass,Published phone: 0000245495 ,https://mpclg.gov.lk/web/images/divisions/Legal/Helath_Service.pdf,
phone,pass,Published phone: 0000047630 ,https://mpclg.gov.lk/web/images/divisions/Legal/Helath_Service.pdf,
phone,pass,Published phone: 0000000251 ,https://mpclg.gov.lk/web/images/divisions/Legal/Helath_Service.pdf,
phone,pass,Published phone: 0000000145 ,https://mpclg.gov.lk/web/images/divisions/Legal/Helath_Service.pdf,
phone,pass,Published phone: 0000000128 ,https://mpclg.gov.lk/web/images/divisions/Legal/Helath_Service.pdf,
phone,pass,Published phone: 0000000202 ,https://mpclg.gov.lk/web/images/divisions/Legal/Helath_Service.pdf,
phone,pass,Published phone: 0000000267 ,https://mpclg.gov.lk/web/images/divisions/Legal/Helath_Service.pdf,
phone,pass,Published phone: 0000000494 ,https://mpclg.gov.lk/web/images/divisions/Legal/Helath_Service.pdf,
phone,pass,Published phone: 0000000143 ,https://mpclg.gov.lk/web/images/divisions/Legal/Helath_Service.pdf,
phone,pass,Published phone: 0000000479 ,https://mpclg.gov.lk/web/images/divisions/Legal/Helath_Service.pdf,
phone,pass,Published phone: 0000000152 ,https://mpclg.gov.lk/web/images/divisions/Legal/Helath_Service.pdf,
phone,pass,Published phone: 0000000382 ,https://mpclg.gov.lk/web/images/divisions/Legal/Helath_Service.pdf,
phone,pass,Published phone: 0000000311 ,https://mpclg.gov.lk/web/images/divisions/Legal/Helath_Service.pdf,
phone,pass,Published phone: 0000000224 ,https://mpclg.gov.lk/web/images/divisions/Legal/Helath_Service.pdf,
phone,pass,Published phone: 0 239 455 230 ,https://mpclg.gov.lk/web/images/divisions/Legal/Helath_Service.pdf,
phone,pass,Published phone: 0000000098 ,https://mpclg.gov.lk/web/images/divisions/Legal/Helath_Service.pdf,
phone,pass,Published phone: 0000000073 ,https://mpclg.gov.lk/web/images/divisions/Legal/Helath_Service.pdf,
phone,pass,Published phone: 0000000157 ,https://mpclg.gov.lk/web/images/divisions/Legal/Helath_Service.pdf,
phone,pass,Published phone: 0000000253 ,https://mpclg.gov.lk/web/images/divisions/Legal/Helath_Service.pdf,
phone,pass,Published phone: 0000000371 ,https://mpclg.gov.lk/web/images/divisions/Legal/Helath_Service.pdf,
phone,pass,Published phone: 0000000387 ,https://mpclg.gov.lk/web/images/divisions/Legal/Helath_Service.pdf,
phone,pass,Published phone: 0000005725 ,https://mpclg.gov.lk/web/images/divisions/Legal/Helath_Service.pdf,
phone,pass,Published phone: 0000000095 ,https://mpclg.gov.lk/web/images/divisions/Legal/Helath_Service.pdf,
phone,pass,Published phone: 0000244499 ,https://mpclg.gov.lk/web/images/divisions/Legal/Helath_Service.pdf,
phone,pass,Published phone: 0000000433 ,https://mpclg.gov.lk/web/images/divisions/Legal/Helath_Service.pdf,
phone,pass,Published phone: 0000047684 ,https://mpclg.gov.lk/web/images/divisions/Legal/Helath_Service.pdf,
phone,pass,Published phone: 0000000216 ,https://mpclg.gov.lk/web/images/divisions/Legal/Helath_Service.pdf,
phone,pass,Published phone: 0000038789 ,https://mpclg.gov.lk/web/images/divisions/Legal/Helath_Service.pdf,
phone,pass,Published phone: 0000000231 ,https://mpclg.gov.lk/web/images/divisions/Legal/Helath_Service.pdf,
phone,pass,Published phone: 0000000263 ,https://mpclg.gov.lk/web/images/divisions/Legal/Helath_Service.pdf,
phone,pass,Published phone: 0000000184 ,https://mpclg.gov.lk/web/images/divisions/Legal/Helath_Service.pdf,
phone,pass,Published phone: 0000000294 ,https://mpclg.gov.lk/web/images/divisions/Legal/Helath_Service.pdf,
phone,pass,Published phone: 0000000307 ,https://mpclg.gov.lk/web/images/divisions/Legal/Helath_Service.pdf,
phone,pass,Published phone: 0000021885 ,https://mpclg.gov.lk/web/images/divisions/Legal/Helath_Service.pdf,
phone,pass,Published phone: 0 0 423 874 65,https://mpclg.gov.lk/web/images/divisions/Legal/Helath_Service.pdf,
phone,pass,Published phone: 0000000496 ,https://mpclg.gov.lk/web/images/divisions/Legal/Helath_Service.pdf,
phone,pass,Published phone: 0 0 0 0 0 276 0 0 ,https://mpclg.gov.lk/web/images/divisions/Legal/Helath_Service.pdf,
phone,pass,Published phone: 0000000122 ,https://mpclg.gov.lk/web/images/divisions/Legal/Helath_Service.pdf,
phone,pass,Published phone: 0000000059 ,https://mpclg.gov.lk/web/images/divisions/Legal/Helath_Service.pdf,
phone,pass,Published phone: 0 401 0 0 0 0 0 3,https://mpclg.gov.lk/web/images/divisions/Legal/Helath_Service.pdf,
phone,pass,Published phone: 0000000164 ,https://mpclg.gov.lk/web/images/divisions/Legal/Helath_Service.pdf,
phone,pass,Published phone: 0000000078 ,https://mpclg.gov.lk/web/images/divisions/Legal/Helath_Service.pdf,
phone,pass,Published phone: 0000000394 ,https://mpclg.gov.lk/web/images/divisions/Legal/Helath_Service.pdf,
phone,pass,Published phone: 0000000240 ,https://mpclg.gov.lk/web/images/divisions/Legal/Helath_Service.pdf,
phone,pass,Published phone: 0000000236 ,https://mpclg.gov.lk/web/images/divisions/Legal/Helath_Service.pdf,
phone,pass,Published phone: 0000000149 ,https://mpclg.gov.lk/web/images/divisions/Legal/Helath_Service.pdf,
phone,pass,Published phone: 0000000504 ,https://mpclg.gov.lk/web/images/divisions/Legal/Helath_Service.pdf,
phone,pass,Published phone: 0000000361 ,https://mpclg.gov.lk/web/images/divisions/Legal/Helath_Service.pdf,
phone,pass,Published phone: 0000000266 ,https://mpclg.gov.lk/web/images/divisions/Legal/Helath_Service.pdf,
phone,pass,Published phone: 0000000339 ,https://mpclg.gov.lk/web/images/divisions/Legal/Helath_Service.pdf,
phone,pass,Published phone: 0000000366 ,https://mpclg.gov.lk/web/images/divisions/Legal/Helath_Service.pdf,
phone,pass,Published phone: 0000000207 ,https://mpclg.gov.lk/web/images/divisions/Legal/Helath_Service.pdf,
phone,pass,Published phone: 0000000416 ,https://mpclg.gov.lk/web/images/divisions/Legal/Helath_Service.pdf,
phone,pass,Published phone: 0000000089 ,https://mpclg.gov.lk/web/images/divisions/Legal/Helath_Service.pdf,
phone,pass,Published phone: 0000005857 ,https://mpclg.gov.lk/web/images/divisions/Legal/Helath_Service.pdf,
phone,pass,Published phone: 0000000300 ,https://mpclg.gov.lk/web/images/divisions/Legal/Helath_Service.pdf,
phone,pass,Published phone: 0000000233 ,https://mpclg.gov.lk/web/images/divisions/Legal/Helath_Service.pdf,
phone,pass,Published phone: 0000000200 ,https://mpclg.gov.lk/web/images/divisions/Legal/Helath_Service.pdf,
phone,pass,Published phone: 0000000125 ,https://mpclg.gov.lk/web/images/divisions/Legal/Helath_Service.pdf,
phone,pass,Published phone: 0000000118 ,https://mpclg.gov.lk/web/images/divisions/Legal/Helath_Service.pdf,
phone,pass,Published phone: 0000000405 ,https://mpclg.gov.lk/web/images/divisions/Legal/Helath_Service.pdf,
phone,pass,Published phone: 0000000123 ,https://mpclg.gov.lk/web/images/divisions/Legal/Helath_Service.pdf,
phone,pass,Published phone: 0000000500 ,https://mpclg.gov.lk/web/images/divisions/Legal/Helath_Service.pdf,
phone,pass,Published phone: 0000006122 ,https://mpclg.gov.lk/web/images/divisions/Legal/Helath_Service.pdf,
phone,pass,Published phone: 0000000175 ,https://mpclg.gov.lk/web/images/divisions/Legal/Helath_Service.pdf,
phone,pass,Published phone: 0 0 487 0 0 0 0 0 ,https://mpclg.gov.lk/web/images/divisions/Legal/Helath_Service.pdf,
phone,pass,Published phone: 0000026989 ,https://mpclg.gov.lk/web/images/divisions/Legal/Helath_Service.pdf,
phone,pass,Published phone: 0000000446 ,https://mpclg.gov.lk/web/images/divisions/Legal/Helath_Service.pdf,
phone,pass,Published phone: 0000000163 ,https://mpclg.gov.lk/web/images/divisions/Legal/Helath_Service.pdf,
phone,pass,Published phone: 0000000102 ,https://mpclg.gov.lk/web/images/divisions/Legal/Helath_Service.pdf,
phone,pass,Published phone: 0000000278 ,https://mpclg.gov.lk/web/images/divisions/Legal/Helath_Service.pdf,
phone,pass,Published phone: 0000000335 ,https://mpclg.gov.lk/web/images/divisions/Legal/Helath_Service.pdf,
phone,pass,Published phone: 0000000258 ,https://mpclg.gov.lk/web/images/divisions/Legal/Helath_Service.pdf,
phone,pass,Published phone: 0000000223 ,https://mpclg.gov.lk/web/images/divisions/Legal/Helath_Service.pdf,
phone,pass,Published phone: 0000000315 ,https://mpclg.gov.lk/web/images/divisions/Legal/Helath_Service.pdf,
phone,pass,Published phone: 0000000445 ,https://mpclg.gov.lk/web/images/divisions/Legal/Helath_Service.pdf,
phone,pass,Published phone: 0000000179 ,https://mpclg.gov.lk/web/images/divisions/Legal/Helath_Service.pdf,
phone,pass,Published phone: 0000000365 ,https://mpclg.gov.lk/web/images/divisions/Legal/Helath_Service.pdf,
phone,pass,Published phone: 0000000486 ,https://mpclg.gov.lk/web/images/divisions/Legal/Helath_Service.pdf,
phone,pass,Published phone: 0 0 0 0 335 0 0 0 ,https://mpclg.gov.lk/web/images/divisions/Legal/Helath_Service.pdf,
phone,pass,Published phone: 0000000465 ,https://mpclg.gov.lk/web/images/divisions/Legal/Helath_Service.pdf,
phone,pass,Published phone: 0000000064 ,https://mpclg.gov.lk/web/images/divisions/Legal/Helath_Service.pdf,
phone,pass,Published phone: 0000000455 ,https://mpclg.gov.lk/web/images/divisions/Legal/Helath_Service.pdf,
phone,pass,Published phone: 0000000447 ,https://mpclg.gov.lk/web/images/divisions/Legal/Helath_Service.pdf,
phone,pass,Published phone: 0000000419 ,https://mpclg.gov.lk/web/images/divisions/Legal/Helath_Service.pdf,
phone,pass,Published phone: 0000000320 ,https://mpclg.gov.lk/web/images/divisions/Legal/Helath_Service.pdf,
phone,pass,Published phone: 0000000197 ,https://mpclg.gov.lk/web/images/divisions/Legal/Helath_Service.pdf,
phone,pass,Published phone: 0000000196 ,https://mpclg.gov.lk/web/images/divisions/Legal/Helath_Service.pdf,
phone,pass,Published phone: 0000043126 ,https://mpclg.gov.lk/web/images/divisions/Legal/Helath_Service.pdf,
phone,pass,Published phone: 0000000265 ,https://mpclg.gov.lk/web/images/divisions/Legal/Helath_Service.pdf,
phone,pass,Published phone: 0000000449 ,https://mpclg.gov.lk/web/images/divisions/Legal/Helath_Service.pdf,
phone,pass,Published phone: 0000000187 ,https://mpclg.gov.lk/web/images/divisions/Legal/Helath_Service.pdf,
phone,pass,Published phone: 0000000312 ,https://mpclg.gov.lk/web/images/divisions/Legal/Helath_Service.pdf,
phone,pass,Published phone: 0000000142 ,https://mpclg.gov.lk/web/images/divisions/Legal/Helath_Service.pdf,
phone,pass,Published phone: 0000000348 ,https://mpclg.gov.lk/web/images/divisions/Legal/Helath_Service.pdf,
phone,pass,Published phone: 0000000049 ,https://mpclg.gov.lk/web/images/divisions/Legal/Helath_Service.pdf,
phone,pass,Published phone: 0000000074 ,https://mpclg.gov.lk/web/images/divisions/Legal/Helath_Service.pdf,
phone,pass,Published phone: 0000000131 ,https://mpclg.gov.lk/web/images/divisions/Legal/Helath_Service.pdf,
phone,pass,Published phone: 0000000246 ,https://mpclg.gov.lk/web/images/divisions/Legal/Helath_Service.pdf,
phone,pass,Published phone: 0000000403 ,https://mpclg.gov.lk/web/images/divisions/Legal/Helath_Service.pdf,
phone,pass,Published phone: 0000000170 ,https://mpclg.gov.lk/web/images/divisions/Legal/Helath_Service.pdf,
phone,pass,Published phone: 0000000305 ,https://mpclg.gov.lk/web/images/divisions/Legal/Helath_Service.pdf,
phone,pass,Published phone: 0000000156 ,https://mpclg.gov.lk/web/images/divisions/Legal/Helath_Service.pdf,
phone,pass,Published phone: 0000000121 ,https://mpclg.gov.lk/web/images/divisions/Legal/Helath_Service.pdf,
phone,pass,Published phone: 0000000331 ,https://mpclg.gov.lk/web/images/divisions/Legal/Helath_Service.pdf,
phone,pass,Published phone: 0000000096 ,https://mpclg.gov.lk/web/images/divisions/Legal/Helath_Service.pdf,
phone,pass,Published phone: 0000000192 ,https://mpclg.gov.lk/web/images/divisions/Legal/Helath_Service.pdf,
phone,pass,Published phone: 0000000355 ,https://mpclg.gov.lk/web/images/divisions/Legal/Helath_Service.pdf,
phone,pass,Published phone: 0000000226 ,https://mpclg.gov.lk/web/images/divisions/Legal/Helath_Service.pdf,
phone,pass,Published phone: 0000000148 ,https://mpclg.gov.lk/web/images/divisions/Legal/Helath_Service.pdf,
phone,pass,Published phone: 0000005066 ,https://mpclg.gov.lk/web/images/divisions/Legal/Helath_Service.pdf,
phone,pass,Published phone: 0000000256 ,https://mpclg.gov.lk/web/images/divisions/Legal/Helath_Service.pdf,
phone,pass,Published phone: 0000000424 ,https://mpclg.gov.lk/web/images/divisions/Legal/Helath_Service.pdf,
phone,pass,Published phone: 0000000252 ,https://mpclg.gov.lk/web/images/divisions/Legal/Helath_Service.pdf,
phone,pass,Published phone: 0000000414 ,https://mpclg.gov.lk/web/images/divisions/Legal/Helath_Service.pdf,
phone,pass,Published phone: 0000000357 ,https://mpclg.gov.lk/web/images/divisions/Legal/Helath_Service.pdf,
phone,pass,Published phone: 0000000353 ,https://mpclg.gov.lk/web/images/divisions/Legal/Helath_Service.pdf,
phone,pass,Published phone: 0000000053 ,https://mpclg.gov.lk/web/images/divisions/Legal/Helath_Service.pdf,
phone,pass,Published phone: 0000000362 ,https://mpclg.gov.lk/web/images/divisions/Legal/Helath_Service.pdf,
phone,pass,Published phone: 0000000146 ,https://mpclg.gov.lk/web/images/divisions/Legal/Helath_Service.pdf,
phone,pass,Published phone: 0000000304 ,https://mpclg.gov.lk/web/images/divisions/Legal/Helath_Service.pdf,
phone,pass,Published phone: 0000000421 ,https://mpclg.gov.lk/web/images/divisions/Legal/Helath_Service.pdf,
phone,pass,Published phone: 0000000440 ,https://mpclg.gov.lk/web/images/divisions/Legal/Helath_Service.pdf,
phone,pass,Published phone: 0000000508 ,https://mpclg.gov.lk/web/images/divisions/Legal/Helath_Service.pdf,
phone,pass,Published phone: 0 507 0 507 0 0 ,https://mpclg.gov.lk/web/images/divisions/Legal/Helath_Service.pdf,
phone,pass,Published phone: 0 268 268 252 ,https://mpclg.gov.lk/web/images/divisions/Legal/Helath_Service.pdf,
phone,pass,Published phone: 0000000411 ,https://mpclg.gov.lk/web/images/divisions/Legal/Helath_Service.pdf,
phone,pass,Published phone: 0000000488 ,https://mpclg.gov.lk/web/images/divisions/Legal/Helath_Service.pdf,
phone,pass,Published phone: 0000000502 ,https://mpclg.gov.lk/web/images/divisions/Legal/Helath_Service.pdf,
phone,pass,Published phone: 0000000082 ,https://mpclg.gov.lk/web/images/divisions/Legal/Helath_Service.pdf,
phone,pass,Published phone: 0000022145 ,https://mpclg.gov.lk/web/images/divisions/Legal/Helath_Service.pdf,
phone,pass,Published phone: 0000000114 ,https://mpclg.gov.lk/web/images/divisions/Legal/Helath_Service.pdf,
phone,pass,Published phone: 0000000103 ,https://mpclg.gov.lk/web/images/divisions/Legal/Helath_Service.pdf,
phone,pass,Published phone: 0000000120 ,https://mpclg.gov.lk/web/images/divisions/Legal/Helath_Service.pdf,
phone,pass,Published phone: 0000000268 ,https://mpclg.gov.lk/web/images/divisions/Legal/Helath_Service.pdf,
phone,pass,Published phone: 0000000490 ,https://mpclg.gov.lk/web/images/divisions/Legal/Helath_Service.pdf,
phone,pass,Published phone: 0000000274 ,https://mpclg.gov.lk/web/images/divisions/Legal/Helath_Service.pdf,
phone,pass,Published phone: 0000047576 ,https://mpclg.gov.lk/web/images/divisions/Legal/Helath_Service.pdf,
phone,pass,Published phone: 0000000248 ,https://mpclg.gov.lk/web/images/divisions/Legal/Helath_Service.pdf,
phone,pass,Published phone: 0000000326 ,https://mpclg.gov.lk/web/images/divisions/Legal/Helath_Service.pdf,
phone,pass,Published phone: 0000000159 ,https://mpclg.gov.lk/web/images/divisions/Legal/Helath_Service.pdf,
phone,pass,Published phone: 0000000215 ,https://mpclg.gov.lk/web/images/divisions/Legal/Helath_Service.pdf,
phone,pass,Published phone: 0000000325 ,https://mpclg.gov.lk/web/images/divisions/Legal/Helath_Service.pdf,
phone,pass,Published phone: 0000000441 ,https://mpclg.gov.lk/web/images/divisions/Legal/Helath_Service.pdf,
phone,pass,Published phone: 0000000070 ,https://mpclg.gov.lk/web/images/divisions/Legal/Helath_Service.pdf,
phone,pass,Published phone: 0000000052 ,https://mpclg.gov.lk/web/images/divisions/Legal/Helath_Service.pdf,
phone,pass,Published phone: 0000000493 ,https://mpclg.gov.lk/web/images/divisions/Legal/Helath_Service.pdf,
phone,pass,Published phone: 0000000384 ,https://mpclg.gov.lk/web/images/divisions/Legal/Helath_Service.pdf,
phone,pass,Published phone: 0000000086 ,https://mpclg.gov.lk/web/images/divisions/Legal/Helath_Service.pdf,
phone,pass,Published phone: 0000000363 ,https://mpclg.gov.lk/web/images/divisions/Legal/Helath_Service.pdf,
phone,pass,Published phone: 0000000302 ,https://mpclg.gov.lk/web/images/divisions/Legal/Helath_Service.pdf,
phone,pass,Published phone: 0000000338 ,https://mpclg.gov.lk/web/images/divisions/Legal/Helath_Service.pdf,
phone,pass,Published phone: 0000000437 ,https://mpclg.gov.lk/web/images/divisions/Legal/Helath_Service.pdf,
phone,pass,Published phone: 0000000299 ,https://mpclg.gov.lk/web/images/divisions/Legal/Helath_Service.pdf,
phone,pass,Published phone: 0000000046 ,https://mpclg.gov.lk/web/images/divisions/Legal/Helath_Service.pdf,
phone,pass,Published phone: 05 471 525 23,https://mpclg.gov.lk/web/images/divisions/Legal/Helath_Service.pdf,
phone,pass,Published phone: 0000000158 ,https://mpclg.gov.lk/web/images/divisions/Legal/Helath_Service.pdf,
phone,pass,Published phone: 0000000185 ,https://mpclg.gov.lk/web/images/divisions/Legal/Helath_Service.pdf,
phone,pass,Published phone: 0000409302 ,https://mpclg.gov.lk/web/images/divisions/Legal/Helath_Service.pdf,
phone,pass,Published phone: 0000035365 ,https://mpclg.gov.lk/web/images/divisions/Legal/Helath_Service.pdf,
phone,pass,Published phone: 0000000324 ,https://mpclg.gov.lk/web/images/divisions/Legal/Helath_Service.pdf,
phone,pass,Published phone: 0000000237 ,https://mpclg.gov.lk/web/images/divisions/Legal/Helath_Service.pdf,
phone,pass,Published phone: 0000000066 ,https://mpclg.gov.lk/web/images/divisions/Legal/Animal_Production_and__Health-may_16th2017.pdf,
phone,pass,Published phone: 0000000101 ,https://mpclg.gov.lk/web/images/divisions/Legal/Animal_Production_and__Health-may_16th2017.pdf,
phone,pass,Published phone: 0000026465 ,https://mpclg.gov.lk/web/images/divisions/Legal/Animal_Production_and__Health-may_16th2017.pdf,
phone,pass,Published phone: 0000000183 ,https://mpclg.gov.lk/web/images/divisions/Legal/Animal_Production_and__Health-may_16th2017.pdf,
phone,pass,Published phone: 0000000398 ,https://mpclg.gov.lk/web/images/divisions/Legal/Animal_Production_and__Health-may_16th2017.pdf,
phone,pass,Published phone: 0000000491 ,https://mpclg.gov.lk/web/images/divisions/Legal/Animal_Production_and__Health-may_16th2017.pdf,
phone,pass,Published phone: 0000000293 ,https://mpclg.gov.lk/web/images/divisions/Legal/Animal_Production_and__Health-may_16th2017.pdf,
phone,pass,Published phone: 0000000378 ,https://mpclg.gov.lk/web/images/divisions/Legal/Animal_Production_and__Health-may_16th2017.pdf,
phone,pass,Published phone: 0000000434 ,https://mpclg.gov.lk/web/images/divisions/Legal/Animal_Production_and__Health-may_16th2017.pdf,
phone,pass,Published phone: 0000000598 ,https://mpclg.gov.lk/web/images/divisions/Legal/Animal_Production_and__Health-may_16th2017.pdf,
phone,pass,Published phone: 0000000291 ,https://mpclg.gov.lk/web/images/divisions/Legal/Animal_Production_and__Health-may_16th2017.pdf,
phone,pass,Published phone: 0000000180 ,https://mpclg.gov.lk/web/images/divisions/Legal/Animal_Production_and__Health-may_16th2017.pdf,
phone,pass,Published phone: 0000000071 ,https://mpclg.gov.lk/web/images/divisions/Legal/Animal_Production_and__Health-may_16th2017.pdf,
phone,pass,Published phone: 0000000088 ,https://mpclg.gov.lk/web/images/divisions/Legal/Animal_Production_and__Health-may_16th2017.pdf,
phone,pass,Published phone: 0000000126 ,https://mpclg.gov.lk/web/images/divisions/Legal/Animal_Production_and__Health-may_16th2017.pdf,
phone,pass,Published phone: 0000000017 ,https://mpclg.gov.lk/web/images/divisions/Legal/Animal_Production_and__Health-may_16th2017.pdf,
phone,pass,Published phone: 0000000428 ,https://mpclg.gov.lk/web/images/divisions/Legal/Animal_Production_and__Health-may_16th2017.pdf,
phone,pass,Published phone: 0000000463 ,https://mpclg.gov.lk/web/images/divisions/Legal/Animal_Production_and__Health-may_16th2017.pdf,
phone,pass,Published phone: 03 303 0 0 250 ,https://mpclg.gov.lk/web/images/divisions/Legal/Animal_Production_and__Health-may_16th2017.pdf,
phone,pass,Published phone: 0000000569 ,https://mpclg.gov.lk/web/images/divisions/Legal/Animal_Production_and__Health-may_16th2017.pdf,
phone,pass,Published phone: 0000060601 ,https://mpclg.gov.lk/web/images/divisions/Legal/Animal_Production_and__Health-may_16th2017.pdf,
phone,pass,Published phone: 0000000287 ,https://mpclg.gov.lk/web/images/divisions/Legal/Animal_Production_and__Health-may_16th2017.pdf,
phone,pass,Published phone: 0000000358 ,https://mpclg.gov.lk/web/images/divisions/Legal/Animal_Production_and__Health-may_16th2017.pdf,
phone,pass,Published phone: 0000000492 ,https://mpclg.gov.lk/web/images/divisions/Legal/Animal_Production_and__Health-may_16th2017.pdf,
phone,pass,Published phone: 0000000282 ,https://mpclg.gov.lk/web/images/divisions/Legal/Animal_Production_and__Health-may_16th2017.pdf,
phone,pass,Published phone: 0000000397 ,https://mpclg.gov.lk/web/images/divisions/Legal/Animal_Production_and__Health-may_16th2017.pdf,
phone,pass,Published phone: 0000000195 ,https://mpclg.gov.lk/web/images/divisions/Legal/Animal_Production_and__Health-may_16th2017.pdf,
phone,pass,Published phone: 0000000349 ,https://mpclg.gov.lk/web/images/divisions/Legal/Animal_Production_and__Health-may_16th2017.pdf,
phone,pass,Published phone: 0000000380 ,https://mpclg.gov.lk/web/images/divisions/Legal/Animal_Production_and__Health-may_16th2017.pdf,
phone,pass,Published phone: 0000000222 ,https://mpclg.gov.lk/web/images/divisions/Legal/Animal_Production_and__Health-may_16th2017.pdf,
phone,pass,Published phone: 0000000116 ,https://mpclg.gov.lk/web/images/divisions/Legal/Animal_Production_and__Health-may_16th2017.pdf,
phone,pass,Published phone: 0000000295 ,https://mpclg.gov.lk/web/images/divisions/Legal/Animal_Production_and__Health-may_16th2017.pdf,
phone,pass,Published phone: 0000000518 ,https://mpclg.gov.lk/web/images/divisions/Legal/Animal_Production_and__Health-may_16th2017.pdf,
phone,pass,Published phone: 0000000557 ,https://mpclg.gov.lk/web/images/divisions/Legal/Animal_Production_and__Health-may_16th2017.pdf,
phone,pass,Published phone: 0000000109 ,https://mpclg.gov.lk/web/images/divisions/Legal/Animal_Production_and__Health-may_16th2017.pdf,
phone,pass,Published phone: 0000000578 ,https://mpclg.gov.lk/web/images/divisions/Legal/Animal_Production_and__Health-may_16th2017.pdf,
phone,pass,Published phone: 0000000107 ,https://mpclg.gov.lk/web/images/divisions/Legal/Animal_Production_and__Health-may_16th2017.pdf,
phone,pass,Published phone: 0000000218 ,https://mpclg.gov.lk/web/images/divisions/Legal/Animal_Production_and__Health-may_16th2017.pdf,
phone,pass,Published phone: 0000000212 ,https://mpclg.gov.lk/web/images/divisions/Legal/Animal_Production_and__Health-may_16th2017.pdf,
phone,pass,Published phone: 0000000560 ,https://mpclg.gov.lk/web/images/divisions/Legal/Animal_Production_and__Health-may_16th2017.pdf,
phone,pass,Published phone: 0000000230 ,https://mpclg.gov.lk/web/images/divisions/Legal/Animal_Production_and__Health-may_16th2017.pdf,
phone,pass,Published phone: 0000000383 ,https://mpclg.gov.lk/web/images/divisions/Legal/Animal_Production_and__Health-may_16th2017.pdf,
phone,pass,Published phone: 0000000381 ,https://mpclg.gov.lk/web/images/divisions/Legal/Animal_Production_and__Health-may_16th2017.pdf,
phone,pass,Published phone: 0000000367 ,https://mpclg.gov.lk/web/images/divisions/Legal/Animal_Production_and__Health-may_16th2017.pdf,
phone,pass,Published phone: 0000000099 ,https://mpclg.gov.lk/web/images/divisions/Legal/Animal_Production_and__Health-may_16th2017.pdf,
phone,pass,Published phone: 0000011552 ,https://mpclg.gov.lk/web/images/divisions/Legal/Animal_Production_and__Health-may_16th2017.pdf,
phone,pass,Published phone: 0000000279 ,https://mpclg.gov.lk/web/images/divisions/Legal/Animal_Production_and__Health-may_16th2017.pdf,
phone,pass,Published phone: 0000000577 ,https://mpclg.gov.lk/web/images/divisions/Legal/Animal_Production_and__Health-may_16th2017.pdf,
phone,pass,Published phone: 0000000483 ,https://mpclg.gov.lk/web/images/divisions/Legal/Animal_Production_and__Health-may_16th2017.pdf,
phone,pass,Published phone: 0000000548 ,https://mpclg.gov.lk/web/images/divisions/Legal/Animal_Production_and__Health-may_16th2017.pdf,
phone,pass,Published phone: 0000000619 ,https://mpclg.gov.lk/web/images/divisions/Legal/Animal_Production_and__Health-may_16th2017.pdf,
phone,pass,Published phone: 0000000322 ,https://mpclg.gov.lk/web/images/divisions/Legal/Animal_Production_and__Health-may_16th2017.pdf,
phone,pass,Published phone: 0000000438 ,https://mpclg.gov.lk/web/images/divisions/Legal/Animal_Production_and__Health-may_16th2017.pdf,
phone,pass,Published phone: 0000000586 ,https://mpclg.gov.lk/web/images/divisions/Legal/Animal_Production_and__Health-may_16th2017.pdf,
phone,pass,Published phone: 0000000631 ,https://mpclg.gov.lk/web/images/divisions/Legal/Animal_Production_and__Health-may_16th2017.pdf,
phone,pass,Published phone: 0000000469 ,https://mpclg.gov.lk/web/images/divisions/Legal/Animal_Production_and__Health-may_16th2017.pdf,
phone,pass,Published phone: 0000000214 ,https://mpclg.gov.lk/web/images/divisions/Legal/Animal_Production_and__Health-may_16th2017.pdf,
phone,pass,Published phone: 0000000217 ,https://mpclg.gov.lk/web/images/divisions/Legal/Animal_Production_and__Health-may_16th2017.pdf,
phone,pass,Published phone: 0000000423 ,https://mpclg.gov.lk/web/images/divisions/Legal/Animal_Production_and__Health-may_16th2017.pdf,
phone,pass,Published phone: 0000000399 ,https://mpclg.gov.lk/web/images/divisions/Legal/Animal_Production_and__Health-may_16th2017.pdf,
phone,pass,Published phone: 0000000484 ,https://mpclg.gov.lk/web/images/divisions/Legal/Animal_Production_and__Health-may_16th2017.pdf,
phone,pass,Published phone: 0000000155 ,https://mpclg.gov.lk/web/images/divisions/Legal/Animal_Production_and__Health-may_16th2017.pdf,
phone,pass,Published phone: 0000000609 ,https://mpclg.gov.lk/web/images/divisions/Legal/Animal_Production_and__Health-may_16th2017.pdf,
phone,pass,Published phone: 0000000081 ,https://mpclg.gov.lk/web/images/divisions/Legal/Animal_Production_and__Health-may_16th2017.pdf,
phone,pass,Published phone: 0000000373 ,https://mpclg.gov.lk/web/images/divisions/Legal/Animal_Production_and__Health-may_16th2017.pdf,
phone,pass,Published phone: 0000000277 ,https://mpclg.gov.lk/web/images/divisions/Legal/Animal_Production_and__Health-may_16th2017.pdf,
phone,pass,Published phone: 0000000602 ,https://mpclg.gov.lk/web/images/divisions/Legal/Animal_Production_and__Health-may_16th2017.pdf,
phone,pass,Published phone: 0000010382 ,https://mpclg.gov.lk/web/images/divisions/Legal/Animal_Production_and__Health-may_16th2017.pdf,
phone,pass,Published phone: 0000000478 ,https://mpclg.gov.lk/web/images/divisions/Legal/Animal_Production_and__Health-may_16th2017.pdf,
phone,pass,Published phone: 0000000333 ,https://mpclg.gov.lk/web/images/divisions/Legal/Animal_Production_and__Health-may_16th2017.pdf,
phone,pass,Published phone: 0000055409 ,https://mpclg.gov.lk/web/images/divisions/Legal/Animal_Production_and__Health-may_16th2017.pdf,
phone,pass,Published phone: 0000000269 ,https://mpclg.gov.lk/web/images/divisions/Legal/Animal_Production_and__Health-may_16th2017.pdf,
phone,pass,Published phone: 0000000115 ,https://mpclg.gov.lk/web/images/divisions/Legal/Animal_Production_and__Health-may_16th2017.pdf,
phone,pass,Published phone: 0000260675 ,https://mpclg.gov.lk/web/images/divisions/Legal/Animal_Production_and__Health-may_16th2017.pdf,
phone,pass,Published phone: 0000000575 ,https://mpclg.gov.lk/web/images/divisions/Legal/Animal_Production_and__Health-may_16th2017.pdf,
phone,pass,Published phone: 0 543 459 487 ,https://mpclg.gov.lk/web/images/divisions/Legal/Animal_Production_and__Health-may_16th2017.pdf,
phone,pass,Published phone: 0000000058 ,https://mpclg.gov.lk/web/images/divisions/Legal/Animal_Production_and__Health-may_16th2017.pdf,
phone,pass,Published phone: 0000000234 ,https://mpclg.gov.lk/web/images/divisions/Legal/Animal_Production_and__Health-may_16th2017.pdf,
phone,pass,Published phone: 0000000565 ,https://mpclg.gov.lk/web/images/divisions/Legal/Animal_Production_and__Health-may_16th2017.pdf,
phone,pass,Published phone: 0000055671 ,https://mpclg.gov.lk/web/images/divisions/Legal/Animal_Production_and__Health-may_16th2017.pdf,
phone,pass,Published phone: 0000000144 ,https://mpclg.gov.lk/web/images/divisions/Legal/Animal_Production_and__Health-may_16th2017.pdf,
phone,pass,Published phone: 0000000457 ,https://mpclg.gov.lk/web/images/divisions/Legal/Animal_Production_and__Health-may_16th2017.pdf,
phone,pass,Published phone: 0000000620 ,https://mpclg.gov.lk/web/images/divisions/Legal/Animal_Production_and__Health-may_16th2017.pdf,
phone,pass,Published phone: 0000424750 ,https://mpclg.gov.lk/web/images/divisions/Legal/Animal_Production_and__Health-may_16th2017.pdf,
phone,pass,Published phone: 0000000461 ,https://mpclg.gov.lk/web/images/divisions/Legal/Animal_Production_and__Health-may_16th2017.pdf,
phone,pass,Published phone: 0000000521 ,https://mpclg.gov.lk/web/images/divisions/Legal/Animal_Production_and__Health-may_16th2017.pdf,
phone,pass,Published phone: 0000000410 ,https://mpclg.gov.lk/web/images/divisions/Legal/Animal_Production_and__Health-may_16th2017.pdf,
phone,pass,Published phone: 0000000393 ,https://mpclg.gov.lk/web/images/divisions/Legal/Animal_Production_and__Health-may_16th2017.pdf,
phone,pass,Published phone: 0000000408 ,https://mpclg.gov.lk/web/images/divisions/Legal/Animal_Production_and__Health-may_16th2017.pdf,
phone,pass,Published phone: 0000000623 ,https://mpclg.gov.lk/web/images/divisions/Legal/Animal_Production_and__Health-may_16th2017.pdf,
phone,pass,Published phone: 0000000255 ,https://mpclg.gov.lk/web/images/divisions/Legal/Animal_Production_and__Health-may_16th2017.pdf,
phone,pass,Published phone: 0000000532 ,https://mpclg.gov.lk/web/images/divisions/Legal/Animal_Production_and__Health-may_16th2017.pdf,
phone,pass,Published phone: 0000000629 ,https://mpclg.gov.lk/web/images/divisions/Legal/Animal_Production_and__Health-may_16th2017.pdf,
phone,pass,Published phone: 0000000458 ,https://mpclg.gov.lk/web/images/divisions/Legal/Animal_Production_and__Health-may_16th2017.pdf,
phone,pass,Published phone: 0000000264 ,https://mpclg.gov.lk/web/images/divisions/Legal/Animal_Production_and__Health-may_16th2017.pdf,
phone,pass,Published phone: 0000000573 ,https://mpclg.gov.lk/web/images/divisions/Legal/Animal_Production_and__Health-may_16th2017.pdf,
phone,pass,Published phone: 0000000165 ,https://mpclg.gov.lk/web/images/divisions/Legal/Animal_Production_and__Health-may_16th2017.pdf,
phone,pass,Published phone: 0000000171 ,https://mpclg.gov.lk/web/images/divisions/Legal/Animal_Production_and__Health-may_16th2017.pdf,
phone,pass,Published phone: 0000000466 ,https://mpclg.gov.lk/web/images/divisions/Legal/Animal_Production_and__Health-may_16th2017.pdf,
phone,pass,Published phone: 0000000549 ,https://mpclg.gov.lk/web/images/divisions/Legal/Animal_Production_and__Health-may_16th2017.pdf,
phone,pass,Published phone: 0000000435 ,https://mpclg.gov.lk/web/images/divisions/Legal/Animal_Production_and__Health-may_16th2017.pdf,
phone,pass,Published phone: 0000000329 ,https://mpclg.gov.lk/web/images/divisions/Legal/Animal_Production_and__Health-may_16th2017.pdf,
phone,pass,Published phone: 0 520 420 855 ,https://mpclg.gov.lk/web/images/divisions/Legal/Animal_Production_and__Health-may_16th2017.pdf,
phone,pass,Published phone: 0000000130 ,https://mpclg.gov.lk/web/images/divisions/Legal/Animal_Production_and__Health-may_16th2017.pdf,
phone,pass,Published phone: 0000000140 ,https://mpclg.gov.lk/web/images/divisions/Legal/Animal_Production_and__Health-may_16th2017.pdf,
phone,pass,Published phone: 0 606 0 529 63,https://mpclg.gov.lk/web/images/divisions/Legal/Animal_Production_and__Health-may_16th2017.pdf,
phone,pass,Published phone: 0000006014 ,https://mpclg.gov.lk/web/images/divisions/Legal/Animal_Production_and__Health-may_16th2017.pdf,
phone,pass,Published phone: 0000000094 ,https://mpclg.gov.lk/web/images/divisions/Legal/Animal_Production_and__Health-may_16th2017.pdf,
phone,pass,Published phone: 0000000401 ,https://mpclg.gov.lk/web/images/divisions/Legal/Animal_Production_and__Health-may_16th2017.pdf,
phone,pass,Published phone: 0000010628 ,https://mpclg.gov.lk/web/images/divisions/Legal/Animal_Production_and__Health-may_16th2017.pdf,
phone,pass,Published phone: 0000000309 ,https://mpclg.gov.lk/web/images/divisions/Legal/Animal_Production_and__Health-may_16th2017.pdf,
phone,pass,Published phone: 0000000000 ,https://mpclg.gov.lk/web/images/divisions/Legal/Animal_Production_and__Health-may_16th2017.pdf,
phone,pass,Published phone: 0000000208 ,https://mpclg.gov.lk/web/images/divisions/Legal/Animal_Production_and__Health-may_16th2017.pdf,
phone,pass,Published phone: 0000000406 ,https://mpclg.gov.lk/web/images/divisions/Legal/Animal_Production_and__Health-may_16th2017.pdf,
phone,pass,Published phone: 0000000544 ,https://mpclg.gov.lk/web/images/divisions/Legal/Animal_Production_and__Health-may_16th2017.pdf,
phone,pass,Published phone: 0000000345 ,https://mpclg.gov.lk/web/images/divisions/Legal/Animal_Production_and__Health-may_16th2017.pdf,
phone,pass,Published phone: 0000000261 ,https://mpclg.gov.lk/web/images/divisions/Legal/Animal_Production_and__Health-may_16th2017.pdf,
phone,pass,Published phone: 0000000182 ,https://mpclg.gov.lk/web/images/divisions/Legal/Animal_Production_and__Health-may_16th2017.pdf,
phone,pass,Published phone: 0000000583 ,https://mpclg.gov.lk/web/images/divisions/Legal/Animal_Production_and__Health-may_16th2017.pdf,
phone,pass,Published phone: 0000000306 ,https://mpclg.gov.lk/web/images/divisions/Legal/Animal_Production_and__Health-may_16th2017.pdf,
phone,pass,Published phone: 0000000430 ,https://mpclg.gov.lk/web/images/divisions/Legal/Animal_Production_and__Health-may_16th2017.pdf,
phone,pass,Published phone: 0000000297 ,https://mpclg.gov.lk/web/images/divisions/Legal/Animal_Production_and__Health-may_16th2017.pdf,
phone,pass,Published phone: 0000000605 ,https://mpclg.gov.lk/web/images/divisions/Legal/Animal_Production_and__Health-may_16th2017.pdf,
phone,pass,Published phone: 0000000499 ,https://mpclg.gov.lk/web/images/divisions/Legal/Animal_Production_and__Health-may_16th2017.pdf,
phone,pass,Published phone: 0000000567 ,https://mpclg.gov.lk/web/images/divisions/Legal/Animal_Production_and__Health-may_16th2017.pdf,
phone,pass,Published phone: 0000000364 ,https://mpclg.gov.lk/web/images/divisions/Legal/Animal_Production_and__Health-may_16th2017.pdf,
phone,pass,Published phone: 0000000127 ,https://mpclg.gov.lk/web/images/divisions/Legal/Animal_Production_and__Health-may_16th2017.pdf,
phone,pass,Published phone: 0000425535 ,https://mpclg.gov.lk/web/images/divisions/Legal/Animal_Production_and__Health-may_16th2017.pdf,
phone,pass,Published phone: 0000000525 ,https://mpclg.gov.lk/web/images/divisions/Legal/Animal_Production_and__Health-may_16th2017.pdf,
phone,pass,Published phone: 0000000247 ,https://mpclg.gov.lk/web/images/divisions/Legal/Animal_Production_and__Health-may_16th2017.pdf,
phone,pass,Published phone: 0000000614 ,https://mpclg.gov.lk/web/images/divisions/Legal/Animal_Production_and__Health-may_16th2017.pdf,
phone,pass,Published phone: 0000000529 ,https://mpclg.gov.lk/web/images/divisions/Legal/Animal_Production_and__Health-may_16th2017.pdf,
phone,pass,Published phone: 0000000286 ,https://mpclg.gov.lk/web/images/divisions/Legal/Animal_Production_and__Health-may_16th2017.pdf,
phone,pass,Published phone: 0000000317 ,https://mpclg.gov.lk/web/images/divisions/Legal/Animal_Production_and__Health-may_16th2017.pdf,
phone,pass,Published phone: 0000000194 ,https://mpclg.gov.lk/web/images/divisions/Legal/Animal_Production_and__Health-may_16th2017.pdf,
phone,pass,Published phone: 0000000072 ,https://mpclg.gov.lk/web/images/divisions/Legal/Animal_Production_and__Health-may_16th2017.pdf,
phone,pass,Published phone: 0000000375 ,https://mpclg.gov.lk/web/images/divisions/Legal/Animal_Production_and__Health-may_16th2017.pdf,
phone,pass,Published phone: 0000051501 ,https://mpclg.gov.lk/web/images/divisions/Legal/Animal_Production_and__Health-may_16th2017.pdf,
phone,pass,Published phone: 0000000318 ,https://mpclg.gov.lk/web/images/divisions/Legal/Animal_Production_and__Health-may_16th2017.pdf,
phone,pass,Published phone: 0000000555 ,https://mpclg.gov.lk/web/images/divisions/Legal/Animal_Production_and__Health-may_16th2017.pdf,
phone,pass,Published phone: 0000000080 ,https://mpclg.gov.lk/web/images/divisions/Legal/Animal_Production_and__Health-may_16th2017.pdf,
phone,pass,Published phone: 0000000289 ,https://mpclg.gov.lk/web/images/divisions/Legal/Animal_Production_and__Health-may_16th2017.pdf,
phone,pass,Published phone: 0000000431 ,https://mpclg.gov.lk/web/images/divisions/Legal/Animal_Production_and__Health-may_16th2017.pdf,
phone,pass,Published phone: 0000000467 ,https://mpclg.gov.lk/web/images/divisions/Legal/Animal_Production_and__Health-may_16th2017.pdf,
phone,pass,Published phone: 0000000425 ,https://mpclg.gov.lk/web/images/divisions/Legal/Animal_Production_and__Health-may_16th2017.pdf,
phone,pass,Published phone: 0000000250 ,https://mpclg.gov.lk/web/images/divisions/Legal/Animal_Production_and__Health-may_16th2017.pdf,
phone,pass,Published phone: 0000000346 ,https://mpclg.gov.lk/web/images/divisions/Legal/Animal_Production_and__Health-may_16th2017.pdf,
phone,pass,Published phone: 0000000426 ,https://mpclg.gov.lk/web/images/divisions/Legal/Animal_Production_and__Health-may_16th2017.pdf,
phone,pass,Published phone: 0000000310 ,https://mpclg.gov.lk/web/images/divisions/Legal/Animal_Production_and__Health-may_16th2017.pdf,
phone,pass,Published phone: 0000000402 ,https://mpclg.gov.lk/web/images/divisions/Legal/Animal_Production_and__Health-may_16th2017.pdf,
phone,pass,Published phone: 0000425239 ,https://mpclg.gov.lk/web/images/divisions/Legal/Animal_Production_and__Health-may_16th2017.pdf,
phone,pass,Published phone: 0000000539 ,https://mpclg.gov.lk/web/images/divisions/Legal/Animal_Production_and__Health-may_16th2017.pdf,
phone,pass,Published phone: 0000000205 ,https://mpclg.gov.lk/web/images/divisions/Legal/Animal_Production_and__Health-may_16th2017.pdf,
phone,pass,Published phone: 0000000429 ,https://mpclg.gov.lk/web/images/divisions/Legal/Animal_Production_and__Health-may_16th2017.pdf,
phone,pass,Published phone: 0000000472 ,https://mpclg.gov.lk/web/images/divisions/Legal/Animal_Production_and__Health-may_16th2017.pdf,
phone,pass,Published phone: 0000022348 ,https://mpclg.gov.lk/web/images/divisions/Legal/Animal_Production_and__Health-may_16th2017.pdf,
phone,pass,Published phone: 0000000512 ,https://mpclg.gov.lk/web/images/divisions/Legal/Animal_Production_and__Health-may_16th2017.pdf,
phone,pass,Published phone: 0000000352 ,https://mpclg.gov.lk/web/images/divisions/Legal/Animal_Production_and__Health-may_16th2017.pdf,
phone,pass,Published phone: 0000000065 ,https://mpclg.gov.lk/web/images/divisions/Legal/Animal_Production_and__Health-may_16th2017.pdf,
phone,pass,Published phone: 0000000199 ,https://mpclg.gov.lk/web/images/divisions/Legal/Animal_Production_and__Health-may_16th2017.pdf,
phone,pass,Published phone: 0000000154 ,https://mpclg.gov.lk/web/images/divisions/Legal/Animal_Production_and__Health-may_16th2017.pdf,
phone,pass,Published phone: 0000000281 ,https://mpclg.gov.lk/web/images/divisions/Legal/Animal_Production_and__Health-may_16th2017.pdf,
phone,pass,Published phone: 0000000135 ,https://mpclg.gov.lk/web/images/divisions/Legal/Animal_Production_and__Health-may_16th2017.pdf,
phone,pass,Published phone: 0000000400 ,https://mpclg.gov.lk/web/images/divisions/Legal/Animal_Production_and__Health-may_16th2017.pdf,
phone,pass,Published phone: 0000000391 ,https://mpclg.gov.lk/web/images/divisions/Legal/Animal_Production_and__Health-may_16th2017.pdf,
phone,pass,Published phone: 0000000342 ,https://mpclg.gov.lk/web/images/divisions/Legal/Animal_Production_and__Health-may_16th2017.pdf,
phone,pass,Published phone: 0000000543 ,https://mpclg.gov.lk/web/images/divisions/Legal/Animal_Production_and__Health-may_16th2017.pdf,
phone,pass,Published phone: 0000000551 ,https://mpclg.gov.lk/web/images/divisions/Legal/Animal_Production_and__Health-may_16th2017.pdf,
phone,pass,Published phone: 0000000561 ,https://mpclg.gov.lk/web/images/divisions/Legal/Animal_Production_and__Health-may_16th2017.pdf,
phone,pass,Published phone: 0000000417 ,https://mpclg.gov.lk/web/images/divisions/Legal/Animal_Production_and__Health-may_16th2017.pdf,
phone,pass,Published phone: 0000000443 ,https://mpclg.gov.lk/web/images/divisions/Legal/Animal_Production_and__Health-may_16th2017.pdf,
phone,pass,Published phone: 0000000290 ,https://mpclg.gov.lk/web/images/divisions/Legal/Animal_Production_and__Health-may_16th2017.pdf,
phone,pass,Published phone: 0000010766 ,https://mpclg.gov.lk/web/images/divisions/Legal/Animal_Production_and__Health-may_16th2017.pdf,
phone,pass,Published phone: 0000000136 ,https://mpclg.gov.lk/web/images/divisions/Legal/Animal_Production_and__Health-may_16th2017.pdf,
phone,pass,Published phone: 0000026240 ,https://mpclg.gov.lk/web/images/divisions/Legal/Animal_Production_and__Health-may_16th2017.pdf,
phone,pass,Published phone: 0000000257 ,https://mpclg.gov.lk/web/images/divisions/Legal/Animal_Production_and__Health-may_16th2017.pdf,
phone,pass,Published phone: 0000000482 ,https://mpclg.gov.lk/web/images/divisions/Legal/Animal_Production_and__Health-may_16th2017.pdf,
phone,pass,Published phone: 0000000450 ,https://mpclg.gov.lk/web/images/divisions/Legal/Animal_Production_and__Health-may_16th2017.pdf,
phone,pass,Published phone: 0000000076 ,https://mpclg.gov.lk/web/images/divisions/Legal/Animal_Production_and__Health-may_16th2017.pdf,
phone,pass,Published phone: 0000046901 ,https://mpclg.gov.lk/web/images/divisions/Legal/Animal_Production_and__Health-may_16th2017.pdf,
phone,pass,Published phone: 0000000427 ,https://mpclg.gov.lk/web/images/divisions/Legal/Animal_Production_and__Health-may_16th2017.pdf,
phone,pass,Published phone: 0 246 813 537 ,https://mpclg.gov.lk/web/images/divisions/Legal/Animal_Production_and__Health-may_16th2017.pdf,
phone,pass,Published phone: 0000000241 ,https://mpclg.gov.lk/web/images/divisions/Legal/Animal_Production_and__Health-may_16th2017.pdf,
phone,pass,Published phone: 0000000061 ,https://mpclg.gov.lk/web/images/divisions/Legal/Animal_Production_and__Health-may_16th2017.pdf,
phone,pass,Published phone: 0000000624 ,https://mpclg.gov.lk/web/images/divisions/Legal/Animal_Production_and__Health-may_16th2017.pdf,
phone,pass,Published phone: 0000000625 ,https://mpclg.gov.lk/web/images/divisions/Legal/Animal_Production_and__Health-may_16th2017.pdf,
phone,pass,Published phone: 0000000395 ,https://mpclg.gov.lk/web/images/divisions/Legal/Animal_Production_and__Health-may_16th2017.pdf,
phone,pass,Published phone: 0 355 399 347 ,https://mpclg.gov.lk/web/images/divisions/Legal/Animal_Production_and__Health-may_16th2017.pdf,
phone,pass,Published phone: 0000000292 ,https://mpclg.gov.lk/web/images/divisions/Legal/Animal_Production_and__Health-may_16th2017.pdf,
phone,pass,Published phone: 0000000113 ,https://mpclg.gov.lk/web/images/divisions/Legal/Animal_Production_and__Health-may_16th2017.pdf,
phone,pass,Published phone: 0000000386 ,https://mpclg.gov.lk/web/images/divisions/Legal/Animal_Production_and__Health-may_16th2017.pdf,
phone,pass,Published phone: 0000000321 ,https://mpclg.gov.lk/web/images/divisions/Legal/Animal_Production_and__Health-may_16th2017.pdf,
phone,pass,Published phone: 0000000284 ,https://mpclg.gov.lk/web/images/divisions/Legal/Animal_Production_and__Health-may_16th2017.pdf,
phone,pass,Published phone: 0000000452 ,https://mpclg.gov.lk/web/images/divisions/Legal/Animal_Production_and__Health-may_16th2017.pdf,
phone,pass,Published phone: 0000000370 ,https://mpclg.gov.lk/web/images/divisions/Legal/Animal_Production_and__Health-may_16th2017.pdf,
phone,pass,Published phone: 0000000579 ,https://mpclg.gov.lk/web/images/divisions/Legal/Animal_Production_and__Health-may_16th2017.pdf,
phone,pass,Published phone: 0000000283 ,https://mpclg.gov.lk/web/images/divisions/Legal/Animal_Production_and__Health-may_16th2017.pdf,
phone,pass,Published phone: 0000000477 ,https://mpclg.gov.lk/web/images/divisions/Legal/Animal_Production_and__Health-may_16th2017.pdf,
phone,pass,Published phone: 0000000340 ,https://mpclg.gov.lk/web/images/divisions/Legal/Animal_Production_and__Health-may_16th2017.pdf,
phone,pass,Published phone: 0000000083 ,https://mpclg.gov.lk/web/images/divisions/Legal/Animal_Production_and__Health-may_16th2017.pdf,
phone,pass,Published phone: 0000000498 ,https://mpclg.gov.lk/web/images/divisions/Legal/Animal_Production_and__Health-may_16th2017.pdf,
phone,pass,Published phone: 0000000129 ,https://mpclg.gov.lk/web/images/divisions/Legal/Animal_Production_and__Health-may_16th2017.pdf,
phone,pass,Published phone: 0000005699 ,https://mpclg.gov.lk/web/images/divisions/Legal/Animal_Production_and__Health-may_16th2017.pdf,
phone,pass,Published phone: 0000000369 ,https://mpclg.gov.lk/web/images/divisions/Legal/Animal_Production_and__Health-may_16th2017.pdf,
phone,pass,Published phone: 0000000489 ,https://mpclg.gov.lk/web/images/divisions/Legal/Animal_Production_and__Health-may_16th2017.pdf,
phone,pass,Published phone: 0000000385 ,https://mpclg.gov.lk/web/images/divisions/Legal/Animal_Production_and__Health-may_16th2017.pdf,
phone,pass,Published phone: 0000000176 ,https://mpclg.gov.lk/web/images/divisions/Legal/Animal_Production_and__Health-may_16th2017.pdf,
phone,pass,Published phone: 0000000259 ,https://mpclg.gov.lk/web/images/divisions/Legal/Animal_Production_and__Health-may_16th2017.pdf,
phone,pass,Published phone: 0000000505 ,https://mpclg.gov.lk/web/images/divisions/Legal/Animal_Production_and__Health-may_16th2017.pdf,
phone,pass,Published phone: 0000259225 ,https://mpclg.gov.lk/web/images/divisions/Legal/Animal_Production_and__Health-may_16th2017.pdf,
phone,pass,Published phone: 0 547 423 874 ,https://mpclg.gov.lk/web/images/divisions/Legal/Animal_Production_and__Health-may_16th2017.pdf,
phone,pass,Published phone: 0000000133 ,https://mpclg.gov.lk/web/images/divisions/Legal/Animal_Production_and__Health-may_16th2017.pdf,
phone,pass,Published phone: 0 463 0 579 54,https://mpclg.gov.lk/web/images/divisions/Legal/Animal_Production_and__Health-may_16th2017.pdf,
phone,pass,Published phone: 0 563 473 495 ,https://mpclg.gov.lk/web/images/divisions/Legal/Animal_Production_and__Health-may_16th2017.pdf,
phone,pass,Published phone: 0000000599 ,https://mpclg.gov.lk/web/images/divisions/Legal/Animal_Production_and__Health-may_16th2017.pdf,
phone,pass,Published phone: 0000000540 ,https://mpclg.gov.lk/web/images/divisions/Legal/Animal_Production_and__Health-may_16th2017.pdf,
phone,pass,Published phone: 0000000262 ,https://mpclg.gov.lk/web/images/divisions/Legal/Animal_Production_and__Health-may_16th2017.pdf,
phone,pass,Published phone: 0000000319 ,https://mpclg.gov.lk/web/images/divisions/Legal/Animal_Production_and__Health-may_16th2017.pdf,
phone,pass,Published phone: 0000000229 ,https://mpclg.gov.lk/web/images/divisions/Legal/Animal_Production_and__Health-may_16th2017.pdf,
phone,pass,Published phone: 0000000347 ,https://mpclg.gov.lk/web/images/divisions/Legal/Animal_Production_and__Health-may_16th2017.pdf,
phone,pass,Published phone: 0000000616 ,https://mpclg.gov.lk/web/images/divisions/Legal/Animal_Production_and__Health-may_16th2017.pdf,
phone,pass,Published phone: 0000000622 ,https://mpclg.gov.lk/web/images/divisions/Legal/Animal_Production_and__Health-may_16th2017.pdf,
phone,pass,Published phone: 07 268 268 0 0 ,https://mpclg.gov.lk/web/images/divisions/Legal/Animal_Production_and__Health-may_16th2017.pdf,
phone,pass,Published phone: 0000000079 ,https://mpclg.gov.lk/web/images/divisions/Legal/Animal_Production_and__Health-may_16th2017.pdf,
phone,pass,Published phone: 0000060839 ,https://mpclg.gov.lk/web/images/divisions/Legal/Animal_Production_and__Health-may_16th2017.pdf,
phone,pass,Published phone: 0000000584 ,https://mpclg.gov.lk/web/images/divisions/Legal/Animal_Production_and__Health-may_16th2017.pdf,
phone,pass,Published phone: 0000000188 ,https://mpclg.gov.lk/web/images/divisions/Legal/Animal_Production_and__Health-may_16th2017.pdf,
phone,pass,Published phone: 0000000432 ,https://mpclg.gov.lk/web/images/divisions/Legal/Animal_Production_and__Health-may_16th2017.pdf,
phone,pass,Published phone: 03 316 474 53,https://mpclg.gov.lk/web/images/divisions/Legal/Animal_Production_and__Health-may_16th2017.pdf,
phone,pass,Published phone: 0000000090 ,https://mpclg.gov.lk/web/images/divisions/Legal/Animal_Production_and__Health-may_16th2017.pdf,
phone,pass,Published phone: 0000000413 ,https://mpclg.gov.lk/web/images/divisions/Legal/Animal_Production_and__Health-may_16th2017.pdf,
phone,pass,Published phone: 0000000621 ,https://mpclg.gov.lk/web/images/divisions/Legal/Animal_Production_and__Health-may_16th2017.pdf,
phone,pass,Published phone: 0000000327 ,https://mpclg.gov.lk/web/images/divisions/Legal/Animal_Production_and__Health-may_16th2017.pdf,
phone,pass,Published phone: 0000000106 ,https://mpclg.gov.lk/web/images/divisions/Legal/Animal_Production_and__Health-may_16th2017.pdf,
phone,pass,Published phone: 0000000134 ,https://mpclg.gov.lk/web/images/divisions/Legal/Animal_Production_and__Health-may_16th2017.pdf,
phone,pass,Published phone: 0000000173 ,https://mpclg.gov.lk/web/images/divisions/Legal/Animal_Production_and__Health-may_16th2017.pdf,
phone,pass,Published phone: 0000000313 ,https://mpclg.gov.lk/web/images/divisions/Legal/Animal_Production_and__Health-may_16th2017.pdf,
phone,pass,Published phone: 0000000546 ,https://mpclg.gov.lk/web/images/divisions/Legal/Animal_Production_and__Health-may_16th2017.pdf,
phone,pass,Published phone: 0000000206 ,https://mpclg.gov.lk/web/images/divisions/Legal/Animal_Production_and__Health-may_16th2017.pdf,
phone,pass,Published phone: 0000000444 ,https://mpclg.gov.lk/web/images/divisions/Legal/Animal_Production_and__Health-may_16th2017.pdf,
phone,pass,Published phone: 0000000610 ,https://mpclg.gov.lk/web/images/divisions/Legal/Animal_Production_and__Health-may_16th2017.pdf,
phone,pass,Published phone: 0000000303 ,https://mpclg.gov.lk/web/images/divisions/Legal/Animal_Production_and__Health-may_16th2017.pdf,
phone,pass,Published phone: 0000000359 ,https://mpclg.gov.lk/web/images/divisions/Legal/Animal_Production_and__Health-may_16th2017.pdf,
phone,pass,Published phone: 0000000630 ,https://mpclg.gov.lk/web/images/divisions/Legal/Animal_Production_and__Health-may_16th2017.pdf,
phone,pass,Published phone: 0000005140 ,https://mpclg.gov.lk/web/images/divisions/Legal/Animal_Production_and__Health-may_16th2017.pdf,
phone,pass,Published phone: 0000000238 ,https://mpclg.gov.lk/web/images/divisions/Legal/Animal_Production_and__Health-may_16th2017.pdf,
phone,pass,Published phone: 0000000091 ,https://mpclg.gov.lk/web/images/divisions/Legal/Animal_Production_and__Health-may_16th2017.pdf,
phone,pass,Published phone: 0000000204 ,https://mpclg.gov.lk/web/images/divisions/Legal/Animal_Production_and__Health-may_16th2017.pdf,
phone,pass,Published phone: 0000000057 ,https://mpclg.gov.lk/web/images/divisions/Legal/Animal_Production_and__Health-may_16th2017.pdf,
phone,pass,Published phone: 0000000474 ,https://mpclg.gov.lk/web/images/divisions/Legal/Animal_Production_and__Health-may_16th2017.pdf,
phone,pass,Published phone: 0000000092 ,https://mpclg.gov.lk/web/images/divisions/Legal/Animal_Production_and__Health-may_16th2017.pdf,
phone,pass,Published phone: 0000000254 ,https://mpclg.gov.lk/web/images/divisions/Legal/Animal_Production_and__Health-may_16th2017.pdf,
phone,pass,Published phone: 0 507 0 0 507 0 ,https://mpclg.gov.lk/web/images/divisions/Legal/Animal_Production_and__Health-may_16th2017.pdf,
phone,pass,Published phone: 0000000462 ,https://mpclg.gov.lk/web/images/divisions/Legal/Animal_Production_and__Health-may_16th2017.pdf,
phone,pass,Published phone: 0000000523 ,https://mpclg.gov.lk/web/images/divisions/Legal/Animal_Production_and__Health-may_16th2017.pdf,
phone,pass,Published phone: 0000000276 ,https://mpclg.gov.lk/web/images/divisions/Legal/Animal_Production_and__Health-may_16th2017.pdf,
phone,pass,Published phone: 0000000203 ,https://mpclg.gov.lk/web/images/divisions/Legal/Animal_Production_and__Health-may_16th2017.pdf,
phone,pass,Published phone: 0000000132 ,https://mpclg.gov.lk/web/images/divisions/Legal/Animal_Production_and__Health-may_16th2017.pdf,
phone,pass,Published phone: 0000000480 ,https://mpclg.gov.lk/web/images/divisions/Legal/Animal_Production_and__Health-may_16th2017.pdf,
phone,pass,Published phone: 0000000453 ,https://mpclg.gov.lk/web/images/divisions/Legal/Animal_Production_and__Health-may_16th2017.pdf,
phone,pass,Published phone: 0000039335 ,https://mpclg.gov.lk/web/images/divisions/Legal/Animal_Production_and__Health-may_16th2017.pdf,
phone,pass,Published phone: 0000000150 ,https://mpclg.gov.lk/web/images/divisions/Legal/Animal_Production_and__Health-may_16th2017.pdf,
phone,pass,Published phone: 0000018650 ,https://mpclg.gov.lk/web/images/divisions/Legal/Animal_Production_and__Health-may_16th2017.pdf,
phone,pass,Published phone: 0000000511 ,https://mpclg.gov.lk/web/images/divisions/Legal/Animal_Production_and__Health-may_16th2017.pdf,
phone,pass,Published phone: 0000000301 ,https://mpclg.gov.lk/web/images/divisions/Legal/Animal_Production_and__Health-may_16th2017.pdf,
phone,pass,Published phone: 0000000174 ,https://mpclg.gov.lk/web/images/divisions/Legal/Animal_Production_and__Health-may_16th2017.pdf,
phone,pass,Published phone: 0000000211 ,https://mpclg.gov.lk/web/images/divisions/Legal/Animal_Production_and__Health-may_16th2017.pdf,
phone,pass,Published phone: 0000000439 ,https://mpclg.gov.lk/web/images/divisions/Legal/Animal_Production_and__Health-may_16th2017.pdf,
phone,pass,Published phone: 0000000454 ,https://mpclg.gov.lk/web/images/divisions/Legal/Animal_Production_and__Health-may_16th2017.pdf,
phone,pass,Published phone: 0000000190 ,https://mpclg.gov.lk/web/images/divisions/Legal/Animal_Production_and__Health-may_16th2017.pdf,
phone,pass,Published phone: 0000000537 ,https://mpclg.gov.lk/web/images/divisions/Legal/Animal_Production_and__Health-may_16th2017.pdf,
phone,pass,Published phone: 0000000060 ,https://mpclg.gov.lk/web/images/divisions/Legal/Animal_Production_and__Health-may_16th2017.pdf,
phone,pass,Published phone: 0000010962 ,https://mpclg.gov.lk/web/images/divisions/Legal/Animal_Production_and__Health-may_16th2017.pdf,
phone,pass,Published phone: 0000000412 ,https://mpclg.gov.lk/web/images/divisions/Legal/Animal_Production_and__Health-may_16th2017.pdf,
phone,pass,Published phone: 0000000093 ,https://mpclg.gov.lk/web/images/divisions/Legal/Animal_Production_and__Health-may_16th2017.pdf,
phone,pass,Published phone: 0000000117 ,https://mpclg.gov.lk/web/images/divisions/Legal/Animal_Production_and__Health-may_16th2017.pdf,
phone,pass,Published phone: 0000000105 ,https://mpclg.gov.lk/web/images/divisions/Legal/Animal_Production_and__Health-may_16th2017.pdf,
phone,pass,Published phone: 0000000510 ,https://mpclg.gov.lk/web/images/divisions/Legal/Animal_Production_and__Health-may_16th2017.pdf,
phone,pass,Published phone: 0000042889 ,https://mpclg.gov.lk/web/images/divisions/Legal/Animal_Production_and__Health-may_16th2017.pdf,
phone,pass,Published phone: 0000000582 ,https://mpclg.gov.lk/web/images/divisions/Legal/Animal_Production_and__Health-may_16th2017.pdf,
phone,pass,Published phone: 0000071048 ,https://mpclg.gov.lk/web/images/divisions/Legal/Animal_Production_and__Health-may_16th2017.pdf,
phone,pass,Published phone: 0000000420 ,https://mpclg.gov.lk/web/images/divisions/Legal/Animal_Production_and__Health-may_16th2017.pdf,
phone,pass,Published phone: 0000000153 ,https://mpclg.gov.lk/web/images/divisions/Legal/Animal_Production_and__Health-may_16th2017.pdf,
phone,pass,Published phone: 0000000520 ,https://mpclg.gov.lk/web/images/divisions/Legal/Animal_Production_and__Health-may_16th2017.pdf,
phone,pass,Published phone: 0000026716 ,https://mpclg.gov.lk/web/images/divisions/Legal/Animal_Production_and__Health-may_16th2017.pdf,
phone,pass,Published phone: 0000000459 ,https://mpclg.gov.lk/web/images/divisions/Legal/Animal_Production_and__Health-may_16th2017.pdf,
phone,pass,Published phone: 0000000111 ,https://mpclg.gov.lk/web/images/divisions/Legal/Animal_Production_and__Health-may_16th2017.pdf,
phone,pass,Published phone: 0000000104 ,https://mpclg.gov.lk/web/images/divisions/Legal/Animal_Production_and__Health-may_16th2017.pdf,
phone,pass,Published phone: 0 519 0 468 0 0 ,https://mpclg.gov.lk/web/images/divisions/Legal/Animal_Production_and__Health-may_16th2017.pdf,
phone,pass,Published phone: 0000000323 ,https://mpclg.gov.lk/web/images/divisions/Legal/Animal_Production_and__Health-may_16th2017.pdf,
phone,pass,Published phone: 0000000343 ,https://mpclg.gov.lk/web/images/divisions/Legal/Animal_Production_and__Health-may_16th2017.pdf,
phone,pass,Published phone: 0000000448 ,https://mpclg.gov.lk/web/images/divisions/Legal/Animal_Production_and__Health-may_16th2017.pdf,
phone,pass,Published phone: 0000000507 ,https://mpclg.gov.lk/web/images/divisions/Legal/Animal_Production_and__Health-may_16th2017.pdf,
phone,pass,Published phone: 0000000112 ,https://mpclg.gov.lk/web/images/divisions/Legal/Animal_Production_and__Health-may_16th2017.pdf,
phone,pass,Published phone: 0000000475 ,https://mpclg.gov.lk/web/images/divisions/Legal/Animal_Production_and__Health-may_16th2017.pdf,
phone,pass,Published phone: 0000000476 ,https://mpclg.gov.lk/web/images/divisions/Legal/Animal_Production_and__Health-may_16th2017.pdf,
phone,pass,Published phone: 0000000617 ,https://mpclg.gov.lk/web/images/divisions/Legal/Animal_Production_and__Health-may_16th2017.pdf,
phone,pass,Published phone: 0000000172 ,https://mpclg.gov.lk/web/images/divisions/Legal/Animal_Production_and__Health-may_16th2017.pdf,
phone,pass,Published phone: 0000000221 ,https://mpclg.gov.lk/web/images/divisions/Legal/Animal_Production_and__Health-may_16th2017.pdf,
phone,pass,Published phone: 0000000077 ,https://mpclg.gov.lk/web/images/divisions/Legal/Animal_Production_and__Health-may_16th2017.pdf,
phone,pass,Published phone: 0000000242 ,https://mpclg.gov.lk/web/images/divisions/Legal/Animal_Production_and__Health-may_16th2017.pdf,
phone,pass,Published phone: 0000000587 ,https://mpclg.gov.lk/web/images/divisions/Legal/Animal_Production_and__Health-may_16th2017.pdf,
phone,pass,Published phone: 0000000100 ,https://mpclg.gov.lk/web/images/divisions/Legal/Animal_Production_and__Health-may_16th2017.pdf,
phone,pass,Published phone: 0000000235 ,https://mpclg.gov.lk/web/images/divisions/Legal/Animal_Production_and__Health-may_16th2017.pdf,
phone,pass,Published phone: 0000000168 ,https://mpclg.gov.lk/web/images/divisions/Legal/Animal_Production_and__Health-may_16th2017.pdf,
phone,pass,Published phone: 0000000501 ,https://mpclg.gov.lk/web/images/divisions/Legal/Animal_Production_and__Health-may_16th2017.pdf,
phone,pass,Published phone: 0000000139 ,https://mpclg.gov.lk/web/images/divisions/Legal/Animal_Production_and__Health-may_16th2017.pdf,
phone,pass,Published phone: 0000000220 ,https://mpclg.gov.lk/web/images/divisions/Legal/Animal_Production_and__Health-may_16th2017.pdf,
phone,pass,Published phone: 0000000084 ,https://mpclg.gov.lk/web/images/divisions/Legal/Animal_Production_and__Health-may_16th2017.pdf,
phone,pass,Published phone: 0000000189 ,https://mpclg.gov.lk/web/images/divisions/Legal/Animal_Production_and__Health-may_16th2017.pdf,
phone,pass,Published phone: 0000000198 ,https://mpclg.gov.lk/web/images/divisions/Legal/Animal_Production_and__Health-may_16th2017.pdf,
phone,pass,Published phone: 0000000219 ,https://mpclg.gov.lk/web/images/divisions/Legal/Animal_Production_and__Health-may_16th2017.pdf,
phone,pass,Published phone: 0000000341 ,https://mpclg.gov.lk/web/images/divisions/Legal/Animal_Production_and__Health-may_16th2017.pdf,
phone,pass,Published phone: 0000000456 ,https://mpclg.gov.lk/web/images/divisions/Legal/Animal_Production_and__Health-may_16th2017.pdf,
phone,pass,Published phone: 0000000514 ,https://mpclg.gov.lk/web/images/divisions/Legal/Animal_Production_and__Health-may_16th2017.pdf,
phone,pass,Published phone: 0000011036 ,https://mpclg.gov.lk/web/images/divisions/Legal/Animal_Production_and__Health-may_16th2017.pdf,
phone,pass,Published phone: 0000000604 ,https://mpclg.gov.lk/web/images/divisions/Legal/Animal_Production_and__Health-may_16th2017.pdf,
phone,pass,Published phone: 0000000608 ,https://mpclg.gov.lk/web/images/divisions/Legal/Animal_Production_and__Health-may_16th2017.pdf,
phone,pass,Published phone: 0000006266 ,https://mpclg.gov.lk/web/images/divisions/Legal/Animal_Production_and__Health-may_16th2017.pdf,
phone,pass,Published phone: 0000000580 ,https://mpclg.gov.lk/web/images/divisions/Legal/Animal_Production_and__Health-may_16th2017.pdf,
phone,pass,Published phone: 0000526232 ,https://mpclg.gov.lk/web/images/divisions/Legal/Animal_Production_and__Health-may_16th2017.pdf,
phone,pass,Published phone: 07 507 507 50,https://mpclg.gov.lk/web/images/divisions/Legal/Animal_Production_and__Health-may_16th2017.pdf,
phone,pass,Published phone: 0000000288 ,https://mpclg.gov.lk/web/images/divisions/Legal/Animal_Production_and__Health-may_16th2017.pdf,
phone,pass,Published phone: 0000000442 ,https://mpclg.gov.lk/web/images/divisions/Legal/Animal_Production_and__Health-may_16th2017.pdf,
phone,pass,Published phone: 0000000632 ,https://mpclg.gov.lk/web/images/divisions/Legal/Animal_Production_and__Health-may_16th2017.pdf,
phone,pass,Published phone: 0000000270 ,https://mpclg.gov.lk/web/images/divisions/Legal/Animal_Production_and__Health-may_16th2017.pdf,
phone,pass,Published phone: 0000000181 ,https://mpclg.gov.lk/web/images/divisions/Legal/Animal_Production_and__Health-may_16th2017.pdf,
phone,pass,Published phone: 0000000542 ,https://mpclg.gov.lk/web/images/divisions/Legal/Animal_Production_and__Health-may_16th2017.pdf,
phone,pass,Published phone: 0000000069 ,https://mpclg.gov.lk/web/images/divisions/Legal/Animal_Production_and__Health-may_16th2017.pdf,
phone,pass,Published phone: 0000000316 ,https://mpclg.gov.lk/web/images/divisions/Legal/Animal_Production_and__Health-may_16th2017.pdf,
phone,pass,Published phone: 0000062053 ,https://mpclg.gov.lk/web/images/divisions/Legal/Animal_Production_and__Health-may_16th2017.pdf,
phone,pass,Published phone: 0000000390 ,https://mpclg.gov.lk/web/images/divisions/Legal/Animal_Production_and__Health-may_16th2017.pdf,
phone,pass,Published phone: 0000000356 ,https://mpclg.gov.lk/web/images/divisions/Legal/Animal_Production_and__Health-may_16th2017.pdf,
phone,pass,Published phone: 0000035526 ,https://mpclg.gov.lk/web/images/divisions/Legal/Animal_Production_and__Health-may_16th2017.pdf,
phone,pass,Published phone: 0000000495 ,https://mpclg.gov.lk/web/images/divisions/Legal/Animal_Production_and__Health-may_16th2017.pdf,
phone,pass,Published phone: 0000000227 ,https://mpclg.gov.lk/web/images/divisions/Legal/Animal_Production_and__Health-may_16th2017.pdf,
phone,pass,Published phone: 0000000110 ,https://mpclg.gov.lk/web/images/divisions/Legal/Animal_Production_and__Health-may_16th2017.pdf,
phone,pass,Published phone: 0000000388 ,https://mpclg.gov.lk/web/images/divisions/Legal/Animal_Production_and__Health-may_16th2017.pdf,
phone,pass,Published phone: 0000000209 ,https://mpclg.gov.lk/web/images/divisions/Legal/Animal_Production_and__Health-may_16th2017.pdf,
phone,pass,Published phone: 0000000596 ,https://mpclg.gov.lk/web/images/divisions/Legal/Animal_Production_and__Health-may_16th2017.pdf,
phone,pass,Published phone: 0000000606 ,https://mpclg.gov.lk/web/images/divisions/Legal/Animal_Production_and__Health-may_16th2017.pdf,
phone,pass,Published phone: 0000000177 ,https://mpclg.gov.lk/web/images/divisions/Legal/Animal_Production_and__Health-may_16th2017.pdf,
phone,pass,Published phone: 0 646 000000,https://mpclg.gov.lk/web/images/divisions/Legal/Animal_Production_and__Health-may_16th2017.pdf,
phone,pass,Published phone: 0000061082 ,https://mpclg.gov.lk/web/images/divisions/Legal/Animal_Production_and__Health-may_16th2017.pdf,
phone,pass,Published phone: 0000000379 ,https://mpclg.gov.lk/web/images/divisions/Legal/Animal_Production_and__Health-may_16th2017.pdf,
phone,pass,Published phone: 0000000160 ,https://mpclg.gov.lk/web/images/divisions/Legal/Animal_Production_and__Health-may_16th2017.pdf,
phone,pass,Published phone: 0000000547 ,https://mpclg.gov.lk/web/images/divisions/Legal/Animal_Production_and__Health-may_16th2017.pdf,
phone,pass,Published phone: 0000000298 ,https://mpclg.gov.lk/web/images/divisions/Legal/Animal_Production_and__Health-may_16th2017.pdf,
phone,pass,Published phone: 0000000119 ,https://mpclg.gov.lk/web/images/divisions/Legal/Animal_Production_and__Health-may_16th2017.pdf,
phone,pass,Published phone: 0000526260 ,https://mpclg.gov.lk/web/images/divisions/Legal/Animal_Production_and__Health-may_16th2017.pdf,
phone,pass,Published phone: 0000000350 ,https://mpclg.gov.lk/web/images/divisions/Legal/Animal_Production_and__Health-may_16th2017.pdf,
phone,pass,Published phone: 0000000166 ,https://mpclg.gov.lk/web/images/divisions/Legal/Animal_Production_and__Health-may_16th2017.pdf,
phone,pass,Published phone: 0000000244 ,https://mpclg.gov.lk/web/images/divisions/Legal/Animal_Production_and__Health-may_16th2017.pdf,
phone,pass,Published phone: 0000000191 ,https://mpclg.gov.lk/web/images/divisions/Legal/Animal_Production_and__Health-may_16th2017.pdf,
phone,pass,Published phone: 0000000351 ,https://mpclg.gov.lk/web/images/divisions/Legal/Animal_Production_and__Health-may_16th2017.pdf,
phone,pass,Published phone: 0000000161 ,https://mpclg.gov.lk/web/images/divisions/Legal/Animal_Production_and__Health-may_16th2017.pdf,
phone,pass,Published phone: 0000000513 ,https://mpclg.gov.lk/web/images/divisions/Legal/Animal_Production_and__Health-may_16th2017.pdf,
phone,pass,Published phone: 0000000243 ,https://mpclg.gov.lk/web/images/divisions/Legal/Animal_Production_and__Health-may_16th2017.pdf,
phone,pass,Published phone: 0000000213 ,https://mpclg.gov.lk/web/images/divisions/Legal/Animal_Production_and__Health-may_16th2017.pdf,
phone,pass,Published phone: 0000000280 ,https://mpclg.gov.lk/web/images/divisions/Legal/Animal_Production_and__Health-may_16th2017.pdf,
phone,pass,Published phone: 0000000497 ,https://mpclg.gov.lk/web/images/divisions/Legal/Animal_Production_and__Health-may_16th2017.pdf,
phone,pass,Published phone: 0000000344 ,https://mpclg.gov.lk/web/images/divisions/Legal/Animal_Production_and__Health-may_16th2017.pdf,
phone,pass,Published phone: 0000000392 ,https://mpclg.gov.lk/web/images/divisions/Legal/Animal_Production_and__Health-may_16th2017.pdf,
phone,pass,Published phone: 0000000374 ,https://mpclg.gov.lk/web/images/divisions/Legal/Animal_Production_and__Health-may_16th2017.pdf,
phone,pass,Published phone: 0000000147 ,https://mpclg.gov.lk/web/images/divisions/Legal/Animal_Production_and__Health-may_16th2017.pdf,
phone,pass,Published phone: 0000000533 ,https://mpclg.gov.lk/web/images/divisions/Legal/Animal_Production_and__Health-may_16th2017.pdf,
phone,pass,Published phone: 0 0 0 0 0 0 0 0 0 0 ,https://mpclg.gov.lk/web/images/divisions/Legal/Animal_Production_and__Health-may_16th2017.pdf,
phone,pass,Published phone: 0000000245 ,https://mpclg.gov.lk/web/images/divisions/Legal/Animal_Production_and__Health-may_16th2017.pdf,
phone,pass,Published phone: 0000000368 ,https://mpclg.gov.lk/web/images/divisions/Legal/Animal_Production_and__Health-may_16th2017.pdf,
phone,pass,Published phone: 0000000225 ,https://mpclg.gov.lk/web/images/divisions/Legal/Animal_Production_and__Health-may_16th2017.pdf,
phone,pass,Published phone: 0000000308 ,https://mpclg.gov.lk/web/images/divisions/Legal/Animal_Production_and__Health-may_16th2017.pdf,
phone,pass,Published phone: 0000000422 ,https://mpclg.gov.lk/web/images/divisions/Legal/Animal_Production_and__Health-may_16th2017.pdf,
phone,pass,Published phone: 0000000178 ,https://mpclg.gov.lk/web/images/divisions/Legal/Animal_Production_and__Health-may_16th2017.pdf,
phone,pass,Published phone: 0000000558 ,https://mpclg.gov.lk/web/images/divisions/Legal/Animal_Production_and__Health-may_16th2017.pdf,
phone,pass,Published phone: 0000000603 ,https://mpclg.gov.lk/web/images/divisions/Legal/Animal_Production_and__Health-may_16th2017.pdf,
phone,pass,Published phone: 0000000595 ,https://mpclg.gov.lk/web/images/divisions/Legal/Animal_Production_and__Health-may_16th2017.pdf,
phone,pass,Published phone: 0000000545 ,https://mpclg.gov.lk/web/images/divisions/Legal/Animal_Production_and__Health-may_16th2017.pdf,
phone,pass,Published phone: 0000000151 ,https://mpclg.gov.lk/web/images/divisions/Legal/Animal_Production_and__Health-may_16th2017.pdf,
phone,pass,Published phone: 0000000522 ,https://mpclg.gov.lk/web/images/divisions/Legal/Animal_Production_and__Health-may_16th2017.pdf,
phone,pass,Published phone: 0000000360 ,https://mpclg.gov.lk/web/images/divisions/Legal/Animal_Production_and__Health-may_16th2017.pdf,
phone,pass,Published phone: 0000000590 ,https://mpclg.gov.lk/web/images/divisions/Legal/Animal_Production_and__Health-may_16th2017.pdf,
phone,pass,Published phone: 0000000404 ,https://mpclg.gov.lk/web/images/divisions/Legal/Animal_Production_and__Health-may_16th2017.pdf,
phone,pass,Published phone: 0000000275 ,https://mpclg.gov.lk/web/images/divisions/Legal/Animal_Production_and__Health-may_16th2017.pdf,
phone,pass,Published phone: 0000000628 ,https://mpclg.gov.lk/web/images/divisions/Legal/Animal_Production_and__Health-may_16th2017.pdf,
phone,pass,Published phone: 0000000271 ,https://mpclg.gov.lk/web/images/divisions/Legal/Animal_Production_and__Health-may_16th2017.pdf,
phone,pass,Published phone: 0000000468 ,https://mpclg.gov.lk/web/images/divisions/Legal/Animal_Production_and__Health-may_16th2017.pdf,
phone,pass,Published phone: 0000018882 ,https://mpclg.gov.lk/web/images/divisions/Legal/Animal_Production_and__Health-may_16th2017.pdf,
phone,pass,Published phone: 0000000407 ,https://mpclg.gov.lk/web/images/divisions/Legal/Animal_Production_and__Health-may_16th2017.pdf,
phone,pass,Published phone: 0000000272 ,https://mpclg.gov.lk/web/images/divisions/Legal/Animal_Production_and__Health-may_16th2017.pdf,
phone,pass,Published phone: 0000000062 ,https://mpclg.gov.lk/web/images/divisions/Legal/Animal_Production_and__Health-may_16th2017.pdf,
phone,pass,Published phone: 0000000330 ,https://mpclg.gov.lk/web/images/divisions/Legal/Animal_Production_and__Health-may_16th2017.pdf,
phone,pass,Published phone: 0000000451 ,https://mpclg.gov.lk/web/images/divisions/Legal/Animal_Production_and__Health-may_16th2017.pdf,
phone,pass,Published phone: 0000000593 ,https://mpclg.gov.lk/web/images/divisions/Legal/Animal_Production_and__Health-may_16th2017.pdf,
phone,pass,Published phone: 0000000563 ,https://mpclg.gov.lk/web/images/divisions/Legal/Animal_Production_and__Health-may_16th2017.pdf,
phone,pass,Published phone: 0000000075 ,https://mpclg.gov.lk/web/images/divisions/Legal/Animal_Production_and__Health-may_16th2017.pdf,
phone,pass,Published phone: 0000000068 ,https://mpclg.gov.lk/web/images/divisions/Legal/Animal_Production_and__Health-may_16th2017.pdf,
phone,pass,Published phone: 0000000249 ,https://mpclg.gov.lk/web/images/divisions/Legal/Animal_Production_and__Health-may_16th2017.pdf,
phone,pass,Published phone: 0000000509 ,https://mpclg.gov.lk/web/images/divisions/Legal/Animal_Production_and__Health-may_16th2017.pdf,
phone,pass,Published phone: 0000000138 ,https://mpclg.gov.lk/web/images/divisions/Legal/Animal_Production_and__Health-may_16th2017.pdf,
phone,pass,Published phone: 0000000376 ,https://mpclg.gov.lk/web/images/divisions/Legal/Animal_Production_and__Health-may_16th2017.pdf,
phone,pass,Published phone: 0000000415 ,https://mpclg.gov.lk/web/images/divisions/Legal/Animal_Production_and__Health-may_16th2017.pdf,
phone,pass,Published phone: 0000000409 ,https://mpclg.gov.lk/web/images/divisions/Legal/Animal_Production_and__Health-may_16th2017.pdf,
phone,pass,Published phone: 0000000618 ,https://mpclg.gov.lk/web/images/divisions/Legal/Animal_Production_and__Health-may_16th2017.pdf,
phone,pass,Published phone: 0000000201 ,https://mpclg.gov.lk/web/images/divisions/Legal/Animal_Production_and__Health-may_16th2017.pdf,
phone,pass,Published phone: 0000000332 ,https://mpclg.gov.lk/web/images/divisions/Legal/Animal_Production_and__Health-may_16th2017.pdf,
phone,pass,Published phone: 0000000354 ,https://mpclg.gov.lk/web/images/divisions/Legal/Animal_Production_and__Health-may_16th2017.pdf,
phone,pass,Published phone: 0000000169 ,https://mpclg.gov.lk/web/images/divisions/Legal/Animal_Production_and__Health-may_16th2017.pdf,
phone,pass,Published phone: 0000000536 ,https://mpclg.gov.lk/web/images/divisions/Legal/Animal_Production_and__Health-may_16th2017.pdf,
phone,pass,Published phone: 0000043141 ,https://mpclg.gov.lk/web/images/divisions/Legal/Animal_Production_and__Health-may_16th2017.pdf,
phone,pass,Published phone: 0000000137 ,https://mpclg.gov.lk/web/images/divisions/Legal/Animal_Production_and__Health-may_16th2017.pdf,
phone,pass,Published phone: 0000000273 ,https://mpclg.gov.lk/web/images/divisions/Legal/Animal_Production_and__Health-may_16th2017.pdf,
phone,pass,Published phone: 0000000481 ,https://mpclg.gov.lk/web/images/divisions/Legal/Animal_Production_and__Health-may_16th2017.pdf,
phone,pass,Published phone: 0000000588 ,https://mpclg.gov.lk/web/images/divisions/Legal/Animal_Production_and__Health-may_16th2017.pdf,
phone,pass,Published phone: 0000000228 ,https://mpclg.gov.lk/web/images/divisions/Legal/Animal_Production_and__Health-may_16th2017.pdf,
phone,pass,Published phone: 0000005511 ,https://mpclg.gov.lk/web/images/divisions/Legal/Animal_Production_and__Health-may_16th2017.pdf,
phone,pass,Published phone: 0000000328 ,https://mpclg.gov.lk/web/images/divisions/Legal/Animal_Production_and__Health-may_16th2017.pdf,
phone,pass,Published phone: 0000000516 ,https://mpclg.gov.lk/web/images/divisions/Legal/Animal_Production_and__Health-may_16th2017.pdf,
phone,pass,Published phone: 0000000464 ,https://mpclg.gov.lk/web/images/divisions/Legal/Animal_Production_and__Health-may_16th2017.pdf,
phone,pass,Published phone: 0000000570 ,https://mpclg.gov.lk/web/images/divisions/Legal/Animal_Production_and__Health-may_16th2017.pdf,
phone,pass,Published phone: 0000000260 ,https://mpclg.gov.lk/web/images/divisions/Legal/Animal_Production_and__Health-may_16th2017.pdf,
phone,pass,Published phone: 0 0 0 0 267 0 0 0 ,https://mpclg.gov.lk/web/images/divisions/Legal/Animal_Production_and__Health-may_16th2017.pdf,
phone,pass,Published phone: 0000047151 ,https://mpclg.gov.lk/web/images/divisions/Legal/Animal_Production_and__Health-may_16th2017.pdf,
phone,pass,Published phone: 0000000314 ,https://mpclg.gov.lk/web/images/divisions/Legal/Animal_Production_and__Health-may_16th2017.pdf,
phone,pass,Published phone: 0000000285 ,https://mpclg.gov.lk/web/images/divisions/Legal/Animal_Production_and__Health-may_16th2017.pdf,
phone,pass,Published phone: 0000000108 ,https://mpclg.gov.lk/web/images/divisions/Legal/Animal_Production_and__Health-may_16th2017.pdf,
phone,pass,Published phone: 0000000597 ,https://mpclg.gov.lk/web/images/divisions/Legal/Animal_Production_and__Health-may_16th2017.pdf,
phone,pass,Published phone: 0000000389 ,https://mpclg.gov.lk/web/images/divisions/Legal/Animal_Production_and__Health-may_16th2017.pdf,
phone,pass,Published phone: 0000039576 ,https://mpclg.gov.lk/web/images/divisions/Legal/Animal_Production_and__Health-may_16th2017.pdf,
phone,pass,Published phone: 0000425563 ,https://mpclg.gov.lk/web/images/divisions/Legal/Animal_Production_and__Health-may_16th2017.pdf,
phone,pass,Published phone: 0000000487 ,https://mpclg.gov.lk/web/images/divisions/Legal/Animal_Production_and__Health-may_16th2017.pdf,
phone,pass,Published phone: 0000000418 ,https://mpclg.gov.lk/web/images/divisions/Legal/Animal_Production_and__Health-may_16th2017.pdf,
phone,pass,Published phone: 0000000239 ,https://mpclg.gov.lk/web/images/divisions/Legal/Animal_Production_and__Health-may_16th2017.pdf,
phone,pass,Published phone: 0 0 0 0 0 0 0 312 ,https://mpclg.gov.lk/web/images/divisions/Legal/Animal_Production_and__Health-may_16th2017.pdf,
phone,pass,Published phone: 0000000436 ,https://mpclg.gov.lk/web/images/divisions/Legal/Animal_Production_and__Health-may_16th2017.pdf,
phone,pass,Published phone: 0000000337 ,https://mpclg.gov.lk/web/images/divisions/Legal/Animal_Production_and__Health-may_16th2017.pdf,
phone,pass,Published phone: 0000000568 ,https://mpclg.gov.lk/web/images/divisions/Legal/Animal_Production_and__Health-may_16th2017.pdf,
phone,pass,Published phone: 0000000485 ,https://mpclg.gov.lk/web/images/divisions/Legal/Animal_Production_and__Health-may_16th2017.pdf,
phone,pass,Published phone: 0000000517 ,https://mpclg.gov.lk/web/images/divisions/Legal/Animal_Production_and__Health-may_16th2017.pdf,
phone,pass,Published phone: 0000000296 ,https://mpclg.gov.lk/web/images/divisions/Legal/Animal_Production_and__Health-may_16th2017.pdf,
phone,pass,Published phone: 0000010206 ,https://mpclg.gov.lk/web/images/divisions/Legal/Animal_Production_and__Health-may_16th2017.pdf,
phone,pass,Published phone: 0000000600 ,https://mpclg.gov.lk/web/images/divisions/Legal/Animal_Production_and__Health-may_16th2017.pdf,
phone,pass,Published phone: 0000000506 ,https://mpclg.gov.lk/web/images/divisions/Legal/Animal_Production_and__Health-may_16th2017.pdf,
phone,pass,Published phone: 0000000528 ,https://mpclg.gov.lk/web/images/divisions/Legal/Animal_Production_and__Health-may_16th2017.pdf,
phone,pass,Published phone: 0000000377 ,https://mpclg.gov.lk/web/images/divisions/Legal/Animal_Production_and__Health-may_16th2017.pdf,
phone,pass,Published phone: 0000000334 ,https://mpclg.gov.lk/web/images/divisions/Legal/Animal_Production_and__Health-may_16th2017.pdf,
phone,pass,Published phone: 0000000063 ,https://mpclg.gov.lk/web/images/divisions/Legal/Animal_Production_and__Health-may_16th2017.pdf,
phone,pass,Published phone: 0000004971 ,https://mpclg.gov.lk/web/images/divisions/Legal/Animal_Production_and__Health-may_16th2017.pdf,
phone,pass,Published phone: 0000005773 ,https://mpclg.gov.lk/web/images/divisions/Legal/Animal_Production_and__Health-may_16th2017.pdf,
phone,pass,Published phone: 0000000524 ,https://mpclg.gov.lk/web/images/divisions/Legal/Animal_Production_and__Health-may_16th2017.pdf,
phone,pass,Published phone: 0000000613 ,https://mpclg.gov.lk/web/images/divisions/Legal/Animal_Production_and__Health-may_16th2017.pdf,
phone,pass,Published phone: 0000000541 ,https://mpclg.gov.lk/web/images/divisions/Legal/Animal_Production_and__Health-may_16th2017.pdf,
phone,pass,Published phone: 0000070444 ,https://mpclg.gov.lk/web/images/divisions/Legal/Animal_Production_and__Health-may_16th2017.pdf,
phone,pass,Published phone: 0000000162 ,https://mpclg.gov.lk/web/images/divisions/Legal/Animal_Production_and__Health-may_16th2017.pdf,
phone,pass,Published phone: 0000000186 ,https://mpclg.gov.lk/web/images/divisions/Legal/Animal_Production_and__Health-may_16th2017.pdf,
phone,pass,Published phone: 0000000515 ,https://mpclg.gov.lk/web/images/divisions/Legal/Animal_Production_and__Health-may_16th2017.pdf,
phone,pass,Published phone: 0000000085 ,https://mpclg.gov.lk/web/images/divisions/Legal/Animal_Production_and__Health-may_16th2017.pdf,
phone,pass,Published phone: 0000022590 ,https://mpclg.gov.lk/web/images/divisions/Legal/Animal_Production_and__Health-may_16th2017.pdf,
phone,pass,Published phone: 0000000087 ,https://mpclg.gov.lk/web/images/divisions/Legal/Animal_Production_and__Health-may_16th2017.pdf,
phone,pass,Published phone: 0000000473 ,https://mpclg.gov.lk/web/images/divisions/Legal/Animal_Production_and__Health-may_16th2017.pdf,
phone,pass,Published phone: 0000000210 ,https://mpclg.gov.lk/web/images/divisions/Legal/Animal_Production_and__Health-may_16th2017.pdf,
phone,pass,Published phone: 0000000067 ,https://mpclg.gov.lk/web/images/divisions/Legal/Animal_Production_and__Health-may_16th2017.pdf,
phone,pass,Published phone: 0000000097 ,https://mpclg.gov.lk/web/images/divisions/Legal/Animal_Production_and__Health-may_16th2017.pdf,
phone,pass,Published phone: 0000000193 ,https://mpclg.gov.lk/web/images/divisions/Legal/Animal_Production_and__Health-may_16th2017.pdf,
phone,pass,Published phone: 0000000530 ,https://mpclg.gov.lk/web/images/divisions/Legal/Animal_Production_and__Health-may_16th2017.pdf,
phone,pass,Published phone: 0000000141 ,https://mpclg.gov.lk/web/images/divisions/Legal/Animal_Production_and__Health-may_16th2017.pdf,
phone,pass,Published phone: 0000000396 ,https://mpclg.gov.lk/web/images/divisions/Legal/Animal_Production_and__Health-may_16th2017.pdf,
phone,pass,Published phone: 0 0 0 276 0 0 0 0 ,https://mpclg.gov.lk/web/images/divisions/Legal/Animal_Production_and__Health-may_16th2017.pdf,
phone,pass,Published phone: 0000000527 ,https://mpclg.gov.lk/web/images/divisions/Legal/Animal_Production_and__Health-may_16th2017.pdf,
phone,pass,Published phone: 0000000538 ,https://mpclg.gov.lk/web/images/divisions/Legal/Animal_Production_and__Health-may_16th2017.pdf,
phone,pass,Published phone: 0000000601 ,https://mpclg.gov.lk/web/images/divisions/Legal/Animal_Production_and__Health-may_16th2017.pdf,
phone,pass,Published phone: 0000000232 ,https://mpclg.gov.lk/web/images/divisions/Legal/Animal_Production_and__Health-may_16th2017.pdf,
phone,pass,Published phone: 0000000336 ,https://mpclg.gov.lk/web/images/divisions/Legal/Animal_Production_and__Health-may_16th2017.pdf,
phone,pass,Published phone: 0000000124 ,https://mpclg.gov.lk/web/images/divisions/Legal/Animal_Production_and__Health-may_16th2017.pdf,
phone,pass,Published phone: 0000000503 ,https://mpclg.gov.lk/web/images/divisions/Legal/Animal_Production_and__Health-may_16th2017.pdf,
phone,pass,Published phone: 0000000470 ,https://mpclg.gov.lk/web/images/divisions/Legal/Animal_Production_and__Health-may_16th2017.pdf,
phone,pass,Published phone: 0000000471 ,https://mpclg.gov.lk/web/images/divisions/Legal/Animal_Production_and__Health-may_16th2017.pdf,
phone,pass,Published phone: 0000000460 ,https://mpclg.gov.lk/web/images/divisions/Legal/Animal_Production_and__Health-may_16th2017.pdf,
phone,pass,Published phone: 0000000372 ,https://mpclg.gov.lk/web/images/divisions/Legal/Animal_Production_and__Health-may_16th2017.pdf,
phone,pass,Published phone: 0000000167 ,https://mpclg.gov.lk/web/images/divisions/Legal/Animal_Production_and__Health-may_16th2017.pdf,
phone,pass,Published phone: 0000000251 ,https://mpclg.gov.lk/web/images/divisions/Legal/Animal_Production_and__Health-may_16th2017.pdf,
phone,pass,Published phone: 0000000626 ,https://mpclg.gov.lk/web/images/divisions/Legal/Animal_Production_and__Health-may_16th2017.pdf,
phone,pass,Published phone: 0000000145 ,https://mpclg.gov.lk/web/images/divisions/Legal/Animal_Production_and__Health-may_16th2017.pdf,
phone,pass,Published phone: 0000000128 ,https://mpclg.gov.lk/web/images/divisions/Legal/Animal_Production_and__Health-may_16th2017.pdf,
phone,pass,Published phone: 0000000202 ,https://mpclg.gov.lk/web/images/divisions/Legal/Animal_Production_and__Health-may_16th2017.pdf,
phone,pass,Published phone: 0000015278 ,https://mpclg.gov.lk/web/images/divisions/Legal/Animal_Production_and__Health-may_16th2017.pdf,
phone,pass,Published phone: 0000000267 ,https://mpclg.gov.lk/web/images/divisions/Legal/Animal_Production_and__Health-may_16th2017.pdf,
phone,pass,Published phone: 0000000494 ,https://mpclg.gov.lk/web/images/divisions/Legal/Animal_Production_and__Health-may_16th2017.pdf,
phone,pass,Published phone: 0000000143 ,https://mpclg.gov.lk/web/images/divisions/Legal/Animal_Production_and__Health-may_16th2017.pdf,
phone,pass,Published phone: 0000000479 ,https://mpclg.gov.lk/web/images/divisions/Legal/Animal_Production_and__Health-may_16th2017.pdf,
phone,pass,Published phone: 0000000591 ,https://mpclg.gov.lk/web/images/divisions/Legal/Animal_Production_and__Health-may_16th2017.pdf,
phone,pass,Published phone: 0000000531 ,https://mpclg.gov.lk/web/images/divisions/Legal/Animal_Production_and__Health-may_16th2017.pdf,
phone,pass,Published phone: 0000000152 ,https://mpclg.gov.lk/web/images/divisions/Legal/Animal_Production_and__Health-may_16th2017.pdf,
phone,pass,Published phone: 0000000382 ,https://mpclg.gov.lk/web/images/divisions/Legal/Animal_Production_and__Health-may_16th2017.pdf,
phone,pass,Published phone: 0000000311 ,https://mpclg.gov.lk/web/images/divisions/Legal/Animal_Production_and__Health-may_16th2017.pdf,
phone,pass,Published phone: 0000000224 ,https://mpclg.gov.lk/web/images/divisions/Legal/Animal_Production_and__Health-may_16th2017.pdf,
phone,pass,Published phone: 0000000526 ,https://mpclg.gov.lk/web/images/divisions/Legal/Animal_Production_and__Health-may_16th2017.pdf,
phone,pass,Published phone: 0 239 455 230 ,https://mpclg.gov.lk/web/images/divisions/Legal/Animal_Production_and__Health-may_16th2017.pdf,
phone,pass,Published phone: 0000000098 ,https://mpclg.gov.lk/web/images/divisions/Legal/Animal_Production_and__Health-may_16th2017.pdf,
phone,pass,Published phone: 0000000564 ,https://mpclg.gov.lk/web/images/divisions/Legal/Animal_Production_and__Health-may_16th2017.pdf,
phone,pass,Published phone: 0000000073 ,https://mpclg.gov.lk/web/images/divisions/Legal/Animal_Production_and__Health-may_16th2017.pdf,
phone,pass,Published phone: 0000000157 ,https://mpclg.gov.lk/web/images/divisions/Legal/Animal_Production_and__Health-may_16th2017.pdf,
phone,pass,Published phone: 0000000253 ,https://mpclg.gov.lk/web/images/divisions/Legal/Animal_Production_and__Health-may_16th2017.pdf,
phone,pass,Published phone: 0000000371 ,https://mpclg.gov.lk/web/images/divisions/Legal/Animal_Production_and__Health-may_16th2017.pdf,
phone,pass,Published phone: 0000000387 ,https://mpclg.gov.lk/web/images/divisions/Legal/Animal_Production_and__Health-may_16th2017.pdf,
phone,pass,Published phone: 0000000095 ,https://mpclg.gov.lk/web/images/divisions/Legal/Animal_Production_and__Health-may_16th2017.pdf,
phone,pass,Published phone: 0000000553 ,https://mpclg.gov.lk/web/images/divisions/Legal/Animal_Production_and__Health-may_16th2017.pdf,
phone,pass,Published phone: 0000000433 ,https://mpclg.gov.lk/web/images/divisions/Legal/Animal_Production_and__Health-may_16th2017.pdf,
phone,pass,Published phone: 0000000571 ,https://mpclg.gov.lk/web/images/divisions/Legal/Animal_Production_and__Health-may_16th2017.pdf,
phone,pass,Published phone: 0000000216 ,https://mpclg.gov.lk/web/images/divisions/Legal/Animal_Production_and__Health-may_16th2017.pdf,
phone,pass,Published phone: 0000000231 ,https://mpclg.gov.lk/web/images/divisions/Legal/Animal_Production_and__Health-may_16th2017.pdf,
phone,pass,Published phone: 0000005380 ,https://mpclg.gov.lk/web/images/divisions/Legal/Animal_Production_and__Health-may_16th2017.pdf,
phone,pass,Published phone: 0000000263 ,https://mpclg.gov.lk/web/images/divisions/Legal/Animal_Production_and__Health-may_16th2017.pdf,
phone,pass,Published phone: 0000000184 ,https://mpclg.gov.lk/web/images/divisions/Legal/Animal_Production_and__Health-may_16th2017.pdf,
phone,pass,Published phone: 0000000294 ,https://mpclg.gov.lk/web/images/divisions/Legal/Animal_Production_and__Health-may_16th2017.pdf,
phone,pass,Published phone: 0000000307 ,https://mpclg.gov.lk/web/images/divisions/Legal/Animal_Production_and__Health-may_16th2017.pdf,
phone,pass,Published phone: 0 513 0 514 34,https://mpclg.gov.lk/web/images/divisions/Legal/Animal_Production_and__Health-may_16th2017.pdf,
phone,pass,Published phone: 0000000615 ,https://mpclg.gov.lk/web/images/divisions/Legal/Animal_Production_and__Health-may_16th2017.pdf,
phone,pass,Published phone: 0000031041 ,https://mpclg.gov.lk/web/images/divisions/Legal/Animal_Production_and__Health-may_16th2017.pdf,
phone,pass,Published phone: 0000000574 ,https://mpclg.gov.lk/web/images/divisions/Legal/Animal_Production_and__Health-may_16th2017.pdf,
phone,pass,Published phone: 0000000496 ,https://mpclg.gov.lk/web/images/divisions/Legal/Animal_Production_and__Health-may_16th2017.pdf,
phone,pass,Published phone: 0000000122 ,https://mpclg.gov.lk/web/images/divisions/Legal/Animal_Production_and__Health-may_16th2017.pdf,
phone,pass,Published phone: 0000000585 ,https://mpclg.gov.lk/web/images/divisions/Legal/Animal_Production_and__Health-may_16th2017.pdf,
phone,pass,Published phone: 0000000059 ,https://mpclg.gov.lk/web/images/divisions/Legal/Animal_Production_and__Health-may_16th2017.pdf,
phone,pass,Published phone: 0 401 0 0 0 0 0 3,https://mpclg.gov.lk/web/images/divisions/Legal/Animal_Production_and__Health-may_16th2017.pdf,
phone,pass,Published phone: 0000000594 ,https://mpclg.gov.lk/web/images/divisions/Legal/Animal_Production_and__Health-may_16th2017.pdf,
phone,pass,Published phone: 0000000164 ,https://mpclg.gov.lk/web/images/divisions/Legal/Animal_Production_and__Health-may_16th2017.pdf,
phone,pass,Published phone: 0000000078 ,https://mpclg.gov.lk/web/images/divisions/Legal/Animal_Production_and__Health-may_16th2017.pdf,
phone,pass,Published phone: 0000000592 ,https://mpclg.gov.lk/web/images/divisions/Legal/Animal_Production_and__Health-may_16th2017.pdf,
phone,pass,Published phone: 0000000394 ,https://mpclg.gov.lk/web/images/divisions/Legal/Animal_Production_and__Health-may_16th2017.pdf,
phone,pass,Published phone: 0000000581 ,https://mpclg.gov.lk/web/images/divisions/Legal/Animal_Production_and__Health-may_16th2017.pdf,
phone,pass,Published phone: 0000000240 ,https://mpclg.gov.lk/web/images/divisions/Legal/Animal_Production_and__Health-may_16th2017.pdf,
phone,pass,Published phone: 0000000236 ,https://mpclg.gov.lk/web/images/divisions/Legal/Animal_Production_and__Health-may_16th2017.pdf,
phone,pass,Published phone: 0000015046 ,https://mpclg.gov.lk/web/images/divisions/Legal/Animal_Production_and__Health-may_16th2017.pdf,
phone,pass,Published phone: 0000000627 ,https://mpclg.gov.lk/web/images/divisions/Legal/Animal_Production_and__Health-may_16th2017.pdf,
phone,pass,Published phone: 0000000611 ,https://mpclg.gov.lk/web/images/divisions/Legal/Animal_Production_and__Health-may_16th2017.pdf,
phone,pass,Published phone: 0000000149 ,https://mpclg.gov.lk/web/images/divisions/Legal/Animal_Production_and__Health-may_16th2017.pdf,
phone,pass,Published phone: 0000000504 ,https://mpclg.gov.lk/web/images/divisions/Legal/Animal_Production_and__Health-may_16th2017.pdf,
phone,pass,Published phone: 0000000361 ,https://mpclg.gov.lk/web/images/divisions/Legal/Animal_Production_and__Health-may_16th2017.pdf,
phone,pass,Published phone: 0000000266 ,https://mpclg.gov.lk/web/images/divisions/Legal/Animal_Production_and__Health-may_16th2017.pdf,
phone,pass,Published phone: 0000000339 ,https://mpclg.gov.lk/web/images/divisions/Legal/Animal_Production_and__Health-may_16th2017.pdf,
phone,pass,Published phone: 0000000366 ,https://mpclg.gov.lk/web/images/divisions/Legal/Animal_Production_and__Health-may_16th2017.pdf,
phone,pass,Published phone: 0000000207 ,https://mpclg.gov.lk/web/images/divisions/Legal/Animal_Production_and__Health-may_16th2017.pdf,
phone,pass,Published phone: 0000000416 ,https://mpclg.gov.lk/web/images/divisions/Legal/Animal_Production_and__Health-may_16th2017.pdf,
phone,pass,Published phone: 0000000562 ,https://mpclg.gov.lk/web/images/divisions/Legal/Animal_Production_and__Health-may_16th2017.pdf,
phone,pass,Published phone: 0000000089 ,https://mpclg.gov.lk/web/images/divisions/Legal/Animal_Production_and__Health-may_16th2017.pdf,
phone,pass,Published phone: 0000000300 ,https://mpclg.gov.lk/web/images/divisions/Legal/Animal_Production_and__Health-may_16th2017.pdf,
phone,pass,Published phone: 0000000233 ,https://mpclg.gov.lk/web/images/divisions/Legal/Animal_Production_and__Health-may_16th2017.pdf,
phone,pass,Published phone: 0000000200 ,https://mpclg.gov.lk/web/images/divisions/Legal/Animal_Production_and__Health-may_16th2017.pdf,
phone,pass,Published phone: 0000000125 ,https://mpclg.gov.lk/web/images/divisions/Legal/Animal_Production_and__Health-may_16th2017.pdf,
phone,pass,Published phone: 0000000118 ,https://mpclg.gov.lk/web/images/divisions/Legal/Animal_Production_and__Health-may_16th2017.pdf,
phone,pass,Published phone: 0000014992 ,https://mpclg.gov.lk/web/images/divisions/Legal/Animal_Production_and__Health-may_16th2017.pdf,
phone,pass,Published phone: 0000000123 ,https://mpclg.gov.lk/web/images/divisions/Legal/Animal_Production_and__Health-may_16th2017.pdf,
phone,pass,Published phone: 0000000405 ,https://mpclg.gov.lk/web/images/divisions/Legal/Animal_Production_and__Health-may_16th2017.pdf,
phone,pass,Published phone: 0000000612 ,https://mpclg.gov.lk/web/images/divisions/Legal/Animal_Production_and__Health-may_16th2017.pdf,
phone,pass,Published phone: 0000000500 ,https://mpclg.gov.lk/web/images/divisions/Legal/Animal_Production_and__Health-may_16th2017.pdf,
phone,pass,Published phone: 0000000175 ,https://mpclg.gov.lk/web/images/divisions/Legal/Animal_Production_and__Health-may_16th2017.pdf,
phone,pass,Published phone: 0000060429 ,https://mpclg.gov.lk/web/images/divisions/Legal/Animal_Production_and__Health-may_16th2017.pdf,
phone,pass,Published phone: 0000000446 ,https://mpclg.gov.lk/web/images/divisions/Legal/Animal_Production_and__Health-may_16th2017.pdf,
phone,pass,Published phone: 0000014938 ,https://mpclg.gov.lk/web/images/divisions/Legal/Animal_Production_and__Health-may_16th2017.pdf,
phone,pass,Published phone: 0000000163 ,https://mpclg.gov.lk/web/images/divisions/Legal/Animal_Production_and__Health-may_16th2017.pdf,
phone,pass,Published phone: 0000000102 ,https://mpclg.gov.lk/web/images/divisions/Legal/Animal_Production_and__Health-may_16th2017.pdf,
phone,pass,Published phone: 0000000278 ,https://mpclg.gov.lk/web/images/divisions/Legal/Animal_Production_and__Health-may_16th2017.pdf,
phone,pass,Published phone: 0000000335 ,https://mpclg.gov.lk/web/images/divisions/Legal/Animal_Production_and__Health-may_16th2017.pdf,
phone,pass,Published phone: 0000000258 ,https://mpclg.gov.lk/web/images/divisions/Legal/Animal_Production_and__Health-may_16th2017.pdf,
phone,pass,Published phone: 0000000223 ,https://mpclg.gov.lk/web/images/divisions/Legal/Animal_Production_and__Health-may_16th2017.pdf,
phone,pass,Published phone: 0000000315 ,https://mpclg.gov.lk/web/images/divisions/Legal/Animal_Production_and__Health-may_16th2017.pdf,
phone,pass,Published phone: 0000000445 ,https://mpclg.gov.lk/web/images/divisions/Legal/Animal_Production_and__Health-may_16th2017.pdf,
phone,pass,Published phone: 0000000179 ,https://mpclg.gov.lk/web/images/divisions/Legal/Animal_Production_and__Health-may_16th2017.pdf,
phone,pass,Published phone: 0000000556 ,https://mpclg.gov.lk/web/images/divisions/Legal/Animal_Production_and__Health-may_16th2017.pdf,
phone,pass,Published phone: 0000000365 ,https://mpclg.gov.lk/web/images/divisions/Legal/Animal_Production_and__Health-may_16th2017.pdf,
phone,pass,Published phone: 0000000486 ,https://mpclg.gov.lk/web/images/divisions/Legal/Animal_Production_and__Health-may_16th2017.pdf,
phone,pass,Published phone: 0000047384 ,https://mpclg.gov.lk/web/images/divisions/Legal/Animal_Production_and__Health-may_16th2017.pdf,
phone,pass,Published phone: 0000000566 ,https://mpclg.gov.lk/web/images/divisions/Legal/Animal_Production_and__Health-may_16th2017.pdf,
phone,pass,Published phone: 0000000552 ,https://mpclg.gov.lk/web/images/divisions/Legal/Animal_Production_and__Health-may_16th2017.pdf,
phone,pass,Published phone: 0000000465 ,https://mpclg.gov.lk/web/images/divisions/Legal/Animal_Production_and__Health-may_16th2017.pdf,
phone,pass,Published phone: 0000000572 ,https://mpclg.gov.lk/web/images/divisions/Legal/Animal_Production_and__Health-may_16th2017.pdf,
phone,pass,Published phone: 0000000064 ,https://mpclg.gov.lk/web/images/divisions/Legal/Animal_Production_and__Health-may_16th2017.pdf,
phone,pass,Published phone: 0000000455 ,https://mpclg.gov.lk/web/images/divisions/Legal/Animal_Production_and__Health-may_16th2017.pdf,
phone,pass,Published phone: 0000000447 ,https://mpclg.gov.lk/web/images/divisions/Legal/Animal_Production_and__Health-may_16th2017.pdf,
phone,pass,Published phone: 0000000419 ,https://mpclg.gov.lk/web/images/divisions/Legal/Animal_Production_and__Health-may_16th2017.pdf,
phone,pass,Published phone: 0000000320 ,https://mpclg.gov.lk/web/images/divisions/Legal/Animal_Production_and__Health-may_16th2017.pdf,
phone,pass,Published phone: 0000000197 ,https://mpclg.gov.lk/web/images/divisions/Legal/Animal_Production_and__Health-may_16th2017.pdf,
phone,pass,Published phone: 0000000196 ,https://mpclg.gov.lk/web/images/divisions/Legal/Animal_Production_and__Health-may_16th2017.pdf,
phone,pass,Published phone: 0000000265 ,https://mpclg.gov.lk/web/images/divisions/Legal/Animal_Production_and__Health-may_16th2017.pdf,
phone,pass,Published phone: 0000046722 ,https://mpclg.gov.lk/web/images/divisions/Legal/Animal_Production_and__Health-may_16th2017.pdf,
phone,pass,Published phone: 0000000449 ,https://mpclg.gov.lk/web/images/divisions/Legal/Animal_Production_and__Health-may_16th2017.pdf,
phone,pass,Published phone: 06 252 0 507 5,https://mpclg.gov.lk/web/images/divisions/Legal/Animal_Production_and__Health-may_16th2017.pdf,
phone,pass,Published phone: 0000000187 ,https://mpclg.gov.lk/web/images/divisions/Legal/Animal_Production_and__Health-may_16th2017.pdf,
phone,pass,Published phone: 0000000312 ,https://mpclg.gov.lk/web/images/divisions/Legal/Animal_Production_and__Health-may_16th2017.pdf,
phone,pass,Published phone: 0000000142 ,https://mpclg.gov.lk/web/images/divisions/Legal/Animal_Production_and__Health-may_16th2017.pdf,
phone,pass,Published phone: 0 0 498 0 479 5,https://mpclg.gov.lk/web/images/divisions/Legal/Animal_Production_and__Health-may_16th2017.pdf,
phone,pass,Published phone: 0000000348 ,https://mpclg.gov.lk/web/images/divisions/Legal/Animal_Production_and__Health-may_16th2017.pdf,
phone,pass,Published phone: 0000000074 ,https://mpclg.gov.lk/web/images/divisions/Legal/Animal_Production_and__Health-may_16th2017.pdf,
phone,pass,Published phone: 0000000131 ,https://mpclg.gov.lk/web/images/divisions/Legal/Animal_Production_and__Health-may_16th2017.pdf,
phone,pass,Published phone: 0000000550 ,https://mpclg.gov.lk/web/images/divisions/Legal/Animal_Production_and__Health-may_16th2017.pdf,
phone,pass,Published phone: 0000000246 ,https://mpclg.gov.lk/web/images/divisions/Legal/Animal_Production_and__Health-may_16th2017.pdf,
phone,pass,Published phone: 0000000403 ,https://mpclg.gov.lk/web/images/divisions/Legal/Animal_Production_and__Health-may_16th2017.pdf,
phone,pass,Published phone: 0000000170 ,https://mpclg.gov.lk/web/images/divisions/Legal/Animal_Production_and__Health-may_16th2017.pdf,
phone,pass,Published phone: 0000000559 ,https://mpclg.gov.lk/web/images/divisions/Legal/Animal_Production_and__Health-may_16th2017.pdf,
phone,pass,Published phone: 0000011282 ,https://mpclg.gov.lk/web/images/divisions/Legal/Animal_Production_and__Health-may_16th2017.pdf,
phone,pass,Published phone: 0000000305 ,https://mpclg.gov.lk/web/images/divisions/Legal/Animal_Production_and__Health-may_16th2017.pdf,
phone,pass,Published phone: 0000000156 ,https://mpclg.gov.lk/web/images/divisions/Legal/Animal_Production_and__Health-may_16th2017.pdf,
phone,pass,Published phone: 0000000121 ,https://mpclg.gov.lk/web/images/divisions/Legal/Animal_Production_and__Health-may_16th2017.pdf,
phone,pass,Published phone: 0000000331 ,https://mpclg.gov.lk/web/images/divisions/Legal/Animal_Production_and__Health-may_16th2017.pdf,
phone,pass,Published phone: 0000000096 ,https://mpclg.gov.lk/web/images/divisions/Legal/Animal_Production_and__Health-may_16th2017.pdf,
phone,pass,Published phone: 0000000192 ,https://mpclg.gov.lk/web/images/divisions/Legal/Animal_Production_and__Health-may_16th2017.pdf,
phone,pass,Published phone: 0000030800 ,https://mpclg.gov.lk/web/images/divisions/Legal/Animal_Production_and__Health-may_16th2017.pdf,
phone,pass,Published phone: 0000000355 ,https://mpclg.gov.lk/web/images/divisions/Legal/Animal_Production_and__Health-may_16th2017.pdf,
phone,pass,Published phone: 0000000226 ,https://mpclg.gov.lk/web/images/divisions/Legal/Animal_Production_and__Health-may_16th2017.pdf,
phone,pass,Published phone: 0000000148 ,https://mpclg.gov.lk/web/images/divisions/Legal/Animal_Production_and__Health-may_16th2017.pdf,
phone,pass,Published phone: 0000005539 ,https://mpclg.gov.lk/web/images/divisions/Legal/Animal_Production_and__Health-may_16th2017.pdf,
phone,pass,Published phone: 0000000589 ,https://mpclg.gov.lk/web/images/divisions/Legal/Animal_Production_and__Health-may_16th2017.pdf,
phone,pass,Published phone: 0000000256 ,https://mpclg.gov.lk/web/images/divisions/Legal/Animal_Production_and__Health-may_16th2017.pdf,
phone,pass,Published phone: 0000000424 ,https://mpclg.gov.lk/web/images/divisions/Legal/Animal_Production_and__Health-may_16th2017.pdf,
phone,pass,Published phone: 0000000252 ,https://mpclg.gov.lk/web/images/divisions/Legal/Animal_Production_and__Health-may_16th2017.pdf,
phone,pass,Published phone: 0 488 0 637 0 2,https://mpclg.gov.lk/web/images/divisions/Legal/Animal_Production_and__Health-may_16th2017.pdf,
phone,pass,Published phone: 0000000576 ,https://mpclg.gov.lk/web/images/divisions/Legal/Animal_Production_and__Health-may_16th2017.pdf,
phone,pass,Published phone: 0000051259 ,https://mpclg.gov.lk/web/images/divisions/Legal/Animal_Production_and__Health-may_16th2017.pdf,
phone,pass,Published phone: 0000000414 ,https://mpclg.gov.lk/web/images/divisions/Legal/Animal_Production_and__Health-may_16th2017.pdf,
phone,pass,Published phone: 0000000357 ,https://mpclg.gov.lk/web/images/divisions/Legal/Animal_Production_and__Health-may_16th2017.pdf,
phone,pass,Published phone: 0000000353 ,https://mpclg.gov.lk/web/images/divisions/Legal/Animal_Production_and__Health-may_16th2017.pdf,
phone,pass,Published phone: 0000000362 ,https://mpclg.gov.lk/web/images/divisions/Legal/Animal_Production_and__Health-may_16th2017.pdf,
phone,pass,Published phone: 0000000146 ,https://mpclg.gov.lk/web/images/divisions/Legal/Animal_Production_and__Health-may_16th2017.pdf,
phone,pass,Published phone: 0000000304 ,https://mpclg.gov.lk/web/images/divisions/Legal/Animal_Production_and__Health-may_16th2017.pdf,
phone,pass,Published phone: 0000000519 ,https://mpclg.gov.lk/web/images/divisions/Legal/Animal_Production_and__Health-may_16th2017.pdf,
phone,pass,Published phone: 0000000421 ,https://mpclg.gov.lk/web/images/divisions/Legal/Animal_Production_and__Health-may_16th2017.pdf,
phone,pass,Published phone: 0000000440 ,https://mpclg.gov.lk/web/images/divisions/Legal/Animal_Production_and__Health-may_16th2017.pdf,
phone,pass,Published phone: 0000000508 ,https://mpclg.gov.lk/web/images/divisions/Legal/Animal_Production_and__Health-may_16th2017.pdf,
phone,pass,Published phone: 0 268 268 252 ,https://mpclg.gov.lk/web/images/divisions/Legal/Animal_Production_and__Health-may_16th2017.pdf,
phone,pass,Published phone: 0000000411 ,https://mpclg.gov.lk/web/images/divisions/Legal/Animal_Production_and__Health-may_16th2017.pdf,
phone,pass,Published phone: 0000000488 ,https://mpclg.gov.lk/web/images/divisions/Legal/Animal_Production_and__Health-may_16th2017.pdf,
phone,pass,Published phone: 0000000502 ,https://mpclg.gov.lk/web/images/divisions/Legal/Animal_Production_and__Health-may_16th2017.pdf,
phone,pass,Published phone: 0000035777 ,https://mpclg.gov.lk/web/images/divisions/Legal/Animal_Production_and__Health-may_16th2017.pdf,
phone,pass,Published phone: 0000000082 ,https://mpclg.gov.lk/web/images/divisions/Legal/Animal_Production_and__Health-may_16th2017.pdf,
phone,pass,Published phone: 0000000554 ,https://mpclg.gov.lk/web/images/divisions/Legal/Animal_Production_and__Health-may_16th2017.pdf,
phone,pass,Published phone: 0000000114 ,https://mpclg.gov.lk/web/images/divisions/Legal/Animal_Production_and__Health-may_16th2017.pdf,
phone,pass,Published phone: 0000260347 ,https://mpclg.gov.lk/web/images/divisions/Legal/Animal_Production_and__Health-may_16th2017.pdf,
phone,pass,Published phone: 0000000103 ,https://mpclg.gov.lk/web/images/divisions/Legal/Animal_Production_and__Health-may_16th2017.pdf,
phone,pass,Published phone: 0000000120 ,https://mpclg.gov.lk/web/images/divisions/Legal/Animal_Production_and__Health-may_16th2017.pdf,
phone,pass,Published phone: 0000000268 ,https://mpclg.gov.lk/web/images/divisions/Legal/Animal_Production_and__Health-may_16th2017.pdf,
phone,pass,Published phone: 0000000490 ,https://mpclg.gov.lk/web/images/divisions/Legal/Animal_Production_and__Health-may_16th2017.pdf,
phone,pass,Published phone: 0000000274 ,https://mpclg.gov.lk/web/images/divisions/Legal/Animal_Production_and__Health-may_16th2017.pdf,
phone,pass,Published phone: 0000425615 ,https://mpclg.gov.lk/web/images/divisions/Legal/Animal_Production_and__Health-may_16th2017.pdf,
phone,pass,Published phone: 0000000534 ,https://mpclg.gov.lk/web/images/divisions/Legal/Animal_Production_and__Health-may_16th2017.pdf,
phone,pass,Published phone: 0000000248 ,https://mpclg.gov.lk/web/images/divisions/Legal/Animal_Production_and__Health-may_16th2017.pdf,
phone,pass,Published phone: 0000000326 ,https://mpclg.gov.lk/web/images/divisions/Legal/Animal_Production_and__Health-may_16th2017.pdf,
phone,pass,Published phone: 0000259905 ,https://mpclg.gov.lk/web/images/divisions/Legal/Animal_Production_and__Health-may_16th2017.pdf,
phone,pass,Published phone: 0000000159 ,https://mpclg.gov.lk/web/images/divisions/Legal/Animal_Production_and__Health-may_16th2017.pdf,
phone,pass,Published phone: 0000000215 ,https://mpclg.gov.lk/web/images/divisions/Legal/Animal_Production_and__Health-may_16th2017.pdf,
phone,pass,Published phone: 0000000325 ,https://mpclg.gov.lk/web/images/divisions/Legal/Animal_Production_and__Health-may_16th2017.pdf,
phone,pass,Published phone: 0000000441 ,https://mpclg.gov.lk/web/images/divisions/Legal/Animal_Production_and__Health-may_16th2017.pdf,
phone,pass,Published phone: 0000000070 ,https://mpclg.gov.lk/web/images/divisions/Legal/Animal_Production_and__Health-may_16th2017.pdf,
phone,pass,Published phone: 0000000493 ,https://mpclg.gov.lk/web/images/divisions/Legal/Animal_Production_and__Health-may_16th2017.pdf,
phone,pass,Published phone: 0000026079 ,https://mpclg.gov.lk/web/images/divisions/Legal/Animal_Production_and__Health-may_16th2017.pdf,
phone,pass,Published phone: 0000000384 ,https://mpclg.gov.lk/web/images/divisions/Legal/Animal_Production_and__Health-may_16th2017.pdf,
phone,pass,Published phone: 0000000086 ,https://mpclg.gov.lk/web/images/divisions/Legal/Animal_Production_and__Health-may_16th2017.pdf,
phone,pass,Published phone: 0000000363 ,https://mpclg.gov.lk/web/images/divisions/Legal/Animal_Production_and__Health-may_16th2017.pdf,
phone,pass,Published phone: 0000010796 ,https://mpclg.gov.lk/web/images/divisions/Legal/Animal_Production_and__Health-may_16th2017.pdf,
phone,pass,Published phone: 0000000302 ,https://mpclg.gov.lk/web/images/divisions/Legal/Animal_Production_and__Health-may_16th2017.pdf,
phone,pass,Published phone: 0000000338 ,https://mpclg.gov.lk/web/images/divisions/Legal/Animal_Production_and__Health-may_16th2017.pdf,
phone,pass,Published phone: 0000000437 ,https://mpclg.gov.lk/web/images/divisions/Legal/Animal_Production_and__Health-may_16th2017.pdf,
phone,pass,Published phone: 0000000299 ,https://mpclg.gov.lk/web/images/divisions/Legal/Animal_Production_and__Health-may_16th2017.pdf,
phone,pass,Published phone: 05 471 525 23,https://mpclg.gov.lk/web/images/divisions/Legal/Animal_Production_and__Health-may_16th2017.pdf,
phone,pass,Published phone: 0000000158 ,https://mpclg.gov.lk/web/images/divisions/Legal/Animal_Production_and__Health-may_16th2017.pdf,
phone,pass,Published phone: 0000000607 ,https://mpclg.gov.lk/web/images/divisions/Legal/Animal_Production_and__Health-may_16th2017.pdf,
phone,pass,Published phone: 0000000185 ,https://mpclg.gov.lk/web/images/divisions/Legal/Animal_Production_and__Health-may_16th2017.pdf,
phone,pass,Published phone: 0000000324 ,https://mpclg.gov.lk/web/images/divisions/Legal/Animal_Production_and__Health-may_16th2017.pdf,
phone,pass,Published phone: 0000000237 ,https://mpclg.gov.lk/web/images/divisions/Legal/Animal_Production_and__Health-may_16th2017.pdf,
phone,pass,Published phone: 0000000535 ,https://mpclg.gov.lk/web/images/divisions/Legal/Animal_Production_and__Health-may_16th2017.pdf,
phone,pass,Published phone: 0000000752 ,https://mpclg.gov.lk/web/images/divisions/Legal/Co-operative_Societies_ETR.pdf,
phone,pass,Published phone: 0000002621 ,https://mpclg.gov.lk/web/images/divisions/Legal/Co-operative_Societies_ETR.pdf,
phone,pass,Published phone: 0000001339 ,https://mpclg.gov.lk/web/images/divisions/Legal/Co-operative_Societies_ETR.pdf,
phone,pass,Published phone: 0000002554 ,https://mpclg.gov.lk/web/images/divisions/Legal/Co-operative_Societies_ETR.pdf,
phone,pass,Published phone: 0000001457 ,https://mpclg.gov.lk/web/images/divisions/Legal/Co-operative_Societies_ETR.pdf,
phone,pass,Published phone: 0000001040 ,https://mpclg.gov.lk/web/images/divisions/Legal/Co-operative_Societies_ETR.pdf,
phone,pass,Published phone: 0000002293 ,https://mpclg.gov.lk/web/images/divisions/Legal/Co-operative_Societies_ETR.pdf,
phone,pass,Published phone: 0000002840 ,https://mpclg.gov.lk/web/images/divisions/Legal/Co-operative_Societies_ETR.pdf,
phone,pass,Published phone: 0000002178 ,https://mpclg.gov.lk/web/images/divisions/Legal/Co-operative_Societies_ETR.pdf,
phone,pass,Published phone: 0000001273 ,https://mpclg.gov.lk/web/images/divisions/Legal/Co-operative_Societies_ETR.pdf,
phone,pass,Published phone: 0000000398 ,https://mpclg.gov.lk/web/images/divisions/Legal/Co-operative_Societies_ETR.pdf,
phone,pass,Published phone: 0000000491 ,https://mpclg.gov.lk/web/images/divisions/Legal/Co-operative_Societies_ETR.pdf,
phone,pass,Published phone: 0000001546 ,https://mpclg.gov.lk/web/images/divisions/Legal/Co-operative_Societies_ETR.pdf,
phone,pass,Published phone: 0000515973 ,https://mpclg.gov.lk/web/images/divisions/Legal/Co-operative_Societies_ETR.pdf,
phone,pass,Published phone: 0000001859 ,https://mpclg.gov.lk/web/images/divisions/Legal/Co-operative_Societies_ETR.pdf,
phone,pass,Published phone: 0000002123 ,https://mpclg.gov.lk/web/images/divisions/Legal/Co-operative_Societies_ETR.pdf,
phone,pass,Published phone: 0000001327 ,https://mpclg.gov.lk/web/images/divisions/Legal/Co-operative_Societies_ETR.pdf,
phone,pass,Published phone: 0000001085 ,https://mpclg.gov.lk/web/images/divisions/Legal/Co-operative_Societies_ETR.pdf,
phone,pass,Published phone: 0000002436 ,https://mpclg.gov.lk/web/images/divisions/Legal/Co-operative_Societies_ETR.pdf,
phone,pass,Published phone: 0000001071 ,https://mpclg.gov.lk/web/images/divisions/Legal/Co-operative_Societies_ETR.pdf,
phone,pass,Published phone: 0000002767 ,https://mpclg.gov.lk/web/images/divisions/Legal/Co-operative_Societies_ETR.pdf,
phone,pass,Published phone: 0000002809 ,https://mpclg.gov.lk/web/images/divisions/Legal/Co-operative_Societies_ETR.pdf,
phone,pass,Published phone: 0000001976 ,https://mpclg.gov.lk/web/images/divisions/Legal/Co-operative_Societies_ETR.pdf,
phone,pass,Published phone: 0000000950 ,https://mpclg.gov.lk/web/images/divisions/Legal/Co-operative_Societies_ETR.pdf,
phone,pass,Published phone: 0000001207 ,https://mpclg.gov.lk/web/images/divisions/Legal/Co-operative_Societies_ETR.pdf,
phone,pass,Published phone: 0000001033 ,https://mpclg.gov.lk/web/images/divisions/Legal/Co-operative_Societies_ETR.pdf,
phone,pass,Published phone: 0000001810 ,https://mpclg.gov.lk/web/images/divisions/Legal/Co-operative_Societies_ETR.pdf,
phone,pass,Published phone: 0000001672 ,https://mpclg.gov.lk/web/images/divisions/Legal/Co-operative_Societies_ETR.pdf,
phone,pass,Published phone: 0000000492 ,https://mpclg.gov.lk/web/images/divisions/Legal/Co-operative_Societies_ETR.pdf,
phone,pass,Published phone: 0000001102 ,https://mpclg.gov.lk/web/images/divisions/Legal/Co-operative_Societies_ETR.pdf,
phone,pass,Published phone: 0000002294 ,https://mpclg.gov.lk/web/images/divisions/Legal/Co-operative_Societies_ETR.pdf,
phone,pass,Published phone: 0000001520 ,https://mpclg.gov.lk/web/images/divisions/Legal/Co-operative_Societies_ETR.pdf,
phone,pass,Published phone: 0000000380 ,https://mpclg.gov.lk/web/images/divisions/Legal/Co-operative_Societies_ETR.pdf,
phone,pass,Published phone: 0000199686 ,https://mpclg.gov.lk/web/images/divisions/Legal/Co-operative_Societies_ETR.pdf,
phone,pass,Published phone: 0000001853 ,https://mpclg.gov.lk/web/images/divisions/Legal/Co-operative_Societies_ETR.pdf,
phone,pass,Published phone: 0000000903 ,https://mpclg.gov.lk/web/images/divisions/Legal/Co-operative_Societies_ETR.pdf,
phone,pass,Published phone: 0000001436 ,https://mpclg.gov.lk/web/images/divisions/Legal/Co-operative_Societies_ETR.pdf,
phone,pass,Published phone: 0000000295 ,https://mpclg.gov.lk/web/images/divisions/Legal/Co-operative_Societies_ETR.pdf,
phone,pass,Published phone: 0000001623 ,https://mpclg.gov.lk/web/images/divisions/Legal/Co-operative_Societies_ETR.pdf,
phone,pass,Published phone: 0000001578 ,https://mpclg.gov.lk/web/images/divisions/Legal/Co-operative_Societies_ETR.pdf,
phone,pass,Published phone: 0000002617 ,https://mpclg.gov.lk/web/images/divisions/Legal/Co-operative_Societies_ETR.pdf,
phone,pass,Published phone: 0000000791 ,https://mpclg.gov.lk/web/images/divisions/Legal/Co-operative_Societies_ETR.pdf,
phone,pass,Published phone: 0000001678 ,https://mpclg.gov.lk/web/images/divisions/Legal/Co-operative_Societies_ETR.pdf,
phone,pass,Published phone: 0000000230 ,https://mpclg.gov.lk/web/images/divisions/Legal/Co-operative_Societies_ETR.pdf,
phone,pass,Published phone: 0000005985 ,https://mpclg.gov.lk/web/images/divisions/Legal/Co-operative_Societies_ETR.pdf,
phone,pass,Published phone: 0000002722 ,https://mpclg.gov.lk/web/images/divisions/Legal/Co-operative_Societies_ETR.pdf,
phone,pass,Published phone: 0000000483 ,https://mpclg.gov.lk/web/images/divisions/Legal/Co-operative_Societies_ETR.pdf,
phone,pass,Published phone: 0000000840 ,https://mpclg.gov.lk/web/images/divisions/Legal/Co-operative_Societies_ETR.pdf,
phone,pass,Published phone: 0000001788 ,https://mpclg.gov.lk/web/images/divisions/Legal/Co-operative_Societies_ETR.pdf,
phone,pass,Published phone: 0000000619 ,https://mpclg.gov.lk/web/images/divisions/Legal/Co-operative_Societies_ETR.pdf,
phone,pass,Published phone: 0000001711 ,https://mpclg.gov.lk/web/images/divisions/Legal/Co-operative_Societies_ETR.pdf,
phone,pass,Published phone: 0000002012 ,https://mpclg.gov.lk/web/images/divisions/Legal/Co-operative_Societies_ETR.pdf,
phone,pass,Published phone: 0000001013 ,https://mpclg.gov.lk/web/images/divisions/Legal/Co-operative_Societies_ETR.pdf,
phone,pass,Published phone: 0000001789 ,https://mpclg.gov.lk/web/images/divisions/Legal/Co-operative_Societies_ETR.pdf,
phone,pass,Published phone: 0000001293 ,https://mpclg.gov.lk/web/images/divisions/Legal/Co-operative_Societies_ETR.pdf,
phone,pass,Published phone: 0000000778 ,https://mpclg.gov.lk/web/images/divisions/Legal/Co-operative_Societies_ETR.pdf,
phone,pass,Published phone: 0000001382 ,https://mpclg.gov.lk/web/images/divisions/Legal/Co-operative_Societies_ETR.pdf,
phone,pass,Published phone: 0000000214 ,https://mpclg.gov.lk/web/images/divisions/Legal/Co-operative_Societies_ETR.pdf,
phone,pass,Published phone: 0000002438 ,https://mpclg.gov.lk/web/images/divisions/Legal/Co-operative_Societies_ETR.pdf,
phone,pass,Published phone: 0000001000 ,https://mpclg.gov.lk/web/images/divisions/Legal/Co-operative_Societies_ETR.pdf,
phone,pass,Published phone: 0000001248 ,https://mpclg.gov.lk/web/images/divisions/Legal/Co-operative_Societies_ETR.pdf,
phone,pass,Published phone: 0000167105 ,https://mpclg.gov.lk/web/images/divisions/Legal/Co-operative_Societies_ETR.pdf,
phone,pass,Published phone: 0000174601 ,https://mpclg.gov.lk/web/images/divisions/Legal/Co-operative_Societies_ETR.pdf,
phone,pass,Published phone: 0000002545 ,https://mpclg.gov.lk/web/images/divisions/Legal/Co-operative_Societies_ETR.pdf,
phone,pass,Published phone: 0000001253 ,https://mpclg.gov.lk/web/images/divisions/Legal/Co-operative_Societies_ETR.pdf,
phone,pass,Published phone: 0000000478 ,https://mpclg.gov.lk/web/images/divisions/Legal/Co-operative_Societies_ETR.pdf,
phone,pass,Published phone: 0000000828 ,https://mpclg.gov.lk/web/images/divisions/Legal/Co-operative_Societies_ETR.pdf,
phone,pass,Published phone: 0000217987 ,https://mpclg.gov.lk/web/images/divisions/Legal/Co-operative_Societies_ETR.pdf,
phone,pass,Published phone: 0000001298 ,https://mpclg.gov.lk/web/images/divisions/Legal/Co-operative_Societies_ETR.pdf,
phone,pass,Published phone: 0000002745 ,https://mpclg.gov.lk/web/images/divisions/Legal/Co-operative_Societies_ETR.pdf,
phone,pass,Published phone: 0000001184 ,https://mpclg.gov.lk/web/images/divisions/Legal/Co-operative_Societies_ETR.pdf,
phone,pass,Published phone: 0000000833 ,https://mpclg.gov.lk/web/images/divisions/Legal/Co-operative_Societies_ETR.pdf,
phone,pass,Published phone: 0000001529 ,https://mpclg.gov.lk/web/images/divisions/Legal/Co-operative_Societies_ETR.pdf,
phone,pass,Published phone: 00 553 444 61,https://mpclg.gov.lk/web/images/divisions/Legal/Co-operative_Societies_ETR.pdf,
phone,pass,Published phone: 0000001260 ,https://mpclg.gov.lk/web/images/divisions/Legal/Co-operative_Societies_ETR.pdf,
phone,pass,Published phone: 0000002594 ,https://mpclg.gov.lk/web/images/divisions/Legal/Co-operative_Societies_ETR.pdf,
phone,pass,Published phone: 0000001045 ,https://mpclg.gov.lk/web/images/divisions/Legal/Co-operative_Societies_ETR.pdf,
phone,pass,Published phone: 0000001408 ,https://mpclg.gov.lk/web/images/divisions/Legal/Co-operative_Societies_ETR.pdf,
phone,pass,Published phone: 0000040101 ,https://mpclg.gov.lk/web/images/divisions/Legal/Co-operative_Societies_ETR.pdf,
phone,pass,Published phone: 0000002274 ,https://mpclg.gov.lk/web/images/divisions/Legal/Co-operative_Societies_ETR.pdf,
phone,pass,Published phone: 0000001282 ,https://mpclg.gov.lk/web/images/divisions/Legal/Co-operative_Societies_ETR.pdf,
phone,pass,Published phone: 0000002821 ,https://mpclg.gov.lk/web/images/divisions/Legal/Co-operative_Societies_ETR.pdf,
phone,pass,Published phone: 0000000234 ,https://mpclg.gov.lk/web/images/divisions/Legal/Co-operative_Societies_ETR.pdf,
phone,pass,Published phone: 0000001173 ,https://mpclg.gov.lk/web/images/divisions/Legal/Co-operative_Societies_ETR.pdf,
phone,pass,Published phone: 0000002069 ,https://mpclg.gov.lk/web/images/divisions/Legal/Co-operative_Societies_ETR.pdf,
phone,pass,Published phone: 0000002746 ,https://mpclg.gov.lk/web/images/divisions/Legal/Co-operative_Societies_ETR.pdf,
phone,pass,Published phone: 0000002665 ,https://mpclg.gov.lk/web/images/divisions/Legal/Co-operative_Societies_ETR.pdf,
phone,pass,Published phone: 0000002218 ,https://mpclg.gov.lk/web/images/divisions/Legal/Co-operative_Societies_ETR.pdf,
phone,pass,Published phone: 0000000461 ,https://mpclg.gov.lk/web/images/divisions/Legal/Co-operative_Societies_ETR.pdf,
phone,pass,Published phone: 0000002361 ,https://mpclg.gov.lk/web/images/divisions/Legal/Co-operative_Societies_ETR.pdf,
phone,pass,Published phone: 0000000393 ,https://mpclg.gov.lk/web/images/divisions/Legal/Co-operative_Societies_ETR.pdf,
phone,pass,Published phone: 0000002104 ,https://mpclg.gov.lk/web/images/divisions/Legal/Co-operative_Societies_ETR.pdf,
phone,pass,Published phone: 0000002598 ,https://mpclg.gov.lk/web/images/divisions/Legal/Co-operative_Societies_ETR.pdf,
phone,pass,Published phone: 0000000636 ,https://mpclg.gov.lk/web/images/divisions/Legal/Co-operative_Societies_ETR.pdf,
phone,pass,Published phone: 0000001230 ,https://mpclg.gov.lk/web/images/divisions/Legal/Co-operative_Societies_ETR.pdf,
phone,pass,Published phone: 04 0 668 525 6,https://mpclg.gov.lk/web/images/divisions/Legal/Co-operative_Societies_ETR.pdf,
phone,pass,Published phone: 0000000532 ,https://mpclg.gov.lk/web/images/divisions/Legal/Co-operative_Societies_ETR.pdf,
phone,pass,Published phone: 0000001888 ,https://mpclg.gov.lk/web/images/divisions/Legal/Co-operative_Societies_ETR.pdf,
phone,pass,Published phone: 0 0 0 0 0 0 0 0 33,https://mpclg.gov.lk/web/images/divisions/Legal/Co-operative_Societies_ETR.pdf,
phone,pass,Published phone: 0000000549 ,https://mpclg.gov.lk/web/images/divisions/Legal/Co-operative_Societies_ETR.pdf,
phone,pass,Published phone: 0000000889 ,https://mpclg.gov.lk/web/images/divisions/Legal/Co-operative_Societies_ETR.pdf,
phone,pass,Published phone: 0000006893 ,https://mpclg.gov.lk/web/images/divisions/Legal/Co-operative_Societies_ETR.pdf,
phone,pass,Published phone: 0000002100 ,https://mpclg.gov.lk/web/images/divisions/Legal/Co-operative_Societies_ETR.pdf,
phone,pass,Published phone: 0000002232 ,https://mpclg.gov.lk/web/images/divisions/Legal/Co-operative_Societies_ETR.pdf,
phone,pass,Published phone: 0000002558 ,https://mpclg.gov.lk/web/images/divisions/Legal/Co-operative_Societies_ETR.pdf,
phone,pass,Published phone: 0000002717 ,https://mpclg.gov.lk/web/images/divisions/Legal/Co-operative_Societies_ETR.pdf,
phone,pass,Published phone: 0000001947 ,https://mpclg.gov.lk/web/images/divisions/Legal/Co-operative_Societies_ETR.pdf,
phone,pass,Published phone: 0000000208 ,https://mpclg.gov.lk/web/images/divisions/Legal/Co-operative_Societies_ETR.pdf,
phone,pass,Published phone: 0000000544 ,https://mpclg.gov.lk/web/images/divisions/Legal/Co-operative_Societies_ETR.pdf,
phone,pass,Published phone: 0000001830 ,https://mpclg.gov.lk/web/images/divisions/Legal/Co-operative_Societies_ETR.pdf,
phone,pass,Published phone: 0000002574 ,https://mpclg.gov.lk/web/images/divisions/Legal/Co-operative_Societies_ETR.pdf,
phone,pass,Published phone: 0000001221 ,https://mpclg.gov.lk/web/images/divisions/Legal/Co-operative_Societies_ETR.pdf,
phone,pass,Published phone: 0000002659 ,https://mpclg.gov.lk/web/images/divisions/Legal/Co-operative_Societies_ETR.pdf,
phone,pass,Published phone: 0000000364 ,https://mpclg.gov.lk/web/images/divisions/Legal/Co-operative_Societies_ETR.pdf,
phone,pass,Published phone: 0000001191 ,https://mpclg.gov.lk/web/images/divisions/Legal/Co-operative_Societies_ETR.pdf,
phone,pass,Published phone: 0000002022 ,https://mpclg.gov.lk/web/images/divisions/Legal/Co-operative_Societies_ETR.pdf,
phone,pass,Published phone: 0000001902 ,https://mpclg.gov.lk/web/images/divisions/Legal/Co-operative_Societies_ETR.pdf,
phone,pass,Published phone: 0000147214 ,https://mpclg.gov.lk/web/images/divisions/Legal/Co-operative_Societies_ETR.pdf,
phone,pass,Published phone: 0000000247 ,https://mpclg.gov.lk/web/images/divisions/Legal/Co-operative_Societies_ETR.pdf,
phone,pass,Published phone: 0000000712 ,https://mpclg.gov.lk/web/images/divisions/Legal/Co-operative_Societies_ETR.pdf,
phone,pass,Published phone: 0000000614 ,https://mpclg.gov.lk/web/images/divisions/Legal/Co-operative_Societies_ETR.pdf,
phone,pass,Published phone: 0000001456 ,https://mpclg.gov.lk/web/images/divisions/Legal/Co-operative_Societies_ETR.pdf,
phone,pass,Published phone: 0000002748 ,https://mpclg.gov.lk/web/images/divisions/Legal/Co-operative_Societies_ETR.pdf,
phone,pass,Published phone: 0000001821 ,https://mpclg.gov.lk/web/images/divisions/Legal/Co-operative_Societies_ETR.pdf,
phone,pass,Published phone: 0000001849 ,https://mpclg.gov.lk/web/images/divisions/Legal/Co-operative_Societies_ETR.pdf,
phone,pass,Published phone: 0000002003 ,https://mpclg.gov.lk/web/images/divisions/Legal/Co-operative_Societies_ETR.pdf,
phone,pass,Published phone: 0000002134 ,https://mpclg.gov.lk/web/images/divisions/Legal/Co-operative_Societies_ETR.pdf,
phone,pass,Published phone: 0000002644 ,https://mpclg.gov.lk/web/images/divisions/Legal/Co-operative_Societies_ETR.pdf,
phone,pass,Published phone: 0000000742 ,https://mpclg.gov.lk/web/images/divisions/Legal/Co-operative_Societies_ETR.pdf,
phone,pass,Published phone: 0000001464 ,https://mpclg.gov.lk/web/images/divisions/Legal/Co-operative_Societies_ETR.pdf,
phone,pass,Published phone: 0000001776 ,https://mpclg.gov.lk/web/images/divisions/Legal/Co-operative_Societies_ETR.pdf,
phone,pass,Published phone: 0000002827 ,https://mpclg.gov.lk/web/images/divisions/Legal/Co-operative_Societies_ETR.pdf,
phone,pass,Published phone: 0000000910 ,https://mpclg.gov.lk/web/images/divisions/Legal/Co-operative_Societies_ETR.pdf,
phone,pass,Published phone: 0000002046 ,https://mpclg.gov.lk/web/images/divisions/Legal/Co-operative_Societies_ETR.pdf,
phone,pass,Published phone: 0000001972 ,https://mpclg.gov.lk/web/images/divisions/Legal/Co-operative_Societies_ETR.pdf,
phone,pass,Published phone: 0000002394 ,https://mpclg.gov.lk/web/images/divisions/Legal/Co-operative_Societies_ETR.pdf,
phone,pass,Published phone: 0000002579 ,https://mpclg.gov.lk/web/images/divisions/Legal/Co-operative_Societies_ETR.pdf,
phone,pass,Published phone: 0000000855 ,https://mpclg.gov.lk/web/images/divisions/Legal/Co-operative_Societies_ETR.pdf,
phone,pass,Published phone: 0000002611 ,https://mpclg.gov.lk/web/images/divisions/Legal/Co-operative_Societies_ETR.pdf,
phone,pass,Published phone: 0000000895 ,https://mpclg.gov.lk/web/images/divisions/Legal/Co-operative_Societies_ETR.pdf,
phone,pass,Published phone: 0000000763 ,https://mpclg.gov.lk/web/images/divisions/Legal/Co-operative_Societies_ETR.pdf,
phone,pass,Published phone: 0000001356 ,https://mpclg.gov.lk/web/images/divisions/Legal/Co-operative_Societies_ETR.pdf,
phone,pass,Published phone: 0000002855 ,https://mpclg.gov.lk/web/images/divisions/Legal/Co-operative_Societies_ETR.pdf,
phone,pass,Published phone: 0000002124 ,https://mpclg.gov.lk/web/images/divisions/Legal/Co-operative_Societies_ETR.pdf,
phone,pass,Published phone: 0000000754 ,https://mpclg.gov.lk/web/images/divisions/Legal/Co-operative_Societies_ETR.pdf,
phone,pass,Published phone: 0000000431 ,https://mpclg.gov.lk/web/images/divisions/Legal/Co-operative_Societies_ETR.pdf,
phone,pass,Published phone: 0000001536 ,https://mpclg.gov.lk/web/images/divisions/Legal/Co-operative_Societies_ETR.pdf,
phone,pass,Published phone: 0000002006 ,https://mpclg.gov.lk/web/images/divisions/Legal/Co-operative_Societies_ETR.pdf,
phone,pass,Published phone: 0000002826 ,https://mpclg.gov.lk/web/images/divisions/Legal/Co-operative_Societies_ETR.pdf,
phone,pass,Published phone: 0 2879 00000,https://mpclg.gov.lk/web/images/divisions/Legal/Co-operative_Societies_ETR.pdf,
phone,pass,Published phone: 0000000898 ,https://mpclg.gov.lk/web/images/divisions/Legal/Co-operative_Societies_ETR.pdf,
phone,pass,Published phone: 0000031810 ,https://mpclg.gov.lk/web/images/divisions/Legal/Co-operative_Societies_ETR.pdf,
phone,pass,Published phone: 0000000250 ,https://mpclg.gov.lk/web/images/divisions/Legal/Co-operative_Societies_ETR.pdf,
phone,pass,Published phone: 0000000346 ,https://mpclg.gov.lk/web/images/divisions/Legal/Co-operative_Societies_ETR.pdf,
phone,pass,Published phone: 0000000948 ,https://mpclg.gov.lk/web/images/divisions/Legal/Co-operative_Societies_ETR.pdf,
phone,pass,Published phone: 0000000673 ,https://mpclg.gov.lk/web/images/divisions/Legal/Co-operative_Societies_ETR.pdf,
phone,pass,Published phone: 0000000831 ,https://mpclg.gov.lk/web/images/divisions/Legal/Co-operative_Societies_ETR.pdf,
phone,pass,Published phone: 0000000310 ,https://mpclg.gov.lk/web/images/divisions/Legal/Co-operative_Societies_ETR.pdf,
phone,pass,Published phone: 0000001648 ,https://mpclg.gov.lk/web/images/divisions/Legal/Co-operative_Societies_ETR.pdf,
phone,pass,Published phone: 0000001439 ,https://mpclg.gov.lk/web/images/divisions/Legal/Co-operative_Societies_ETR.pdf,
phone,pass,Published phone: 0000002036 ,https://mpclg.gov.lk/web/images/divisions/Legal/Co-operative_Societies_ETR.pdf,
phone,pass,Published phone: 0000001874 ,https://mpclg.gov.lk/web/images/divisions/Legal/Co-operative_Societies_ETR.pdf,
phone,pass,Published phone: 0000001511 ,https://mpclg.gov.lk/web/images/divisions/Legal/Co-operative_Societies_ETR.pdf,
phone,pass,Published phone: 0000001381 ,https://mpclg.gov.lk/web/images/divisions/Legal/Co-operative_Societies_ETR.pdf,
phone,pass,Published phone: 0000001485 ,https://mpclg.gov.lk/web/images/divisions/Legal/Co-operative_Societies_ETR.pdf,
phone,pass,Published phone: 0000001522 ,https://mpclg.gov.lk/web/images/divisions/Legal/Co-operative_Societies_ETR.pdf,
phone,pass,Published phone: 0000001204 ,https://mpclg.gov.lk/web/images/divisions/Legal/Co-operative_Societies_ETR.pdf,
phone,pass,Published phone: 0000000281 ,https://mpclg.gov.lk/web/images/divisions/Legal/Co-operative_Societies_ETR.pdf,
phone,pass,Published phone: 0000001405 ,https://mpclg.gov.lk/web/images/divisions/Legal/Co-operative_Societies_ETR.pdf,
phone,pass,Published phone: 0000001632 ,https://mpclg.gov.lk/web/images/divisions/Legal/Co-operative_Societies_ETR.pdf,
phone,pass,Published phone: 0000002429 ,https://mpclg.gov.lk/web/images/divisions/Legal/Co-operative_Societies_ETR.pdf,
phone,pass,Published phone: 0000002684 ,https://mpclg.gov.lk/web/images/divisions/Legal/Co-operative_Societies_ETR.pdf,
phone,pass,Published phone: 0000000400 ,https://mpclg.gov.lk/web/images/divisions/Legal/Co-operative_Societies_ETR.pdf,
phone,pass,Published phone: 0000000740 ,https://mpclg.gov.lk/web/images/divisions/Legal/Co-operative_Societies_ETR.pdf,
phone,pass,Published phone: 0000001513 ,https://mpclg.gov.lk/web/images/divisions/Legal/Co-operative_Societies_ETR.pdf,
phone,pass,Published phone: 0000001980 ,https://mpclg.gov.lk/web/images/divisions/Legal/Co-operative_Societies_ETR.pdf,
phone,pass,Published phone: 0000002583 ,https://mpclg.gov.lk/web/images/divisions/Legal/Co-operative_Societies_ETR.pdf,
phone,pass,Published phone: 0000000543 ,https://mpclg.gov.lk/web/images/divisions/Legal/Co-operative_Societies_ETR.pdf,
phone,pass,Published phone: 0000001117 ,https://mpclg.gov.lk/web/images/divisions/Legal/Co-operative_Societies_ETR.pdf,
phone,pass,Published phone: 0000001092 ,https://mpclg.gov.lk/web/images/divisions/Legal/Co-operative_Societies_ETR.pdf,
phone,pass,Published phone: 0000000824 ,https://mpclg.gov.lk/web/images/divisions/Legal/Co-operative_Societies_ETR.pdf,
phone,pass,Published phone: 0000001296 ,https://mpclg.gov.lk/web/images/divisions/Legal/Co-operative_Societies_ETR.pdf,
phone,pass,Published phone: 0000002117 ,https://mpclg.gov.lk/web/images/divisions/Legal/Co-operative_Societies_ETR.pdf,
phone,pass,Published phone: 0000002373 ,https://mpclg.gov.lk/web/images/divisions/Legal/Co-operative_Societies_ETR.pdf,
phone,pass,Published phone: 0000000257 ,https://mpclg.gov.lk/web/images/divisions/Legal/Co-operative_Societies_ETR.pdf,
phone,pass,Published phone: 0000001152 ,https://mpclg.gov.lk/web/images/divisions/Legal/Co-operative_Societies_ETR.pdf,
phone,pass,Published phone: 0000001955 ,https://mpclg.gov.lk/web/images/divisions/Legal/Co-operative_Societies_ETR.pdf,
phone,pass,Published phone: 0000000450 ,https://mpclg.gov.lk/web/images/divisions/Legal/Co-operative_Societies_ETR.pdf,
phone,pass,Published phone: 0000001598 ,https://mpclg.gov.lk/web/images/divisions/Legal/Co-operative_Societies_ETR.pdf,
phone,pass,Published phone: 0000002010 ,https://mpclg.gov.lk/web/images/divisions/Legal/Co-operative_Societies_ETR.pdf,
phone,pass,Published phone: 0000001861 ,https://mpclg.gov.lk/web/images/divisions/Legal/Co-operative_Societies_ETR.pdf,
phone,pass,Published phone: 0000000757 ,https://mpclg.gov.lk/web/images/divisions/Legal/Co-operative_Societies_ETR.pdf,
phone,pass,Published phone: 0000001159 ,https://mpclg.gov.lk/web/images/divisions/Legal/Co-operative_Societies_ETR.pdf,
phone,pass,Published phone: 0000001747 ,https://mpclg.gov.lk/web/images/divisions/Legal/Co-operative_Societies_ETR.pdf,
phone,pass,Published phone: 0000001908 ,https://mpclg.gov.lk/web/images/divisions/Legal/Co-operative_Societies_ETR.pdf,
phone,pass,Published phone: 0000002058 ,https://mpclg.gov.lk/web/images/divisions/Legal/Co-operative_Societies_ETR.pdf,
phone,pass,Published phone: 0000001689 ,https://mpclg.gov.lk/web/images/divisions/Legal/Co-operative_Societies_ETR.pdf,
phone,pass,Published phone: 0000001651 ,https://mpclg.gov.lk/web/images/divisions/Legal/Co-operative_Societies_ETR.pdf,
phone,pass,Published phone: 0000001426 ,https://mpclg.gov.lk/web/images/divisions/Legal/Co-operative_Societies_ETR.pdf,
phone,pass,Published phone: 0000000395 ,https://mpclg.gov.lk/web/images/divisions/Legal/Co-operative_Societies_ETR.pdf,
phone,pass,Published phone: 0000002113 ,https://mpclg.gov.lk/web/images/divisions/Legal/Co-operative_Societies_ETR.pdf,
phone,pass,Published phone: 0000001681 ,https://mpclg.gov.lk/web/images/divisions/Legal/Co-operative_Societies_ETR.pdf,
phone,pass,Published phone: 0000000386 ,https://mpclg.gov.lk/web/images/divisions/Legal/Co-operative_Societies_ETR.pdf,
phone,pass,Published phone: 0000000321 ,https://mpclg.gov.lk/web/images/divisions/Legal/Co-operative_Societies_ETR.pdf,
phone,pass,Published phone: 0000001244 ,https://mpclg.gov.lk/web/images/divisions/Legal/Co-operative_Societies_ETR.pdf,
phone,pass,Published phone: 0000001886 ,https://mpclg.gov.lk/web/images/divisions/Legal/Co-operative_Societies_ETR.pdf,
phone,pass,Published phone: 0000001679 ,https://mpclg.gov.lk/web/images/divisions/Legal/Co-operative_Societies_ETR.pdf,
phone,pass,Published phone: 0000001313 ,https://mpclg.gov.lk/web/images/divisions/Legal/Co-operative_Societies_ETR.pdf,
phone,pass,Published phone: 0000000370 ,https://mpclg.gov.lk/web/images/divisions/Legal/Co-operative_Societies_ETR.pdf,
phone,pass,Published phone: 0000238685 ,https://mpclg.gov.lk/web/images/divisions/Legal/Co-operative_Societies_ETR.pdf,
phone,pass,Published phone: 0000001493 ,https://mpclg.gov.lk/web/images/divisions/Legal/Co-operative_Societies_ETR.pdf,
phone,pass,Published phone: 0000000770 ,https://mpclg.gov.lk/web/images/divisions/Legal/Co-operative_Societies_ETR.pdf,
phone,pass,Published phone: 0000000764 ,https://mpclg.gov.lk/web/images/divisions/Legal/Co-operative_Societies_ETR.pdf,
phone,pass,Published phone: 0000000938 ,https://mpclg.gov.lk/web/images/divisions/Legal/Co-operative_Societies_ETR.pdf,
phone,pass,Published phone: 0000002832 ,https://mpclg.gov.lk/web/images/divisions/Legal/Co-operative_Societies_ETR.pdf,
phone,pass,Published phone: 0000000369 ,https://mpclg.gov.lk/web/images/divisions/Legal/Co-operative_Societies_ETR.pdf,
phone,pass,Published phone: 0000001860 ,https://mpclg.gov.lk/web/images/divisions/Legal/Co-operative_Societies_ETR.pdf,
phone,pass,Published phone: 0000002692 ,https://mpclg.gov.lk/web/images/divisions/Legal/Co-operative_Societies_ETR.pdf,
phone,pass,Published phone: 0000000176 ,https://mpclg.gov.lk/web/images/divisions/Legal/Co-operative_Societies_ETR.pdf,
phone,pass,Published phone: 0000001787 ,https://mpclg.gov.lk/web/images/divisions/Legal/Co-operative_Societies_ETR.pdf,
phone,pass,Published phone: 0000002612 ,https://mpclg.gov.lk/web/images/divisions/Legal/Co-operative_Societies_ETR.pdf,
phone,pass,Published phone: 0000001857 ,https://mpclg.gov.lk/web/images/divisions/Legal/Co-operative_Societies_ETR.pdf,
phone,pass,Published phone: 0000001193 ,https://mpclg.gov.lk/web/images/divisions/Legal/Co-operative_Societies_ETR.pdf,
phone,pass,Published phone: 0000000966 ,https://mpclg.gov.lk/web/images/divisions/Legal/Co-operative_Societies_ETR.pdf,
phone,pass,Published phone: 0000001267 ,https://mpclg.gov.lk/web/images/divisions/Legal/Co-operative_Societies_ETR.pdf,
phone,pass,Published phone: 0000000540 ,https://mpclg.gov.lk/web/images/divisions/Legal/Co-operative_Societies_ETR.pdf,
phone,pass,Published phone: 0000043050 ,https://mpclg.gov.lk/web/images/divisions/Legal/Co-operative_Societies_ETR.pdf,
phone,pass,Published phone: 0000000262 ,https://mpclg.gov.lk/web/images/divisions/Legal/Co-operative_Societies_ETR.pdf,
phone,pass,Published phone: 0000001923 ,https://mpclg.gov.lk/web/images/divisions/Legal/Co-operative_Societies_ETR.pdf,
phone,pass,Published phone: 0000002606 ,https://mpclg.gov.lk/web/images/divisions/Legal/Co-operative_Societies_ETR.pdf,
phone,pass,Published phone: 0000002526 ,https://mpclg.gov.lk/web/images/divisions/Legal/Co-operative_Societies_ETR.pdf,
phone,pass,Published phone: 0000001663 ,https://mpclg.gov.lk/web/images/divisions/Legal/Co-operative_Societies_ETR.pdf,
phone,pass,Published phone: 0000002001 ,https://mpclg.gov.lk/web/images/divisions/Legal/Co-operative_Societies_ETR.pdf,
phone,pass,Published phone: 0000001761 ,https://mpclg.gov.lk/web/images/divisions/Legal/Co-operative_Societies_ETR.pdf,
phone,pass,Published phone: 0000001016 ,https://mpclg.gov.lk/web/images/divisions/Legal/Co-operative_Societies_ETR.pdf,
phone,pass,Published phone: 0000113953 ,https://mpclg.gov.lk/web/images/divisions/Legal/Co-operative_Societies_ETR.pdf,
phone,pass,Published phone: 0000000634 ,https://mpclg.gov.lk/web/images/divisions/Legal/Co-operative_Societies_ETR.pdf,
phone,pass,Published phone: 0000002465 ,https://mpclg.gov.lk/web/images/divisions/Legal/Co-operative_Societies_ETR.pdf,
phone,pass,Published phone: 0000002549 ,https://mpclg.gov.lk/web/images/divisions/Legal/Co-operative_Societies_ETR.pdf,
phone,pass,Published phone: 0000000584 ,https://mpclg.gov.lk/web/images/divisions/Legal/Co-operative_Societies_ETR.pdf,
phone,pass,Published phone: 0000001302 ,https://mpclg.gov.lk/web/images/divisions/Legal/Co-operative_Societies_ETR.pdf,
phone,pass,Published phone: 0000078999 ,https://mpclg.gov.lk/web/images/divisions/Legal/Co-operative_Societies_ETR.pdf,
phone,pass,Published phone: 0000001806 ,https://mpclg.gov.lk/web/images/divisions/Legal/Co-operative_Societies_ETR.pdf,
phone,pass,Published phone: 0000001595 ,https://mpclg.gov.lk/web/images/divisions/Legal/Co-operative_Societies_ETR.pdf,
phone,pass,Published phone: 0000002142 ,https://mpclg.gov.lk/web/images/divisions/Legal/Co-operative_Societies_ETR.pdf,
phone,pass,Published phone: 0000002170 ,https://mpclg.gov.lk/web/images/divisions/Legal/Co-operative_Societies_ETR.pdf,
phone,pass,Published phone: 0000001274 ,https://mpclg.gov.lk/web/images/divisions/Legal/Co-operative_Societies_ETR.pdf,
phone,pass,Published phone: 0000031356 ,https://mpclg.gov.lk/web/images/divisions/Legal/Co-operative_Societies_ETR.pdf,
phone,pass,Published phone: 0000001680 ,https://mpclg.gov.lk/web/images/divisions/Legal/Co-operative_Societies_ETR.pdf,
phone,pass,Published phone: 0000000413 ,https://mpclg.gov.lk/web/images/divisions/Legal/Co-operative_Societies_ETR.pdf,
phone,pass,Published phone: 0000002144 ,https://mpclg.gov.lk/web/images/divisions/Legal/Co-operative_Societies_ETR.pdf,
phone,pass,Published phone: 0000001063 ,https://mpclg.gov.lk/web/images/divisions/Legal/Co-operative_Societies_ETR.pdf,
phone,pass,Published phone: 0000000819 ,https://mpclg.gov.lk/web/images/divisions/Legal/Co-operative_Societies_ETR.pdf,
phone,pass,Published phone: 0000000856 ,https://mpclg.gov.lk/web/images/divisions/Legal/Co-operative_Societies_ETR.pdf,
phone,pass,Published phone: 0000002828 ,https://mpclg.gov.lk/web/images/divisions/Legal/Co-operative_Societies_ETR.pdf,
phone,pass,Published phone: 0000000671 ,https://mpclg.gov.lk/web/images/divisions/Legal/Co-operative_Societies_ETR.pdf,
phone,pass,Published phone: 0000000313 ,https://mpclg.gov.lk/web/images/divisions/Legal/Co-operative_Societies_ETR.pdf,
phone,pass,Published phone: 0000000206 ,https://mpclg.gov.lk/web/images/divisions/Legal/Co-operative_Societies_ETR.pdf,
phone,pass,Published phone: 0000002805 ,https://mpclg.gov.lk/web/images/divisions/Legal/Co-operative_Societies_ETR.pdf,
phone,pass,Published phone: 0000000303 ,https://mpclg.gov.lk/web/images/divisions/Legal/Co-operative_Societies_ETR.pdf,
phone,pass,Published phone: 0000002408 ,https://mpclg.gov.lk/web/images/divisions/Legal/Co-operative_Societies_ETR.pdf,
phone,pass,Published phone: 0000005372 ,https://mpclg.gov.lk/web/images/divisions/Legal/Co-operative_Societies_ETR.pdf,
phone,pass,Published phone: 0000002154 ,https://mpclg.gov.lk/web/images/divisions/Legal/Co-operative_Societies_ETR.pdf,
phone,pass,Published phone: 0000002495 ,https://mpclg.gov.lk/web/images/divisions/Legal/Co-operative_Societies_ETR.pdf,
phone,pass,Published phone: 0000002452 ,https://mpclg.gov.lk/web/images/divisions/Legal/Co-operative_Societies_ETR.pdf,
phone,pass,Published phone: 0000002835 ,https://mpclg.gov.lk/web/images/divisions/Legal/Co-operative_Societies_ETR.pdf,
phone,pass,Published phone: 0000002315 ,https://mpclg.gov.lk/web/images/divisions/Legal/Co-operative_Societies_ETR.pdf,
phone,pass,Published phone: 0000002137 ,https://mpclg.gov.lk/web/images/divisions/Legal/Co-operative_Societies_ETR.pdf,
phone,pass,Published phone: 0000000204 ,https://mpclg.gov.lk/web/images/divisions/Legal/Co-operative_Societies_ETR.pdf,
phone,pass,Published phone: 0000001473 ,https://mpclg.gov.lk/web/images/divisions/Legal/Co-operative_Societies_ETR.pdf,
phone,pass,Published phone: 0000002850 ,https://mpclg.gov.lk/web/images/divisions/Legal/Co-operative_Societies_ETR.pdf,
phone,pass,Published phone: 0000001387 ,https://mpclg.gov.lk/web/images/divisions/Legal/Co-operative_Societies_ETR.pdf,
phone,pass,Published phone: 0000001573 ,https://mpclg.gov.lk/web/images/divisions/Legal/Co-operative_Societies_ETR.pdf,
phone,pass,Published phone: 0000000820 ,https://mpclg.gov.lk/web/images/divisions/Legal/Co-operative_Societies_ETR.pdf,
phone,pass,Published phone: 0000002546 ,https://mpclg.gov.lk/web/images/divisions/Legal/Co-operative_Societies_ETR.pdf,
phone,pass,Published phone: 0000001774 ,https://mpclg.gov.lk/web/images/divisions/Legal/Co-operative_Societies_ETR.pdf,
phone,pass,Published phone: 0000001217 ,https://mpclg.gov.lk/web/images/divisions/Legal/Co-operative_Societies_ETR.pdf,
phone,pass,Published phone: 0000001773 ,https://mpclg.gov.lk/web/images/divisions/Legal/Co-operative_Societies_ETR.pdf,
phone,pass,Published phone: 0000001725 ,https://mpclg.gov.lk/web/images/divisions/Legal/Co-operative_Societies_ETR.pdf,
phone,pass,Published phone: 0000001688 ,https://mpclg.gov.lk/web/images/divisions/Legal/Co-operative_Societies_ETR.pdf,
phone,pass,Published phone: 0000001120 ,https://mpclg.gov.lk/web/images/divisions/Legal/Co-operative_Societies_ETR.pdf,
phone,pass,Published phone: 0000002107 ,https://mpclg.gov.lk/web/images/divisions/Legal/Co-operative_Societies_ETR.pdf,
phone,pass,Published phone: 0000000453 ,https://mpclg.gov.lk/web/images/divisions/Legal/Co-operative_Societies_ETR.pdf,
phone,pass,Published phone: 0000002153 ,https://mpclg.gov.lk/web/images/divisions/Legal/Co-operative_Societies_ETR.pdf,
phone,pass,Published phone: 0000002388 ,https://mpclg.gov.lk/web/images/divisions/Legal/Co-operative_Societies_ETR.pdf,
phone,pass,Published phone: 0000002599 ,https://mpclg.gov.lk/web/images/divisions/Legal/Co-operative_Societies_ETR.pdf,
phone,pass,Published phone: 0000001684 ,https://mpclg.gov.lk/web/images/divisions/Legal/Co-operative_Societies_ETR.pdf,
phone,pass,Published phone: 0000001190 ,https://mpclg.gov.lk/web/images/divisions/Legal/Co-operative_Societies_ETR.pdf,
phone,pass,Published phone: 0000002386 ,https://mpclg.gov.lk/web/images/divisions/Legal/Co-operative_Societies_ETR.pdf,
phone,pass,Published phone: 0000023573 ,https://mpclg.gov.lk/web/images/divisions/Legal/Co-operative_Societies_ETR.pdf,
phone,pass,Published phone: 0000002291 ,https://mpclg.gov.lk/web/images/divisions/Legal/Co-operative_Societies_ETR.pdf,
phone,pass,Published phone: 0000000439 ,https://mpclg.gov.lk/web/images/divisions/Legal/Co-operative_Societies_ETR.pdf,
phone,pass,Published phone: 0000002329 ,https://mpclg.gov.lk/web/images/divisions/Legal/Co-operative_Societies_ETR.pdf,
phone,pass,Published phone: 0000001952 ,https://mpclg.gov.lk/web/images/divisions/Legal/Co-operative_Societies_ETR.pdf,
phone,pass,Published phone: 0000002849 ,https://mpclg.gov.lk/web/images/divisions/Legal/Co-operative_Societies_ETR.pdf,
phone,pass,Published phone: 0000001419 ,https://mpclg.gov.lk/web/images/divisions/Legal/Co-operative_Societies_ETR.pdf,
phone,pass,Published phone: 0000000656 ,https://mpclg.gov.lk/web/images/divisions/Legal/Co-operative_Societies_ETR.pdf,
phone,pass,Published phone: 0000453594 ,https://mpclg.gov.lk/web/images/divisions/Legal/Co-operative_Societies_ETR.pdf,
phone,pass,Published phone: 0000000772 ,https://mpclg.gov.lk/web/images/divisions/Legal/Co-operative_Societies_ETR.pdf,
phone,pass,Published phone: 0000002642 ,https://mpclg.gov.lk/web/images/divisions/Legal/Co-operative_Societies_ETR.pdf,
phone,pass,Published phone: 0000002638 ,https://mpclg.gov.lk/web/images/divisions/Legal/Co-operative_Societies_ETR.pdf,
phone,pass,Published phone: 0000001813 ,https://mpclg.gov.lk/web/images/divisions/Legal/Co-operative_Societies_ETR.pdf,
phone,pass,Published phone: 0000000647 ,https://mpclg.gov.lk/web/images/divisions/Legal/Co-operative_Societies_ETR.pdf,
phone,pass,Published phone: 0000001286 ,https://mpclg.gov.lk/web/images/divisions/Legal/Co-operative_Societies_ETR.pdf,
phone,pass,Published phone: 0000002281 ,https://mpclg.gov.lk/web/images/divisions/Legal/Co-operative_Societies_ETR.pdf,
phone,pass,Published phone: 0000002710 ,https://mpclg.gov.lk/web/images/divisions/Legal/Co-operative_Societies_ETR.pdf,
phone,pass,Published phone: 0000001898 ,https://mpclg.gov.lk/web/images/divisions/Legal/Co-operative_Societies_ETR.pdf,
phone,pass,Published phone: 0000002206 ,https://mpclg.gov.lk/web/images/divisions/Legal/Co-operative_Societies_ETR.pdf,
phone,pass,Published phone: 0000001944 ,https://mpclg.gov.lk/web/images/divisions/Legal/Co-operative_Societies_ETR.pdf,
phone,pass,Published phone: 0000002226 ,https://mpclg.gov.lk/web/images/divisions/Legal/Co-operative_Societies_ETR.pdf,
phone,pass,Published phone: 0000000648 ,https://mpclg.gov.lk/web/images/divisions/Legal/Co-operative_Societies_ETR.pdf,
phone,pass,Published phone: 0000001246 ,https://mpclg.gov.lk/web/images/divisions/Legal/Co-operative_Societies_ETR.pdf,
phone,pass,Published phone: 0000001354 ,https://mpclg.gov.lk/web/images/divisions/Legal/Co-operative_Societies_ETR.pdf,
phone,pass,Published phone: 0000002349 ,https://mpclg.gov.lk/web/images/divisions/Legal/Co-operative_Societies_ETR.pdf,
phone,pass,Published phone: 0000001905 ,https://mpclg.gov.lk/web/images/divisions/Legal/Co-operative_Societies_ETR.pdf,
phone,pass,Published phone: 0000002013 ,https://mpclg.gov.lk/web/images/divisions/Legal/Co-operative_Societies_ETR.pdf,
phone,pass,Published phone: 0000083135 ,https://mpclg.gov.lk/web/images/divisions/Legal/Co-operative_Societies_ETR.pdf,
phone,pass,Published phone: 0000001495 ,https://mpclg.gov.lk/web/images/divisions/Legal/Co-operative_Societies_ETR.pdf,
phone,pass,Published phone: 0000002519 ,https://mpclg.gov.lk/web/images/divisions/Legal/Co-operative_Societies_ETR.pdf,
phone,pass,Published phone: 0000000617 ,https://mpclg.gov.lk/web/images/divisions/Legal/Co-operative_Societies_ETR.pdf,
phone,pass,Published phone: 0000155257 ,https://mpclg.gov.lk/web/images/divisions/Legal/Co-operative_Societies_ETR.pdf,
phone,pass,Published phone: 0000001252 ,https://mpclg.gov.lk/web/images/divisions/Legal/Co-operative_Societies_ETR.pdf,
phone,pass,Published phone: 0000001342 ,https://mpclg.gov.lk/web/images/divisions/Legal/Co-operative_Societies_ETR.pdf,
phone,pass,Published phone: 0000002735 ,https://mpclg.gov.lk/web/images/divisions/Legal/Co-operative_Societies_ETR.pdf,
phone,pass,Published phone: 0000001778 ,https://mpclg.gov.lk/web/images/divisions/Legal/Co-operative_Societies_ETR.pdf,
phone,pass,Published phone: 0000000587 ,https://mpclg.gov.lk/web/images/divisions/Legal/Co-operative_Societies_ETR.pdf,
phone,pass,Published phone: 0000002336 ,https://mpclg.gov.lk/web/images/divisions/Legal/Co-operative_Societies_ETR.pdf,
phone,pass,Published phone: 0000002458 ,https://mpclg.gov.lk/web/images/divisions/Legal/Co-operative_Societies_ETR.pdf,
phone,pass,Published phone: 0000002359 ,https://mpclg.gov.lk/web/images/divisions/Legal/Co-operative_Societies_ETR.pdf,
phone,pass,Published phone: 0000001006 ,https://mpclg.gov.lk/web/images/divisions/Legal/Co-operative_Societies_ETR.pdf,
phone,pass,Published phone: 0000000514 ,https://mpclg.gov.lk/web/images/divisions/Legal/Co-operative_Societies_ETR.pdf,
phone,pass,Published phone: 0000001225 ,https://mpclg.gov.lk/web/images/divisions/Legal/Co-operative_Societies_ETR.pdf,
phone,pass,Published phone: 0000002732 ,https://mpclg.gov.lk/web/images/divisions/Legal/Co-operative_Societies_ETR.pdf,
phone,pass,Published phone: 0000000456 ,https://mpclg.gov.lk/web/images/divisions/Legal/Co-operative_Societies_ETR.pdf,
phone,pass,Published phone: 0000402043 ,https://mpclg.gov.lk/web/images/divisions/Legal/Co-operative_Societies_ETR.pdf,
phone,pass,Published phone: 0000002635 ,https://mpclg.gov.lk/web/images/divisions/Legal/Co-operative_Societies_ETR.pdf,
phone,pass,Published phone: 0000000935 ,https://mpclg.gov.lk/web/images/divisions/Legal/Co-operative_Societies_ETR.pdf,
phone,pass,Published phone: 0000002371 ,https://mpclg.gov.lk/web/images/divisions/Legal/Co-operative_Societies_ETR.pdf,
phone,pass,Published phone: 0000001554 ,https://mpclg.gov.lk/web/images/divisions/Legal/Co-operative_Societies_ETR.pdf,
phone,pass,Published phone: 0000000896 ,https://mpclg.gov.lk/web/images/divisions/Legal/Co-operative_Societies_ETR.pdf,
phone,pass,Published phone: 0000000580 ,https://mpclg.gov.lk/web/images/divisions/Legal/Co-operative_Societies_ETR.pdf,
phone,pass,Published phone: 0000001579 ,https://mpclg.gov.lk/web/images/divisions/Legal/Co-operative_Societies_ETR.pdf,
phone,pass,Published phone: 0000001580 ,https://mpclg.gov.lk/web/images/divisions/Legal/Co-operative_Societies_ETR.pdf,
phone,pass,Published phone: 0000000442 ,https://mpclg.gov.lk/web/images/divisions/Legal/Co-operative_Societies_ETR.pdf,
phone,pass,Published phone: 0000000732 ,https://mpclg.gov.lk/web/images/divisions/Legal/Co-operative_Societies_ETR.pdf,
phone,pass,Published phone: 0000001087 ,https://mpclg.gov.lk/web/images/divisions/Legal/Co-operative_Societies_ETR.pdf,
phone,pass,Published phone: 0000001226 ,https://mpclg.gov.lk/web/images/divisions/Legal/Co-operative_Societies_ETR.pdf,
phone,pass,Published phone: 0000001713 ,https://mpclg.gov.lk/web/images/divisions/Legal/Co-operative_Societies_ETR.pdf,
phone,pass,Published phone: 0000001227 ,https://mpclg.gov.lk/web/images/divisions/Legal/Co-operative_Societies_ETR.pdf,
phone,pass,Published phone: 0000002350 ,https://mpclg.gov.lk/web/images/divisions/Legal/Co-operative_Societies_ETR.pdf,
phone,pass,Published phone: 0000001380 ,https://mpclg.gov.lk/web/images/divisions/Legal/Co-operative_Societies_ETR.pdf,
phone,pass,Published phone: 0000002312 ,https://mpclg.gov.lk/web/images/divisions/Legal/Co-operative_Societies_ETR.pdf,
phone,pass,Published phone: 0000001500 ,https://mpclg.gov.lk/web/images/divisions/Legal/Co-operative_Societies_ETR.pdf,
phone,pass,Published phone: 0000002339 ,https://mpclg.gov.lk/web/images/divisions/Legal/Co-operative_Societies_ETR.pdf,
phone,pass,Published phone: 0000000708 ,https://mpclg.gov.lk/web/images/divisions/Legal/Co-operative_Societies_ETR.pdf,
phone,pass,Published phone: 0000000596 ,https://mpclg.gov.lk/web/images/divisions/Legal/Co-operative_Societies_ETR.pdf,
phone,pass,Published phone: 0000001340 ,https://mpclg.gov.lk/web/images/divisions/Legal/Co-operative_Societies_ETR.pdf,
phone,pass,Published phone: 0000000177 ,https://mpclg.gov.lk/web/images/divisions/Legal/Co-operative_Societies_ETR.pdf,
phone,pass,Published phone: 0000001655 ,https://mpclg.gov.lk/web/images/divisions/Legal/Co-operative_Societies_ETR.pdf,
phone,pass,Published phone: 0000001089 ,https://mpclg.gov.lk/web/images/divisions/Legal/Co-operative_Societies_ETR.pdf,
phone,pass,Published phone: 0000002141 ,https://mpclg.gov.lk/web/images/divisions/Legal/Co-operative_Societies_ETR.pdf,
phone,pass,Published phone: 0000238959 ,https://mpclg.gov.lk/web/images/divisions/Legal/Co-operative_Societies_ETR.pdf,
phone,pass,Published phone: 0000002576 ,https://mpclg.gov.lk/web/images/divisions/Legal/Co-operative_Societies_ETR.pdf,
phone,pass,Published phone: 0000002792 ,https://mpclg.gov.lk/web/images/divisions/Legal/Co-operative_Societies_ETR.pdf,
phone,pass,Published phone: 0000000827 ,https://mpclg.gov.lk/web/images/divisions/Legal/Co-operative_Societies_ETR.pdf,
phone,pass,Published phone: 0000000780 ,https://mpclg.gov.lk/web/images/divisions/Legal/Co-operative_Societies_ETR.pdf,
phone,pass,Published phone: 0000001185 ,https://mpclg.gov.lk/web/images/divisions/Legal/Co-operative_Societies_ETR.pdf,
phone,pass,Published phone: 0000002472 ,https://mpclg.gov.lk/web/images/divisions/Legal/Co-operative_Societies_ETR.pdf,
phone,pass,Published phone: 0000000350 ,https://mpclg.gov.lk/web/images/divisions/Legal/Co-operative_Societies_ETR.pdf,
phone,pass,Published phone: 0000002674 ,https://mpclg.gov.lk/web/images/divisions/Legal/Co-operative_Societies_ETR.pdf,
phone,pass,Published phone: 0000001030 ,https://mpclg.gov.lk/web/images/divisions/Legal/Co-operative_Societies_ETR.pdf,
phone,pass,Published phone: 0000000351 ,https://mpclg.gov.lk/web/images/divisions/Legal/Co-operative_Societies_ETR.pdf,
phone,pass,Published phone: 0000002152 ,https://mpclg.gov.lk/web/images/divisions/Legal/Co-operative_Societies_ETR.pdf,
phone,pass,Published phone: 0000002252 ,https://mpclg.gov.lk/web/images/divisions/Legal/Co-operative_Societies_ETR.pdf,
phone,pass,Published phone: 0000000513 ,https://mpclg.gov.lk/web/images/divisions/Legal/Co-operative_Societies_ETR.pdf,
phone,pass,Published phone: 0000000497 ,https://mpclg.gov.lk/web/images/divisions/Legal/Co-operative_Societies_ETR.pdf,
phone,pass,Published phone: 0000000738 ,https://mpclg.gov.lk/web/images/divisions/Legal/Co-operative_Societies_ETR.pdf,
phone,pass,Published phone: 0000001317 ,https://mpclg.gov.lk/web/images/divisions/Legal/Co-operative_Societies_ETR.pdf,
phone,pass,Published phone: 0000000344 ,https://mpclg.gov.lk/web/images/divisions/Legal/Co-operative_Societies_ETR.pdf,
phone,pass,Published phone: 0000000644 ,https://mpclg.gov.lk/web/images/divisions/Legal/Co-operative_Societies_ETR.pdf,
phone,pass,Published phone: 0000002592 ,https://mpclg.gov.lk/web/images/divisions/Legal/Co-operative_Societies_ETR.pdf,
phone,pass,Published phone: 0000000374 ,https://mpclg.gov.lk/web/images/divisions/Legal/Co-operative_Societies_ETR.pdf,
phone,pass,Published phone: 0000002537 ,https://mpclg.gov.lk/web/images/divisions/Legal/Co-operative_Societies_ETR.pdf,
phone,pass,Published phone: 0000002432 ,https://mpclg.gov.lk/web/images/divisions/Legal/Co-operative_Societies_ETR.pdf,
phone,pass,Published phone: 0000001454 ,https://mpclg.gov.lk/web/images/divisions/Legal/Co-operative_Societies_ETR.pdf,
phone,pass,Published phone: 0000002075 ,https://mpclg.gov.lk/web/images/divisions/Legal/Co-operative_Societies_ETR.pdf,
phone,pass,Published phone: 0000002247 ,https://mpclg.gov.lk/web/images/divisions/Legal/Co-operative_Societies_ETR.pdf,
phone,pass,Published phone: 0000000918 ,https://mpclg.gov.lk/web/images/divisions/Legal/Co-operative_Societies_ETR.pdf,
phone,pass,Published phone: 0000000422 ,https://mpclg.gov.lk/web/images/divisions/Legal/Co-operative_Societies_ETR.pdf,
phone,pass,Published phone: 0000000368 ,https://mpclg.gov.lk/web/images/divisions/Legal/Co-operative_Societies_ETR.pdf,
phone,pass,Published phone: 0000002444 ,https://mpclg.gov.lk/web/images/divisions/Legal/Co-operative_Societies_ETR.pdf,
phone,pass,Published phone: 0000002083 ,https://mpclg.gov.lk/web/images/divisions/Legal/Co-operative_Societies_ETR.pdf,
phone,pass,Published phone: 0000002844 ,https://mpclg.gov.lk/web/images/divisions/Legal/Co-operative_Societies_ETR.pdf,
phone,pass,Published phone: 0000000715 ,https://mpclg.gov.lk/web/images/divisions/Legal/Co-operative_Societies_ETR.pdf,
phone,pass,Published phone: 0000002366 ,https://mpclg.gov.lk/web/images/divisions/Legal/Co-operative_Societies_ETR.pdf,
phone,pass,Published phone: 0000234442 ,https://mpclg.gov.lk/web/images/divisions/Legal/Co-operative_Societies_ETR.pdf,
phone,pass,Published phone: 0000000360 ,https://mpclg.gov.lk/web/images/divisions/Legal/Co-operative_Societies_ETR.pdf,
phone,pass,Published phone: 0000000800 ,https://mpclg.gov.lk/web/images/divisions/Legal/Co-operative_Societies_ETR.pdf,
phone,pass,Published phone: 0000000762 ,https://mpclg.gov.lk/web/images/divisions/Legal/Co-operative_Societies_ETR.pdf,
phone,pass,Published phone: 0000000275 ,https://mpclg.gov.lk/web/images/divisions/Legal/Co-operative_Societies_ETR.pdf,
phone,pass,Published phone: 0000000628 ,https://mpclg.gov.lk/web/images/divisions/Legal/Co-operative_Societies_ETR.pdf,
phone,pass,Published phone: 0000001073 ,https://mpclg.gov.lk/web/images/divisions/Legal/Co-operative_Societies_ETR.pdf,
phone,pass,Published phone: 0000001442 ,https://mpclg.gov.lk/web/images/divisions/Legal/Co-operative_Societies_ETR.pdf,
phone,pass,Published phone: 0000001690 ,https://mpclg.gov.lk/web/images/divisions/Legal/Co-operative_Societies_ETR.pdf,
phone,pass,Published phone: 0000000726 ,https://mpclg.gov.lk/web/images/divisions/Legal/Co-operative_Societies_ETR.pdf,
phone,pass,Published phone: 0000001200 ,https://mpclg.gov.lk/web/images/divisions/Legal/Co-operative_Societies_ETR.pdf,
phone,pass,Published phone: 0000002586 ,https://mpclg.gov.lk/web/images/divisions/Legal/Co-operative_Societies_ETR.pdf,
phone,pass,Published phone: 0000002504 ,https://mpclg.gov.lk/web/images/divisions/Legal/Co-operative_Societies_ETR.pdf,
phone,pass,Published phone: 0000001784 ,https://mpclg.gov.lk/web/images/divisions/Legal/Co-operative_Societies_ETR.pdf,
phone,pass,Published phone: 0000002087 ,https://mpclg.gov.lk/web/images/divisions/Legal/Co-operative_Societies_ETR.pdf,
phone,pass,Published phone: 0000002042 ,https://mpclg.gov.lk/web/images/divisions/Legal/Co-operative_Societies_ETR.pdf,
phone,pass,Published phone: 0000000872 ,https://mpclg.gov.lk/web/images/divisions/Legal/Co-operative_Societies_ETR.pdf,
phone,pass,Published phone: 0000001498 ,https://mpclg.gov.lk/web/images/divisions/Legal/Co-operative_Societies_ETR.pdf,
phone,pass,Published phone: 0000002230 ,https://mpclg.gov.lk/web/images/divisions/Legal/Co-operative_Societies_ETR.pdf,
phone,pass,Published phone: 0000001694 ,https://mpclg.gov.lk/web/images/divisions/Legal/Co-operative_Societies_ETR.pdf,
phone,pass,Published phone: 0000000481 ,https://mpclg.gov.lk/web/images/divisions/Legal/Co-operative_Societies_ETR.pdf,
phone,pass,Published phone: 0000002769 ,https://mpclg.gov.lk/web/images/divisions/Legal/Co-operative_Societies_ETR.pdf,
phone,pass,Published phone: 0000002605 ,https://mpclg.gov.lk/web/images/divisions/Legal/Co-operative_Societies_ETR.pdf,
phone,pass,Published phone: 0000185502 ,https://mpclg.gov.lk/web/images/divisions/Legal/Co-operative_Societies_ETR.pdf,
phone,pass,Published phone: 0000001790 ,https://mpclg.gov.lk/web/images/divisions/Legal/Co-operative_Societies_ETR.pdf,
phone,pass,Published phone: 0000001512 ,https://mpclg.gov.lk/web/images/divisions/Legal/Co-operative_Societies_ETR.pdf,
phone,pass,Published phone: 0000000843 ,https://mpclg.gov.lk/web/images/divisions/Legal/Co-operative_Societies_ETR.pdf,
phone,pass,Published phone: 0000001446 ,https://mpclg.gov.lk/web/images/divisions/Legal/Co-operative_Societies_ETR.pdf,
phone,pass,Published phone: 0000001562 ,https://mpclg.gov.lk/web/images/divisions/Legal/Co-operative_Societies_ETR.pdf,
phone,pass,Published phone: 0000001746 ,https://mpclg.gov.lk/web/images/divisions/Legal/Co-operative_Societies_ETR.pdf,
phone,pass,Published phone: 0000002619 ,https://mpclg.gov.lk/web/images/divisions/Legal/Co-operative_Societies_ETR.pdf,
phone,pass,Published phone: 0000002505 ,https://mpclg.gov.lk/web/images/divisions/Legal/Co-operative_Societies_ETR.pdf,
phone,pass,Published phone: 0000001949 ,https://mpclg.gov.lk/web/images/divisions/Legal/Co-operative_Societies_ETR.pdf,
phone,pass,Published phone: 0000002817 ,https://mpclg.gov.lk/web/images/divisions/Legal/Co-operative_Societies_ETR.pdf,
phone,pass,Published phone: 0000000314 ,https://mpclg.gov.lk/web/images/divisions/Legal/Co-operative_Societies_ETR.pdf,
phone,pass,Published phone: 0000100770 ,https://mpclg.gov.lk/web/images/divisions/Legal/Co-operative_Societies_ETR.pdf,
phone,pass,Published phone: 0000001569 ,https://mpclg.gov.lk/web/images/divisions/Legal/Co-operative_Societies_ETR.pdf,
phone,pass,Published phone: 0000001098 ,https://mpclg.gov.lk/web/images/divisions/Legal/Co-operative_Societies_ETR.pdf,
phone,pass,Published phone: 0000000597 ,https://mpclg.gov.lk/web/images/divisions/Legal/Co-operative_Societies_ETR.pdf,
phone,pass,Published phone: 0000001984 ,https://mpclg.gov.lk/web/images/divisions/Legal/Co-operative_Societies_ETR.pdf,
phone,pass,Published phone: 0000002347 ,https://mpclg.gov.lk/web/images/divisions/Legal/Co-operative_Societies_ETR.pdf,
phone,pass,Published phone: 0000091739 ,https://mpclg.gov.lk/web/images/divisions/Legal/Co-operative_Societies_ETR.pdf,
phone,pass,Published phone: 0000000956 ,https://mpclg.gov.lk/web/images/divisions/Legal/Co-operative_Societies_ETR.pdf,
phone,pass,Published phone: 0000002162 ,https://mpclg.gov.lk/web/images/divisions/Legal/Co-operative_Societies_ETR.pdf,
phone,pass,Published phone: 0000002820 ,https://mpclg.gov.lk/web/images/divisions/Legal/Co-operative_Societies_ETR.pdf,
phone,pass,Published phone: 0000000487 ,https://mpclg.gov.lk/web/images/divisions/Legal/Co-operative_Societies_ETR.pdf,
phone,pass,Published phone: 0000000418 ,https://mpclg.gov.lk/web/images/divisions/Legal/Co-operative_Societies_ETR.pdf,
phone,pass,Published phone: 0000002595 ,https://mpclg.gov.lk/web/images/divisions/Legal/Co-operative_Societies_ETR.pdf,
phone,pass,Published phone: 0000002078 ,https://mpclg.gov.lk/web/images/divisions/Legal/Co-operative_Societies_ETR.pdf,
phone,pass,Published phone: 0000002776 ,https://mpclg.gov.lk/web/images/divisions/Legal/Co-operative_Societies_ETR.pdf,
phone,pass,Published phone: 0000181423 ,https://mpclg.gov.lk/web/images/divisions/Legal/Co-operative_Societies_ETR.pdf,
phone,pass,Published phone: 0000000239 ,https://mpclg.gov.lk/web/images/divisions/Legal/Co-operative_Societies_ETR.pdf,
phone,pass,Published phone: 0000002021 ,https://mpclg.gov.lk/web/images/divisions/Legal/Co-operative_Societies_ETR.pdf,
phone,pass,Published phone: 0000002145 ,https://mpclg.gov.lk/web/images/divisions/Legal/Co-operative_Societies_ETR.pdf,
phone,pass,Published phone: 0000001572 ,https://mpclg.gov.lk/web/images/divisions/Legal/Co-operative_Societies_ETR.pdf,
phone,pass,Published phone: 0000002454 ,https://mpclg.gov.lk/web/images/divisions/Legal/Co-operative_Societies_ETR.pdf,
phone,pass,Published phone: 0000001619 ,https://mpclg.gov.lk/web/images/divisions/Legal/Co-operative_Societies_ETR.pdf,
phone,pass,Published phone: 0000000568 ,https://mpclg.gov.lk/web/images/divisions/Legal/Co-operative_Societies_ETR.pdf,
phone,pass,Published phone: 0000002363 ,https://mpclg.gov.lk/web/images/divisions/Legal/Co-operative_Societies_ETR.pdf,
phone,pass,Published phone: 0000000485 ,https://mpclg.gov.lk/web/images/divisions/Legal/Co-operative_Societies_ETR.pdf,
phone,pass,Published phone: 0000000859 ,https://mpclg.gov.lk/web/images/divisions/Legal/Co-operative_Societies_ETR.pdf,
phone,pass,Published phone: 0000002037 ,https://mpclg.gov.lk/web/images/divisions/Legal/Co-operative_Societies_ETR.pdf,
phone,pass,Published phone: 0000002014 ,https://mpclg.gov.lk/web/images/divisions/Legal/Co-operative_Societies_ETR.pdf,
phone,pass,Published phone: 0000000789 ,https://mpclg.gov.lk/web/images/divisions/Legal/Co-operative_Societies_ETR.pdf,
phone,pass,Published phone: 0000002200 ,https://mpclg.gov.lk/web/images/divisions/Legal/Co-operative_Societies_ETR.pdf,
phone,pass,Published phone: 0000002793 ,https://mpclg.gov.lk/web/images/divisions/Legal/Co-operative_Societies_ETR.pdf,
phone,pass,Published phone: 0000000779 ,https://mpclg.gov.lk/web/images/divisions/Legal/Co-operative_Societies_ETR.pdf,
phone,pass,Published phone: 0000001642 ,https://mpclg.gov.lk/web/images/divisions/Legal/Co-operative_Societies_ETR.pdf,
phone,pass,Published phone: 0000002122 ,https://mpclg.gov.lk/web/images/divisions/Legal/Co-operative_Societies_ETR.pdf,
phone,pass,Published phone: 0000002747 ,https://mpclg.gov.lk/web/images/divisions/Legal/Co-operative_Societies_ETR.pdf,
phone,pass,Published phone: 0000002090 ,https://mpclg.gov.lk/web/images/divisions/Legal/Co-operative_Societies_ETR.pdf,
phone,pass,Published phone: 0000002110 ,https://mpclg.gov.lk/web/images/divisions/Legal/Co-operative_Societies_ETR.pdf,
phone,pass,Published phone: 0000000793 ,https://mpclg.gov.lk/web/images/divisions/Legal/Co-operative_Societies_ETR.pdf,
phone,pass,Published phone: 0000001105 ,https://mpclg.gov.lk/web/images/divisions/Legal/Co-operative_Societies_ETR.pdf,
phone,pass,Published phone: 0000001667 ,https://mpclg.gov.lk/web/images/divisions/Legal/Co-operative_Societies_ETR.pdf,
phone,pass,Published phone: 0000000377 ,https://mpclg.gov.lk/web/images/divisions/Legal/Co-operative_Societies_ETR.pdf,
phone,pass,Published phone: 0000000334 ,https://mpclg.gov.lk/web/images/divisions/Legal/Co-operative_Societies_ETR.pdf,
phone,pass,Published phone: 0000002056 ,https://mpclg.gov.lk/web/images/divisions/Legal/Co-operative_Societies_ETR.pdf,
phone,pass,Published phone: 0000002493 ,https://mpclg.gov.lk/web/images/divisions/Legal/Co-operative_Societies_ETR.pdf,
phone,pass,Published phone: 0000199432 ,https://mpclg.gov.lk/web/images/divisions/Legal/Co-operative_Societies_ETR.pdf,
phone,pass,Published phone: 0000000915 ,https://mpclg.gov.lk/web/images/divisions/Legal/Co-operative_Societies_ETR.pdf,
phone,pass,Published phone: 0000001541 ,https://mpclg.gov.lk/web/images/divisions/Legal/Co-operative_Societies_ETR.pdf,
phone,pass,Published phone: 0000000186 ,https://mpclg.gov.lk/web/images/divisions/Legal/Co-operative_Societies_ETR.pdf,
phone,pass,Published phone: 0000000863 ,https://mpclg.gov.lk/web/images/divisions/Legal/Co-operative_Societies_ETR.pdf,
phone,pass,Published phone: 0000000834 ,https://mpclg.gov.lk/web/images/divisions/Legal/Co-operative_Societies_ETR.pdf,
phone,pass,Published phone: 0000001390 ,https://mpclg.gov.lk/web/images/divisions/Legal/Co-operative_Societies_ETR.pdf,
phone,pass,Published phone: 0000001674 ,https://mpclg.gov.lk/web/images/divisions/Legal/Co-operative_Societies_ETR.pdf,
phone,pass,Published phone: 0000229913 ,https://mpclg.gov.lk/web/images/divisions/Legal/Co-operative_Societies_ETR.pdf,
phone,pass,Published phone: 0000000193 ,https://mpclg.gov.lk/web/images/divisions/Legal/Co-operative_Societies_ETR.pdf,
phone,pass,Published phone: 0000001662 ,https://mpclg.gov.lk/web/images/divisions/Legal/Co-operative_Societies_ETR.pdf,
phone,pass,Published phone: 0000002670 ,https://mpclg.gov.lk/web/images/divisions/Legal/Co-operative_Societies_ETR.pdf,
phone,pass,Published phone: 0000001621 ,https://mpclg.gov.lk/web/images/divisions/Legal/Co-operative_Societies_ETR.pdf,
phone,pass,Published phone: 0000001941 ,https://mpclg.gov.lk/web/images/divisions/Legal/Co-operative_Societies_ETR.pdf,
phone,pass,Published phone: 00163 65535 ,https://mpclg.gov.lk/web/images/divisions/Legal/Co-operative_Societies_ETR.pdf,
phone,pass,Published phone: 0000002005 ,https://mpclg.gov.lk/web/images/divisions/Legal/Co-operative_Societies_ETR.pdf,
phone,pass,Published phone: 0000002397 ,https://mpclg.gov.lk/web/images/divisions/Legal/Co-operative_Societies_ETR.pdf,
phone,pass,Published phone: 0000000232 ,https://mpclg.gov.lk/web/images/divisions/Legal/Co-operative_Societies_ETR.pdf,
phone,pass,Published phone: 0000000336 ,https://mpclg.gov.lk/web/images/divisions/Legal/Co-operative_Societies_ETR.pdf,
phone,pass,Published phone: 0000000977 ,https://mpclg.gov.lk/web/images/divisions/Legal/Co-operative_Societies_ETR.pdf,
phone,pass,Published phone: 0000002530 ,https://mpclg.gov.lk/web/images/divisions/Legal/Co-operative_Societies_ETR.pdf,
phone,pass,Published phone: 0000000470 ,https://mpclg.gov.lk/web/images/divisions/Legal/Co-operative_Societies_ETR.pdf,
phone,pass,Published phone: 0000002660 ,https://mpclg.gov.lk/web/images/divisions/Legal/Co-operative_Societies_ETR.pdf,
phone,pass,Published phone: 0000001430 ,https://mpclg.gov.lk/web/images/divisions/Legal/Co-operative_Societies_ETR.pdf,
phone,pass,Published phone: 0000002413 ,https://mpclg.gov.lk/web/images/divisions/Legal/Co-operative_Societies_ETR.pdf,
phone,pass,Published phone: 0000001691 ,https://mpclg.gov.lk/web/images/divisions/Legal/Co-operative_Societies_ETR.pdf,
phone,pass,Published phone: 0000000626 ,https://mpclg.gov.lk/web/images/divisions/Legal/Co-operative_Societies_ETR.pdf,
phone,pass,Published phone: 0000001022 ,https://mpclg.gov.lk/web/images/divisions/Legal/Co-operative_Societies_ETR.pdf,
phone,pass,Published phone: 0000101051 ,https://mpclg.gov.lk/web/images/divisions/Legal/Co-operative_Societies_ETR.pdf,
phone,pass,Published phone: 0000002778 ,https://mpclg.gov.lk/web/images/divisions/Legal/Co-operative_Societies_ETR.pdf,
phone,pass,Published phone: 0000002219 ,https://mpclg.gov.lk/web/images/divisions/Legal/Co-operative_Societies_ETR.pdf,
phone,pass,Published phone: 0000001639 ,https://mpclg.gov.lk/web/images/divisions/Legal/Co-operative_Societies_ETR.pdf,
phone,pass,Published phone: 07 500 389 27,https://mpclg.gov.lk/web/images/divisions/Legal/Co-operative_Societies_ETR.pdf,
phone,pass,Published phone: 0000001290 ,https://mpclg.gov.lk/web/images/divisions/Legal/Co-operative_Societies_ETR.pdf,
phone,pass,Published phone: 0000043351 ,https://mpclg.gov.lk/web/images/divisions/Legal/Co-operative_Societies_ETR.pdf,
phone,pass,Published phone: 0000000591 ,https://mpclg.gov.lk/web/images/divisions/Legal/Co-operative_Societies_ETR.pdf,
phone,pass,Published phone: 0000000776 ,https://mpclg.gov.lk/web/images/divisions/Legal/Co-operative_Societies_ETR.pdf,
phone,pass,Published phone: 0000002047 ,https://mpclg.gov.lk/web/images/divisions/Legal/Co-operative_Societies_ETR.pdf,
phone,pass,Published phone: 0000002279 ,https://mpclg.gov.lk/web/images/divisions/Legal/Co-operative_Societies_ETR.pdf,
phone,pass,Published phone: 0000002734 ,https://mpclg.gov.lk/web/images/divisions/Legal/Co-operative_Societies_ETR.pdf,
phone,pass,Published phone: 0000139631 ,https://mpclg.gov.lk/web/images/divisions/Legal/Co-operative_Societies_ETR.pdf,
phone,pass,Published phone: 0000002165 ,https://mpclg.gov.lk/web/images/divisions/Legal/Co-operative_Societies_ETR.pdf,
phone,pass,Published phone: 0000001039 ,https://mpclg.gov.lk/web/images/divisions/Legal/Co-operative_Societies_ETR.pdf,
phone,pass,Published phone: 0000207262 ,https://mpclg.gov.lk/web/images/divisions/Legal/Co-operative_Societies_ETR.pdf,
phone,pass,Published phone: 0000001284 ,https://mpclg.gov.lk/web/images/divisions/Legal/Co-operative_Societies_ETR.pdf,
phone,pass,Published phone: 0000036103 ,https://mpclg.gov.lk/web/images/divisions/Legal/Co-operative_Societies_ETR.pdf,
phone,pass,Published phone: 0000002201 ,https://mpclg.gov.lk/web/images/divisions/Legal/Co-operative_Societies_ETR.pdf,
phone,pass,Published phone: 0000002384 ,https://mpclg.gov.lk/web/images/divisions/Legal/Co-operative_Societies_ETR.pdf,
phone,pass,Published phone: 0000001128 ,https://mpclg.gov.lk/web/images/divisions/Legal/Co-operative_Societies_ETR.pdf,
phone,pass,Published phone: 0000002262 ,https://mpclg.gov.lk/web/images/divisions/Legal/Co-operative_Societies_ETR.pdf,
phone,pass,Published phone: 0000002276 ,https://mpclg.gov.lk/web/images/divisions/Legal/Co-operative_Societies_ETR.pdf,
phone,pass,Published phone: 0000000885 ,https://mpclg.gov.lk/web/images/divisions/Legal/Co-operative_Societies_ETR.pdf,
phone,pass,Published phone: 0000002706 ,https://mpclg.gov.lk/web/images/divisions/Legal/Co-operative_Societies_ETR.pdf,
phone,pass,Published phone: 0000000658 ,https://mpclg.gov.lk/web/images/divisions/Legal/Co-operative_Societies_ETR.pdf,
phone,pass,Published phone: 0000002815 ,https://mpclg.gov.lk/web/images/divisions/Legal/Co-operative_Societies_ETR.pdf,
phone,pass,Published phone: 0000001263 ,https://mpclg.gov.lk/web/images/divisions/Legal/Co-operative_Societies_ETR.pdf,
phone,pass,Published phone: 0000001365 ,https://mpclg.gov.lk/web/images/divisions/Legal/Co-operative_Societies_ETR.pdf,
phone,pass,Published phone: 0000001989 ,https://mpclg.gov.lk/web/images/divisions/Legal/Co-operative_Societies_ETR.pdf,
phone,pass,Published phone: 0000000433 ,https://mpclg.gov.lk/web/images/divisions/Legal/Co-operative_Societies_ETR.pdf,
phone,pass,Published phone: 0000000263 ,https://mpclg.gov.lk/web/images/divisions/Legal/Co-operative_Societies_ETR.pdf,
phone,pass,Published phone: 0000002085 ,https://mpclg.gov.lk/web/images/divisions/Legal/Co-operative_Societies_ETR.pdf,
phone,pass,Published phone: 0000002851 ,https://mpclg.gov.lk/web/images/divisions/Legal/Co-operative_Societies_ETR.pdf,
phone,pass,Published phone: 0000050815 ,https://mpclg.gov.lk/web/images/divisions/Legal/Co-operative_Societies_ETR.pdf,
phone,pass,Published phone: 0000001164 ,https://mpclg.gov.lk/web/images/divisions/Legal/Co-operative_Societies_ETR.pdf,
phone,pass,Published phone: 0000000899 ,https://mpclg.gov.lk/web/images/divisions/Legal/Co-operative_Societies_ETR.pdf,
phone,pass,Published phone: 0000210593 ,https://mpclg.gov.lk/web/images/divisions/Legal/Co-operative_Societies_ETR.pdf,
phone,pass,Published phone: 0000004699 ,https://mpclg.gov.lk/web/images/divisions/Legal/Co-operative_Societies_ETR.pdf,
phone,pass,Published phone: 0000002210 ,https://mpclg.gov.lk/web/images/divisions/Legal/Co-operative_Societies_ETR.pdf,
phone,pass,Published phone: 0000000574 ,https://mpclg.gov.lk/web/images/divisions/Legal/Co-operative_Societies_ETR.pdf,
phone,pass,Published phone: 0000002596 ,https://mpclg.gov.lk/web/images/divisions/Legal/Co-operative_Societies_ETR.pdf,
phone,pass,Published phone: 0000002369 ,https://mpclg.gov.lk/web/images/divisions/Legal/Co-operative_Societies_ETR.pdf,
phone,pass,Published phone: 0000001926 ,https://mpclg.gov.lk/web/images/divisions/Legal/Co-operative_Societies_ETR.pdf,
phone,pass,Published phone: 0000001367 ,https://mpclg.gov.lk/web/images/divisions/Legal/Co-operative_Societies_ETR.pdf,
phone,pass,Published phone: 0000002789 ,https://mpclg.gov.lk/web/images/divisions/Legal/Co-operative_Societies_ETR.pdf,
phone,pass,Published phone: 0000000594 ,https://mpclg.gov.lk/web/images/divisions/Legal/Co-operative_Societies_ETR.pdf,
phone,pass,Published phone: 0000001266 ,https://mpclg.gov.lk/web/images/divisions/Legal/Co-operative_Societies_ETR.pdf,
phone,pass,Published phone: 0000002156 ,https://mpclg.gov.lk/web/images/divisions/Legal/Co-operative_Societies_ETR.pdf,
phone,pass,Published phone: 0000000873 ,https://mpclg.gov.lk/web/images/divisions/Legal/Co-operative_Societies_ETR.pdf,
phone,pass,Published phone: 0000001472 ,https://mpclg.gov.lk/web/images/divisions/Legal/Co-operative_Societies_ETR.pdf,
phone,pass,Published phone: 0000002108 ,https://mpclg.gov.lk/web/images/divisions/Legal/Co-operative_Societies_ETR.pdf,
phone,pass,Published phone: 0000001421 ,https://mpclg.gov.lk/web/images/divisions/Legal/Co-operative_Societies_ETR.pdf,
phone,pass,Published phone: 0000002089 ,https://mpclg.gov.lk/web/images/divisions/Legal/Co-operative_Societies_ETR.pdf,
phone,pass,Published phone: 0000001740 ,https://mpclg.gov.lk/web/images/divisions/Legal/Co-operative_Societies_ETR.pdf,
phone,pass,Published phone: 0000000627 ,https://mpclg.gov.lk/web/images/divisions/Legal/Co-operative_Societies_ETR.pdf,
phone,pass,Published phone: 0000000611 ,https://mpclg.gov.lk/web/images/divisions/Legal/Co-operative_Societies_ETR.pdf,
phone,pass,Published phone: 0000001819 ,https://mpclg.gov.lk/web/images/divisions/Legal/Co-operative_Societies_ETR.pdf,
phone,pass,Published phone: 0000001163 ,https://mpclg.gov.lk/web/images/divisions/Legal/Co-operative_Societies_ETR.pdf,
phone,pass,Published phone: 0000002703 ,https://mpclg.gov.lk/web/images/divisions/Legal/Co-operative_Societies_ETR.pdf,
phone,pass,Published phone: 0000002741 ,https://mpclg.gov.lk/web/images/divisions/Legal/Co-operative_Societies_ETR.pdf,
phone,pass,Published phone: 0000002173 ,https://mpclg.gov.lk/web/images/divisions/Legal/Co-operative_Societies_ETR.pdf,
phone,pass,Published phone: 0000001575 ,https://mpclg.gov.lk/web/images/divisions/Legal/Co-operative_Societies_ETR.pdf,
phone,pass,Published phone: 0000001413 ,https://mpclg.gov.lk/web/images/divisions/Legal/Co-operative_Societies_ETR.pdf,
phone,pass,Published phone: 0000000361 ,https://mpclg.gov.lk/web/images/divisions/Legal/Co-operative_Societies_ETR.pdf,
phone,pass,Published phone: 0000002132 ,https://mpclg.gov.lk/web/images/divisions/Legal/Co-operative_Societies_ETR.pdf,
phone,pass,Published phone: 0000000886 ,https://mpclg.gov.lk/web/images/divisions/Legal/Co-operative_Societies_ETR.pdf,
phone,pass,Published phone: 0000070885 ,https://mpclg.gov.lk/web/images/divisions/Legal/Co-operative_Societies_ETR.pdf,
phone,pass,Published phone: 0000001612 ,https://mpclg.gov.lk/web/images/divisions/Legal/Co-operative_Societies_ETR.pdf,
phone,pass,Published phone: 0000000721 ,https://mpclg.gov.lk/web/images/divisions/Legal/Co-operative_Societies_ETR.pdf,
phone,pass,Published phone: 0000001935 ,https://mpclg.gov.lk/web/images/divisions/Legal/Co-operative_Societies_ETR.pdf,
phone,pass,Published phone: 0000000233 ,https://mpclg.gov.lk/web/images/divisions/Legal/Co-operative_Societies_ETR.pdf,
phone,pass,Published phone: 0000002074 ,https://mpclg.gov.lk/web/images/divisions/Legal/Co-operative_Societies_ETR.pdf,
phone,pass,Published phone: 0000002854 ,https://mpclg.gov.lk/web/images/divisions/Legal/Co-operative_Societies_ETR.pdf,
phone,pass,Published phone: 0000000200 ,https://mpclg.gov.lk/web/images/divisions/Legal/Co-operative_Societies_ETR.pdf,
phone,pass,Published phone: 0000001283 ,https://mpclg.gov.lk/web/images/divisions/Legal/Co-operative_Societies_ETR.pdf,
phone,pass,Published phone: 0000002742 ,https://mpclg.gov.lk/web/images/divisions/Legal/Co-operative_Societies_ETR.pdf,
phone,pass,Published phone: 0000000405 ,https://mpclg.gov.lk/web/images/divisions/Legal/Co-operative_Societies_ETR.pdf,
phone,pass,Published phone: 0000001686 ,https://mpclg.gov.lk/web/images/divisions/Legal/Co-operative_Societies_ETR.pdf,
phone,pass,Published phone: 0000002453 ,https://mpclg.gov.lk/web/images/divisions/Legal/Co-operative_Societies_ETR.pdf,
phone,pass,Published phone: 0000066542 ,https://mpclg.gov.lk/web/images/divisions/Legal/Co-operative_Societies_ETR.pdf,
phone,pass,Published phone: 0000001170 ,https://mpclg.gov.lk/web/images/divisions/Legal/Co-operative_Societies_ETR.pdf,
phone,pass,Published phone: 0000001036 ,https://mpclg.gov.lk/web/images/divisions/Legal/Co-operative_Societies_ETR.pdf,
phone,pass,Published phone: 0000002856 ,https://mpclg.gov.lk/web/images/divisions/Legal/Co-operative_Societies_ETR.pdf,
phone,pass,Published phone: 0000002358 ,https://mpclg.gov.lk/web/images/divisions/Legal/Co-operative_Societies_ETR.pdf,
phone,pass,Published phone: 0000002324 ,https://mpclg.gov.lk/web/images/divisions/Legal/Co-operative_Societies_ETR.pdf,
phone,pass,Published phone: 0000001097 ,https://mpclg.gov.lk/web/images/divisions/Legal/Co-operative_Societies_ETR.pdf,
phone,pass,Published phone: 0000002782 ,https://mpclg.gov.lk/web/images/divisions/Legal/Co-operative_Societies_ETR.pdf,
phone,pass,Published phone: 0000002698 ,https://mpclg.gov.lk/web/images/divisions/Legal/Co-operative_Societies_ETR.pdf,
phone,pass,Published phone: 0000000179 ,https://mpclg.gov.lk/web/images/divisions/Legal/Co-operative_Societies_ETR.pdf,
phone,pass,Published phone: 0000001331 ,https://mpclg.gov.lk/web/images/divisions/Legal/Co-operative_Societies_ETR.pdf,
phone,pass,Published phone: 0000001364 ,https://mpclg.gov.lk/web/images/divisions/Legal/Co-operative_Societies_ETR.pdf,
phone,pass,Published phone: 0000000566 ,https://mpclg.gov.lk/web/images/divisions/Legal/Co-operative_Societies_ETR.pdf,
phone,pass,Published phone: 0000002268 ,https://mpclg.gov.lk/web/images/divisions/Legal/Co-operative_Societies_ETR.pdf,
phone,pass,Published phone: 0000002494 ,https://mpclg.gov.lk/web/images/divisions/Legal/Co-operative_Societies_ETR.pdf,
phone,pass,Published phone: 0000178080 ,https://mpclg.gov.lk/web/images/divisions/Legal/Co-operative_Societies_ETR.pdf,
phone,pass,Published phone: 0000000572 ,https://mpclg.gov.lk/web/images/divisions/Legal/Co-operative_Societies_ETR.pdf,
phone,pass,Published phone: 0000000455 ,https://mpclg.gov.lk/web/images/divisions/Legal/Co-operative_Societies_ETR.pdf,
phone,pass,Published phone: 0000001958 ,https://mpclg.gov.lk/web/images/divisions/Legal/Co-operative_Societies_ETR.pdf,
phone,pass,Published phone: 0000001375 ,https://mpclg.gov.lk/web/images/divisions/Legal/Co-operative_Societies_ETR.pdf,
phone,pass,Published phone: 0000001422 ,https://mpclg.gov.lk/web/images/divisions/Legal/Co-operative_Societies_ETR.pdf,
phone,pass,Published phone: 0000001280 ,https://mpclg.gov.lk/web/images/divisions/Legal/Co-operative_Societies_ETR.pdf,
phone,pass,Published phone: 0000000790 ,https://mpclg.gov.lk/web/images/divisions/Legal/Co-operative_Societies_ETR.pdf,
phone,pass,Published phone: 0000001832 ,https://mpclg.gov.lk/web/images/divisions/Legal/Co-operative_Societies_ETR.pdf,
phone,pass,Published phone: 0000000760 ,https://mpclg.gov.lk/web/images/divisions/Legal/Co-operative_Societies_ETR.pdf,
phone,pass,Published phone: 0000002045 ,https://mpclg.gov.lk/web/images/divisions/Legal/Co-operative_Societies_ETR.pdf,
phone,pass,Published phone: 0000001614 ,https://mpclg.gov.lk/web/images/divisions/Legal/Co-operative_Societies_ETR.pdf,
phone,pass,Published phone: 0000001743 ,https://mpclg.gov.lk/web/images/divisions/Legal/Co-operative_Societies_ETR.pdf,
phone,pass,Published phone: 0000000449 ,https://mpclg.gov.lk/web/images/divisions/Legal/Co-operative_Societies_ETR.pdf,
phone,pass,Published phone: 0000000187 ,https://mpclg.gov.lk/web/images/divisions/Legal/Co-operative_Societies_ETR.pdf,
phone,pass,Published phone: 0000000959 ,https://mpclg.gov.lk/web/images/divisions/Legal/Co-operative_Societies_ETR.pdf,
phone,pass,Published phone: 0000000654 ,https://mpclg.gov.lk/web/images/divisions/Legal/Co-operative_Societies_ETR.pdf,
phone,pass,Published phone: 0000002446 ,https://mpclg.gov.lk/web/images/divisions/Legal/Co-operative_Societies_ETR.pdf,
phone,pass,Published phone: 0000002309 ,https://mpclg.gov.lk/web/images/divisions/Legal/Co-operative_Societies_ETR.pdf,
phone,pass,Published phone: 0000002507 ,https://mpclg.gov.lk/web/images/divisions/Legal/Co-operative_Societies_ETR.pdf,
phone,pass,Published phone: 0000001051 ,https://mpclg.gov.lk/web/images/divisions/Legal/Co-operative_Societies_ETR.pdf,
phone,pass,Published phone: 0000001951 ,https://mpclg.gov.lk/web/images/divisions/Legal/Co-operative_Societies_ETR.pdf,
phone,pass,Published phone: 0000002234 ,https://mpclg.gov.lk/web/images/divisions/Legal/Co-operative_Societies_ETR.pdf,
phone,pass,Published phone: 0000002360 ,https://mpclg.gov.lk/web/images/divisions/Legal/Co-operative_Societies_ETR.pdf,
phone,pass,Published phone: 0000002073 ,https://mpclg.gov.lk/web/images/divisions/Legal/Co-operative_Societies_ETR.pdf,
phone,pass,Published phone: 0000001145 ,https://mpclg.gov.lk/web/images/divisions/Legal/Co-operative_Societies_ETR.pdf,
phone,pass,Published phone: 0000000559 ,https://mpclg.gov.lk/web/images/divisions/Legal/Co-operative_Societies_ETR.pdf,
phone,pass,Published phone: 0000000900 ,https://mpclg.gov.lk/web/images/divisions/Legal/Co-operative_Societies_ETR.pdf,
phone,pass,Published phone: 0000001440 ,https://mpclg.gov.lk/web/images/divisions/Legal/Co-operative_Societies_ETR.pdf,
phone,pass,Published phone: 0000002647 ,https://mpclg.gov.lk/web/images/divisions/Legal/Co-operative_Societies_ETR.pdf,
phone,pass,Published phone: 0000000931 ,https://mpclg.gov.lk/web/images/divisions/Legal/Co-operative_Societies_ETR.pdf,
phone,pass,Published phone: 0000001231 ,https://mpclg.gov.lk/web/images/divisions/Legal/Co-operative_Societies_ETR.pdf,
phone,pass,Published phone: 0000001027 ,https://mpclg.gov.lk/web/images/divisions/Legal/Co-operative_Societies_ETR.pdf,
phone,pass,Published phone: 0000000226 ,https://mpclg.gov.lk/web/images/divisions/Legal/Co-operative_Societies_ETR.pdf,
phone,pass,Published phone: 0000002327 ,https://mpclg.gov.lk/web/images/divisions/Legal/Co-operative_Societies_ETR.pdf,
phone,pass,Published phone: 0000000851 ,https://mpclg.gov.lk/web/images/divisions/Legal/Co-operative_Societies_ETR.pdf,
phone,pass,Published phone: 0000002697 ,https://mpclg.gov.lk/web/images/divisions/Legal/Co-operative_Societies_ETR.pdf,
phone,pass,Published phone: 0000000837 ,https://mpclg.gov.lk/web/images/divisions/Legal/Co-operative_Societies_ETR.pdf,
phone,pass,Published phone: 0000001344 ,https://mpclg.gov.lk/web/images/divisions/Legal/Co-operative_Societies_ETR.pdf,
phone,pass,Published phone: 0000001111 ,https://mpclg.gov.lk/web/images/divisions/Legal/Co-operative_Societies_ETR.pdf,
phone,pass,Published phone: 0000001928 ,https://mpclg.gov.lk/web/images/divisions/Legal/Co-operative_Societies_ETR.pdf,
phone,pass,Published phone: 0000001880 ,https://mpclg.gov.lk/web/images/divisions/Legal/Co-operative_Societies_ETR.pdf,
phone,pass,Published phone: 0000000576 ,https://mpclg.gov.lk/web/images/divisions/Legal/Co-operative_Societies_ETR.pdf,
phone,pass,Published phone: 0000001967 ,https://mpclg.gov.lk/web/images/divisions/Legal/Co-operative_Societies_ETR.pdf,
phone,pass,Published phone: 0000001258 ,https://mpclg.gov.lk/web/images/divisions/Legal/Co-operative_Societies_ETR.pdf,
phone,pass,Published phone: 0000000414 ,https://mpclg.gov.lk/web/images/divisions/Legal/Co-operative_Societies_ETR.pdf,
phone,pass,Published phone: 0000002768 ,https://mpclg.gov.lk/web/images/divisions/Legal/Co-operative_Societies_ETR.pdf,
phone,pass,Published phone: 0000002819 ,https://mpclg.gov.lk/web/images/divisions/Legal/Co-operative_Societies_ETR.pdf,
phone,pass,Published phone: 0000000876 ,https://mpclg.gov.lk/web/images/divisions/Legal/Co-operative_Societies_ETR.pdf,
phone,pass,Published phone: 0000000353 ,https://mpclg.gov.lk/web/images/divisions/Legal/Co-operative_Societies_ETR.pdf,
phone,pass,Published phone: 0000002407 ,https://mpclg.gov.lk/web/images/divisions/Legal/Co-operative_Societies_ETR.pdf,
phone,pass,Published phone: 0000000304 ,https://mpclg.gov.lk/web/images/divisions/Legal/Co-operative_Societies_ETR.pdf,
phone,pass,Published phone: 0000000655 ,https://mpclg.gov.lk/web/images/divisions/Legal/Co-operative_Societies_ETR.pdf,
phone,pass,Published phone: 0000000421 ,https://mpclg.gov.lk/web/images/divisions/Legal/Co-operative_Societies_ETR.pdf,
phone,pass,Published phone: 0000000440 ,https://mpclg.gov.lk/web/images/divisions/Legal/Co-operative_Societies_ETR.pdf,
phone,pass,Published phone: 0000001533 ,https://mpclg.gov.lk/web/images/divisions/Legal/Co-operative_Societies_ETR.pdf,
phone,pass,Published phone: 0000000502 ,https://mpclg.gov.lk/web/images/divisions/Legal/Co-operative_Societies_ETR.pdf,
phone,pass,Published phone: 0000002672 ,https://mpclg.gov.lk/web/images/divisions/Legal/Co-operative_Societies_ETR.pdf,
phone,pass,Published phone: 0000001957 ,https://mpclg.gov.lk/web/images/divisions/Legal/Co-operative_Societies_ETR.pdf,
phone,pass,Published phone: 0000002356 ,https://mpclg.gov.lk/web/images/divisions/Legal/Co-operative_Societies_ETR.pdf,
phone,pass,Published phone: 0000001966 ,https://mpclg.gov.lk/web/images/divisions/Legal/Co-operative_Societies_ETR.pdf,
phone,pass,Published phone: 0000001723 ,https://mpclg.gov.lk/web/images/divisions/Legal/Co-operative_Societies_ETR.pdf,
phone,pass,Published phone: 0000057369 ,https://mpclg.gov.lk/web/images/divisions/Legal/Co-operative_Societies_ETR.pdf,
phone,pass,Published phone: 0000001767 ,https://mpclg.gov.lk/web/images/divisions/Legal/Co-operative_Societies_ETR.pdf,
phone,pass,Published phone: 0000001906 ,https://mpclg.gov.lk/web/images/divisions/Legal/Co-operative_Societies_ETR.pdf,
phone,pass,Published phone: 0000002177 ,https://mpclg.gov.lk/web/images/divisions/Legal/Co-operative_Societies_ETR.pdf,
phone,pass,Published phone: 0000001018 ,https://mpclg.gov.lk/web/images/divisions/Legal/Co-operative_Societies_ETR.pdf,
phone,pass,Published phone: 0000001205 ,https://mpclg.gov.lk/web/images/divisions/Legal/Co-operative_Societies_ETR.pdf,
phone,pass,Published phone: 0000000830 ,https://mpclg.gov.lk/web/images/divisions/Legal/Co-operative_Societies_ETR.pdf,
phone,pass,Published phone: 0000000490 ,https://mpclg.gov.lk/web/images/divisions/Legal/Co-operative_Societies_ETR.pdf,
phone,pass,Published phone: 0000002249 ,https://mpclg.gov.lk/web/images/divisions/Legal/Co-operative_Societies_ETR.pdf,
phone,pass,Published phone: 0000011923 ,https://mpclg.gov.lk/web/images/divisions/Legal/Co-operative_Societies_ETR.pdf,
phone,pass,Published phone: 0000000883 ,https://mpclg.gov.lk/web/images/divisions/Legal/Co-operative_Societies_ETR.pdf,
phone,pass,Published phone: 0000000649 ,https://mpclg.gov.lk/web/images/divisions/Legal/Co-operative_Societies_ETR.pdf,
phone,pass,Published phone: 0000002800 ,https://mpclg.gov.lk/web/images/divisions/Legal/Co-operative_Societies_ETR.pdf,
phone,pass,Published phone: 0000001362 ,https://mpclg.gov.lk/web/images/divisions/Legal/Co-operative_Societies_ETR.pdf,
phone,pass,Published phone: 0000001049 ,https://mpclg.gov.lk/web/images/divisions/Legal/Co-operative_Societies_ETR.pdf,
phone,pass,Published phone: 0000000493 ,https://mpclg.gov.lk/web/images/divisions/Legal/Co-operative_Societies_ETR.pdf,
phone,pass,Published phone: 0000001834 ,https://mpclg.gov.lk/web/images/divisions/Legal/Co-operative_Societies_ETR.pdf,
phone,pass,Published phone: 0000002491 ,https://mpclg.gov.lk/web/images/divisions/Legal/Co-operative_Societies_ETR.pdf,
phone,pass,Published phone: 0000001270 ,https://mpclg.gov.lk/web/images/divisions/Legal/Co-operative_Societies_ETR.pdf,
phone,pass,Published phone: 0000002529 ,https://mpclg.gov.lk/web/images/divisions/Legal/Co-operative_Societies_ETR.pdf,
phone,pass,Published phone: 0000001427 ,https://mpclg.gov.lk/web/images/divisions/Legal/Co-operative_Societies_ETR.pdf,
phone,pass,Published phone: 0000001538 ,https://mpclg.gov.lk/web/images/divisions/Legal/Co-operative_Societies_ETR.pdf,
phone,pass,Published phone: 0000002658 ,https://mpclg.gov.lk/web/images/divisions/Legal/Co-operative_Societies_ETR.pdf,
phone,pass,Published phone: 0000000535 ,https://mpclg.gov.lk/web/images/divisions/Legal/Co-operative_Societies_ETR.pdf,
phone,pass,Published phone: 0000001095 ,https://mpclg.gov.lk/web/images/divisions/Legal/Co-operative_Societies_ETR.pdf,
phone,pass,Published phone: 0000002316 ,https://mpclg.gov.lk/web/images/divisions/Legal/Co-operative_Societies_ETR.pdf,
phone,pass,Published phone: 0000000652 ,https://mpclg.gov.lk/web/images/divisions/Legal/Co-operative_Societies_ETR.pdf,
phone,pass,Published phone: 0000002221 ,https://mpclg.gov.lk/web/images/divisions/Legal/Co-operative_Societies_ETR.pdf,
phone,pass,Published phone: 0000000787 ,https://mpclg.gov.lk/web/images/divisions/Legal/Co-operative_Societies_ETR.pdf,
phone,pass,Published phone: 0000000183 ,https://mpclg.gov.lk/web/images/divisions/Legal/Co-operative_Societies_ETR.pdf,
phone,pass,Published phone: 0000001306 ,https://mpclg.gov.lk/web/images/divisions/Legal/Co-operative_Societies_ETR.pdf,
phone,pass,Published phone: 0000001292 ,https://mpclg.gov.lk/web/images/divisions/Legal/Co-operative_Societies_ETR.pdf,
phone,pass,Published phone: 0000210857 ,https://mpclg.gov.lk/web/images/divisions/Legal/Co-operative_Societies_ETR.pdf,
phone,pass,Published phone: 0000196424 ,https://mpclg.gov.lk/web/images/divisions/Legal/Co-operative_Societies_ETR.pdf,
phone,pass,Published phone: 0000000378 ,https://mpclg.gov.lk/web/images/divisions/Legal/Co-operative_Societies_ETR.pdf,
phone,pass,Published phone: 0000002766 ,https://mpclg.gov.lk/web/images/divisions/Legal/Co-operative_Societies_ETR.pdf,
phone,pass,Published phone: 0000001803 ,https://mpclg.gov.lk/web/images/divisions/Legal/Co-operative_Societies_ETR.pdf,
phone,pass,Published phone: 0000007055 ,https://mpclg.gov.lk/web/images/divisions/Legal/Co-operative_Societies_ETR.pdf,
phone,pass,Published phone: 0000035833 ,https://mpclg.gov.lk/web/images/divisions/Legal/Co-operative_Societies_ETR.pdf,
phone,pass,Published phone: 0000001127 ,https://mpclg.gov.lk/web/images/divisions/Legal/Co-operative_Societies_ETR.pdf,
phone,pass,Published phone: 0000002443 ,https://mpclg.gov.lk/web/images/divisions/Legal/Co-operative_Societies_ETR.pdf,
phone,pass,Published phone: 0000001414 ,https://mpclg.gov.lk/web/images/divisions/Legal/Co-operative_Societies_ETR.pdf,
phone,pass,Published phone: 0000001585 ,https://mpclg.gov.lk/web/images/divisions/Legal/Co-operative_Societies_ETR.pdf,
phone,pass,Published phone: 0000000897 ,https://mpclg.gov.lk/web/images/divisions/Legal/Co-operative_Societies_ETR.pdf,
phone,pass,Published phone: 0000002714 ,https://mpclg.gov.lk/web/images/divisions/Legal/Co-operative_Societies_ETR.pdf,
phone,pass,Published phone: 0000002344 ,https://mpclg.gov.lk/web/images/divisions/Legal/Co-operative_Societies_ETR.pdf,
phone,pass,Published phone: 0000000126 ,https://mpclg.gov.lk/web/images/divisions/Legal/Co-operative_Societies_ETR.pdf,
phone,pass,Published phone: 0000001112 ,https://mpclg.gov.lk/web/images/divisions/Legal/Co-operative_Societies_ETR.pdf,
phone,pass,Published phone: 0000002169 ,https://mpclg.gov.lk/web/images/divisions/Legal/Co-operative_Societies_ETR.pdf,
phone,pass,Published phone: 0000002059 ,https://mpclg.gov.lk/web/images/divisions/Legal/Co-operative_Societies_ETR.pdf,
phone,pass,Published phone: 0000002533 ,https://mpclg.gov.lk/web/images/divisions/Legal/Co-operative_Societies_ETR.pdf,
phone,pass,Published phone: 0000000463 ,https://mpclg.gov.lk/web/images/divisions/Legal/Co-operative_Societies_ETR.pdf,
phone,pass,Published phone: 0000001734 ,https://mpclg.gov.lk/web/images/divisions/Legal/Co-operative_Societies_ETR.pdf,
phone,pass,Published phone: 0000000985 ,https://mpclg.gov.lk/web/images/divisions/Legal/Co-operative_Societies_ETR.pdf,
phone,pass,Published phone: 0000000287 ,https://mpclg.gov.lk/web/images/divisions/Legal/Co-operative_Societies_ETR.pdf,
phone,pass,Published phone: 0000000358 ,https://mpclg.gov.lk/web/images/divisions/Legal/Co-operative_Societies_ETR.pdf,
phone,pass,Published phone: 0000000282 ,https://mpclg.gov.lk/web/images/divisions/Legal/Co-operative_Societies_ETR.pdf,
phone,pass,Published phone: 0000000195 ,https://mpclg.gov.lk/web/images/divisions/Legal/Co-operative_Societies_ETR.pdf,
phone,pass,Published phone: 0000001196 ,https://mpclg.gov.lk/web/images/divisions/Legal/Co-operative_Societies_ETR.pdf,
phone,pass,Published phone: 0000001249 ,https://mpclg.gov.lk/web/images/divisions/Legal/Co-operative_Societies_ETR.pdf,
phone,pass,Published phone: 0000000557 ,https://mpclg.gov.lk/web/images/divisions/Legal/Co-operative_Societies_ETR.pdf,
phone,pass,Published phone: 0000000578 ,https://mpclg.gov.lk/web/images/divisions/Legal/Co-operative_Societies_ETR.pdf,
phone,pass,Published phone: 0000002115 ,https://mpclg.gov.lk/web/images/divisions/Legal/Co-operative_Societies_ETR.pdf,
phone,pass,Published phone: 0000002501 ,https://mpclg.gov.lk/web/images/divisions/Legal/Co-operative_Societies_ETR.pdf,
phone,pass,Published phone: 0000002567 ,https://mpclg.gov.lk/web/images/divisions/Legal/Co-operative_Societies_ETR.pdf,
phone,pass,Published phone: 0000000218 ,https://mpclg.gov.lk/web/images/divisions/Legal/Co-operative_Societies_ETR.pdf,
phone,pass,Published phone: 0000000560 ,https://mpclg.gov.lk/web/images/divisions/Legal/Co-operative_Societies_ETR.pdf,
phone,pass,Published phone: 0000002630 ,https://mpclg.gov.lk/web/images/divisions/Legal/Co-operative_Societies_ETR.pdf,
phone,pass,Published phone: 0000001751 ,https://mpclg.gov.lk/web/images/divisions/Legal/Co-operative_Societies_ETR.pdf,
phone,pass,Published phone: 0000001483 ,https://mpclg.gov.lk/web/images/divisions/Legal/Co-operative_Societies_ETR.pdf,
phone,pass,Published phone: 0000001114 ,https://mpclg.gov.lk/web/images/divisions/Legal/Co-operative_Societies_ETR.pdf,
phone,pass,Published phone: 0000000383 ,https://mpclg.gov.lk/web/images/divisions/Legal/Co-operative_Societies_ETR.pdf,
phone,pass,Published phone: 0000000381 ,https://mpclg.gov.lk/web/images/divisions/Legal/Co-operative_Societies_ETR.pdf,
phone,pass,Published phone: 0000000989 ,https://mpclg.gov.lk/web/images/divisions/Legal/Co-operative_Societies_ETR.pdf,
phone,pass,Published phone: 0000001135 ,https://mpclg.gov.lk/web/images/divisions/Legal/Co-operative_Societies_ETR.pdf,
phone,pass,Published phone: 0000000577 ,https://mpclg.gov.lk/web/images/divisions/Legal/Co-operative_Societies_ETR.pdf,
phone,pass,Published phone: 0000001484 ,https://mpclg.gov.lk/web/images/divisions/Legal/Co-operative_Societies_ETR.pdf,
phone,pass,Published phone: 0000002823 ,https://mpclg.gov.lk/web/images/divisions/Legal/Co-operative_Societies_ETR.pdf,
phone,pass,Published phone: 0000001907 ,https://mpclg.gov.lk/web/images/divisions/Legal/Co-operative_Societies_ETR.pdf,
phone,pass,Published phone: 0000001526 ,https://mpclg.gov.lk/web/images/divisions/Legal/Co-operative_Societies_ETR.pdf,
phone,pass,Published phone: 0000002303 ,https://mpclg.gov.lk/web/images/divisions/Legal/Co-operative_Societies_ETR.pdf,
phone,pass,Published phone: 0000120995 ,https://mpclg.gov.lk/web/images/divisions/Legal/Co-operative_Societies_ETR.pdf,
phone,pass,Published phone: 0000002400 ,https://mpclg.gov.lk/web/images/divisions/Legal/Co-operative_Societies_ETR.pdf,
phone,pass,Published phone: 0000000322 ,https://mpclg.gov.lk/web/images/divisions/Legal/Co-operative_Societies_ETR.pdf,
phone,pass,Published phone: 0000001369 ,https://mpclg.gov.lk/web/images/divisions/Legal/Co-operative_Societies_ETR.pdf,
phone,pass,Published phone: 0000001202 ,https://mpclg.gov.lk/web/images/divisions/Legal/Co-operative_Societies_ETR.pdf,
phone,pass,Published phone: 0000000586 ,https://mpclg.gov.lk/web/images/divisions/Legal/Co-operative_Societies_ETR.pdf,
phone,pass,Published phone: 0000001829 ,https://mpclg.gov.lk/web/images/divisions/Legal/Co-operative_Societies_ETR.pdf,
phone,pass,Published phone: 0000002681 ,https://mpclg.gov.lk/web/images/divisions/Legal/Co-operative_Societies_ETR.pdf,
phone,pass,Published phone: 0000002600 ,https://mpclg.gov.lk/web/images/divisions/Legal/Co-operative_Societies_ETR.pdf,
phone,pass,Published phone: 0000001093 ,https://mpclg.gov.lk/web/images/divisions/Legal/Co-operative_Societies_ETR.pdf,
phone,pass,Published phone: 0000001609 ,https://mpclg.gov.lk/web/images/divisions/Legal/Co-operative_Societies_ETR.pdf,
phone,pass,Published phone: 0000000645 ,https://mpclg.gov.lk/web/images/divisions/Legal/Co-operative_Societies_ETR.pdf,
phone,pass,Published phone: 0000292853 ,https://mpclg.gov.lk/web/images/divisions/Legal/Co-operative_Societies_ETR.pdf,
phone,pass,Published phone: 0000002416 ,https://mpclg.gov.lk/web/images/divisions/Legal/Co-operative_Societies_ETR.pdf,
phone,pass,Published phone: 0000001062 ,https://mpclg.gov.lk/web/images/divisions/Legal/Co-operative_Societies_ETR.pdf,
phone,pass,Published phone: 0000001954 ,https://mpclg.gov.lk/web/images/divisions/Legal/Co-operative_Societies_ETR.pdf,
phone,pass,Published phone: 0000002261 ,https://mpclg.gov.lk/web/images/divisions/Legal/Co-operative_Societies_ETR.pdf,
phone,pass,Published phone: 0000002302 ,https://mpclg.gov.lk/web/images/divisions/Legal/Co-operative_Societies_ETR.pdf,
phone,pass,Published phone: 0000002521 ,https://mpclg.gov.lk/web/images/divisions/Legal/Co-operative_Societies_ETR.pdf,
phone,pass,Published phone: 0000132377 ,https://mpclg.gov.lk/web/images/divisions/Legal/Co-operative_Societies_ETR.pdf,
phone,pass,Published phone: 0000002214 ,https://mpclg.gov.lk/web/images/divisions/Legal/Co-operative_Societies_ETR.pdf,
phone,pass,Published phone: 0000000277 ,https://mpclg.gov.lk/web/images/divisions/Legal/Co-operative_Societies_ETR.pdf,
phone,pass,Published phone: 0000000802 ,https://mpclg.gov.lk/web/images/divisions/Legal/Co-operative_Societies_ETR.pdf,
phone,pass,Published phone: 0000002038 ,https://mpclg.gov.lk/web/images/divisions/Legal/Co-operative_Societies_ETR.pdf,
phone,pass,Published phone: 0000001550 ,https://mpclg.gov.lk/web/images/divisions/Legal/Co-operative_Societies_ETR.pdf,
phone,pass,Published phone: 0000001627 ,https://mpclg.gov.lk/web/images/divisions/Legal/Co-operative_Societies_ETR.pdf,
phone,pass,Published phone: 0000001029 ,https://mpclg.gov.lk/web/images/divisions/Legal/Co-operative_Societies_ETR.pdf,
phone,pass,Published phone: 0000001871 ,https://mpclg.gov.lk/web/images/divisions/Legal/Co-operative_Societies_ETR.pdf,
phone,pass,Published phone: 0000001288 ,https://mpclg.gov.lk/web/images/divisions/Legal/Co-operative_Societies_ETR.pdf,
phone,pass,Published phone: 0000001557 ,https://mpclg.gov.lk/web/images/divisions/Legal/Co-operative_Societies_ETR.pdf,
phone,pass,Published phone: 0000000269 ,https://mpclg.gov.lk/web/images/divisions/Legal/Co-operative_Societies_ETR.pdf,
phone,pass,Published phone: 0000000817 ,https://mpclg.gov.lk/web/images/divisions/Legal/Co-operative_Societies_ETR.pdf,
phone,pass,Published phone: 0000002332 ,https://mpclg.gov.lk/web/images/divisions/Legal/Co-operative_Societies_ETR.pdf,
phone,pass,Published phone: 0000002433 ,https://mpclg.gov.lk/web/images/divisions/Legal/Co-operative_Societies_ETR.pdf,
phone,pass,Published phone: 0000000575 ,https://mpclg.gov.lk/web/images/divisions/Legal/Co-operative_Societies_ETR.pdf,
phone,pass,Published phone: 0000000908 ,https://mpclg.gov.lk/web/images/divisions/Legal/Co-operative_Societies_ETR.pdf,
phone,pass,Published phone: 0000002094 ,https://mpclg.gov.lk/web/images/divisions/Legal/Co-operative_Societies_ETR.pdf,
phone,pass,Published phone: 0000002257 ,https://mpclg.gov.lk/web/images/divisions/Legal/Co-operative_Societies_ETR.pdf,
phone,pass,Published phone: 0000001461 ,https://mpclg.gov.lk/web/images/divisions/Legal/Co-operative_Societies_ETR.pdf,
phone,pass,Published phone: 0000002112 ,https://mpclg.gov.lk/web/images/divisions/Legal/Co-operative_Societies_ETR.pdf,
phone,pass,Published phone: 0000000457 ,https://mpclg.gov.lk/web/images/divisions/Legal/Co-operative_Societies_ETR.pdf,
phone,pass,Published phone: 0000000755 ,https://mpclg.gov.lk/web/images/divisions/Legal/Co-operative_Societies_ETR.pdf,
phone,pass,Published phone: 0000001763 ,https://mpclg.gov.lk/web/images/divisions/Legal/Co-operative_Societies_ETR.pdf,
phone,pass,Published phone: 0000002392 ,https://mpclg.gov.lk/web/images/divisions/Legal/Co-operative_Societies_ETR.pdf,
phone,pass,Published phone: 0000000620 ,https://mpclg.gov.lk/web/images/divisions/Legal/Co-operative_Societies_ETR.pdf,
phone,pass,Published phone: 0000000906 ,https://mpclg.gov.lk/web/images/divisions/Legal/Co-operative_Societies_ETR.pdf,
phone,pass,Published phone: 0000000952 ,https://mpclg.gov.lk/web/images/divisions/Legal/Co-operative_Societies_ETR.pdf,
phone,pass,Published phone: 0000000810 ,https://mpclg.gov.lk/web/images/divisions/Legal/Co-operative_Societies_ETR.pdf,
phone,pass,Published phone: 0000000410 ,https://mpclg.gov.lk/web/images/divisions/Legal/Co-operative_Societies_ETR.pdf,
phone,pass,Published phone: 0000002540 ,https://mpclg.gov.lk/web/images/divisions/Legal/Co-operative_Societies_ETR.pdf,
phone,pass,Published phone: 0000002503 ,https://mpclg.gov.lk/web/images/divisions/Legal/Co-operative_Societies_ETR.pdf,
phone,pass,Published phone: 0000001322 ,https://mpclg.gov.lk/web/images/divisions/Legal/Co-operative_Societies_ETR.pdf,
phone,pass,Published phone: 0000001650 ,https://mpclg.gov.lk/web/images/divisions/Legal/Co-operative_Societies_ETR.pdf,
phone,pass,Published phone: 0000001245 ,https://mpclg.gov.lk/web/images/divisions/Legal/Co-operative_Societies_ETR.pdf,
phone,pass,Published phone: 0000002242 ,https://mpclg.gov.lk/web/images/divisions/Legal/Co-operative_Societies_ETR.pdf,
phone,pass,Published phone: 0000002506 ,https://mpclg.gov.lk/web/images/divisions/Legal/Co-operative_Societies_ETR.pdf,
phone,pass,Published phone: 0000002791 ,https://mpclg.gov.lk/web/images/divisions/Legal/Co-operative_Societies_ETR.pdf,
phone,pass,Published phone: 0000000941 ,https://mpclg.gov.lk/web/images/divisions/Legal/Co-operative_Societies_ETR.pdf,
phone,pass,Published phone: 0000002335 ,https://mpclg.gov.lk/web/images/divisions/Legal/Co-operative_Societies_ETR.pdf,
phone,pass,Published phone: 0000000785 ,https://mpclg.gov.lk/web/images/divisions/Legal/Co-operative_Societies_ETR.pdf,
phone,pass,Published phone: 0000000657 ,https://mpclg.gov.lk/web/images/divisions/Legal/Co-operative_Societies_ETR.pdf,
phone,pass,Published phone: 0000000264 ,https://mpclg.gov.lk/web/images/divisions/Legal/Co-operative_Societies_ETR.pdf,
phone,pass,Published phone: 0000000171 ,https://mpclg.gov.lk/web/images/divisions/Legal/Co-operative_Societies_ETR.pdf,
phone,pass,Published phone: 0000000435 ,https://mpclg.gov.lk/web/images/divisions/Legal/Co-operative_Societies_ETR.pdf,
phone,pass,Published phone: 0000002705 ,https://mpclg.gov.lk/web/images/divisions/Legal/Co-operative_Societies_ETR.pdf,
phone,pass,Published phone: 0000002780 ,https://mpclg.gov.lk/web/images/divisions/Legal/Co-operative_Societies_ETR.pdf,
phone,pass,Published phone: 0000002367 ,https://mpclg.gov.lk/web/images/divisions/Legal/Co-operative_Societies_ETR.pdf,
phone,pass,Published phone: 0000002398 ,https://mpclg.gov.lk/web/images/divisions/Legal/Co-operative_Societies_ETR.pdf,
phone,pass,Published phone: 0000001470 ,https://mpclg.gov.lk/web/images/divisions/Legal/Co-operative_Societies_ETR.pdf,
phone,pass,Published phone: 0000002559 ,https://mpclg.gov.lk/web/images/divisions/Legal/Co-operative_Societies_ETR.pdf,
phone,pass,Published phone: 0000002589 ,https://mpclg.gov.lk/web/images/divisions/Legal/Co-operative_Societies_ETR.pdf,
phone,pass,Published phone: 0000001551 ,https://mpclg.gov.lk/web/images/divisions/Legal/Co-operative_Societies_ETR.pdf,
phone,pass,Published phone: 0000001779 ,https://mpclg.gov.lk/web/images/divisions/Legal/Co-operative_Societies_ETR.pdf,
phone,pass,Published phone: 0000002105 ,https://mpclg.gov.lk/web/images/divisions/Legal/Co-operative_Societies_ETR.pdf,
phone,pass,Published phone: 0000001203 ,https://mpclg.gov.lk/web/images/divisions/Legal/Co-operative_Societies_ETR.pdf,
phone,pass,Published phone: 0000000182 ,https://mpclg.gov.lk/web/images/divisions/Legal/Co-operative_Societies_ETR.pdf,
phone,pass,Published phone: 0000001328 ,https://mpclg.gov.lk/web/images/divisions/Legal/Co-operative_Societies_ETR.pdf,
phone,pass,Published phone: 0000000430 ,https://mpclg.gov.lk/web/images/divisions/Legal/Co-operative_Societies_ETR.pdf,
phone,pass,Published phone: 0000000297 ,https://mpclg.gov.lk/web/images/divisions/Legal/Co-operative_Societies_ETR.pdf,
phone,pass,Published phone: 0000001499 ,https://mpclg.gov.lk/web/images/divisions/Legal/Co-operative_Societies_ETR.pdf,
phone,pass,Published phone: 0000002860 ,https://mpclg.gov.lk/web/images/divisions/Legal/Co-operative_Societies_ETR.pdf,
phone,pass,Published phone: 0000000567 ,https://mpclg.gov.lk/web/images/divisions/Legal/Co-operative_Societies_ETR.pdf,
phone,pass,Published phone: 0000001668 ,https://mpclg.gov.lk/web/images/divisions/Legal/Co-operative_Societies_ETR.pdf,
phone,pass,Published phone: 0000001491 ,https://mpclg.gov.lk/web/images/divisions/Legal/Co-operative_Societies_ETR.pdf,
phone,pass,Published phone: 0000001531 ,https://mpclg.gov.lk/web/images/divisions/Legal/Co-operative_Societies_ETR.pdf,
phone,pass,Published phone: 0000001981 ,https://mpclg.gov.lk/web/images/divisions/Legal/Co-operative_Societies_ETR.pdf,
phone,pass,Published phone: 0000002093 ,https://mpclg.gov.lk/web/images/divisions/Legal/Co-operative_Societies_ETR.pdf,
phone,pass,Published phone: 0000002235 ,https://mpclg.gov.lk/web/images/divisions/Legal/Co-operative_Societies_ETR.pdf,
phone,pass,Published phone: 0000001793 ,https://mpclg.gov.lk/web/images/divisions/Legal/Co-operative_Societies_ETR.pdf,
phone,pass,Published phone: 0000001494 ,https://mpclg.gov.lk/web/images/divisions/Legal/Co-operative_Societies_ETR.pdf,
phone,pass,Published phone: 0000002520 ,https://mpclg.gov.lk/web/images/divisions/Legal/Co-operative_Societies_ETR.pdf,
phone,pass,Published phone: 0000002111 ,https://mpclg.gov.lk/web/images/divisions/Legal/Co-operative_Societies_ETR.pdf,
phone,pass,Published phone: 0000001807 ,https://mpclg.gov.lk/web/images/divisions/Legal/Co-operative_Societies_ETR.pdf,
phone,pass,Published phone: 0000002207 ,https://mpclg.gov.lk/web/images/divisions/Legal/Co-operative_Societies_ETR.pdf,
phone,pass,Published phone: 0000002355 ,https://mpclg.gov.lk/web/images/divisions/Legal/Co-operative_Societies_ETR.pdf,
phone,pass,Published phone: 0000001352 ,https://mpclg.gov.lk/web/images/divisions/Legal/Co-operative_Societies_ETR.pdf,
phone,pass,Published phone: 0000000816 ,https://mpclg.gov.lk/web/images/divisions/Legal/Co-operative_Societies_ETR.pdf,
phone,pass,Published phone: 0000000999 ,https://mpclg.gov.lk/web/images/divisions/Legal/Co-operative_Societies_ETR.pdf,
phone,pass,Published phone: 0000001591 ,https://mpclg.gov.lk/web/images/divisions/Legal/Co-operative_Societies_ETR.pdf,
phone,pass,Published phone: 0000001837 ,https://mpclg.gov.lk/web/images/divisions/Legal/Co-operative_Societies_ETR.pdf,
phone,pass,Published phone: 0000001279 ,https://mpclg.gov.lk/web/images/divisions/Legal/Co-operative_Societies_ETR.pdf,
phone,pass,Published phone: 0000002424 ,https://mpclg.gov.lk/web/images/divisions/Legal/Co-operative_Societies_ETR.pdf,
phone,pass,Published phone: 0 0 500 500 50,https://mpclg.gov.lk/web/images/divisions/Legal/Co-operative_Societies_ETR.pdf,
phone,pass,Published phone: 0000000706 ,https://mpclg.gov.lk/web/images/divisions/Legal/Co-operative_Societies_ETR.pdf,
phone,pass,Published phone: 0000000961 ,https://mpclg.gov.lk/web/images/divisions/Legal/Co-operative_Societies_ETR.pdf,
phone,pass,Published phone: 0000000733 ,https://mpclg.gov.lk/web/images/divisions/Legal/Co-operative_Societies_ETR.pdf,
phone,pass,Published phone: 0000001840 ,https://mpclg.gov.lk/web/images/divisions/Legal/Co-operative_Societies_ETR.pdf,
phone,pass,Published phone: 0000000756 ,https://mpclg.gov.lk/web/images/divisions/Legal/Co-operative_Societies_ETR.pdf,
phone,pass,Published phone: 0000001031 ,https://mpclg.gov.lk/web/images/divisions/Legal/Co-operative_Societies_ETR.pdf,
phone,pass,Published phone: 0000001712 ,https://mpclg.gov.lk/web/images/divisions/Legal/Co-operative_Societies_ETR.pdf,
phone,pass,Published phone: 0000000402 ,https://mpclg.gov.lk/web/images/divisions/Legal/Co-operative_Societies_ETR.pdf,
phone,pass,Published phone: 0000001894 ,https://mpclg.gov.lk/web/images/divisions/Legal/Co-operative_Societies_ETR.pdf,
phone,pass,Published phone: 0000000539 ,https://mpclg.gov.lk/web/images/divisions/Legal/Co-operative_Societies_ETR.pdf,
phone,pass,Published phone: 0000002801 ,https://mpclg.gov.lk/web/images/divisions/Legal/Co-operative_Societies_ETR.pdf,
phone,pass,Published phone: 0000001643 ,https://mpclg.gov.lk/web/images/divisions/Legal/Co-operative_Societies_ETR.pdf,
phone,pass,Published phone: 0000001466 ,https://mpclg.gov.lk/web/images/divisions/Legal/Co-operative_Societies_ETR.pdf,
phone,pass,Published phone: 0000001389 ,https://mpclg.gov.lk/web/images/divisions/Legal/Co-operative_Societies_ETR.pdf,
phone,pass,Published phone: 0000000512 ,https://mpclg.gov.lk/web/images/divisions/Legal/Co-operative_Societies_ETR.pdf,
phone,pass,Published phone: 0000000352 ,https://mpclg.gov.lk/web/images/divisions/Legal/Co-operative_Societies_ETR.pdf,
phone,pass,Published phone: 0000001026 ,https://mpclg.gov.lk/web/images/divisions/Legal/Co-operative_Societies_ETR.pdf,
phone,pass,Published phone: 0000000199 ,https://mpclg.gov.lk/web/images/divisions/Legal/Co-operative_Societies_ETR.pdf,
phone,pass,Published phone: 0000002652 ,https://mpclg.gov.lk/web/images/divisions/Legal/Co-operative_Societies_ETR.pdf,
phone,pass,Published phone: 0000000736 ,https://mpclg.gov.lk/web/images/divisions/Legal/Co-operative_Societies_ETR.pdf,
phone,pass,Published phone: 0000001334 ,https://mpclg.gov.lk/web/images/divisions/Legal/Co-operative_Societies_ETR.pdf,
phone,pass,Published phone: 0000001865 ,https://mpclg.gov.lk/web/images/divisions/Legal/Co-operative_Societies_ETR.pdf,
phone,pass,Published phone: 0000002041 ,https://mpclg.gov.lk/web/images/divisions/Legal/Co-operative_Societies_ETR.pdf,
phone,pass,Published phone: 0000000561 ,https://mpclg.gov.lk/web/images/divisions/Legal/Co-operative_Societies_ETR.pdf,
phone,pass,Published phone: 0000002476 ,https://mpclg.gov.lk/web/images/divisions/Legal/Co-operative_Societies_ETR.pdf,
phone,pass,Published phone: 0000001019 ,https://mpclg.gov.lk/web/images/divisions/Legal/Co-operative_Societies_ETR.pdf,
phone,pass,Published phone: 0000002168 ,https://mpclg.gov.lk/web/images/divisions/Legal/Co-operative_Societies_ETR.pdf,
phone,pass,Published phone: 0000002025 ,https://mpclg.gov.lk/web/images/divisions/Legal/Co-operative_Societies_ETR.pdf,
phone,pass,Published phone: 0000000919 ,https://mpclg.gov.lk/web/images/divisions/Legal/Co-operative_Societies_ETR.pdf,
phone,pass,Published phone: 0000001425 ,https://mpclg.gov.lk/web/images/divisions/Legal/Co-operative_Societies_ETR.pdf,
phone,pass,Published phone: 0000001502 ,https://mpclg.gov.lk/web/images/divisions/Legal/Co-operative_Societies_ETR.pdf,
phone,pass,Published phone: 0000000443 ,https://mpclg.gov.lk/web/images/divisions/Legal/Co-operative_Societies_ETR.pdf,
phone,pass,Published phone: 0000001744 ,https://mpclg.gov.lk/web/images/divisions/Legal/Co-operative_Societies_ETR.pdf,
phone,pass,Published phone: 0000002103 ,https://mpclg.gov.lk/web/images/divisions/Legal/Co-operative_Societies_ETR.pdf,
phone,pass,Published phone: 0000000688 ,https://mpclg.gov.lk/web/images/divisions/Legal/Co-operative_Societies_ETR.pdf,
phone,pass,Published phone: 0000001010 ,https://mpclg.gov.lk/web/images/divisions/Legal/Co-operative_Societies_ETR.pdf,
phone,pass,Published phone: 0000401460 ,https://mpclg.gov.lk/web/images/divisions/Legal/Co-operative_Societies_ETR.pdf,
phone,pass,Published phone: 0000000482 ,https://mpclg.gov.lk/web/images/divisions/Legal/Co-operative_Societies_ETR.pdf,
phone,pass,Published phone: 0000000683 ,https://mpclg.gov.lk/web/images/divisions/Legal/Co-operative_Societies_ETR.pdf,
phone,pass,Published phone: 0000000968 ,https://mpclg.gov.lk/web/images/divisions/Legal/Co-operative_Societies_ETR.pdf,
phone,pass,Published phone: 0000000986 ,https://mpclg.gov.lk/web/images/divisions/Legal/Co-operative_Societies_ETR.pdf,
phone,pass,Published phone: 0000001072 ,https://mpclg.gov.lk/web/images/divisions/Legal/Co-operative_Societies_ETR.pdf,
phone,pass,Published phone: 0 0 371 0 0 0 77,https://mpclg.gov.lk/web/images/divisions/Legal/Co-operative_Societies_ETR.pdf,
phone,pass,Published phone: 0000001218 ,https://mpclg.gov.lk/web/images/divisions/Legal/Co-operative_Societies_ETR.pdf,
phone,pass,Published phone: 0000000427 ,https://mpclg.gov.lk/web/images/divisions/Legal/Co-operative_Societies_ETR.pdf,
phone,pass,Published phone: 0000002301 ,https://mpclg.gov.lk/web/images/divisions/Legal/Co-operative_Societies_ETR.pdf,
phone,pass,Published phone: 0000000734 ,https://mpclg.gov.lk/web/images/divisions/Legal/Co-operative_Societies_ETR.pdf,
phone,pass,Published phone: 0000002135 ,https://mpclg.gov.lk/web/images/divisions/Legal/Co-operative_Societies_ETR.pdf,
phone,pass,Published phone: 0000000668 ,https://mpclg.gov.lk/web/images/divisions/Legal/Co-operative_Societies_ETR.pdf,
phone,pass,Published phone: 0000000625 ,https://mpclg.gov.lk/web/images/divisions/Legal/Co-operative_Societies_ETR.pdf,
phone,pass,Published phone: 0000002192 ,https://mpclg.gov.lk/web/images/divisions/Legal/Co-operative_Societies_ETR.pdf,
phone,pass,Published phone: 0000002616 ,https://mpclg.gov.lk/web/images/divisions/Legal/Co-operative_Societies_ETR.pdf,
phone,pass,Published phone: 0000001611 ,https://mpclg.gov.lk/web/images/divisions/Legal/Co-operative_Societies_ETR.pdf,
phone,pass,Published phone: 0000000292 ,https://mpclg.gov.lk/web/images/divisions/Legal/Co-operative_Societies_ETR.pdf,
phone,pass,Published phone: 0000001714 ,https://mpclg.gov.lk/web/images/divisions/Legal/Co-operative_Societies_ETR.pdf,
phone,pass,Published phone: 0000004937 ,https://mpclg.gov.lk/web/images/divisions/Legal/Co-operative_Societies_ETR.pdf,
phone,pass,Published phone: 0000191942 ,https://mpclg.gov.lk/web/images/divisions/Legal/Co-operative_Societies_ETR.pdf,
phone,pass,Published phone: 0000001359 ,https://mpclg.gov.lk/web/images/divisions/Legal/Co-operative_Societies_ETR.pdf,
phone,pass,Published phone: 0000002577 ,https://mpclg.gov.lk/web/images/divisions/Legal/Co-operative_Societies_ETR.pdf,
phone,pass,Published phone: 0000000729 ,https://mpclg.gov.lk/web/images/divisions/Legal/Co-operative_Societies_ETR.pdf,
phone,pass,Published phone: 0000000864 ,https://mpclg.gov.lk/web/images/divisions/Legal/Co-operative_Societies_ETR.pdf,
phone,pass,Published phone: 0000001383 ,https://mpclg.gov.lk/web/images/divisions/Legal/Co-operative_Societies_ETR.pdf,
phone,pass,Published phone: 0000453291 ,https://mpclg.gov.lk/web/images/divisions/Legal/Co-operative_Societies_ETR.pdf,
phone,pass,Published phone: 0000000283 ,https://mpclg.gov.lk/web/images/divisions/Legal/Co-operative_Societies_ETR.pdf,
phone,pass,Published phone: 00 463 389 38,https://mpclg.gov.lk/web/images/divisions/Legal/Co-operative_Societies_ETR.pdf,
phone,pass,Published phone: 0000000713 ,https://mpclg.gov.lk/web/images/divisions/Legal/Co-operative_Societies_ETR.pdf,
phone,pass,Published phone: 0000000792 ,https://mpclg.gov.lk/web/images/divisions/Legal/Co-operative_Societies_ETR.pdf,
phone,pass,Published phone: 0000001696 ,https://mpclg.gov.lk/web/images/divisions/Legal/Co-operative_Societies_ETR.pdf,
phone,pass,Published phone: 0000001539 ,https://mpclg.gov.lk/web/images/divisions/Legal/Co-operative_Societies_ETR.pdf,
phone,pass,Published phone: 0000000498 ,https://mpclg.gov.lk/web/images/divisions/Legal/Co-operative_Societies_ETR.pdf,
phone,pass,Published phone: 0000000489 ,https://mpclg.gov.lk/web/images/divisions/Legal/Co-operative_Societies_ETR.pdf,
phone,pass,Published phone: 0 0 0 722 0 0 0 0 ,https://mpclg.gov.lk/web/images/divisions/Legal/Co-operative_Societies_ETR.pdf,
phone,pass,Published phone: 0000001311 ,https://mpclg.gov.lk/web/images/divisions/Legal/Co-operative_Societies_ETR.pdf,
phone,pass,Published phone: 0000002723 ,https://mpclg.gov.lk/web/images/divisions/Legal/Co-operative_Societies_ETR.pdf,
phone,pass,Published phone: 0000001158 ,https://mpclg.gov.lk/web/images/divisions/Legal/Co-operative_Societies_ETR.pdf,
phone,pass,Published phone: 0000001918 ,https://mpclg.gov.lk/web/images/divisions/Legal/Co-operative_Societies_ETR.pdf,
phone,pass,Published phone: 0000000259 ,https://mpclg.gov.lk/web/images/divisions/Legal/Co-operative_Societies_ETR.pdf,
phone,pass,Published phone: 0000006391 ,https://mpclg.gov.lk/web/images/divisions/Legal/Co-operative_Societies_ETR.pdf,
phone,pass,Published phone: 0000002305 ,https://mpclg.gov.lk/web/images/divisions/Legal/Co-operative_Societies_ETR.pdf,
phone,pass,Published phone: 0000453262 ,https://mpclg.gov.lk/web/images/divisions/Legal/Co-operative_Societies_ETR.pdf,
phone,pass,Published phone: 0000000822 ,https://mpclg.gov.lk/web/images/divisions/Legal/Co-operative_Societies_ETR.pdf,
phone,pass,Published phone: 0000001597 ,https://mpclg.gov.lk/web/images/divisions/Legal/Co-operative_Societies_ETR.pdf,
phone,pass,Published phone: 0000002244 ,https://mpclg.gov.lk/web/images/divisions/Legal/Co-operative_Societies_ETR.pdf,
phone,pass,Published phone: 0000001113 ,https://mpclg.gov.lk/web/images/divisions/Legal/Co-operative_Societies_ETR.pdf,
phone,pass,Published phone: 0000001308 ,https://mpclg.gov.lk/web/images/divisions/Legal/Co-operative_Societies_ETR.pdf,
phone,pass,Published phone: 0000221676 ,https://mpclg.gov.lk/web/images/divisions/Legal/Co-operative_Societies_ETR.pdf,
phone,pass,Published phone: 0000000926 ,https://mpclg.gov.lk/web/images/divisions/Legal/Co-operative_Societies_ETR.pdf,
phone,pass,Published phone: 0000002227 ,https://mpclg.gov.lk/web/images/divisions/Legal/Co-operative_Societies_ETR.pdf,
phone,pass,Published phone: 0000181706 ,https://mpclg.gov.lk/web/images/divisions/Legal/Co-operative_Societies_ETR.pdf,
phone,pass,Published phone: 0000001929 ,https://mpclg.gov.lk/web/images/divisions/Legal/Co-operative_Societies_ETR.pdf,
phone,pass,Published phone: 0000001188 ,https://mpclg.gov.lk/web/images/divisions/Legal/Co-operative_Societies_ETR.pdf,
phone,pass,Published phone: 0000002609 ,https://mpclg.gov.lk/web/images/divisions/Legal/Co-operative_Societies_ETR.pdf,
phone,pass,Published phone: 0000147475 ,https://mpclg.gov.lk/web/images/divisions/Legal/Co-operative_Societies_ETR.pdf,
phone,pass,Published phone: 0000001974 ,https://mpclg.gov.lk/web/images/divisions/Legal/Co-operative_Societies_ETR.pdf,
phone,pass,Published phone: 0000002715 ,https://mpclg.gov.lk/web/images/divisions/Legal/Co-operative_Societies_ETR.pdf,
phone,pass,Published phone: 0000000347 ,https://mpclg.gov.lk/web/images/divisions/Legal/Co-operative_Societies_ETR.pdf,
phone,pass,Published phone: 0000001299 ,https://mpclg.gov.lk/web/images/divisions/Legal/Co-operative_Societies_ETR.pdf,
phone,pass,Published phone: 0000000622 ,https://mpclg.gov.lk/web/images/divisions/Legal/Co-operative_Societies_ETR.pdf,
phone,pass,Published phone: 0000001336 ,https://mpclg.gov.lk/web/images/divisions/Legal/Co-operative_Societies_ETR.pdf,
phone,pass,Published phone: 0000000869 ,https://mpclg.gov.lk/web/images/divisions/Legal/Co-operative_Societies_ETR.pdf,
phone,pass,Published phone: 0000001866 ,https://mpclg.gov.lk/web/images/divisions/Legal/Co-operative_Societies_ETR.pdf,
phone,pass,Published phone: 0000000807 ,https://mpclg.gov.lk/web/images/divisions/Legal/Co-operative_Societies_ETR.pdf,
phone,pass,Published phone: 0000000704 ,https://mpclg.gov.lk/web/images/divisions/Legal/Co-operative_Societies_ETR.pdf,
phone,pass,Published phone: 0000001693 ,https://mpclg.gov.lk/web/images/divisions/Legal/Co-operative_Societies_ETR.pdf,
phone,pass,Published phone: 0000001480 ,https://mpclg.gov.lk/web/images/divisions/Legal/Co-operative_Societies_ETR.pdf,
phone,pass,Published phone: 0000002810 ,https://mpclg.gov.lk/web/images/divisions/Legal/Co-operative_Societies_ETR.pdf,
phone,pass,Published phone: 0000001355 ,https://mpclg.gov.lk/web/images/divisions/Legal/Co-operative_Societies_ETR.pdf,
phone,pass,Published phone: 0000002597 ,https://mpclg.gov.lk/web/images/divisions/Legal/Co-operative_Societies_ETR.pdf,
phone,pass,Published phone: 0000000432 ,https://mpclg.gov.lk/web/images/divisions/Legal/Co-operative_Societies_ETR.pdf,
phone,pass,Published phone: 0000002114 ,https://mpclg.gov.lk/web/images/divisions/Legal/Co-operative_Societies_ETR.pdf,
phone,pass,Published phone: 0000002699 ,https://mpclg.gov.lk/web/images/divisions/Legal/Co-operative_Societies_ETR.pdf,
phone,pass,Published phone: 0000002525 ,https://mpclg.gov.lk/web/images/divisions/Legal/Co-operative_Societies_ETR.pdf,
phone,pass,Published phone: 0000117595 ,https://mpclg.gov.lk/web/images/divisions/Legal/Co-operative_Societies_ETR.pdf,
phone,pass,Published phone: 0000000621 ,https://mpclg.gov.lk/web/images/divisions/Legal/Co-operative_Societies_ETR.pdf,
phone,pass,Published phone: 0000002771 ,https://mpclg.gov.lk/web/images/divisions/Legal/Co-operative_Societies_ETR.pdf,
phone,pass,Published phone: 0000000681 ,https://mpclg.gov.lk/web/images/divisions/Legal/Co-operative_Societies_ETR.pdf,
phone,pass,Published phone: 0000000942 ,https://mpclg.gov.lk/web/images/divisions/Legal/Co-operative_Societies_ETR.pdf,
phone,pass,Published phone: 0000001594 ,https://mpclg.gov.lk/web/images/divisions/Legal/Co-operative_Societies_ETR.pdf,
phone,pass,Published phone: 0000002593 ,https://mpclg.gov.lk/web/images/divisions/Legal/Co-operative_Societies_ETR.pdf,
phone,pass,Published phone: 0000001893 ,https://mpclg.gov.lk/web/images/divisions/Legal/Co-operative_Societies_ETR.pdf,
phone,pass,Published phone: 0000001999 ,https://mpclg.gov.lk/web/images/divisions/Legal/Co-operative_Societies_ETR.pdf,
phone,pass,Published phone: 0000000922 ,https://mpclg.gov.lk/web/images/divisions/Legal/Co-operative_Societies_ETR.pdf,
phone,pass,Published phone: 0000001896 ,https://mpclg.gov.lk/web/images/divisions/Legal/Co-operative_Societies_ETR.pdf,
phone,pass,Published phone: 0000071156 ,https://mpclg.gov.lk/web/images/divisions/Legal/Co-operative_Societies_ETR.pdf,
phone,pass,Published phone: 0000002663 ,https://mpclg.gov.lk/web/images/divisions/Legal/Co-operative_Societies_ETR.pdf,
phone,pass,Published phone: 0000000444 ,https://mpclg.gov.lk/web/images/divisions/Legal/Co-operative_Societies_ETR.pdf,
phone,pass,Published phone: 0000001321 ,https://mpclg.gov.lk/web/images/divisions/Legal/Co-operative_Societies_ETR.pdf,
phone,pass,Published phone: 0000000630 ,https://mpclg.gov.lk/web/images/divisions/Legal/Co-operative_Societies_ETR.pdf,
phone,pass,Published phone: 0000002685 ,https://mpclg.gov.lk/web/images/divisions/Legal/Co-operative_Societies_ETR.pdf,
phone,pass,Published phone: 0000001629 ,https://mpclg.gov.lk/web/images/divisions/Legal/Co-operative_Societies_ETR.pdf,
phone,pass,Published phone: 0000001055 ,https://mpclg.gov.lk/web/images/divisions/Legal/Co-operative_Societies_ETR.pdf,
phone,pass,Published phone: 0000001542 ,https://mpclg.gov.lk/web/images/divisions/Legal/Co-operative_Societies_ETR.pdf,
phone,pass,Published phone: 0000243833 ,https://mpclg.gov.lk/web/images/divisions/Legal/Co-operative_Societies_ETR.pdf,
phone,pass,Published phone: 0000001462 ,https://mpclg.gov.lk/web/images/divisions/Legal/Co-operative_Societies_ETR.pdf,
phone,pass,Published phone: 0000002601 ,https://mpclg.gov.lk/web/images/divisions/Legal/Co-operative_Societies_ETR.pdf,
phone,pass,Published phone: 0000001605 ,https://mpclg.gov.lk/web/images/divisions/Legal/Co-operative_Societies_ETR.pdf,
phone,pass,Published phone: 0000001014 ,https://mpclg.gov.lk/web/images/divisions/Legal/Co-operative_Societies_ETR.pdf,
phone,pass,Published phone: 0000000812 ,https://mpclg.gov.lk/web/images/divisions/Legal/Co-operative_Societies_ETR.pdf,
phone,pass,Published phone: 0000000844 ,https://mpclg.gov.lk/web/images/divisions/Legal/Co-operative_Societies_ETR.pdf,
phone,pass,Published phone: 0000002726 ,https://mpclg.gov.lk/web/images/divisions/Legal/Co-operative_Societies_ETR.pdf,
phone,pass,Published phone: 0000001465 ,https://mpclg.gov.lk/web/images/divisions/Legal/Co-operative_Societies_ETR.pdf,
phone,pass,Published phone: 0000001438 ,https://mpclg.gov.lk/web/images/divisions/Legal/Co-operative_Societies_ETR.pdf,
phone,pass,Published phone: 0000000841 ,https://mpclg.gov.lk/web/images/divisions/Legal/Co-operative_Societies_ETR.pdf,
phone,pass,Published phone: 0000001261 ,https://mpclg.gov.lk/web/images/divisions/Legal/Co-operative_Societies_ETR.pdf,
phone,pass,Published phone: 0000000462 ,https://mpclg.gov.lk/web/images/divisions/Legal/Co-operative_Societies_ETR.pdf,
phone,pass,Published phone: 0000001768 ,https://mpclg.gov.lk/web/images/divisions/Legal/Co-operative_Societies_ETR.pdf,
phone,pass,Published phone: 0000002202 ,https://mpclg.gov.lk/web/images/divisions/Legal/Co-operative_Societies_ETR.pdf,
phone,pass,Published phone: 0000001469 ,https://mpclg.gov.lk/web/images/divisions/Legal/Co-operative_Societies_ETR.pdf,
phone,pass,Published phone: 0000002225 ,https://mpclg.gov.lk/web/images/divisions/Legal/Co-operative_Societies_ETR.pdf,
phone,pass,Published phone: 0000001262 ,https://mpclg.gov.lk/web/images/divisions/Legal/Co-operative_Societies_ETR.pdf,
phone,pass,Published phone: 0000001864 ,https://mpclg.gov.lk/web/images/divisions/Legal/Co-operative_Societies_ETR.pdf,
phone,pass,Published phone: 0000000203 ,https://mpclg.gov.lk/web/images/divisions/Legal/Co-operative_Societies_ETR.pdf,
phone,pass,Published phone: 0000002241 ,https://mpclg.gov.lk/web/images/divisions/Legal/Co-operative_Societies_ETR.pdf,
phone,pass,Published phone: 0000000640 ,https://mpclg.gov.lk/web/images/divisions/Legal/Co-operative_Societies_ETR.pdf,
phone,pass,Published phone: 0000001407 ,https://mpclg.gov.lk/web/images/divisions/Legal/Co-operative_Societies_ETR.pdf,
phone,pass,Published phone: 0000002587 ,https://mpclg.gov.lk/web/images/divisions/Legal/Co-operative_Societies_ETR.pdf,
phone,pass,Published phone: 0000002300 ,https://mpclg.gov.lk/web/images/divisions/Legal/Co-operative_Societies_ETR.pdf,
phone,pass,Published phone: 0000000641 ,https://mpclg.gov.lk/web/images/divisions/Legal/Co-operative_Societies_ETR.pdf,
phone,pass,Published phone: 0000002119 ,https://mpclg.gov.lk/web/images/divisions/Legal/Co-operative_Societies_ETR.pdf,
phone,pass,Published phone: 0000001549 ,https://mpclg.gov.lk/web/images/divisions/Legal/Co-operative_Societies_ETR.pdf,
phone,pass,Published phone: 0000001994 ,https://mpclg.gov.lk/web/images/divisions/Legal/Co-operative_Societies_ETR.pdf,
phone,pass,Published phone: 0000002295 ,https://mpclg.gov.lk/web/images/divisions/Legal/Co-operative_Societies_ETR.pdf,
phone,pass,Published phone: 0000516282 ,https://mpclg.gov.lk/web/images/divisions/Legal/Co-operative_Societies_ETR.pdf,
phone,pass,Published phone: 0000002109 ,https://mpclg.gov.lk/web/images/divisions/Legal/Co-operative_Societies_ETR.pdf,
phone,pass,Published phone: 0000001939 ,https://mpclg.gov.lk/web/images/divisions/Legal/Co-operative_Societies_ETR.pdf,
phone,pass,Published phone: 0000001571 ,https://mpclg.gov.lk/web/images/divisions/Legal/Co-operative_Societies_ETR.pdf,
phone,pass,Published phone: 0000002613 ,https://mpclg.gov.lk/web/images/divisions/Legal/Co-operative_Societies_ETR.pdf,
phone,pass,Published phone: 0000000454 ,https://mpclg.gov.lk/web/images/divisions/Legal/Co-operative_Societies_ETR.pdf,
phone,pass,Published phone: 0000002238 ,https://mpclg.gov.lk/web/images/divisions/Legal/Co-operative_Societies_ETR.pdf,
phone,pass,Published phone: 0000001374 ,https://mpclg.gov.lk/web/images/divisions/Legal/Co-operative_Societies_ETR.pdf,
phone,pass,Published phone: 0000002842 ,https://mpclg.gov.lk/web/images/divisions/Legal/Co-operative_Societies_ETR.pdf,
phone,pass,Published phone: 0000001617 ,https://mpclg.gov.lk/web/images/divisions/Legal/Co-operative_Societies_ETR.pdf,
phone,pass,Published phone: 0000002138 ,https://mpclg.gov.lk/web/images/divisions/Legal/Co-operative_Societies_ETR.pdf,
phone,pass,Published phone: 0000001607 ,https://mpclg.gov.lk/web/images/divisions/Legal/Co-operative_Societies_ETR.pdf,
phone,pass,Published phone: 0000001791 ,https://mpclg.gov.lk/web/images/divisions/Legal/Co-operative_Societies_ETR.pdf,
phone,pass,Published phone: 0000002016 ,https://mpclg.gov.lk/web/images/divisions/Legal/Co-operative_Societies_ETR.pdf,
phone,pass,Published phone: 0000001590 ,https://mpclg.gov.lk/web/images/divisions/Legal/Co-operative_Societies_ETR.pdf,
phone,pass,Published phone: 0000001020 ,https://mpclg.gov.lk/web/images/divisions/Legal/Co-operative_Societies_ETR.pdf,
phone,pass,Published phone: 0000000343 ,https://mpclg.gov.lk/web/images/divisions/Legal/Co-operative_Societies_ETR.pdf,
phone,pass,Published phone: 0000000475 ,https://mpclg.gov.lk/web/images/divisions/Legal/Co-operative_Societies_ETR.pdf,
phone,pass,Published phone: 0000000476 ,https://mpclg.gov.lk/web/images/divisions/Legal/Co-operative_Societies_ETR.pdf,
phone,pass,Published phone: 0000001759 ,https://mpclg.gov.lk/web/images/divisions/Legal/Co-operative_Societies_ETR.pdf,
phone,pass,Published phone: 0000002541 ,https://mpclg.gov.lk/web/images/divisions/Legal/Co-operative_Societies_ETR.pdf,
phone,pass,Published phone: 0000000242 ,https://mpclg.gov.lk/web/images/divisions/Legal/Co-operative_Societies_ETR.pdf,
phone,pass,Published phone: 0000000651 ,https://mpclg.gov.lk/web/images/divisions/Legal/Co-operative_Societies_ETR.pdf,
phone,pass,Published phone: 0000002564 ,https://mpclg.gov.lk/web/images/divisions/Legal/Co-operative_Societies_ETR.pdf,
phone,pass,Published phone: 0000001251 ,https://mpclg.gov.lk/web/images/divisions/Legal/Co-operative_Societies_ETR.pdf,
phone,pass,Published phone: 0000001084 ,https://mpclg.gov.lk/web/images/divisions/Legal/Co-operative_Societies_ETR.pdf,
phone,pass,Published phone: 0000002562 ,https://mpclg.gov.lk/web/images/divisions/Legal/Co-operative_Societies_ETR.pdf,
phone,pass,Published phone: 0000000235 ,https://mpclg.gov.lk/web/images/divisions/Legal/Co-operative_Societies_ETR.pdf,
phone,pass,Published phone: 0000000168 ,https://mpclg.gov.lk/web/images/divisions/Legal/Co-operative_Societies_ETR.pdf,
phone,pass,Published phone: 0000292428 ,https://mpclg.gov.lk/web/images/divisions/Legal/Co-operative_Societies_ETR.pdf,
phone,pass,Published phone: 0000002288 ,https://mpclg.gov.lk/web/images/divisions/Legal/Co-operative_Societies_ETR.pdf,
phone,pass,Published phone: 0000000220 ,https://mpclg.gov.lk/web/images/divisions/Legal/Co-operative_Societies_ETR.pdf,
phone,pass,Published phone: 0000000920 ,https://mpclg.gov.lk/web/images/divisions/Legal/Co-operative_Societies_ETR.pdf,
phone,pass,Published phone: 0000001186 ,https://mpclg.gov.lk/web/images/divisions/Legal/Co-operative_Societies_ETR.pdf,
phone,pass,Published phone: 0000001216 ,https://mpclg.gov.lk/web/images/divisions/Legal/Co-operative_Societies_ETR.pdf,
phone,pass,Published phone: 0000000604 ,https://mpclg.gov.lk/web/images/divisions/Legal/Co-operative_Societies_ETR.pdf,
phone,pass,Published phone: 0000000902 ,https://mpclg.gov.lk/web/images/divisions/Legal/Co-operative_Societies_ETR.pdf,
phone,pass,Published phone: 0000000710 ,https://mpclg.gov.lk/web/images/divisions/Legal/Co-operative_Societies_ETR.pdf,
phone,pass,Published phone: 0000001507 ,https://mpclg.gov.lk/web/images/divisions/Legal/Co-operative_Societies_ETR.pdf,
phone,pass,Published phone: 0000000711 ,https://mpclg.gov.lk/web/images/divisions/Legal/Co-operative_Societies_ETR.pdf,
phone,pass,Published phone: 0000002326 ,https://mpclg.gov.lk/web/images/divisions/Legal/Co-operative_Societies_ETR.pdf,
phone,pass,Published phone: 0000001182 ,https://mpclg.gov.lk/web/images/divisions/Legal/Co-operative_Societies_ETR.pdf,
phone,pass,Published phone: 0000000181 ,https://mpclg.gov.lk/web/images/divisions/Legal/Co-operative_Societies_ETR.pdf,
phone,pass,Published phone: 0000002812 ,https://mpclg.gov.lk/web/images/divisions/Legal/Co-operative_Societies_ETR.pdf,
phone,pass,Published phone: 0000000316 ,https://mpclg.gov.lk/web/images/divisions/Legal/Co-operative_Societies_ETR.pdf,
phone,pass,Published phone: 0000001671 ,https://mpclg.gov.lk/web/images/divisions/Legal/Co-operative_Societies_ETR.pdf,
phone,pass,Published phone: 0000075400 ,https://mpclg.gov.lk/web/images/divisions/Legal/Co-operative_Societies_ETR.pdf,
phone,pass,Published phone: 0000002417 ,https://mpclg.gov.lk/web/images/divisions/Legal/Co-operative_Societies_ETR.pdf,
phone,pass,Published phone: 0000000356 ,https://mpclg.gov.lk/web/images/divisions/Legal/Co-operative_Societies_ETR.pdf,
phone,pass,Published phone: 0000000907 ,https://mpclg.gov.lk/web/images/divisions/Legal/Co-operative_Societies_ETR.pdf,
phone,pass,Published phone: 0000001151 ,https://mpclg.gov.lk/web/images/divisions/Legal/Co-operative_Societies_ETR.pdf,
phone,pass,Published phone: 0000002682 ,https://mpclg.gov.lk/web/images/divisions/Legal/Co-operative_Societies_ETR.pdf,
phone,pass,Published phone: 0000002009 ,https://mpclg.gov.lk/web/images/divisions/Legal/Co-operative_Societies_ETR.pdf,
phone,pass,Published phone: 0000002456 ,https://mpclg.gov.lk/web/images/divisions/Legal/Co-operative_Societies_ETR.pdf,
phone,pass,Published phone: 0000000687 ,https://mpclg.gov.lk/web/images/divisions/Legal/Co-operative_Societies_ETR.pdf,
phone,pass,Published phone: 0000002455 ,https://mpclg.gov.lk/web/images/divisions/Legal/Co-operative_Societies_ETR.pdf,
phone,pass,Published phone: 0000002421 ,https://mpclg.gov.lk/web/images/divisions/Legal/Co-operative_Societies_ETR.pdf,
phone,pass,Published phone: 0000000227 ,https://mpclg.gov.lk/web/images/divisions/Legal/Co-operative_Societies_ETR.pdf,
phone,pass,Published phone: 0000000209 ,https://mpclg.gov.lk/web/images/divisions/Legal/Co-operative_Societies_ETR.pdf,
phone,pass,Published phone: 0000000901 ,https://mpclg.gov.lk/web/images/divisions/Legal/Co-operative_Societies_ETR.pdf,
phone,pass,Published phone: 0000515687 ,https://mpclg.gov.lk/web/images/divisions/Legal/Co-operative_Societies_ETR.pdf,
phone,pass,Published phone: 0000000379 ,https://mpclg.gov.lk/web/images/divisions/Legal/Co-operative_Societies_ETR.pdf,
phone,pass,Published phone: 0000000982 ,https://mpclg.gov.lk/web/images/divisions/Legal/Co-operative_Societies_ETR.pdf,
phone,pass,Published phone: 0000001371 ,https://mpclg.gov.lk/web/images/divisions/Legal/Co-operative_Societies_ETR.pdf,
phone,pass,Published phone: 0000002383 ,https://mpclg.gov.lk/web/images/divisions/Legal/Co-operative_Societies_ETR.pdf,
phone,pass,Published phone: 0000066271 ,https://mpclg.gov.lk/web/images/divisions/Legal/Co-operative_Societies_ETR.pdf,
phone,pass,Published phone: 0000002637 ,https://mpclg.gov.lk/web/images/divisions/Legal/Co-operative_Societies_ETR.pdf,
phone,pass,Published phone: 0 333 333 0 0 2,https://mpclg.gov.lk/web/images/divisions/Legal/Co-operative_Societies_ETR.pdf,
phone,pass,Published phone: 0000001259 ,https://mpclg.gov.lk/web/images/divisions/Legal/Co-operative_Societies_ETR.pdf,
phone,pass,Published phone: 0000000191 ,https://mpclg.gov.lk/web/images/divisions/Legal/Co-operative_Societies_ETR.pdf,
phone,pass,Published phone: 0000000878 ,https://mpclg.gov.lk/web/images/divisions/Legal/Co-operative_Societies_ETR.pdf,
phone,pass,Published phone: 0000002724 ,https://mpclg.gov.lk/web/images/divisions/Legal/Co-operative_Societies_ETR.pdf,
phone,pass,Published phone: 0000002853 ,https://mpclg.gov.lk/web/images/divisions/Legal/Co-operative_Societies_ETR.pdf,
phone,pass,Published phone: 0000054459 ,https://mpclg.gov.lk/web/images/divisions/Legal/Co-operative_Societies_ETR.pdf,
phone,pass,Published phone: 0000000635 ,https://mpclg.gov.lk/web/images/divisions/Legal/Co-operative_Societies_ETR.pdf,
phone,pass,Published phone: 0000002167 ,https://mpclg.gov.lk/web/images/divisions/Legal/Co-operative_Societies_ETR.pdf,
phone,pass,Published phone: 0000001268 ,https://mpclg.gov.lk/web/images/divisions/Legal/Co-operative_Societies_ETR.pdf,
phone,pass,Published phone: 0000000533 ,https://mpclg.gov.lk/web/images/divisions/Legal/Co-operative_Societies_ETR.pdf,
phone,pass,Published phone: 0000002184 ,https://mpclg.gov.lk/web/images/divisions/Legal/Co-operative_Societies_ETR.pdf,
phone,pass,Published phone: 0000002228 ,https://mpclg.gov.lk/web/images/divisions/Legal/Co-operative_Societies_ETR.pdf,
phone,pass,Published phone: 0000001647 ,https://mpclg.gov.lk/web/images/divisions/Legal/Co-operative_Societies_ETR.pdf,
phone,pass,Published phone: 0000002099 ,https://mpclg.gov.lk/web/images/divisions/Legal/Co-operative_Societies_ETR.pdf,
phone,pass,Published phone: 0000002101 ,https://mpclg.gov.lk/web/images/divisions/Legal/Co-operative_Societies_ETR.pdf,
phone,pass,Published phone: 0 0 0 0 0 0 0 0 0 0 ,https://mpclg.gov.lk/web/images/divisions/Legal/Co-operative_Societies_ETR.pdf,
phone,pass,Published phone: 0000000245 ,https://mpclg.gov.lk/web/images/divisions/Legal/Co-operative_Societies_ETR.pdf,
phone,pass,Published phone: 0000000642 ,https://mpclg.gov.lk/web/images/divisions/Legal/Co-operative_Societies_ETR.pdf,
phone,pass,Published phone: 0000000558 ,https://mpclg.gov.lk/web/images/divisions/Legal/Co-operative_Societies_ETR.pdf,
phone,pass,Published phone: 0000000308 ,https://mpclg.gov.lk/web/images/divisions/Legal/Co-operative_Societies_ETR.pdf,
phone,pass,Published phone: 0000000178 ,https://mpclg.gov.lk/web/images/divisions/Legal/Co-operative_Societies_ETR.pdf,
phone,pass,Published phone: 0000002822 ,https://mpclg.gov.lk/web/images/divisions/Legal/Co-operative_Societies_ETR.pdf,
phone,pass,Published phone: 0000001326 ,https://mpclg.gov.lk/web/images/divisions/Legal/Co-operative_Societies_ETR.pdf,
phone,pass,Published phone: 0000001556 ,https://mpclg.gov.lk/web/images/divisions/Legal/Co-operative_Societies_ETR.pdf,
phone,pass,Published phone: 0000001938 ,https://mpclg.gov.lk/web/images/divisions/Legal/Co-operative_Societies_ETR.pdf,
phone,pass,Published phone: 0000000595 ,https://mpclg.gov.lk/web/images/divisions/Legal/Co-operative_Societies_ETR.pdf,
phone,pass,Published phone: 0000000773 ,https://mpclg.gov.lk/web/images/divisions/Legal/Co-operative_Societies_ETR.pdf,
phone,pass,Published phone: 0000000970 ,https://mpclg.gov.lk/web/images/divisions/Legal/Co-operative_Societies_ETR.pdf,
phone,pass,Published phone: 0000002497 ,https://mpclg.gov.lk/web/images/divisions/Legal/Co-operative_Societies_ETR.pdf,
phone,pass,Published phone: 0000535266 ,https://mpclg.gov.lk/web/images/divisions/Legal/Co-operative_Societies_ETR.pdf,
phone,pass,Published phone: 0000002150 ,https://mpclg.gov.lk/web/images/divisions/Legal/Co-operative_Societies_ETR.pdf,
phone,pass,Published phone: 0000002313 ,https://mpclg.gov.lk/web/images/divisions/Legal/Co-operative_Societies_ETR.pdf,
phone,pass,Published phone: 0000001993 ,https://mpclg.gov.lk/web/images/divisions/Legal/Co-operative_Societies_ETR.pdf,
phone,pass,Published phone: 0000001934 ,https://mpclg.gov.lk/web/images/divisions/Legal/Co-operative_Societies_ETR.pdf,
phone,pass,Published phone: 0 0 444 463 40,https://mpclg.gov.lk/web/images/divisions/Legal/Co-operative_Societies_ETR.pdf,
phone,pass,Published phone: 0000002845 ,https://mpclg.gov.lk/web/images/divisions/Legal/Co-operative_Societies_ETR.pdf,
phone,pass,Published phone: 0000001136 ,https://mpclg.gov.lk/web/images/divisions/Legal/Co-operative_Societies_ETR.pdf,
phone,pass,Published phone: 0000000404 ,https://mpclg.gov.lk/web/images/divisions/Legal/Co-operative_Societies_ETR.pdf,
phone,pass,Published phone: 0000001077 ,https://mpclg.gov.lk/web/images/divisions/Legal/Co-operative_Societies_ETR.pdf,
phone,pass,Published phone: 0000002203 ,https://mpclg.gov.lk/web/images/divisions/Legal/Co-operative_Societies_ETR.pdf,
phone,pass,Published phone: 0000001754 ,https://mpclg.gov.lk/web/images/divisions/Legal/Co-operative_Societies_ETR.pdf,
phone,pass,Published phone: 0000001869 ,https://mpclg.gov.lk/web/images/divisions/Legal/Co-operative_Societies_ETR.pdf,
phone,pass,Published phone: 0000002772 ,https://mpclg.gov.lk/web/images/divisions/Legal/Co-operative_Societies_ETR.pdf,
phone,pass,Published phone: 0000000835 ,https://mpclg.gov.lk/web/images/divisions/Legal/Co-operative_Societies_ETR.pdf,
phone,pass,Published phone: 0000001061 ,https://mpclg.gov.lk/web/images/divisions/Legal/Co-operative_Societies_ETR.pdf,
phone,pass,Published phone: 0000000761 ,https://mpclg.gov.lk/web/images/divisions/Legal/Co-operative_Societies_ETR.pdf,
phone,pass,Published phone: 0000000407 ,https://mpclg.gov.lk/web/images/divisions/Legal/Co-operative_Societies_ETR.pdf,
phone,pass,Published phone: 0000000272 ,https://mpclg.gov.lk/web/images/divisions/Legal/Co-operative_Societies_ETR.pdf,
phone,pass,Published phone: 0000002028 ,https://mpclg.gov.lk/web/images/divisions/Legal/Co-operative_Societies_ETR.pdf,
phone,pass,Published phone: 0000032090 ,https://mpclg.gov.lk/web/images/divisions/Legal/Co-operative_Societies_ETR.pdf,
phone,pass,Published phone: 0000000563 ,https://mpclg.gov.lk/web/images/divisions/Legal/Co-operative_Societies_ETR.pdf,
phone,pass,Published phone: 0000002148 ,https://mpclg.gov.lk/web/images/divisions/Legal/Co-operative_Societies_ETR.pdf,
phone,pass,Published phone: 0000001210 ,https://mpclg.gov.lk/web/images/divisions/Legal/Co-operative_Societies_ETR.pdf,
phone,pass,Published phone: 0000002187 ,https://mpclg.gov.lk/web/images/divisions/Legal/Co-operative_Societies_ETR.pdf,
phone,pass,Published phone: 0000002669 ,https://mpclg.gov.lk/web/images/divisions/Legal/Co-operative_Societies_ETR.pdf,
phone,pass,Published phone: 0000000409 ,https://mpclg.gov.lk/web/images/divisions/Legal/Co-operative_Societies_ETR.pdf,
phone,pass,Published phone: 0000001101 ,https://mpclg.gov.lk/web/images/divisions/Legal/Co-operative_Societies_ETR.pdf,
phone,pass,Published phone: 0000000201 ,https://mpclg.gov.lk/web/images/divisions/Legal/Co-operative_Societies_ETR.pdf,
phone,pass,Published phone: 0000001991 ,https://mpclg.gov.lk/web/images/divisions/Legal/Co-operative_Societies_ETR.pdf,
phone,pass,Published phone: 0000002275 ,https://mpclg.gov.lk/web/images/divisions/Legal/Co-operative_Societies_ETR.pdf,
phone,pass,Published phone: 0000002752 ,https://mpclg.gov.lk/web/images/divisions/Legal/Co-operative_Societies_ETR.pdf,
phone,pass,Published phone: 0000002578 ,https://mpclg.gov.lk/web/images/divisions/Legal/Co-operative_Societies_ETR.pdf,
phone,pass,Published phone: 0000000169 ,https://mpclg.gov.lk/web/images/divisions/Legal/Co-operative_Societies_ETR.pdf,
phone,pass,Published phone: 0000000536 ,https://mpclg.gov.lk/web/images/divisions/Legal/Co-operative_Societies_ETR.pdf,
phone,pass,Published phone: 0000001820 ,https://mpclg.gov.lk/web/images/divisions/Legal/Co-operative_Societies_ETR.pdf,
phone,pass,Published phone: 0000001372 ,https://mpclg.gov.lk/web/images/divisions/Legal/Co-operative_Societies_ETR.pdf,
phone,pass,Published phone: 0000001291 ,https://mpclg.gov.lk/web/images/divisions/Legal/Co-operative_Societies_ETR.pdf,
phone,pass,Published phone: 0000002534 ,https://mpclg.gov.lk/web/images/divisions/Legal/Co-operative_Societies_ETR.pdf,
phone,pass,Published phone: 0000124361 ,https://mpclg.gov.lk/web/images/divisions/Legal/Co-operative_Societies_ETR.pdf,
phone,pass,Published phone: 0000001223 ,https://mpclg.gov.lk/web/images/divisions/Legal/Co-operative_Societies_ETR.pdf,
phone,pass,Published phone: 0000001665 ,https://mpclg.gov.lk/web/images/divisions/Legal/Co-operative_Societies_ETR.pdf,
phone,pass,Published phone: 0000026682 ,https://mpclg.gov.lk/web/images/divisions/Legal/Co-operative_Societies_ETR.pdf,
phone,pass,Published phone: 0000002272 ,https://mpclg.gov.lk/web/images/divisions/Legal/Co-operative_Societies_ETR.pdf,
phone,pass,Published phone: 0000002382 ,https://mpclg.gov.lk/web/images/divisions/Legal/Co-operative_Societies_ETR.pdf,
phone,pass,Published phone: 0000401037 ,https://mpclg.gov.lk/web/images/divisions/Legal/Co-operative_Societies_ETR.pdf,
phone,pass,Published phone: 0000001064 ,https://mpclg.gov.lk/web/images/divisions/Legal/Co-operative_Societies_ETR.pdf,
phone,pass,Published phone: 0000000516 ,https://mpclg.gov.lk/web/images/divisions/Legal/Co-operative_Societies_ETR.pdf,
phone,pass,Published phone: 0000001563 ,https://mpclg.gov.lk/web/images/divisions/Legal/Co-operative_Societies_ETR.pdf,
phone,pass,Published phone: 0000000464 ,https://mpclg.gov.lk/web/images/divisions/Legal/Co-operative_Societies_ETR.pdf,
phone,pass,Published phone: 0000087191 ,https://mpclg.gov.lk/web/images/divisions/Legal/Co-operative_Societies_ETR.pdf,
phone,pass,Published phone: 0000001385 ,https://mpclg.gov.lk/web/images/divisions/Legal/Co-operative_Societies_ETR.pdf,
phone,pass,Published phone: 0000000737 ,https://mpclg.gov.lk/web/images/divisions/Legal/Co-operative_Societies_ETR.pdf,
phone,pass,Published phone: 0000000570 ,https://mpclg.gov.lk/web/images/divisions/Legal/Co-operative_Societies_ETR.pdf,
phone,pass,Published phone: 0000001236 ,https://mpclg.gov.lk/web/images/divisions/Legal/Co-operative_Societies_ETR.pdf,
phone,pass,Published phone: 0000002393 ,https://mpclg.gov.lk/web/images/divisions/Legal/Co-operative_Societies_ETR.pdf,
phone,pass,Published phone: 0000000260 ,https://mpclg.gov.lk/web/images/divisions/Legal/Co-operative_Societies_ETR.pdf,
phone,pass,Published phone: 0000002563 ,https://mpclg.gov.lk/web/images/divisions/Legal/Co-operative_Societies_ETR.pdf,
phone,pass,Published phone: 0000000847 ,https://mpclg.gov.lk/web/images/divisions/Legal/Co-operative_Societies_ETR.pdf,
phone,pass,Published phone: 0000001079 ,https://mpclg.gov.lk/web/images/divisions/Legal/Co-operative_Societies_ETR.pdf,
phone,pass,Published phone: 0000001358 ,https://mpclg.gov.lk/web/images/divisions/Legal/Co-operative_Societies_ETR.pdf,
phone,pass,Published phone: 0000002634 ,https://mpclg.gov.lk/web/images/divisions/Legal/Co-operative_Societies_ETR.pdf,
phone,pass,Published phone: 0000002387 ,https://mpclg.gov.lk/web/images/divisions/Legal/Co-operative_Societies_ETR.pdf,
phone,pass,Published phone: 0000002338 ,https://mpclg.gov.lk/web/images/divisions/Legal/Co-operative_Societies_ETR.pdf,
phone,pass,Published phone: 0000001074 ,https://mpclg.gov.lk/web/images/divisions/Legal/Co-operative_Societies_ETR.pdf,
phone,pass,Published phone: 0000000921 ,https://mpclg.gov.lk/web/images/divisions/Legal/Co-operative_Societies_ETR.pdf,
phone,pass,Published phone: 0000002744 ,https://mpclg.gov.lk/web/images/divisions/Legal/Co-operative_Societies_ETR.pdf,
phone,pass,Published phone: 0000001069 ,https://mpclg.gov.lk/web/images/divisions/Legal/Co-operative_Societies_ETR.pdf,
phone,pass,Published phone: 0000001727 ,https://mpclg.gov.lk/web/images/divisions/Legal/Co-operative_Societies_ETR.pdf,
phone,pass,Published phone: 0000000892 ,https://mpclg.gov.lk/web/images/divisions/Legal/Co-operative_Societies_ETR.pdf,
phone,pass,Published phone: 0000002157 ,https://mpclg.gov.lk/web/images/divisions/Legal/Co-operative_Societies_ETR.pdf,
phone,pass,Published phone: 0000000914 ,https://mpclg.gov.lk/web/images/divisions/Legal/Co-operative_Societies_ETR.pdf,
phone,pass,Published phone: 0000001823 ,https://mpclg.gov.lk/web/images/divisions/Legal/Co-operative_Societies_ETR.pdf,
phone,pass,Published phone: 0000000296 ,https://mpclg.gov.lk/web/images/divisions/Legal/Co-operative_Societies_ETR.pdf,
phone,pass,Published phone: 0000000506 ,https://mpclg.gov.lk/web/images/divisions/Legal/Co-operative_Societies_ETR.pdf,
phone,pass,Published phone: 0000000528 ,https://mpclg.gov.lk/web/images/divisions/Legal/Co-operative_Societies_ETR.pdf,
phone,pass,Published phone: 0000001833 ,https://mpclg.gov.lk/web/images/divisions/Legal/Co-operative_Societies_ETR.pdf,
phone,pass,Published phone: 0000002731 ,https://mpclg.gov.lk/web/images/divisions/Legal/Co-operative_Societies_ETR.pdf,
phone,pass,Published phone: 0000001890 ,https://mpclg.gov.lk/web/images/divisions/Legal/Co-operative_Societies_ETR.pdf,
phone,pass,Published phone: 0000000765 ,https://mpclg.gov.lk/web/images/divisions/Legal/Co-operative_Societies_ETR.pdf,
phone,pass,Published phone: 0000002391 ,https://mpclg.gov.lk/web/images/divisions/Legal/Co-operative_Societies_ETR.pdf,
phone,pass,Published phone: 0000000747 ,https://mpclg.gov.lk/web/images/divisions/Legal/Co-operative_Societies_ETR.pdf,
phone,pass,Published phone: 0000000653 ,https://mpclg.gov.lk/web/images/divisions/Legal/Co-operative_Societies_ETR.pdf,
phone,pass,Published phone: 0000001081 ,https://mpclg.gov.lk/web/images/divisions/Legal/Co-operative_Societies_ETR.pdf,
phone,pass,Published phone: 0000000210 ,https://mpclg.gov.lk/web/images/divisions/Legal/Co-operative_Societies_ETR.pdf,
phone,pass,Published phone: 0000000659 ,https://mpclg.gov.lk/web/images/divisions/Legal/Co-operative_Societies_ETR.pdf,
phone,pass,Published phone: 0000002651 ,https://mpclg.gov.lk/web/images/divisions/Legal/Co-operative_Societies_ETR.pdf,
phone,pass,Published phone: 0000046826 ,https://mpclg.gov.lk/web/images/divisions/Legal/Co-operative_Societies_ETR.pdf,
phone,pass,Published phone: 0000001717 ,https://mpclg.gov.lk/web/images/divisions/Legal/Co-operative_Societies_ETR.pdf,
phone,pass,Published phone: 0000001519 ,https://mpclg.gov.lk/web/images/divisions/Legal/Co-operative_Societies_ETR.pdf,
phone,pass,Published phone: 0000001577 ,https://mpclg.gov.lk/web/images/divisions/Legal/Co-operative_Societies_ETR.pdf,
phone,pass,Published phone: 0000000530 ,https://mpclg.gov.lk/web/images/divisions/Legal/Co-operative_Societies_ETR.pdf,
phone,pass,Published phone: 0000000893 ,https://mpclg.gov.lk/web/images/divisions/Legal/Co-operative_Societies_ETR.pdf,
phone,pass,Published phone: 0000001115 ,https://mpclg.gov.lk/web/images/divisions/Legal/Co-operative_Societies_ETR.pdf,
phone,pass,Published phone: 0000000396 ,https://mpclg.gov.lk/web/images/divisions/Legal/Co-operative_Societies_ETR.pdf,
phone,pass,Published phone: 0000000527 ,https://mpclg.gov.lk/web/images/divisions/Legal/Co-operative_Societies_ETR.pdf,
phone,pass,Published phone: 0000001489 ,https://mpclg.gov.lk/web/images/divisions/Legal/Co-operative_Societies_ETR.pdf,
phone,pass,Published phone: 0000002666 ,https://mpclg.gov.lk/web/images/divisions/Legal/Co-operative_Societies_ETR.pdf,
phone,pass,Published phone: 0000000538 ,https://mpclg.gov.lk/web/images/divisions/Legal/Co-operative_Societies_ETR.pdf,
phone,pass,Published phone: 0000001971 ,https://mpclg.gov.lk/web/images/divisions/Legal/Co-operative_Societies_ETR.pdf,
phone,pass,Published phone: 0000000796 ,https://mpclg.gov.lk/web/images/divisions/Legal/Co-operative_Societies_ETR.pdf,
phone,pass,Published phone: 0000000601 ,https://mpclg.gov.lk/web/images/divisions/Legal/Co-operative_Societies_ETR.pdf,
phone,pass,Published phone: 0000002390 ,https://mpclg.gov.lk/web/images/divisions/Legal/Co-operative_Societies_ETR.pdf,
phone,pass,Published phone: 0000002655 ,https://mpclg.gov.lk/web/images/divisions/Legal/Co-operative_Societies_ETR.pdf,
phone,pass,Published phone: 0000001770 ,https://mpclg.gov.lk/web/images/divisions/Legal/Co-operative_Societies_ETR.pdf,
phone,pass,Published phone: 0000002581 ,https://mpclg.gov.lk/web/images/divisions/Legal/Co-operative_Societies_ETR.pdf,
phone,pass,Published phone: 0000002378 ,https://mpclg.gov.lk/web/images/divisions/Legal/Co-operative_Societies_ETR.pdf,
phone,pass,Published phone: 0000002725 ,https://mpclg.gov.lk/web/images/divisions/Legal/Co-operative_Societies_ETR.pdf,
phone,pass,Published phone: 0000002176 ,https://mpclg.gov.lk/web/images/divisions/Legal/Co-operative_Societies_ETR.pdf,
phone,pass,Published phone: 0000001937 ,https://mpclg.gov.lk/web/images/divisions/Legal/Co-operative_Societies_ETR.pdf,
phone,pass,Published phone: 0000001641 ,https://mpclg.gov.lk/web/images/divisions/Legal/Co-operative_Societies_ETR.pdf,
phone,pass,Published phone: 0000002140 ,https://mpclg.gov.lk/web/images/divisions/Legal/Co-operative_Societies_ETR.pdf,
phone,pass,Published phone: 0000002484 ,https://mpclg.gov.lk/web/images/divisions/Legal/Co-operative_Societies_ETR.pdf,
phone,pass,Published phone: 0000001460 ,https://mpclg.gov.lk/web/images/divisions/Legal/Co-operative_Societies_ETR.pdf,
phone,pass,Published phone: 0000000202 ,https://mpclg.gov.lk/web/images/divisions/Legal/Co-operative_Societies_ETR.pdf,
phone,pass,Published phone: 0000001615 ,https://mpclg.gov.lk/web/images/divisions/Legal/Co-operative_Societies_ETR.pdf,
phone,pass,Published phone: 0000002830 ,https://mpclg.gov.lk/web/images/divisions/Legal/Co-operative_Societies_ETR.pdf,
phone,pass,Published phone: 00 278 0 0 0 77,https://mpclg.gov.lk/web/images/divisions/Legal/Co-operative_Societies_ETR.pdf,
phone,pass,Published phone: 0000000494 ,https://mpclg.gov.lk/web/images/divisions/Legal/Co-operative_Societies_ETR.pdf,
phone,pass,Published phone: 0000001366 ,https://mpclg.gov.lk/web/images/divisions/Legal/Co-operative_Societies_ETR.pdf,
phone,pass,Published phone: 0000001527 ,https://mpclg.gov.lk/web/images/divisions/Legal/Co-operative_Societies_ETR.pdf,
phone,pass,Published phone: 0000000479 ,https://mpclg.gov.lk/web/images/divisions/Legal/Co-operative_Societies_ETR.pdf,
phone,pass,Published phone: 0000001904 ,https://mpclg.gov.lk/web/images/divisions/Legal/Co-operative_Societies_ETR.pdf,
phone,pass,Published phone: 0000001634 ,https://mpclg.gov.lk/web/images/divisions/Legal/Co-operative_Societies_ETR.pdf,
phone,pass,Published phone: 0000002155 ,https://mpclg.gov.lk/web/images/divisions/Legal/Co-operative_Societies_ETR.pdf,
phone,pass,Published phone: 0000002131 ,https://mpclg.gov.lk/web/images/divisions/Legal/Co-operative_Societies_ETR.pdf,
phone,pass,Published phone: 0000001329 ,https://mpclg.gov.lk/web/images/divisions/Legal/Co-operative_Societies_ETR.pdf,
phone,pass,Published phone: 0000001608 ,https://mpclg.gov.lk/web/images/divisions/Legal/Co-operative_Societies_ETR.pdf,
phone,pass,Published phone: 0000001990 ,https://mpclg.gov.lk/web/images/divisions/Legal/Co-operative_Societies_ETR.pdf,
phone,pass,Published phone: 0000001052 ,https://mpclg.gov.lk/web/images/divisions/Legal/Co-operative_Societies_ETR.pdf,
phone,pass,Published phone: 0000001649 ,https://mpclg.gov.lk/web/images/divisions/Legal/Co-operative_Societies_ETR.pdf,
phone,pass,Published phone: 0000002580 ,https://mpclg.gov.lk/web/images/divisions/Legal/Co-operative_Societies_ETR.pdf,
phone,pass,Published phone: 0000001543 ,https://mpclg.gov.lk/web/images/divisions/Legal/Co-operative_Societies_ETR.pdf,
phone,pass,Published phone: 0000002802 ,https://mpclg.gov.lk/web/images/divisions/Legal/Co-operative_Societies_ETR.pdf,
phone,pass,Published phone: 0000000930 ,https://mpclg.gov.lk/web/images/divisions/Legal/Co-operative_Societies_ETR.pdf,
phone,pass,Published phone: 0000000975 ,https://mpclg.gov.lk/web/images/divisions/Legal/Co-operative_Societies_ETR.pdf,
phone,pass,Published phone: 0000000905 ,https://mpclg.gov.lk/web/images/divisions/Legal/Co-operative_Societies_ETR.pdf,
phone,pass,Published phone: 0000001363 ,https://mpclg.gov.lk/web/images/divisions/Legal/Co-operative_Societies_ETR.pdf,
phone,pass,Published phone: 0000000564 ,https://mpclg.gov.lk/web/images/divisions/Legal/Co-operative_Societies_ETR.pdf,
phone,pass,Published phone: 0000001798 ,https://mpclg.gov.lk/web/images/divisions/Legal/Co-operative_Societies_ETR.pdf,
phone,pass,Published phone: 0000000725 ,https://mpclg.gov.lk/web/images/divisions/Legal/Co-operative_Societies_ETR.pdf,
phone,pass,Published phone: 0000000748 ,https://mpclg.gov.lk/web/images/divisions/Legal/Co-operative_Societies_ETR.pdf,
phone,pass,Published phone: 0000000253 ,https://mpclg.gov.lk/web/images/divisions/Legal/Co-operative_Societies_ETR.pdf,
phone,pass,Published phone: 0000000371 ,https://mpclg.gov.lk/web/images/divisions/Legal/Co-operative_Societies_ETR.pdf,
phone,pass,Published phone: 0000000387 ,https://mpclg.gov.lk/web/images/divisions/Legal/Co-operative_Societies_ETR.pdf,
phone,pass,Published phone: 0000002712 ,https://mpclg.gov.lk/web/images/divisions/Legal/Co-operative_Societies_ETR.pdf,
phone,pass,Published phone: 0000002292 ,https://mpclg.gov.lk/web/images/divisions/Legal/Co-operative_Societies_ETR.pdf,
phone,pass,Published phone: 0000002786 ,https://mpclg.gov.lk/web/images/divisions/Legal/Co-operative_Societies_ETR.pdf,
phone,pass,Published phone: 0000002341 ,https://mpclg.gov.lk/web/images/divisions/Legal/Co-operative_Societies_ETR.pdf,
phone,pass,Published phone: 0000002194 ,https://mpclg.gov.lk/web/images/divisions/Legal/Co-operative_Societies_ETR.pdf,
phone,pass,Published phone: 0000001799 ,https://mpclg.gov.lk/web/images/divisions/Legal/Co-operative_Societies_ETR.pdf,
phone,pass,Published phone: 0000001724 ,https://mpclg.gov.lk/web/images/divisions/Legal/Co-operative_Societies_ETR.pdf,
phone,pass,Published phone: 0000000294 ,https://mpclg.gov.lk/web/images/divisions/Legal/Co-operative_Societies_ETR.pdf,
phone,pass,Published phone: 0000001156 ,https://mpclg.gov.lk/web/images/divisions/Legal/Co-operative_Societies_ETR.pdf,
phone,pass,Published phone: 0000001078 ,https://mpclg.gov.lk/web/images/divisions/Legal/Co-operative_Societies_ETR.pdf,
phone,pass,Published phone: 0000000633 ,https://mpclg.gov.lk/web/images/divisions/Legal/Co-operative_Societies_ETR.pdf,
phone,pass,Published phone: 0000002811 ,https://mpclg.gov.lk/web/images/divisions/Legal/Co-operative_Societies_ETR.pdf,
phone,pass,Published phone: 0000002071 ,https://mpclg.gov.lk/web/images/divisions/Legal/Co-operative_Societies_ETR.pdf,
phone,pass,Published phone: 0000000739 ,https://mpclg.gov.lk/web/images/divisions/Legal/Co-operative_Societies_ETR.pdf,
phone,pass,Published phone: 0000000615 ,https://mpclg.gov.lk/web/images/divisions/Legal/Co-operative_Societies_ETR.pdf,
phone,pass,Published phone: 0000000913 ,https://mpclg.gov.lk/web/images/divisions/Legal/Co-operative_Societies_ETR.pdf,
phone,pass,Published phone: 0000001373 ,https://mpclg.gov.lk/web/images/divisions/Legal/Co-operative_Societies_ETR.pdf,
phone,pass,Published phone: 0000001910 ,https://mpclg.gov.lk/web/images/divisions/Legal/Co-operative_Societies_ETR.pdf,
phone,pass,Published phone: 0000000960 ,https://mpclg.gov.lk/web/images/divisions/Legal/Co-operative_Societies_ETR.pdf,
phone,pass,Published phone: 0000001659 ,https://mpclg.gov.lk/web/images/divisions/Legal/Co-operative_Societies_ETR.pdf,
phone,pass,Published phone: 0000001817 ,https://mpclg.gov.lk/web/images/divisions/Legal/Co-operative_Societies_ETR.pdf,
phone,pass,Published phone: 0000001644 ,https://mpclg.gov.lk/web/images/divisions/Legal/Co-operative_Societies_ETR.pdf,
phone,pass,Published phone: 0000000672 ,https://mpclg.gov.lk/web/images/divisions/Legal/Co-operative_Societies_ETR.pdf,
phone,pass,Published phone: 0000001199 ,https://mpclg.gov.lk/web/images/divisions/Legal/Co-operative_Societies_ETR.pdf,
phone,pass,Published phone: 0000000701 ,https://mpclg.gov.lk/web/images/divisions/Legal/Co-operative_Societies_ETR.pdf,
phone,pass,Published phone: 0000002199 ,https://mpclg.gov.lk/web/images/divisions/Legal/Co-operative_Societies_ETR.pdf,
phone,pass,Published phone: 0000000240 ,https://mpclg.gov.lk/web/images/divisions/Legal/Co-operative_Societies_ETR.pdf,
phone,pass,Published phone: 0000001497 ,https://mpclg.gov.lk/web/images/divisions/Legal/Co-operative_Societies_ETR.pdf,
phone,pass,Published phone: 0000001048 ,https://mpclg.gov.lk/web/images/divisions/Legal/Co-operative_Societies_ETR.pdf,
phone,pass,Published phone: 0000002565 ,https://mpclg.gov.lk/web/images/divisions/Legal/Co-operative_Societies_ETR.pdf,
phone,pass,Published phone: 0000001762 ,https://mpclg.gov.lk/web/images/divisions/Legal/Co-operative_Societies_ETR.pdf,
phone,pass,Published phone: 0000001914 ,https://mpclg.gov.lk/web/images/divisions/Legal/Co-operative_Societies_ETR.pdf,
phone,pass,Published phone: 0000000957 ,https://mpclg.gov.lk/web/images/divisions/Legal/Co-operative_Societies_ETR.pdf,
phone,pass,Published phone: 0000001845 ,https://mpclg.gov.lk/web/images/divisions/Legal/Co-operative_Societies_ETR.pdf,
phone,pass,Published phone: 0000000751 ,https://mpclg.gov.lk/web/images/divisions/Legal/Co-operative_Societies_ETR.pdf,
phone,pass,Published phone: 0000083416 ,https://mpclg.gov.lk/web/images/divisions/Legal/Co-operative_Societies_ETR.pdf,
phone,pass,Published phone: 0000132096 ,https://mpclg.gov.lk/web/images/divisions/Legal/Co-operative_Societies_ETR.pdf,
phone,pass,Published phone: 0000000797 ,https://mpclg.gov.lk/web/images/divisions/Legal/Co-operative_Societies_ETR.pdf,
phone,pass,Published phone: 0000001450 ,https://mpclg.gov.lk/web/images/divisions/Legal/Co-operative_Societies_ETR.pdf,
phone,pass,Published phone: 0000001316 ,https://mpclg.gov.lk/web/images/divisions/Legal/Co-operative_Societies_ETR.pdf,
phone,pass,Published phone: 0000000709 ,https://mpclg.gov.lk/web/images/divisions/Legal/Co-operative_Societies_ETR.pdf,
phone,pass,Published phone: 0000001294 ,https://mpclg.gov.lk/web/images/divisions/Legal/Co-operative_Societies_ETR.pdf,
phone,pass,Published phone: 0000001854 ,https://mpclg.gov.lk/web/images/divisions/Legal/Co-operative_Societies_ETR.pdf,
phone,pass,Published phone: 0000001432 ,https://mpclg.gov.lk/web/images/divisions/Legal/Co-operative_Societies_ETR.pdf,
phone,pass,Published phone: 0000001883 ,https://mpclg.gov.lk/web/images/divisions/Legal/Co-operative_Societies_ETR.pdf,
phone,pass,Published phone: 0000002431 ,https://mpclg.gov.lk/web/images/divisions/Legal/Co-operative_Societies_ETR.pdf,
phone,pass,Published phone: 0000000722 ,https://mpclg.gov.lk/web/images/divisions/Legal/Co-operative_Societies_ETR.pdf,
phone,pass,Published phone: 0000000677 ,https://mpclg.gov.lk/web/images/divisions/Legal/Co-operative_Societies_ETR.pdf,
phone,pass,Published phone: 0000001388 ,https://mpclg.gov.lk/web/images/divisions/Legal/Co-operative_Societies_ETR.pdf,
phone,pass,Published phone: 0000001514 ,https://mpclg.gov.lk/web/images/divisions/Legal/Co-operative_Societies_ETR.pdf,
phone,pass,Published phone: 0000001437 ,https://mpclg.gov.lk/web/images/divisions/Legal/Co-operative_Societies_ETR.pdf,
phone,pass,Published phone: 0000171165 ,https://mpclg.gov.lk/web/images/divisions/Legal/Co-operative_Societies_ETR.pdf,
phone,pass,Published phone: 0000001433 ,https://mpclg.gov.lk/web/images/divisions/Legal/Co-operative_Societies_ETR.pdf,
phone,pass,Published phone: 0000001975 ,https://mpclg.gov.lk/web/images/divisions/Legal/Co-operative_Societies_ETR.pdf,
phone,pass,Published phone: 0000001983 ,https://mpclg.gov.lk/web/images/divisions/Legal/Co-operative_Societies_ETR.pdf,
phone,pass,Published phone: 0000002034 ,https://mpclg.gov.lk/web/images/divisions/Legal/Co-operative_Societies_ETR.pdf,
phone,pass,Published phone: 0000001083 ,https://mpclg.gov.lk/web/images/divisions/Legal/Co-operative_Societies_ETR.pdf,
phone,pass,Published phone: 0000001547 ,https://mpclg.gov.lk/web/images/divisions/Legal/Co-operative_Societies_ETR.pdf,
phone,pass,Published phone: 0000001325 ,https://mpclg.gov.lk/web/images/divisions/Legal/Co-operative_Societies_ETR.pdf,
phone,pass,Published phone: 0000000500 ,https://mpclg.gov.lk/web/images/divisions/Legal/Co-operative_Societies_ETR.pdf,
phone,pass,Published phone: 0000002777 ,https://mpclg.gov.lk/web/images/divisions/Legal/Co-operative_Societies_ETR.pdf,
phone,pass,Published phone: 0000001337 ,https://mpclg.gov.lk/web/images/divisions/Legal/Co-operative_Societies_ETR.pdf,
phone,pass,Published phone: 0000002480 ,https://mpclg.gov.lk/web/images/divisions/Legal/Co-operative_Societies_ETR.pdf,
phone,pass,Published phone: 0000002018 ,https://mpclg.gov.lk/web/images/divisions/Legal/Co-operative_Societies_ETR.pdf,
phone,pass,Published phone: 0000000663 ,https://mpclg.gov.lk/web/images/divisions/Legal/Co-operative_Societies_ETR.pdf,
phone,pass,Published phone: 0000001736 ,https://mpclg.gov.lk/web/images/divisions/Legal/Co-operative_Societies_ETR.pdf,
phone,pass,Published phone: 0000001870 ,https://mpclg.gov.lk/web/images/divisions/Legal/Co-operative_Societies_ETR.pdf,
phone,pass,Published phone: 0000002774 ,https://mpclg.gov.lk/web/images/divisions/Legal/Co-operative_Societies_ETR.pdf,
phone,pass,Published phone: 0000002555 ,https://mpclg.gov.lk/web/images/divisions/Legal/Co-operative_Societies_ETR.pdf,
phone,pass,Published phone: 0000292325 ,https://mpclg.gov.lk/web/images/divisions/Legal/Co-operative_Societies_ETR.pdf,
phone,pass,Published phone: 0000002430 ,https://mpclg.gov.lk/web/images/divisions/Legal/Co-operative_Societies_ETR.pdf,
phone,pass,Published phone: 0000000335 ,https://mpclg.gov.lk/web/images/divisions/Legal/Co-operative_Societies_ETR.pdf,
phone,pass,Published phone: 0000000667 ,https://mpclg.gov.lk/web/images/divisions/Legal/Co-operative_Societies_ETR.pdf,
phone,pass,Published phone: 0000000783 ,https://mpclg.gov.lk/web/images/divisions/Legal/Co-operative_Societies_ETR.pdf,
phone,pass,Published phone: 0000000685 ,https://mpclg.gov.lk/web/images/divisions/Legal/Co-operative_Societies_ETR.pdf,
phone,pass,Published phone: 0000001250 ,https://mpclg.gov.lk/web/images/divisions/Legal/Co-operative_Societies_ETR.pdf,
phone,pass,Published phone: 0000000486 ,https://mpclg.gov.lk/web/images/divisions/Legal/Co-operative_Societies_ETR.pdf,
phone,pass,Published phone: 0000000784 ,https://mpclg.gov.lk/web/images/divisions/Legal/Co-operative_Societies_ETR.pdf,
phone,pass,Published phone: 0000001431 ,https://mpclg.gov.lk/web/images/divisions/Legal/Co-operative_Societies_ETR.pdf,
phone,pass,Published phone: 0000002233 ,https://mpclg.gov.lk/web/images/divisions/Legal/Co-operative_Societies_ETR.pdf,
phone,pass,Published phone: 0000000552 ,https://mpclg.gov.lk/web/images/divisions/Legal/Co-operative_Societies_ETR.pdf,
phone,pass,Published phone: 0000000465 ,https://mpclg.gov.lk/web/images/divisions/Legal/Co-operative_Societies_ETR.pdf,
phone,pass,Published phone: 0000000447 ,https://mpclg.gov.lk/web/images/divisions/Legal/Co-operative_Societies_ETR.pdf,
phone,pass,Published phone: 0000001138 ,https://mpclg.gov.lk/web/images/divisions/Legal/Co-operative_Societies_ETR.pdf,
phone,pass,Published phone: 0000002757 ,https://mpclg.gov.lk/web/images/divisions/Legal/Co-operative_Societies_ETR.pdf,
phone,pass,Published phone: 0000002704 ,https://mpclg.gov.lk/web/images/divisions/Legal/Co-operative_Societies_ETR.pdf,
phone,pass,Published phone: 0000001645 ,https://mpclg.gov.lk/web/images/divisions/Legal/Co-operative_Societies_ETR.pdf,
phone,pass,Published phone: 0000000197 ,https://mpclg.gov.lk/web/images/divisions/Legal/Co-operative_Societies_ETR.pdf,
phone,pass,Published phone: 0000002729 ,https://mpclg.gov.lk/web/images/divisions/Legal/Co-operative_Societies_ETR.pdf,
phone,pass,Published phone: 0000001925 ,https://mpclg.gov.lk/web/images/divisions/Legal/Co-operative_Societies_ETR.pdf,
phone,pass,Published phone: 0000002677 ,https://mpclg.gov.lk/web/images/divisions/Legal/Co-operative_Societies_ETR.pdf,
phone,pass,Published phone: 0000000265 ,https://mpclg.gov.lk/web/images/divisions/Legal/Co-operative_Societies_ETR.pdf,
phone,pass,Published phone: 0000002024 ,https://mpclg.gov.lk/web/images/divisions/Legal/Co-operative_Societies_ETR.pdf,
phone,pass,Published phone: 0000000312 ,https://mpclg.gov.lk/web/images/divisions/Legal/Co-operative_Societies_ETR.pdf,
phone,pass,Published phone: 0000000904 ,https://mpclg.gov.lk/web/images/divisions/Legal/Co-operative_Societies_ETR.pdf,
phone,pass,Published phone: 0000001384 ,https://mpclg.gov.lk/web/images/divisions/Legal/Co-operative_Societies_ETR.pdf,
phone,pass,Published phone: 0000001656 ,https://mpclg.gov.lk/web/images/divisions/Legal/Co-operative_Societies_ETR.pdf,
phone,pass,Published phone: 0000001964 ,https://mpclg.gov.lk/web/images/divisions/Legal/Co-operative_Societies_ETR.pdf,
phone,pass,Published phone: 0000000348 ,https://mpclg.gov.lk/web/images/divisions/Legal/Co-operative_Societies_ETR.pdf,
phone,pass,Published phone: 0000002318 ,https://mpclg.gov.lk/web/images/divisions/Legal/Co-operative_Societies_ETR.pdf,
phone,pass,Published phone: 0000002779 ,https://mpclg.gov.lk/web/images/divisions/Legal/Co-operative_Societies_ETR.pdf,
phone,pass,Published phone: 0000000550 ,https://mpclg.gov.lk/web/images/divisions/Legal/Co-operative_Societies_ETR.pdf,
phone,pass,Published phone: 0000002738 ,https://mpclg.gov.lk/web/images/divisions/Legal/Co-operative_Societies_ETR.pdf,
phone,pass,Published phone: 0000001836 ,https://mpclg.gov.lk/web/images/divisions/Legal/Co-operative_Societies_ETR.pdf,
phone,pass,Published phone: 0000001887 ,https://mpclg.gov.lk/web/images/divisions/Legal/Co-operative_Societies_ETR.pdf,
phone,pass,Published phone: 0000453233 ,https://mpclg.gov.lk/web/images/divisions/Legal/Co-operative_Societies_ETR.pdf,
phone,pass,Published phone: 0000001599 ,https://mpclg.gov.lk/web/images/divisions/Legal/Co-operative_Societies_ETR.pdf,
phone,pass,Published phone: 0000002582 ,https://mpclg.gov.lk/web/images/divisions/Legal/Co-operative_Societies_ETR.pdf,
phone,pass,Published phone: 0000001181 ,https://mpclg.gov.lk/web/images/divisions/Legal/Co-operative_Societies_ETR.pdf,
phone,pass,Published phone: 0000001452 ,https://mpclg.gov.lk/web/images/divisions/Legal/Co-operative_Societies_ETR.pdf,
phone,pass,Published phone: 0000001392 ,https://mpclg.gov.lk/web/images/divisions/Legal/Co-operative_Societies_ETR.pdf,
phone,pass,Published phone: 000 667 0 0 33,https://mpclg.gov.lk/web/images/divisions/Legal/Co-operative_Societies_ETR.pdf,
phone,pass,Published phone: 0000000933 ,https://mpclg.gov.lk/web/images/divisions/Legal/Co-operative_Societies_ETR.pdf,
phone,pass,Published phone: 0000001720 ,https://mpclg.gov.lk/web/images/divisions/Legal/Co-operative_Societies_ETR.pdf,
phone,pass,Published phone: 0000000589 ,https://mpclg.gov.lk/web/images/divisions/Legal/Co-operative_Societies_ETR.pdf,
phone,pass,Published phone: 0000001350 ,https://mpclg.gov.lk/web/images/divisions/Legal/Co-operative_Societies_ETR.pdf,
phone,pass,Published phone: 0000002516 ,https://mpclg.gov.lk/web/images/divisions/Legal/Co-operative_Societies_ETR.pdf,
phone,pass,Published phone: 0000000256 ,https://mpclg.gov.lk/web/images/divisions/Legal/Co-operative_Societies_ETR.pdf,
phone,pass,Published phone: 0000001501 ,https://mpclg.gov.lk/web/images/divisions/Legal/Co-operative_Societies_ETR.pdf,
phone,pass,Published phone: 0000001576 ,https://mpclg.gov.lk/web/images/divisions/Legal/Co-operative_Societies_ETR.pdf,
phone,pass,Published phone: 0000002040 ,https://mpclg.gov.lk/web/images/divisions/Legal/Co-operative_Societies_ETR.pdf,
phone,pass,Published phone: 0000000946 ,https://mpclg.gov.lk/web/images/divisions/Legal/Co-operative_Societies_ETR.pdf,
phone,pass,Published phone: 0000001028 ,https://mpclg.gov.lk/web/images/divisions/Legal/Co-operative_Societies_ETR.pdf,
phone,pass,Published phone: 0000001222 ,https://mpclg.gov.lk/web/images/divisions/Legal/Co-operative_Societies_ETR.pdf,
phone,pass,Published phone: 0000001110 ,https://mpclg.gov.lk/web/images/divisions/Legal/Co-operative_Societies_ETR.pdf,
phone,pass,Published phone: 0000001278 ,https://mpclg.gov.lk/web/images/divisions/Legal/Co-operative_Societies_ETR.pdf,
phone,pass,Published phone: 0000002829 ,https://mpclg.gov.lk/web/images/divisions/Legal/Co-operative_Societies_ETR.pdf,
phone,pass,Published phone: 0000000508 ,https://mpclg.gov.lk/web/images/divisions/Legal/Co-operative_Societies_ETR.pdf,
phone,pass,Published phone: 0000001108 ,https://mpclg.gov.lk/web/images/divisions/Legal/Co-operative_Societies_ETR.pdf,
phone,pass,Published phone: 0000001921 ,https://mpclg.gov.lk/web/images/divisions/Legal/Co-operative_Societies_ETR.pdf,
phone,pass,Published phone: 0000002052 ,https://mpclg.gov.lk/web/images/divisions/Legal/Co-operative_Societies_ETR.pdf,
phone,pass,Published phone: 0000000554 ,https://mpclg.gov.lk/web/images/divisions/Legal/Co-operative_Societies_ETR.pdf,
phone,pass,Published phone: 0000002049 ,https://mpclg.gov.lk/web/images/divisions/Legal/Co-operative_Societies_ETR.pdf,
phone,pass,Published phone: 0000001847 ,https://mpclg.gov.lk/web/images/divisions/Legal/Co-operative_Societies_ETR.pdf,
phone,pass,Published phone: 0000001814 ,https://mpclg.gov.lk/web/images/divisions/Legal/Co-operative_Societies_ETR.pdf,
phone,pass,Published phone: 0000002064 ,https://mpclg.gov.lk/web/images/divisions/Legal/Co-operative_Societies_ETR.pdf,
phone,pass,Published phone: 0000002532 ,https://mpclg.gov.lk/web/images/divisions/Legal/Co-operative_Societies_ETR.pdf,
phone,pass,Published phone: 0000002624 ,https://mpclg.gov.lk/web/images/divisions/Legal/Co-operative_Societies_ETR.pdf,
phone,pass,Published phone: 0000000268 ,https://mpclg.gov.lk/web/images/divisions/Legal/Co-operative_Societies_ETR.pdf,
phone,pass,Published phone: 0000096396 ,https://mpclg.gov.lk/web/images/divisions/Legal/Co-operative_Societies_ETR.pdf,
phone,pass,Published phone: 0000001560 ,https://mpclg.gov.lk/web/images/divisions/Legal/Co-operative_Societies_ETR.pdf,
phone,pass,Published phone: 0000001178 ,https://mpclg.gov.lk/web/images/divisions/Legal/Co-operative_Societies_ETR.pdf,
phone,pass,Published phone: 0000002422 ,https://mpclg.gov.lk/web/images/divisions/Legal/Co-operative_Societies_ETR.pdf,
phone,pass,Published phone: 0000002542 ,https://mpclg.gov.lk/web/images/divisions/Legal/Co-operative_Societies_ETR.pdf,
phone,pass,Published phone: 0000000534 ,https://mpclg.gov.lk/web/images/divisions/Legal/Co-operative_Societies_ETR.pdf,
phone,pass,Published phone: 0000002618 ,https://mpclg.gov.lk/web/images/divisions/Legal/Co-operative_Societies_ETR.pdf,
phone,pass,Published phone: 0000234149 ,https://mpclg.gov.lk/web/images/divisions/Legal/Co-operative_Societies_ETR.pdf,
phone,pass,Published phone: 0000001238 ,https://mpclg.gov.lk/web/images/divisions/Legal/Co-operative_Societies_ETR.pdf,
phone,pass,Published phone: 0000000441 ,https://mpclg.gov.lk/web/images/divisions/Legal/Co-operative_Societies_ETR.pdf,
phone,pass,Published phone: 0000000215 ,https://mpclg.gov.lk/web/images/divisions/Legal/Co-operative_Societies_ETR.pdf,
phone,pass,Published phone: 0000002414 ,https://mpclg.gov.lk/web/images/divisions/Legal/Co-operative_Societies_ETR.pdf,
phone,pass,Published phone: 0000002543 ,https://mpclg.gov.lk/web/images/divisions/Legal/Co-operative_Societies_ETR.pdf,
phone,pass,Published phone: 0000002591 ,https://mpclg.gov.lk/web/images/divisions/Legal/Co-operative_Societies_ETR.pdf,
phone,pass,Published phone: 0000000437 ,https://mpclg.gov.lk/web/images/divisions/Legal/Co-operative_Societies_ETR.pdf,
phone,pass,Published phone: 0000001703 ,https://mpclg.gov.lk/web/images/divisions/Legal/Co-operative_Societies_ETR.pdf,
phone,pass,Published phone: 0000000607 ,https://mpclg.gov.lk/web/images/divisions/Legal/Co-operative_Societies_ETR.pdf,
phone,pass,Published phone: 0000001309 ,https://mpclg.gov.lk/web/images/divisions/Legal/Co-operative_Societies_ETR.pdf,
phone,pass,Published phone: 0000000987 ,https://mpclg.gov.lk/web/images/divisions/Legal/Co-operative_Societies_ETR.pdf,
phone,pass,Published phone: 0000002026 ,https://mpclg.gov.lk/web/images/divisions/Legal/Co-operative_Societies_ETR.pdf,
phone,pass,Published phone: 0000001924 ,https://mpclg.gov.lk/web/images/divisions/Legal/Co-operative_Societies_ETR.pdf,
phone,pass,Published phone: 0000002435 ,https://mpclg.gov.lk/web/images/divisions/Legal/Co-operative_Societies_ETR.pdf,
phone,pass,Published phone: 0000000237 ,https://mpclg.gov.lk/web/images/divisions/Legal/Co-operative_Societies_ETR.pdf,
phone,pass,Published phone: 0000091478 ,https://mpclg.gov.lk/web/images/divisions/Legal/Co-operative_Societies_ETR.pdf,
phone,pass,Published phone: 0000001738 ,https://mpclg.gov.lk/web/images/divisions/Legal/Co-operative_Societies_ETR.pdf,
phone,pass,Published phone: 0000002180 ,https://mpclg.gov.lk/web/images/divisions/Legal/Co-operative_Societies_ETR.pdf,
phone,pass,Published phone: 0000000638 ,https://mpclg.gov.lk/web/images/divisions/Legal/Co-operative_Societies_ETR.pdf,
phone,pass,Published phone: 0000000861 ,https://mpclg.gov.lk/web/images/divisions/Legal/Co-operative_Societies_ETR.pdf,
phone,pass,Published phone: 0000001242 ,https://mpclg.gov.lk/web/images/divisions/Legal/Co-operative_Societies_ETR.pdf,
phone,pass,Published phone: 0000217704 ,https://mpclg.gov.lk/web/images/divisions/Legal/Co-operative_Societies_ETR.pdf,
phone,pass,Published phone: 0000026988 ,https://mpclg.gov.lk/web/images/divisions/Legal/Co-operative_Societies_ETR.pdf,
phone,pass,Published phone: 0000001076 ,https://mpclg.gov.lk/web/images/divisions/Legal/Co-operative_Societies_ETR.pdf,
phone,pass,Published phone: 0000002678 ,https://mpclg.gov.lk/web/images/divisions/Legal/Co-operative_Societies_ETR.pdf,
phone,pass,Published phone: 0000002753 ,https://mpclg.gov.lk/web/images/divisions/Legal/Co-operative_Societies_ETR.pdf,
phone,pass,Published phone: 0000000293 ,https://mpclg.gov.lk/web/images/divisions/Legal/Co-operative_Societies_ETR.pdf,
phone,pass,Published phone: 0000000434 ,https://mpclg.gov.lk/web/images/divisions/Legal/Co-operative_Societies_ETR.pdf,
phone,pass,Published phone: 0000000997 ,https://mpclg.gov.lk/web/images/divisions/Legal/Co-operative_Societies_ETR.pdf,
phone,pass,Published phone: 0000000598 ,https://mpclg.gov.lk/web/images/divisions/Legal/Co-operative_Societies_ETR.pdf,
phone,pass,Published phone: 0000001783 ,https://mpclg.gov.lk/web/images/divisions/Legal/Co-operative_Societies_ETR.pdf,
phone,pass,Published phone: 0000002136 ,https://mpclg.gov.lk/web/images/divisions/Legal/Co-operative_Societies_ETR.pdf,
phone,pass,Published phone: 0000002650 ,https://mpclg.gov.lk/web/images/divisions/Legal/Co-operative_Societies_ETR.pdf,
phone,pass,Published phone: 0000001618 ,https://mpclg.gov.lk/web/images/divisions/Legal/Co-operative_Societies_ETR.pdf,
phone,pass,Published phone: 0000002522 ,https://mpclg.gov.lk/web/images/divisions/Legal/Co-operative_Societies_ETR.pdf,
phone,pass,Published phone: 0000002553 ,https://mpclg.gov.lk/web/images/divisions/Legal/Co-operative_Societies_ETR.pdf,
phone,pass,Published phone: 0000001835 ,https://mpclg.gov.lk/web/images/divisions/Legal/Co-operative_Societies_ETR.pdf,
phone,pass,Published phone: 0000002451 ,https://mpclg.gov.lk/web/images/divisions/Legal/Co-operative_Societies_ETR.pdf,
phone,pass,Published phone: 0000189098 ,https://mpclg.gov.lk/web/images/divisions/Legal/Co-operative_Societies_ETR.pdf,
phone,pass,Published phone: 0000061397 ,https://mpclg.gov.lk/web/images/divisions/Legal/Co-operative_Societies_ETR.pdf,
phone,pass,Published phone: 0000002473 ,https://mpclg.gov.lk/web/images/divisions/Legal/Co-operative_Societies_ETR.pdf,
phone,pass,Published phone: 0000000017 ,https://mpclg.gov.lk/web/images/divisions/Legal/Co-operative_Societies_ETR.pdf,
phone,pass,Published phone: 0000005559 ,https://mpclg.gov.lk/web/images/divisions/Legal/Co-operative_Societies_ETR.pdf,
phone,pass,Published phone: 0000002689 ,https://mpclg.gov.lk/web/images/divisions/Legal/Co-operative_Societies_ETR.pdf,
phone,pass,Published phone: 0000001940 ,https://mpclg.gov.lk/web/images/divisions/Legal/Co-operative_Societies_ETR.pdf,
phone,pass,Published phone: 0000000428 ,https://mpclg.gov.lk/web/images/divisions/Legal/Co-operative_Societies_ETR.pdf,
phone,pass,Published phone: 0000001391 ,https://mpclg.gov.lk/web/images/divisions/Legal/Co-operative_Societies_ETR.pdf,
phone,pass,Published phone: 0000000702 ,https://mpclg.gov.lk/web/images/divisions/Legal/Co-operative_Societies_ETR.pdf,
phone,pass,Published phone: 0000001319 ,https://mpclg.gov.lk/web/images/divisions/Legal/Co-operative_Societies_ETR.pdf,
phone,pass,Published phone: 0000002029 ,https://mpclg.gov.lk/web/images/divisions/Legal/Co-operative_Societies_ETR.pdf,
phone,pass,Published phone: 0000000349 ,https://mpclg.gov.lk/web/images/divisions/Legal/Co-operative_Societies_ETR.pdf,
phone,pass,Published phone: 0000002266 ,https://mpclg.gov.lk/web/images/divisions/Legal/Co-operative_Societies_ETR.pdf,
phone,pass,Published phone: 0000002208 ,https://mpclg.gov.lk/web/images/divisions/Legal/Co-operative_Societies_ETR.pdf,
phone,pass,Published phone: 0000000884 ,https://mpclg.gov.lk/web/images/divisions/Legal/Co-operative_Societies_ETR.pdf,
phone,pass,Published phone: 0000001447 ,https://mpclg.gov.lk/web/images/divisions/Legal/Co-operative_Societies_ETR.pdf,
phone,pass,Published phone: 0000002307 ,https://mpclg.gov.lk/web/images/divisions/Legal/Co-operative_Societies_ETR.pdf,
phone,pass,Published phone: 0000001622 ,https://mpclg.gov.lk/web/images/divisions/Legal/Co-operative_Societies_ETR.pdf,
phone,pass,Published phone: 0000001982 ,https://mpclg.gov.lk/web/images/divisions/Legal/Co-operative_Societies_ETR.pdf,
phone,pass,Published phone: 0000001987 ,https://mpclg.gov.lk/web/images/divisions/Legal/Co-operative_Societies_ETR.pdf,
phone,pass,Published phone: 0000000705 ,https://mpclg.gov.lk/web/images/divisions/Legal/Co-operative_Societies_ETR.pdf,
phone,pass,Published phone: 0000075119 ,https://mpclg.gov.lk/web/images/divisions/Legal/Co-operative_Societies_ETR.pdf,
phone,pass,Published phone: 0000002662 ,https://mpclg.gov.lk/web/images/divisions/Legal/Co-operative_Societies_ETR.pdf,
phone,pass,Published phone: 0000001706 ,https://mpclg.gov.lk/web/images/divisions/Legal/Co-operative_Societies_ETR.pdf,
phone,pass,Published phone: 0000000367 ,https://mpclg.gov.lk/web/images/divisions/Legal/Co-operative_Societies_ETR.pdf,
phone,pass,Published phone: 0000196132 ,https://mpclg.gov.lk/web/images/divisions/Legal/Co-operative_Societies_ETR.pdf,
phone,pass,Published phone: 0000000682 ,https://mpclg.gov.lk/web/images/divisions/Legal/Co-operative_Societies_ETR.pdf,
phone,pass,Published phone: 0000002420 ,https://mpclg.gov.lk/web/images/divisions/Legal/Co-operative_Societies_ETR.pdf,
phone,pass,Published phone: 0000000279 ,https://mpclg.gov.lk/web/images/divisions/Legal/Co-operative_Societies_ETR.pdf,
phone,pass,Published phone: 0000001394 ,https://mpclg.gov.lk/web/images/divisions/Legal/Co-operative_Societies_ETR.pdf,
phone,pass,Published phone: 0000002653 ,https://mpclg.gov.lk/web/images/divisions/Legal/Co-operative_Societies_ETR.pdf,
phone,pass,Published phone: 0000002639 ,https://mpclg.gov.lk/web/images/divisions/Legal/Co-operative_Societies_ETR.pdf,
phone,pass,Published phone: 0000000967 ,https://mpclg.gov.lk/web/images/divisions/Legal/Co-operative_Societies_ETR.pdf,
phone,pass,Published phone: 0000002686 ,https://mpclg.gov.lk/web/images/divisions/Legal/Co-operative_Societies_ETR.pdf,
phone,pass,Published phone: 0000002535 ,https://mpclg.gov.lk/web/images/divisions/Legal/Co-operative_Societies_ETR.pdf,
phone,pass,Published phone: 0000000631 ,https://mpclg.gov.lk/web/images/divisions/Legal/Co-operative_Societies_ETR.pdf,
phone,pass,Published phone: 0000000912 ,https://mpclg.gov.lk/web/images/divisions/Legal/Co-operative_Societies_ETR.pdf,
phone,pass,Published phone: 0000002488 ,https://mpclg.gov.lk/web/images/divisions/Legal/Co-operative_Societies_ETR.pdf,
phone,pass,Published phone: 0000000469 ,https://mpclg.gov.lk/web/images/divisions/Legal/Co-operative_Societies_ETR.pdf,
phone,pass,Published phone: 0000002377 ,https://mpclg.gov.lk/web/images/divisions/Legal/Co-operative_Societies_ETR.pdf,
phone,pass,Published phone: 0000515944 ,https://mpclg.gov.lk/web/images/divisions/Legal/Co-operative_Societies_ETR.pdf,
phone,pass,Published phone: 0000002044 ,https://mpclg.gov.lk/web/images/divisions/Legal/Co-operative_Societies_ETR.pdf,
phone,pass,Published phone: 0000001581 ,https://mpclg.gov.lk/web/images/divisions/Legal/Co-operative_Societies_ETR.pdf,
phone,pass,Published phone: 0000002798 ,https://mpclg.gov.lk/web/images/divisions/Legal/Co-operative_Societies_ETR.pdf,
phone,pass,Published phone: 0000000423 ,https://mpclg.gov.lk/web/images/divisions/Legal/Co-operative_Societies_ETR.pdf,
phone,pass,Published phone: 0000000665 ,https://mpclg.gov.lk/web/images/divisions/Legal/Co-operative_Societies_ETR.pdf,
phone,pass,Published phone: 0000000609 ,https://mpclg.gov.lk/web/images/divisions/Legal/Co-operative_Societies_ETR.pdf,
phone,pass,Published phone: 0000001517 ,https://mpclg.gov.lk/web/images/divisions/Legal/Co-operative_Societies_ETR.pdf,
phone,pass,Published phone: 0000002330 ,https://mpclg.gov.lk/web/images/divisions/Legal/Co-operative_Societies_ETR.pdf,
phone,pass,Published phone: 0000002702 ,https://mpclg.gov.lk/web/images/divisions/Legal/Co-operative_Societies_ETR.pdf,
phone,pass,Published phone: 0000001088 ,https://mpclg.gov.lk/web/images/divisions/Legal/Co-operative_Societies_ETR.pdf,
phone,pass,Published phone: 0000001739 ,https://mpclg.gov.lk/web/images/divisions/Legal/Co-operative_Societies_ETR.pdf,
phone,pass,Published phone: 0000002017 ,https://mpclg.gov.lk/web/images/divisions/Legal/Co-operative_Societies_ETR.pdf,
phone,pass,Published phone: 0000002086 ,https://mpclg.gov.lk/web/images/divisions/Legal/Co-operative_Societies_ETR.pdf,
phone,pass,Published phone: 01 560 395 42,https://mpclg.gov.lk/web/images/divisions/Legal/Co-operative_Societies_ETR.pdf,
phone,pass,Published phone: 0000002190 ,https://mpclg.gov.lk/web/images/divisions/Legal/Co-operative_Societies_ETR.pdf,
phone,pass,Published phone: 0000002858 ,https://mpclg.gov.lk/web/images/divisions/Legal/Co-operative_Societies_ETR.pdf,
phone,pass,Published phone: 0000001593 ,https://mpclg.gov.lk/web/images/divisions/Legal/Co-operative_Societies_ETR.pdf,
phone,pass,Published phone: 0000002088 ,https://mpclg.gov.lk/web/images/divisions/Legal/Co-operative_Societies_ETR.pdf,
phone,pass,Published phone: 0000000838 ,https://mpclg.gov.lk/web/images/divisions/Legal/Co-operative_Societies_ETR.pdf,
phone,pass,Published phone: 0000002440 ,https://mpclg.gov.lk/web/images/divisions/Legal/Co-operative_Societies_ETR.pdf,
phone,pass,Published phone: 0000105205 ,https://mpclg.gov.lk/web/images/divisions/Legal/Co-operative_Societies_ETR.pdf,
phone,pass,Published phone: 0000001330 ,https://mpclg.gov.lk/web/images/divisions/Legal/Co-operative_Societies_ETR.pdf,
phone,pass,Published phone: 0000002405 ,https://mpclg.gov.lk/web/images/divisions/Legal/Co-operative_Societies_ETR.pdf,
phone,pass,Published phone: 0000001913 ,https://mpclg.gov.lk/web/images/divisions/Legal/Co-operative_Societies_ETR.pdf,
phone,pass,Published phone: 0000001822 ,https://mpclg.gov.lk/web/images/divisions/Legal/Co-operative_Societies_ETR.pdf,
phone,pass,Published phone: 0000001825 ,https://mpclg.gov.lk/web/images/divisions/Legal/Co-operative_Societies_ETR.pdf,
phone,pass,Published phone: 0000002551 ,https://mpclg.gov.lk/web/images/divisions/Legal/Co-operative_Societies_ETR.pdf,
phone,pass,Published phone: 0000001568 ,https://mpclg.gov.lk/web/images/divisions/Legal/Co-operative_Societies_ETR.pdf,
phone,pass,Published phone: 0000001304 ,https://mpclg.gov.lk/web/images/divisions/Legal/Co-operative_Societies_ETR.pdf,
phone,pass,Published phone: 0000001654 ,https://mpclg.gov.lk/web/images/divisions/Legal/Co-operative_Societies_ETR.pdf,
phone,pass,Published phone: 0000002092 ,https://mpclg.gov.lk/web/images/divisions/Legal/Co-operative_Societies_ETR.pdf,
phone,pass,Published phone: 0000002179 ,https://mpclg.gov.lk/web/images/divisions/Legal/Co-operative_Societies_ETR.pdf,
phone,pass,Published phone: 0000002743 ,https://mpclg.gov.lk/web/images/divisions/Legal/Co-operative_Societies_ETR.pdf,
phone,pass,Published phone: 0000002556 ,https://mpclg.gov.lk/web/images/divisions/Legal/Co-operative_Societies_ETR.pdf,
phone,pass,Published phone: 0000002223 ,https://mpclg.gov.lk/web/images/divisions/Legal/Co-operative_Societies_ETR.pdf,
phone,pass,Published phone: 0000000521 ,https://mpclg.gov.lk/web/images/divisions/Legal/Co-operative_Societies_ETR.pdf,
phone,pass,Published phone: 0000000408 ,https://mpclg.gov.lk/web/images/divisions/Legal/Co-operative_Societies_ETR.pdf,
phone,pass,Published phone: 0000002019 ,https://mpclg.gov.lk/web/images/divisions/Legal/Co-operative_Societies_ETR.pdf,
phone,pass,Published phone: 0000000623 ,https://mpclg.gov.lk/web/images/divisions/Legal/Co-operative_Societies_ETR.pdf,
phone,pass,Published phone: 0000000853 ,https://mpclg.gov.lk/web/images/divisions/Legal/Co-operative_Societies_ETR.pdf,
phone,pass,Published phone: 0 0 250 0 250 0 ,https://mpclg.gov.lk/web/images/divisions/Legal/Co-operative_Societies_ETR.pdf,
phone,pass,Published phone: 0000002264 ,https://mpclg.gov.lk/web/images/divisions/Legal/Co-operative_Societies_ETR.pdf,
phone,pass,Published phone: 0000002403 ,https://mpclg.gov.lk/web/images/divisions/Legal/Co-operative_Societies_ETR.pdf,
phone,pass,Published phone: 0000002340 ,https://mpclg.gov.lk/web/images/divisions/Legal/Co-operative_Societies_ETR.pdf,
phone,pass,Published phone: 0000000458 ,https://mpclg.gov.lk/web/images/divisions/Legal/Co-operative_Societies_ETR.pdf,
phone,pass,Published phone: 0000000894 ,https://mpclg.gov.lk/web/images/divisions/Legal/Co-operative_Societies_ETR.pdf,
phone,pass,Published phone: 0000000573 ,https://mpclg.gov.lk/web/images/divisions/Legal/Co-operative_Societies_ETR.pdf,
phone,pass,Published phone: 0000000714 ,https://mpclg.gov.lk/web/images/divisions/Legal/Co-operative_Societies_ETR.pdf,
phone,pass,Published phone: 0000001741 ,https://mpclg.gov.lk/web/images/divisions/Legal/Co-operative_Societies_ETR.pdf,
phone,pass,Published phone: 0000000675 ,https://mpclg.gov.lk/web/images/divisions/Legal/Co-operative_Societies_ETR.pdf,
phone,pass,Published phone: 0000000777 ,https://mpclg.gov.lk/web/images/divisions/Legal/Co-operative_Societies_ETR.pdf,
phone,pass,Published phone: 0000002337 ,https://mpclg.gov.lk/web/images/divisions/Legal/Co-operative_Societies_ETR.pdf,
phone,pass,Published phone: 0000001435 ,https://mpclg.gov.lk/web/images/divisions/Legal/Co-operative_Societies_ETR.pdf,
phone,pass,Published phone: 0000002399 ,https://mpclg.gov.lk/web/images/divisions/Legal/Co-operative_Societies_ETR.pdf,
phone,pass,Published phone: 0000001332 ,https://mpclg.gov.lk/web/images/divisions/Legal/Co-operative_Societies_ETR.pdf,
phone,pass,Published phone: 0000000000 ,https://mpclg.gov.lk/web/images/divisions/Legal/Co-operative_Societies_ETR.pdf,
phone,pass,Published phone: 0000002548 ,https://mpclg.gov.lk/web/images/divisions/Legal/Co-operative_Societies_ETR.pdf,
phone,pass,Published phone: 0000000261 ,https://mpclg.gov.lk/web/images/divisions/Legal/Co-operative_Societies_ETR.pdf,
phone,pass,Published phone: 0000000583 ,https://mpclg.gov.lk/web/images/divisions/Legal/Co-operative_Societies_ETR.pdf,
phone,pass,Published phone: 0000001802 ,https://mpclg.gov.lk/web/images/divisions/Legal/Co-operative_Societies_ETR.pdf,
phone,pass,Published phone: 0000243161 ,https://mpclg.gov.lk/web/images/divisions/Legal/Co-operative_Societies_ETR.pdf,
phone,pass,Published phone: 0000000306 ,https://mpclg.gov.lk/web/images/divisions/Legal/Co-operative_Societies_ETR.pdf,
phone,pass,Published phone: 0000000695 ,https://mpclg.gov.lk/web/images/divisions/Legal/Co-operative_Societies_ETR.pdf,
phone,pass,Published phone: 00 500 500 50,https://mpclg.gov.lk/web/images/divisions/Legal/Co-operative_Societies_ETR.pdf,
phone,pass,Published phone: 0000002248 ,https://mpclg.gov.lk/web/images/divisions/Legal/Co-operative_Societies_ETR.pdf,
phone,pass,Published phone: 0000002240 ,https://mpclg.gov.lk/web/images/divisions/Legal/Co-operative_Societies_ETR.pdf,
phone,pass,Published phone: 0000000700 ,https://mpclg.gov.lk/web/images/divisions/Legal/Co-operative_Societies_ETR.pdf,
phone,pass,Published phone: 0000001846 ,https://mpclg.gov.lk/web/images/divisions/Legal/Co-operative_Societies_ETR.pdf,
phone,pass,Published phone: 0000248996 ,https://mpclg.gov.lk/web/images/divisions/Legal/Co-operative_Societies_ETR.pdf,
phone,pass,Published phone: 0000001753 ,https://mpclg.gov.lk/web/images/divisions/Legal/Co-operative_Societies_ETR.pdf,
phone,pass,Published phone: 0000000954 ,https://mpclg.gov.lk/web/images/divisions/Legal/Co-operative_Societies_ETR.pdf,
phone,pass,Published phone: 0000002365 ,https://mpclg.gov.lk/web/images/divisions/Legal/Co-operative_Societies_ETR.pdf,
phone,pass,Published phone: 0000001099 ,https://mpclg.gov.lk/web/images/divisions/Legal/Co-operative_Societies_ETR.pdf,
phone,pass,Published phone: 0000001015 ,https://mpclg.gov.lk/web/images/divisions/Legal/Co-operative_Societies_ETR.pdf,
phone,pass,Published phone: 0000000286 ,https://mpclg.gov.lk/web/images/divisions/Legal/Co-operative_Societies_ETR.pdf,
phone,pass,Published phone: 0000001646 ,https://mpclg.gov.lk/web/images/divisions/Legal/Co-operative_Societies_ETR.pdf,
phone,pass,Published phone: 0000203515 ,https://mpclg.gov.lk/web/images/divisions/Legal/Co-operative_Societies_ETR.pdf,
phone,pass,Published phone: 0000000716 ,https://mpclg.gov.lk/web/images/divisions/Legal/Co-operative_Societies_ETR.pdf,
phone,pass,Published phone: 0000001125 ,https://mpclg.gov.lk/web/images/divisions/Legal/Co-operative_Societies_ETR.pdf,
phone,pass,Published phone: 0000001487 ,https://mpclg.gov.lk/web/images/divisions/Legal/Co-operative_Societies_ETR.pdf,
phone,pass,Published phone: 0000000194 ,https://mpclg.gov.lk/web/images/divisions/Legal/Co-operative_Societies_ETR.pdf,
phone,pass,Published phone: 0000002511 ,https://mpclg.gov.lk/web/images/divisions/Legal/Co-operative_Societies_ETR.pdf,
phone,pass,Published phone: 0000001232 ,https://mpclg.gov.lk/web/images/divisions/Legal/Co-operative_Societies_ETR.pdf,
phone,pass,Published phone: 0000000821 ,https://mpclg.gov.lk/web/images/divisions/Legal/Co-operative_Societies_ETR.pdf,
phone,pass,Published phone: 0000002664 ,https://mpclg.gov.lk/web/images/divisions/Legal/Co-operative_Societies_ETR.pdf,
phone,pass,Published phone: 0000002804 ,https://mpclg.gov.lk/web/images/divisions/Legal/Co-operative_Societies_ETR.pdf,
phone,pass,Published phone: 0000000318 ,https://mpclg.gov.lk/web/images/divisions/Legal/Co-operative_Societies_ETR.pdf,
phone,pass,Published phone: 0000000771 ,https://mpclg.gov.lk/web/images/divisions/Legal/Co-operative_Societies_ETR.pdf,
phone,pass,Published phone: 0000001844 ,https://mpclg.gov.lk/web/images/divisions/Legal/Co-operative_Societies_ETR.pdf,
phone,pass,Published phone: 0000000826 ,https://mpclg.gov.lk/web/images/divisions/Legal/Co-operative_Societies_ETR.pdf,
phone,pass,Published phone: 0000000289 ,https://mpclg.gov.lk/web/images/divisions/Legal/Co-operative_Societies_ETR.pdf,
phone,pass,Published phone: 0000254497 ,https://mpclg.gov.lk/web/images/divisions/Legal/Co-operative_Societies_ETR.pdf,
phone,pass,Published phone: 0000001792 ,https://mpclg.gov.lk/web/images/divisions/Legal/Co-operative_Societies_ETR.pdf,
phone,pass,Published phone: 0000002763 ,https://mpclg.gov.lk/web/images/divisions/Legal/Co-operative_Societies_ETR.pdf,
phone,pass,Published phone: 0000002283 ,https://mpclg.gov.lk/web/images/divisions/Legal/Co-operative_Societies_ETR.pdf,
phone,pass,Published phone: 0000002129 ,https://mpclg.gov.lk/web/images/divisions/Legal/Co-operative_Societies_ETR.pdf,
phone,pass,Published phone: 0000002166 ,https://mpclg.gov.lk/web/images/divisions/Legal/Co-operative_Societies_ETR.pdf,
phone,pass,Published phone: 0000001558 ,https://mpclg.gov.lk/web/images/divisions/Legal/Co-operative_Societies_ETR.pdf,
phone,pass,Published phone: 0000001338 ,https://mpclg.gov.lk/web/images/divisions/Legal/Co-operative_Societies_ETR.pdf,
phone,pass,Published phone: 0000000953 ,https://mpclg.gov.lk/web/images/divisions/Legal/Co-operative_Societies_ETR.pdf,
phone,pass,Published phone: 0000001148 ,https://mpclg.gov.lk/web/images/divisions/Legal/Co-operative_Societies_ETR.pdf,
phone,pass,Published phone: 0000001376 ,https://mpclg.gov.lk/web/images/divisions/Legal/Co-operative_Societies_ETR.pdf,
phone,pass,Published phone: 0000019805 ,https://mpclg.gov.lk/web/images/divisions/Legal/Co-operative_Societies_ETR.pdf,
phone,pass,Published phone: 0000001023 ,https://mpclg.gov.lk/web/images/divisions/Legal/Co-operative_Societies_ETR.pdf,
phone,pass,Published phone: 0000001968 ,https://mpclg.gov.lk/web/images/divisions/Legal/Co-operative_Societies_ETR.pdf,
phone,pass,Published phone: 0000001771 ,https://mpclg.gov.lk/web/images/divisions/Legal/Co-operative_Societies_ETR.pdf,
phone,pass,Published phone: 0000002496 ,https://mpclg.gov.lk/web/images/divisions/Legal/Co-operative_Societies_ETR.pdf,
phone,pass,Published phone: 0000001877 ,https://mpclg.gov.lk/web/images/divisions/Legal/Co-operative_Societies_ETR.pdf,
phone,pass,Published phone: 0000185785 ,https://mpclg.gov.lk/web/images/divisions/Legal/Co-operative_Societies_ETR.pdf,
phone,pass,Published phone: 0000000781 ,https://mpclg.gov.lk/web/images/divisions/Legal/Co-operative_Societies_ETR.pdf,
phone,pass,Published phone: 0000000205 ,https://mpclg.gov.lk/web/images/divisions/Legal/Co-operative_Societies_ETR.pdf,
phone,pass,Published phone: 0000001764 ,https://mpclg.gov.lk/web/images/divisions/Legal/Co-operative_Societies_ETR.pdf,
phone,pass,Published phone: 0000000429 ,https://mpclg.gov.lk/web/images/divisions/Legal/Co-operative_Societies_ETR.pdf,
phone,pass,Published phone: 0000002751 ,https://mpclg.gov.lk/web/images/divisions/Legal/Co-operative_Societies_ETR.pdf,
phone,pass,Published phone: 0000002755 ,https://mpclg.gov.lk/web/images/divisions/Legal/Co-operative_Societies_ETR.pdf,
phone,pass,Published phone: 0000000882 ,https://mpclg.gov.lk/web/images/divisions/Legal/Co-operative_Societies_ETR.pdf,
phone,pass,Published phone: 0000001155 ,https://mpclg.gov.lk/web/images/divisions/Legal/Co-operative_Societies_ETR.pdf,
phone,pass,Published phone: 0000001630 ,https://mpclg.gov.lk/web/images/divisions/Legal/Co-operative_Societies_ETR.pdf,
phone,pass,Published phone: 0000248812 ,https://mpclg.gov.lk/web/images/divisions/Legal/Co-operative_Societies_ETR.pdf,
phone,pass,Published phone: 0000001451 ,https://mpclg.gov.lk/web/images/divisions/Legal/Co-operative_Societies_ETR.pdf,
phone,pass,Published phone: 0000000749 ,https://mpclg.gov.lk/web/images/divisions/Legal/Co-operative_Societies_ETR.pdf,
phone,pass,Published phone: 0000001675 ,https://mpclg.gov.lk/web/images/divisions/Legal/Co-operative_Societies_ETR.pdf,
phone,pass,Published phone: 0000001695 ,https://mpclg.gov.lk/web/images/divisions/Legal/Co-operative_Societies_ETR.pdf,
phone,pass,Published phone: 0000001323 ,https://mpclg.gov.lk/web/images/divisions/Legal/Co-operative_Societies_ETR.pdf,
phone,pass,Published phone: 0000000825 ,https://mpclg.gov.lk/web/images/divisions/Legal/Co-operative_Societies_ETR.pdf,
phone,pass,Published phone: 0000000769 ,https://mpclg.gov.lk/web/images/divisions/Legal/Co-operative_Societies_ETR.pdf,
phone,pass,Published phone: 0000001903 ,https://mpclg.gov.lk/web/images/divisions/Legal/Co-operative_Societies_ETR.pdf,
phone,pass,Published phone: 0000002306 ,https://mpclg.gov.lk/web/images/divisions/Legal/Co-operative_Societies_ETR.pdf,
phone,pass,Published phone: 0000002795 ,https://mpclg.gov.lk/web/images/divisions/Legal/Co-operative_Societies_ETR.pdf,
phone,pass,Published phone: 0000001917 ,https://mpclg.gov.lk/web/images/divisions/Legal/Co-operative_Societies_ETR.pdf,
phone,pass,Published phone: 0000001777 ,https://mpclg.gov.lk/web/images/divisions/Legal/Co-operative_Societies_ETR.pdf,
phone,pass,Published phone: 0000002102 ,https://mpclg.gov.lk/web/images/divisions/Legal/Co-operative_Societies_ETR.pdf,
phone,pass,Published phone: 0000000417 ,https://mpclg.gov.lk/web/images/divisions/Legal/Co-operative_Societies_ETR.pdf,
phone,pass,Published phone: 0000000993 ,https://mpclg.gov.lk/web/images/divisions/Legal/Co-operative_Societies_ETR.pdf,
phone,pass,Published phone: 0000001345 ,https://mpclg.gov.lk/web/images/divisions/Legal/Co-operative_Societies_ETR.pdf,
phone,pass,Published phone: 0000002727 ,https://mpclg.gov.lk/web/images/divisions/Legal/Co-operative_Societies_ETR.pdf,
phone,pass,Published phone: 0000006565 ,https://mpclg.gov.lk/web/images/divisions/Legal/Co-operative_Societies_ETR.pdf,
phone,pass,Published phone: 0000001565 ,https://mpclg.gov.lk/web/images/divisions/Legal/Co-operative_Societies_ETR.pdf,
phone,pass,Published phone: 0000002043 ,https://mpclg.gov.lk/web/images/divisions/Legal/Co-operative_Societies_ETR.pdf,
phone,pass,Published phone: 0000002839 ,https://mpclg.gov.lk/web/images/divisions/Legal/Co-operative_Societies_ETR.pdf,
phone,pass,Published phone: 0000000839 ,https://mpclg.gov.lk/web/images/divisions/Legal/Co-operative_Societies_ETR.pdf,
phone,pass,Published phone: 0000000241 ,https://mpclg.gov.lk/web/images/divisions/Legal/Co-operative_Societies_ETR.pdf,
phone,pass,Published phone: 0000001946 ,https://mpclg.gov.lk/web/images/divisions/Legal/Co-operative_Societies_ETR.pdf,
phone,pass,Published phone: 0000000624 ,https://mpclg.gov.lk/web/images/divisions/Legal/Co-operative_Societies_ETR.pdf,
phone,pass,Published phone: 0000002765 ,https://mpclg.gov.lk/web/images/divisions/Legal/Co-operative_Societies_ETR.pdf,
phone,pass,Published phone: 0000001932 ,https://mpclg.gov.lk/web/images/divisions/Legal/Co-operative_Societies_ETR.pdf,
phone,pass,Published phone: 0000002426 ,https://mpclg.gov.lk/web/images/divisions/Legal/Co-operative_Societies_ETR.pdf,
phone,pass,Published phone: 0000002640 ,https://mpclg.gov.lk/web/images/divisions/Legal/Co-operative_Societies_ETR.pdf,
phone,pass,Published phone: 0000002538 ,https://mpclg.gov.lk/web/images/divisions/Legal/Co-operative_Societies_ETR.pdf,
phone,pass,Published phone: 0000002636 ,https://mpclg.gov.lk/web/images/divisions/Legal/Co-operative_Societies_ETR.pdf,
phone,pass,Published phone: 0000001402 ,https://mpclg.gov.lk/web/images/divisions/Legal/Co-operative_Societies_ETR.pdf,
phone,pass,Published phone: 0000002196 ,https://mpclg.gov.lk/web/images/divisions/Legal/Co-operative_Societies_ETR.pdf,
phone,pass,Published phone: 0000001831 ,https://mpclg.gov.lk/web/images/divisions/Legal/Co-operative_Societies_ETR.pdf,
phone,pass,Published phone: 0000002852 ,https://mpclg.gov.lk/web/images/divisions/Legal/Co-operative_Societies_ETR.pdf,
phone,pass,Published phone: 0000167388 ,https://mpclg.gov.lk/web/images/divisions/Legal/Co-operative_Societies_ETR.pdf,
phone,pass,Published phone: 0000002364 ,https://mpclg.gov.lk/web/images/divisions/Legal/Co-operative_Societies_ETR.pdf,
phone,pass,Published phone: 0000000850 ,https://mpclg.gov.lk/web/images/divisions/Legal/Co-operative_Societies_ETR.pdf,
phone,pass,Published phone: 0000002310 ,https://mpclg.gov.lk/web/images/divisions/Legal/Co-operative_Societies_ETR.pdf,
phone,pass,Published phone: 0000000452 ,https://mpclg.gov.lk/web/images/divisions/Legal/Co-operative_Societies_ETR.pdf,
phone,pass,Published phone: 0000000976 ,https://mpclg.gov.lk/web/images/divisions/Legal/Co-operative_Societies_ETR.pdf,
phone,pass,Published phone: 0000001795 ,https://mpclg.gov.lk/web/images/divisions/Legal/Co-operative_Societies_ETR.pdf,
phone,pass,Published phone: 0000001478 ,https://mpclg.gov.lk/web/images/divisions/Legal/Co-operative_Societies_ETR.pdf,
phone,pass,Published phone: 0000001868 ,https://mpclg.gov.lk/web/images/divisions/Legal/Co-operative_Societies_ETR.pdf,
phone,pass,Published phone: 0000000978 ,https://mpclg.gov.lk/web/images/divisions/Legal/Co-operative_Societies_ETR.pdf,
phone,pass,Published phone: 0000001474 ,https://mpclg.gov.lk/web/images/divisions/Legal/Co-operative_Societies_ETR.pdf,
phone,pass,Published phone: 0000000579 ,https://mpclg.gov.lk/web/images/divisions/Legal/Co-operative_Societies_ETR.pdf,
phone,pass,Published phone: 0000000909 ,https://mpclg.gov.lk/web/images/divisions/Legal/Co-operative_Societies_ETR.pdf,
phone,pass,Published phone: 0000002427 ,https://mpclg.gov.lk/web/images/divisions/Legal/Co-operative_Societies_ETR.pdf,
phone,pass,Published phone: 0000000477 ,https://mpclg.gov.lk/web/images/divisions/Legal/Co-operative_Societies_ETR.pdf,
phone,pass,Published phone: 0000000340 ,https://mpclg.gov.lk/web/images/divisions/Legal/Co-operative_Societies_ETR.pdf,
phone,pass,Published phone: 0000000801 ,https://mpclg.gov.lk/web/images/divisions/Legal/Co-operative_Societies_ETR.pdf,
phone,pass,Published phone: 0000001780 ,https://mpclg.gov.lk/web/images/divisions/Legal/Co-operative_Societies_ETR.pdf,
phone,pass,Published phone: 0000001721 ,https://mpclg.gov.lk/web/images/divisions/Legal/Co-operative_Societies_ETR.pdf,
phone,pass,Published phone: 0000001510 ,https://mpclg.gov.lk/web/images/divisions/Legal/Co-operative_Societies_ETR.pdf,
phone,pass,Published phone: 0000002396 ,https://mpclg.gov.lk/web/images/divisions/Legal/Co-operative_Societies_ETR.pdf,
phone,pass,Published phone: 0000002701 ,https://mpclg.gov.lk/web/images/divisions/Legal/Co-operative_Societies_ETR.pdf,
phone,pass,Published phone: 0000001919 ,https://mpclg.gov.lk/web/images/divisions/Legal/Co-operative_Societies_ETR.pdf,
phone,pass,Published phone: 0000002457 ,https://mpclg.gov.lk/web/images/divisions/Legal/Co-operative_Societies_ETR.pdf,
phone,pass,Published phone: 0000000888 ,https://mpclg.gov.lk/web/images/divisions/Legal/Co-operative_Societies_ETR.pdf,
phone,pass,Published phone: 0000002216 ,https://mpclg.gov.lk/web/images/divisions/Legal/Co-operative_Societies_ETR.pdf,
phone,pass,Published phone: 0000002754 ,https://mpclg.gov.lk/web/images/divisions/Legal/Co-operative_Societies_ETR.pdf,
phone,pass,Published phone: 0000001368 ,https://mpclg.gov.lk/web/images/divisions/Legal/Co-operative_Societies_ETR.pdf,
phone,pass,Published phone: 0000000774 ,https://mpclg.gov.lk/web/images/divisions/Legal/Co-operative_Societies_ETR.pdf,
phone,pass,Published phone: 0000002062 ,https://mpclg.gov.lk/web/images/divisions/Legal/Co-operative_Societies_ETR.pdf,
phone,pass,Published phone: 0000002125 ,https://mpclg.gov.lk/web/images/divisions/Legal/Co-operative_Societies_ETR.pdf,
phone,pass,Published phone: 0000001448 ,https://mpclg.gov.lk/web/images/divisions/Legal/Co-operative_Societies_ETR.pdf,
phone,pass,Published phone: 0000000867 ,https://mpclg.gov.lk/web/images/divisions/Legal/Co-operative_Societies_ETR.pdf,
phone,pass,Published phone: 0000002441 ,https://mpclg.gov.lk/web/images/divisions/Legal/Co-operative_Societies_ETR.pdf,
phone,pass,Published phone: 0000002531 ,https://mpclg.gov.lk/web/images/divisions/Legal/Co-operative_Societies_ETR.pdf,
phone,pass,Published phone: 0000002091 ,https://mpclg.gov.lk/web/images/divisions/Legal/Co-operative_Societies_ETR.pdf,
phone,pass,Published phone: 0000001548 ,https://mpclg.gov.lk/web/images/divisions/Legal/Co-operative_Societies_ETR.pdf,
phone,pass,Published phone: 0000001194 ,https://mpclg.gov.lk/web/images/divisions/Legal/Co-operative_Societies_ETR.pdf,
phone,pass,Published phone: 0000001616 ,https://mpclg.gov.lk/web/images/divisions/Legal/Co-operative_Societies_ETR.pdf,
phone,pass,Published phone: 0000001855 ,https://mpclg.gov.lk/web/images/divisions/Legal/Co-operative_Societies_ETR.pdf,
phone,pass,Published phone: 0000001505 ,https://mpclg.gov.lk/web/images/divisions/Legal/Co-operative_Societies_ETR.pdf,
phone,pass,Published phone: 0000079306 ,https://mpclg.gov.lk/web/images/divisions/Legal/Co-operative_Societies_ETR.pdf,
phone,pass,Published phone: 0000001177 ,https://mpclg.gov.lk/web/images/divisions/Legal/Co-operative_Societies_ETR.pdf,
phone,pass,Published phone: 0000001797 ,https://mpclg.gov.lk/web/images/divisions/Legal/Co-operative_Societies_ETR.pdf,
phone,pass,Published phone: 0000001162 ,https://mpclg.gov.lk/web/images/divisions/Legal/Co-operative_Societies_ETR.pdf,
phone,pass,Published phone: 0000001602 ,https://mpclg.gov.lk/web/images/divisions/Legal/Co-operative_Societies_ETR.pdf,
phone,pass,Published phone: 0000000674 ,https://mpclg.gov.lk/web/images/divisions/Legal/Co-operative_Societies_ETR.pdf,
phone,pass,Published phone: 0000000741 ,https://mpclg.gov.lk/web/images/divisions/Legal/Co-operative_Societies_ETR.pdf,
phone,pass,Published phone: 0000000860 ,https://mpclg.gov.lk/web/images/divisions/Legal/Co-operative_Societies_ETR.pdf,
phone,pass,Published phone: 0000002489 ,https://mpclg.gov.lk/web/images/divisions/Legal/Co-operative_Societies_ETR.pdf,
phone,pass,Published phone: 0000002788 ,https://mpclg.gov.lk/web/images/divisions/Legal/Co-operative_Societies_ETR.pdf,
phone,pass,Published phone: 0000002357 ,https://mpclg.gov.lk/web/images/divisions/Legal/Co-operative_Societies_ETR.pdf,
phone,pass,Published phone: 0000001760 ,https://mpclg.gov.lk/web/images/divisions/Legal/Co-operative_Societies_ETR.pdf,
phone,pass,Published phone: 0000002197 ,https://mpclg.gov.lk/web/images/divisions/Legal/Co-operative_Societies_ETR.pdf,
phone,pass,Published phone: 0000002084 ,https://mpclg.gov.lk/web/images/divisions/Legal/Co-operative_Societies_ETR.pdf,
phone,pass,Published phone: 0000001660 ,https://mpclg.gov.lk/web/images/divisions/Legal/Co-operative_Societies_ETR.pdf,
phone,pass,Published phone: 0000002319 ,https://mpclg.gov.lk/web/images/divisions/Legal/Co-operative_Societies_ETR.pdf,
phone,pass,Published phone: 0000002063 ,https://mpclg.gov.lk/web/images/divisions/Legal/Co-operative_Societies_ETR.pdf,
phone,pass,Published phone: 0000000610 ,https://mpclg.gov.lk/web/images/divisions/Legal/Co-operative_Societies_ETR.pdf,
phone,pass,Published phone: 0000002633 ,https://mpclg.gov.lk/web/images/divisions/Legal/Co-operative_Societies_ETR.pdf,
phone,pass,Published phone: 0000000238 ,https://mpclg.gov.lk/web/images/divisions/Legal/Co-operative_Societies_ETR.pdf,
phone,pass,Published phone: 0000109818 ,https://mpclg.gov.lk/web/images/divisions/Legal/Co-operative_Societies_ETR.pdf,
phone,pass,Published phone: 0000000691 ,https://mpclg.gov.lk/web/images/divisions/Legal/Co-operative_Societies_ETR.pdf,
phone,pass,Published phone: 0000002314 ,https://mpclg.gov.lk/web/images/divisions/Legal/Co-operative_Societies_ETR.pdf,
phone,pass,Published phone: 0000001872 ,https://mpclg.gov.lk/web/images/divisions/Legal/Co-operative_Societies_ETR.pdf,
phone,pass,Published phone: 0000002656 ,https://mpclg.gov.lk/web/images/divisions/Legal/Co-operative_Societies_ETR.pdf,
phone,pass,Published phone: 0000000474 ,https://mpclg.gov.lk/web/images/divisions/Legal/Co-operative_Societies_ETR.pdf,
phone,pass,Published phone: 0000002020 ,https://mpclg.gov.lk/web/images/divisions/Legal/Co-operative_Societies_ETR.pdf,
phone,pass,Published phone: 0000002671 ,https://mpclg.gov.lk/web/images/divisions/Legal/Co-operative_Societies_ETR.pdf,
phone,pass,Published phone: 0000000678 ,https://mpclg.gov.lk/web/images/divisions/Legal/Co-operative_Societies_ETR.pdf,
phone,pass,Published phone: 0000136111 ,https://mpclg.gov.lk/web/images/divisions/Legal/Co-operative_Societies_ETR.pdf,
phone,pass,Published phone: 0000002333 ,https://mpclg.gov.lk/web/images/divisions/Legal/Co-operative_Societies_ETR.pdf,
phone,pass,Published phone: 0000002401 ,https://mpclg.gov.lk/web/images/divisions/Legal/Co-operative_Societies_ETR.pdf,
phone,pass,Published phone: 0000000829 ,https://mpclg.gov.lk/web/images/divisions/Legal/Co-operative_Societies_ETR.pdf,
phone,pass,Published phone: 0000001124 ,https://mpclg.gov.lk/web/images/divisions/Legal/Co-operative_Societies_ETR.pdf,
phone,pass,Published phone: 0000000746 ,https://mpclg.gov.lk/web/images/divisions/Legal/Co-operative_Societies_ETR.pdf,
phone,pass,Published phone: 0000002694 ,https://mpclg.gov.lk/web/images/divisions/Legal/Co-operative_Societies_ETR.pdf,
phone,pass,Published phone: 0000002673 ,https://mpclg.gov.lk/web/images/divisions/Legal/Co-operative_Societies_ETR.pdf,
phone,pass,Published phone: 0000000979 ,https://mpclg.gov.lk/web/images/divisions/Legal/Co-operative_Societies_ETR.pdf,
phone,pass,Published phone: 0000000698 ,https://mpclg.gov.lk/web/images/divisions/Legal/Co-operative_Societies_ETR.pdf,
phone,pass,Published phone: 0000001056 ,https://mpclg.gov.lk/web/images/divisions/Legal/Co-operative_Societies_ETR.pdf,
phone,pass,Published phone: 0000002857 ,https://mpclg.gov.lk/web/images/divisions/Legal/Co-operative_Societies_ETR.pdf,
phone,pass,Published phone: 0000001107 ,https://mpclg.gov.lk/web/images/divisions/Legal/Co-operative_Societies_ETR.pdf,
phone,pass,Published phone: 0000002796 ,https://mpclg.gov.lk/web/images/divisions/Legal/Co-operative_Societies_ETR.pdf,
phone,pass,Published phone: 0000000480 ,https://mpclg.gov.lk/web/images/divisions/Legal/Co-operative_Societies_ETR.pdf,
phone,pass,Published phone: 06 558 833 83,https://mpclg.gov.lk/web/images/divisions/Legal/Co-operative_Societies_ETR.pdf,
phone,pass,Published phone: 0000002035 ,https://mpclg.gov.lk/web/images/divisions/Legal/Co-operative_Societies_ETR.pdf,
phone,pass,Published phone: 000 667 667 6,https://mpclg.gov.lk/web/images/divisions/Legal/Co-operative_Societies_ETR.pdf,
phone,pass,Published phone: 0000000848 ,https://mpclg.gov.lk/web/images/divisions/Legal/Co-operative_Societies_ETR.pdf,
phone,pass,Published phone: 0000002050 ,https://mpclg.gov.lk/web/images/divisions/Legal/Co-operative_Societies_ETR.pdf,
phone,pass,Published phone: 0000001361 ,https://mpclg.gov.lk/web/images/divisions/Legal/Co-operative_Societies_ETR.pdf,
phone,pass,Published phone: 0000001396 ,https://mpclg.gov.lk/web/images/divisions/Legal/Co-operative_Societies_ETR.pdf,
phone,pass,Published phone: 0000002181 ,https://mpclg.gov.lk/web/images/divisions/Legal/Co-operative_Societies_ETR.pdf,
phone,pass,Published phone: 0000001176 ,https://mpclg.gov.lk/web/images/divisions/Legal/Co-operative_Societies_ETR.pdf,
phone,pass,Published phone: 0000001481 ,https://mpclg.gov.lk/web/images/divisions/Legal/Co-operative_Societies_ETR.pdf,
phone,pass,Published phone: 0000002256 ,https://mpclg.gov.lk/web/images/divisions/Legal/Co-operative_Societies_ETR.pdf,
phone,pass,Published phone: 0000002814 ,https://mpclg.gov.lk/web/images/divisions/Legal/Co-operative_Societies_ETR.pdf,
phone,pass,Published phone: 0000002080 ,https://mpclg.gov.lk/web/images/divisions/Legal/Co-operative_Societies_ETR.pdf,
phone,pass,Published phone: 0000000211 ,https://mpclg.gov.lk/web/images/divisions/Legal/Co-operative_Societies_ETR.pdf,
phone,pass,Published phone: 0000000936 ,https://mpclg.gov.lk/web/images/divisions/Legal/Co-operative_Societies_ETR.pdf,
phone,pass,Published phone: 0000002072 ,https://mpclg.gov.lk/web/images/divisions/Legal/Co-operative_Societies_ETR.pdf,
phone,pass,Published phone: 0000002258 ,https://mpclg.gov.lk/web/images/divisions/Legal/Co-operative_Societies_ETR.pdf,
phone,pass,Published phone: 0000002490 ,https://mpclg.gov.lk/web/images/divisions/Legal/Co-operative_Societies_ETR.pdf,
phone,pass,Published phone: 0000001140 ,https://mpclg.gov.lk/web/images/divisions/Legal/Co-operative_Societies_ETR.pdf,
phone,pass,Published phone: 0000002676 ,https://mpclg.gov.lk/web/images/divisions/Legal/Co-operative_Societies_ETR.pdf,
phone,pass,Published phone: 0000000190 ,https://mpclg.gov.lk/web/images/divisions/Legal/Co-operative_Societies_ETR.pdf,
phone,pass,Published phone: 0000002683 ,https://mpclg.gov.lk/web/images/divisions/Legal/Co-operative_Societies_ETR.pdf,
phone,pass,Published phone: 0000000537 ,https://mpclg.gov.lk/web/images/divisions/Legal/Co-operative_Societies_ETR.pdf,
phone,pass,Published phone: 0000001998 ,https://mpclg.gov.lk/web/images/divisions/Legal/Co-operative_Societies_ETR.pdf,
phone,pass,Published phone: 0000001269 ,https://mpclg.gov.lk/web/images/divisions/Legal/Co-operative_Societies_ETR.pdf,
phone,pass,Published phone: 0000171445 ,https://mpclg.gov.lk/web/images/divisions/Legal/Co-operative_Societies_ETR.pdf,
phone,pass,Published phone: 0000001379 ,https://mpclg.gov.lk/web/images/divisions/Legal/Co-operative_Societies_ETR.pdf,
phone,pass,Published phone: 0000535213 ,https://mpclg.gov.lk/web/images/divisions/Legal/Co-operative_Societies_ETR.pdf,
phone,pass,Published phone: 0000000582 ,https://mpclg.gov.lk/web/images/divisions/Legal/Co-operative_Societies_ETR.pdf,
phone,pass,Published phone: 0000002687 ,https://mpclg.gov.lk/web/images/divisions/Legal/Co-operative_Societies_ETR.pdf,
phone,pass,Published phone: 0000002570 ,https://mpclg.gov.lk/web/images/divisions/Legal/Co-operative_Societies_ETR.pdf,
phone,pass,Published phone: 0000002514 ,https://mpclg.gov.lk/web/images/divisions/Legal/Co-operative_Societies_ETR.pdf,
phone,pass,Published phone: 0000000420 ,https://mpclg.gov.lk/web/images/divisions/Legal/Co-operative_Societies_ETR.pdf,
phone,pass,Published phone: 0000000874 ,https://mpclg.gov.lk/web/images/divisions/Legal/Co-operative_Societies_ETR.pdf,
phone,pass,Published phone: 0000001826 ,https://mpclg.gov.lk/web/images/divisions/Legal/Co-operative_Societies_ETR.pdf,
phone,pass,Published phone: 0000000520 ,https://mpclg.gov.lk/web/images/divisions/Legal/Co-operative_Societies_ETR.pdf,
phone,pass,Published phone: 0000002502 ,https://mpclg.gov.lk/web/images/divisions/Legal/Co-operative_Societies_ETR.pdf,
phone,pass,Published phone: 0 0 250 333 25,https://mpclg.gov.lk/web/images/divisions/Legal/Co-operative_Societies_ETR.pdf,
phone,pass,Published phone: 0000001733 ,https://mpclg.gov.lk/web/images/divisions/Legal/Co-operative_Societies_ETR.pdf,
phone,pass,Published phone: 0000001796 ,https://mpclg.gov.lk/web/images/divisions/Legal/Co-operative_Societies_ETR.pdf,
phone,pass,Published phone: 0000002707 ,https://mpclg.gov.lk/web/images/divisions/Legal/Co-operative_Societies_ETR.pdf,
phone,pass,Published phone: 0000001943 ,https://mpclg.gov.lk/web/images/divisions/Legal/Co-operative_Societies_ETR.pdf,
phone,pass,Published phone: 0000002027 ,https://mpclg.gov.lk/web/images/divisions/Legal/Co-operative_Societies_ETR.pdf,
phone,pass,Published phone: 0000001183 ,https://mpclg.gov.lk/web/images/divisions/Legal/Co-operative_Societies_ETR.pdf,
phone,pass,Published phone: 0000000720 ,https://mpclg.gov.lk/web/images/divisions/Legal/Co-operative_Societies_ETR.pdf,
phone,pass,Published phone: 0000248625 ,https://mpclg.gov.lk/web/images/divisions/Legal/Co-operative_Societies_ETR.pdf,
phone,pass,Published phone: 0000000731 ,https://mpclg.gov.lk/web/images/divisions/Legal/Co-operative_Societies_ETR.pdf,
phone,pass,Published phone: 0000000172 ,https://mpclg.gov.lk/web/images/divisions/Legal/Co-operative_Societies_ETR.pdf,
phone,pass,Published phone: 0000000221 ,https://mpclg.gov.lk/web/images/divisions/Legal/Co-operative_Societies_ETR.pdf,
phone,pass,Published phone: 0000001524 ,https://mpclg.gov.lk/web/images/divisions/Legal/Co-operative_Societies_ETR.pdf,
phone,pass,Published phone: 0000001875 ,https://mpclg.gov.lk/web/images/divisions/Legal/Co-operative_Societies_ETR.pdf,
phone,pass,Published phone: 0000002299 ,https://mpclg.gov.lk/web/images/divisions/Legal/Co-operative_Societies_ETR.pdf,
phone,pass,Published phone: 0000000990 ,https://mpclg.gov.lk/web/images/divisions/Legal/Co-operative_Societies_ETR.pdf,
phone,pass,Published phone: 0 0 0 0 0 0 778 6,https://mpclg.gov.lk/web/images/divisions/Legal/Co-operative_Societies_ETR.pdf,
phone,pass,Published phone: 09 774 611 55,https://mpclg.gov.lk/web/images/divisions/Legal/Co-operative_Societies_ETR.pdf,
phone,pass,Published phone: 0000001477 ,https://mpclg.gov.lk/web/images/divisions/Legal/Co-operative_Societies_ETR.pdf,
phone,pass,Published phone: 0000002445 ,https://mpclg.gov.lk/web/images/divisions/Legal/Co-operative_Societies_ETR.pdf,
phone,pass,Published phone: 0000001637 ,https://mpclg.gov.lk/web/images/divisions/Legal/Co-operative_Societies_ETR.pdf,
phone,pass,Published phone: 0000000501 ,https://mpclg.gov.lk/web/images/divisions/Legal/Co-operative_Societies_ETR.pdf,
phone,pass,Published phone: 0000001730 ,https://mpclg.gov.lk/web/images/divisions/Legal/Co-operative_Societies_ETR.pdf,
phone,pass,Published phone: 0000000219 ,https://mpclg.gov.lk/web/images/divisions/Legal/Co-operative_Societies_ETR.pdf,
phone,pass,Published phone: 0000000341 ,https://mpclg.gov.lk/web/images/divisions/Legal/Co-operative_Societies_ETR.pdf,
phone,pass,Published phone: 0000002604 ,https://mpclg.gov.lk/web/images/divisions/Legal/Co-operative_Societies_ETR.pdf,
phone,pass,Published phone: 0000002120 ,https://mpclg.gov.lk/web/images/divisions/Legal/Co-operative_Societies_ETR.pdf,
phone,pass,Published phone: 0000000951 ,https://mpclg.gov.lk/web/images/divisions/Legal/Co-operative_Societies_ETR.pdf,
phone,pass,Published phone: 0000000608 ,https://mpclg.gov.lk/web/images/divisions/Legal/Co-operative_Societies_ETR.pdf,
phone,pass,Published phone: 0000002370 ,https://mpclg.gov.lk/web/images/divisions/Legal/Co-operative_Societies_ETR.pdf,
phone,pass,Published phone: 0000002323 ,https://mpclg.gov.lk/web/images/divisions/Legal/Co-operative_Societies_ETR.pdf,
phone,pass,Published phone: 0000002079 ,https://mpclg.gov.lk/web/images/divisions/Legal/Co-operative_Societies_ETR.pdf,
phone,pass,Published phone: 0000001537 ,https://mpclg.gov.lk/web/images/divisions/Legal/Co-operative_Societies_ETR.pdf,
phone,pass,Published phone: 0000002298 ,https://mpclg.gov.lk/web/images/divisions/Legal/Co-operative_Societies_ETR.pdf,
phone,pass,Published phone: 0000002419 ,https://mpclg.gov.lk/web/images/divisions/Legal/Co-operative_Societies_ETR.pdf,
phone,pass,Published phone: 0000001900 ,https://mpclg.gov.lk/web/images/divisions/Legal/Co-operative_Societies_ETR.pdf,
phone,pass,Published phone: 0000109872 ,https://mpclg.gov.lk/web/images/divisions/Legal/Co-operative_Societies_ETR.pdf,
phone,pass,Published phone: 0000002425 ,https://mpclg.gov.lk/web/images/divisions/Legal/Co-operative_Societies_ETR.pdf,
phone,pass,Published phone: 0000163334 ,https://mpclg.gov.lk/web/images/divisions/Legal/Co-operative_Societies_ETR.pdf,
phone,pass,Published phone: 0000001208 ,https://mpclg.gov.lk/web/images/divisions/Legal/Co-operative_Societies_ETR.pdf,
phone,pass,Published phone: 0000001312 ,https://mpclg.gov.lk/web/images/divisions/Legal/Co-operative_Societies_ETR.pdf,
phone,pass,Published phone: 0000000632 ,https://mpclg.gov.lk/web/images/divisions/Legal/Co-operative_Societies_ETR.pdf,
phone,pass,Published phone: 0000001534 ,https://mpclg.gov.lk/web/images/divisions/Legal/Co-operative_Societies_ETR.pdf,
phone,pass,Published phone: 0000002033 ,https://mpclg.gov.lk/web/images/divisions/Legal/Co-operative_Societies_ETR.pdf,
phone,pass,Published phone: 0000002632 ,https://mpclg.gov.lk/web/images/divisions/Legal/Co-operative_Societies_ETR.pdf,
phone,pass,Published phone: 0000000944 ,https://mpclg.gov.lk/web/images/divisions/Legal/Co-operative_Societies_ETR.pdf,
phone,pass,Published phone: 0000002713 ,https://mpclg.gov.lk/web/images/divisions/Legal/Co-operative_Societies_ETR.pdf,
phone,pass,Published phone: 0000001001 ,https://mpclg.gov.lk/web/images/divisions/Legal/Co-operative_Societies_ETR.pdf,
phone,pass,Published phone: 0000000390 ,https://mpclg.gov.lk/web/images/divisions/Legal/Co-operative_Societies_ETR.pdf,
phone,pass,Published phone: 0000000719 ,https://mpclg.gov.lk/web/images/divisions/Legal/Co-operative_Societies_ETR.pdf,
phone,pass,Published phone: 0000001206 ,https://mpclg.gov.lk/web/images/divisions/Legal/Co-operative_Societies_ETR.pdf,
phone,pass,Published phone: 0000001224 ,https://mpclg.gov.lk/web/images/divisions/Legal/Co-operative_Societies_ETR.pdf,
phone,pass,Published phone: 0000001416 ,https://mpclg.gov.lk/web/images/divisions/Legal/Co-operative_Societies_ETR.pdf,
phone,pass,Published phone: 0000000495 ,https://mpclg.gov.lk/web/images/divisions/Legal/Co-operative_Societies_ETR.pdf,
phone,pass,Published phone: 0000002186 ,https://mpclg.gov.lk/web/images/divisions/Legal/Co-operative_Societies_ETR.pdf,
phone,pass,Published phone: 0000000547 ,https://mpclg.gov.lk/web/images/divisions/Legal/Co-operative_Societies_ETR.pdf,
phone,pass,Published phone: 0000000637 ,https://mpclg.gov.lk/web/images/divisions/Legal/Co-operative_Societies_ETR.pdf,
phone,pass,Published phone: 0000207545 ,https://mpclg.gov.lk/web/images/divisions/Legal/Co-operative_Societies_ETR.pdf,
phone,pass,Published phone: 0000001393 ,https://mpclg.gov.lk/web/images/divisions/Legal/Co-operative_Societies_ETR.pdf,
phone,pass,Published phone: 0000001523 ,https://mpclg.gov.lk/web/images/divisions/Legal/Co-operative_Societies_ETR.pdf,
phone,pass,Published phone: 0000002478 ,https://mpclg.gov.lk/web/images/divisions/Legal/Co-operative_Societies_ETR.pdf,
phone,pass,Published phone: 0000001075 ,https://mpclg.gov.lk/web/images/divisions/Legal/Co-operative_Societies_ETR.pdf,
phone,pass,Published phone: 0000000870 ,https://mpclg.gov.lk/web/images/divisions/Legal/Co-operative_Societies_ETR.pdf,
phone,pass,Published phone: 0000001816 ,https://mpclg.gov.lk/web/images/divisions/Legal/Co-operative_Societies_ETR.pdf,
phone,pass,Published phone: 0000002334 ,https://mpclg.gov.lk/web/images/divisions/Legal/Co-operative_Societies_ETR.pdf,
phone,pass,Published phone: 0000001963 ,https://mpclg.gov.lk/web/images/divisions/Legal/Co-operative_Societies_ETR.pdf,
phone,pass,Published phone: 0000002733 ,https://mpclg.gov.lk/web/images/divisions/Legal/Co-operative_Societies_ETR.pdf,
phone,pass,Published phone: 0000001828 ,https://mpclg.gov.lk/web/images/divisions/Legal/Co-operative_Societies_ETR.pdf,
phone,pass,Published phone: 0000243583 ,https://mpclg.gov.lk/web/images/divisions/Legal/Co-operative_Societies_ETR.pdf,
phone,pass,Published phone: 0000002836 ,https://mpclg.gov.lk/web/images/divisions/Legal/Co-operative_Societies_ETR.pdf,
phone,pass,Published phone: 0000002343 ,https://mpclg.gov.lk/web/images/divisions/Legal/Co-operative_Societies_ETR.pdf,
phone,pass,Published phone: 0000000243 ,https://mpclg.gov.lk/web/images/divisions/Legal/Co-operative_Societies_ETR.pdf,
phone,pass,Published phone: 0000002739 ,https://mpclg.gov.lk/web/images/divisions/Legal/Co-operative_Societies_ETR.pdf,
phone,pass,Published phone: 0000000280 ,https://mpclg.gov.lk/web/images/divisions/Legal/Co-operative_Societies_ETR.pdf,
phone,pass,Published phone: 0000001198 ,https://mpclg.gov.lk/web/images/divisions/Legal/Co-operative_Societies_ETR.pdf,
phone,pass,Published phone: 0000000392 ,https://mpclg.gov.lk/web/images/divisions/Legal/Co-operative_Societies_ETR.pdf,
phone,pass,Published phone: 0000001583 ,https://mpclg.gov.lk/web/images/divisions/Legal/Co-operative_Societies_ETR.pdf,
phone,pass,Published phone: 0000002280 ,https://mpclg.gov.lk/web/images/divisions/Legal/Co-operative_Societies_ETR.pdf,
phone,pass,Published phone: 0000002654 ,https://mpclg.gov.lk/web/images/divisions/Legal/Co-operative_Societies_ETR.pdf,
phone,pass,Published phone: 0000001172 ,https://mpclg.gov.lk/web/images/divisions/Legal/Co-operative_Societies_ETR.pdf,
phone,pass,Published phone: 0000001468 ,https://mpclg.gov.lk/web/images/divisions/Legal/Co-operative_Societies_ETR.pdf,
phone,pass,Published phone: 0000002243 ,https://mpclg.gov.lk/web/images/divisions/Legal/Co-operative_Societies_ETR.pdf,
phone,pass,Published phone: 0000002641 ,https://mpclg.gov.lk/web/images/divisions/Legal/Co-operative_Societies_ETR.pdf,
phone,pass,Published phone: 0000001348 ,https://mpclg.gov.lk/web/images/divisions/Legal/Co-operative_Societies_ETR.pdf,
phone,pass,Published phone: 0000001518 ,https://mpclg.gov.lk/web/images/divisions/Legal/Co-operative_Societies_ETR.pdf,
phone,pass,Published phone: 0000000811 ,https://mpclg.gov.lk/web/images/divisions/Legal/Co-operative_Societies_ETR.pdf,
phone,pass,Published phone: 0000001503 ,https://mpclg.gov.lk/web/images/divisions/Legal/Co-operative_Societies_ETR.pdf,
phone,pass,Published phone: 0000002346 ,https://mpclg.gov.lk/web/images/divisions/Legal/Co-operative_Societies_ETR.pdf,
phone,pass,Published phone: 0000000808 ,https://mpclg.gov.lk/web/images/divisions/Legal/Co-operative_Societies_ETR.pdf,
phone,pass,Published phone: 0000002245 ,https://mpclg.gov.lk/web/images/divisions/Legal/Co-operative_Societies_ETR.pdf,
phone,pass,Published phone: 0000000603 ,https://mpclg.gov.lk/web/images/divisions/Legal/Co-operative_Societies_ETR.pdf,
phone,pass,Published phone: 0000001272 ,https://mpclg.gov.lk/web/images/divisions/Legal/Co-operative_Societies_ETR.pdf,
phone,pass,Published phone: 0000002760 ,https://mpclg.gov.lk/web/images/divisions/Legal/Co-operative_Societies_ETR.pdf,
phone,pass,Published phone: 0000002278 ,https://mpclg.gov.lk/web/images/divisions/Legal/Co-operative_Societies_ETR.pdf,
phone,pass,Published phone: 0000002608 ,https://mpclg.gov.lk/web/images/divisions/Legal/Co-operative_Societies_ETR.pdf,
phone,pass,Published phone: 0000000676 ,https://mpclg.gov.lk/web/images/divisions/Legal/Co-operative_Societies_ETR.pdf,
phone,pass,Published phone: 0000000545 ,https://mpclg.gov.lk/web/images/divisions/Legal/Co-operative_Societies_ETR.pdf,
phone,pass,Published phone: 0000001195 ,https://mpclg.gov.lk/web/images/divisions/Legal/Co-operative_Societies_ETR.pdf,
phone,pass,Published phone: 0000002833 ,https://mpclg.gov.lk/web/images/divisions/Legal/Co-operative_Societies_ETR.pdf,
phone,pass,Published phone: 0000002076 ,https://mpclg.gov.lk/web/images/divisions/Legal/Co-operative_Societies_ETR.pdf,
phone,pass,Published phone: 0000001824 ,https://mpclg.gov.lk/web/images/divisions/Legal/Co-operative_Societies_ETR.pdf,
phone,pass,Published phone: 0000000590 ,https://mpclg.gov.lk/web/images/divisions/Legal/Co-operative_Societies_ETR.pdf,
phone,pass,Published phone: 0000002696 ,https://mpclg.gov.lk/web/images/divisions/Legal/Co-operative_Societies_ETR.pdf,
phone,pass,Published phone: 0000001710 ,https://mpclg.gov.lk/web/images/divisions/Legal/Co-operative_Societies_ETR.pdf,
phone,pass,Published phone: 0000000697 ,https://mpclg.gov.lk/web/images/divisions/Legal/Co-operative_Societies_ETR.pdf,
phone,pass,Published phone: 0000001848 ,https://mpclg.gov.lk/web/images/divisions/Legal/Co-operative_Societies_ETR.pdf,
phone,pass,Published phone: 0000000271 ,https://mpclg.gov.lk/web/images/divisions/Legal/Co-operative_Societies_ETR.pdf,
phone,pass,Published phone: 0000002550 ,https://mpclg.gov.lk/web/images/divisions/Legal/Co-operative_Societies_ETR.pdf,
phone,pass,Published phone: 0000000468 ,https://mpclg.gov.lk/web/images/divisions/Legal/Co-operative_Societies_ETR.pdf,
phone,pass,Published phone: 0000001070 ,https://mpclg.gov.lk/web/images/divisions/Legal/Co-operative_Societies_ETR.pdf,
phone,pass,Published phone: 0000000330 ,https://mpclg.gov.lk/web/images/divisions/Legal/Co-operative_Societies_ETR.pdf,
phone,pass,Published phone: 0000002573 ,https://mpclg.gov.lk/web/images/divisions/Legal/Co-operative_Societies_ETR.pdf,
phone,pass,Published phone: 0000002193 ,https://mpclg.gov.lk/web/images/divisions/Legal/Co-operative_Societies_ETR.pdf,
phone,pass,Published phone: 0000002816 ,https://mpclg.gov.lk/web/images/divisions/Legal/Co-operative_Societies_ETR.pdf,
phone,pass,Published phone: 0000002487 ,https://mpclg.gov.lk/web/images/divisions/Legal/Co-operative_Societies_ETR.pdf,
phone,pass,Published phone: 0000159794 ,https://mpclg.gov.lk/web/images/divisions/Legal/Co-operative_Societies_ETR.pdf,
phone,pass,Published phone: 0000000593 ,https://mpclg.gov.lk/web/images/divisions/Legal/Co-operative_Societies_ETR.pdf,
phone,pass,Published phone: 0000000249 ,https://mpclg.gov.lk/web/images/divisions/Legal/Co-operative_Societies_ETR.pdf,
phone,pass,Published phone: 0000001090 ,https://mpclg.gov.lk/web/images/divisions/Legal/Co-operative_Societies_ETR.pdf,
phone,pass,Published phone: 0000000984 ,https://mpclg.gov.lk/web/images/divisions/Legal/Co-operative_Societies_ETR.pdf,
phone,pass,Published phone: 0000001234 ,https://mpclg.gov.lk/web/images/divisions/Legal/Co-operative_Societies_ETR.pdf,
phone,pass,Published phone: 0000001658 ,https://mpclg.gov.lk/web/images/divisions/Legal/Co-operative_Societies_ETR.pdf,
phone,pass,Published phone: 0000001931 ,https://mpclg.gov.lk/web/images/divisions/Legal/Co-operative_Societies_ETR.pdf,
phone,pass,Published phone: 0000002267 ,https://mpclg.gov.lk/web/images/divisions/Legal/Co-operative_Societies_ETR.pdf,
phone,pass,Published phone: 0000001035 ,https://mpclg.gov.lk/web/images/divisions/Legal/Co-operative_Societies_ETR.pdf,
phone,pass,Published phone: 0000007550 ,https://mpclg.gov.lk/web/images/divisions/Legal/Co-operative_Societies_ETR.pdf,
phone,pass,Published phone: 0000000962 ,https://mpclg.gov.lk/web/images/divisions/Legal/Co-operative_Societies_ETR.pdf,
phone,pass,Published phone: 0000001628 ,https://mpclg.gov.lk/web/images/divisions/Legal/Co-operative_Societies_ETR.pdf,
phone,pass,Published phone: 0000000273 ,https://mpclg.gov.lk/web/images/divisions/Legal/Co-operative_Societies_ETR.pdf,
phone,pass,Published phone: 0000001766 ,https://mpclg.gov.lk/web/images/divisions/Legal/Co-operative_Societies_ETR.pdf,
phone,pass,Published phone: 0000002395 ,https://mpclg.gov.lk/web/images/divisions/Legal/Co-operative_Societies_ETR.pdf,
phone,pass,Published phone: 0000001132 ,https://mpclg.gov.lk/web/images/divisions/Legal/Co-operative_Societies_ETR.pdf,
phone,pass,Published phone: 0000000991 ,https://mpclg.gov.lk/web/images/divisions/Legal/Co-operative_Societies_ETR.pdf,
phone,pass,Published phone: 0000001281 ,https://mpclg.gov.lk/web/images/divisions/Legal/Co-operative_Societies_ETR.pdf,
phone,pass,Published phone: 0000000965 ,https://mpclg.gov.lk/web/images/divisions/Legal/Co-operative_Societies_ETR.pdf,
phone,pass,Published phone: 0000002082 ,https://mpclg.gov.lk/web/images/divisions/Legal/Co-operative_Societies_ETR.pdf,
phone,pass,Published phone: 0000002149 ,https://mpclg.gov.lk/web/images/divisions/Legal/Co-operative_Societies_ETR.pdf,
phone,pass,Published phone: 0000000679 ,https://mpclg.gov.lk/web/images/divisions/Legal/Co-operative_Societies_ETR.pdf,
phone,pass,Published phone: 0000000228 ,https://mpclg.gov.lk/web/images/divisions/Legal/Co-operative_Societies_ETR.pdf,
phone,pass,Published phone: 0000000846 ,https://mpclg.gov.lk/web/images/divisions/Legal/Co-operative_Societies_ETR.pdf,
phone,pass,Published phone: 0000001708 ,https://mpclg.gov.lk/web/images/divisions/Legal/Co-operative_Societies_ETR.pdf,
phone,pass,Published phone: 0000000717 ,https://mpclg.gov.lk/web/images/divisions/Legal/Co-operative_Societies_ETR.pdf,
phone,pass,Published phone: 0000002147 ,https://mpclg.gov.lk/web/images/divisions/Legal/Co-operative_Societies_ETR.pdf,
phone,pass,Published phone: 0000000328 ,https://mpclg.gov.lk/web/images/divisions/Legal/Co-operative_Societies_ETR.pdf,
phone,pass,Published phone: 0000001603 ,https://mpclg.gov.lk/web/images/divisions/Legal/Co-operative_Societies_ETR.pdf,
phone,pass,Published phone: 0000001171 ,https://mpclg.gov.lk/web/images/divisions/Legal/Co-operative_Societies_ETR.pdf,
phone,pass,Published phone: 0000000937 ,https://mpclg.gov.lk/web/images/divisions/Legal/Co-operative_Societies_ETR.pdf,
phone,pass,Published phone: 0000000862 ,https://mpclg.gov.lk/web/images/divisions/Legal/Co-operative_Societies_ETR.pdf,
phone,pass,Published phone: 0000002297 ,https://mpclg.gov.lk/web/images/divisions/Legal/Co-operative_Societies_ETR.pdf,
phone,pass,Published phone: 0000002614 ,https://mpclg.gov.lk/web/images/divisions/Legal/Co-operative_Societies_ETR.pdf,
phone,pass,Published phone: 0000249071 ,https://mpclg.gov.lk/web/images/divisions/Legal/Co-operative_Societies_ETR.pdf,
phone,pass,Published phone: 0000000285 ,https://mpclg.gov.lk/web/images/divisions/Legal/Co-operative_Societies_ETR.pdf,
phone,pass,Published phone: 0000001360 ,https://mpclg.gov.lk/web/images/divisions/Legal/Co-operative_Societies_ETR.pdf,
phone,pass,Published phone: 0000002000 ,https://mpclg.gov.lk/web/images/divisions/Legal/Co-operative_Societies_ETR.pdf,
phone,pass,Published phone: 0000001722 ,https://mpclg.gov.lk/web/images/divisions/Legal/Co-operative_Societies_ETR.pdf,
phone,pass,Published phone: 0000000743 ,https://mpclg.gov.lk/web/images/divisions/Legal/Co-operative_Societies_ETR.pdf,
phone,pass,Published phone: 0000001996 ,https://mpclg.gov.lk/web/images/divisions/Legal/Co-operative_Societies_ETR.pdf,
phone,pass,Published phone: 0000000857 ,https://mpclg.gov.lk/web/images/divisions/Legal/Co-operative_Societies_ETR.pdf,
phone,pass,Published phone: 0000000753 ,https://mpclg.gov.lk/web/images/divisions/Legal/Co-operative_Societies_ETR.pdf,
phone,pass,Published phone: 0000001005 ,https://mpclg.gov.lk/web/images/divisions/Legal/Co-operative_Societies_ETR.pdf,
phone,pass,Published phone: 0000155530 ,https://mpclg.gov.lk/web/images/divisions/Legal/Co-operative_Societies_ETR.pdf,
phone,pass,Published phone: 0000000842 ,https://mpclg.gov.lk/web/images/divisions/Legal/Co-operative_Societies_ETR.pdf,
phone,pass,Published phone: 0000001303 ,https://mpclg.gov.lk/web/images/divisions/Legal/Co-operative_Societies_ETR.pdf,
phone,pass,Published phone: 0000002645 ,https://mpclg.gov.lk/web/images/divisions/Legal/Co-operative_Societies_ETR.pdf,
phone,pass,Published phone: 0000001011 ,https://mpclg.gov.lk/web/images/divisions/Legal/Co-operative_Societies_ETR.pdf,
phone,pass,Published phone: 0000002584 ,https://mpclg.gov.lk/web/images/divisions/Legal/Co-operative_Societies_ETR.pdf,
phone,pass,Published phone: 0000001121 ,https://mpclg.gov.lk/web/images/divisions/Legal/Co-operative_Societies_ETR.pdf,
phone,pass,Published phone: 0000002627 ,https://mpclg.gov.lk/web/images/divisions/Legal/Co-operative_Societies_ETR.pdf,
phone,pass,Published phone: 0000001004 ,https://mpclg.gov.lk/web/images/divisions/Legal/Co-operative_Societies_ETR.pdf,
phone,pass,Published phone: 0000000852 ,https://mpclg.gov.lk/web/images/divisions/Legal/Co-operative_Societies_ETR.pdf,
phone,pass,Published phone: 0000002411 ,https://mpclg.gov.lk/web/images/divisions/Legal/Co-operative_Societies_ETR.pdf,
phone,pass,Published phone: 0000001305 ,https://mpclg.gov.lk/web/images/divisions/Legal/Co-operative_Societies_ETR.pdf,
phone,pass,Published phone: 0000001397 ,https://mpclg.gov.lk/web/images/divisions/Legal/Co-operative_Societies_ETR.pdf,
phone,pass,Published phone: 0000002470 ,https://mpclg.gov.lk/web/images/divisions/Legal/Co-operative_Societies_ETR.pdf,
phone,pass,Published phone: 0000002143 ,https://mpclg.gov.lk/web/images/divisions/Legal/Co-operative_Societies_ETR.pdf,
phone,pass,Published phone: 0000243336 ,https://mpclg.gov.lk/web/images/divisions/Legal/Co-operative_Societies_ETR.pdf,
phone,pass,Published phone: 0000057078 ,https://mpclg.gov.lk/web/images/divisions/Legal/Co-operative_Societies_ETR.pdf,
phone,pass,Published phone: 0000002317 ,https://mpclg.gov.lk/web/images/divisions/Legal/Co-operative_Societies_ETR.pdf,
phone,pass,Published phone: 0000002708 ,https://mpclg.gov.lk/web/images/divisions/Legal/Co-operative_Societies_ETR.pdf,
phone,pass,Published phone: 0000002679 ,https://mpclg.gov.lk/web/images/divisions/Legal/Co-operative_Societies_ETR.pdf,
phone,pass,Published phone: 0000000524 ,https://mpclg.gov.lk/web/images/divisions/Legal/Co-operative_Societies_ETR.pdf,
phone,pass,Published phone: 00 389 278 0 5,https://mpclg.gov.lk/web/images/divisions/Legal/Co-operative_Societies_ETR.pdf,
phone,pass,Published phone: 0000001314 ,https://mpclg.gov.lk/web/images/divisions/Legal/Co-operative_Societies_ETR.pdf,
phone,pass,Published phone: 0000000613 ,https://mpclg.gov.lk/web/images/divisions/Legal/Co-operative_Societies_ETR.pdf,
phone,pass,Published phone: 0000000541 ,https://mpclg.gov.lk/web/images/divisions/Legal/Co-operative_Societies_ETR.pdf,
phone,pass,Published phone: 0000001197 ,https://mpclg.gov.lk/web/images/divisions/Legal/Co-operative_Societies_ETR.pdf,
phone,pass,Published phone: 0000001652 ,https://mpclg.gov.lk/web/images/divisions/Legal/Co-operative_Societies_ETR.pdf,
phone,pass,Published phone: 0000000788 ,https://mpclg.gov.lk/web/images/divisions/Legal/Co-operative_Societies_ETR.pdf,
phone,pass,Published phone: 0000000515 ,https://mpclg.gov.lk/web/images/divisions/Legal/Co-operative_Societies_ETR.pdf,
phone,pass,Published phone: 0000002146 ,https://mpclg.gov.lk/web/images/divisions/Legal/Co-operative_Societies_ETR.pdf,
phone,pass,Published phone: 0000002320 ,https://mpclg.gov.lk/web/images/divisions/Legal/Co-operative_Societies_ETR.pdf,
phone,pass,Published phone: 0000001130 ,https://mpclg.gov.lk/web/images/divisions/Legal/Co-operative_Societies_ETR.pdf,
phone,pass,Published phone: 0000002404 ,https://mpclg.gov.lk/web/images/divisions/Legal/Co-operative_Societies_ETR.pdf,
phone,pass,Published phone: 0000002720 ,https://mpclg.gov.lk/web/images/divisions/Legal/Co-operative_Societies_ETR.pdf,
phone,pass,Published phone: 0000002116 ,https://mpclg.gov.lk/web/images/divisions/Legal/Co-operative_Societies_ETR.pdf,
phone,pass,Published phone: 0000002406 ,https://mpclg.gov.lk/web/images/divisions/Legal/Co-operative_Societies_ETR.pdf,
phone,pass,Published phone: 0000002813 ,https://mpclg.gov.lk/web/images/divisions/Legal/Co-operative_Societies_ETR.pdf,
phone,pass,Published phone: 0000001555 ,https://mpclg.gov.lk/web/images/divisions/Legal/Co-operative_Societies_ETR.pdf,
phone,pass,Published phone: 0000252993 ,https://mpclg.gov.lk/web/images/divisions/Legal/Co-operative_Societies_ETR.pdf,
phone,pass,Published phone: 0000002070 ,https://mpclg.gov.lk/web/images/divisions/Legal/Co-operative_Societies_ETR.pdf,
phone,pass,Published phone: 0000001103 ,https://mpclg.gov.lk/web/images/divisions/Legal/Co-operative_Societies_ETR.pdf,
phone,pass,Published phone: 0000002764 ,https://mpclg.gov.lk/web/images/divisions/Legal/Co-operative_Societies_ETR.pdf,
phone,pass,Published phone: 0000002790 ,https://mpclg.gov.lk/web/images/divisions/Legal/Co-operative_Societies_ETR.pdf,
phone,pass,Published phone: 0000001012 ,https://mpclg.gov.lk/web/images/divisions/Legal/Co-operative_Societies_ETR.pdf,
phone,pass,Published phone: 0000001256 ,https://mpclg.gov.lk/web/images/divisions/Legal/Co-operative_Societies_ETR.pdf,
phone,pass,Published phone: 0000001318 ,https://mpclg.gov.lk/web/images/divisions/Legal/Co-operative_Societies_ETR.pdf,
phone,pass,Published phone: 0000002253 ,https://mpclg.gov.lk/web/images/divisions/Legal/Co-operative_Societies_ETR.pdf,
phone,pass,Published phone: 0000001141 ,https://mpclg.gov.lk/web/images/divisions/Legal/Co-operative_Societies_ETR.pdf,
phone,pass,Published phone: 0000001453 ,https://mpclg.gov.lk/web/images/divisions/Legal/Co-operative_Societies_ETR.pdf,
phone,pass,Published phone: 0000001561 ,https://mpclg.gov.lk/web/images/divisions/Legal/Co-operative_Societies_ETR.pdf,
phone,pass,Published phone: 0000002127 ,https://mpclg.gov.lk/web/images/divisions/Legal/Co-operative_Societies_ETR.pdf,
phone,pass,Published phone: 0000000372 ,https://mpclg.gov.lk/web/images/divisions/Legal/Co-operative_Societies_ETR.pdf,
phone,pass,Published phone: 0000001082 ,https://mpclg.gov.lk/web/images/divisions/Legal/Co-operative_Societies_ETR.pdf,
phone,pass,Published phone: 0000002224 ,https://mpclg.gov.lk/web/images/divisions/Legal/Co-operative_Societies_ETR.pdf,
phone,pass,Published phone: 0000002859 ,https://mpclg.gov.lk/web/images/divisions/Legal/Co-operative_Societies_ETR.pdf,
phone,pass,Published phone: 0000000727 ,https://mpclg.gov.lk/web/images/divisions/Legal/Co-operative_Societies_ETR.pdf,
phone,pass,Published phone: 0000002066 ,https://mpclg.gov.lk/web/images/divisions/Legal/Co-operative_Societies_ETR.pdf,
phone,pass,Published phone: 0000001220 ,https://mpclg.gov.lk/web/images/divisions/Legal/Co-operative_Societies_ETR.pdf,
phone,pass,Published phone: 0000002524 ,https://mpclg.gov.lk/web/images/divisions/Legal/Co-operative_Societies_ETR.pdf,
phone,pass,Published phone: 0000006215 ,https://mpclg.gov.lk/web/images/divisions/Legal/Co-operative_Societies_ETR.pdf,
phone,pass,Published phone: 0000015989 ,https://mpclg.gov.lk/web/images/divisions/Legal/Co-operative_Societies_ETR.pdf,
phone,pass,Published phone: 0000002837 ,https://mpclg.gov.lk/web/images/divisions/Legal/Co-operative_Societies_ETR.pdf,
phone,pass,Published phone: 0000002461 ,https://mpclg.gov.lk/web/images/divisions/Legal/Co-operative_Societies_ETR.pdf,
phone,pass,Published phone: 0000001228 ,https://mpclg.gov.lk/web/images/divisions/Legal/Co-operative_Societies_ETR.pdf,
phone,pass,Published phone: 0000001745 ,https://mpclg.gov.lk/web/images/divisions/Legal/Co-operative_Societies_ETR.pdf,
phone,pass,Published phone: 0000001488 ,https://mpclg.gov.lk/web/images/divisions/Legal/Co-operative_Societies_ETR.pdf,
phone,pass,Published phone: 0000001486 ,https://mpclg.gov.lk/web/images/divisions/Legal/Co-operative_Societies_ETR.pdf,
phone,pass,Published phone: 0000001406 ,https://mpclg.gov.lk/web/images/divisions/Legal/Co-operative_Societies_ETR.pdf,
phone,pass,Published phone: 0000002209 ,https://mpclg.gov.lk/web/images/divisions/Legal/Co-operative_Societies_ETR.pdf,
phone,pass,Published phone: 0000001794 ,https://mpclg.gov.lk/web/images/divisions/Legal/Co-operative_Societies_ETR.pdf,
phone,pass,Published phone: 0000000224 ,https://mpclg.gov.lk/web/images/divisions/Legal/Co-operative_Societies_ETR.pdf,
phone,pass,Published phone: 0000002620 ,https://mpclg.gov.lk/web/images/divisions/Legal/Co-operative_Societies_ETR.pdf,
phone,pass,Published phone: 0000000526 ,https://mpclg.gov.lk/web/images/divisions/Legal/Co-operative_Societies_ETR.pdf,
phone,pass,Published phone: 0000000832 ,https://mpclg.gov.lk/web/images/divisions/Legal/Co-operative_Societies_ETR.pdf,
phone,pass,Published phone: 0000001508 ,https://mpclg.gov.lk/web/images/divisions/Legal/Co-operative_Societies_ETR.pdf,
phone,pass,Published phone: 0000001582 ,https://mpclg.gov.lk/web/images/divisions/Legal/Co-operative_Societies_ETR.pdf,
phone,pass,Published phone: 0000001895 ,https://mpclg.gov.lk/web/images/divisions/Legal/Co-operative_Societies_ETR.pdf,
phone,pass,Published phone: 0000001970 ,https://mpclg.gov.lk/web/images/divisions/Legal/Co-operative_Societies_ETR.pdf,
phone,pass,Published phone: 0000002039 ,https://mpclg.gov.lk/web/images/divisions/Legal/Co-operative_Societies_ETR.pdf,
phone,pass,Published phone: 0000000703 ,https://mpclg.gov.lk/web/images/divisions/Legal/Co-operative_Societies_ETR.pdf,
phone,pass,Published phone: 0000002213 ,https://mpclg.gov.lk/web/images/divisions/Legal/Co-operative_Societies_ETR.pdf,
phone,pass,Published phone: 0 250 250 250 ,https://mpclg.gov.lk/web/images/divisions/Legal/Co-operative_Societies_ETR.pdf,
phone,pass,Published phone: 0000000945 ,https://mpclg.gov.lk/web/images/divisions/Legal/Co-operative_Societies_ETR.pdf,
phone,pass,Published phone: 0000000553 ,https://mpclg.gov.lk/web/images/divisions/Legal/Co-operative_Societies_ETR.pdf,
phone,pass,Published phone: 0000001410 ,https://mpclg.gov.lk/web/images/divisions/Legal/Co-operative_Societies_ETR.pdf,
phone,pass,Published phone: 0000001157 ,https://mpclg.gov.lk/web/images/divisions/Legal/Co-operative_Societies_ETR.pdf,
phone,pass,Published phone: 0000002693 ,https://mpclg.gov.lk/web/images/divisions/Legal/Co-operative_Societies_ETR.pdf,
phone,pass,Published phone: 0000001254 ,https://mpclg.gov.lk/web/images/divisions/Legal/Co-operative_Societies_ETR.pdf,
phone,pass,Published phone: 0000001956 ,https://mpclg.gov.lk/web/images/divisions/Legal/Co-operative_Societies_ETR.pdf,
phone,pass,Published phone: 0000000231 ,https://mpclg.gov.lk/web/images/divisions/Legal/Co-operative_Societies_ETR.pdf,
phone,pass,Published phone: 0000001047 ,https://mpclg.gov.lk/web/images/divisions/Legal/Co-operative_Societies_ETR.pdf,
phone,pass,Published phone: 0000001752 ,https://mpclg.gov.lk/web/images/divisions/Legal/Co-operative_Societies_ETR.pdf,
phone,pass,Published phone: 0000000184 ,https://mpclg.gov.lk/web/images/divisions/Legal/Co-operative_Societies_ETR.pdf,
phone,pass,Published phone: 0000000307 ,https://mpclg.gov.lk/web/images/divisions/Legal/Co-operative_Societies_ETR.pdf,
phone,pass,Published phone: 0000002423 ,https://mpclg.gov.lk/web/images/divisions/Legal/Co-operative_Societies_ETR.pdf,
phone,pass,Published phone: 0000002517 ,https://mpclg.gov.lk/web/images/divisions/Legal/Co-operative_Societies_ETR.pdf,
phone,pass,Published phone: 0000002483 ,https://mpclg.gov.lk/web/images/divisions/Legal/Co-operative_Societies_ETR.pdf,
phone,pass,Published phone: 0000001756 ,https://mpclg.gov.lk/web/images/divisions/Legal/Co-operative_Societies_ETR.pdf,
phone,pass,Published phone: 0000002161 ,https://mpclg.gov.lk/web/images/divisions/Legal/Co-operative_Societies_ETR.pdf,
phone,pass,Published phone: 0000001692 ,https://mpclg.gov.lk/web/images/divisions/Legal/Co-operative_Societies_ETR.pdf,
phone,pass,Published phone: 0000002106 ,https://mpclg.gov.lk/web/images/divisions/Legal/Co-operative_Societies_ETR.pdf,
phone,pass,Published phone: 0000001697 ,https://mpclg.gov.lk/web/images/divisions/Legal/Co-operative_Societies_ETR.pdf,
phone,pass,Published phone: 0000001343 ,https://mpclg.gov.lk/web/images/divisions/Legal/Co-operative_Societies_ETR.pdf,
phone,pass,Published phone: 0000001008 ,https://mpclg.gov.lk/web/images/divisions/Legal/Co-operative_Societies_ETR.pdf,
phone,pass,Published phone: 0000005119 ,https://mpclg.gov.lk/web/images/divisions/Legal/Co-operative_Societies_ETR.pdf,
phone,pass,Published phone: 0000002643 ,https://mpclg.gov.lk/web/images/divisions/Legal/Co-operative_Societies_ETR.pdf,
phone,pass,Published phone: 0000000585 ,https://mpclg.gov.lk/web/images/divisions/Legal/Co-operative_Societies_ETR.pdf,
phone,pass,Published phone: 0000001320 ,https://mpclg.gov.lk/web/images/divisions/Legal/Co-operative_Societies_ETR.pdf,
phone,pass,Published phone: 0000007280 ,https://mpclg.gov.lk/web/images/divisions/Legal/Co-operative_Societies_ETR.pdf,
phone,pass,Published phone: 0000002254 ,https://mpclg.gov.lk/web/images/divisions/Legal/Co-operative_Societies_ETR.pdf,
phone,pass,Published phone: 0000000164 ,https://mpclg.gov.lk/web/images/divisions/Legal/Co-operative_Societies_ETR.pdf,
phone,pass,Published phone: 0000143555 ,https://mpclg.gov.lk/web/images/divisions/Legal/Co-operative_Societies_ETR.pdf,
phone,pass,Published phone: 0000002015 ,https://mpclg.gov.lk/web/images/divisions/Legal/Co-operative_Societies_ETR.pdf,
phone,pass,Published phone: 0000002464 ,https://mpclg.gov.lk/web/images/divisions/Legal/Co-operative_Societies_ETR.pdf,
phone,pass,Published phone: 0000001046 ,https://mpclg.gov.lk/web/images/divisions/Legal/Co-operative_Societies_ETR.pdf,
phone,pass,Published phone: 0000163607 ,https://mpclg.gov.lk/web/images/divisions/Legal/Co-operative_Societies_ETR.pdf,
phone,pass,Published phone: 0000249335 ,https://mpclg.gov.lk/web/images/divisions/Legal/Co-operative_Societies_ETR.pdf,
phone,pass,Published phone: 0000000236 ,https://mpclg.gov.lk/web/images/divisions/Legal/Co-operative_Societies_ETR.pdf,
phone,pass,Published phone: 0000002508 ,https://mpclg.gov.lk/web/images/divisions/Legal/Co-operative_Societies_ETR.pdf,
phone,pass,Published phone: 0000001719 ,https://mpclg.gov.lk/web/images/divisions/Legal/Co-operative_Societies_ETR.pdf,
phone,pass,Published phone: 0000000806 ,https://mpclg.gov.lk/web/images/divisions/Legal/Co-operative_Societies_ETR.pdf,
phone,pass,Published phone: 0000002690 ,https://mpclg.gov.lk/web/images/divisions/Legal/Co-operative_Societies_ETR.pdf,
phone,pass,Published phone: 0000000735 ,https://mpclg.gov.lk/web/images/divisions/Legal/Co-operative_Societies_ETR.pdf,
phone,pass,Published phone: 0000000504 ,https://mpclg.gov.lk/web/images/divisions/Legal/Co-operative_Societies_ETR.pdf,
phone,pass,Published phone: 0000002631 ,https://mpclg.gov.lk/web/images/divisions/Legal/Co-operative_Societies_ETR.pdf,
phone,pass,Published phone: 0000000266 ,https://mpclg.gov.lk/web/images/divisions/Legal/Co-operative_Societies_ETR.pdf,
phone,pass,Published phone: 0000000366 ,https://mpclg.gov.lk/web/images/divisions/Legal/Co-operative_Societies_ETR.pdf,
phone,pass,Published phone: 0000000562 ,https://mpclg.gov.lk/web/images/divisions/Legal/Co-operative_Societies_ETR.pdf,
phone,pass,Published phone: 0000001606 ,https://mpclg.gov.lk/web/images/divisions/Legal/Co-operative_Societies_ETR.pdf,
phone,pass,Published phone: 0000001657 ,https://mpclg.gov.lk/web/images/divisions/Legal/Co-operative_Societies_ETR.pdf,
phone,pass,Published phone: 0000000947 ,https://mpclg.gov.lk/web/images/divisions/Legal/Co-operative_Societies_ETR.pdf,
phone,pass,Published phone: 0000002322 ,https://mpclg.gov.lk/web/images/divisions/Legal/Co-operative_Societies_ETR.pdf,
phone,pass,Published phone: 0000001815 ,https://mpclg.gov.lk/web/images/divisions/Legal/Co-operative_Societies_ETR.pdf,
phone,pass,Published phone: 0000001142 ,https://mpclg.gov.lk/web/images/divisions/Legal/Co-operative_Societies_ETR.pdf,
phone,pass,Published phone: 0000001856 ,https://mpclg.gov.lk/web/images/divisions/Legal/Co-operative_Societies_ETR.pdf,
phone,pass,Published phone: 0000002513 ,https://mpclg.gov.lk/web/images/divisions/Legal/Co-operative_Societies_ETR.pdf,
phone,pass,Published phone: 0000001732 ,https://mpclg.gov.lk/web/images/divisions/Legal/Co-operative_Societies_ETR.pdf,
phone,pass,Published phone: 0000001884 ,https://mpclg.gov.lk/web/images/divisions/Legal/Co-operative_Societies_ETR.pdf,
phone,pass,Published phone: 0000110143 ,https://mpclg.gov.lk/web/images/divisions/Legal/Co-operative_Societies_ETR.pdf,
phone,pass,Published phone: 0000001640 ,https://mpclg.gov.lk/web/images/divisions/Legal/Co-operative_Societies_ETR.pdf,
phone,pass,Published phone: 0 500 500 250 ,https://mpclg.gov.lk/web/images/divisions/Legal/Co-operative_Societies_ETR.pdf,
phone,pass,Published phone: 0000002512 ,https://mpclg.gov.lk/web/images/divisions/Legal/Co-operative_Societies_ETR.pdf,
phone,pass,Published phone: 0000001805 ,https://mpclg.gov.lk/web/images/divisions/Legal/Co-operative_Societies_ETR.pdf,
phone,pass,Published phone: 0000001748 ,https://mpclg.gov.lk/web/images/divisions/Legal/Co-operative_Societies_ETR.pdf,
phone,pass,Published phone: 0000226594 ,https://mpclg.gov.lk/web/images/divisions/Legal/Co-operative_Societies_ETR.pdf,
phone,pass,Published phone: 0000000175 ,https://mpclg.gov.lk/web/images/divisions/Legal/Co-operative_Societies_ETR.pdf,
phone,pass,Published phone: 0000001707 ,https://mpclg.gov.lk/web/images/divisions/Legal/Co-operative_Societies_ETR.pdf,
phone,pass,Published phone: 0000001445 ,https://mpclg.gov.lk/web/images/divisions/Legal/Co-operative_Societies_ETR.pdf,
phone,pass,Published phone: 0000001785 ,https://mpclg.gov.lk/web/images/divisions/Legal/Co-operative_Societies_ETR.pdf,
phone,pass,Published phone: 0000000996 ,https://mpclg.gov.lk/web/images/divisions/Legal/Co-operative_Societies_ETR.pdf,
phone,pass,Published phone: 0000002265 ,https://mpclg.gov.lk/web/images/divisions/Legal/Co-operative_Societies_ETR.pdf,
phone,pass,Published phone: 0000001962 ,https://mpclg.gov.lk/web/images/divisions/Legal/Co-operative_Societies_ETR.pdf,
phone,pass,Published phone: 0000001041 ,https://mpclg.gov.lk/web/images/divisions/Legal/Co-operative_Societies_ETR.pdf,
phone,pass,Published phone: 0000002749 ,https://mpclg.gov.lk/web/images/divisions/Legal/Co-operative_Societies_ETR.pdf,
phone,pass,Published phone: 0000031547 ,https://mpclg.gov.lk/web/images/divisions/Legal/Co-operative_Societies_ETR.pdf,
phone,pass,Published phone: 0000001882 ,https://mpclg.gov.lk/web/images/divisions/Legal/Co-operative_Societies_ETR.pdf,
phone,pass,Published phone: 0000001889 ,https://mpclg.gov.lk/web/images/divisions/Legal/Co-operative_Societies_ETR.pdf,
phone,pass,Published phone: 0000001211 ,https://mpclg.gov.lk/web/images/divisions/Legal/Co-operative_Societies_ETR.pdf,
phone,pass,Published phone: 0000000278 ,https://mpclg.gov.lk/web/images/divisions/Legal/Co-operative_Societies_ETR.pdf,
phone,pass,Published phone: 0000001009 ,https://mpclg.gov.lk/web/images/divisions/Legal/Co-operative_Societies_ETR.pdf,
phone,pass,Published phone: 0000000881 ,https://mpclg.gov.lk/web/images/divisions/Legal/Co-operative_Societies_ETR.pdf,
phone,pass,Published phone: 0000000223 ,https://mpclg.gov.lk/web/images/divisions/Legal/Co-operative_Societies_ETR.pdf,
phone,pass,Published phone: 0000000955 ,https://mpclg.gov.lk/web/images/divisions/Legal/Co-operative_Societies_ETR.pdf,
phone,pass,Published phone: 0000002277 ,https://mpclg.gov.lk/web/images/divisions/Legal/Co-operative_Societies_ETR.pdf,
phone,pass,Published phone: 0000000445 ,https://mpclg.gov.lk/web/images/divisions/Legal/Co-operative_Societies_ETR.pdf,
phone,pass,Published phone: 0000001965 ,https://mpclg.gov.lk/web/images/divisions/Legal/Co-operative_Societies_ETR.pdf,
phone,pass,Published phone: 0000000365 ,https://mpclg.gov.lk/web/images/divisions/Legal/Co-operative_Societies_ETR.pdf,
phone,pass,Published phone: 0000002843 ,https://mpclg.gov.lk/web/images/divisions/Legal/Co-operative_Societies_ETR.pdf,
phone,pass,Published phone: 0000006361 ,https://mpclg.gov.lk/web/images/divisions/Legal/Co-operative_Societies_ETR.pdf,
phone,pass,Published phone: 0000001755 ,https://mpclg.gov.lk/web/images/divisions/Legal/Co-operative_Societies_ETR.pdf,
phone,pass,Published phone: 0000002068 ,https://mpclg.gov.lk/web/images/divisions/Legal/Co-operative_Societies_ETR.pdf,
phone,pass,Published phone: 0000002133 ,https://mpclg.gov.lk/web/images/divisions/Legal/Co-operative_Societies_ETR.pdf,
phone,pass,Published phone: 0000143807 ,https://mpclg.gov.lk/web/images/divisions/Legal/Co-operative_Societies_ETR.pdf,
phone,pass,Published phone: 0000001596 ,https://mpclg.gov.lk/web/images/divisions/Legal/Co-operative_Societies_ETR.pdf,
phone,pass,Published phone: 0000000419 ,https://mpclg.gov.lk/web/images/divisions/Legal/Co-operative_Societies_ETR.pdf,
phone,pass,Published phone: 0000001586 ,https://mpclg.gov.lk/web/images/divisions/Legal/Co-operative_Societies_ETR.pdf,
phone,pass,Published phone: 0000001398 ,https://mpclg.gov.lk/web/images/divisions/Legal/Co-operative_Societies_ETR.pdf,
phone,pass,Published phone: 0000002372 ,https://mpclg.gov.lk/web/images/divisions/Legal/Co-operative_Societies_ETR.pdf,
phone,pass,Published phone: 0000000320 ,https://mpclg.gov.lk/web/images/divisions/Legal/Co-operative_Societies_ETR.pdf,
phone,pass,Published phone: 0000001812 ,https://mpclg.gov.lk/web/images/divisions/Legal/Co-operative_Societies_ETR.pdf,
phone,pass,Published phone: 0000174318 ,https://mpclg.gov.lk/web/images/divisions/Legal/Co-operative_Societies_ETR.pdf,
phone,pass,Published phone: 0000002368 ,https://mpclg.gov.lk/web/images/divisions/Legal/Co-operative_Societies_ETR.pdf,
phone,pass,Published phone: 0000000814 ,https://mpclg.gov.lk/web/images/divisions/Legal/Co-operative_Societies_ETR.pdf,
phone,pass,Published phone: 0000000934 ,https://mpclg.gov.lk/web/images/divisions/Legal/Co-operative_Societies_ETR.pdf,
phone,pass,Published phone: 0000001086 ,https://mpclg.gov.lk/web/images/divisions/Legal/Co-operative_Societies_ETR.pdf,
phone,pass,Published phone: 0000002159 ,https://mpclg.gov.lk/web/images/divisions/Legal/Co-operative_Societies_ETR.pdf,
phone,pass,Published phone: 0000001357 ,https://mpclg.gov.lk/web/images/divisions/Legal/Co-operative_Societies_ETR.pdf,
phone,pass,Published phone: 0000001863 ,https://mpclg.gov.lk/web/images/divisions/Legal/Co-operative_Societies_ETR.pdf,
phone,pass,Published phone: 0000002481 ,https://mpclg.gov.lk/web/images/divisions/Legal/Co-operative_Societies_ETR.pdf,
phone,pass,Published phone: 0000002759 ,https://mpclg.gov.lk/web/images/divisions/Legal/Co-operative_Societies_ETR.pdf,
phone,pass,Published phone: 0 333 250 0 50,https://mpclg.gov.lk/web/images/divisions/Legal/Co-operative_Societies_ETR.pdf,
phone,pass,Published phone: 0000002750 ,https://mpclg.gov.lk/web/images/divisions/Legal/Co-operative_Societies_ETR.pdf,
phone,pass,Published phone: 0000001709 ,https://mpclg.gov.lk/web/images/divisions/Legal/Co-operative_Societies_ETR.pdf,
phone,pass,Published phone: 0000001401 ,https://mpclg.gov.lk/web/images/divisions/Legal/Co-operative_Societies_ETR.pdf,
phone,pass,Published phone: 0000002271 ,https://mpclg.gov.lk/web/images/divisions/Legal/Co-operative_Societies_ETR.pdf,
phone,pass,Published phone: 0000001661 ,https://mpclg.gov.lk/web/images/divisions/Legal/Co-operative_Societies_ETR.pdf,
phone,pass,Published phone: 0000002695 ,https://mpclg.gov.lk/web/images/divisions/Legal/Co-operative_Societies_ETR.pdf,
phone,pass,Published phone: 0000243304 ,https://mpclg.gov.lk/web/images/divisions/Legal/Co-operative_Societies_ETR.pdf,
phone,pass,Published phone: 0000000403 ,https://mpclg.gov.lk/web/images/divisions/Legal/Co-operative_Societies_ETR.pdf,
phone,pass,Published phone: 0000001126 ,https://mpclg.gov.lk/web/images/divisions/Legal/Co-operative_Societies_ETR.pdf,
phone,pass,Published phone: 0000002719 ,https://mpclg.gov.lk/web/images/divisions/Legal/Co-operative_Societies_ETR.pdf,
phone,pass,Published phone: 0000000891 ,https://mpclg.gov.lk/web/images/divisions/Legal/Co-operative_Societies_ETR.pdf,
phone,pass,Published phone: 0000002628 ,https://mpclg.gov.lk/web/images/divisions/Legal/Co-operative_Societies_ETR.pdf,
phone,pass,Published phone: 0000000170 ,https://mpclg.gov.lk/web/images/divisions/Legal/Co-operative_Societies_ETR.pdf,
phone,pass,Published phone: 0000002410 ,https://mpclg.gov.lk/web/images/divisions/Legal/Co-operative_Societies_ETR.pdf,
phone,pass,Published phone: 0000001876 ,https://mpclg.gov.lk/web/images/divisions/Legal/Co-operative_Societies_ETR.pdf,
phone,pass,Published phone: 0000001742 ,https://mpclg.gov.lk/web/images/divisions/Legal/Co-operative_Societies_ETR.pdf,
phone,pass,Published phone: 0000002077 ,https://mpclg.gov.lk/web/images/divisions/Legal/Co-operative_Societies_ETR.pdf,
phone,pass,Published phone: 0000151257 ,https://mpclg.gov.lk/web/images/divisions/Legal/Co-operative_Societies_ETR.pdf,
phone,pass,Published phone: 0000000355 ,https://mpclg.gov.lk/web/images/divisions/Legal/Co-operative_Societies_ETR.pdf,
phone,pass,Published phone: 0000001420 ,https://mpclg.gov.lk/web/images/divisions/Legal/Co-operative_Societies_ETR.pdf,
phone,pass,Published phone: 0000001625 ,https://mpclg.gov.lk/web/images/divisions/Legal/Co-operative_Societies_ETR.pdf,
phone,pass,Published phone: 0000001809 ,https://mpclg.gov.lk/web/images/divisions/Legal/Co-operative_Societies_ETR.pdf,
phone,pass,Published phone: 0000002239 ,https://mpclg.gov.lk/web/images/divisions/Legal/Co-operative_Societies_ETR.pdf,
phone,pass,Published phone: 0000248780 ,https://mpclg.gov.lk/web/images/divisions/Legal/Co-operative_Societies_ETR.pdf,
phone,pass,Published phone: 0000001804 ,https://mpclg.gov.lk/web/images/divisions/Legal/Co-operative_Societies_ETR.pdf,
phone,pass,Published phone: 0000001243 ,https://mpclg.gov.lk/web/images/divisions/Legal/Co-operative_Societies_ETR.pdf,
phone,pass,Published phone: 0000001685 ,https://mpclg.gov.lk/web/images/divisions/Legal/Co-operative_Societies_ETR.pdf,
phone,pass,Published phone: 0000002032 ,https://mpclg.gov.lk/web/images/divisions/Legal/Co-operative_Societies_ETR.pdf,
phone,pass,Published phone: 0000001960 ,https://mpclg.gov.lk/web/images/divisions/Legal/Co-operative_Societies_ETR.pdf,
phone,pass,Published phone: 0000002818 ,https://mpclg.gov.lk/web/images/divisions/Legal/Co-operative_Societies_ETR.pdf,
phone,pass,Published phone: 0000000994 ,https://mpclg.gov.lk/web/images/divisions/Legal/Co-operative_Societies_ETR.pdf,
phone,pass,Published phone: 0000002675 ,https://mpclg.gov.lk/web/images/divisions/Legal/Co-operative_Societies_ETR.pdf,
phone,pass,Published phone: 0000001535 ,https://mpclg.gov.lk/web/images/divisions/Legal/Co-operative_Societies_ETR.pdf,
phone,pass,Published phone: 0000001638 ,https://mpclg.gov.lk/web/images/divisions/Legal/Co-operative_Societies_ETR.pdf,
phone,pass,Published phone: 0000002389 ,https://mpclg.gov.lk/web/images/divisions/Legal/Co-operative_Societies_ETR.pdf,
phone,pass,Published phone: 0000000927 ,https://mpclg.gov.lk/web/images/divisions/Legal/Co-operative_Societies_ETR.pdf,
phone,pass,Published phone: 0000002215 ,https://mpclg.gov.lk/web/images/divisions/Legal/Co-operative_Societies_ETR.pdf,
phone,pass,Published phone: 0000001827 ,https://mpclg.gov.lk/web/images/divisions/Legal/Co-operative_Societies_ETR.pdf,
phone,pass,Published phone: 0000002428 ,https://mpclg.gov.lk/web/images/divisions/Legal/Co-operative_Societies_ETR.pdf,
phone,pass,Published phone: 0000001600 ,https://mpclg.gov.lk/web/images/divisions/Legal/Co-operative_Societies_ETR.pdf,
phone,pass,Published phone: 0000001287 ,https://mpclg.gov.lk/web/images/divisions/Legal/Co-operative_Societies_ETR.pdf,
phone,pass,Published phone: 0000002447 ,https://mpclg.gov.lk/web/images/divisions/Legal/Co-operative_Societies_ETR.pdf,
phone,pass,Published phone: 0000000274 ,https://mpclg.gov.lk/web/images/divisions/Legal/Co-operative_Societies_ETR.pdf,
phone,pass,Published phone: 0000001042 ,https://mpclg.gov.lk/web/images/divisions/Legal/Co-operative_Societies_ETR.pdf,
phone,pass,Published phone: 0000002848 ,https://mpclg.gov.lk/web/images/divisions/Legal/Co-operative_Societies_ETR.pdf,
phone,pass,Published phone: 0000002053 ,https://mpclg.gov.lk/web/images/divisions/Legal/Co-operative_Societies_ETR.pdf,
phone,pass,Published phone: 0000002770 ,https://mpclg.gov.lk/web/images/divisions/Legal/Co-operative_Societies_ETR.pdf,
phone,pass,Published phone: 0000001257 ,https://mpclg.gov.lk/web/images/divisions/Legal/Co-operative_Societies_ETR.pdf,
phone,pass,Published phone: 0000016259 ,https://mpclg.gov.lk/web/images/divisions/Legal/Co-operative_Societies_ETR.pdf,
phone,pass,Published phone: 0000000326 ,https://mpclg.gov.lk/web/images/divisions/Legal/Co-operative_Societies_ETR.pdf,
phone,pass,Published phone: 0000000939 ,https://mpclg.gov.lk/web/images/divisions/Legal/Co-operative_Societies_ETR.pdf,
phone,pass,Published phone: 0000000325 ,https://mpclg.gov.lk/web/images/divisions/Legal/Co-operative_Societies_ETR.pdf,
phone,pass,Published phone: 0000002468 ,https://mpclg.gov.lk/web/images/divisions/Legal/Co-operative_Societies_ETR.pdf,
phone,pass,Published phone: 0000002198 ,https://mpclg.gov.lk/web/images/divisions/Legal/Co-operative_Societies_ETR.pdf,
phone,pass,Published phone: 0000000384 ,https://mpclg.gov.lk/web/images/divisions/Legal/Co-operative_Societies_ETR.pdf,
phone,pass,Published phone: 0000002008 ,https://mpclg.gov.lk/web/images/divisions/Legal/Co-operative_Societies_ETR.pdf,
phone,pass,Published phone: 0000001109 ,https://mpclg.gov.lk/web/images/divisions/Legal/Co-operative_Societies_ETR.pdf,
phone,pass,Published phone: 0000001682 ,https://mpclg.gov.lk/web/images/divisions/Legal/Co-operative_Societies_ETR.pdf,
phone,pass,Published phone: 0000000972 ,https://mpclg.gov.lk/web/images/divisions/Legal/Co-operative_Societies_ETR.pdf,
phone,pass,Published phone: 0000001395 ,https://mpclg.gov.lk/web/images/divisions/Legal/Co-operative_Societies_ETR.pdf,
phone,pass,Published phone: 0000000338 ,https://mpclg.gov.lk/web/images/divisions/Legal/Co-operative_Societies_ETR.pdf,
phone,pass,Published phone: 0000000745 ,https://mpclg.gov.lk/web/images/divisions/Legal/Co-operative_Societies_ETR.pdf,
phone,pass,Published phone: 0000001053 ,https://mpclg.gov.lk/web/images/divisions/Legal/Co-operative_Societies_ETR.pdf,
phone,pass,Published phone: 0000002098 ,https://mpclg.gov.lk/web/images/divisions/Legal/Co-operative_Societies_ETR.pdf,
phone,pass,Published phone: 0000006639 ,https://mpclg.gov.lk/web/images/divisions/Legal/Co-operative_Societies_ETR.pdf,
phone,pass,Published phone: 0000001351 ,https://mpclg.gov.lk/web/images/divisions/Legal/Co-operative_Societies_ETR.pdf,
phone,pass,Published phone: 0000001118 ,https://mpclg.gov.lk/web/images/divisions/Legal/Co-operative_Societies_ETR.pdf,
phone,pass,Published phone: 0000001150 ,https://mpclg.gov.lk/web/images/divisions/Legal/Co-operative_Societies_ETR.pdf,
phone,pass,Published phone: 0000002229 ,https://mpclg.gov.lk/web/images/divisions/Legal/Co-operative_Societies_ETR.pdf,
phone,pass,Published phone: 0000002466 ,https://mpclg.gov.lk/web/images/divisions/Legal/Co-operative_Societies_ETR.pdf,
phone,pass,Published phone: 0000002353 ,https://mpclg.gov.lk/web/images/divisions/Legal/Co-operative_Societies_ETR.pdf,
phone,pass,Published phone: 0000002251 ,https://mpclg.gov.lk/web/images/divisions/Legal/Co-operative_Societies_ETR.pdf,
phone,pass,Published phone: 0000001775 ,https://mpclg.gov.lk/web/images/divisions/Legal/Co-operative_Societies_ETR.pdf,
phone,pass,Published phone: 0000001601 ,https://mpclg.gov.lk/web/images/divisions/Legal/Co-operative_Societies_ETR.pdf,
phone,pass,Published phone: 0000002783 ,https://mpclg.gov.lk/web/images/divisions/Legal/Co-operative_Societies_ETR.pdf,
phone,pass,Published phone: 0000001592 ,https://mpclg.gov.lk/web/images/divisions/Legal/Co-operative_Societies_ETR.pdf,
phone,pass,Published phone: 0000001620 ,https://mpclg.gov.lk/web/images/divisions/Legal/Co-operative_Societies_ETR.pdf,
phone,pass,Published phone: 0000244128 ,https://mpclg.gov.lk/web/images/divisions/Legal/Co-operative_Societies_ETR.pdf,
phone,pass,Published phone: 0000002680 ,https://mpclg.gov.lk/web/images/divisions/Legal/Co-operative_Societies_ETR.pdf,
phone,pass,Published phone: 0000001916 ,https://mpclg.gov.lk/web/images/divisions/Legal/Co-operative_Societies_ETR.pdf,
phone,pass,Published phone: 0000000973 ,https://mpclg.gov.lk/web/images/divisions/Legal/Co-operative_Societies_ETR.pdf,
phone,pass,Published phone: 0000002081 ,https://mpclg.gov.lk/web/images/divisions/Legal/Co-operative_Societies_ETR.pdf,
phone,pass,Published phone: 0000001434 ,https://mpclg.gov.lk/web/images/divisions/Legal/Co-operative_Societies_ETR.pdf,
phone,pass,Published phone: 0000002381 ,https://mpclg.gov.lk/web/images/divisions/Legal/Co-operative_Societies_ETR.pdf,
phone,pass,Published phone: 0000000291 ,https://mpclg.gov.lk/web/images/divisions/Legal/Co-operative_Societies_ETR.pdf,
phone,pass,Published phone: 0000000180 ,https://mpclg.gov.lk/web/images/divisions/Legal/Co-operative_Societies_ETR.pdf,
phone,pass,Published phone: 0000001698 ,https://mpclg.gov.lk/web/images/divisions/Legal/Co-operative_Societies_ETR.pdf,
phone,pass,Published phone: 0000000686 ,https://mpclg.gov.lk/web/images/divisions/Legal/Co-operative_Societies_ETR.pdf,
phone,pass,Published phone: 0000001613 ,https://mpclg.gov.lk/web/images/divisions/Legal/Co-operative_Societies_ETR.pdf,
phone,pass,Published phone: 0000002518 ,https://mpclg.gov.lk/web/images/divisions/Legal/Co-operative_Societies_ETR.pdf,
phone,pass,Published phone: 0000001129 ,https://mpclg.gov.lk/web/images/divisions/Legal/Co-operative_Societies_ETR.pdf,
phone,pass,Published phone: 0000001147 ,https://mpclg.gov.lk/web/images/divisions/Legal/Co-operative_Societies_ETR.pdf,
phone,pass,Published phone: 0000001636 ,https://mpclg.gov.lk/web/images/divisions/Legal/Co-operative_Societies_ETR.pdf,
phone,pass,Published phone: 0000000964 ,https://mpclg.gov.lk/web/images/divisions/Legal/Co-operative_Societies_ETR.pdf,
phone,pass,Published phone: 0000002130 ,https://mpclg.gov.lk/web/images/divisions/Legal/Co-operative_Societies_ETR.pdf,
phone,pass,Published phone: 0000001769 ,https://mpclg.gov.lk/web/images/divisions/Legal/Co-operative_Societies_ETR.pdf,
phone,pass,Published phone: 0000001559 ,https://mpclg.gov.lk/web/images/divisions/Legal/Co-operative_Societies_ETR.pdf,
phone,pass,Published phone: 0000002477 ,https://mpclg.gov.lk/web/images/divisions/Legal/Co-operative_Societies_ETR.pdf,
phone,pass,Published phone: 0000000569 ,https://mpclg.gov.lk/web/images/divisions/Legal/Co-operative_Societies_ETR.pdf,
phone,pass,Published phone: 0000001455 ,https://mpclg.gov.lk/web/images/divisions/Legal/Co-operative_Societies_ETR.pdf,
phone,pass,Published phone: 0000001471 ,https://mpclg.gov.lk/web/images/divisions/Legal/Co-operative_Societies_ETR.pdf,
phone,pass,Published phone: 0000000397 ,https://mpclg.gov.lk/web/images/divisions/Legal/Co-operative_Societies_ETR.pdf,
phone,pass,Published phone: 0000002289 ,https://mpclg.gov.lk/web/images/divisions/Legal/Co-operative_Societies_ETR.pdf,
phone,pass,Published phone: 0000002536 ,https://mpclg.gov.lk/web/images/divisions/Legal/Co-operative_Societies_ETR.pdf,
phone,pass,Published phone: 0000001757 ,https://mpclg.gov.lk/web/images/divisions/Legal/Co-operative_Societies_ETR.pdf,
phone,pass,Published phone: 0000226302 ,https://mpclg.gov.lk/web/images/divisions/Legal/Co-operative_Societies_ETR.pdf,
phone,pass,Published phone: 0000002557 ,https://mpclg.gov.lk/web/images/divisions/Legal/Co-operative_Societies_ETR.pdf,
phone,pass,Published phone: 0000000222 ,https://mpclg.gov.lk/web/images/divisions/Legal/Co-operative_Societies_ETR.pdf,
phone,pass,Published phone: 0000002657 ,https://mpclg.gov.lk/web/images/divisions/Legal/Co-operative_Societies_ETR.pdf,
phone,pass,Published phone: 0000002097 ,https://mpclg.gov.lk/web/images/divisions/Legal/Co-operative_Societies_ETR.pdf,
phone,pass,Published phone: 0000000518 ,https://mpclg.gov.lk/web/images/divisions/Legal/Co-operative_Societies_ETR.pdf,
phone,pass,Published phone: 0000001459 ,https://mpclg.gov.lk/web/images/divisions/Legal/Co-operative_Societies_ETR.pdf,
phone,pass,Published phone: 0000002290 ,https://mpclg.gov.lk/web/images/divisions/Legal/Co-operative_Societies_ETR.pdf,
phone,pass,Published phone: 0000002273 ,https://mpclg.gov.lk/web/images/divisions/Legal/Co-operative_Societies_ETR.pdf,
phone,pass,Published phone: 0000000212 ,https://mpclg.gov.lk/web/images/divisions/Legal/Co-operative_Societies_ETR.pdf,
phone,pass,Published phone: 0000001153 ,https://mpclg.gov.lk/web/images/divisions/Legal/Co-operative_Societies_ETR.pdf,
phone,pass,Published phone: 0000002362 ,https://mpclg.gov.lk/web/images/divisions/Legal/Co-operative_Societies_ETR.pdf,
phone,pass,Published phone: 0000002626 ,https://mpclg.gov.lk/web/images/divisions/Legal/Co-operative_Societies_ETR.pdf,
phone,pass,Published phone: 0000000868 ,https://mpclg.gov.lk/web/images/divisions/Legal/Co-operative_Societies_ETR.pdf,
phone,pass,Published phone: 0000001920 ,https://mpclg.gov.lk/web/images/divisions/Legal/Co-operative_Societies_ETR.pdf,
phone,pass,Published phone: 0000096667 ,https://mpclg.gov.lk/web/images/divisions/Legal/Co-operative_Societies_ETR.pdf,
phone,pass,Published phone: 0000000696 ,https://mpclg.gov.lk/web/images/divisions/Legal/Co-operative_Societies_ETR.pdf,
phone,pass,Published phone: 0000000548 ,https://mpclg.gov.lk/web/images/divisions/Legal/Co-operative_Societies_ETR.pdf,
phone,pass,Published phone: 0000001509 ,https://mpclg.gov.lk/web/images/divisions/Legal/Co-operative_Societies_ETR.pdf,
phone,pass,Published phone: 0000001985 ,https://mpclg.gov.lk/web/images/divisions/Legal/Co-operative_Societies_ETR.pdf,
phone,pass,Published phone: 0000002380 ,https://mpclg.gov.lk/web/images/divisions/Legal/Co-operative_Societies_ETR.pdf,
phone,pass,Published phone: 0000001715 ,https://mpclg.gov.lk/web/images/divisions/Legal/Co-operative_Societies_ETR.pdf,
phone,pass,Published phone: 0000000669 ,https://mpclg.gov.lk/web/images/divisions/Legal/Co-operative_Societies_ETR.pdf,
phone,pass,Published phone: 0000002220 ,https://mpclg.gov.lk/web/images/divisions/Legal/Co-operative_Societies_ETR.pdf,
phone,pass,Published phone: 0000001731 ,https://mpclg.gov.lk/web/images/divisions/Legal/Co-operative_Societies_ETR.pdf,
phone,pass,Published phone: 0000000728 ,https://mpclg.gov.lk/web/images/divisions/Legal/Co-operative_Societies_ETR.pdf,
phone,pass,Published phone: 0000001516 ,https://mpclg.gov.lk/web/images/divisions/Legal/Co-operative_Societies_ETR.pdf,
phone,pass,Published phone: 0000001044 ,https://mpclg.gov.lk/web/images/divisions/Legal/Co-operative_Societies_ETR.pdf,
phone,pass,Published phone: 0000000438 ,https://mpclg.gov.lk/web/images/divisions/Legal/Co-operative_Societies_ETR.pdf,
phone,pass,Published phone: 0000002060 ,https://mpclg.gov.lk/web/images/divisions/Legal/Co-operative_Societies_ETR.pdf,
phone,pass,Published phone: 0000001007 ,https://mpclg.gov.lk/web/images/divisions/Legal/Co-operative_Societies_ETR.pdf,
phone,pass,Published phone: 0000001418 ,https://mpclg.gov.lk/web/images/divisions/Legal/Co-operative_Societies_ETR.pdf,
phone,pass,Published phone: 0000002096 ,https://mpclg.gov.lk/web/images/divisions/Legal/Co-operative_Societies_ETR.pdf,
phone,pass,Published phone: 0000000217 ,https://mpclg.gov.lk/web/images/divisions/Legal/Co-operative_Societies_ETR.pdf,
phone,pass,Published phone: 0000002304 ,https://mpclg.gov.lk/web/images/divisions/Legal/Co-operative_Societies_ETR.pdf,
phone,pass,Published phone: 0000001677 ,https://mpclg.gov.lk/web/images/divisions/Legal/Co-operative_Societies_ETR.pdf,
phone,pass,Published phone: 0 333 0 0 0 500 ,https://mpclg.gov.lk/web/images/divisions/Legal/Co-operative_Societies_ETR.pdf,
phone,pass,Published phone: 0000001626 ,https://mpclg.gov.lk/web/images/divisions/Legal/Co-operative_Societies_ETR.pdf,
phone,pass,Published phone: 0000000399 ,https://mpclg.gov.lk/web/images/divisions/Legal/Co-operative_Societies_ETR.pdf,
phone,pass,Published phone: 0000000484 ,https://mpclg.gov.lk/web/images/divisions/Legal/Co-operative_Societies_ETR.pdf,
phone,pass,Published phone: 0000002590 ,https://mpclg.gov.lk/web/images/divisions/Legal/Co-operative_Societies_ETR.pdf,
phone,pass,Published phone: 0000002560 ,https://mpclg.gov.lk/web/images/divisions/Legal/Co-operative_Societies_ETR.pdf,
phone,pass,Published phone: 0000000661 ,https://mpclg.gov.lk/web/images/divisions/Legal/Co-operative_Societies_ETR.pdf,
phone,pass,Published phone: 0000000373 ,https://mpclg.gov.lk/web/images/divisions/Legal/Co-operative_Societies_ETR.pdf,
phone,pass,Published phone: 0000001310 ,https://mpclg.gov.lk/web/images/divisions/Legal/Co-operative_Societies_ETR.pdf,
phone,pass,Published phone: 0000001276 ,https://mpclg.gov.lk/web/images/divisions/Legal/Co-operative_Societies_ETR.pdf,
phone,pass,Published phone: 0000000602 ,https://mpclg.gov.lk/web/images/divisions/Legal/Co-operative_Societies_ETR.pdf,
phone,pass,Published phone: 0000001676 ,https://mpclg.gov.lk/web/images/divisions/Legal/Co-operative_Societies_ETR.pdf,
phone,pass,Published phone: 0000000333 ,https://mpclg.gov.lk/web/images/divisions/Legal/Co-operative_Societies_ETR.pdf,
phone,pass,Published phone: 0000047336 ,https://mpclg.gov.lk/web/images/divisions/Legal/Co-operative_Societies_ETR.pdf,
phone,pass,Published phone: 0000000646 ,https://mpclg.gov.lk/web/images/divisions/Legal/Co-operative_Societies_ETR.pdf,
phone,pass,Published phone: 0000000744 ,https://mpclg.gov.lk/web/images/divisions/Legal/Co-operative_Societies_ETR.pdf,
phone,pass,Published phone: 0000001945 ,https://mpclg.gov.lk/web/images/divisions/Legal/Co-operative_Societies_ETR.pdf,
phone,pass,Published phone: 0000001566 ,https://mpclg.gov.lk/web/images/divisions/Legal/Co-operative_Societies_ETR.pdf,
phone,pass,Published phone: 0000001950 ,https://mpclg.gov.lk/web/images/divisions/Legal/Co-operative_Societies_ETR.pdf,
phone,pass,Published phone: 0000002260 ,https://mpclg.gov.lk/web/images/divisions/Legal/Co-operative_Societies_ETR.pdf,
phone,pass,Published phone: 0000002824 ,https://mpclg.gov.lk/web/images/divisions/Legal/Co-operative_Societies_ETR.pdf,
phone,pass,Published phone: 0000000565 ,https://mpclg.gov.lk/web/images/divisions/Legal/Co-operative_Societies_ETR.pdf,
phone,pass,Published phone: 0000001737 ,https://mpclg.gov.lk/web/images/divisions/Legal/Co-operative_Societies_ETR.pdf,
phone,pass,Published phone: 0000000971 ,https://mpclg.gov.lk/web/images/divisions/Legal/Co-operative_Societies_ETR.pdf,
phone,pass,Published phone: 0000001716 ,https://mpclg.gov.lk/web/images/divisions/Legal/Co-operative_Societies_ETR.pdf,
phone,pass,Published phone: 0000001521 ,https://mpclg.gov.lk/web/images/divisions/Legal/Co-operative_Societies_ETR.pdf,
phone,pass,Published phone: 0000001992 ,https://mpclg.gov.lk/web/images/divisions/Legal/Co-operative_Societies_ETR.pdf,
phone,pass,Published phone: 0000002527 ,https://mpclg.gov.lk/web/images/divisions/Legal/Co-operative_Societies_ETR.pdf,
phone,pass,Published phone: 0000000693 ,https://mpclg.gov.lk/web/images/divisions/Legal/Co-operative_Societies_ETR.pdf,
phone,pass,Published phone: 0000001530 ,https://mpclg.gov.lk/web/images/divisions/Legal/Co-operative_Societies_ETR.pdf,
phone,pass,Published phone: 0000001942 ,https://mpclg.gov.lk/web/images/divisions/Legal/Co-operative_Societies_ETR.pdf,
phone,pass,Published phone: 0000000949 ,https://mpclg.gov.lk/web/images/divisions/Legal/Co-operative_Societies_ETR.pdf,
phone,pass,Published phone: 0000012203 ,https://mpclg.gov.lk/web/images/divisions/Legal/Co-operative_Societies_ETR.pdf,
phone,pass,Published phone: 0000000798 ,https://mpclg.gov.lk/web/images/divisions/Legal/Co-operative_Societies_ETR.pdf,
phone,pass,Published phone: 0000000255 ,https://mpclg.gov.lk/web/images/divisions/Legal/Co-operative_Societies_ETR.pdf,
phone,pass,Published phone: 0000002588 ,https://mpclg.gov.lk/web/images/divisions/Legal/Co-operative_Societies_ETR.pdf,
phone,pass,Published phone: 0000001718 ,https://mpclg.gov.lk/web/images/divisions/Legal/Co-operative_Societies_ETR.pdf,
phone,pass,Published phone: 0000046660 ,https://mpclg.gov.lk/web/images/divisions/Legal/Co-operative_Societies_ETR.pdf,
phone,pass,Published phone: 0000001458 ,https://mpclg.gov.lk/web/images/divisions/Legal/Co-operative_Societies_ETR.pdf,
phone,pass,Published phone: 0000000629 ,https://mpclg.gov.lk/web/images/divisions/Legal/Co-operative_Societies_ETR.pdf,
phone,pass,Published phone: 0000001936 ,https://mpclg.gov.lk/web/images/divisions/Legal/Co-operative_Societies_ETR.pdf,
phone,pass,Published phone: 0000000165 ,https://mpclg.gov.lk/web/images/divisions/Legal/Co-operative_Societies_ETR.pdf,
phone,pass,Published phone: 0000000466 ,https://mpclg.gov.lk/web/images/divisions/Legal/Co-operative_Societies_ETR.pdf,
phone,pass,Published phone: 0000000329 ,https://mpclg.gov.lk/web/images/divisions/Legal/Co-operative_Societies_ETR.pdf,
phone,pass,Published phone: 0000001683 ,https://mpclg.gov.lk/web/images/divisions/Legal/Co-operative_Societies_ETR.pdf,
phone,pass,Published phone: 0000001423 ,https://mpclg.gov.lk/web/images/divisions/Legal/Co-operative_Societies_ETR.pdf,
phone,pass,Published phone: 0000001212 ,https://mpclg.gov.lk/web/images/divisions/Legal/Co-operative_Societies_ETR.pdf,
phone,pass,Published phone: 0000001909 ,https://mpclg.gov.lk/web/images/divisions/Legal/Co-operative_Societies_ETR.pdf,
phone,pass,Published phone: 0000001467 ,https://mpclg.gov.lk/web/images/divisions/Legal/Co-operative_Societies_ETR.pdf,
phone,pass,Published phone: 0000000401 ,https://mpclg.gov.lk/web/images/divisions/Legal/Co-operative_Societies_ETR.pdf,
phone,pass,Published phone: 0000001169 ,https://mpclg.gov.lk/web/images/divisions/Legal/Co-operative_Societies_ETR.pdf,
phone,pass,Published phone: 0000000309 ,https://mpclg.gov.lk/web/images/divisions/Legal/Co-operative_Societies_ETR.pdf,
phone,pass,Published phone: 0000000406 ,https://mpclg.gov.lk/web/images/divisions/Legal/Co-operative_Societies_ETR.pdf,
phone,pass,Published phone: 0000001927 ,https://mpclg.gov.lk/web/images/divisions/Legal/Co-operative_Societies_ETR.pdf,
phone,pass,Published phone: 0000000345 ,https://mpclg.gov.lk/web/images/divisions/Legal/Co-operative_Societies_ETR.pdf,
phone,pass,Published phone: 0000000758 ,https://mpclg.gov.lk/web/images/divisions/Legal/Co-operative_Societies_ETR.pdf,
phone,pass,Published phone: 0000001482 ,https://mpclg.gov.lk/web/images/divisions/Legal/Co-operative_Societies_ETR.pdf,
phone,pass,Published phone: 0 0 0 0 0 0 500 5,https://mpclg.gov.lk/web/images/divisions/Legal/Co-operative_Societies_ETR.pdf,
phone,pass,Published phone: 03 565 834 51,https://mpclg.gov.lk/web/images/divisions/Legal/Co-operative_Societies_ETR.pdf,
phone,pass,Published phone: 0000000605 ,https://mpclg.gov.lk/web/images/divisions/Legal/Co-operative_Societies_ETR.pdf,
phone,pass,Published phone: 0000000680 ,https://mpclg.gov.lk/web/images/divisions/Legal/Co-operative_Societies_ETR.pdf,
phone,pass,Published phone: 0000000499 ,https://mpclg.gov.lk/web/images/divisions/Legal/Co-operative_Societies_ETR.pdf,
phone,pass,Published phone: 0000000998 ,https://mpclg.gov.lk/web/images/divisions/Legal/Co-operative_Societies_ETR.pdf,
phone,pass,Published phone: 0000000699 ,https://mpclg.gov.lk/web/images/divisions/Legal/Co-operative_Societies_ETR.pdf,
phone,pass,Published phone: 0000002544 ,https://mpclg.gov.lk/web/images/divisions/Legal/Co-operative_Societies_ETR.pdf,
phone,pass,Published phone: 0000515494 ,https://mpclg.gov.lk/web/images/divisions/Legal/Co-operative_Societies_ETR.pdf,
phone,pass,Published phone: 0000001670 ,https://mpclg.gov.lk/web/images/divisions/Legal/Co-operative_Societies_ETR.pdf,
phone,pass,Published phone: 0000001116 ,https://mpclg.gov.lk/web/images/divisions/Legal/Co-operative_Societies_ETR.pdf,
phone,pass,Published phone: 0000000525 ,https://mpclg.gov.lk/web/images/divisions/Legal/Co-operative_Societies_ETR.pdf,
phone,pass,Published phone: 0000002211 ,https://mpclg.gov.lk/web/images/divisions/Legal/Co-operative_Societies_ETR.pdf,
phone,pass,Published phone: 0 0 250 0 0 0 0 0 ,https://mpclg.gov.lk/web/images/divisions/Legal/Co-operative_Societies_ETR.pdf,
phone,pass,Published phone: 0000000529 ,https://mpclg.gov.lk/web/images/divisions/Legal/Co-operative_Societies_ETR.pdf,
phone,pass,Published phone: 0000000317 ,https://mpclg.gov.lk/web/images/divisions/Legal/Co-operative_Societies_ETR.pdf,
phone,pass,Published phone: 0000000750 ,https://mpclg.gov.lk/web/images/divisions/Legal/Co-operative_Societies_ETR.pdf,
phone,pass,Published phone: 0000001059 ,https://mpclg.gov.lk/web/images/divisions/Legal/Co-operative_Societies_ETR.pdf,
phone,pass,Published phone: 0000001587 ,https://mpclg.gov.lk/web/images/divisions/Legal/Co-operative_Societies_ETR.pdf,
phone,pass,Published phone: 0000002469 ,https://mpclg.gov.lk/web/images/divisions/Legal/Co-operative_Societies_ETR.pdf,
phone,pass,Published phone: 0000002217 ,https://mpclg.gov.lk/web/images/divisions/Legal/Co-operative_Societies_ETR.pdf,
phone,pass,Published phone: 0000001149 ,https://mpclg.gov.lk/web/images/divisions/Legal/Co-operative_Societies_ETR.pdf,
phone,pass,Published phone: 0000000375 ,https://mpclg.gov.lk/web/images/divisions/Legal/Co-operative_Societies_ETR.pdf,
phone,pass,Published phone: 0000221959 ,https://mpclg.gov.lk/web/images/divisions/Legal/Co-operative_Societies_ETR.pdf,
phone,pass,Published phone: 0000002552 ,https://mpclg.gov.lk/web/images/divisions/Legal/Co-operative_Societies_ETR.pdf,
phone,pass,Published phone: 0000001839 ,https://mpclg.gov.lk/web/images/divisions/Legal/Co-operative_Societies_ETR.pdf,
phone,pass,Published phone: 0000001137 ,https://mpclg.gov.lk/web/images/divisions/Legal/Co-operative_Societies_ETR.pdf,
phone,pass,Published phone: 0000002212 ,https://mpclg.gov.lk/web/images/divisions/Legal/Co-operative_Societies_ETR.pdf,
phone,pass,Published phone: 0000002737 ,https://mpclg.gov.lk/web/images/divisions/Legal/Co-operative_Societies_ETR.pdf,
phone,pass,Published phone: 0000002688 ,https://mpclg.gov.lk/web/images/divisions/Legal/Co-operative_Societies_ETR.pdf,
phone,pass,Published phone: 0000000555 ,https://mpclg.gov.lk/web/images/divisions/Legal/Co-operative_Societies_ETR.pdf,
phone,pass,Published phone: 0000000805 ,https://mpclg.gov.lk/web/images/divisions/Legal/Co-operative_Societies_ETR.pdf,
phone,pass,Published phone: 0000001417 ,https://mpclg.gov.lk/web/images/divisions/Legal/Co-operative_Societies_ETR.pdf,
phone,pass,Published phone: 0000002175 ,https://mpclg.gov.lk/web/images/divisions/Legal/Co-operative_Societies_ETR.pdf,
phone,pass,Published phone: 0000001786 ,https://mpclg.gov.lk/web/images/divisions/Legal/Co-operative_Societies_ETR.pdf,
phone,pass,Published phone: 0000002667 ,https://mpclg.gov.lk/web/images/divisions/Legal/Co-operative_Societies_ETR.pdf,
phone,pass,Published phone: 0000000467 ,https://mpclg.gov.lk/web/images/divisions/Legal/Co-operative_Societies_ETR.pdf,
phone,pass,Published phone: 0000001295 ,https://mpclg.gov.lk/web/images/divisions/Legal/Co-operative_Societies_ETR.pdf,
phone,pass,Published phone: 0000002023 ,https://mpclg.gov.lk/web/images/divisions/Legal/Co-operative_Societies_ETR.pdf,
phone,pass,Published phone: 0000002648 ,https://mpclg.gov.lk/web/images/divisions/Legal/Co-operative_Societies_ETR.pdf,
phone,pass,Published phone: 0000002834 ,https://mpclg.gov.lk/web/images/divisions/Legal/Co-operative_Societies_ETR.pdf,
phone,pass,Published phone: 0000002785 ,https://mpclg.gov.lk/web/images/divisions/Legal/Co-operative_Societies_ETR.pdf,
phone,pass,Published phone: 0000001037 ,https://mpclg.gov.lk/web/images/divisions/Legal/Co-operative_Societies_ETR.pdf,
phone,pass,Published phone: 0000000425 ,https://mpclg.gov.lk/web/images/divisions/Legal/Co-operative_Societies_ETR.pdf,
phone,pass,Published phone: 0000001122 ,https://mpclg.gov.lk/web/images/divisions/Legal/Co-operative_Societies_ETR.pdf,
phone,pass,Published phone: 0000001781 ,https://mpclg.gov.lk/web/images/divisions/Legal/Co-operative_Societies_ETR.pdf,
phone,pass,Published phone: 0000002437 ,https://mpclg.gov.lk/web/images/divisions/Legal/Co-operative_Societies_ETR.pdf,
phone,pass,Published phone: 0000002460 ,https://mpclg.gov.lk/web/images/divisions/Legal/Co-operative_Societies_ETR.pdf,
phone,pass,Published phone: 0000000426 ,https://mpclg.gov.lk/web/images/divisions/Legal/Co-operative_Societies_ETR.pdf,
phone,pass,Published phone: 0000001881 ,https://mpclg.gov.lk/web/images/divisions/Legal/Co-operative_Societies_ETR.pdf,
phone,pass,Published phone: 0000054207 ,https://mpclg.gov.lk/web/images/divisions/Legal/Co-operative_Societies_ETR.pdf,
phone,pass,Published phone: 0000000639 ,https://mpclg.gov.lk/web/images/divisions/Legal/Co-operative_Societies_ETR.pdf,
phone,pass,Published phone: 0000001449 ,https://mpclg.gov.lk/web/images/divisions/Legal/Co-operative_Societies_ETR.pdf,
phone,pass,Published phone: 0000000670 ,https://mpclg.gov.lk/web/images/divisions/Legal/Co-operative_Societies_ETR.pdf,
phone,pass,Published phone: 0000000795 ,https://mpclg.gov.lk/web/images/divisions/Legal/Co-operative_Societies_ETR.pdf,
phone,pass,Published phone: 0000002065 ,https://mpclg.gov.lk/web/images/divisions/Legal/Co-operative_Societies_ETR.pdf,
phone,pass,Published phone: 0000000472 ,https://mpclg.gov.lk/web/images/divisions/Legal/Co-operative_Societies_ETR.pdf,
phone,pass,Published phone: 0000001525 ,https://mpclg.gov.lk/web/images/divisions/Legal/Co-operative_Societies_ETR.pdf,
phone,pass,Published phone: 0000000958 ,https://mpclg.gov.lk/web/images/divisions/Legal/Co-operative_Societies_ETR.pdf,
phone,pass,Published phone: 0000002222 ,https://mpclg.gov.lk/web/images/divisions/Legal/Co-operative_Societies_ETR.pdf,
phone,pass,Published phone: 0000000391 ,https://mpclg.gov.lk/web/images/divisions/Legal/Co-operative_Societies_ETR.pdf,
phone,pass,Published phone: 0000001808 ,https://mpclg.gov.lk/web/images/divisions/Legal/Co-operative_Societies_ETR.pdf,
phone,pass,Published phone: 0000000342 ,https://mpclg.gov.lk/web/images/divisions/Legal/Co-operative_Societies_ETR.pdf,
phone,pass,Published phone: 0000002439 ,https://mpclg.gov.lk/web/images/divisions/Legal/Co-operative_Societies_ETR.pdf,
phone,pass,Published phone: 0000000551 ,https://mpclg.gov.lk/web/images/divisions/Legal/Co-operative_Societies_ETR.pdf,
phone,pass,Published phone: 0000001094 ,https://mpclg.gov.lk/web/images/divisions/Legal/Co-operative_Societies_ETR.pdf,
phone,pass,Published phone: 0000002011 ,https://mpclg.gov.lk/web/images/divisions/Legal/Co-operative_Societies_ETR.pdf,
phone,pass,Published phone: 0000001428 ,https://mpclg.gov.lk/web/images/divisions/Legal/Co-operative_Societies_ETR.pdf,
phone,pass,Published phone: 0000000730 ,https://mpclg.gov.lk/web/images/divisions/Legal/Co-operative_Societies_ETR.pdf,
phone,pass,Published phone: 0000000694 ,https://mpclg.gov.lk/web/images/divisions/Legal/Co-operative_Societies_ETR.pdf,
phone,pass,Published phone: 0000002095 ,https://mpclg.gov.lk/web/images/divisions/Legal/Co-operative_Societies_ETR.pdf,
phone,pass,Published phone: 0000002189 ,https://mpclg.gov.lk/web/images/divisions/Legal/Co-operative_Societies_ETR.pdf,
phone,pass,Published phone: 0000001901 ,https://mpclg.gov.lk/web/images/divisions/Legal/Co-operative_Societies_ETR.pdf,
phone,pass,Published phone: 0000000815 ,https://mpclg.gov.lk/web/images/divisions/Legal/Co-operative_Societies_ETR.pdf,
phone,pass,Published phone: 0000002296 ,https://mpclg.gov.lk/web/images/divisions/Legal/Co-operative_Societies_ETR.pdf,
phone,pass,Published phone: 0000001758 ,https://mpclg.gov.lk/web/images/divisions/Legal/Co-operative_Societies_ETR.pdf,
phone,pass,Published phone: 0000002158 ,https://mpclg.gov.lk/web/images/divisions/Legal/Co-operative_Societies_ETR.pdf,
phone,pass,Published phone: 0000001104 ,https://mpclg.gov.lk/web/images/divisions/Legal/Co-operative_Societies_ETR.pdf,
phone,pass,Published phone: 0000002287 ,https://mpclg.gov.lk/web/images/divisions/Legal/Co-operative_Societies_ETR.pdf,
phone,pass,Published phone: 0000000290 ,https://mpclg.gov.lk/web/images/divisions/Legal/Co-operative_Societies_ETR.pdf,
phone,pass,Published phone: 0000001341 ,https://mpclg.gov.lk/web/images/divisions/Legal/Co-operative_Societies_ETR.pdf,
phone,pass,Published phone: 0000001852 ,https://mpclg.gov.lk/web/images/divisions/Legal/Co-operative_Societies_ETR.pdf,
phone,pass,Published phone: 0000001850 ,https://mpclg.gov.lk/web/images/divisions/Legal/Co-operative_Societies_ETR.pdf,
phone,pass,Published phone: 0000002255 ,https://mpclg.gov.lk/web/images/divisions/Legal/Co-operative_Societies_ETR.pdf,
phone,pass,Published phone: 0000002528 ,https://mpclg.gov.lk/web/images/divisions/Legal/Co-operative_Societies_ETR.pdf,
phone,pass,Published phone: 0000000818 ,https://mpclg.gov.lk/web/images/divisions/Legal/Co-operative_Societies_ETR.pdf,
phone,pass,Published phone: 0000001378 ,https://mpclg.gov.lk/web/images/divisions/Legal/Co-operative_Societies_ETR.pdf,
phone,pass,Published phone: 0000002807 ,https://mpclg.gov.lk/web/images/divisions/Legal/Co-operative_Societies_ETR.pdf,
phone,pass,Published phone: 0000000974 ,https://mpclg.gov.lk/web/images/divisions/Legal/Co-operative_Societies_ETR.pdf,
phone,pass,Published phone: 0000000664 ,https://mpclg.gov.lk/web/images/divisions/Legal/Co-operative_Societies_ETR.pdf,
phone,pass,Published phone: 0000136399 ,https://mpclg.gov.lk/web/images/divisions/Legal/Co-operative_Societies_ETR.pdf,
phone,pass,Published phone: 0000001165 ,https://mpclg.gov.lk/web/images/divisions/Legal/Co-operative_Societies_ETR.pdf,
phone,pass,Published phone: 0000001532 ,https://mpclg.gov.lk/web/images/divisions/Legal/Co-operative_Societies_ETR.pdf,
phone,pass,Published phone: 0000002510 ,https://mpclg.gov.lk/web/images/divisions/Legal/Co-operative_Societies_ETR.pdf,
phone,pass,Published phone: 0000002479 ,https://mpclg.gov.lk/web/images/divisions/Legal/Co-operative_Societies_ETR.pdf,
phone,pass,Published phone: 0000002048 ,https://mpclg.gov.lk/web/images/divisions/Legal/Co-operative_Societies_ETR.pdf,
phone,pass,Published phone: 0000002379 ,https://mpclg.gov.lk/web/images/divisions/Legal/Co-operative_Societies_ETR.pdf,
phone,pass,Published phone: 0000002352 ,https://mpclg.gov.lk/web/images/divisions/Legal/Co-operative_Societies_ETR.pdf,
phone,pass,Published phone: 0000000782 ,https://mpclg.gov.lk/web/images/divisions/Legal/Co-operative_Societies_ETR.pdf,
phone,pass,Published phone: 0000001818 ,https://mpclg.gov.lk/web/images/divisions/Legal/Co-operative_Societies_ETR.pdf,
phone,pass,Published phone: 0000001067 ,https://mpclg.gov.lk/web/images/divisions/Legal/Co-operative_Societies_ETR.pdf,
phone,pass,Published phone: 0000001096 ,https://mpclg.gov.lk/web/images/divisions/Legal/Co-operative_Societies_ETR.pdf,
phone,pass,Published phone: 0000001653 ,https://mpclg.gov.lk/web/images/divisions/Legal/Co-operative_Societies_ETR.pdf,
phone,pass,Published phone: 0000001265 ,https://mpclg.gov.lk/web/images/divisions/Legal/Co-operative_Societies_ETR.pdf,
phone,pass,Published phone: 0000001229 ,https://mpclg.gov.lk/web/images/divisions/Legal/Co-operative_Societies_ETR.pdf,
phone,pass,Published phone: 0000002191 ,https://mpclg.gov.lk/web/images/divisions/Legal/Co-operative_Societies_ETR.pdf,
phone,pass,Published phone: 0000002499 ,https://mpclg.gov.lk/web/images/divisions/Legal/Co-operative_Societies_ETR.pdf,
phone,pass,Published phone: 0000001476 ,https://mpclg.gov.lk/web/images/divisions/Legal/Co-operative_Societies_ETR.pdf,
phone,pass,Published phone: 0000001215 ,https://mpclg.gov.lk/web/images/divisions/Legal/Co-operative_Societies_ETR.pdf,
phone,pass,Published phone: 0000000969 ,https://mpclg.gov.lk/web/images/divisions/Legal/Co-operative_Societies_ETR.pdf,
phone,pass,Published phone: 0000001986 ,https://mpclg.gov.lk/web/images/divisions/Legal/Co-operative_Societies_ETR.pdf,
phone,pass,Published phone: 0000000692 ,https://mpclg.gov.lk/web/images/divisions/Legal/Co-operative_Societies_ETR.pdf,
phone,pass,Published phone: 0000002031 ,https://mpclg.gov.lk/web/images/divisions/Legal/Co-operative_Societies_ETR.pdf,
phone,pass,Published phone: 0000000911 ,https://mpclg.gov.lk/web/images/divisions/Legal/Co-operative_Societies_ETR.pdf,
phone,pass,Published phone: 0000001995 ,https://mpclg.gov.lk/web/images/divisions/Legal/Co-operative_Societies_ETR.pdf,
phone,pass,Published phone: 0000002409 ,https://mpclg.gov.lk/web/images/divisions/Legal/Co-operative_Societies_ETR.pdf,
phone,pass,Published phone: 0000002482 ,https://mpclg.gov.lk/web/images/divisions/Legal/Co-operative_Societies_ETR.pdf,
phone,pass,Published phone: 0000001492 ,https://mpclg.gov.lk/web/images/divisions/Legal/Co-operative_Societies_ETR.pdf,
phone,pass,Published phone: 0000000284 ,https://mpclg.gov.lk/web/images/divisions/Legal/Co-operative_Societies_ETR.pdf,
phone,pass,Published phone: 0000001277 ,https://mpclg.gov.lk/web/images/divisions/Legal/Co-operative_Societies_ETR.pdf,
phone,pass,Published phone: 0000000845 ,https://mpclg.gov.lk/web/images/divisions/Legal/Co-operative_Societies_ETR.pdf,
phone,pass,Published phone: 0000230186 ,https://mpclg.gov.lk/web/images/divisions/Legal/Co-operative_Societies_ETR.pdf,
phone,pass,Published phone: 0000000666 ,https://mpclg.gov.lk/web/images/divisions/Legal/Co-operative_Societies_ETR.pdf,
phone,pass,Published phone: 0000000963 ,https://mpclg.gov.lk/web/images/divisions/Legal/Co-operative_Societies_ETR.pdf,
phone,pass,Published phone: 0000001635 ,https://mpclg.gov.lk/web/images/divisions/Legal/Co-operative_Societies_ETR.pdf,
phone,pass,Published phone: 0000002781 ,https://mpclg.gov.lk/web/images/divisions/Legal/Co-operative_Societies_ETR.pdf,
phone,pass,Published phone: 0000001038 ,https://mpclg.gov.lk/web/images/divisions/Legal/Co-operative_Societies_ETR.pdf,
phone,pass,Published phone: 0000002237 ,https://mpclg.gov.lk/web/images/divisions/Legal/Co-operative_Societies_ETR.pdf,
phone,pass,Published phone: 0000002547 ,https://mpclg.gov.lk/web/images/divisions/Legal/Co-operative_Societies_ETR.pdf,
phone,pass,Published phone: 0000002163 ,https://mpclg.gov.lk/web/images/divisions/Legal/Co-operative_Societies_ETR.pdf,
phone,pass,Published phone: 0000000385 ,https://mpclg.gov.lk/web/images/divisions/Legal/Co-operative_Societies_ETR.pdf,
phone,pass,Published phone: 0000002728 ,https://mpclg.gov.lk/web/images/divisions/Legal/Co-operative_Societies_ETR.pdf,
phone,pass,Published phone: 0000001443 ,https://mpclg.gov.lk/web/images/divisions/Legal/Co-operative_Societies_ETR.pdf,
phone,pass,Published phone: 0000000505 ,https://mpclg.gov.lk/web/images/divisions/Legal/Co-operative_Societies_ETR.pdf,
phone,pass,Published phone: 0000001699 ,https://mpclg.gov.lk/web/images/divisions/Legal/Co-operative_Societies_ETR.pdf,
phone,pass,Published phone: 0000001959 ,https://mpclg.gov.lk/web/images/divisions/Legal/Co-operative_Societies_ETR.pdf,
phone,pass,Published phone: 0000001700 ,https://mpclg.gov.lk/web/images/divisions/Legal/Co-operative_Societies_ETR.pdf,
phone,pass,Published phone: 0000001167 ,https://mpclg.gov.lk/web/images/divisions/Legal/Co-operative_Societies_ETR.pdf,
phone,pass,Published phone: 0000128262 ,https://mpclg.gov.lk/web/images/divisions/Legal/Co-operative_Societies_ETR.pdf,
phone,pass,Published phone: 0000001021 ,https://mpclg.gov.lk/web/images/divisions/Legal/Co-operative_Societies_ETR.pdf,
phone,pass,Published phone: 0000000599 ,https://mpclg.gov.lk/web/images/divisions/Legal/Co-operative_Societies_ETR.pdf,
phone,pass,Published phone: 0000001666 ,https://mpclg.gov.lk/web/images/divisions/Legal/Co-operative_Societies_ETR.pdf,
phone,pass,Published phone: 0000001973 ,https://mpclg.gov.lk/web/images/divisions/Legal/Co-operative_Societies_ETR.pdf,
phone,pass,Published phone: 0000000319 ,https://mpclg.gov.lk/web/images/divisions/Legal/Co-operative_Societies_ETR.pdf,
phone,pass,Published phone: 0000001017 ,https://mpclg.gov.lk/web/images/divisions/Legal/Co-operative_Societies_ETR.pdf,
phone,pass,Published phone: 0000000229 ,https://mpclg.gov.lk/web/images/divisions/Legal/Co-operative_Societies_ETR.pdf,
phone,pass,Published phone: 0000002691 ,https://mpclg.gov.lk/web/images/divisions/Legal/Co-operative_Societies_ETR.pdf,
phone,pass,Published phone: 0000001264 ,https://mpclg.gov.lk/web/images/divisions/Legal/Co-operative_Societies_ETR.pdf,
phone,pass,Published phone: 0000002539 ,https://mpclg.gov.lk/web/images/divisions/Legal/Co-operative_Societies_ETR.pdf,
phone,pass,Published phone: 0000000616 ,https://mpclg.gov.lk/web/images/divisions/Legal/Co-operative_Societies_ETR.pdf,
phone,pass,Published phone: 0000002121 ,https://mpclg.gov.lk/web/images/divisions/Legal/Co-operative_Societies_ETR.pdf,
phone,pass,Published phone: 0000000981 ,https://mpclg.gov.lk/web/images/divisions/Legal/Co-operative_Societies_ETR.pdf,
phone,pass,Published phone: 0000002498 ,https://mpclg.gov.lk/web/images/divisions/Legal/Co-operative_Societies_ETR.pdf,
phone,pass,Published phone: 0000001728 ,https://mpclg.gov.lk/web/images/divisions/Legal/Co-operative_Societies_ETR.pdf,
phone,pass,Published phone: 0000139360 ,https://mpclg.gov.lk/web/images/divisions/Legal/Co-operative_Societies_ETR.pdf,
phone,pass,Published phone: 0000001528 ,https://mpclg.gov.lk/web/images/divisions/Legal/Co-operative_Societies_ETR.pdf,
phone,pass,Published phone: 0000001496 ,https://mpclg.gov.lk/web/images/divisions/Legal/Co-operative_Societies_ETR.pdf,
phone,pass,Published phone: 0000001567 ,https://mpclg.gov.lk/web/images/divisions/Legal/Co-operative_Societies_ETR.pdf,
phone,pass,Published phone: 0000001570 ,https://mpclg.gov.lk/web/images/divisions/Legal/Co-operative_Societies_ETR.pdf,
phone,pass,Published phone: 0000000188 ,https://mpclg.gov.lk/web/images/divisions/Legal/Co-operative_Societies_ETR.pdf,
phone,pass,Published phone: 0000001247 ,https://mpclg.gov.lk/web/images/divisions/Legal/Co-operative_Societies_ETR.pdf,
phone,pass,Published phone: 0000002285 ,https://mpclg.gov.lk/web/images/divisions/Legal/Co-operative_Societies_ETR.pdf,
phone,pass,Published phone: 0000001765 ,https://mpclg.gov.lk/web/images/divisions/Legal/Co-operative_Societies_ETR.pdf,
phone,pass,Published phone: 0000000327 ,https://mpclg.gov.lk/web/images/divisions/Legal/Co-operative_Societies_ETR.pdf,
phone,pass,Published phone: 0000002286 ,https://mpclg.gov.lk/web/images/divisions/Legal/Co-operative_Societies_ETR.pdf,
phone,pass,Published phone: 0000001133 ,https://mpclg.gov.lk/web/images/divisions/Legal/Co-operative_Societies_ETR.pdf,
phone,pass,Published phone: 0000002762 ,https://mpclg.gov.lk/web/images/divisions/Legal/Co-operative_Societies_ETR.pdf,
phone,pass,Published phone: 0000124080 ,https://mpclg.gov.lk/web/images/divisions/Legal/Co-operative_Societies_ETR.pdf,
phone,pass,Published phone: 0000002602 ,https://mpclg.gov.lk/web/images/divisions/Legal/Co-operative_Societies_ETR.pdf,
phone,pass,Published phone: 0000000995 ,https://mpclg.gov.lk/web/images/divisions/Legal/Co-operative_Societies_ETR.pdf,
phone,pass,Published phone: 0000000173 ,https://mpclg.gov.lk/web/images/divisions/Legal/Co-operative_Societies_ETR.pdf,
phone,pass,Published phone: 0000000546 ,https://mpclg.gov.lk/web/images/divisions/Legal/Co-operative_Societies_ETR.pdf,
phone,pass,Published phone: 0000001068 ,https://mpclg.gov.lk/web/images/divisions/Legal/Co-operative_Societies_ETR.pdf,
phone,pass,Published phone: 0000002649 ,https://mpclg.gov.lk/web/images/divisions/Legal/Co-operative_Societies_ETR.pdf,
phone,pass,Published phone: 0000002467 ,https://mpclg.gov.lk/web/images/divisions/Legal/Co-operative_Societies_ETR.pdf,
phone,pass,Published phone: 0000001673 ,https://mpclg.gov.lk/web/images/divisions/Legal/Co-operative_Societies_ETR.pdf,
phone,pass,Published phone: 0000000359 ,https://mpclg.gov.lk/web/images/divisions/Legal/Co-operative_Societies_ETR.pdf,
phone,pass,Published phone: 0000001631 ,https://mpclg.gov.lk/web/images/divisions/Legal/Co-operative_Societies_ETR.pdf,
phone,pass,Published phone: 0000001404 ,https://mpclg.gov.lk/web/images/divisions/Legal/Co-operative_Societies_ETR.pdf,
phone,pass,Published phone: 0000001003 ,https://mpclg.gov.lk/web/images/divisions/Legal/Co-operative_Societies_ETR.pdf,
phone,pass,Published phone: 0000002250 ,https://mpclg.gov.lk/web/images/divisions/Legal/Co-operative_Societies_ETR.pdf,
phone,pass,Published phone: 0000001897 ,https://mpclg.gov.lk/web/images/divisions/Legal/Co-operative_Societies_ETR.pdf,
phone,pass,Published phone: 0000000254 ,https://mpclg.gov.lk/web/images/divisions/Legal/Co-operative_Societies_ETR.pdf,
phone,pass,Published phone: 0000001664 ,https://mpclg.gov.lk/web/images/divisions/Legal/Co-operative_Societies_ETR.pdf,
phone,pass,Published phone: 0000188844 ,https://mpclg.gov.lk/web/images/divisions/Legal/Co-operative_Societies_ETR.pdf,
phone,pass,Published phone: 0000001174 ,https://mpclg.gov.lk/web/images/divisions/Legal/Co-operative_Societies_ETR.pdf,
phone,pass,Published phone: 0000001349 ,https://mpclg.gov.lk/web/images/divisions/Legal/Co-operative_Societies_ETR.pdf,
phone,pass,Published phone: 0000000980 ,https://mpclg.gov.lk/web/images/divisions/Legal/Co-operative_Societies_ETR.pdf,
phone,pass,Published phone: 0000000523 ,https://mpclg.gov.lk/web/images/divisions/Legal/Co-operative_Societies_ETR.pdf,
phone,pass,Published phone: 0000001978 ,https://mpclg.gov.lk/web/images/divisions/Legal/Co-operative_Societies_ETR.pdf,
phone,pass,Published phone: 0000001953 ,https://mpclg.gov.lk/web/images/divisions/Legal/Co-operative_Societies_ETR.pdf,
phone,pass,Published phone: 0000000276 ,https://mpclg.gov.lk/web/images/divisions/Legal/Co-operative_Societies_ETR.pdf,
phone,pass,Published phone: 0000002067 ,https://mpclg.gov.lk/web/images/divisions/Legal/Co-operative_Societies_ETR.pdf,
phone,pass,Published phone: 0000001704 ,https://mpclg.gov.lk/web/images/divisions/Legal/Co-operative_Societies_ETR.pdf,
phone,pass,Published phone: 0000252739 ,https://mpclg.gov.lk/web/images/divisions/Legal/Co-operative_Societies_ETR.pdf,
phone,pass,Published phone: 0000001058 ,https://mpclg.gov.lk/web/images/divisions/Legal/Co-operative_Societies_ETR.pdf,
phone,pass,Published phone: 0000004525 ,https://mpclg.gov.lk/web/images/divisions/Legal/Co-operative_Societies_ETR.pdf,
phone,pass,Published phone: 0000002718 ,https://mpclg.gov.lk/web/images/divisions/Legal/Co-operative_Societies_ETR.pdf,
phone,pass,Published phone: 0000002164 ,https://mpclg.gov.lk/web/images/divisions/Legal/Co-operative_Societies_ETR.pdf,
phone,pass,Published phone: 0000000511 ,https://mpclg.gov.lk/web/images/divisions/Legal/Co-operative_Societies_ETR.pdf,
phone,pass,Published phone: 0000001444 ,https://mpclg.gov.lk/web/images/divisions/Legal/Co-operative_Societies_ETR.pdf,
phone,pass,Published phone: 0000000301 ,https://mpclg.gov.lk/web/images/divisions/Legal/Co-operative_Societies_ETR.pdf,
phone,pass,Published phone: 0000002054 ,https://mpclg.gov.lk/web/images/divisions/Legal/Co-operative_Societies_ETR.pdf,
phone,pass,Published phone: 0000000174 ,https://mpclg.gov.lk/web/images/divisions/Legal/Co-operative_Societies_ETR.pdf,
phone,pass,Published phone: 0000002709 ,https://mpclg.gov.lk/web/images/divisions/Legal/Co-operative_Societies_ETR.pdf,
phone,pass,Published phone: 0000001123 ,https://mpclg.gov.lk/web/images/divisions/Legal/Co-operative_Societies_ETR.pdf,
phone,pass,Published phone: 0000001479 ,https://mpclg.gov.lk/web/images/divisions/Legal/Co-operative_Societies_ETR.pdf,
phone,pass,Published phone: 0000000880 ,https://mpclg.gov.lk/web/images/divisions/Legal/Co-operative_Societies_ETR.pdf,
phone,pass,Published phone: 0000001490 ,https://mpclg.gov.lk/web/images/divisions/Legal/Co-operative_Societies_ETR.pdf,
phone,pass,Published phone: 0000001146 ,https://mpclg.gov.lk/web/images/divisions/Legal/Co-operative_Societies_ETR.pdf,
phone,pass,Published phone: 0000002625 ,https://mpclg.gov.lk/web/images/divisions/Legal/Co-operative_Societies_ETR.pdf,
phone,pass,Published phone: 0000001851 ,https://mpclg.gov.lk/web/images/divisions/Legal/Co-operative_Societies_ETR.pdf,
phone,pass,Published phone: 0000000412 ,https://mpclg.gov.lk/web/images/divisions/Legal/Co-operative_Societies_ETR.pdf,
phone,pass,Published phone: 0000000510 ,https://mpclg.gov.lk/web/images/divisions/Legal/Co-operative_Societies_ETR.pdf,
phone,pass,Published phone: 0000000767 ,https://mpclg.gov.lk/web/images/divisions/Legal/Co-operative_Societies_ETR.pdf,
phone,pass,Published phone: 0000002057 ,https://mpclg.gov.lk/web/images/divisions/Legal/Co-operative_Societies_ETR.pdf,
phone,pass,Published phone: 0000000459 ,https://mpclg.gov.lk/web/images/divisions/Legal/Co-operative_Societies_ETR.pdf,
phone,pass,Published phone: 0000002492 ,https://mpclg.gov.lk/web/images/divisions/Legal/Co-operative_Societies_ETR.pdf,
phone,pass,Published phone: 0000001235 ,https://mpclg.gov.lk/web/images/divisions/Legal/Co-operative_Societies_ETR.pdf,
phone,pass,Published phone: 0000001034 ,https://mpclg.gov.lk/web/images/divisions/Legal/Co-operative_Societies_ETR.pdf,
phone,pass,Published phone: 0000001060 ,https://mpclg.gov.lk/web/images/divisions/Legal/Co-operative_Societies_ETR.pdf,
phone,pass,Published phone: 0000002475 ,https://mpclg.gov.lk/web/images/divisions/Legal/Co-operative_Societies_ETR.pdf,
phone,pass,Published phone: 0000002575 ,https://mpclg.gov.lk/web/images/divisions/Legal/Co-operative_Societies_ETR.pdf,
phone,pass,Published phone: 0000000323 ,https://mpclg.gov.lk/web/images/divisions/Legal/Co-operative_Societies_ETR.pdf,
phone,pass,Published phone: 0000001811 ,https://mpclg.gov.lk/web/images/divisions/Legal/Co-operative_Societies_ETR.pdf,
phone,pass,Published phone: 0000047055 ,https://mpclg.gov.lk/web/images/divisions/Legal/Co-operative_Societies_ETR.pdf,
phone,pass,Published phone: 0000000865 ,https://mpclg.gov.lk/web/images/divisions/Legal/Co-operative_Societies_ETR.pdf,
phone,pass,Published phone: 0000000448 ,https://mpclg.gov.lk/web/images/divisions/Legal/Co-operative_Societies_ETR.pdf,
phone,pass,Published phone: 0000000507 ,https://mpclg.gov.lk/web/images/divisions/Legal/Co-operative_Societies_ETR.pdf,
phone,pass,Published phone: 0000000684 ,https://mpclg.gov.lk/web/images/divisions/Legal/Co-operative_Societies_ETR.pdf,
phone,pass,Published phone: 0000001424 ,https://mpclg.gov.lk/web/images/divisions/Legal/Co-operative_Societies_ETR.pdf,
phone,pass,Published phone: 0000002375 ,https://mpclg.gov.lk/web/images/divisions/Legal/Co-operative_Societies_ETR.pdf,
phone,pass,Published phone: 0000001353 ,https://mpclg.gov.lk/web/images/divisions/Legal/Co-operative_Societies_ETR.pdf,
phone,pass,Published phone: 0000001143 ,https://mpclg.gov.lk/web/images/divisions/Legal/Co-operative_Societies_ETR.pdf,
phone,pass,Published phone: 0000001911 ,https://mpclg.gov.lk/web/images/divisions/Legal/Co-operative_Societies_ETR.pdf,
phone,pass,Published phone: 0000001409 ,https://mpclg.gov.lk/web/images/divisions/Legal/Co-operative_Societies_ETR.pdf,
phone,pass,Published phone: 0000001588 ,https://mpclg.gov.lk/web/images/divisions/Legal/Co-operative_Societies_ETR.pdf,
phone,pass,Published phone: 0000001948 ,https://mpclg.gov.lk/web/images/divisions/Legal/Co-operative_Societies_ETR.pdf,
phone,pass,Published phone: 0000002418 ,https://mpclg.gov.lk/web/images/divisions/Legal/Co-operative_Societies_ETR.pdf,
phone,pass,Published phone: 0 500 500 500 ,https://mpclg.gov.lk/web/images/divisions/Legal/Co-operative_Societies_ETR.pdf,
phone,pass,Published phone: 0000002385 ,https://mpclg.gov.lk/web/images/divisions/Legal/Co-operative_Societies_ETR.pdf,
phone,pass,Published phone: 0000002803 ,https://mpclg.gov.lk/web/images/divisions/Legal/Co-operative_Societies_ETR.pdf,
phone,pass,Published phone: 0000000189 ,https://mpclg.gov.lk/web/images/divisions/Legal/Co-operative_Societies_ETR.pdf,
phone,pass,Published phone: 0000000198 ,https://mpclg.gov.lk/web/images/divisions/Legal/Co-operative_Societies_ETR.pdf,
phone,pass,Published phone: 0000002182 ,https://mpclg.gov.lk/web/images/divisions/Legal/Co-operative_Societies_ETR.pdf,
phone,pass,Published phone: 0000002449 ,https://mpclg.gov.lk/web/images/divisions/Legal/Co-operative_Societies_ETR.pdf,
phone,pass,Published phone: 0000000932 ,https://mpclg.gov.lk/web/images/divisions/Legal/Co-operative_Societies_ETR.pdf,
phone,pass,Published phone: 0000000288 ,https://mpclg.gov.lk/web/images/divisions/Legal/Co-operative_Societies_ETR.pdf,
phone,pass,Published phone: 0000002118 ,https://mpclg.gov.lk/web/images/divisions/Legal/Co-operative_Societies_ETR.pdf,
phone,pass,Published phone: 0000002174 ,https://mpclg.gov.lk/web/images/divisions/Legal/Co-operative_Societies_ETR.pdf,
phone,pass,Published phone: 0000000270 ,https://mpclg.gov.lk/web/images/divisions/Legal/Co-operative_Societies_ETR.pdf,
phone,pass,Published phone: 0000001386 ,https://mpclg.gov.lk/web/images/divisions/Legal/Co-operative_Societies_ETR.pdf,
phone,pass,Published phone: 0000000542 ,https://mpclg.gov.lk/web/images/divisions/Legal/Co-operative_Societies_ETR.pdf,
phone,pass,Published phone: 0000002282 ,https://mpclg.gov.lk/web/images/divisions/Legal/Co-operative_Societies_ETR.pdf,
phone,pass,Published phone: 0000000823 ,https://mpclg.gov.lk/web/images/divisions/Legal/Co-operative_Societies_ETR.pdf,
phone,pass,Published phone: 0000002007 ,https://mpclg.gov.lk/web/images/divisions/Legal/Co-operative_Societies_ETR.pdf,
phone,pass,Published phone: 0000002661 ,https://mpclg.gov.lk/web/images/divisions/Legal/Co-operative_Societies_ETR.pdf,
phone,pass,Published phone: 0000001891 ,https://mpclg.gov.lk/web/images/divisions/Legal/Co-operative_Societies_ETR.pdf,
phone,pass,Published phone: 0000002055 ,https://mpclg.gov.lk/web/images/divisions/Legal/Co-operative_Societies_ETR.pdf,
phone,pass,Published phone: 0000000388 ,https://mpclg.gov.lk/web/images/divisions/Legal/Co-operative_Societies_ETR.pdf,
phone,pass,Published phone: 0000000606 ,https://mpclg.gov.lk/web/images/divisions/Legal/Co-operative_Societies_ETR.pdf,
phone,pass,Published phone: 0000002761 ,https://mpclg.gov.lk/web/images/divisions/Legal/Co-operative_Societies_ETR.pdf,
phone,pass,Published phone: 0000000917 ,https://mpclg.gov.lk/web/images/divisions/Legal/Co-operative_Societies_ETR.pdf,
phone,pass,Published phone: 0000000298 ,https://mpclg.gov.lk/web/images/divisions/Legal/Co-operative_Societies_ETR.pdf,
phone,pass,Published phone: 0000001750 ,https://mpclg.gov.lk/web/images/divisions/Legal/Co-operative_Societies_ETR.pdf,
phone,pass,Published phone: 0000002787 ,https://mpclg.gov.lk/web/images/divisions/Legal/Co-operative_Societies_ETR.pdf,
phone,pass,Published phone: 0000002434 ,https://mpclg.gov.lk/web/images/divisions/Legal/Co-operative_Societies_ETR.pdf,
phone,pass,Published phone: 0000000166 ,https://mpclg.gov.lk/web/images/divisions/Legal/Co-operative_Societies_ETR.pdf,
phone,pass,Published phone: 0000000244 ,https://mpclg.gov.lk/web/images/divisions/Legal/Co-operative_Societies_ETR.pdf,
phone,pass,Published phone: 0000001669 ,https://mpclg.gov.lk/web/images/divisions/Legal/Co-operative_Societies_ETR.pdf,
phone,pass,Published phone: 0000001429 ,https://mpclg.gov.lk/web/images/divisions/Legal/Co-operative_Societies_ETR.pdf,
phone,pass,Published phone: 0000002331 ,https://mpclg.gov.lk/web/images/divisions/Legal/Co-operative_Societies_ETR.pdf,
phone,pass,Published phone: 0000005818 ,https://mpclg.gov.lk/web/images/divisions/Legal/Co-operative_Societies_ETR.pdf,
phone,pass,Published phone: 0000000213 ,https://mpclg.gov.lk/web/images/divisions/Legal/Co-operative_Societies_ETR.pdf,
phone,pass,Published phone: 0000002183 ,https://mpclg.gov.lk/web/images/divisions/Legal/Co-operative_Societies_ETR.pdf,
phone,pass,Published phone: 0000001552 ,https://mpclg.gov.lk/web/images/divisions/Legal/Co-operative_Societies_ETR.pdf,
phone,pass,Published phone: 0000001604 ,https://mpclg.gov.lk/web/images/divisions/Legal/Co-operative_Societies_ETR.pdf,
phone,pass,Published phone: 0000002515 ,https://mpclg.gov.lk/web/images/divisions/Legal/Co-operative_Societies_ETR.pdf,
phone,pass,Published phone: 0000000879 ,https://mpclg.gov.lk/web/images/divisions/Legal/Co-operative_Societies_ETR.pdf,
phone,pass,Published phone: 0000002571 ,https://mpclg.gov.lk/web/images/divisions/Legal/Co-operative_Societies_ETR.pdf,
phone,pass,Published phone: 0000000929 ,https://mpclg.gov.lk/web/images/divisions/Legal/Co-operative_Societies_ETR.pdf,
phone,pass,Published phone: 0000001057 ,https://mpclg.gov.lk/web/images/divisions/Legal/Co-operative_Societies_ETR.pdf,
phone,pass,Published phone: 0000002160 ,https://mpclg.gov.lk/web/images/divisions/Legal/Co-operative_Societies_ETR.pdf,
phone,pass,Published phone: 0000002700 ,https://mpclg.gov.lk/web/images/divisions/Legal/Co-operative_Societies_ETR.pdf,
phone,pass,Published phone: 0000000225 ,https://mpclg.gov.lk/web/images/divisions/Legal/Co-operative_Societies_ETR.pdf,
phone,pass,Published phone: 0000000925 ,https://mpclg.gov.lk/web/images/divisions/Legal/Co-operative_Societies_ETR.pdf,
phone,pass,Published phone: 0000001066 ,https://mpclg.gov.lk/web/images/divisions/Legal/Co-operative_Societies_ETR.pdf,
phone,pass,Published phone: 0000001912 ,https://mpclg.gov.lk/web/images/divisions/Legal/Co-operative_Societies_ETR.pdf,
phone,pass,Published phone: 0000243508 ,https://mpclg.gov.lk/web/images/divisions/Legal/Co-operative_Societies_ETR.pdf,
phone,pass,Published phone: 0000000875 ,https://mpclg.gov.lk/web/images/divisions/Legal/Co-operative_Societies_ETR.pdf,
phone,pass,Published phone: 0000002321 ,https://mpclg.gov.lk/web/images/divisions/Legal/Co-operative_Societies_ETR.pdf,
phone,pass,Published phone: 0000001540 ,https://mpclg.gov.lk/web/images/divisions/Legal/Co-operative_Societies_ETR.pdf,
phone,pass,Published phone: 0000001441 ,https://mpclg.gov.lk/web/images/divisions/Legal/Co-operative_Societies_ETR.pdf,
phone,pass,Published phone: 0000000522 ,https://mpclg.gov.lk/web/images/divisions/Legal/Co-operative_Societies_ETR.pdf,
phone,pass,Published phone: 0000001134 ,https://mpclg.gov.lk/web/images/divisions/Legal/Co-operative_Societies_ETR.pdf,
phone,pass,Published phone: 0000001201 ,https://mpclg.gov.lk/web/images/divisions/Legal/Co-operative_Societies_ETR.pdf,
phone,pass,Published phone: 0000002622 ,https://mpclg.gov.lk/web/images/divisions/Legal/Co-operative_Societies_ETR.pdf,
phone,pass,Published phone: 0000002808 ,https://mpclg.gov.lk/web/images/divisions/Legal/Co-operative_Societies_ETR.pdf,
phone,pass,Published phone: 0000001335 ,https://mpclg.gov.lk/web/images/divisions/Legal/Co-operative_Societies_ETR.pdf,
phone,pass,Published phone: 0000002825 ,https://mpclg.gov.lk/web/images/divisions/Legal/Co-operative_Societies_ETR.pdf,
phone,pass,Published phone: 0000192235 ,https://mpclg.gov.lk/web/images/divisions/Legal/Co-operative_Societies_ETR.pdf,
phone,pass,Published phone: 0000000724 ,https://mpclg.gov.lk/web/images/divisions/Legal/Co-operative_Societies_ETR.pdf,
phone,pass,Published phone: 0000001377 ,https://mpclg.gov.lk/web/images/divisions/Legal/Co-operative_Societies_ETR.pdf,
phone,pass,Published phone: 0000000916 ,https://mpclg.gov.lk/web/images/divisions/Legal/Co-operative_Societies_ETR.pdf,
phone,pass,Published phone: 0000000451 ,https://mpclg.gov.lk/web/images/divisions/Legal/Co-operative_Societies_ETR.pdf,
phone,pass,Published phone: 0000002328 ,https://mpclg.gov.lk/web/images/divisions/Legal/Co-operative_Societies_ETR.pdf,
phone,pass,Published phone: 0000002610 ,https://mpclg.gov.lk/web/images/divisions/Legal/Co-operative_Societies_ETR.pdf,
phone,pass,Published phone: 0000000509 ,https://mpclg.gov.lk/web/images/divisions/Legal/Co-operative_Societies_ETR.pdf,
phone,pass,Published phone: 0000000376 ,https://mpclg.gov.lk/web/images/divisions/Legal/Co-operative_Societies_ETR.pdf,
phone,pass,Published phone: 0000002773 ,https://mpclg.gov.lk/web/images/divisions/Legal/Co-operative_Societies_ETR.pdf,
phone,pass,Published phone: 0000002758 ,https://mpclg.gov.lk/web/images/divisions/Legal/Co-operative_Societies_ETR.pdf,
phone,pass,Published phone: 0000000415 ,https://mpclg.gov.lk/web/images/divisions/Legal/Co-operative_Societies_ETR.pdf,
phone,pass,Published phone: 0000000766 ,https://mpclg.gov.lk/web/images/divisions/Legal/Co-operative_Societies_ETR.pdf,
phone,pass,Published phone: 0000000618 ,https://mpclg.gov.lk/web/images/divisions/Legal/Co-operative_Societies_ETR.pdf,
phone,pass,Published phone: 0000001192 ,https://mpclg.gov.lk/web/images/divisions/Legal/Co-operative_Societies_ETR.pdf,
phone,pass,Published phone: 0000000332 ,https://mpclg.gov.lk/web/images/divisions/Legal/Co-operative_Societies_ETR.pdf,
phone,pass,Published phone: 0000150966 ,https://mpclg.gov.lk/web/images/divisions/Legal/Co-operative_Societies_ETR.pdf,
phone,pass,Published phone: 0000001275 ,https://mpclg.gov.lk/web/images/divisions/Legal/Co-operative_Societies_ETR.pdf,
phone,pass,Published phone: 0000001564 ,https://mpclg.gov.lk/web/images/divisions/Legal/Co-operative_Societies_ETR.pdf,
phone,pass,Published phone: 0000000354 ,https://mpclg.gov.lk/web/images/divisions/Legal/Co-operative_Societies_ETR.pdf,
phone,pass,Published phone: 0000002171 ,https://mpclg.gov.lk/web/images/divisions/Legal/Co-operative_Societies_ETR.pdf,
phone,pass,Published phone: 0000002374 ,https://mpclg.gov.lk/web/images/divisions/Legal/Co-operative_Societies_ETR.pdf,
phone,pass,Published phone: 0000001922 ,https://mpclg.gov.lk/web/images/divisions/Legal/Co-operative_Societies_ETR.pdf,
phone,pass,Published phone: 0000000588 ,https://mpclg.gov.lk/web/images/divisions/Legal/Co-operative_Societies_ETR.pdf,
phone,pass,Published phone: 0000002402 ,https://mpclg.gov.lk/web/images/divisions/Legal/Co-operative_Societies_ETR.pdf,
phone,pass,Published phone: 0000001050 ,https://mpclg.gov.lk/web/images/divisions/Legal/Co-operative_Societies_ETR.pdf,
phone,pass,Published phone: 0000000707 ,https://mpclg.gov.lk/web/images/divisions/Legal/Co-operative_Societies_ETR.pdf,
phone,pass,Published phone: 0000214057 ,https://mpclg.gov.lk/web/images/divisions/Legal/Co-operative_Societies_ETR.pdf,
phone,pass,Published phone: 0000000928 ,https://mpclg.gov.lk/web/images/divisions/Legal/Co-operative_Societies_ETR.pdf,
phone,pass,Published phone: 0000001589 ,https://mpclg.gov.lk/web/images/divisions/Legal/Co-operative_Societies_ETR.pdf,
phone,pass,Published phone: 0000002126 ,https://mpclg.gov.lk/web/images/divisions/Legal/Co-operative_Societies_ETR.pdf,
phone,pass,Published phone: 0000001187 ,https://mpclg.gov.lk/web/images/divisions/Legal/Co-operative_Societies_ETR.pdf,
phone,pass,Published phone: 0000001879 ,https://mpclg.gov.lk/web/images/divisions/Legal/Co-operative_Societies_ETR.pdf,
phone,pass,Published phone: 0000002348 ,https://mpclg.gov.lk/web/images/divisions/Legal/Co-operative_Societies_ETR.pdf,
phone,pass,Published phone: 0000002284 ,https://mpclg.gov.lk/web/images/divisions/Legal/Co-operative_Societies_ETR.pdf,
phone,pass,Published phone: 0000001841 ,https://mpclg.gov.lk/web/images/divisions/Legal/Co-operative_Societies_ETR.pdf,
phone,pass,Published phone: 0000001400 ,https://mpclg.gov.lk/web/images/divisions/Legal/Co-operative_Societies_ETR.pdf,
phone,pass,Published phone: 0000000643 ,https://mpclg.gov.lk/web/images/divisions/Legal/Co-operative_Societies_ETR.pdf,
phone,pass,Published phone: 0000000389 ,https://mpclg.gov.lk/web/images/divisions/Legal/Co-operative_Societies_ETR.pdf,
phone,pass,Published phone: 0000000759 ,https://mpclg.gov.lk/web/images/divisions/Legal/Co-operative_Societies_ETR.pdf,
phone,pass,Published phone: 0000001687 ,https://mpclg.gov.lk/web/images/divisions/Legal/Co-operative_Societies_ETR.pdf,
phone,pass,Published phone: 0000000660 ,https://mpclg.gov.lk/web/images/divisions/Legal/Co-operative_Societies_ETR.pdf,
phone,pass,Published phone: 0000001701 ,https://mpclg.gov.lk/web/images/divisions/Legal/Co-operative_Societies_ETR.pdf,
phone,pass,Published phone: 0000001144 ,https://mpclg.gov.lk/web/images/divisions/Legal/Co-operative_Societies_ETR.pdf,
phone,pass,Published phone: 0000002412 ,https://mpclg.gov.lk/web/images/divisions/Legal/Co-operative_Societies_ETR.pdf,
phone,pass,Published phone: 0000002629 ,https://mpclg.gov.lk/web/images/divisions/Legal/Co-operative_Societies_ETR.pdf,
phone,pass,Published phone: 0000001080 ,https://mpclg.gov.lk/web/images/divisions/Legal/Co-operative_Societies_ETR.pdf,
phone,pass,Published phone: 0000000890 ,https://mpclg.gov.lk/web/images/divisions/Legal/Co-operative_Societies_ETR.pdf,
phone,pass,Published phone: 0000002623 ,https://mpclg.gov.lk/web/images/divisions/Legal/Co-operative_Societies_ETR.pdf,
phone,pass,Published phone: 0000001168 ,https://mpclg.gov.lk/web/images/divisions/Legal/Co-operative_Societies_ETR.pdf,
phone,pass,Published phone: 0000001862 ,https://mpclg.gov.lk/web/images/divisions/Legal/Co-operative_Societies_ETR.pdf,
phone,pass,Published phone: 0000001463 ,https://mpclg.gov.lk/web/images/divisions/Legal/Co-operative_Societies_ETR.pdf,
phone,pass,Published phone: 0000000436 ,https://mpclg.gov.lk/web/images/divisions/Legal/Co-operative_Societies_ETR.pdf,
phone,pass,Published phone: 0000000337 ,https://mpclg.gov.lk/web/images/divisions/Legal/Co-operative_Societies_ETR.pdf,
phone,pass,Published phone: 0000001347 ,https://mpclg.gov.lk/web/images/divisions/Legal/Co-operative_Societies_ETR.pdf,
phone,pass,Published phone: 0000001166 ,https://mpclg.gov.lk/web/images/divisions/Legal/Co-operative_Societies_ETR.pdf,
phone,pass,Published phone: 0000203232 ,https://mpclg.gov.lk/web/images/divisions/Legal/Co-operative_Societies_ETR.pdf,
phone,pass,Published phone: 0000000924 ,https://mpclg.gov.lk/web/images/divisions/Legal/Co-operative_Societies_ETR.pdf,
phone,pass,Published phone: 0000000517 ,https://mpclg.gov.lk/web/images/divisions/Legal/Co-operative_Societies_ETR.pdf,
phone,pass,Published phone: 0000000600 ,https://mpclg.gov.lk/web/images/divisions/Legal/Co-operative_Societies_ETR.pdf,
phone,pass,Published phone: 0000002569 ,https://mpclg.gov.lk/web/images/divisions/Legal/Co-operative_Societies_ETR.pdf,
phone,pass,Published phone: 0000001979 ,https://mpclg.gov.lk/web/images/divisions/Legal/Co-operative_Societies_ETR.pdf,
phone,pass,Published phone: 0000001285 ,https://mpclg.gov.lk/web/images/divisions/Legal/Co-operative_Societies_ETR.pdf,
phone,pass,Published phone: 0000002204 ,https://mpclg.gov.lk/web/images/divisions/Legal/Co-operative_Societies_ETR.pdf,
phone,pass,Published phone: 0000002195 ,https://mpclg.gov.lk/web/images/divisions/Legal/Co-operative_Societies_ETR.pdf,
phone,pass,Published phone: 0000001633 ,https://mpclg.gov.lk/web/images/divisions/Legal/Co-operative_Societies_ETR.pdf,
phone,pass,Published phone: 0000001726 ,https://mpclg.gov.lk/web/images/divisions/Legal/Co-operative_Societies_ETR.pdf,
phone,pass,Published phone: 0000002607 ,https://mpclg.gov.lk/web/images/divisions/Legal/Co-operative_Societies_ETR.pdf,
phone,pass,Published phone: 0000001574 ,https://mpclg.gov.lk/web/images/divisions/Legal/Co-operative_Societies_ETR.pdf,
phone,pass,Published phone: 0000001189 ,https://mpclg.gov.lk/web/images/divisions/Legal/Co-operative_Societies_ETR.pdf,
phone,pass,Published phone: 0000001772 ,https://mpclg.gov.lk/web/images/divisions/Legal/Co-operative_Societies_ETR.pdf,
phone,pass,Published phone: 0000000473 ,https://mpclg.gov.lk/web/images/divisions/Legal/Co-operative_Societies_ETR.pdf,
phone,pass,Published phone: 0000023322 ,https://mpclg.gov.lk/web/images/divisions/Legal/Co-operative_Societies_ETR.pdf,
phone,pass,Published phone: 0000001749 ,https://mpclg.gov.lk/web/images/divisions/Legal/Co-operative_Societies_ETR.pdf,
phone,pass,Published phone: 0000002806 ,https://mpclg.gov.lk/web/images/divisions/Legal/Co-operative_Societies_ETR.pdf,
phone,pass,Published phone: 0000002354 ,https://mpclg.gov.lk/web/images/divisions/Legal/Co-operative_Societies_ETR.pdf,
phone,pass,Published phone: 0000214321 ,https://mpclg.gov.lk/web/images/divisions/Legal/Co-operative_Societies_ETR.pdf,
phone,pass,Published phone: 0000002270 ,https://mpclg.gov.lk/web/images/divisions/Legal/Co-operative_Societies_ETR.pdf,
phone,pass,Published phone: 0000002002 ,https://mpclg.gov.lk/web/images/divisions/Legal/Co-operative_Societies_ETR.pdf,
phone,pass,Published phone: 0000000854 ,https://mpclg.gov.lk/web/images/divisions/Legal/Co-operative_Societies_ETR.pdf,
phone,pass,Published phone: 0000000940 ,https://mpclg.gov.lk/web/images/divisions/Legal/Co-operative_Societies_ETR.pdf,
phone,pass,Published phone: 0000000836 ,https://mpclg.gov.lk/web/images/divisions/Legal/Co-operative_Societies_ETR.pdf,
phone,pass,Published phone: 0000000983 ,https://mpclg.gov.lk/web/images/divisions/Legal/Co-operative_Societies_ETR.pdf,
phone,pass,Published phone: 0000001399 ,https://mpclg.gov.lk/web/images/divisions/Legal/Co-operative_Societies_ETR.pdf,
phone,pass,Published phone: 0000002846 ,https://mpclg.gov.lk/web/images/divisions/Legal/Co-operative_Societies_ETR.pdf,
phone,pass,Published phone: 0000000503 ,https://mpclg.gov.lk/web/images/divisions/Legal/Co-operative_Societies_ETR.pdf,
phone,pass,Published phone: 0000000471 ,https://mpclg.gov.lk/web/images/divisions/Legal/Co-operative_Societies_ETR.pdf,
phone,pass,Published phone: 0000001553 ,https://mpclg.gov.lk/web/images/divisions/Legal/Co-operative_Societies_ETR.pdf,
phone,pass,Published phone: 0000000460 ,https://mpclg.gov.lk/web/images/divisions/Legal/Co-operative_Societies_ETR.pdf,
phone,pass,Published phone: 0000000943 ,https://mpclg.gov.lk/web/images/divisions/Legal/Co-operative_Societies_ETR.pdf,
phone,pass,Published phone: 0000001584 ,https://mpclg.gov.lk/web/images/divisions/Legal/Co-operative_Societies_ETR.pdf,
phone,pass,Published phone: 0000000167 ,https://mpclg.gov.lk/web/images/divisions/Legal/Co-operative_Societies_ETR.pdf,
phone,pass,Published phone: 0000002775 ,https://mpclg.gov.lk/web/images/divisions/Legal/Co-operative_Societies_ETR.pdf,
phone,pass,Published phone: 0000001412 ,https://mpclg.gov.lk/web/images/divisions/Legal/Co-operative_Societies_ETR.pdf,
phone,pass,Published phone: 0000001106 ,https://mpclg.gov.lk/web/images/divisions/Legal/Co-operative_Societies_ETR.pdf,
phone,pass,Published phone: 0000000858 ,https://mpclg.gov.lk/web/images/divisions/Legal/Co-operative_Societies_ETR.pdf,
phone,pass,Published phone: 0000001065 ,https://mpclg.gov.lk/web/images/divisions/Legal/Co-operative_Societies_ETR.pdf,
phone,pass,Published phone: 0000002831 ,https://mpclg.gov.lk/web/images/divisions/Legal/Co-operative_Societies_ETR.pdf,
phone,pass,Published phone: 0000002730 ,https://mpclg.gov.lk/web/images/divisions/Legal/Co-operative_Societies_ETR.pdf,
phone,pass,Published phone: 0000001131 ,https://mpclg.gov.lk/web/images/divisions/Legal/Co-operative_Societies_ETR.pdf,
phone,pass,Published phone: 0000000251 ,https://mpclg.gov.lk/web/images/divisions/Legal/Co-operative_Societies_ETR.pdf,
phone,pass,Published phone: 0000002847 ,https://mpclg.gov.lk/web/images/divisions/Legal/Co-operative_Societies_ETR.pdf,
phone,pass,Published phone: 0000001838 ,https://mpclg.gov.lk/web/images/divisions/Legal/Co-operative_Societies_ETR.pdf,
phone,pass,Published phone: 0000000775 ,https://mpclg.gov.lk/web/images/divisions/Legal/Co-operative_Societies_ETR.pdf,
phone,pass,Published phone: 0000039831 ,https://mpclg.gov.lk/web/images/divisions/Legal/Co-operative_Societies_ETR.pdf,
phone,pass,Published phone: 0000001315 ,https://mpclg.gov.lk/web/images/divisions/Legal/Co-operative_Societies_ETR.pdf,
phone,pass,Published phone: 0000001043 ,https://mpclg.gov.lk/web/images/divisions/Legal/Co-operative_Societies_ETR.pdf,
phone,pass,Published phone: 0000000267 ,https://mpclg.gov.lk/web/images/divisions/Legal/Co-operative_Societies_ETR.pdf,
phone,pass,Published phone: 0000002246 ,https://mpclg.gov.lk/web/images/divisions/Legal/Co-operative_Societies_ETR.pdf,
phone,pass,Published phone: 0000001997 ,https://mpclg.gov.lk/web/images/divisions/Legal/Co-operative_Societies_ETR.pdf,
phone,pass,Published phone: 0000001209 ,https://mpclg.gov.lk/web/images/divisions/Legal/Co-operative_Societies_ETR.pdf,
phone,pass,Published phone: 0000001504 ,https://mpclg.gov.lk/web/images/divisions/Legal/Co-operative_Societies_ETR.pdf,
phone,pass,Published phone: 0000000531 ,https://mpclg.gov.lk/web/images/divisions/Legal/Co-operative_Societies_ETR.pdf,
phone,pass,Published phone: 0000002462 ,https://mpclg.gov.lk/web/images/divisions/Legal/Co-operative_Societies_ETR.pdf,
phone,pass,Published phone: 0000002585 ,https://mpclg.gov.lk/web/images/divisions/Legal/Co-operative_Societies_ETR.pdf,
phone,pass,Published phone: 0000000382 ,https://mpclg.gov.lk/web/images/divisions/Legal/Co-operative_Societies_ETR.pdf,
phone,pass,Published phone: 0000000809 ,https://mpclg.gov.lk/web/images/divisions/Legal/Co-operative_Societies_ETR.pdf,
phone,pass,Published phone: 0000000311 ,https://mpclg.gov.lk/web/images/divisions/Legal/Co-operative_Societies_ETR.pdf,
phone,pass,Published phone: 0000000866 ,https://mpclg.gov.lk/web/images/divisions/Legal/Co-operative_Societies_ETR.pdf,
phone,pass,Published phone: 0000001858 ,https://mpclg.gov.lk/web/images/divisions/Legal/Co-operative_Societies_ETR.pdf,
phone,pass,Published phone: 0000002603 ,https://mpclg.gov.lk/web/images/divisions/Legal/Co-operative_Societies_ETR.pdf,
phone,pass,Published phone: 0 0 0 0 0 0 556 0 ,https://mpclg.gov.lk/web/images/divisions/Legal/Co-operative_Societies_ETR.pdf,
phone,pass,Published phone: 0000001867 ,https://mpclg.gov.lk/web/images/divisions/Legal/Co-operative_Societies_ETR.pdf,
phone,pass,Published phone: 0000001977 ,https://mpclg.gov.lk/web/images/divisions/Legal/Co-operative_Societies_ETR.pdf,
phone,pass,Published phone: 0000000786 ,https://mpclg.gov.lk/web/images/divisions/Legal/Co-operative_Societies_ETR.pdf,
phone,pass,Published phone: 0000001988 ,https://mpclg.gov.lk/web/images/divisions/Legal/Co-operative_Societies_ETR.pdf,
phone,pass,Published phone: 0000002756 ,https://mpclg.gov.lk/web/images/divisions/Legal/Co-operative_Societies_ETR.pdf,
phone,pass,Published phone: 0000001240 ,https://mpclg.gov.lk/web/images/divisions/Legal/Co-operative_Societies_ETR.pdf,
phone,pass,Published phone: 0000002061 ,https://mpclg.gov.lk/web/images/divisions/Legal/Co-operative_Societies_ETR.pdf,
phone,pass,Published phone: 0000019525 ,https://mpclg.gov.lk/web/images/divisions/Legal/Co-operative_Societies_ETR.pdf,
phone,pass,Published phone: 0000001961 ,https://mpclg.gov.lk/web/images/divisions/Legal/Co-operative_Societies_ETR.pdf,
phone,pass,Published phone: 0000000804 ,https://mpclg.gov.lk/web/images/divisions/Legal/Co-operative_Societies_ETR.pdf,
phone,pass,Published phone: 0000002450 ,https://mpclg.gov.lk/web/images/divisions/Legal/Co-operative_Societies_ETR.pdf,
phone,pass,Published phone: 0000001610 ,https://mpclg.gov.lk/web/images/divisions/Legal/Co-operative_Societies_ETR.pdf,
phone,pass,Published phone: 0000001091 ,https://mpclg.gov.lk/web/images/divisions/Legal/Co-operative_Societies_ETR.pdf,
phone,pass,Published phone: 0000001930 ,https://mpclg.gov.lk/web/images/divisions/Legal/Co-operative_Societies_ETR.pdf,
phone,pass,Published phone: 0000002004 ,https://mpclg.gov.lk/web/images/divisions/Legal/Co-operative_Societies_ETR.pdf,
phone,pass,Published phone: 0000002463 ,https://mpclg.gov.lk/web/images/divisions/Legal/Co-operative_Societies_ETR.pdf,
phone,pass,Published phone: 0000000571 ,https://mpclg.gov.lk/web/images/divisions/Legal/Co-operative_Societies_ETR.pdf,
phone,pass,Published phone: 0000002263 ,https://mpclg.gov.lk/web/images/divisions/Legal/Co-operative_Societies_ETR.pdf,
phone,pass,Published phone: 0000000216 ,https://mpclg.gov.lk/web/images/divisions/Legal/Co-operative_Societies_ETR.pdf,
phone,pass,Published phone: 0000002794 ,https://mpclg.gov.lk/web/images/divisions/Legal/Co-operative_Societies_ETR.pdf,
phone,pass,Published phone: 0000001544 ,https://mpclg.gov.lk/web/images/divisions/Legal/Co-operative_Societies_ETR.pdf,
phone,pass,Published phone: 0000001411 ,https://mpclg.gov.lk/web/images/divisions/Legal/Co-operative_Societies_ETR.pdf,
phone,pass,Published phone: 0000002188 ,https://mpclg.gov.lk/web/images/divisions/Legal/Co-operative_Societies_ETR.pdf,
phone,pass,Published phone: 0000001241 ,https://mpclg.gov.lk/web/images/divisions/Legal/Co-operative_Societies_ETR.pdf,
phone,pass,Published phone: 0000050508 ,https://mpclg.gov.lk/web/images/divisions/Legal/Co-operative_Societies_ETR.pdf,
phone,pass,Published phone: 0000002474 ,https://mpclg.gov.lk/web/images/divisions/Legal/Co-operative_Societies_ETR.pdf,
phone,pass,Published phone: 0000002308 ,https://mpclg.gov.lk/web/images/divisions/Legal/Co-operative_Societies_ETR.pdf,
phone,pass,Published phone: 0000001032 ,https://mpclg.gov.lk/web/images/divisions/Legal/Co-operative_Societies_ETR.pdf,
phone,pass,Published phone: 0000001370 ,https://mpclg.gov.lk/web/images/divisions/Legal/Co-operative_Societies_ETR.pdf,
phone,pass,Published phone: 0000000662 ,https://mpclg.gov.lk/web/images/divisions/Legal/Co-operative_Societies_ETR.pdf,
phone,pass,Published phone: 0000000496 ,https://mpclg.gov.lk/web/images/divisions/Legal/Co-operative_Societies_ETR.pdf,
phone,pass,Published phone: 0000001139 ,https://mpclg.gov.lk/web/images/divisions/Legal/Co-operative_Societies_ETR.pdf,
phone,pass,Published phone: 0000000887 ,https://mpclg.gov.lk/web/images/divisions/Legal/Co-operative_Societies_ETR.pdf,
phone,pass,Published phone: 0000002269 ,https://mpclg.gov.lk/web/images/divisions/Legal/Co-operative_Societies_ETR.pdf,
phone,pass,Published phone: 0000001735 ,https://mpclg.gov.lk/web/images/divisions/Legal/Co-operative_Societies_ETR.pdf,
phone,pass,Published phone: 0000002736 ,https://mpclg.gov.lk/web/images/divisions/Legal/Co-operative_Societies_ETR.pdf,
phone,pass,Published phone: 0000001346 ,https://mpclg.gov.lk/web/images/divisions/Legal/Co-operative_Societies_ETR.pdf,
phone,pass,Published phone: 0000159511 ,https://mpclg.gov.lk/web/images/divisions/Legal/Co-operative_Societies_ETR.pdf,
phone,pass,Published phone: 0000000849 ,https://mpclg.gov.lk/web/images/divisions/Legal/Co-operative_Societies_ETR.pdf,
phone,pass,Published phone: 0000117314 ,https://mpclg.gov.lk/web/images/divisions/Legal/Co-operative_Societies_ETR.pdf,
phone,pass,Published phone: 0000000592 ,https://mpclg.gov.lk/web/images/divisions/Legal/Co-operative_Societies_ETR.pdf,
phone,pass,Published phone: 0000000394 ,https://mpclg.gov.lk/web/images/divisions/Legal/Co-operative_Societies_ETR.pdf,
phone,pass,Published phone: 0000000581 ,https://mpclg.gov.lk/web/images/divisions/Legal/Co-operative_Societies_ETR.pdf,
phone,pass,Published phone: 0000001119 ,https://mpclg.gov.lk/web/images/divisions/Legal/Co-operative_Societies_ETR.pdf,
phone,pass,Published phone: 0000000723 ,https://mpclg.gov.lk/web/images/divisions/Legal/Co-operative_Societies_ETR.pdf,
phone,pass,Published phone: 0000001800 ,https://mpclg.gov.lk/web/images/divisions/Legal/Co-operative_Societies_ETR.pdf,
phone,pass,Published phone: 0000002415 ,https://mpclg.gov.lk/web/images/divisions/Legal/Co-operative_Societies_ETR.pdf,
phone,pass,Published phone: 0000002509 ,https://mpclg.gov.lk/web/images/divisions/Legal/Co-operative_Societies_ETR.pdf,
phone,pass,Published phone: 0000001180 ,https://mpclg.gov.lk/web/images/divisions/Legal/Co-operative_Societies_ETR.pdf,
phone,pass,Published phone: 0000001100 ,https://mpclg.gov.lk/web/images/divisions/Legal/Co-operative_Societies_ETR.pdf,
phone,pass,Published phone: 0000087482 ,https://mpclg.gov.lk/web/images/divisions/Legal/Co-operative_Societies_ETR.pdf,
phone,pass,Published phone: 0000001506 ,https://mpclg.gov.lk/web/images/divisions/Legal/Co-operative_Societies_ETR.pdf,
phone,pass,Published phone: 0000002342 ,https://mpclg.gov.lk/web/images/divisions/Legal/Co-operative_Societies_ETR.pdf,
phone,pass,Published phone: 0000000339 ,https://mpclg.gov.lk/web/images/divisions/Legal/Co-operative_Societies_ETR.pdf,
phone,pass,Published phone: 0 833 714 611 ,https://mpclg.gov.lk/web/images/divisions/Legal/Co-operative_Societies_ETR.pdf,
phone,pass,Published phone: 0000000207 ,https://mpclg.gov.lk/web/images/divisions/Legal/Co-operative_Societies_ETR.pdf,
phone,pass,Published phone: 0000000416 ,https://mpclg.gov.lk/web/images/divisions/Legal/Co-operative_Societies_ETR.pdf,
phone,pass,Published phone: 0000002568 ,https://mpclg.gov.lk/web/images/divisions/Legal/Co-operative_Societies_ETR.pdf,
phone,pass,Published phone: 0000000300 ,https://mpclg.gov.lk/web/images/divisions/Legal/Co-operative_Societies_ETR.pdf,
phone,pass,Published phone: 0000002485 ,https://mpclg.gov.lk/web/images/divisions/Legal/Co-operative_Societies_ETR.pdf,
phone,pass,Published phone: 0000249608 ,https://mpclg.gov.lk/web/images/divisions/Legal/Co-operative_Societies_ETR.pdf,
phone,pass,Published phone: 0000001545 ,https://mpclg.gov.lk/web/images/divisions/Legal/Co-operative_Societies_ETR.pdf,
phone,pass,Published phone: 0000001219 ,https://mpclg.gov.lk/web/images/divisions/Legal/Co-operative_Societies_ETR.pdf,
phone,pass,Published phone: 0000002311 ,https://mpclg.gov.lk/web/images/divisions/Legal/Co-operative_Societies_ETR.pdf,
phone,pass,Published phone: 0000000690 ,https://mpclg.gov.lk/web/images/divisions/Legal/Co-operative_Societies_ETR.pdf,
phone,pass,Published phone: 0000000768 ,https://mpclg.gov.lk/web/images/divisions/Legal/Co-operative_Societies_ETR.pdf,
phone,pass,Published phone: 0000000612 ,https://mpclg.gov.lk/web/images/divisions/Legal/Co-operative_Societies_ETR.pdf,
phone,pass,Published phone: 0000001179 ,https://mpclg.gov.lk/web/images/divisions/Legal/Co-operative_Societies_ETR.pdf,
phone,pass,Published phone: 0000002325 ,https://mpclg.gov.lk/web/images/divisions/Legal/Co-operative_Societies_ETR.pdf,
phone,pass,Published phone: 0000000689 ,https://mpclg.gov.lk/web/images/divisions/Legal/Co-operative_Societies_ETR.pdf,
phone,pass,Published phone: 0000001161 ,https://mpclg.gov.lk/web/images/divisions/Legal/Co-operative_Societies_ETR.pdf,
phone,pass,Published phone: 0000001801 ,https://mpclg.gov.lk/web/images/divisions/Legal/Co-operative_Societies_ETR.pdf,
phone,pass,Published phone: 0000002841 ,https://mpclg.gov.lk/web/images/divisions/Legal/Co-operative_Societies_ETR.pdf,
phone,pass,Published phone: 0000001255 ,https://mpclg.gov.lk/web/images/divisions/Legal/Co-operative_Societies_ETR.pdf,
phone,pass,Published phone: 0000000446 ,https://mpclg.gov.lk/web/images/divisions/Legal/Co-operative_Societies_ETR.pdf,
phone,pass,Published phone: 0000001213 ,https://mpclg.gov.lk/web/images/divisions/Legal/Co-operative_Societies_ETR.pdf,
phone,pass,Published phone: 0000001307 ,https://mpclg.gov.lk/web/images/divisions/Legal/Co-operative_Societies_ETR.pdf,
phone,pass,Published phone: 0000001515 ,https://mpclg.gov.lk/web/images/divisions/Legal/Co-operative_Societies_ETR.pdf,
phone,pass,Published phone: 0000000650 ,https://mpclg.gov.lk/web/images/divisions/Legal/Co-operative_Societies_ETR.pdf,
phone,pass,Published phone: 0000002236 ,https://mpclg.gov.lk/web/images/divisions/Legal/Co-operative_Societies_ETR.pdf,
phone,pass,Published phone: 0000002716 ,https://mpclg.gov.lk/web/images/divisions/Legal/Co-operative_Societies_ETR.pdf,
phone,pass,Published phone: 0000000794 ,https://mpclg.gov.lk/web/images/divisions/Legal/Co-operative_Societies_ETR.pdf,
phone,pass,Published phone: 0000002259 ,https://mpclg.gov.lk/web/images/divisions/Legal/Co-operative_Societies_ETR.pdf,
phone,pass,Published phone: 0000001324 ,https://mpclg.gov.lk/web/images/divisions/Legal/Co-operative_Societies_ETR.pdf,
phone,pass,Published phone: 0000000258 ,https://mpclg.gov.lk/web/images/divisions/Legal/Co-operative_Societies_ETR.pdf,
phone,pass,Published phone: 0000001160 ,https://mpclg.gov.lk/web/images/divisions/Legal/Co-operative_Societies_ETR.pdf,
phone,pass,Published phone: 0000001297 ,https://mpclg.gov.lk/web/images/divisions/Legal/Co-operative_Societies_ETR.pdf,
phone,pass,Published phone: 0000000315 ,https://mpclg.gov.lk/web/images/divisions/Legal/Co-operative_Societies_ETR.pdf,
phone,pass,Published phone: 0000002172 ,https://mpclg.gov.lk/web/images/divisions/Legal/Co-operative_Societies_ETR.pdf,
phone,pass,Published phone: 0000120743 ,https://mpclg.gov.lk/web/images/divisions/Legal/Co-operative_Societies_ETR.pdf,
phone,pass,Published phone: 0000000556 ,https://mpclg.gov.lk/web/images/divisions/Legal/Co-operative_Societies_ETR.pdf,
phone,pass,Published phone: 0000001237 ,https://mpclg.gov.lk/web/images/divisions/Legal/Co-operative_Societies_ETR.pdf,
phone,pass,Published phone: 0000177807 ,https://mpclg.gov.lk/web/images/divisions/Legal/Co-operative_Societies_ETR.pdf,
phone,pass,Published phone: 0000002668 ,https://mpclg.gov.lk/web/images/divisions/Legal/Co-operative_Societies_ETR.pdf,
phone,pass,Published phone: 0 337 333 0 61,https://mpclg.gov.lk/web/images/divisions/Legal/Co-operative_Societies_ETR.pdf,
phone,pass,Published phone: 0000000799 ,https://mpclg.gov.lk/web/images/divisions/Legal/Co-operative_Societies_ETR.pdf,
phone,pass,Published phone: 0000113682 ,https://mpclg.gov.lk/web/images/divisions/Legal/Co-operative_Societies_ETR.pdf,
phone,pass,Published phone: 0000000877 ,https://mpclg.gov.lk/web/images/divisions/Legal/Co-operative_Societies_ETR.pdf,
phone,pass,Published phone: 0000001842 ,https://mpclg.gov.lk/web/images/divisions/Legal/Co-operative_Societies_ETR.pdf,
phone,pass,Published phone: 0000002442 ,https://mpclg.gov.lk/web/images/divisions/Legal/Co-operative_Societies_ETR.pdf,
phone,pass,Published phone: 0000002139 ,https://mpclg.gov.lk/web/images/divisions/Legal/Co-operative_Societies_ETR.pdf,
phone,pass,Published phone: 0000000718 ,https://mpclg.gov.lk/web/images/divisions/Legal/Co-operative_Societies_ETR.pdf,
phone,pass,Published phone: 0000001705 ,https://mpclg.gov.lk/web/images/divisions/Legal/Co-operative_Societies_ETR.pdf,
phone,pass,Published phone: 0000002448 ,https://mpclg.gov.lk/web/images/divisions/Legal/Co-operative_Societies_ETR.pdf,
phone,pass,Published phone: 0000001289 ,https://mpclg.gov.lk/web/images/divisions/Legal/Co-operative_Societies_ETR.pdf,
phone,pass,Published phone: 0000000196 ,https://mpclg.gov.lk/web/images/divisions/Legal/Co-operative_Societies_ETR.pdf,
phone,pass,Published phone: 0000002051 ,https://mpclg.gov.lk/web/images/divisions/Legal/Co-operative_Societies_ETR.pdf,
phone,pass,Published phone: 0000002345 ,https://mpclg.gov.lk/web/images/divisions/Legal/Co-operative_Societies_ETR.pdf,
phone,pass,Published phone: 0000002711 ,https://mpclg.gov.lk/web/images/divisions/Legal/Co-operative_Societies_ETR.pdf,
phone,pass,Published phone: 0000031302 ,https://mpclg.gov.lk/web/images/divisions/Legal/Co-operative_Societies_ETR.pdf,
phone,pass,Published phone: 0000401806 ,https://mpclg.gov.lk/web/images/divisions/Legal/Co-operative_Societies_ETR.pdf,
phone,pass,Published phone: 0000104896 ,https://mpclg.gov.lk/web/images/divisions/Legal/Co-operative_Societies_ETR.pdf,
phone,pass,Published phone: 0000061658 ,https://mpclg.gov.lk/web/images/divisions/Legal/Co-operative_Societies_ETR.pdf,
phone,pass,Published phone: 0000002486 ,https://mpclg.gov.lk/web/images/divisions/Legal/Co-operative_Societies_ETR.pdf,
phone,pass,Published phone: 0000002646 ,https://mpclg.gov.lk/web/images/divisions/Legal/Co-operative_Societies_ETR.pdf,
phone,pass,Published phone: 0000002784 ,https://mpclg.gov.lk/web/images/divisions/Legal/Co-operative_Societies_ETR.pdf,
phone,pass,Published phone: 0000001702 ,https://mpclg.gov.lk/web/images/divisions/Legal/Co-operative_Societies_ETR.pdf,
phone,pass,Published phone: 0000001885 ,https://mpclg.gov.lk/web/images/divisions/Legal/Co-operative_Societies_ETR.pdf,
phone,pass,Published phone: 0000002615 ,https://mpclg.gov.lk/web/images/divisions/Legal/Co-operative_Societies_ETR.pdf,
phone,pass,Published phone: 0000000992 ,https://mpclg.gov.lk/web/images/divisions/Legal/Co-operative_Societies_ETR.pdf,
phone,pass,Published phone: 0000002151 ,https://mpclg.gov.lk/web/images/divisions/Legal/Co-operative_Societies_ETR.pdf,
phone,pass,Published phone: 0000001214 ,https://mpclg.gov.lk/web/images/divisions/Legal/Co-operative_Societies_ETR.pdf,
phone,pass,Published phone: 0000001025 ,https://mpclg.gov.lk/web/images/divisions/Legal/Co-operative_Societies_ETR.pdf,
phone,pass,Published phone: 0000001175 ,https://mpclg.gov.lk/web/images/divisions/Legal/Co-operative_Societies_ETR.pdf,
phone,pass,Published phone: 0000001300 ,https://mpclg.gov.lk/web/images/divisions/Legal/Co-operative_Societies_ETR.pdf,
phone,pass,Published phone: 0000000246 ,https://mpclg.gov.lk/web/images/divisions/Legal/Co-operative_Societies_ETR.pdf,
phone,pass,Published phone: 0000001969 ,https://mpclg.gov.lk/web/images/divisions/Legal/Co-operative_Societies_ETR.pdf,
phone,pass,Published phone: 0000002797 ,https://mpclg.gov.lk/web/images/divisions/Legal/Co-operative_Societies_ETR.pdf,
phone,pass,Published phone: 0000001024 ,https://mpclg.gov.lk/web/images/divisions/Legal/Co-operative_Societies_ETR.pdf,
phone,pass,Published phone: 0000001843 ,https://mpclg.gov.lk/web/images/divisions/Legal/Co-operative_Societies_ETR.pdf,
phone,pass,Published phone: 0000002459 ,https://mpclg.gov.lk/web/images/divisions/Legal/Co-operative_Societies_ETR.pdf,
phone,pass,Published phone: 0000002523 ,https://mpclg.gov.lk/web/images/divisions/Legal/Co-operative_Societies_ETR.pdf,
phone,pass,Published phone: 0000002231 ,https://mpclg.gov.lk/web/images/divisions/Legal/Co-operative_Societies_ETR.pdf,
phone,pass,Published phone: 0000000305 ,https://mpclg.gov.lk/web/images/divisions/Legal/Co-operative_Societies_ETR.pdf,
phone,pass,Published phone: 0000001333 ,https://mpclg.gov.lk/web/images/divisions/Legal/Co-operative_Societies_ETR.pdf,
phone,pass,Published phone: 0000002471 ,https://mpclg.gov.lk/web/images/divisions/Legal/Co-operative_Societies_ETR.pdf,
phone,pass,Published phone: 0000000331 ,https://mpclg.gov.lk/web/images/divisions/Legal/Co-operative_Societies_ETR.pdf,
phone,pass,Published phone: 0000000192 ,https://mpclg.gov.lk/web/images/divisions/Legal/Co-operative_Societies_ETR.pdf,
phone,pass,Published phone: 0000001899 ,https://mpclg.gov.lk/web/images/divisions/Legal/Co-operative_Societies_ETR.pdf,
phone,pass,Published phone: 0000002185 ,https://mpclg.gov.lk/web/images/divisions/Legal/Co-operative_Societies_ETR.pdf,
phone,pass,Published phone: 0000002799 ,https://mpclg.gov.lk/web/images/divisions/Legal/Co-operative_Societies_ETR.pdf,
phone,pass,Published phone: 0000001415 ,https://mpclg.gov.lk/web/images/divisions/Legal/Co-operative_Societies_ETR.pdf,
phone,pass,Published phone: 0000002376 ,https://mpclg.gov.lk/web/images/divisions/Legal/Co-operative_Societies_ETR.pdf,
phone,pass,Published phone: 0000000424 ,https://mpclg.gov.lk/web/images/divisions/Legal/Co-operative_Societies_ETR.pdf,
phone,pass,Published phone: 0000000252 ,https://mpclg.gov.lk/web/images/divisions/Legal/Co-operative_Societies_ETR.pdf,
phone,pass,Published phone: 0000002030 ,https://mpclg.gov.lk/web/images/divisions/Legal/Co-operative_Societies_ETR.pdf,
phone,pass,Published phone: 0000000357 ,https://mpclg.gov.lk/web/images/divisions/Legal/Co-operative_Societies_ETR.pdf,
phone,pass,Published phone: 0000002740 ,https://mpclg.gov.lk/web/images/divisions/Legal/Co-operative_Societies_ETR.pdf,
phone,pass,Published phone: 0000000362 ,https://mpclg.gov.lk/web/images/divisions/Legal/Co-operative_Societies_ETR.pdf,
phone,pass,Published phone: 0000001624 ,https://mpclg.gov.lk/web/images/divisions/Legal/Co-operative_Societies_ETR.pdf,
phone,pass,Published phone: 0000000923 ,https://mpclg.gov.lk/web/images/divisions/Legal/Co-operative_Societies_ETR.pdf,
phone,pass,Published phone: 0000001154 ,https://mpclg.gov.lk/web/images/divisions/Legal/Co-operative_Societies_ETR.pdf,
phone,pass,Published phone: 0000000519 ,https://mpclg.gov.lk/web/images/divisions/Legal/Co-operative_Societies_ETR.pdf,
phone,pass,Published phone: 0000002838 ,https://mpclg.gov.lk/web/images/divisions/Legal/Co-operative_Societies_ETR.pdf,
phone,pass,Published phone: 0000001271 ,https://mpclg.gov.lk/web/images/divisions/Legal/Co-operative_Societies_ETR.pdf,
phone,pass,Published phone: 0000000411 ,https://mpclg.gov.lk/web/images/divisions/Legal/Co-operative_Societies_ETR.pdf,
phone,pass,Published phone: 0000000871 ,https://mpclg.gov.lk/web/images/divisions/Legal/Co-operative_Societies_ETR.pdf,
phone,pass,Published phone: 0000000488 ,https://mpclg.gov.lk/web/images/divisions/Legal/Co-operative_Societies_ETR.pdf,
phone,pass,Published phone: 0 0 606 1000 8,https://mpclg.gov.lk/web/images/divisions/Legal/Co-operative_Societies_ETR.pdf,
phone,pass,Published phone: 0000001054 ,https://mpclg.gov.lk/web/images/divisions/Legal/Co-operative_Societies_ETR.pdf,
phone,pass,Published phone: 0000001403 ,https://mpclg.gov.lk/web/images/divisions/Legal/Co-operative_Societies_ETR.pdf,
phone,pass,Published phone: 0000001233 ,https://mpclg.gov.lk/web/images/divisions/Legal/Co-operative_Societies_ETR.pdf,
phone,pass,Published phone: 0000002721 ,https://mpclg.gov.lk/web/images/divisions/Legal/Co-operative_Societies_ETR.pdf,
phone,pass,Published phone: 0000002561 ,https://mpclg.gov.lk/web/images/divisions/Legal/Co-operative_Societies_ETR.pdf,
phone,pass,Published phone: 0000001915 ,https://mpclg.gov.lk/web/images/divisions/Legal/Co-operative_Societies_ETR.pdf,
phone,pass,Published phone: 0000001729 ,https://mpclg.gov.lk/web/images/divisions/Legal/Co-operative_Societies_ETR.pdf,
phone,pass,Published phone: 0000000813 ,https://mpclg.gov.lk/web/images/divisions/Legal/Co-operative_Societies_ETR.pdf,
phone,pass,Published phone: 0000002128 ,https://mpclg.gov.lk/web/images/divisions/Legal/Co-operative_Societies_ETR.pdf,
phone,pass,Published phone: 0000000988 ,https://mpclg.gov.lk/web/images/divisions/Legal/Co-operative_Societies_ETR.pdf,
phone,pass,Published phone: 0000001301 ,https://mpclg.gov.lk/web/images/divisions/Legal/Co-operative_Societies_ETR.pdf,
phone,pass,Published phone: 0000002205 ,https://mpclg.gov.lk/web/images/divisions/Legal/Co-operative_Societies_ETR.pdf,
phone,pass,Published phone: 0000001475 ,https://mpclg.gov.lk/web/images/divisions/Legal/Co-operative_Societies_ETR.pdf,
phone,pass,Published phone: 0000002351 ,https://mpclg.gov.lk/web/images/divisions/Legal/Co-operative_Societies_ETR.pdf,
phone,pass,Published phone: 0000000248 ,https://mpclg.gov.lk/web/images/divisions/Legal/Co-operative_Societies_ETR.pdf,
phone,pass,Published phone: 0000002500 ,https://mpclg.gov.lk/web/images/divisions/Legal/Co-operative_Societies_ETR.pdf,
phone,pass,Published phone: 0000001002 ,https://mpclg.gov.lk/web/images/divisions/Legal/Co-operative_Societies_ETR.pdf,
phone,pass,Published phone: 0000001933 ,https://mpclg.gov.lk/web/images/divisions/Legal/Co-operative_Societies_ETR.pdf,
phone,pass,Published phone: 0000001892 ,https://mpclg.gov.lk/web/images/divisions/Legal/Co-operative_Societies_ETR.pdf,
phone,pass,Published phone: 0000000363 ,https://mpclg.gov.lk/web/images/divisions/Legal/Co-operative_Societies_ETR.pdf,
phone,pass,Published phone: 0000001878 ,https://mpclg.gov.lk/web/images/divisions/Legal/Co-operative_Societies_ETR.pdf,
phone,pass,Published phone: 0000001782 ,https://mpclg.gov.lk/web/images/divisions/Legal/Co-operative_Societies_ETR.pdf,
phone,pass,Published phone: 0000000302 ,https://mpclg.gov.lk/web/images/divisions/Legal/Co-operative_Societies_ETR.pdf,
phone,pass,Published phone: 0000002572 ,https://mpclg.gov.lk/web/images/divisions/Legal/Co-operative_Societies_ETR.pdf,
phone,pass,Published phone: 0000000299 ,https://mpclg.gov.lk/web/images/divisions/Legal/Co-operative_Societies_ETR.pdf,
phone,pass,Published phone: 0000002566 ,https://mpclg.gov.lk/web/images/divisions/Legal/Co-operative_Societies_ETR.pdf,
phone,pass,Published phone: 0000001873 ,https://mpclg.gov.lk/web/images/divisions/Legal/Co-operative_Societies_ETR.pdf,
phone,pass,Published phone: 0000000185 ,https://mpclg.gov.lk/web/images/divisions/Legal/Co-operative_Societies_ETR.pdf,
phone,pass,Published phone: 0000128533 ,https://mpclg.gov.lk/web/images/divisions/Legal/Co-operative_Societies_ETR.pdf,
phone,pass,Published phone: 0000000324 ,https://mpclg.gov.lk/web/images/divisions/Legal/Co-operative_Societies_ETR.pdf,
phone,pass,Published phone: 0000000803 ,https://mpclg.gov.lk/web/images/divisions/Legal/Co-operative_Societies_ETR.pdf,
phone,pass,Published phone: 0000001239 ,https://mpclg.gov.lk/web/images/divisions/Legal/Co-operative_Societies_ETR.pdf,
page_text,pass,Substantive page content: 451965 visible characters across 14 pages,https://mpclg.gov.lk/,
