check,status,detail,source,observed_at
dns,pass,Public DNS resolved,,2026-09-08T23:34:36.519311+05:30
domain_registration,error,Domain is absent from RDAP,,2026-09-08T23:34:36.519328+05:30
tls,pass,TLS certificate valid,,2026-09-08T23:34:36.542805+05:30
http,fail,Probe 1: HTTP 500 at https://www.ugc.ac.lk/,https://www.ugc.ac.lk/,2026-09-08T23:37:29.976360+05:30
http,error,Probe 2: timed out,http://www.ugc.ac.lk/,2026-09-08T23:37:29.976385+05:30
http,fail,Probe 3: HTTP 500 at https://www.ugc.ac.lk/,https://www.ugc.ac.lk/,2026-09-08T23:37:29.976388+05:30
http,error,Probe 4: timed out,http://www.ugc.ac.lk/,2026-09-08T23:37:29.976391+05:30
http,pass,Probe 5: HTTP 200 at https://www.ugc.ac.lk/downloads/Standing%20Committees/2026%20SC%20Meeting%20Schedule.pdf,https://www.ugc.ac.lk/downloads/Standing%20Committees/2026%20SC%20Meeting%20Schedule.pdf,2026-09-08T23:37:29.976394+05:30
http,pass,Probe 6: HTTP 200 at https://www.ugc.ac.lk/downloads/admissions/SpecimenForm/2025-2026/Appeals_Form.pdf,https://www.ugc.ac.lk/downloads/admissions/SpecimenForm/2025-2026/Appeals_Form.pdf,2026-09-08T23:37:29.976397+05:30
http,pass,Probe 7: HTTP 200 at https://www.ugc.ac.lk/downloads/admissions/SpecimenForm/2025-2026/Extra_Curricular_Activities.pdf,https://www.ugc.ac.lk/downloads/admissions/SpecimenForm/2025-2026/Extra_Curricular_Activities.pdf,2026-09-08T23:37:29.976399+05:30
http,pass,Probe 8: HTTP 200 at https://www.ugc.ac.lk/downloads/admissions/SpecimenForm/2025-2026/Blind_Differently_Abled.pdf,https://www.ugc.ac.lk/downloads/admissions/SpecimenForm/2025-2026/Blind_Differently_Abled.pdf,2026-09-08T23:37:29.976402+05:30
http,pass,Probe 9: HTTP 200 at https://www.ugc.ac.lk/downloads/admissions/FAQ/Sinhala.pdf,https://www.ugc.ac.lk/downloads/admissions/FAQ/Sinhala.pdf,2026-09-08T23:37:29.976404+05:30
http,pass,Probe 10: HTTP 200 at https://www.ugc.ac.lk/downloads/admissions/FAQ/Tamil.pdf,https://www.ugc.ac.lk/downloads/admissions/FAQ/Tamil.pdf,2026-09-08T23:37:29.976407+05:30
http,pass,Probe 11: HTTP 200 at https://ugc.ac.lk/attachments/2750_University%20Ambassador%20Registration%20Form-2026%20Sinhala.pdf,https://ugc.ac.lk/attachments/2750_University%20Ambassador%20Registration%20Form-2026%20Sinhala.pdf,2026-09-08T23:37:29.976410+05:30
http,pass,Probe 12: HTTP 200 at https://ugc.ac.lk/selection_26/,https://ugc.ac.lk/selection_26/,2026-09-08T23:37:29.976412+05:30
http,pass,Probe 13: HTTP 200 at https://www.ugc.ac.lk/downloads/admissions/student_registration_25_26/First%20Instruction_%202025-2026.pdf,https://www.ugc.ac.lk/downloads/admissions/student_registration_25_26/First Instruction_ 2025-2026.pdf,2026-09-08T23:37:29.976415+05:30
http,pass,Probe 14: HTTP 200 at https://www.ugc.ac.lk/downloads/admissions/SpecialNotice/SLC_Notice21_22.pdf,https://www.ugc.ac.lk/downloads/admissions/SpecialNotice/SLC_Notice21_22.pdf,2026-09-08T23:37:29.976417+05:30
phone,pass,Published phone: +94-112687510 ,https://www.ugc.ac.lk/,
phone,pass,Published phone: +94-112687637 ,https://www.ugc.ac.lk/,
named_responsibility,pass,Published named responsibility: director,https://www.ugc.ac.lk/,
legal_basis,pass,Published legal basis: circular,https://www.ugc.ac.lk/,
downloadable_form,pass,Published downloadable form: https://www.ugc.ac.lk/downloads/admissions/SpecialNotice/SLC_Notice21_22.pdf,https://www.ugc.ac.lk/,
phone,pass,Published phone: +94-112687510 ,https://www.ugc.ac.lk/,
phone,pass,Published phone: +94-112687637 ,https://www.ugc.ac.lk/,
named_responsibility,pass,Published named responsibility: director,https://www.ugc.ac.lk/,
legal_basis,pass,Published legal basis: circular,https://www.ugc.ac.lk/,
downloadable_form,pass,Published downloadable form: https://www.ugc.ac.lk/downloads/admissions/SpecialNotice/SLC_Notice21_22.pdf,https://www.ugc.ac.lk/,
phone,pass,Published phone: 0000000066 ,https://www.ugc.ac.lk/downloads/Standing%20Committees/2026%20SC%20Meeting%20Schedule.pdf,
phone,pass,Published phone: 0000000101 ,https://www.ugc.ac.lk/downloads/Standing%20Committees/2026%20SC%20Meeting%20Schedule.pdf,
phone,pass,Published phone: 0000000183 ,https://www.ugc.ac.lk/downloads/Standing%20Committees/2026%20SC%20Meeting%20Schedule.pdf,
phone,pass,Published phone: 0000000398 ,https://www.ugc.ac.lk/downloads/Standing%20Committees/2026%20SC%20Meeting%20Schedule.pdf,
phone,pass,Published phone: 0000000491 ,https://www.ugc.ac.lk/downloads/Standing%20Committees/2026%20SC%20Meeting%20Schedule.pdf,
phone,pass,Published phone: 0000000293 ,https://www.ugc.ac.lk/downloads/Standing%20Committees/2026%20SC%20Meeting%20Schedule.pdf,
phone,pass,Published phone: 0000000378 ,https://www.ugc.ac.lk/downloads/Standing%20Committees/2026%20SC%20Meeting%20Schedule.pdf,
phone,pass,Published phone: 0000000434 ,https://www.ugc.ac.lk/downloads/Standing%20Committees/2026%20SC%20Meeting%20Schedule.pdf,
phone,pass,Published phone: 0000000291 ,https://www.ugc.ac.lk/downloads/Standing%20Committees/2026%20SC%20Meeting%20Schedule.pdf,
phone,pass,Published phone: 0000000180 ,https://www.ugc.ac.lk/downloads/Standing%20Committees/2026%20SC%20Meeting%20Schedule.pdf,
phone,pass,Published phone: 0000000071 ,https://www.ugc.ac.lk/downloads/Standing%20Committees/2026%20SC%20Meeting%20Schedule.pdf,
phone,pass,Published phone: 0000000088 ,https://www.ugc.ac.lk/downloads/Standing%20Committees/2026%20SC%20Meeting%20Schedule.pdf,
phone,pass,Published phone: 0000000126 ,https://www.ugc.ac.lk/downloads/Standing%20Committees/2026%20SC%20Meeting%20Schedule.pdf,
phone,pass,Published phone: 0000000017 ,https://www.ugc.ac.lk/downloads/Standing%20Committees/2026%20SC%20Meeting%20Schedule.pdf,
phone,pass,Published phone: 0000000428 ,https://www.ugc.ac.lk/downloads/Standing%20Committees/2026%20SC%20Meeting%20Schedule.pdf,
phone,pass,Published phone: 0000000463 ,https://www.ugc.ac.lk/downloads/Standing%20Committees/2026%20SC%20Meeting%20Schedule.pdf,
phone,pass,Published phone: 0000000569 ,https://www.ugc.ac.lk/downloads/Standing%20Committees/2026%20SC%20Meeting%20Schedule.pdf,
phone,pass,Published phone: 0000000287 ,https://www.ugc.ac.lk/downloads/Standing%20Committees/2026%20SC%20Meeting%20Schedule.pdf,
phone,pass,Published phone: 0000000358 ,https://www.ugc.ac.lk/downloads/Standing%20Committees/2026%20SC%20Meeting%20Schedule.pdf,
phone,pass,Published phone: 0000000492 ,https://www.ugc.ac.lk/downloads/Standing%20Committees/2026%20SC%20Meeting%20Schedule.pdf,
phone,pass,Published phone: 0000000282 ,https://www.ugc.ac.lk/downloads/Standing%20Committees/2026%20SC%20Meeting%20Schedule.pdf,
phone,pass,Published phone: 0000000397 ,https://www.ugc.ac.lk/downloads/Standing%20Committees/2026%20SC%20Meeting%20Schedule.pdf,
phone,pass,Published phone: 0000000055 ,https://www.ugc.ac.lk/downloads/Standing%20Committees/2026%20SC%20Meeting%20Schedule.pdf,
phone,pass,Published phone: 0000000195 ,https://www.ugc.ac.lk/downloads/Standing%20Committees/2026%20SC%20Meeting%20Schedule.pdf,
phone,pass,Published phone: 0000000349 ,https://www.ugc.ac.lk/downloads/Standing%20Committees/2026%20SC%20Meeting%20Schedule.pdf,
phone,pass,Published phone: 0000000380 ,https://www.ugc.ac.lk/downloads/Standing%20Committees/2026%20SC%20Meeting%20Schedule.pdf,
phone,pass,Published phone: 0000000222 ,https://www.ugc.ac.lk/downloads/Standing%20Committees/2026%20SC%20Meeting%20Schedule.pdf,
phone,pass,Published phone: 0000000116 ,https://www.ugc.ac.lk/downloads/Standing%20Committees/2026%20SC%20Meeting%20Schedule.pdf,
phone,pass,Published phone: 0000000295 ,https://www.ugc.ac.lk/downloads/Standing%20Committees/2026%20SC%20Meeting%20Schedule.pdf,
phone,pass,Published phone: 0000000518 ,https://www.ugc.ac.lk/downloads/Standing%20Committees/2026%20SC%20Meeting%20Schedule.pdf,
phone,pass,Published phone: 0000000557 ,https://www.ugc.ac.lk/downloads/Standing%20Committees/2026%20SC%20Meeting%20Schedule.pdf,
phone,pass,Published phone: 0000000109 ,https://www.ugc.ac.lk/downloads/Standing%20Committees/2026%20SC%20Meeting%20Schedule.pdf,
phone,pass,Published phone: 0000000578 ,https://www.ugc.ac.lk/downloads/Standing%20Committees/2026%20SC%20Meeting%20Schedule.pdf,
phone,pass,Published phone: 0000000107 ,https://www.ugc.ac.lk/downloads/Standing%20Committees/2026%20SC%20Meeting%20Schedule.pdf,
phone,pass,Published phone: 0000000218 ,https://www.ugc.ac.lk/downloads/Standing%20Committees/2026%20SC%20Meeting%20Schedule.pdf,
phone,pass,Published phone: 0000000212 ,https://www.ugc.ac.lk/downloads/Standing%20Committees/2026%20SC%20Meeting%20Schedule.pdf,
phone,pass,Published phone: 0000000560 ,https://www.ugc.ac.lk/downloads/Standing%20Committees/2026%20SC%20Meeting%20Schedule.pdf,
phone,pass,Published phone: 0000000230 ,https://www.ugc.ac.lk/downloads/Standing%20Committees/2026%20SC%20Meeting%20Schedule.pdf,
phone,pass,Published phone: 0000000383 ,https://www.ugc.ac.lk/downloads/Standing%20Committees/2026%20SC%20Meeting%20Schedule.pdf,
phone,pass,Published phone: 0000000381 ,https://www.ugc.ac.lk/downloads/Standing%20Committees/2026%20SC%20Meeting%20Schedule.pdf,
phone,pass,Published phone: 0000000367 ,https://www.ugc.ac.lk/downloads/Standing%20Committees/2026%20SC%20Meeting%20Schedule.pdf,
phone,pass,Published phone: 0000000099 ,https://www.ugc.ac.lk/downloads/Standing%20Committees/2026%20SC%20Meeting%20Schedule.pdf,
phone,pass,Published phone: 0000000577 ,https://www.ugc.ac.lk/downloads/Standing%20Committees/2026%20SC%20Meeting%20Schedule.pdf,
phone,pass,Published phone: 0000000279 ,https://www.ugc.ac.lk/downloads/Standing%20Committees/2026%20SC%20Meeting%20Schedule.pdf,
phone,pass,Published phone: 0000000483 ,https://www.ugc.ac.lk/downloads/Standing%20Committees/2026%20SC%20Meeting%20Schedule.pdf,
phone,pass,Published phone: 0000000548 ,https://www.ugc.ac.lk/downloads/Standing%20Committees/2026%20SC%20Meeting%20Schedule.pdf,
phone,pass,Published phone: 0000008366 ,https://www.ugc.ac.lk/downloads/Standing%20Committees/2026%20SC%20Meeting%20Schedule.pdf,
phone,pass,Published phone: 0000000322 ,https://www.ugc.ac.lk/downloads/Standing%20Committees/2026%20SC%20Meeting%20Schedule.pdf,
phone,pass,Published phone: 0000000438 ,https://www.ugc.ac.lk/downloads/Standing%20Committees/2026%20SC%20Meeting%20Schedule.pdf,
phone,pass,Published phone: 0000000586 ,https://www.ugc.ac.lk/downloads/Standing%20Committees/2026%20SC%20Meeting%20Schedule.pdf,
phone,pass,Published phone: 0000000469 ,https://www.ugc.ac.lk/downloads/Standing%20Committees/2026%20SC%20Meeting%20Schedule.pdf,
phone,pass,Published phone: 0000000214 ,https://www.ugc.ac.lk/downloads/Standing%20Committees/2026%20SC%20Meeting%20Schedule.pdf,
phone,pass,Published phone: 0000000217 ,https://www.ugc.ac.lk/downloads/Standing%20Committees/2026%20SC%20Meeting%20Schedule.pdf,
phone,pass,Published phone: 0000000423 ,https://www.ugc.ac.lk/downloads/Standing%20Committees/2026%20SC%20Meeting%20Schedule.pdf,
phone,pass,Published phone: 0000000399 ,https://www.ugc.ac.lk/downloads/Standing%20Committees/2026%20SC%20Meeting%20Schedule.pdf,
phone,pass,Published phone: 0000000032 ,https://www.ugc.ac.lk/downloads/Standing%20Committees/2026%20SC%20Meeting%20Schedule.pdf,
phone,pass,Published phone: 0000000484 ,https://www.ugc.ac.lk/downloads/Standing%20Committees/2026%20SC%20Meeting%20Schedule.pdf,
phone,pass,Published phone: 0000000155 ,https://www.ugc.ac.lk/downloads/Standing%20Committees/2026%20SC%20Meeting%20Schedule.pdf,
phone,pass,Published phone: 0000000081 ,https://www.ugc.ac.lk/downloads/Standing%20Committees/2026%20SC%20Meeting%20Schedule.pdf,
phone,pass,Published phone: 0000000373 ,https://www.ugc.ac.lk/downloads/Standing%20Committees/2026%20SC%20Meeting%20Schedule.pdf,
phone,pass,Published phone: 0000000277 ,https://www.ugc.ac.lk/downloads/Standing%20Committees/2026%20SC%20Meeting%20Schedule.pdf,
phone,pass,Published phone: 0000000478 ,https://www.ugc.ac.lk/downloads/Standing%20Committees/2026%20SC%20Meeting%20Schedule.pdf,
phone,pass,Published phone: 0000000333 ,https://www.ugc.ac.lk/downloads/Standing%20Committees/2026%20SC%20Meeting%20Schedule.pdf,
phone,pass,Published phone: 0000000269 ,https://www.ugc.ac.lk/downloads/Standing%20Committees/2026%20SC%20Meeting%20Schedule.pdf,
phone,pass,Published phone: 0000000115 ,https://www.ugc.ac.lk/downloads/Standing%20Committees/2026%20SC%20Meeting%20Schedule.pdf,
phone,pass,Published phone: 0000000575 ,https://www.ugc.ac.lk/downloads/Standing%20Committees/2026%20SC%20Meeting%20Schedule.pdf,
phone,pass,Published phone: 0000000058 ,https://www.ugc.ac.lk/downloads/Standing%20Committees/2026%20SC%20Meeting%20Schedule.pdf,
phone,pass,Published phone: 0000000234 ,https://www.ugc.ac.lk/downloads/Standing%20Committees/2026%20SC%20Meeting%20Schedule.pdf,
phone,pass,Published phone: 0000000565 ,https://www.ugc.ac.lk/downloads/Standing%20Committees/2026%20SC%20Meeting%20Schedule.pdf,
phone,pass,Published phone: 0000000026 ,https://www.ugc.ac.lk/downloads/Standing%20Committees/2026%20SC%20Meeting%20Schedule.pdf,
phone,pass,Published phone: 0000000144 ,https://www.ugc.ac.lk/downloads/Standing%20Committees/2026%20SC%20Meeting%20Schedule.pdf,
phone,pass,Published phone: 0000000457 ,https://www.ugc.ac.lk/downloads/Standing%20Committees/2026%20SC%20Meeting%20Schedule.pdf,
phone,pass,Published phone: 0000000020 ,https://www.ugc.ac.lk/downloads/Standing%20Committees/2026%20SC%20Meeting%20Schedule.pdf,
phone,pass,Published phone: 0000000461 ,https://www.ugc.ac.lk/downloads/Standing%20Committees/2026%20SC%20Meeting%20Schedule.pdf,
phone,pass,Published phone: 0000000521 ,https://www.ugc.ac.lk/downloads/Standing%20Committees/2026%20SC%20Meeting%20Schedule.pdf,
phone,pass,Published phone: 0000000410 ,https://www.ugc.ac.lk/downloads/Standing%20Committees/2026%20SC%20Meeting%20Schedule.pdf,
phone,pass,Published phone: 0000000393 ,https://www.ugc.ac.lk/downloads/Standing%20Committees/2026%20SC%20Meeting%20Schedule.pdf,
phone,pass,Published phone: 0000007844 ,https://www.ugc.ac.lk/downloads/Standing%20Committees/2026%20SC%20Meeting%20Schedule.pdf,
phone,pass,Published phone: 0000000408 ,https://www.ugc.ac.lk/downloads/Standing%20Committees/2026%20SC%20Meeting%20Schedule.pdf,
phone,pass,Published phone: 0000160921 ,https://www.ugc.ac.lk/downloads/Standing%20Committees/2026%20SC%20Meeting%20Schedule.pdf,
phone,pass,Published phone: 0000000255 ,https://www.ugc.ac.lk/downloads/Standing%20Committees/2026%20SC%20Meeting%20Schedule.pdf,
phone,pass,Published phone: 0000000050 ,https://www.ugc.ac.lk/downloads/Standing%20Committees/2026%20SC%20Meeting%20Schedule.pdf,
phone,pass,Published phone: 0000000532 ,https://www.ugc.ac.lk/downloads/Standing%20Committees/2026%20SC%20Meeting%20Schedule.pdf,
phone,pass,Published phone: 0000000458 ,https://www.ugc.ac.lk/downloads/Standing%20Committees/2026%20SC%20Meeting%20Schedule.pdf,
phone,pass,Published phone: 0000000264 ,https://www.ugc.ac.lk/downloads/Standing%20Committees/2026%20SC%20Meeting%20Schedule.pdf,
phone,pass,Published phone: 0000000573 ,https://www.ugc.ac.lk/downloads/Standing%20Committees/2026%20SC%20Meeting%20Schedule.pdf,
phone,pass,Published phone: 0000000165 ,https://www.ugc.ac.lk/downloads/Standing%20Committees/2026%20SC%20Meeting%20Schedule.pdf,
phone,pass,Published phone: 0000009026 ,https://www.ugc.ac.lk/downloads/Standing%20Committees/2026%20SC%20Meeting%20Schedule.pdf,
phone,pass,Published phone: 0000000171 ,https://www.ugc.ac.lk/downloads/Standing%20Committees/2026%20SC%20Meeting%20Schedule.pdf,
phone,pass,Published phone: 0000000466 ,https://www.ugc.ac.lk/downloads/Standing%20Committees/2026%20SC%20Meeting%20Schedule.pdf,
phone,pass,Published phone: 0000000549 ,https://www.ugc.ac.lk/downloads/Standing%20Committees/2026%20SC%20Meeting%20Schedule.pdf,
phone,pass,Published phone: 0000000435 ,https://www.ugc.ac.lk/downloads/Standing%20Committees/2026%20SC%20Meeting%20Schedule.pdf,
phone,pass,Published phone: 0000000329 ,https://www.ugc.ac.lk/downloads/Standing%20Committees/2026%20SC%20Meeting%20Schedule.pdf,
phone,pass,Published phone: 0000000130 ,https://www.ugc.ac.lk/downloads/Standing%20Committees/2026%20SC%20Meeting%20Schedule.pdf,
phone,pass,Published phone: 0000000140 ,https://www.ugc.ac.lk/downloads/Standing%20Committees/2026%20SC%20Meeting%20Schedule.pdf,
phone,pass,Published phone: 0000000094 ,https://www.ugc.ac.lk/downloads/Standing%20Committees/2026%20SC%20Meeting%20Schedule.pdf,
phone,pass,Published phone: 0000000047 ,https://www.ugc.ac.lk/downloads/Standing%20Committees/2026%20SC%20Meeting%20Schedule.pdf,
phone,pass,Published phone: 0000000401 ,https://www.ugc.ac.lk/downloads/Standing%20Committees/2026%20SC%20Meeting%20Schedule.pdf,
phone,pass,Published phone: 0000000309 ,https://www.ugc.ac.lk/downloads/Standing%20Committees/2026%20SC%20Meeting%20Schedule.pdf,
phone,pass,Published phone: 0000000000 ,https://www.ugc.ac.lk/downloads/Standing%20Committees/2026%20SC%20Meeting%20Schedule.pdf,
phone,pass,Published phone: 0000000208 ,https://www.ugc.ac.lk/downloads/Standing%20Committees/2026%20SC%20Meeting%20Schedule.pdf,
phone,pass,Published phone: 0000000406 ,https://www.ugc.ac.lk/downloads/Standing%20Committees/2026%20SC%20Meeting%20Schedule.pdf,
phone,pass,Published phone: 0000000544 ,https://www.ugc.ac.lk/downloads/Standing%20Committees/2026%20SC%20Meeting%20Schedule.pdf,
phone,pass,Published phone: 0000000345 ,https://www.ugc.ac.lk/downloads/Standing%20Committees/2026%20SC%20Meeting%20Schedule.pdf,
phone,pass,Published phone: 0000000261 ,https://www.ugc.ac.lk/downloads/Standing%20Committees/2026%20SC%20Meeting%20Schedule.pdf,
phone,pass,Published phone: 0000000182 ,https://www.ugc.ac.lk/downloads/Standing%20Committees/2026%20SC%20Meeting%20Schedule.pdf,
phone,pass,Published phone: 0000000583 ,https://www.ugc.ac.lk/downloads/Standing%20Committees/2026%20SC%20Meeting%20Schedule.pdf,
phone,pass,Published phone: 0 0 0 341 0 0 84,https://www.ugc.ac.lk/downloads/Standing%20Committees/2026%20SC%20Meeting%20Schedule.pdf,
phone,pass,Published phone: 0000000306 ,https://www.ugc.ac.lk/downloads/Standing%20Committees/2026%20SC%20Meeting%20Schedule.pdf,
phone,pass,Published phone: 0000000430 ,https://www.ugc.ac.lk/downloads/Standing%20Committees/2026%20SC%20Meeting%20Schedule.pdf,
phone,pass,Published phone: 0000000297 ,https://www.ugc.ac.lk/downloads/Standing%20Committees/2026%20SC%20Meeting%20Schedule.pdf,
phone,pass,Published phone: 0000008137 ,https://www.ugc.ac.lk/downloads/Standing%20Committees/2026%20SC%20Meeting%20Schedule.pdf,
phone,pass,Published phone: 0000000029 ,https://www.ugc.ac.lk/downloads/Standing%20Committees/2026%20SC%20Meeting%20Schedule.pdf,
phone,pass,Published phone: 0000000499 ,https://www.ugc.ac.lk/downloads/Standing%20Committees/2026%20SC%20Meeting%20Schedule.pdf,
phone,pass,Published phone: 0000000567 ,https://www.ugc.ac.lk/downloads/Standing%20Committees/2026%20SC%20Meeting%20Schedule.pdf,
phone,pass,Published phone: 0000000364 ,https://www.ugc.ac.lk/downloads/Standing%20Committees/2026%20SC%20Meeting%20Schedule.pdf,
phone,pass,Published phone: 0000000127 ,https://www.ugc.ac.lk/downloads/Standing%20Committees/2026%20SC%20Meeting%20Schedule.pdf,
phone,pass,Published phone: 0000000525 ,https://www.ugc.ac.lk/downloads/Standing%20Committees/2026%20SC%20Meeting%20Schedule.pdf,
phone,pass,Published phone: 0000000247 ,https://www.ugc.ac.lk/downloads/Standing%20Committees/2026%20SC%20Meeting%20Schedule.pdf,
phone,pass,Published phone: 0000000529 ,https://www.ugc.ac.lk/downloads/Standing%20Committees/2026%20SC%20Meeting%20Schedule.pdf,
phone,pass,Published phone: 0000000048 ,https://www.ugc.ac.lk/downloads/Standing%20Committees/2026%20SC%20Meeting%20Schedule.pdf,
phone,pass,Published phone: 0000000286 ,https://www.ugc.ac.lk/downloads/Standing%20Committees/2026%20SC%20Meeting%20Schedule.pdf,
phone,pass,Published phone: 0000000317 ,https://www.ugc.ac.lk/downloads/Standing%20Committees/2026%20SC%20Meeting%20Schedule.pdf,
phone,pass,Published phone: 0000000194 ,https://www.ugc.ac.lk/downloads/Standing%20Committees/2026%20SC%20Meeting%20Schedule.pdf,
phone,pass,Published phone: 0000000072 ,https://www.ugc.ac.lk/downloads/Standing%20Committees/2026%20SC%20Meeting%20Schedule.pdf,
phone,pass,Published phone: 0000000375 ,https://www.ugc.ac.lk/downloads/Standing%20Committees/2026%20SC%20Meeting%20Schedule.pdf,
phone,pass,Published phone: 0000000318 ,https://www.ugc.ac.lk/downloads/Standing%20Committees/2026%20SC%20Meeting%20Schedule.pdf,
phone,pass,Published phone: 0000008084 ,https://www.ugc.ac.lk/downloads/Standing%20Committees/2026%20SC%20Meeting%20Schedule.pdf,
phone,pass,Published phone: 0000066494 ,https://www.ugc.ac.lk/downloads/Standing%20Committees/2026%20SC%20Meeting%20Schedule.pdf,
phone,pass,Published phone: 0000000555 ,https://www.ugc.ac.lk/downloads/Standing%20Committees/2026%20SC%20Meeting%20Schedule.pdf,
phone,pass,Published phone: 0000000080 ,https://www.ugc.ac.lk/downloads/Standing%20Committees/2026%20SC%20Meeting%20Schedule.pdf,
phone,pass,Published phone: 0000000289 ,https://www.ugc.ac.lk/downloads/Standing%20Committees/2026%20SC%20Meeting%20Schedule.pdf,
phone,pass,Published phone: 0000000431 ,https://www.ugc.ac.lk/downloads/Standing%20Committees/2026%20SC%20Meeting%20Schedule.pdf,
phone,pass,Published phone: 0000000467 ,https://www.ugc.ac.lk/downloads/Standing%20Committees/2026%20SC%20Meeting%20Schedule.pdf,
phone,pass,Published phone: 0000000425 ,https://www.ugc.ac.lk/downloads/Standing%20Committees/2026%20SC%20Meeting%20Schedule.pdf,
phone,pass,Published phone: 0 0 0 0 0 0 0 0 0 5,https://www.ugc.ac.lk/downloads/Standing%20Committees/2026%20SC%20Meeting%20Schedule.pdf,
phone,pass,Published phone: 0000000250 ,https://www.ugc.ac.lk/downloads/Standing%20Committees/2026%20SC%20Meeting%20Schedule.pdf,
phone,pass,Published phone: 0000000346 ,https://www.ugc.ac.lk/downloads/Standing%20Committees/2026%20SC%20Meeting%20Schedule.pdf,
phone,pass,Published phone: 0000000426 ,https://www.ugc.ac.lk/downloads/Standing%20Committees/2026%20SC%20Meeting%20Schedule.pdf,
phone,pass,Published phone: 0000000310 ,https://www.ugc.ac.lk/downloads/Standing%20Committees/2026%20SC%20Meeting%20Schedule.pdf,
phone,pass,Published phone: 0000000402 ,https://www.ugc.ac.lk/downloads/Standing%20Committees/2026%20SC%20Meeting%20Schedule.pdf,
phone,pass,Published phone: 0000000539 ,https://www.ugc.ac.lk/downloads/Standing%20Committees/2026%20SC%20Meeting%20Schedule.pdf,
phone,pass,Published phone: 0000000205 ,https://www.ugc.ac.lk/downloads/Standing%20Committees/2026%20SC%20Meeting%20Schedule.pdf,
phone,pass,Published phone: 0 0 0 0 0 0 0 652 ,https://www.ugc.ac.lk/downloads/Standing%20Committees/2026%20SC%20Meeting%20Schedule.pdf,
phone,pass,Published phone: 0000000429 ,https://www.ugc.ac.lk/downloads/Standing%20Committees/2026%20SC%20Meeting%20Schedule.pdf,
phone,pass,Published phone: 0000000472 ,https://www.ugc.ac.lk/downloads/Standing%20Committees/2026%20SC%20Meeting%20Schedule.pdf,
phone,pass,Published phone: 0000000512 ,https://www.ugc.ac.lk/downloads/Standing%20Committees/2026%20SC%20Meeting%20Schedule.pdf,
phone,pass,Published phone: 0000000352 ,https://www.ugc.ac.lk/downloads/Standing%20Committees/2026%20SC%20Meeting%20Schedule.pdf,
phone,pass,Published phone: 0000000065 ,https://www.ugc.ac.lk/downloads/Standing%20Committees/2026%20SC%20Meeting%20Schedule.pdf,
phone,pass,Published phone: 0000000199 ,https://www.ugc.ac.lk/downloads/Standing%20Committees/2026%20SC%20Meeting%20Schedule.pdf,
phone,pass,Published phone: 0000000154 ,https://www.ugc.ac.lk/downloads/Standing%20Committees/2026%20SC%20Meeting%20Schedule.pdf,
phone,pass,Published phone: 0000000281 ,https://www.ugc.ac.lk/downloads/Standing%20Committees/2026%20SC%20Meeting%20Schedule.pdf,
phone,pass,Published phone: 0000000135 ,https://www.ugc.ac.lk/downloads/Standing%20Committees/2026%20SC%20Meeting%20Schedule.pdf,
phone,pass,Published phone: 0000000400 ,https://www.ugc.ac.lk/downloads/Standing%20Committees/2026%20SC%20Meeting%20Schedule.pdf,
phone,pass,Published phone: 0000000391 ,https://www.ugc.ac.lk/downloads/Standing%20Committees/2026%20SC%20Meeting%20Schedule.pdf,
phone,pass,Published phone: 0000000342 ,https://www.ugc.ac.lk/downloads/Standing%20Committees/2026%20SC%20Meeting%20Schedule.pdf,
phone,pass,Published phone: 0000000543 ,https://www.ugc.ac.lk/downloads/Standing%20Committees/2026%20SC%20Meeting%20Schedule.pdf,
phone,pass,Published phone: 0000000551 ,https://www.ugc.ac.lk/downloads/Standing%20Committees/2026%20SC%20Meeting%20Schedule.pdf,
phone,pass,Published phone: 0000000043 ,https://www.ugc.ac.lk/downloads/Standing%20Committees/2026%20SC%20Meeting%20Schedule.pdf,
phone,pass,Published phone: 0000000561 ,https://www.ugc.ac.lk/downloads/Standing%20Committees/2026%20SC%20Meeting%20Schedule.pdf,
phone,pass,Published phone: 0000000417 ,https://www.ugc.ac.lk/downloads/Standing%20Committees/2026%20SC%20Meeting%20Schedule.pdf,
phone,pass,Published phone: 0000000443 ,https://www.ugc.ac.lk/downloads/Standing%20Committees/2026%20SC%20Meeting%20Schedule.pdf,
phone,pass,Published phone: 0000000290 ,https://www.ugc.ac.lk/downloads/Standing%20Committees/2026%20SC%20Meeting%20Schedule.pdf,
phone,pass,Published phone: 0000000136 ,https://www.ugc.ac.lk/downloads/Standing%20Committees/2026%20SC%20Meeting%20Schedule.pdf,
phone,pass,Published phone: 0000000257 ,https://www.ugc.ac.lk/downloads/Standing%20Committees/2026%20SC%20Meeting%20Schedule.pdf,
phone,pass,Published phone: 0 461 459 365 ,https://www.ugc.ac.lk/downloads/Standing%20Committees/2026%20SC%20Meeting%20Schedule.pdf,
phone,pass,Published phone: 0000000482 ,https://www.ugc.ac.lk/downloads/Standing%20Committees/2026%20SC%20Meeting%20Schedule.pdf,
phone,pass,Published phone: 0000000450 ,https://www.ugc.ac.lk/downloads/Standing%20Committees/2026%20SC%20Meeting%20Schedule.pdf,
phone,pass,Published phone: 0000000076 ,https://www.ugc.ac.lk/downloads/Standing%20Committees/2026%20SC%20Meeting%20Schedule.pdf,
phone,pass,Published phone: 0000000427 ,https://www.ugc.ac.lk/downloads/Standing%20Committees/2026%20SC%20Meeting%20Schedule.pdf,
phone,pass,Published phone: 0000000241 ,https://www.ugc.ac.lk/downloads/Standing%20Committees/2026%20SC%20Meeting%20Schedule.pdf,
phone,pass,Published phone: 0000000061 ,https://www.ugc.ac.lk/downloads/Standing%20Committees/2026%20SC%20Meeting%20Schedule.pdf,
phone,pass,Published phone: 0 0 308 890 60,https://www.ugc.ac.lk/downloads/Standing%20Committees/2026%20SC%20Meeting%20Schedule.pdf,
phone,pass,Published phone: 0000000395 ,https://www.ugc.ac.lk/downloads/Standing%20Committees/2026%20SC%20Meeting%20Schedule.pdf,
phone,pass,Published phone: 0000000292 ,https://www.ugc.ac.lk/downloads/Standing%20Committees/2026%20SC%20Meeting%20Schedule.pdf,
phone,pass,Published phone: 0000000113 ,https://www.ugc.ac.lk/downloads/Standing%20Committees/2026%20SC%20Meeting%20Schedule.pdf,
phone,pass,Published phone: 0000000386 ,https://www.ugc.ac.lk/downloads/Standing%20Committees/2026%20SC%20Meeting%20Schedule.pdf,
phone,pass,Published phone: 0000000321 ,https://www.ugc.ac.lk/downloads/Standing%20Committees/2026%20SC%20Meeting%20Schedule.pdf,
phone,pass,Published phone: 0000000284 ,https://www.ugc.ac.lk/downloads/Standing%20Committees/2026%20SC%20Meeting%20Schedule.pdf,
phone,pass,Published phone: 0000000452 ,https://www.ugc.ac.lk/downloads/Standing%20Committees/2026%20SC%20Meeting%20Schedule.pdf,
phone,pass,Published phone: 0000000370 ,https://www.ugc.ac.lk/downloads/Standing%20Committees/2026%20SC%20Meeting%20Schedule.pdf,
phone,pass,Published phone: 0000000579 ,https://www.ugc.ac.lk/downloads/Standing%20Committees/2026%20SC%20Meeting%20Schedule.pdf,
phone,pass,Published phone: 0000000283 ,https://www.ugc.ac.lk/downloads/Standing%20Committees/2026%20SC%20Meeting%20Schedule.pdf,
phone,pass,Published phone: 0000000477 ,https://www.ugc.ac.lk/downloads/Standing%20Committees/2026%20SC%20Meeting%20Schedule.pdf,
phone,pass,Published phone: 0000000340 ,https://www.ugc.ac.lk/downloads/Standing%20Committees/2026%20SC%20Meeting%20Schedule.pdf,
phone,pass,Published phone: 0000000083 ,https://www.ugc.ac.lk/downloads/Standing%20Committees/2026%20SC%20Meeting%20Schedule.pdf,
phone,pass,Published phone: 0000000498 ,https://www.ugc.ac.lk/downloads/Standing%20Committees/2026%20SC%20Meeting%20Schedule.pdf,
phone,pass,Published phone: 0000000034 ,https://www.ugc.ac.lk/downloads/Standing%20Committees/2026%20SC%20Meeting%20Schedule.pdf,
phone,pass,Published phone: 0000000028 ,https://www.ugc.ac.lk/downloads/Standing%20Committees/2026%20SC%20Meeting%20Schedule.pdf,
phone,pass,Published phone: 0000000129 ,https://www.ugc.ac.lk/downloads/Standing%20Committees/2026%20SC%20Meeting%20Schedule.pdf,
phone,pass,Published phone: 0000000369 ,https://www.ugc.ac.lk/downloads/Standing%20Committees/2026%20SC%20Meeting%20Schedule.pdf,
phone,pass,Published phone: 0000000489 ,https://www.ugc.ac.lk/downloads/Standing%20Committees/2026%20SC%20Meeting%20Schedule.pdf,
phone,pass,Published phone: 0000000385 ,https://www.ugc.ac.lk/downloads/Standing%20Committees/2026%20SC%20Meeting%20Schedule.pdf,
phone,pass,Published phone: 0000000176 ,https://www.ugc.ac.lk/downloads/Standing%20Committees/2026%20SC%20Meeting%20Schedule.pdf,
phone,pass,Published phone: 0000000259 ,https://www.ugc.ac.lk/downloads/Standing%20Committees/2026%20SC%20Meeting%20Schedule.pdf,
phone,pass,Published phone: 0000000505 ,https://www.ugc.ac.lk/downloads/Standing%20Committees/2026%20SC%20Meeting%20Schedule.pdf,
phone,pass,Published phone: 0000000133 ,https://www.ugc.ac.lk/downloads/Standing%20Committees/2026%20SC%20Meeting%20Schedule.pdf,
phone,pass,Published phone: 0000000025 ,https://www.ugc.ac.lk/downloads/Standing%20Committees/2026%20SC%20Meeting%20Schedule.pdf,
phone,pass,Published phone: 0000000540 ,https://www.ugc.ac.lk/downloads/Standing%20Committees/2026%20SC%20Meeting%20Schedule.pdf,
phone,pass,Published phone: 0000000262 ,https://www.ugc.ac.lk/downloads/Standing%20Committees/2026%20SC%20Meeting%20Schedule.pdf,
phone,pass,Published phone: 0000000319 ,https://www.ugc.ac.lk/downloads/Standing%20Committees/2026%20SC%20Meeting%20Schedule.pdf,
phone,pass,Published phone: 0000000040 ,https://www.ugc.ac.lk/downloads/Standing%20Committees/2026%20SC%20Meeting%20Schedule.pdf,
phone,pass,Published phone: 0000000229 ,https://www.ugc.ac.lk/downloads/Standing%20Committees/2026%20SC%20Meeting%20Schedule.pdf,
phone,pass,Published phone: 0000000347 ,https://www.ugc.ac.lk/downloads/Standing%20Committees/2026%20SC%20Meeting%20Schedule.pdf,
phone,pass,Published phone: 0000000079 ,https://www.ugc.ac.lk/downloads/Standing%20Committees/2026%20SC%20Meeting%20Schedule.pdf,
phone,pass,Published phone: 0000000021 ,https://www.ugc.ac.lk/downloads/Standing%20Committees/2026%20SC%20Meeting%20Schedule.pdf,
phone,pass,Published phone: 0000000584 ,https://www.ugc.ac.lk/downloads/Standing%20Committees/2026%20SC%20Meeting%20Schedule.pdf,
phone,pass,Published phone: 0000000188 ,https://www.ugc.ac.lk/downloads/Standing%20Committees/2026%20SC%20Meeting%20Schedule.pdf,
phone,pass,Published phone: 0000000432 ,https://www.ugc.ac.lk/downloads/Standing%20Committees/2026%20SC%20Meeting%20Schedule.pdf,
phone,pass,Published phone: 0000000090 ,https://www.ugc.ac.lk/downloads/Standing%20Committees/2026%20SC%20Meeting%20Schedule.pdf,
phone,pass,Published phone: 0000000413 ,https://www.ugc.ac.lk/downloads/Standing%20Committees/2026%20SC%20Meeting%20Schedule.pdf,
phone,pass,Published phone: 0000000327 ,https://www.ugc.ac.lk/downloads/Standing%20Committees/2026%20SC%20Meeting%20Schedule.pdf,
phone,pass,Published phone: 0000000106 ,https://www.ugc.ac.lk/downloads/Standing%20Committees/2026%20SC%20Meeting%20Schedule.pdf,
phone,pass,Published phone: 0000000134 ,https://www.ugc.ac.lk/downloads/Standing%20Committees/2026%20SC%20Meeting%20Schedule.pdf,
phone,pass,Published phone: 0000000018 ,https://www.ugc.ac.lk/downloads/Standing%20Committees/2026%20SC%20Meeting%20Schedule.pdf,
phone,pass,Published phone: 0000000173 ,https://www.ugc.ac.lk/downloads/Standing%20Committees/2026%20SC%20Meeting%20Schedule.pdf,
phone,pass,Published phone: 0000000313 ,https://www.ugc.ac.lk/downloads/Standing%20Committees/2026%20SC%20Meeting%20Schedule.pdf,
phone,pass,Published phone: 0000000546 ,https://www.ugc.ac.lk/downloads/Standing%20Committees/2026%20SC%20Meeting%20Schedule.pdf,
phone,pass,Published phone: 0000000206 ,https://www.ugc.ac.lk/downloads/Standing%20Committees/2026%20SC%20Meeting%20Schedule.pdf,
phone,pass,Published phone: 0000000444 ,https://www.ugc.ac.lk/downloads/Standing%20Committees/2026%20SC%20Meeting%20Schedule.pdf,
phone,pass,Published phone: 0000000303 ,https://www.ugc.ac.lk/downloads/Standing%20Committees/2026%20SC%20Meeting%20Schedule.pdf,
phone,pass,Published phone: 0000100062 ,https://www.ugc.ac.lk/downloads/Standing%20Committees/2026%20SC%20Meeting%20Schedule.pdf,
phone,pass,Published phone: 0000000359 ,https://www.ugc.ac.lk/downloads/Standing%20Committees/2026%20SC%20Meeting%20Schedule.pdf,
phone,pass,Published phone: 0000000033 ,https://www.ugc.ac.lk/downloads/Standing%20Committees/2026%20SC%20Meeting%20Schedule.pdf,
phone,pass,Published phone: 0000000238 ,https://www.ugc.ac.lk/downloads/Standing%20Committees/2026%20SC%20Meeting%20Schedule.pdf,
phone,pass,Published phone: 0000000091 ,https://www.ugc.ac.lk/downloads/Standing%20Committees/2026%20SC%20Meeting%20Schedule.pdf,
phone,pass,Published phone: 0000000204 ,https://www.ugc.ac.lk/downloads/Standing%20Committees/2026%20SC%20Meeting%20Schedule.pdf,
phone,pass,Published phone: 0000000056 ,https://www.ugc.ac.lk/downloads/Standing%20Committees/2026%20SC%20Meeting%20Schedule.pdf,
phone,pass,Published phone: 0000000057 ,https://www.ugc.ac.lk/downloads/Standing%20Committees/2026%20SC%20Meeting%20Schedule.pdf,
phone,pass,Published phone: 0000000474 ,https://www.ugc.ac.lk/downloads/Standing%20Committees/2026%20SC%20Meeting%20Schedule.pdf,
phone,pass,Published phone: 0000000092 ,https://www.ugc.ac.lk/downloads/Standing%20Committees/2026%20SC%20Meeting%20Schedule.pdf,
phone,pass,Published phone: 0000000254 ,https://www.ugc.ac.lk/downloads/Standing%20Committees/2026%20SC%20Meeting%20Schedule.pdf,
phone,pass,Published phone: 0000099734 ,https://www.ugc.ac.lk/downloads/Standing%20Committees/2026%20SC%20Meeting%20Schedule.pdf,
phone,pass,Published phone: 0000000462 ,https://www.ugc.ac.lk/downloads/Standing%20Committees/2026%20SC%20Meeting%20Schedule.pdf,
phone,pass,Published phone: 0000000523 ,https://www.ugc.ac.lk/downloads/Standing%20Committees/2026%20SC%20Meeting%20Schedule.pdf,
phone,pass,Published phone: 0000000276 ,https://www.ugc.ac.lk/downloads/Standing%20Committees/2026%20SC%20Meeting%20Schedule.pdf,
phone,pass,Published phone: 0000000203 ,https://www.ugc.ac.lk/downloads/Standing%20Committees/2026%20SC%20Meeting%20Schedule.pdf,
phone,pass,Published phone: 0000021727 ,https://www.ugc.ac.lk/downloads/Standing%20Committees/2026%20SC%20Meeting%20Schedule.pdf,
phone,pass,Published phone: 0000000132 ,https://www.ugc.ac.lk/downloads/Standing%20Committees/2026%20SC%20Meeting%20Schedule.pdf,
phone,pass,Published phone: 0000000480 ,https://www.ugc.ac.lk/downloads/Standing%20Committees/2026%20SC%20Meeting%20Schedule.pdf,
phone,pass,Published phone: 0000000453 ,https://www.ugc.ac.lk/downloads/Standing%20Committees/2026%20SC%20Meeting%20Schedule.pdf,
phone,pass,Published phone: 0000000150 ,https://www.ugc.ac.lk/downloads/Standing%20Committees/2026%20SC%20Meeting%20Schedule.pdf,
phone,pass,Published phone: 0000000511 ,https://www.ugc.ac.lk/downloads/Standing%20Committees/2026%20SC%20Meeting%20Schedule.pdf,
phone,pass,Published phone: 0000000301 ,https://www.ugc.ac.lk/downloads/Standing%20Committees/2026%20SC%20Meeting%20Schedule.pdf,
phone,pass,Published phone: 0000000174 ,https://www.ugc.ac.lk/downloads/Standing%20Committees/2026%20SC%20Meeting%20Schedule.pdf,
phone,pass,Published phone: 0000000211 ,https://www.ugc.ac.lk/downloads/Standing%20Committees/2026%20SC%20Meeting%20Schedule.pdf,
phone,pass,Published phone: 0 0 0 513 0 0 0 0 ,https://www.ugc.ac.lk/downloads/Standing%20Committees/2026%20SC%20Meeting%20Schedule.pdf,
phone,pass,Published phone: 0000000439 ,https://www.ugc.ac.lk/downloads/Standing%20Committees/2026%20SC%20Meeting%20Schedule.pdf,
phone,pass,Published phone: 0000000454 ,https://www.ugc.ac.lk/downloads/Standing%20Committees/2026%20SC%20Meeting%20Schedule.pdf,
phone,pass,Published phone: 0000000190 ,https://www.ugc.ac.lk/downloads/Standing%20Committees/2026%20SC%20Meeting%20Schedule.pdf,
phone,pass,Published phone: 0000000537 ,https://www.ugc.ac.lk/downloads/Standing%20Committees/2026%20SC%20Meeting%20Schedule.pdf,
phone,pass,Published phone: 0000000060 ,https://www.ugc.ac.lk/downloads/Standing%20Committees/2026%20SC%20Meeting%20Schedule.pdf,
phone,pass,Published phone: 0000000412 ,https://www.ugc.ac.lk/downloads/Standing%20Committees/2026%20SC%20Meeting%20Schedule.pdf,
phone,pass,Published phone: 0000000093 ,https://www.ugc.ac.lk/downloads/Standing%20Committees/2026%20SC%20Meeting%20Schedule.pdf,
phone,pass,Published phone: 0000000117 ,https://www.ugc.ac.lk/downloads/Standing%20Committees/2026%20SC%20Meeting%20Schedule.pdf,
phone,pass,Published phone: 0000000105 ,https://www.ugc.ac.lk/downloads/Standing%20Committees/2026%20SC%20Meeting%20Schedule.pdf,
phone,pass,Published phone: 0000000510 ,https://www.ugc.ac.lk/downloads/Standing%20Committees/2026%20SC%20Meeting%20Schedule.pdf,
phone,pass,Published phone: 0000000582 ,https://www.ugc.ac.lk/downloads/Standing%20Committees/2026%20SC%20Meeting%20Schedule.pdf,
phone,pass,Published phone: 0000000420 ,https://www.ugc.ac.lk/downloads/Standing%20Committees/2026%20SC%20Meeting%20Schedule.pdf,
phone,pass,Published phone: 0000000153 ,https://www.ugc.ac.lk/downloads/Standing%20Committees/2026%20SC%20Meeting%20Schedule.pdf,
phone,pass,Published phone: 0000000520 ,https://www.ugc.ac.lk/downloads/Standing%20Committees/2026%20SC%20Meeting%20Schedule.pdf,
phone,pass,Published phone: 0000000459 ,https://www.ugc.ac.lk/downloads/Standing%20Committees/2026%20SC%20Meeting%20Schedule.pdf,
phone,pass,Published phone: 0000000111 ,https://www.ugc.ac.lk/downloads/Standing%20Committees/2026%20SC%20Meeting%20Schedule.pdf,
phone,pass,Published phone: 0000000104 ,https://www.ugc.ac.lk/downloads/Standing%20Committees/2026%20SC%20Meeting%20Schedule.pdf,
phone,pass,Published phone: 0000000323 ,https://www.ugc.ac.lk/downloads/Standing%20Committees/2026%20SC%20Meeting%20Schedule.pdf,
phone,pass,Published phone: 0000000343 ,https://www.ugc.ac.lk/downloads/Standing%20Committees/2026%20SC%20Meeting%20Schedule.pdf,
phone,pass,Published phone: 0000000448 ,https://www.ugc.ac.lk/downloads/Standing%20Committees/2026%20SC%20Meeting%20Schedule.pdf,
phone,pass,Published phone: 0000000507 ,https://www.ugc.ac.lk/downloads/Standing%20Committees/2026%20SC%20Meeting%20Schedule.pdf,
phone,pass,Published phone: 0000000112 ,https://www.ugc.ac.lk/downloads/Standing%20Committees/2026%20SC%20Meeting%20Schedule.pdf,
phone,pass,Published phone: 0000000475 ,https://www.ugc.ac.lk/downloads/Standing%20Committees/2026%20SC%20Meeting%20Schedule.pdf,
phone,pass,Published phone: 0000000476 ,https://www.ugc.ac.lk/downloads/Standing%20Committees/2026%20SC%20Meeting%20Schedule.pdf,
phone,pass,Published phone: 0000000172 ,https://www.ugc.ac.lk/downloads/Standing%20Committees/2026%20SC%20Meeting%20Schedule.pdf,
phone,pass,Published phone: 0000000221 ,https://www.ugc.ac.lk/downloads/Standing%20Committees/2026%20SC%20Meeting%20Schedule.pdf,
phone,pass,Published phone: 0000000077 ,https://www.ugc.ac.lk/downloads/Standing%20Committees/2026%20SC%20Meeting%20Schedule.pdf,
phone,pass,Published phone: 0000000242 ,https://www.ugc.ac.lk/downloads/Standing%20Committees/2026%20SC%20Meeting%20Schedule.pdf,
phone,pass,Published phone: 0000000587 ,https://www.ugc.ac.lk/downloads/Standing%20Committees/2026%20SC%20Meeting%20Schedule.pdf,
phone,pass,Published phone: 0000000100 ,https://www.ugc.ac.lk/downloads/Standing%20Committees/2026%20SC%20Meeting%20Schedule.pdf,
phone,pass,Published phone: 019 2026-03-1,https://www.ugc.ac.lk/downloads/Standing%20Committees/2026%20SC%20Meeting%20Schedule.pdf,
phone,pass,Published phone: 0000000235 ,https://www.ugc.ac.lk/downloads/Standing%20Committees/2026%20SC%20Meeting%20Schedule.pdf,
phone,pass,Published phone: 0000000168 ,https://www.ugc.ac.lk/downloads/Standing%20Committees/2026%20SC%20Meeting%20Schedule.pdf,
phone,pass,Published phone: 0000000501 ,https://www.ugc.ac.lk/downloads/Standing%20Committees/2026%20SC%20Meeting%20Schedule.pdf,
phone,pass,Published phone: 0000000139 ,https://www.ugc.ac.lk/downloads/Standing%20Committees/2026%20SC%20Meeting%20Schedule.pdf,
phone,pass,Published phone: 0000000220 ,https://www.ugc.ac.lk/downloads/Standing%20Committees/2026%20SC%20Meeting%20Schedule.pdf,
phone,pass,Published phone: 0000000084 ,https://www.ugc.ac.lk/downloads/Standing%20Committees/2026%20SC%20Meeting%20Schedule.pdf,
phone,pass,Published phone: 0000000189 ,https://www.ugc.ac.lk/downloads/Standing%20Committees/2026%20SC%20Meeting%20Schedule.pdf,
phone,pass,Published phone: 0000000198 ,https://www.ugc.ac.lk/downloads/Standing%20Committees/2026%20SC%20Meeting%20Schedule.pdf,
phone,pass,Published phone: 0000000219 ,https://www.ugc.ac.lk/downloads/Standing%20Committees/2026%20SC%20Meeting%20Schedule.pdf,
phone,pass,Published phone: 0000000341 ,https://www.ugc.ac.lk/downloads/Standing%20Committees/2026%20SC%20Meeting%20Schedule.pdf,
phone,pass,Published phone: 0000000456 ,https://www.ugc.ac.lk/downloads/Standing%20Committees/2026%20SC%20Meeting%20Schedule.pdf,
phone,pass,Published phone: 0000000514 ,https://www.ugc.ac.lk/downloads/Standing%20Committees/2026%20SC%20Meeting%20Schedule.pdf,
phone,pass,Published phone: 0000000580 ,https://www.ugc.ac.lk/downloads/Standing%20Committees/2026%20SC%20Meeting%20Schedule.pdf,
phone,pass,Published phone: 0000000288 ,https://www.ugc.ac.lk/downloads/Standing%20Committees/2026%20SC%20Meeting%20Schedule.pdf,
phone,pass,Published phone: 0000000442 ,https://www.ugc.ac.lk/downloads/Standing%20Committees/2026%20SC%20Meeting%20Schedule.pdf,
phone,pass,Published phone: 0000000270 ,https://www.ugc.ac.lk/downloads/Standing%20Committees/2026%20SC%20Meeting%20Schedule.pdf,
phone,pass,Published phone: 0000000181 ,https://www.ugc.ac.lk/downloads/Standing%20Committees/2026%20SC%20Meeting%20Schedule.pdf,
phone,pass,Published phone: 0000000542 ,https://www.ugc.ac.lk/downloads/Standing%20Committees/2026%20SC%20Meeting%20Schedule.pdf,
phone,pass,Published phone: 0000000069 ,https://www.ugc.ac.lk/downloads/Standing%20Committees/2026%20SC%20Meeting%20Schedule.pdf,
phone,pass,Published phone: 0000000316 ,https://www.ugc.ac.lk/downloads/Standing%20Committees/2026%20SC%20Meeting%20Schedule.pdf,
phone,pass,Published phone: 0000000390 ,https://www.ugc.ac.lk/downloads/Standing%20Committees/2026%20SC%20Meeting%20Schedule.pdf,
phone,pass,Published phone: 0000000356 ,https://www.ugc.ac.lk/downloads/Standing%20Committees/2026%20SC%20Meeting%20Schedule.pdf,
phone,pass,Published phone: 0000000042 ,https://www.ugc.ac.lk/downloads/Standing%20Committees/2026%20SC%20Meeting%20Schedule.pdf,
phone,pass,Published phone: 0000000495 ,https://www.ugc.ac.lk/downloads/Standing%20Committees/2026%20SC%20Meeting%20Schedule.pdf,
phone,pass,Published phone: 0000000227 ,https://www.ugc.ac.lk/downloads/Standing%20Committees/2026%20SC%20Meeting%20Schedule.pdf,
phone,pass,Published phone: 0000000110 ,https://www.ugc.ac.lk/downloads/Standing%20Committees/2026%20SC%20Meeting%20Schedule.pdf,
phone,pass,Published phone: 0000000388 ,https://www.ugc.ac.lk/downloads/Standing%20Committees/2026%20SC%20Meeting%20Schedule.pdf,
phone,pass,Published phone: 0000000209 ,https://www.ugc.ac.lk/downloads/Standing%20Committees/2026%20SC%20Meeting%20Schedule.pdf,
phone,pass,Published phone: 0000000177 ,https://www.ugc.ac.lk/downloads/Standing%20Committees/2026%20SC%20Meeting%20Schedule.pdf,
phone,pass,Published phone: 0000000379 ,https://www.ugc.ac.lk/downloads/Standing%20Committees/2026%20SC%20Meeting%20Schedule.pdf,
phone,pass,Published phone: 0000000547 ,https://www.ugc.ac.lk/downloads/Standing%20Committees/2026%20SC%20Meeting%20Schedule.pdf,
phone,pass,Published phone: 0000007675 ,https://www.ugc.ac.lk/downloads/Standing%20Committees/2026%20SC%20Meeting%20Schedule.pdf,
phone,pass,Published phone: 0000000160 ,https://www.ugc.ac.lk/downloads/Standing%20Committees/2026%20SC%20Meeting%20Schedule.pdf,
phone,pass,Published phone: 0000000298 ,https://www.ugc.ac.lk/downloads/Standing%20Committees/2026%20SC%20Meeting%20Schedule.pdf,
phone,pass,Published phone: 0000000119 ,https://www.ugc.ac.lk/downloads/Standing%20Committees/2026%20SC%20Meeting%20Schedule.pdf,
phone,pass,Published phone: 0000000350 ,https://www.ugc.ac.lk/downloads/Standing%20Committees/2026%20SC%20Meeting%20Schedule.pdf,
phone,pass,Published phone: 0000000166 ,https://www.ugc.ac.lk/downloads/Standing%20Committees/2026%20SC%20Meeting%20Schedule.pdf,
phone,pass,Published phone: 0000000244 ,https://www.ugc.ac.lk/downloads/Standing%20Committees/2026%20SC%20Meeting%20Schedule.pdf,
phone,pass,Published phone: 0000000191 ,https://www.ugc.ac.lk/downloads/Standing%20Committees/2026%20SC%20Meeting%20Schedule.pdf,
phone,pass,Published phone: 0000000051 ,https://www.ugc.ac.lk/downloads/Standing%20Committees/2026%20SC%20Meeting%20Schedule.pdf,
phone,pass,Published phone: 0000000351 ,https://www.ugc.ac.lk/downloads/Standing%20Committees/2026%20SC%20Meeting%20Schedule.pdf,
phone,pass,Published phone: 0000000161 ,https://www.ugc.ac.lk/downloads/Standing%20Committees/2026%20SC%20Meeting%20Schedule.pdf,
phone,pass,Published phone: 0000000513 ,https://www.ugc.ac.lk/downloads/Standing%20Committees/2026%20SC%20Meeting%20Schedule.pdf,
phone,pass,Published phone: 0000000243 ,https://www.ugc.ac.lk/downloads/Standing%20Committees/2026%20SC%20Meeting%20Schedule.pdf,
phone,pass,Published phone: 0000000213 ,https://www.ugc.ac.lk/downloads/Standing%20Committees/2026%20SC%20Meeting%20Schedule.pdf,
phone,pass,Published phone: 0000000044 ,https://www.ugc.ac.lk/downloads/Standing%20Committees/2026%20SC%20Meeting%20Schedule.pdf,
phone,pass,Published phone: 0000000280 ,https://www.ugc.ac.lk/downloads/Standing%20Committees/2026%20SC%20Meeting%20Schedule.pdf,
phone,pass,Published phone: 0000000497 ,https://www.ugc.ac.lk/downloads/Standing%20Committees/2026%20SC%20Meeting%20Schedule.pdf,
phone,pass,Published phone: 0000000344 ,https://www.ugc.ac.lk/downloads/Standing%20Committees/2026%20SC%20Meeting%20Schedule.pdf,
phone,pass,Published phone: 0000000392 ,https://www.ugc.ac.lk/downloads/Standing%20Committees/2026%20SC%20Meeting%20Schedule.pdf,
phone,pass,Published phone: 0000000374 ,https://www.ugc.ac.lk/downloads/Standing%20Committees/2026%20SC%20Meeting%20Schedule.pdf,
phone,pass,Published phone: 0000000035 ,https://www.ugc.ac.lk/downloads/Standing%20Committees/2026%20SC%20Meeting%20Schedule.pdf,
phone,pass,Published phone: 0000000147 ,https://www.ugc.ac.lk/downloads/Standing%20Committees/2026%20SC%20Meeting%20Schedule.pdf,
phone,pass,Published phone: 0000000533 ,https://www.ugc.ac.lk/downloads/Standing%20Committees/2026%20SC%20Meeting%20Schedule.pdf,
phone,pass,Published phone: 0 0 0 0 0 0 0 0 0 0 ,https://www.ugc.ac.lk/downloads/Standing%20Committees/2026%20SC%20Meeting%20Schedule.pdf,
phone,pass,Published phone: 0000000038 ,https://www.ugc.ac.lk/downloads/Standing%20Committees/2026%20SC%20Meeting%20Schedule.pdf,
phone,pass,Published phone: 0000000045 ,https://www.ugc.ac.lk/downloads/Standing%20Committees/2026%20SC%20Meeting%20Schedule.pdf,
phone,pass,Published phone: 0000000245 ,https://www.ugc.ac.lk/downloads/Standing%20Committees/2026%20SC%20Meeting%20Schedule.pdf,
phone,pass,Published phone: 0000000225 ,https://www.ugc.ac.lk/downloads/Standing%20Committees/2026%20SC%20Meeting%20Schedule.pdf,
phone,pass,Published phone: 0000000308 ,https://www.ugc.ac.lk/downloads/Standing%20Committees/2026%20SC%20Meeting%20Schedule.pdf,
phone,pass,Published phone: 0000000368 ,https://www.ugc.ac.lk/downloads/Standing%20Committees/2026%20SC%20Meeting%20Schedule.pdf,
phone,pass,Published phone: 0000000178 ,https://www.ugc.ac.lk/downloads/Standing%20Committees/2026%20SC%20Meeting%20Schedule.pdf,
phone,pass,Published phone: 0000000422 ,https://www.ugc.ac.lk/downloads/Standing%20Committees/2026%20SC%20Meeting%20Schedule.pdf,
phone,pass,Published phone: 0000000558 ,https://www.ugc.ac.lk/downloads/Standing%20Committees/2026%20SC%20Meeting%20Schedule.pdf,
phone,pass,Published phone: 0000000019 ,https://www.ugc.ac.lk/downloads/Standing%20Committees/2026%20SC%20Meeting%20Schedule.pdf,
phone,pass,Published phone: 0000000545 ,https://www.ugc.ac.lk/downloads/Standing%20Committees/2026%20SC%20Meeting%20Schedule.pdf,
phone,pass,Published phone: 0000000151 ,https://www.ugc.ac.lk/downloads/Standing%20Committees/2026%20SC%20Meeting%20Schedule.pdf,
phone,pass,Published phone: 0000000522 ,https://www.ugc.ac.lk/downloads/Standing%20Committees/2026%20SC%20Meeting%20Schedule.pdf,
phone,pass,Published phone: 0000000360 ,https://www.ugc.ac.lk/downloads/Standing%20Committees/2026%20SC%20Meeting%20Schedule.pdf,
phone,pass,Published phone: 0000000590 ,https://www.ugc.ac.lk/downloads/Standing%20Committees/2026%20SC%20Meeting%20Schedule.pdf,
phone,pass,Published phone: 0000000404 ,https://www.ugc.ac.lk/downloads/Standing%20Committees/2026%20SC%20Meeting%20Schedule.pdf,
phone,pass,Published phone: 0000000275 ,https://www.ugc.ac.lk/downloads/Standing%20Committees/2026%20SC%20Meeting%20Schedule.pdf,
phone,pass,Published phone: 0000000271 ,https://www.ugc.ac.lk/downloads/Standing%20Committees/2026%20SC%20Meeting%20Schedule.pdf,
phone,pass,Published phone: 0000000468 ,https://www.ugc.ac.lk/downloads/Standing%20Committees/2026%20SC%20Meeting%20Schedule.pdf,
phone,pass,Published phone: 0000000407 ,https://www.ugc.ac.lk/downloads/Standing%20Committees/2026%20SC%20Meeting%20Schedule.pdf,
phone,pass,Published phone: 0000000272 ,https://www.ugc.ac.lk/downloads/Standing%20Committees/2026%20SC%20Meeting%20Schedule.pdf,
phone,pass,Published phone: 0000000041 ,https://www.ugc.ac.lk/downloads/Standing%20Committees/2026%20SC%20Meeting%20Schedule.pdf,
phone,pass,Published phone: 0000000062 ,https://www.ugc.ac.lk/downloads/Standing%20Committees/2026%20SC%20Meeting%20Schedule.pdf,
phone,pass,Published phone: 0000000330 ,https://www.ugc.ac.lk/downloads/Standing%20Committees/2026%20SC%20Meeting%20Schedule.pdf,
phone,pass,Published phone: 0000000451 ,https://www.ugc.ac.lk/downloads/Standing%20Committees/2026%20SC%20Meeting%20Schedule.pdf,
phone,pass,Published phone: 0000000563 ,https://www.ugc.ac.lk/downloads/Standing%20Committees/2026%20SC%20Meeting%20Schedule.pdf,
phone,pass,Published phone: 0000000075 ,https://www.ugc.ac.lk/downloads/Standing%20Committees/2026%20SC%20Meeting%20Schedule.pdf,
phone,pass,Published phone: 0000000068 ,https://www.ugc.ac.lk/downloads/Standing%20Committees/2026%20SC%20Meeting%20Schedule.pdf,
phone,pass,Published phone: 0000000249 ,https://www.ugc.ac.lk/downloads/Standing%20Committees/2026%20SC%20Meeting%20Schedule.pdf,
phone,pass,Published phone: 0000000509 ,https://www.ugc.ac.lk/downloads/Standing%20Committees/2026%20SC%20Meeting%20Schedule.pdf,
phone,pass,Published phone: 0000000138 ,https://www.ugc.ac.lk/downloads/Standing%20Committees/2026%20SC%20Meeting%20Schedule.pdf,
phone,pass,Published phone: 0000000376 ,https://www.ugc.ac.lk/downloads/Standing%20Committees/2026%20SC%20Meeting%20Schedule.pdf,
phone,pass,Published phone: 0000000415 ,https://www.ugc.ac.lk/downloads/Standing%20Committees/2026%20SC%20Meeting%20Schedule.pdf,
phone,pass,Published phone: 0000000409 ,https://www.ugc.ac.lk/downloads/Standing%20Committees/2026%20SC%20Meeting%20Schedule.pdf,
phone,pass,Published phone: 0000066780 ,https://www.ugc.ac.lk/downloads/Standing%20Committees/2026%20SC%20Meeting%20Schedule.pdf,
phone,pass,Published phone: 0000000201 ,https://www.ugc.ac.lk/downloads/Standing%20Committees/2026%20SC%20Meeting%20Schedule.pdf,
phone,pass,Published phone: 0000000332 ,https://www.ugc.ac.lk/downloads/Standing%20Committees/2026%20SC%20Meeting%20Schedule.pdf,
phone,pass,Published phone: 0000000354 ,https://www.ugc.ac.lk/downloads/Standing%20Committees/2026%20SC%20Meeting%20Schedule.pdf,
phone,pass,Published phone: 0000000169 ,https://www.ugc.ac.lk/downloads/Standing%20Committees/2026%20SC%20Meeting%20Schedule.pdf,
phone,pass,Published phone: 0000000536 ,https://www.ugc.ac.lk/downloads/Standing%20Committees/2026%20SC%20Meeting%20Schedule.pdf,
phone,pass,Published phone: 0000000137 ,https://www.ugc.ac.lk/downloads/Standing%20Committees/2026%20SC%20Meeting%20Schedule.pdf,
phone,pass,Published phone: 0000000273 ,https://www.ugc.ac.lk/downloads/Standing%20Committees/2026%20SC%20Meeting%20Schedule.pdf,
phone,pass,Published phone: 0000000481 ,https://www.ugc.ac.lk/downloads/Standing%20Committees/2026%20SC%20Meeting%20Schedule.pdf,
phone,pass,Published phone: 0000000588 ,https://www.ugc.ac.lk/downloads/Standing%20Committees/2026%20SC%20Meeting%20Schedule.pdf,
phone,pass,Published phone: 0000000228 ,https://www.ugc.ac.lk/downloads/Standing%20Committees/2026%20SC%20Meeting%20Schedule.pdf,
phone,pass,Published phone: 0000000328 ,https://www.ugc.ac.lk/downloads/Standing%20Committees/2026%20SC%20Meeting%20Schedule.pdf,
phone,pass,Published phone: 0000000516 ,https://www.ugc.ac.lk/downloads/Standing%20Committees/2026%20SC%20Meeting%20Schedule.pdf,
phone,pass,Published phone: 0000000464 ,https://www.ugc.ac.lk/downloads/Standing%20Committees/2026%20SC%20Meeting%20Schedule.pdf,
phone,pass,Published phone: 0000000570 ,https://www.ugc.ac.lk/downloads/Standing%20Committees/2026%20SC%20Meeting%20Schedule.pdf,
phone,pass,Published phone: 0000000260 ,https://www.ugc.ac.lk/downloads/Standing%20Committees/2026%20SC%20Meeting%20Schedule.pdf,
phone,pass,Published phone: 0000000314 ,https://www.ugc.ac.lk/downloads/Standing%20Committees/2026%20SC%20Meeting%20Schedule.pdf,
phone,pass,Published phone: 0000000285 ,https://www.ugc.ac.lk/downloads/Standing%20Committees/2026%20SC%20Meeting%20Schedule.pdf,
phone,pass,Published phone: 0000000108 ,https://www.ugc.ac.lk/downloads/Standing%20Committees/2026%20SC%20Meeting%20Schedule.pdf,
phone,pass,Published phone: 0000000389 ,https://www.ugc.ac.lk/downloads/Standing%20Committees/2026%20SC%20Meeting%20Schedule.pdf,
phone,pass,Published phone: 0000000743 ,https://www.ugc.ac.lk/downloads/Standing%20Committees/2026%20SC%20Meeting%20Schedule.pdf,
phone,pass,Published phone: 0000000487 ,https://www.ugc.ac.lk/downloads/Standing%20Committees/2026%20SC%20Meeting%20Schedule.pdf,
phone,pass,Published phone: 0000000418 ,https://www.ugc.ac.lk/downloads/Standing%20Committees/2026%20SC%20Meeting%20Schedule.pdf,
phone,pass,Published phone: 0000000039 ,https://www.ugc.ac.lk/downloads/Standing%20Committees/2026%20SC%20Meeting%20Schedule.pdf,
phone,pass,Published phone: 0000000239 ,https://www.ugc.ac.lk/downloads/Standing%20Committees/2026%20SC%20Meeting%20Schedule.pdf,
phone,pass,Published phone: 0000000436 ,https://www.ugc.ac.lk/downloads/Standing%20Committees/2026%20SC%20Meeting%20Schedule.pdf,
phone,pass,Published phone: 0000000337 ,https://www.ugc.ac.lk/downloads/Standing%20Committees/2026%20SC%20Meeting%20Schedule.pdf,
phone,pass,Published phone: 0000000568 ,https://www.ugc.ac.lk/downloads/Standing%20Committees/2026%20SC%20Meeting%20Schedule.pdf,
phone,pass,Published phone: 0000000485 ,https://www.ugc.ac.lk/downloads/Standing%20Committees/2026%20SC%20Meeting%20Schedule.pdf,
phone,pass,Published phone: 0000000030 ,https://www.ugc.ac.lk/downloads/Standing%20Committees/2026%20SC%20Meeting%20Schedule.pdf,
phone,pass,Published phone: 0000000517 ,https://www.ugc.ac.lk/downloads/Standing%20Committees/2026%20SC%20Meeting%20Schedule.pdf,
phone,pass,Published phone: 0 0 1182.09 91,https://www.ugc.ac.lk/downloads/Standing%20Committees/2026%20SC%20Meeting%20Schedule.pdf,
phone,pass,Published phone: 0000000296 ,https://www.ugc.ac.lk/downloads/Standing%20Committees/2026%20SC%20Meeting%20Schedule.pdf,
phone,pass,Published phone: 0000000054 ,https://www.ugc.ac.lk/downloads/Standing%20Committees/2026%20SC%20Meeting%20Schedule.pdf,
phone,pass,Published phone: 0000000506 ,https://www.ugc.ac.lk/downloads/Standing%20Committees/2026%20SC%20Meeting%20Schedule.pdf,
phone,pass,Published phone: 0 573 705 0 55,https://www.ugc.ac.lk/downloads/Standing%20Committees/2026%20SC%20Meeting%20Schedule.pdf,
phone,pass,Published phone: 0000000528 ,https://www.ugc.ac.lk/downloads/Standing%20Committees/2026%20SC%20Meeting%20Schedule.pdf,
phone,pass,Published phone: 0000000377 ,https://www.ugc.ac.lk/downloads/Standing%20Committees/2026%20SC%20Meeting%20Schedule.pdf,
phone,pass,Published phone: 0000000334 ,https://www.ugc.ac.lk/downloads/Standing%20Committees/2026%20SC%20Meeting%20Schedule.pdf,
phone,pass,Published phone: 0000000063 ,https://www.ugc.ac.lk/downloads/Standing%20Committees/2026%20SC%20Meeting%20Schedule.pdf,
phone,pass,Published phone: 0000000524 ,https://www.ugc.ac.lk/downloads/Standing%20Committees/2026%20SC%20Meeting%20Schedule.pdf,
phone,pass,Published phone: 0000000541 ,https://www.ugc.ac.lk/downloads/Standing%20Committees/2026%20SC%20Meeting%20Schedule.pdf,
phone,pass,Published phone: 0000000162 ,https://www.ugc.ac.lk/downloads/Standing%20Committees/2026%20SC%20Meeting%20Schedule.pdf,
phone,pass,Published phone: 0000000186 ,https://www.ugc.ac.lk/downloads/Standing%20Committees/2026%20SC%20Meeting%20Schedule.pdf,
phone,pass,Published phone: 0000000515 ,https://www.ugc.ac.lk/downloads/Standing%20Committees/2026%20SC%20Meeting%20Schedule.pdf,
phone,pass,Published phone: 0000000085 ,https://www.ugc.ac.lk/downloads/Standing%20Committees/2026%20SC%20Meeting%20Schedule.pdf,
phone,pass,Published phone: 0000000087 ,https://www.ugc.ac.lk/downloads/Standing%20Committees/2026%20SC%20Meeting%20Schedule.pdf,
phone,pass,Published phone: 0000000473 ,https://www.ugc.ac.lk/downloads/Standing%20Committees/2026%20SC%20Meeting%20Schedule.pdf,
phone,pass,Published phone: 0000000210 ,https://www.ugc.ac.lk/downloads/Standing%20Committees/2026%20SC%20Meeting%20Schedule.pdf,
phone,pass,Published phone: 0000000067 ,https://www.ugc.ac.lk/downloads/Standing%20Committees/2026%20SC%20Meeting%20Schedule.pdf,
phone,pass,Published phone: 0000000097 ,https://www.ugc.ac.lk/downloads/Standing%20Committees/2026%20SC%20Meeting%20Schedule.pdf,
phone,pass,Published phone: 0000000193 ,https://www.ugc.ac.lk/downloads/Standing%20Committees/2026%20SC%20Meeting%20Schedule.pdf,
phone,pass,Published phone: 0000000530 ,https://www.ugc.ac.lk/downloads/Standing%20Committees/2026%20SC%20Meeting%20Schedule.pdf,
phone,pass,Published phone: 0000009319 ,https://www.ugc.ac.lk/downloads/Standing%20Committees/2026%20SC%20Meeting%20Schedule.pdf,
phone,pass,Published phone: 0 0 0 0 232 0 59,https://www.ugc.ac.lk/downloads/Standing%20Committees/2026%20SC%20Meeting%20Schedule.pdf,
phone,pass,Published phone: 0000000141 ,https://www.ugc.ac.lk/downloads/Standing%20Committees/2026%20SC%20Meeting%20Schedule.pdf,
phone,pass,Published phone: 0000000396 ,https://www.ugc.ac.lk/downloads/Standing%20Committees/2026%20SC%20Meeting%20Schedule.pdf,
phone,pass,Published phone: 0000000527 ,https://www.ugc.ac.lk/downloads/Standing%20Committees/2026%20SC%20Meeting%20Schedule.pdf,
phone,pass,Published phone: 0000000538 ,https://www.ugc.ac.lk/downloads/Standing%20Committees/2026%20SC%20Meeting%20Schedule.pdf,
phone,pass,Published phone: 0000000232 ,https://www.ugc.ac.lk/downloads/Standing%20Committees/2026%20SC%20Meeting%20Schedule.pdf,
phone,pass,Published phone: 0000000336 ,https://www.ugc.ac.lk/downloads/Standing%20Committees/2026%20SC%20Meeting%20Schedule.pdf,
phone,pass,Published phone: 0000000124 ,https://www.ugc.ac.lk/downloads/Standing%20Committees/2026%20SC%20Meeting%20Schedule.pdf,
phone,pass,Published phone: 0000000503 ,https://www.ugc.ac.lk/downloads/Standing%20Committees/2026%20SC%20Meeting%20Schedule.pdf,
phone,pass,Published phone: 0000000470 ,https://www.ugc.ac.lk/downloads/Standing%20Committees/2026%20SC%20Meeting%20Schedule.pdf,
phone,pass,Published phone: 0000000471 ,https://www.ugc.ac.lk/downloads/Standing%20Committees/2026%20SC%20Meeting%20Schedule.pdf,
phone,pass,Published phone: 0000000460 ,https://www.ugc.ac.lk/downloads/Standing%20Committees/2026%20SC%20Meeting%20Schedule.pdf,
phone,pass,Published phone: 0000000372 ,https://www.ugc.ac.lk/downloads/Standing%20Committees/2026%20SC%20Meeting%20Schedule.pdf,
phone,pass,Published phone: 0000000167 ,https://www.ugc.ac.lk/downloads/Standing%20Committees/2026%20SC%20Meeting%20Schedule.pdf,
phone,pass,Published phone: 0000000251 ,https://www.ugc.ac.lk/downloads/Standing%20Committees/2026%20SC%20Meeting%20Schedule.pdf,
phone,pass,Published phone: 0000000145 ,https://www.ugc.ac.lk/downloads/Standing%20Committees/2026%20SC%20Meeting%20Schedule.pdf,
phone,pass,Published phone: 0000000128 ,https://www.ugc.ac.lk/downloads/Standing%20Committees/2026%20SC%20Meeting%20Schedule.pdf,
phone,pass,Published phone: 0000000202 ,https://www.ugc.ac.lk/downloads/Standing%20Committees/2026%20SC%20Meeting%20Schedule.pdf,
phone,pass,Published phone: 0000000267 ,https://www.ugc.ac.lk/downloads/Standing%20Committees/2026%20SC%20Meeting%20Schedule.pdf,
phone,pass,Published phone: 0000000494 ,https://www.ugc.ac.lk/downloads/Standing%20Committees/2026%20SC%20Meeting%20Schedule.pdf,
phone,pass,Published phone: 0000000143 ,https://www.ugc.ac.lk/downloads/Standing%20Committees/2026%20SC%20Meeting%20Schedule.pdf,
phone,pass,Published phone: 0000000479 ,https://www.ugc.ac.lk/downloads/Standing%20Committees/2026%20SC%20Meeting%20Schedule.pdf,
phone,pass,Published phone: 0000000531 ,https://www.ugc.ac.lk/downloads/Standing%20Committees/2026%20SC%20Meeting%20Schedule.pdf,
phone,pass,Published phone: 0000000152 ,https://www.ugc.ac.lk/downloads/Standing%20Committees/2026%20SC%20Meeting%20Schedule.pdf,
phone,pass,Published phone: 0000000382 ,https://www.ugc.ac.lk/downloads/Standing%20Committees/2026%20SC%20Meeting%20Schedule.pdf,
phone,pass,Published phone: 0000000027 ,https://www.ugc.ac.lk/downloads/Standing%20Committees/2026%20SC%20Meeting%20Schedule.pdf,
phone,pass,Published phone: 0000000311 ,https://www.ugc.ac.lk/downloads/Standing%20Committees/2026%20SC%20Meeting%20Schedule.pdf,
phone,pass,Published phone: 0000000224 ,https://www.ugc.ac.lk/downloads/Standing%20Committees/2026%20SC%20Meeting%20Schedule.pdf,
phone,pass,Published phone: 0 520 597 314 ,https://www.ugc.ac.lk/downloads/Standing%20Committees/2026%20SC%20Meeting%20Schedule.pdf,
phone,pass,Published phone: 0000000526 ,https://www.ugc.ac.lk/downloads/Standing%20Committees/2026%20SC%20Meeting%20Schedule.pdf,
phone,pass,Published phone: 0000000098 ,https://www.ugc.ac.lk/downloads/Standing%20Committees/2026%20SC%20Meeting%20Schedule.pdf,
phone,pass,Published phone: 0000000564 ,https://www.ugc.ac.lk/downloads/Standing%20Committees/2026%20SC%20Meeting%20Schedule.pdf,
phone,pass,Published phone: 0000000073 ,https://www.ugc.ac.lk/downloads/Standing%20Committees/2026%20SC%20Meeting%20Schedule.pdf,
phone,pass,Published phone: 0000000037 ,https://www.ugc.ac.lk/downloads/Standing%20Committees/2026%20SC%20Meeting%20Schedule.pdf,
phone,pass,Published phone: 0000000157 ,https://www.ugc.ac.lk/downloads/Standing%20Committees/2026%20SC%20Meeting%20Schedule.pdf,
phone,pass,Published phone: 0000000036 ,https://www.ugc.ac.lk/downloads/Standing%20Committees/2026%20SC%20Meeting%20Schedule.pdf,
phone,pass,Published phone: 0000000253 ,https://www.ugc.ac.lk/downloads/Standing%20Committees/2026%20SC%20Meeting%20Schedule.pdf,
phone,pass,Published phone: 0000000371 ,https://www.ugc.ac.lk/downloads/Standing%20Committees/2026%20SC%20Meeting%20Schedule.pdf,
phone,pass,Published phone: 0 600 000000,https://www.ugc.ac.lk/downloads/Standing%20Committees/2026%20SC%20Meeting%20Schedule.pdf,
phone,pass,Published phone: 0000000095 ,https://www.ugc.ac.lk/downloads/Standing%20Committees/2026%20SC%20Meeting%20Schedule.pdf,
phone,pass,Published phone: 0000000387 ,https://www.ugc.ac.lk/downloads/Standing%20Committees/2026%20SC%20Meeting%20Schedule.pdf,
phone,pass,Published phone: 0000000553 ,https://www.ugc.ac.lk/downloads/Standing%20Committees/2026%20SC%20Meeting%20Schedule.pdf,
phone,pass,Published phone: 0000000433 ,https://www.ugc.ac.lk/downloads/Standing%20Committees/2026%20SC%20Meeting%20Schedule.pdf,
phone,pass,Published phone: 0000000571 ,https://www.ugc.ac.lk/downloads/Standing%20Committees/2026%20SC%20Meeting%20Schedule.pdf,
phone,pass,Published phone: 0000000216 ,https://www.ugc.ac.lk/downloads/Standing%20Committees/2026%20SC%20Meeting%20Schedule.pdf,
phone,pass,Published phone: 0000000231 ,https://www.ugc.ac.lk/downloads/Standing%20Committees/2026%20SC%20Meeting%20Schedule.pdf,
phone,pass,Published phone: 0000000263 ,https://www.ugc.ac.lk/downloads/Standing%20Committees/2026%20SC%20Meeting%20Schedule.pdf,
phone,pass,Published phone: 0000000184 ,https://www.ugc.ac.lk/downloads/Standing%20Committees/2026%20SC%20Meeting%20Schedule.pdf,
phone,pass,Published phone: 0000000294 ,https://www.ugc.ac.lk/downloads/Standing%20Committees/2026%20SC%20Meeting%20Schedule.pdf,
phone,pass,Published phone: 0000000307 ,https://www.ugc.ac.lk/downloads/Standing%20Committees/2026%20SC%20Meeting%20Schedule.pdf,
phone,pass,Published phone: 0000000574 ,https://www.ugc.ac.lk/downloads/Standing%20Committees/2026%20SC%20Meeting%20Schedule.pdf,
phone,pass,Published phone: 0000000496 ,https://www.ugc.ac.lk/downloads/Standing%20Committees/2026%20SC%20Meeting%20Schedule.pdf,
phone,pass,Published phone: 0000000122 ,https://www.ugc.ac.lk/downloads/Standing%20Committees/2026%20SC%20Meeting%20Schedule.pdf,
phone,pass,Published phone: 0000000585 ,https://www.ugc.ac.lk/downloads/Standing%20Committees/2026%20SC%20Meeting%20Schedule.pdf,
phone,pass,Published phone: 0000000059 ,https://www.ugc.ac.lk/downloads/Standing%20Committees/2026%20SC%20Meeting%20Schedule.pdf,
phone,pass,Published phone: 0000000164 ,https://www.ugc.ac.lk/downloads/Standing%20Committees/2026%20SC%20Meeting%20Schedule.pdf,
phone,pass,Published phone: 0000000078 ,https://www.ugc.ac.lk/downloads/Standing%20Committees/2026%20SC%20Meeting%20Schedule.pdf,
phone,pass,Published phone: 0000000394 ,https://www.ugc.ac.lk/downloads/Standing%20Committees/2026%20SC%20Meeting%20Schedule.pdf,
phone,pass,Published phone: 0000000581 ,https://www.ugc.ac.lk/downloads/Standing%20Committees/2026%20SC%20Meeting%20Schedule.pdf,
phone,pass,Published phone: 0000000240 ,https://www.ugc.ac.lk/downloads/Standing%20Committees/2026%20SC%20Meeting%20Schedule.pdf,
phone,pass,Published phone: 0000000236 ,https://www.ugc.ac.lk/downloads/Standing%20Committees/2026%20SC%20Meeting%20Schedule.pdf,
phone,pass,Published phone: 0000000149 ,https://www.ugc.ac.lk/downloads/Standing%20Committees/2026%20SC%20Meeting%20Schedule.pdf,
phone,pass,Published phone: 0000000023 ,https://www.ugc.ac.lk/downloads/Standing%20Committees/2026%20SC%20Meeting%20Schedule.pdf,
phone,pass,Published phone: 0000000504 ,https://www.ugc.ac.lk/downloads/Standing%20Committees/2026%20SC%20Meeting%20Schedule.pdf,
phone,pass,Published phone: 0000000361 ,https://www.ugc.ac.lk/downloads/Standing%20Committees/2026%20SC%20Meeting%20Schedule.pdf,
phone,pass,Published phone: 0000008613 ,https://www.ugc.ac.lk/downloads/Standing%20Committees/2026%20SC%20Meeting%20Schedule.pdf,
phone,pass,Published phone: 0000000266 ,https://www.ugc.ac.lk/downloads/Standing%20Committees/2026%20SC%20Meeting%20Schedule.pdf,
phone,pass,Published phone: 0000000339 ,https://www.ugc.ac.lk/downloads/Standing%20Committees/2026%20SC%20Meeting%20Schedule.pdf,
phone,pass,Published phone: 0000000366 ,https://www.ugc.ac.lk/downloads/Standing%20Committees/2026%20SC%20Meeting%20Schedule.pdf,
phone,pass,Published phone: 0000000207 ,https://www.ugc.ac.lk/downloads/Standing%20Committees/2026%20SC%20Meeting%20Schedule.pdf,
phone,pass,Published phone: 0000000416 ,https://www.ugc.ac.lk/downloads/Standing%20Committees/2026%20SC%20Meeting%20Schedule.pdf,
phone,pass,Published phone: 0000000562 ,https://www.ugc.ac.lk/downloads/Standing%20Committees/2026%20SC%20Meeting%20Schedule.pdf,
phone,pass,Published phone: 0000000089 ,https://www.ugc.ac.lk/downloads/Standing%20Committees/2026%20SC%20Meeting%20Schedule.pdf,
phone,pass,Published phone: 0000000300 ,https://www.ugc.ac.lk/downloads/Standing%20Committees/2026%20SC%20Meeting%20Schedule.pdf,
phone,pass,Published phone: 0000000233 ,https://www.ugc.ac.lk/downloads/Standing%20Committees/2026%20SC%20Meeting%20Schedule.pdf,
phone,pass,Published phone: 0000000200 ,https://www.ugc.ac.lk/downloads/Standing%20Committees/2026%20SC%20Meeting%20Schedule.pdf,
phone,pass,Published phone: 0000000125 ,https://www.ugc.ac.lk/downloads/Standing%20Committees/2026%20SC%20Meeting%20Schedule.pdf,
phone,pass,Published phone: 0000000118 ,https://www.ugc.ac.lk/downloads/Standing%20Committees/2026%20SC%20Meeting%20Schedule.pdf,
phone,pass,Published phone: 0000000405 ,https://www.ugc.ac.lk/downloads/Standing%20Committees/2026%20SC%20Meeting%20Schedule.pdf,
phone,pass,Published phone: 0000000123 ,https://www.ugc.ac.lk/downloads/Standing%20Committees/2026%20SC%20Meeting%20Schedule.pdf,
phone,pass,Published phone: 0000000500 ,https://www.ugc.ac.lk/downloads/Standing%20Committees/2026%20SC%20Meeting%20Schedule.pdf,
phone,pass,Published phone: 0000000175 ,https://www.ugc.ac.lk/downloads/Standing%20Committees/2026%20SC%20Meeting%20Schedule.pdf,
phone,pass,Published phone: 0000000446 ,https://www.ugc.ac.lk/downloads/Standing%20Committees/2026%20SC%20Meeting%20Schedule.pdf,
phone,pass,Published phone: 0000000163 ,https://www.ugc.ac.lk/downloads/Standing%20Committees/2026%20SC%20Meeting%20Schedule.pdf,
phone,pass,Published phone: 0000000102 ,https://www.ugc.ac.lk/downloads/Standing%20Committees/2026%20SC%20Meeting%20Schedule.pdf,
phone,pass,Published phone: 0000000278 ,https://www.ugc.ac.lk/downloads/Standing%20Committees/2026%20SC%20Meeting%20Schedule.pdf,
phone,pass,Published phone: 0000000335 ,https://www.ugc.ac.lk/downloads/Standing%20Committees/2026%20SC%20Meeting%20Schedule.pdf,
phone,pass,Published phone: 0000000258 ,https://www.ugc.ac.lk/downloads/Standing%20Committees/2026%20SC%20Meeting%20Schedule.pdf,
phone,pass,Published phone: 0000000223 ,https://www.ugc.ac.lk/downloads/Standing%20Committees/2026%20SC%20Meeting%20Schedule.pdf,
phone,pass,Published phone: 0000000315 ,https://www.ugc.ac.lk/downloads/Standing%20Committees/2026%20SC%20Meeting%20Schedule.pdf,
phone,pass,Published phone: 0000000445 ,https://www.ugc.ac.lk/downloads/Standing%20Committees/2026%20SC%20Meeting%20Schedule.pdf,
phone,pass,Published phone: 0000000179 ,https://www.ugc.ac.lk/downloads/Standing%20Committees/2026%20SC%20Meeting%20Schedule.pdf,
phone,pass,Published phone: 0000000556 ,https://www.ugc.ac.lk/downloads/Standing%20Committees/2026%20SC%20Meeting%20Schedule.pdf,
phone,pass,Published phone: 0000000365 ,https://www.ugc.ac.lk/downloads/Standing%20Committees/2026%20SC%20Meeting%20Schedule.pdf,
phone,pass,Published phone: 0000000486 ,https://www.ugc.ac.lk/downloads/Standing%20Committees/2026%20SC%20Meeting%20Schedule.pdf,
phone,pass,Published phone: 0000000566 ,https://www.ugc.ac.lk/downloads/Standing%20Committees/2026%20SC%20Meeting%20Schedule.pdf,
phone,pass,Published phone: 0000000552 ,https://www.ugc.ac.lk/downloads/Standing%20Committees/2026%20SC%20Meeting%20Schedule.pdf,
phone,pass,Published phone: 0000000465 ,https://www.ugc.ac.lk/downloads/Standing%20Committees/2026%20SC%20Meeting%20Schedule.pdf,
phone,pass,Published phone: 0000000572 ,https://www.ugc.ac.lk/downloads/Standing%20Committees/2026%20SC%20Meeting%20Schedule.pdf,
phone,pass,Published phone: 0000000064 ,https://www.ugc.ac.lk/downloads/Standing%20Committees/2026%20SC%20Meeting%20Schedule.pdf,
phone,pass,Published phone: 0000000455 ,https://www.ugc.ac.lk/downloads/Standing%20Committees/2026%20SC%20Meeting%20Schedule.pdf,
phone,pass,Published phone: 0000000447 ,https://www.ugc.ac.lk/downloads/Standing%20Committees/2026%20SC%20Meeting%20Schedule.pdf,
phone,pass,Published phone: 0000000419 ,https://www.ugc.ac.lk/downloads/Standing%20Committees/2026%20SC%20Meeting%20Schedule.pdf,
phone,pass,Published phone: 0000000320 ,https://www.ugc.ac.lk/downloads/Standing%20Committees/2026%20SC%20Meeting%20Schedule.pdf,
phone,pass,Published phone: 0000000197 ,https://www.ugc.ac.lk/downloads/Standing%20Committees/2026%20SC%20Meeting%20Schedule.pdf,
phone,pass,Published phone: 0000000031 ,https://www.ugc.ac.lk/downloads/Standing%20Committees/2026%20SC%20Meeting%20Schedule.pdf,
phone,pass,Published phone: 0000000196 ,https://www.ugc.ac.lk/downloads/Standing%20Committees/2026%20SC%20Meeting%20Schedule.pdf,
phone,pass,Published phone: 0000000265 ,https://www.ugc.ac.lk/downloads/Standing%20Committees/2026%20SC%20Meeting%20Schedule.pdf,
phone,pass,Published phone: 0000000449 ,https://www.ugc.ac.lk/downloads/Standing%20Committees/2026%20SC%20Meeting%20Schedule.pdf,
phone,pass,Published phone: 0000008784 ,https://www.ugc.ac.lk/downloads/Standing%20Committees/2026%20SC%20Meeting%20Schedule.pdf,
phone,pass,Published phone: 0000000187 ,https://www.ugc.ac.lk/downloads/Standing%20Committees/2026%20SC%20Meeting%20Schedule.pdf,
phone,pass,Published phone: 0000000312 ,https://www.ugc.ac.lk/downloads/Standing%20Committees/2026%20SC%20Meeting%20Schedule.pdf,
phone,pass,Published phone: 0000000142 ,https://www.ugc.ac.lk/downloads/Standing%20Committees/2026%20SC%20Meeting%20Schedule.pdf,
phone,pass,Published phone: 0000000348 ,https://www.ugc.ac.lk/downloads/Standing%20Committees/2026%20SC%20Meeting%20Schedule.pdf,
phone,pass,Published phone: 0000000049 ,https://www.ugc.ac.lk/downloads/Standing%20Committees/2026%20SC%20Meeting%20Schedule.pdf,
phone,pass,Published phone: 0000000074 ,https://www.ugc.ac.lk/downloads/Standing%20Committees/2026%20SC%20Meeting%20Schedule.pdf,
phone,pass,Published phone: 0000000131 ,https://www.ugc.ac.lk/downloads/Standing%20Committees/2026%20SC%20Meeting%20Schedule.pdf,
phone,pass,Published phone: 0000000550 ,https://www.ugc.ac.lk/downloads/Standing%20Committees/2026%20SC%20Meeting%20Schedule.pdf,
phone,pass,Published phone: 0000000246 ,https://www.ugc.ac.lk/downloads/Standing%20Committees/2026%20SC%20Meeting%20Schedule.pdf,
phone,pass,Published phone: 0000000403 ,https://www.ugc.ac.lk/downloads/Standing%20Committees/2026%20SC%20Meeting%20Schedule.pdf,
phone,pass,Published phone: 0000000170 ,https://www.ugc.ac.lk/downloads/Standing%20Committees/2026%20SC%20Meeting%20Schedule.pdf,
phone,pass,Published phone: 0000000559 ,https://www.ugc.ac.lk/downloads/Standing%20Committees/2026%20SC%20Meeting%20Schedule.pdf,
phone,pass,Published phone: 0000000305 ,https://www.ugc.ac.lk/downloads/Standing%20Committees/2026%20SC%20Meeting%20Schedule.pdf,
phone,pass,Published phone: 0000000156 ,https://www.ugc.ac.lk/downloads/Standing%20Committees/2026%20SC%20Meeting%20Schedule.pdf,
phone,pass,Published phone: 0000000121 ,https://www.ugc.ac.lk/downloads/Standing%20Committees/2026%20SC%20Meeting%20Schedule.pdf,
phone,pass,Published phone: 0000000331 ,https://www.ugc.ac.lk/downloads/Standing%20Committees/2026%20SC%20Meeting%20Schedule.pdf,
phone,pass,Published phone: 0000000096 ,https://www.ugc.ac.lk/downloads/Standing%20Committees/2026%20SC%20Meeting%20Schedule.pdf,
phone,pass,Published phone: 0000000192 ,https://www.ugc.ac.lk/downloads/Standing%20Committees/2026%20SC%20Meeting%20Schedule.pdf,
phone,pass,Published phone: 0000000355 ,https://www.ugc.ac.lk/downloads/Standing%20Committees/2026%20SC%20Meeting%20Schedule.pdf,
phone,pass,Published phone: 0000000226 ,https://www.ugc.ac.lk/downloads/Standing%20Committees/2026%20SC%20Meeting%20Schedule.pdf,
phone,pass,Published phone: 0000000148 ,https://www.ugc.ac.lk/downloads/Standing%20Committees/2026%20SC%20Meeting%20Schedule.pdf,
phone,pass,Published phone: 0000000589 ,https://www.ugc.ac.lk/downloads/Standing%20Committees/2026%20SC%20Meeting%20Schedule.pdf,
phone,pass,Published phone: 0000021437 ,https://www.ugc.ac.lk/downloads/Standing%20Committees/2026%20SC%20Meeting%20Schedule.pdf,
phone,pass,Published phone: 0000160967 ,https://www.ugc.ac.lk/downloads/Standing%20Committees/2026%20SC%20Meeting%20Schedule.pdf,
phone,pass,Published phone: 0000000256 ,https://www.ugc.ac.lk/downloads/Standing%20Committees/2026%20SC%20Meeting%20Schedule.pdf,
phone,pass,Published phone: 0000000022 ,https://www.ugc.ac.lk/downloads/Standing%20Committees/2026%20SC%20Meeting%20Schedule.pdf,
phone,pass,Published phone: 0000000424 ,https://www.ugc.ac.lk/downloads/Standing%20Committees/2026%20SC%20Meeting%20Schedule.pdf,
phone,pass,Published phone: 0000000252 ,https://www.ugc.ac.lk/downloads/Standing%20Committees/2026%20SC%20Meeting%20Schedule.pdf,
phone,pass,Published phone: 0000000576 ,https://www.ugc.ac.lk/downloads/Standing%20Committees/2026%20SC%20Meeting%20Schedule.pdf,
phone,pass,Published phone: 0000000414 ,https://www.ugc.ac.lk/downloads/Standing%20Committees/2026%20SC%20Meeting%20Schedule.pdf,
phone,pass,Published phone: 0000000357 ,https://www.ugc.ac.lk/downloads/Standing%20Committees/2026%20SC%20Meeting%20Schedule.pdf,
phone,pass,Published phone: 0000000353 ,https://www.ugc.ac.lk/downloads/Standing%20Committees/2026%20SC%20Meeting%20Schedule.pdf,
phone,pass,Published phone: 0000000053 ,https://www.ugc.ac.lk/downloads/Standing%20Committees/2026%20SC%20Meeting%20Schedule.pdf,
phone,pass,Published phone: 0000000362 ,https://www.ugc.ac.lk/downloads/Standing%20Committees/2026%20SC%20Meeting%20Schedule.pdf,
phone,pass,Published phone: 0000000146 ,https://www.ugc.ac.lk/downloads/Standing%20Committees/2026%20SC%20Meeting%20Schedule.pdf,
phone,pass,Published phone: 0000000304 ,https://www.ugc.ac.lk/downloads/Standing%20Committees/2026%20SC%20Meeting%20Schedule.pdf,
phone,pass,Published phone: 0000000421 ,https://www.ugc.ac.lk/downloads/Standing%20Committees/2026%20SC%20Meeting%20Schedule.pdf,
phone,pass,Published phone: 0000000440 ,https://www.ugc.ac.lk/downloads/Standing%20Committees/2026%20SC%20Meeting%20Schedule.pdf,
phone,pass,Published phone: 0000000508 ,https://www.ugc.ac.lk/downloads/Standing%20Committees/2026%20SC%20Meeting%20Schedule.pdf,
phone,pass,Published phone: 0000000519 ,https://www.ugc.ac.lk/downloads/Standing%20Committees/2026%20SC%20Meeting%20Schedule.pdf,
phone,pass,Published phone: 0000000411 ,https://www.ugc.ac.lk/downloads/Standing%20Committees/2026%20SC%20Meeting%20Schedule.pdf,
phone,pass,Published phone: 0000000488 ,https://www.ugc.ac.lk/downloads/Standing%20Committees/2026%20SC%20Meeting%20Schedule.pdf,
phone,pass,Published phone: 0000000502 ,https://www.ugc.ac.lk/downloads/Standing%20Committees/2026%20SC%20Meeting%20Schedule.pdf,
phone,pass,Published phone: 0000000082 ,https://www.ugc.ac.lk/downloads/Standing%20Committees/2026%20SC%20Meeting%20Schedule.pdf,
phone,pass,Published phone: 0000000554 ,https://www.ugc.ac.lk/downloads/Standing%20Committees/2026%20SC%20Meeting%20Schedule.pdf,
phone,pass,Published phone: 0000000114 ,https://www.ugc.ac.lk/downloads/Standing%20Committees/2026%20SC%20Meeting%20Schedule.pdf,
phone,pass,Published phone: 0000157778 ,https://www.ugc.ac.lk/downloads/Standing%20Committees/2026%20SC%20Meeting%20Schedule.pdf,
phone,pass,Published phone: 0000000103 ,https://www.ugc.ac.lk/downloads/Standing%20Committees/2026%20SC%20Meeting%20Schedule.pdf,
phone,pass,Published phone: 0000000120 ,https://www.ugc.ac.lk/downloads/Standing%20Committees/2026%20SC%20Meeting%20Schedule.pdf,
phone,pass,Published phone: 0000000268 ,https://www.ugc.ac.lk/downloads/Standing%20Committees/2026%20SC%20Meeting%20Schedule.pdf,
phone,pass,Published phone: 0000000490 ,https://www.ugc.ac.lk/downloads/Standing%20Committees/2026%20SC%20Meeting%20Schedule.pdf,
phone,pass,Published phone: 0000000274 ,https://www.ugc.ac.lk/downloads/Standing%20Committees/2026%20SC%20Meeting%20Schedule.pdf,
phone,pass,Published phone: 0000000534 ,https://www.ugc.ac.lk/downloads/Standing%20Committees/2026%20SC%20Meeting%20Schedule.pdf,
phone,pass,Published phone: 0000000248 ,https://www.ugc.ac.lk/downloads/Standing%20Committees/2026%20SC%20Meeting%20Schedule.pdf,
phone,pass,Published phone: 0000000326 ,https://www.ugc.ac.lk/downloads/Standing%20Committees/2026%20SC%20Meeting%20Schedule.pdf,
phone,pass,Published phone: 0000000159 ,https://www.ugc.ac.lk/downloads/Standing%20Committees/2026%20SC%20Meeting%20Schedule.pdf,
phone,pass,Published phone: 0000000215 ,https://www.ugc.ac.lk/downloads/Standing%20Committees/2026%20SC%20Meeting%20Schedule.pdf,
phone,pass,Published phone: 0000000325 ,https://www.ugc.ac.lk/downloads/Standing%20Committees/2026%20SC%20Meeting%20Schedule.pdf,
phone,pass,Published phone: 0000000441 ,https://www.ugc.ac.lk/downloads/Standing%20Committees/2026%20SC%20Meeting%20Schedule.pdf,
phone,pass,Published phone: 0000000070 ,https://www.ugc.ac.lk/downloads/Standing%20Committees/2026%20SC%20Meeting%20Schedule.pdf,
phone,pass,Published phone: 0000000052 ,https://www.ugc.ac.lk/downloads/Standing%20Committees/2026%20SC%20Meeting%20Schedule.pdf,
phone,pass,Published phone: 0000000493 ,https://www.ugc.ac.lk/downloads/Standing%20Committees/2026%20SC%20Meeting%20Schedule.pdf,
phone,pass,Published phone: 0000000384 ,https://www.ugc.ac.lk/downloads/Standing%20Committees/2026%20SC%20Meeting%20Schedule.pdf,
phone,pass,Published phone: 0000000086 ,https://www.ugc.ac.lk/downloads/Standing%20Committees/2026%20SC%20Meeting%20Schedule.pdf,
phone,pass,Published phone: 0000000363 ,https://www.ugc.ac.lk/downloads/Standing%20Committees/2026%20SC%20Meeting%20Schedule.pdf,
phone,pass,Published phone: 0000000302 ,https://www.ugc.ac.lk/downloads/Standing%20Committees/2026%20SC%20Meeting%20Schedule.pdf,
phone,pass,Published phone: 0000000338 ,https://www.ugc.ac.lk/downloads/Standing%20Committees/2026%20SC%20Meeting%20Schedule.pdf,
phone,pass,Published phone: 0000000024 ,https://www.ugc.ac.lk/downloads/Standing%20Committees/2026%20SC%20Meeting%20Schedule.pdf,
phone,pass,Published phone: 0000000437 ,https://www.ugc.ac.lk/downloads/Standing%20Committees/2026%20SC%20Meeting%20Schedule.pdf,
phone,pass,Published phone: 0000000299 ,https://www.ugc.ac.lk/downloads/Standing%20Committees/2026%20SC%20Meeting%20Schedule.pdf,
phone,pass,Published phone: 0000000046 ,https://www.ugc.ac.lk/downloads/Standing%20Committees/2026%20SC%20Meeting%20Schedule.pdf,
phone,pass,Published phone: 0000000158 ,https://www.ugc.ac.lk/downloads/Standing%20Committees/2026%20SC%20Meeting%20Schedule.pdf,
phone,pass,Published phone: 0000000185 ,https://www.ugc.ac.lk/downloads/Standing%20Committees/2026%20SC%20Meeting%20Schedule.pdf,
phone,pass,Published phone: 0000008190 ,https://www.ugc.ac.lk/downloads/Standing%20Committees/2026%20SC%20Meeting%20Schedule.pdf,
phone,pass,Published phone: 0000000324 ,https://www.ugc.ac.lk/downloads/Standing%20Committees/2026%20SC%20Meeting%20Schedule.pdf,
phone,pass,Published phone: 0000000237 ,https://www.ugc.ac.lk/downloads/Standing%20Committees/2026%20SC%20Meeting%20Schedule.pdf,
phone,pass,Published phone: 0000000535 ,https://www.ugc.ac.lk/downloads/Standing%20Committees/2026%20SC%20Meeting%20Schedule.pdf,
phone,pass,Published phone: 0230664421,https://www.ugc.ac.lk/downloads/admissions/SpecimenForm/2025-2026/Appeals_Form.pdf,
phone,pass,Published phone: 0.0 0.0 595.276 ,https://www.ugc.ac.lk/downloads/admissions/SpecimenForm/2025-2026/Appeals_Form.pdf,
phone,pass,Published phone: 0230664421,https://www.ugc.ac.lk/downloads/admissions/SpecimenForm/2025-2026/Extra_Curricular_Activities.pdf,
phone,pass,Published phone: 0.0 0.0 595.276 ,https://www.ugc.ac.lk/downloads/admissions/SpecimenForm/2025-2026/Extra_Curricular_Activities.pdf,
phone,pass,Published phone: 0800018 0 0 8,https://www.ugc.ac.lk/downloads/admissions/FAQ/Sinhala.pdf,
phone,pass,Published phone: 0800018 0 0 8,https://www.ugc.ac.lk/downloads/admissions/FAQ/Tamil.pdf,
phone,pass,Published phone: 0.0 0.0 612.0 79,https://ugc.ac.lk/attachments/2750_University%20Ambassador%20Registration%20Form-2026%20Sinhala.pdf,
phone,pass,Published phone: 0 1 538 1 541 1 ,https://www.ugc.ac.lk/downloads/admissions/student_registration_25_26/First%20Instruction_%202025-2026.pdf,
phone,pass,Published phone: 0 603 611 656 ,https://www.ugc.ac.lk/downloads/admissions/SpecialNotice/SLC_Notice21_22.pdf,
phone,pass,Published phone: 0 0 0 0 250 0 50,https://www.ugc.ac.lk/downloads/admissions/SpecialNotice/SLC_Notice21_22.pdf,
phone,pass,Published phone: 0 0 722 556 66,https://www.ugc.ac.lk/downloads/admissions/SpecialNotice/SLC_Notice21_22.pdf,
phone,pass,Published phone: 0 0 0 0 0 0 0 0 66,https://www.ugc.ac.lk/downloads/admissions/SpecialNotice/SLC_Notice21_22.pdf,
phone,pass,Published phone: 0000086181 ,https://www.ugc.ac.lk/downloads/admissions/SpecialNotice/SLC_Notice21_22.pdf,
phone,pass,Published phone: 0 0 0 0 250 0 0 0 ,https://www.ugc.ac.lk/downloads/admissions/SpecialNotice/SLC_Notice21_22.pdf,
phone,pass,Published phone: 0000205002 ,https://www.ugc.ac.lk/downloads/admissions/SpecialNotice/SLC_Notice21_22.pdf,
phone,pass,Published phone: 0000043956 ,https://www.ugc.ac.lk/downloads/admissions/SpecialNotice/SLC_Notice21_22.pdf,
phone,pass,Published phone: 0000000036 ,https://www.ugc.ac.lk/downloads/admissions/SpecialNotice/SLC_Notice21_22.pdf,
phone,pass,Published phone: 0000239801 ,https://www.ugc.ac.lk/downloads/admissions/SpecialNotice/SLC_Notice21_22.pdf,
phone,pass,Published phone: 0000085971 ,https://www.ugc.ac.lk/downloads/admissions/SpecialNotice/SLC_Notice21_22.pdf,
phone,pass,Published phone: 0000044823 ,https://www.ugc.ac.lk/downloads/admissions/SpecialNotice/SLC_Notice21_22.pdf,
phone,pass,Published phone: 0000041836 ,https://www.ugc.ac.lk/downloads/admissions/SpecialNotice/SLC_Notice21_22.pdf,
phone,pass,Published phone: 07 611 1100 0 ,https://www.ugc.ac.lk/downloads/admissions/SpecialNotice/SLC_Notice21_22.pdf,
phone,pass,Published phone: 0000239907 ,https://www.ugc.ac.lk/downloads/admissions/SpecialNotice/SLC_Notice21_22.pdf,
phone,pass,Published phone: 0 667 0 0 0 389 ,https://www.ugc.ac.lk/downloads/admissions/SpecialNotice/SLC_Notice21_22.pdf,
phone,pass,Published phone: 0000041582 ,https://www.ugc.ac.lk/downloads/admissions/SpecialNotice/SLC_Notice21_22.pdf,
phone,pass,Published phone: 0 544 470 878 ,https://www.ugc.ac.lk/downloads/admissions/SpecialNotice/SLC_Notice21_22.pdf,
phone,pass,Published phone: 0 287 0 287 0 0 ,https://www.ugc.ac.lk/downloads/admissions/SpecialNotice/SLC_Notice21_22.pdf,
phone,pass,Published phone: 0000052960 ,https://www.ugc.ac.lk/downloads/admissions/SpecialNotice/SLC_Notice21_22.pdf,
phone,pass,Published phone: 0000086500 ,https://www.ugc.ac.lk/downloads/admissions/SpecialNotice/SLC_Notice21_22.pdf,
phone,pass,Published phone: 0000194531 ,https://www.ugc.ac.lk/downloads/admissions/SpecialNotice/SLC_Notice21_22.pdf,
phone,pass,Published phone: 0000000017 ,https://www.ugc.ac.lk/downloads/admissions/SpecialNotice/SLC_Notice21_22.pdf,
phone,pass,Published phone: 0 765 0 926 0 0 ,https://www.ugc.ac.lk/downloads/admissions/SpecialNotice/SLC_Notice21_22.pdf,
phone,pass,Published phone: 0000046173 ,https://www.ugc.ac.lk/downloads/admissions/SpecialNotice/SLC_Notice21_22.pdf,
phone,pass,Published phone: 0000085675 ,https://www.ugc.ac.lk/downloads/admissions/SpecialNotice/SLC_Notice21_22.pdf,
phone,pass,Published phone: 0 500 556 444 ,https://www.ugc.ac.lk/downloads/admissions/SpecialNotice/SLC_Notice21_22.pdf,
phone,pass,Published phone: 00 556 278 0 5,https://www.ugc.ac.lk/downloads/admissions/SpecialNotice/SLC_Notice21_22.pdf,
phone,pass,Published phone: 0 0 0 0 0 0 930 7,https://www.ugc.ac.lk/downloads/admissions/SpecialNotice/SLC_Notice21_22.pdf,
phone,pass,Published phone: 0000085920 ,https://www.ugc.ac.lk/downloads/admissions/SpecialNotice/SLC_Notice21_22.pdf,
phone,pass,Published phone: 0000000035 ,https://www.ugc.ac.lk/downloads/admissions/SpecialNotice/SLC_Notice21_22.pdf,
phone,pass,Published phone: 00 0 444 0 444 ,https://www.ugc.ac.lk/downloads/admissions/SpecialNotice/SLC_Notice21_22.pdf,
phone,pass,Published phone: 0 0 595.32 841.,https://www.ugc.ac.lk/downloads/admissions/SpecialNotice/SLC_Notice21_22.pdf,
phone,pass,Published phone: 0000085172 ,https://www.ugc.ac.lk/downloads/admissions/SpecialNotice/SLC_Notice21_22.pdf,
phone,pass,Published phone: 0000050046 ,https://www.ugc.ac.lk/downloads/admissions/SpecialNotice/SLC_Notice21_22.pdf,
phone,pass,Published phone: 0 0 0 0 0 0 0 0 0 0 ,https://www.ugc.ac.lk/downloads/admissions/SpecialNotice/SLC_Notice21_22.pdf,
phone,pass,Published phone: 0000046477 ,https://www.ugc.ac.lk/downloads/admissions/SpecialNotice/SLC_Notice21_22.pdf,
phone,pass,Published phone: 00 500 0 0 0 0 0 ,https://www.ugc.ac.lk/downloads/admissions/SpecialNotice/SLC_Notice21_22.pdf,
phone,pass,Published phone: 0000000452 ,https://www.ugc.ac.lk/downloads/admissions/SpecialNotice/SLC_Notice21_22.pdf,
phone,pass,Published phone: 0000000019 ,https://www.ugc.ac.lk/downloads/admissions/SpecialNotice/SLC_Notice21_22.pdf,
phone,pass,Published phone: 0000239276 ,https://www.ugc.ac.lk/downloads/admissions/SpecialNotice/SLC_Notice21_22.pdf,
phone,pass,Published phone: 0000085723 ,https://www.ugc.ac.lk/downloads/admissions/SpecialNotice/SLC_Notice21_22.pdf,
phone,pass,Published phone: 0000239695 ,https://www.ugc.ac.lk/downloads/admissions/SpecialNotice/SLC_Notice21_22.pdf,
phone,pass,Published phone: 0 647 676 111 ,https://www.ugc.ac.lk/downloads/admissions/SpecialNotice/SLC_Notice21_22.pdf,
phone,pass,Published phone: 0000002871 ,https://www.ugc.ac.lk/downloads/admissions/SpecialNotice/SLC_Notice21_22.pdf,
phone,pass,Published phone: 0000205888 ,https://www.ugc.ac.lk/downloads/admissions/SpecialNotice/SLC_Notice21_22.pdf,
phone,pass,Published phone: 0000000023 ,https://www.ugc.ac.lk/downloads/admissions/SpecialNotice/SLC_Notice21_22.pdf,
phone,pass,Published phone: 0000205029 ,https://www.ugc.ac.lk/downloads/admissions/SpecialNotice/SLC_Notice21_22.pdf,
phone,pass,Published phone: 0000000034 ,https://www.ugc.ac.lk/downloads/admissions/SpecialNotice/SLC_Notice21_22.pdf,
phone,pass,Published phone: 0 0 0 722 0 0 0 0 ,https://www.ugc.ac.lk/downloads/admissions/SpecialNotice/SLC_Notice21_22.pdf,
phone,pass,Published phone: 0000000028 ,https://www.ugc.ac.lk/downloads/admissions/SpecialNotice/SLC_Notice21_22.pdf,
phone,pass,Published phone: 0000075213 ,https://www.ugc.ac.lk/downloads/admissions/SpecialNotice/SLC_Notice21_22.pdf,
phone,pass,Published phone: 0000004486 ,https://www.ugc.ac.lk/downloads/admissions/SpecialNotice/SLC_Notice21_22.pdf,
phone,pass,Published phone: 0 776 0 248 0 0 ,https://www.ugc.ac.lk/downloads/admissions/SpecialNotice/SLC_Notice21_22.pdf,
phone,pass,Published phone: 0000194508 ,https://www.ugc.ac.lk/downloads/admissions/SpecialNotice/SLC_Notice21_22.pdf,
phone,pass,Published phone: 0 462 0 462 0 5,https://www.ugc.ac.lk/downloads/admissions/SpecialNotice/SLC_Notice21_22.pdf,
phone,pass,Published phone: 0000074675 ,https://www.ugc.ac.lk/downloads/admissions/SpecialNotice/SLC_Notice21_22.pdf,
phone,pass,Published phone: 0000085820 ,https://www.ugc.ac.lk/downloads/admissions/SpecialNotice/SLC_Notice21_22.pdf,
phone,pass,Published phone: 0000088271 ,https://www.ugc.ac.lk/downloads/admissions/SpecialNotice/SLC_Notice21_22.pdf,
phone,pass,Published phone: 0000239119 ,https://www.ugc.ac.lk/downloads/admissions/SpecialNotice/SLC_Notice21_22.pdf,
phone,pass,Published phone: 0000074753 ,https://www.ugc.ac.lk/downloads/admissions/SpecialNotice/SLC_Notice21_22.pdf,
phone,pass,Published phone: 0000000125 ,https://www.ugc.ac.lk/downloads/admissions/SpecialNotice/SLC_Notice21_22.pdf,
phone,pass,Published phone: 0000238750 ,https://www.ugc.ac.lk/downloads/admissions/SpecialNotice/SLC_Notice21_22.pdf,
phone,pass,Published phone: 0000000025 ,https://www.ugc.ac.lk/downloads/admissions/SpecialNotice/SLC_Notice21_22.pdf,
phone,pass,Published phone: 0000000032 ,https://www.ugc.ac.lk/downloads/admissions/SpecialNotice/SLC_Notice21_22.pdf,
phone,pass,Published phone: 0 500 500 500,https://www.ugc.ac.lk/downloads/admissions/SpecialNotice/SLC_Notice21_22.pdf,
phone,pass,Published phone: 0000052798 ,https://www.ugc.ac.lk/downloads/admissions/SpecialNotice/SLC_Notice21_22.pdf,
phone,pass,Published phone: 0000239013 ,https://www.ugc.ac.lk/downloads/admissions/SpecialNotice/SLC_Notice21_22.pdf,
phone,pass,Published phone: 0000004205 ,https://www.ugc.ac.lk/downloads/admissions/SpecialNotice/SLC_Notice21_22.pdf,
phone,pass,Published phone: 0000053280 ,https://www.ugc.ac.lk/downloads/admissions/SpecialNotice/SLC_Notice21_22.pdf,
phone,pass,Published phone: 0 0 667 0 722 7,https://www.ugc.ac.lk/downloads/admissions/SpecialNotice/SLC_Notice21_22.pdf,
phone,pass,Published phone: 0000129773 ,https://www.ugc.ac.lk/downloads/admissions/SpecialNotice/SLC_Notice21_22.pdf,
phone,pass,Published phone: 0000050140 ,https://www.ugc.ac.lk/downloads/admissions/SpecialNotice/SLC_Notice21_22.pdf,
phone,pass,Published phone: 00 500 500 33,https://www.ugc.ac.lk/downloads/admissions/SpecialNotice/SLC_Notice21_22.pdf,
phone,pass,Published phone: 0000088592 ,https://www.ugc.ac.lk/downloads/admissions/SpecialNotice/SLC_Notice21_22.pdf,
phone,pass,Published phone: 0000085869 ,https://www.ugc.ac.lk/downloads/admissions/SpecialNotice/SLC_Notice21_22.pdf,
phone,pass,Published phone: 0000194253 ,https://www.ugc.ac.lk/downloads/admissions/SpecialNotice/SLC_Notice21_22.pdf,
phone,pass,Published phone: 0000239225 ,https://www.ugc.ac.lk/downloads/admissions/SpecialNotice/SLC_Notice21_22.pdf,
phone,pass,Published phone: 0 0 0 0 0 667 55,https://www.ugc.ac.lk/downloads/admissions/SpecialNotice/SLC_Notice21_22.pdf,
phone,pass,Published phone: 017 0 835 542 ,https://www.ugc.ac.lk/downloads/admissions/SpecialNotice/SLC_Notice21_22.pdf,
phone,pass,Published phone: 0000206148 ,https://www.ugc.ac.lk/downloads/admissions/SpecialNotice/SLC_Notice21_22.pdf,
phone,pass,Published phone: 0000238853 ,https://www.ugc.ac.lk/downloads/admissions/SpecialNotice/SLC_Notice21_22.pdf,
phone,pass,Published phone: 0000000021 ,https://www.ugc.ac.lk/downloads/admissions/SpecialNotice/SLC_Notice21_22.pdf,
phone,pass,Published phone: 0000053029 ,https://www.ugc.ac.lk/downloads/admissions/SpecialNotice/SLC_Notice21_22.pdf,
phone,pass,Published phone: 0000175448 ,https://www.ugc.ac.lk/downloads/admissions/SpecialNotice/SLC_Notice21_22.pdf,
phone,pass,Published phone: 0000239854 ,https://www.ugc.ac.lk/downloads/admissions/SpecialNotice/SLC_Notice21_22.pdf,
phone,pass,Published phone: 0000239589 ,https://www.ugc.ac.lk/downloads/admissions/SpecialNotice/SLC_Notice21_22.pdf,
phone,pass,Published phone: 091 571 895 2 ,https://www.ugc.ac.lk/downloads/admissions/SpecialNotice/SLC_Notice21_22.pdf,
phone,pass,Published phone: 0000085483 ,https://www.ugc.ac.lk/downloads/admissions/SpecialNotice/SLC_Notice21_22.pdf,
phone,pass,Published phone: 0000239380 ,https://www.ugc.ac.lk/downloads/admissions/SpecialNotice/SLC_Notice21_22.pdf,
phone,pass,Published phone: 0000085579 ,https://www.ugc.ac.lk/downloads/admissions/SpecialNotice/SLC_Notice21_22.pdf,
phone,pass,Published phone: 0000238803 ,https://www.ugc.ac.lk/downloads/admissions/SpecialNotice/SLC_Notice21_22.pdf,
phone,pass,Published phone: 0000044998 ,https://www.ugc.ac.lk/downloads/admissions/SpecialNotice/SLC_Notice21_22.pdf,
phone,pass,Published phone: 0000085771 ,https://www.ugc.ac.lk/downloads/admissions/SpecialNotice/SLC_Notice21_22.pdf,
phone,pass,Published phone: 00 444 333 50,https://www.ugc.ac.lk/downloads/admissions/SpecialNotice/SLC_Notice21_22.pdf,
phone,pass,Published phone: 0000239174 ,https://www.ugc.ac.lk/downloads/admissions/SpecialNotice/SLC_Notice21_22.pdf,
phone,pass,Published phone: 0000000026 ,https://www.ugc.ac.lk/downloads/admissions/SpecialNotice/SLC_Notice21_22.pdf,
phone,pass,Published phone: 0000000018 ,https://www.ugc.ac.lk/downloads/admissions/SpecialNotice/SLC_Notice21_22.pdf,
phone,pass,Published phone: 0 0 802 938 71,https://www.ugc.ac.lk/downloads/admissions/SpecialNotice/SLC_Notice21_22.pdf,
phone,pass,Published phone: 0000238904 ,https://www.ugc.ac.lk/downloads/admissions/SpecialNotice/SLC_Notice21_22.pdf,
phone,pass,Published phone: 0000045655 ,https://www.ugc.ac.lk/downloads/admissions/SpecialNotice/SLC_Notice21_22.pdf,
phone,pass,Published phone: 0000053353 ,https://www.ugc.ac.lk/downloads/admissions/SpecialNotice/SLC_Notice21_22.pdf,
phone,pass,Published phone: 0000085435 ,https://www.ugc.ac.lk/downloads/admissions/SpecialNotice/SLC_Notice21_22.pdf,
phone,pass,Published phone: 0000175501 ,https://www.ugc.ac.lk/downloads/admissions/SpecialNotice/SLC_Notice21_22.pdf,
phone,pass,Published phone: 0000075503 ,https://www.ugc.ac.lk/downloads/admissions/SpecialNotice/SLC_Notice21_22.pdf,
phone,pass,Published phone: 0 1 00000000,https://www.ugc.ac.lk/downloads/admissions/SpecialNotice/SLC_Notice21_22.pdf,
phone,pass,Published phone: 0000000020 ,https://www.ugc.ac.lk/downloads/admissions/SpecialNotice/SLC_Notice21_22.pdf,
phone,pass,Published phone: 0000239432 ,https://www.ugc.ac.lk/downloads/admissions/SpecialNotice/SLC_Notice21_22.pdf,
phone,pass,Published phone: 0000205818 ,https://www.ugc.ac.lk/downloads/admissions/SpecialNotice/SLC_Notice21_22.pdf,
phone,pass,Published phone: 0000000031 ,https://www.ugc.ac.lk/downloads/admissions/SpecialNotice/SLC_Notice21_22.pdf,
phone,pass,Published phone: 0000000033 ,https://www.ugc.ac.lk/downloads/admissions/SpecialNotice/SLC_Notice21_22.pdf,
phone,pass,Published phone: 0000044267 ,https://www.ugc.ac.lk/downloads/admissions/SpecialNotice/SLC_Notice21_22.pdf,
phone,pass,Published phone: 0000129071 ,https://www.ugc.ac.lk/downloads/admissions/SpecialNotice/SLC_Notice21_22.pdf,
phone,pass,Published phone: 0000001743 ,https://www.ugc.ac.lk/downloads/admissions/SpecialNotice/SLC_Notice21_22.pdf,
phone,pass,Published phone: 0000003140 ,https://www.ugc.ac.lk/downloads/admissions/SpecialNotice/SLC_Notice21_22.pdf,
phone,pass,Published phone: 010 2023-01-2,https://www.ugc.ac.lk/downloads/admissions/SpecialNotice/SLC_Notice21_22.pdf,
phone,pass,Published phone: 0 0 250 0 250 0 ,https://www.ugc.ac.lk/downloads/admissions/SpecialNotice/SLC_Notice21_22.pdf,
phone,pass,Published phone: 0 444 500 444 ,https://www.ugc.ac.lk/downloads/admissions/SpecialNotice/SLC_Notice21_22.pdf,
phone,pass,Published phone: 0 3 00000000,https://www.ugc.ac.lk/downloads/admissions/SpecialNotice/SLC_Notice21_22.pdf,
phone,pass,Published phone: 0000045485 ,https://www.ugc.ac.lk/downloads/admissions/SpecialNotice/SLC_Notice21_22.pdf,
phone,pass,Published phone: 0000206486 ,https://www.ugc.ac.lk/downloads/admissions/SpecialNotice/SLC_Notice21_22.pdf,
phone,pass,Published phone: 0000004785 ,https://www.ugc.ac.lk/downloads/admissions/SpecialNotice/SLC_Notice21_22.pdf,
phone,pass,Published phone: 0000129941 ,https://www.ugc.ac.lk/downloads/admissions/SpecialNotice/SLC_Notice21_22.pdf,
phone,pass,Published phone: 0000046343 ,https://www.ugc.ac.lk/downloads/admissions/SpecialNotice/SLC_Notice21_22.pdf,
phone,pass,Published phone: 08 604 656 60,https://www.ugc.ac.lk/downloads/admissions/SpecialNotice/SLC_Notice21_22.pdf,
phone,pass,Published phone: 0000044332 ,https://www.ugc.ac.lk/downloads/admissions/SpecialNotice/SLC_Notice21_22.pdf,
phone,pass,Published phone: 0000239484 ,https://www.ugc.ac.lk/downloads/admissions/SpecialNotice/SLC_Notice21_22.pdf,
phone,pass,Published phone: 0000238697 ,https://www.ugc.ac.lk/downloads/admissions/SpecialNotice/SLC_Notice21_22.pdf,
phone,pass,Published phone: 0000085325 ,https://www.ugc.ac.lk/downloads/admissions/SpecialNotice/SLC_Notice21_22.pdf,
phone,pass,Published phone: 0000002337 ,https://www.ugc.ac.lk/downloads/admissions/SpecialNotice/SLC_Notice21_22.pdf,
phone,pass,Published phone: 0 0 0 0 0 916 0 0 ,https://www.ugc.ac.lk/downloads/admissions/SpecialNotice/SLC_Notice21_22.pdf,
phone,pass,Published phone: 0 556 0 0 556 4,https://www.ugc.ac.lk/downloads/admissions/SpecialNotice/SLC_Notice21_22.pdf,
phone,pass,Published phone: 0000000030 ,https://www.ugc.ac.lk/downloads/admissions/SpecialNotice/SLC_Notice21_22.pdf,
phone,pass,Published phone: 0000000000 ,https://www.ugc.ac.lk/downloads/admissions/SpecialNotice/SLC_Notice21_22.pdf,
phone,pass,Published phone: 0000042115 ,https://www.ugc.ac.lk/downloads/admissions/SpecialNotice/SLC_Notice21_22.pdf,
phone,pass,Published phone: 00 278 778 50,https://www.ugc.ac.lk/downloads/admissions/SpecialNotice/SLC_Notice21_22.pdf,
phone,pass,Published phone: 0 0 0 0 0 734 0 0 ,https://www.ugc.ac.lk/downloads/admissions/SpecialNotice/SLC_Notice21_22.pdf,
phone,pass,Published phone: 0 0 277 0 0 0 0 0 ,https://www.ugc.ac.lk/downloads/admissions/SpecialNotice/SLC_Notice21_22.pdf,
phone,pass,Published phone: 00 500 500 50,https://www.ugc.ac.lk/downloads/admissions/SpecialNotice/SLC_Notice21_22.pdf,
phone,pass,Published phone: 0000000029 ,https://www.ugc.ac.lk/downloads/admissions/SpecialNotice/SLC_Notice21_22.pdf,
phone,pass,Published phone: 0000002164 ,https://www.ugc.ac.lk/downloads/admissions/SpecialNotice/SLC_Notice21_22.pdf,
phone,pass,Published phone: 0000002901 ,https://www.ugc.ac.lk/downloads/admissions/SpecialNotice/SLC_Notice21_22.pdf,
phone,pass,Published phone: 0 0 0 0 930 0 0 0 ,https://www.ugc.ac.lk/downloads/admissions/SpecialNotice/SLC_Notice21_22.pdf,
phone,pass,Published phone: 0 500 0 0 0 556 ,https://www.ugc.ac.lk/downloads/admissions/SpecialNotice/SLC_Notice21_22.pdf,
phone,pass,Published phone: 0 43 0000000,https://www.ugc.ac.lk/downloads/admissions/SpecialNotice/SLC_Notice21_22.pdf,
phone,pass,Published phone: 0000044652 ,https://www.ugc.ac.lk/downloads/admissions/SpecialNotice/SLC_Notice21_22.pdf,
phone,pass,Published phone: 0000130011 ,https://www.ugc.ac.lk/downloads/admissions/SpecialNotice/SLC_Notice21_22.pdf,
phone,pass,Published phone: 0000000022 ,https://www.ugc.ac.lk/downloads/admissions/SpecialNotice/SLC_Notice21_22.pdf,
phone,pass,Published phone: 00 500 722 0 5,https://www.ugc.ac.lk/downloads/admissions/SpecialNotice/SLC_Notice21_22.pdf,
phone,pass,Published phone: 0000052479 ,https://www.ugc.ac.lk/downloads/admissions/SpecialNotice/SLC_Notice21_22.pdf,
phone,pass,Published phone: 0000175204 ,https://www.ugc.ac.lk/downloads/admissions/SpecialNotice/SLC_Notice21_22.pdf,
phone,pass,Published phone: 0000085627 ,https://www.ugc.ac.lk/downloads/admissions/SpecialNotice/SLC_Notice21_22.pdf,
phone,pass,Published phone: 0000130255 ,https://www.ugc.ac.lk/downloads/admissions/SpecialNotice/SLC_Notice21_22.pdf,
phone,pass,Published phone: 0000239642 ,https://www.ugc.ac.lk/downloads/admissions/SpecialNotice/SLC_Notice21_22.pdf,
phone,pass,Published phone: 0000045997 ,https://www.ugc.ac.lk/downloads/admissions/SpecialNotice/SLC_Notice21_22.pdf,
phone,pass,Published phone: 0000003396 ,https://www.ugc.ac.lk/downloads/admissions/SpecialNotice/SLC_Notice21_22.pdf,
phone,pass,Published phone: 0000239064 ,https://www.ugc.ac.lk/downloads/admissions/SpecialNotice/SLC_Notice21_22.pdf,
phone,pass,Published phone: 0000074969 ,https://www.ugc.ac.lk/downloads/admissions/SpecialNotice/SLC_Notice21_22.pdf,
phone,pass,Published phone: 0 0 250 333 25,https://www.ugc.ac.lk/downloads/admissions/SpecialNotice/SLC_Notice21_22.pdf,
phone,pass,Published phone: 08 656 431 65,https://www.ugc.ac.lk/downloads/admissions/SpecialNotice/SLC_Notice21_22.pdf,
phone,pass,Published phone: 0000003066 ,https://www.ugc.ac.lk/downloads/admissions/SpecialNotice/SLC_Notice21_22.pdf,
phone,pass,Published phone: 0000045134 ,https://www.ugc.ac.lk/downloads/admissions/SpecialNotice/SLC_Notice21_22.pdf,
phone,pass,Published phone: 0000001921 ,https://www.ugc.ac.lk/downloads/admissions/SpecialNotice/SLC_Notice21_22.pdf,
phone,pass,Published phone: 0000044147 ,https://www.ugc.ac.lk/downloads/admissions/SpecialNotice/SLC_Notice21_22.pdf,
phone,pass,Published phone: 0000113897 ,https://www.ugc.ac.lk/downloads/admissions/SpecialNotice/SLC_Notice21_22.pdf,
phone,pass,Published phone: 0000239748 ,https://www.ugc.ac.lk/downloads/admissions/SpecialNotice/SLC_Notice21_22.pdf,
phone,pass,Published phone: 0000129045 ,https://www.ugc.ac.lk/downloads/admissions/SpecialNotice/SLC_Notice21_22.pdf,
phone,pass,Published phone: 0000002575 ,https://www.ugc.ac.lk/downloads/admissions/SpecialNotice/SLC_Notice21_22.pdf,
phone,pass,Published phone: 0000045830 ,https://www.ugc.ac.lk/downloads/admissions/SpecialNotice/SLC_Notice21_22.pdf,
phone,pass,Published phone: 0000114115 ,https://www.ugc.ac.lk/downloads/admissions/SpecialNotice/SLC_Notice21_22.pdf,
phone,pass,Published phone: 0000205645 ,https://www.ugc.ac.lk/downloads/admissions/SpecialNotice/SLC_Notice21_22.pdf,
phone,pass,Published phone: 0000050232 ,https://www.ugc.ac.lk/downloads/admissions/SpecialNotice/SLC_Notice21_22.pdf,
phone,pass,Published phone: 0000088614 ,https://www.ugc.ac.lk/downloads/admissions/SpecialNotice/SLC_Notice21_22.pdf,
phone,pass,Published phone: 0000052504 ,https://www.ugc.ac.lk/downloads/admissions/SpecialNotice/SLC_Notice21_22.pdf,
phone,pass,Published phone: 0 0 500 500 50,https://www.ugc.ac.lk/downloads/admissions/SpecialNotice/SLC_Notice21_22.pdf,
phone,pass,Published phone: 0 278 778 500 ,https://www.ugc.ac.lk/downloads/admissions/SpecialNotice/SLC_Notice21_22.pdf,
phone,pass,Published phone: 0 0 0 0 0 0 0 0 0 5,https://www.ugc.ac.lk/downloads/admissions/SpecialNotice/SLC_Notice21_22.pdf,
phone,pass,Published phone: 03 00000445,https://www.ugc.ac.lk/downloads/admissions/SpecialNotice/SLC_Notice21_22.pdf,
phone,pass,Published phone: 0000239328 ,https://www.ugc.ac.lk/downloads/admissions/SpecialNotice/SLC_Notice21_22.pdf,
phone,pass,Published phone: 00 444 500 44,https://www.ugc.ac.lk/downloads/admissions/SpecialNotice/SLC_Notice21_22.pdf,
phone,pass,Published phone: 0000045313 ,https://www.ugc.ac.lk/downloads/admissions/SpecialNotice/SLC_Notice21_22.pdf,
phone,pass,Published phone: 0000085531 ,https://www.ugc.ac.lk/downloads/admissions/SpecialNotice/SLC_Notice21_22.pdf,
phone,pass,Published phone: 0 500 500 500 ,https://www.ugc.ac.lk/downloads/admissions/SpecialNotice/SLC_Notice21_22.pdf,
phone,pass,Published phone: 0000088249 ,https://www.ugc.ac.lk/downloads/admissions/SpecialNotice/SLC_Notice21_22.pdf,
phone,pass,Published phone: 0000088353 ,https://www.ugc.ac.lk/downloads/admissions/SpecialNotice/SLC_Notice21_22.pdf,
phone,pass,Published phone: 00 556 556 44,https://www.ugc.ac.lk/downloads/admissions/SpecialNotice/SLC_Notice21_22.pdf,
phone,pass,Published phone: 0000050578 ,https://www.ugc.ac.lk/downloads/admissions/SpecialNotice/SLC_Notice21_22.pdf,
phone,pass,Published phone: 0000086022 ,https://www.ugc.ac.lk/downloads/admissions/SpecialNotice/SLC_Notice21_22.pdf,
phone,pass,Published phone: 0 0 585 410 0 0 ,https://www.ugc.ac.lk/downloads/admissions/SpecialNotice/SLC_Notice21_22.pdf,
phone,pass,Published phone: 0 500 278 0 50,https://www.ugc.ac.lk/downloads/admissions/SpecialNotice/SLC_Notice21_22.pdf,
phone,pass,Published phone: 0000000024 ,https://www.ugc.ac.lk/downloads/admissions/SpecialNotice/SLC_Notice21_22.pdf,
phone,pass,Published phone: 0 0 0 585 287 0 ,https://www.ugc.ac.lk/downloads/admissions/SpecialNotice/SLC_Notice21_22.pdf,
phone,pass,Published phone: 0000043647 ,https://www.ugc.ac.lk/downloads/admissions/SpecialNotice/SLC_Notice21_22.pdf,
phone,pass,Published phone: 0000130692 ,https://www.ugc.ac.lk/downloads/admissions/SpecialNotice/SLC_Notice21_22.pdf,
phone,pass,Published phone: 0000002734 ,https://www.ugc.ac.lk/downloads/admissions/SpecialNotice/SLC_Notice21_22.pdf,
phone,pass,Published phone: 0000239960 ,https://www.ugc.ac.lk/downloads/admissions/SpecialNotice/SLC_Notice21_22.pdf,
phone,pass,Published phone: 0000000181 ,https://www.ugc.ac.lk/downloads/admissions/SpecialNotice/SLC_Notice21_22.pdf,
phone,pass,Published phone: 0000000027 ,https://www.ugc.ac.lk/downloads/admissions/SpecialNotice/SLC_Notice21_22.pdf,
phone,pass,Published phone: 0000050300 ,https://www.ugc.ac.lk/downloads/admissions/SpecialNotice/SLC_Notice21_22.pdf,
phone,pass,Published phone: 0000238415 ,https://www.ugc.ac.lk/downloads/admissions/SpecialNotice/SLC_Notice21_22.pdf,
phone,pass,Published phone: 0000238569 ,https://www.ugc.ac.lk/downloads/admissions/SpecialNotice/SLC_Notice21_22.pdf,
phone,pass,Published phone: 0000239536 ,https://www.ugc.ac.lk/downloads/admissions/SpecialNotice/SLC_Notice21_22.pdf,
phone,pass,Published phone: 0000113639 ,https://www.ugc.ac.lk/downloads/admissions/SpecialNotice/SLC_Notice21_22.pdf,
page_text,pass,Substantive page content: 489124 visible characters across 12 pages,https://www.ugc.ac.lk/,
